{"type":"FeatureCollection","features":[{"type":"Feature","geometry":{"type":"LineString","coordinates":[[13.5043484,43.6147074],[13.5044082,43.6147464]]},"properties":{"site":"ancona","name":"","highway":"service"}},{"type":"Feature","geometry":{"type":"LineString","coordinates":[[13.5041179,43.6136468],[13.5041366,43.6136719],[13.5041918,43.6137461],[13.5047247,43.6144084],[13.5043484,43.6147074],[13.5039852,43.6150003],[13.503021,43.6146744],[13.5031238,43.6139041],[13.5041918,43.6137461]]},"properties":{"site":"ancona","name":"Canalone Spanditori","highway":"service"}},{"type":"Feature","geometry":{"type":"LineString","coordinates":[[13.5054367,43.6158235],[13.5053284,43.6157669],[13.5051549,43.6156725],[13.5050662,43.6156304],[13.5049147,43.6155514],[13.5048892,43.6155381],[13.5048582,43.6155178],[13.5048076,43.6154733],[13.5047766,43.6154363],[13.5047576,43.6154036],[13.5047406,43.6153679],[13.5047309,43.6153278],[13.5047309,43.6152837],[13.5047358,43.6152397],[13.5047485,43.6152048],[13.5047661,43.6151694],[13.5047989,43.6151172],[13.5048327,43.6150666],[13.504862,43.6150284],[13.5048696,43.6150185],[13.5049138,43.614974],[13.5051002,43.614807]]},"properties":{"site":"ancona","name":"Largo Caduti sul Mare","highway":"footway"}},{"type":"Feature","geometry":{"type":"LineString","coordinates":[[13.5128375,43.6179622],[13.5122186,43.6181228],[13.5120537,43.6181634],[13.5116057,43.6182834],[13.5113438,43.6183501],[13.5110997,43.6184107],[13.5107388,43.6185002],[13.5105588,43.6185499],[13.5103723,43.6185954],[13.5100006,43.6186891],[13.509981,43.6186952],[13.5099386,43.6187084]]},"properties":{"site":"ancona","name":"Corso Giuseppe Garibaldi","highway":"pedestrian"}},{"type":"Feature","geometry":{"type":"LineString","coordinates":[[13.5140926,43.6232405],[13.5148158,43.623041],[13.5151738,43.6229462],[13.5155125,43.6228565],[13.5155984,43.6228534],[13.5156178,43.622857],[13.5156812,43.6228688],[13.5158165,43.6228952],[13.5160288,43.6228875],[13.5161779,43.6228705],[13.5162404,43.6228533],[13.5162791,43.6228235],[13.5162787,43.622782],[13.5162167,43.622645],[13.5159651,43.6220752]]},"properties":{"site":"ancona","name":"Via del Cardeto","highway":"service"}},{"type":"Feature","geometry":{"type":"LineString","coordinates":[[13.5120537,43.6181634],[13.5120316,43.6181049]]},"properties":{"site":"ancona","name":"Via Giacomo Leopardi","highway":"pedestrian"}},{"type":"Feature","geometry":{"type":"LineString","coordinates":[[13.5122629,43.6167757],[13.5122002,43.6166605]]},"properties":{"site":"ancona","name":"Via Torrioni","highway":"steps"}},{"type":"Feature","geometry":{"type":"LineString","coordinates":[[13.513514,43.6182649],[13.5135414,43.618306],[13.5134737,43.6183156],[13.5134021,43.6183294],[13.5133184,43.6183464],[13.5132445,43.6183615],[13.5131679,43.6183771],[13.5131028,43.6183904],[13.5130757,43.6183959],[13.5130221,43.6183968],[13.5129972,43.6183525],[13.512989,43.6183379],[13.5129501,43.6182613],[13.5129259,43.6182],[13.5128564,43.6180238],[13.5128375,43.6179622],[13.5128084,43.6179055],[13.5126872,43.6176369],[13.5125826,43.6174401],[13.5126184,43.6174284],[13.5130676,43.6172815],[13.5131111,43.6172673],[13.5131368,43.6173296],[13.5131942,43.6174689],[13.5132138,43.6175125],[13.5132342,43.6175567],[13.5132425,43.6175762],[13.5132525,43.6175999],[13.513263,43.6176246],[13.5132769,43.6176574],[13.5133261,43.6177731],[13.5133445,43.6178304],[13.5133575,43.6178879],[13.5133823,43.6179476],[13.5134402,43.6180871],[13.5134754,43.6181718],[13.513487,43.6181999],[13.5134995,43.6182299],[13.513514,43.6182649]]},"properties":{"site":"ancona","name":"Piazza Roma","highway":"pedestrian"}},{"type":"Feature","geometry":{"type":"LineString","coordinates":[[13.5179618,43.6198326],[13.518373,43.6208023],[13.518074,43.6208902],[13.517745,43.6209975],[13.5175671,43.6210471],[13.5173766,43.6210261],[13.5170667,43.6210284],[13.5169776,43.6210319],[13.5169246,43.6210097],[13.5165463,43.620129]]},"properties":{"site":"ancona","name":"","highway":"service"}},{"type":"Feature","geometry":{"type":"LineString","coordinates":[[13.5109502,43.6196108],[13.5109342,43.6194294],[13.510908,43.619327],[13.5108952,43.6192798],[13.5109056,43.6191127],[13.5109093,43.6190748],[13.5108928,43.6189551],[13.5108704,43.6189303]]},"properties":{"site":"ancona","name":"Via degli Orefici","highway":"pedestrian"}},{"type":"Feature","geometry":{"type":"LineString","coordinates":[[13.5151619,43.6179514],[13.514985,43.6174754],[13.5149624,43.6174223]]},"properties":{"site":"ancona","name":"Via Castelfidardo","highway":"pedestrian"}},{"type":"Feature","geometry":{"type":"LineString","coordinates":[[13.5106364,43.619683],[13.5106148,43.6196859],[13.5098301,43.6198759]]},"properties":{"site":"ancona","name":"Via degli Aranci","highway":"pedestrian"}},{"type":"Feature","geometry":{"type":"LineString","coordinates":[[13.5124734,43.6196785],[13.5127316,43.619949],[13.5127881,43.6199851]]},"properties":{"site":"ancona","name":"Via Scosciacavalli","highway":"steps"}},{"type":"Feature","geometry":{"type":"LineString","coordinates":[[13.5144636,43.6210861],[13.5139264,43.6211772],[13.5131774,43.6212681]]},"properties":{"site":"ancona","name":"Vicolo San Gaetano","highway":"pedestrian"}},{"type":"Feature","geometry":{"type":"LineString","coordinates":[[13.5138624,43.6218188],[13.5138327,43.62155],[13.5135692,43.62146],[13.5133324,43.6214022],[13.5131958,43.6213835]]},"properties":{"site":"ancona","name":"Vicolo del Solitario","highway":"pedestrian"}},{"type":"Feature","geometry":{"type":"LineString","coordinates":[[13.5125141,43.6220507],[13.5125719,43.6221021],[13.5128104,43.6222327],[13.5130725,43.6223375],[13.513222,43.6224449]]},"properties":{"site":"ancona","name":"Via dell'Ospizio","highway":"steps"}},{"type":"Feature","geometry":{"type":"LineString","coordinates":[[13.5114789,43.6212666],[13.5118956,43.6212864]]},"properties":{"site":"ancona","name":"Scale San Francesco","highway":"steps"}},{"type":"Feature","geometry":{"type":"LineString","coordinates":[[13.5118663,43.6215046],[13.5118538,43.6215539],[13.5119621,43.62158],[13.5122376,43.6216841],[13.5125948,43.6219041]]},"properties":{"site":"ancona","name":"Scale San Francesco","highway":"steps"}},{"type":"Feature","geometry":{"type":"LineString","coordinates":[[13.5106176,43.623739],[13.5106234,43.6238],[13.5105433,43.6239392],[13.5104196,43.6239563]]},"properties":{"site":"ancona","name":"Scalone Nappi","highway":"steps"}},{"type":"Feature","geometry":{"type":"LineString","coordinates":[[13.5111326,43.6190489],[13.5111461,43.6190402],[13.5113315,43.6189623],[13.511439,43.6189305],[13.5115655,43.6189035],[13.5115875,43.6188902]]},"properties":{"site":"ancona","name":"","highway":"pedestrian"}},{"type":"Feature","geometry":{"type":"LineString","coordinates":[[13.5115266,43.6186804],[13.5115875,43.6188902],[13.5116174,43.6190282]]},"properties":{"site":"ancona","name":"Via Padre Guido Costantini","highway":"pedestrian"}},{"type":"Feature","geometry":{"type":"LineString","coordinates":[[13.5116174,43.6190282],[13.5114073,43.6190792],[13.5111735,43.619148]]},"properties":{"site":"ancona","name":"Via Buoncompagno","highway":"pedestrian"}},{"type":"Feature","geometry":{"type":"LineString","coordinates":[[13.5110392,43.6189742],[13.5111326,43.6190489],[13.5111735,43.619148],[13.5111787,43.6192477],[13.511225,43.6193559],[13.5113187,43.6195052]]},"properties":{"site":"ancona","name":"Via della Beccheria","highway":"pedestrian"}},{"type":"Feature","geometry":{"type":"LineString","coordinates":[[13.5111835,43.6187685],[13.5111654,43.6186925],[13.51115,43.6185337],[13.5111264,43.6184677]]},"properties":{"site":"ancona","name":"Via del Gallo","highway":"pedestrian"}},{"type":"Feature","geometry":{"type":"LineString","coordinates":[[13.5110997,43.6184107],[13.5110723,43.6183526]]},"properties":{"site":"ancona","name":"Via del Traffico","highway":"pedestrian"}},{"type":"Feature","geometry":{"type":"LineString","coordinates":[[13.5107388,43.6185002],[13.5107814,43.6185543],[13.5109667,43.6188864]]},"properties":{"site":"ancona","name":"Via Lata","highway":"pedestrian"}},{"type":"Feature","geometry":{"type":"LineString","coordinates":[[13.5113621,43.6187069],[13.5113641,43.6185212],[13.5113504,43.6184102]]},"properties":{"site":"ancona","name":"Via dei Simonetti","highway":"pedestrian"}},{"type":"Feature","geometry":{"type":"LineString","coordinates":[[13.5100741,43.6184193],[13.5102143,43.6183714],[13.5102995,43.6184653]]},"properties":{"site":"ancona","name":"Via del Traffico","highway":"pedestrian"}},{"type":"Feature","geometry":{"type":"LineString","coordinates":[[13.5116057,43.6182834],[13.5115877,43.6182134],[13.5115391,43.6180774]]},"properties":{"site":"ancona","name":"Via Don Antonio Gioia","highway":"pedestrian"}},{"type":"Feature","geometry":{"type":"LineString","coordinates":[[13.5116992,43.6186524],[13.511621,43.6183411],[13.5116057,43.6182834]]},"properties":{"site":"ancona","name":"Via San Biagio","highway":"pedestrian"}},{"type":"Feature","geometry":{"type":"LineString","coordinates":[[13.5105387,43.6165661],[13.5103326,43.6167116],[13.5101529,43.6167941],[13.5099583,43.6165895],[13.509809,43.6166678]]},"properties":{"site":"ancona","name":"Via Francesco Podesti","highway":"service"}},{"type":"Feature","geometry":{"type":"LineString","coordinates":[[13.5093884,43.6167785],[13.5097443,43.6165896]]},"properties":{"site":"ancona","name":"Vicolo Malacari","highway":"pedestrian"}},{"type":"Feature","geometry":{"type":"LineString","coordinates":[[13.5094074,43.6167947],[13.5094296,43.6168136]]},"properties":{"site":"ancona","name":"Vicolo San Spiridione","highway":"pedestrian"}},{"type":"Feature","geometry":{"type":"LineString","coordinates":[[13.5092111,43.6167827],[13.509324,43.6169044],[13.509586,43.6171801],[13.5097148,43.6172772],[13.509827,43.6173443],[13.5101418,43.6175673],[13.5101813,43.617597],[13.5103757,43.6177369]]},"properties":{"site":"ancona","name":"Via Bagno","highway":"pedestrian"}},{"type":"Feature","geometry":{"type":"LineString","coordinates":[[13.5073976,43.6142633],[13.5072795,43.6143281],[13.5071868,43.6143968],[13.5072571,43.6145318],[13.5073644,43.6147378]]},"properties":{"site":"ancona","name":"Piazza Antonio da Sangallo","highway":"footway"}},{"type":"Feature","geometry":{"type":"LineString","coordinates":[[13.5152383,43.6153081],[13.5152028,43.6152276]]},"properties":{"site":"ancona","name":"Largo Donatori di Sangue","highway":"steps"}},{"type":"Feature","geometry":{"type":"LineString","coordinates":[[13.5174446,43.614922],[13.5173078,43.6146359]]},"properties":{"site":"ancona","name":"","highway":"steps"}},{"type":"Feature","geometry":{"type":"LineString","coordinates":[[13.5201399,43.6155081],[13.5200701,43.6153295],[13.5200327,43.615252],[13.5200086,43.6152218],[13.5199695,43.6151956],[13.5199269,43.6151781],[13.5198717,43.6151702],[13.5198045,43.6151741],[13.5197375,43.6151874],[13.5194971,43.6152494]]},"properties":{"site":"ancona","name":"Via Piave","highway":"service"}},{"type":"Feature","geometry":{"type":"LineString","coordinates":[[13.5207542,43.6142587],[13.5207132,43.6139716],[13.5210958,43.6139353]]},"properties":{"site":"ancona","name":"","highway":"service"}},{"type":"Feature","geometry":{"type":"LineString","coordinates":[[13.5132277,43.6145608],[13.5135988,43.6144669],[13.513825,43.6144322]]},"properties":{"site":"ancona","name":"Via Vittorio Veneto","highway":"service"}},{"type":"Feature","geometry":{"type":"LineString","coordinates":[[13.5157869,43.614779],[13.5157732,43.6147104],[13.5158633,43.6146361],[13.5159369,43.6145714]]},"properties":{"site":"ancona","name":"","highway":"steps"}},{"type":"Feature","geometry":{"type":"LineString","coordinates":[[13.5140549,43.6159618],[13.5139335,43.6156896]]},"properties":{"site":"ancona","name":"Via San Martino","highway":"steps"}},{"type":"Feature","geometry":{"type":"LineString","coordinates":[[13.5130221,43.6183968],[13.5131002,43.6185325]]},"properties":{"site":"ancona","name":"Via Alessandro Zappata","highway":"steps"}},{"type":"Feature","geometry":{"type":"LineString","coordinates":[[13.5130693,43.6201565],[13.5137624,43.6206343]]},"properties":{"site":"ancona","name":"Via Scosciacavalli","highway":"steps"}},{"type":"Feature","geometry":{"type":"LineString","coordinates":[[13.5135671,43.6199629],[13.5140098,43.6202606],[13.5142202,43.6203713]]},"properties":{"site":"ancona","name":"Via San Cataldo","highway":"steps"}},{"type":"Feature","geometry":{"type":"LineString","coordinates":[[13.5137428,43.619877],[13.5137773,43.619909]]},"properties":{"site":"ancona","name":"Via San Pietro","highway":"steps"}},{"type":"Feature","geometry":{"type":"LineString","coordinates":[[13.5163217,43.6208202],[13.5160741,43.620237]]},"properties":{"site":"ancona","name":"Via Onorato Rey di Villarey","highway":"service"}},{"type":"Feature","geometry":{"type":"LineString","coordinates":[[13.5047897,43.6149498],[13.5047309,43.6149361],[13.5046825,43.6149222],[13.5046374,43.6148999]]},"properties":{"site":"ancona","name":"","highway":"service"}},{"type":"Feature","geometry":{"type":"LineString","coordinates":[[13.5046374,43.6148999],[13.504632,43.6149104],[13.5044842,43.615092],[13.5044272,43.6152802],[13.5042333,43.6152178]]},"properties":{"site":"ancona","name":"","highway":"service"}},{"type":"Feature","geometry":{"type":"LineString","coordinates":[[13.5039499,43.6151317],[13.5033609,43.6149472]]},"properties":{"site":"ancona","name":"","highway":"service"}},{"type":"Feature","geometry":{"type":"LineString","coordinates":[[13.5090211,43.6226586],[13.5089789,43.6226416],[13.5089453,43.6226165],[13.5089231,43.6225854],[13.5089143,43.622551],[13.5089196,43.6225162],[13.5089397,43.6224827],[13.5089728,43.6224552],[13.5090158,43.6224361],[13.5090648,43.6224273],[13.5091141,43.6224295],[13.5091603,43.6224421],[13.5091886,43.6224565],[13.5092122,43.622475],[13.5092314,43.622499],[13.5092425,43.6225256],[13.5092448,43.6225528],[13.5092386,43.6225796],[13.5092254,43.6226032],[13.5092056,43.6226242],[13.5091802,43.6226417],[13.5091499,43.622655],[13.5091165,43.6226634],[13.5090683,43.6226661],[13.5090211,43.6226586]]},"properties":{"site":"ancona","name":"Banchina Nazario Sauro","highway":"service"}},{"type":"Feature","geometry":{"type":"LineString","coordinates":[[13.5095918,43.6211946],[13.5096743,43.6211847],[13.5097239,43.6211884]]},"properties":{"site":"ancona","name":"Banchina Nazario Sauro","highway":"service"}},{"type":"Feature","geometry":{"type":"LineString","coordinates":[[13.5098474,43.6232203],[13.5097993,43.6232411],[13.5097301,43.6233362],[13.509663,43.6234284],[13.509548,43.6235628],[13.5092588,43.623839]]},"properties":{"site":"ancona","name":"Lungomare Luigi Vanvitelli","highway":"footway"}},{"type":"Feature","geometry":{"type":"LineString","coordinates":[[13.5073118,43.6250328],[13.5073324,43.6250757],[13.5073705,43.625155],[13.507378,43.6252028]]},"properties":{"site":"ancona","name":"Largo Silvano Lorenzini","highway":"service"}},{"type":"Feature","geometry":{"type":"LineString","coordinates":[[13.5091603,43.6224421],[13.5092094,43.6223925],[13.5092325,43.6223653],[13.5093117,43.6222728]]},"properties":{"site":"ancona","name":"Banchina Nazario Sauro","highway":"service"}},{"type":"Feature","geometry":{"type":"LineString","coordinates":[[13.5073213,43.6177419],[13.5079664,43.6184013],[13.508294,43.6187407],[13.5085167,43.6189715],[13.5089429,43.6194804]]},"properties":{"site":"ancona","name":"Banchina Giovanni da Chio","highway":"service"}},{"type":"Feature","geometry":{"type":"LineString","coordinates":[[13.5048892,43.6155381],[13.5050724,43.6154273],[13.5051641,43.6153719]]},"properties":{"site":"ancona","name":"Largo Caduti sul Mare","highway":"footway"}},{"type":"Feature","geometry":{"type":"LineString","coordinates":[[13.5042333,43.6152178],[13.5039499,43.6151317]]},"properties":{"site":"ancona","name":"","highway":"service"}},{"type":"Feature","geometry":{"type":"LineString","coordinates":[[13.5079664,43.6184013],[13.5079062,43.6184235],[13.5078125,43.6184347],[13.5077263,43.6184248],[13.5074989,43.6183657]]},"properties":{"site":"ancona","name":"Banchina Giovanni da Chio","highway":"service"}},{"type":"Feature","geometry":{"type":"LineString","coordinates":[[13.5068678,43.6174205],[13.5070442,43.6175775],[13.5071292,43.6176531],[13.5076364,43.6181742],[13.5076656,43.6182174],[13.5076735,43.6182501],[13.5076603,43.6182878],[13.5076314,43.6183201],[13.5075844,43.61834],[13.5074989,43.6183657]]},"properties":{"site":"ancona","name":"Banchina Giovanni da Chio","highway":"service"}},{"type":"Feature","geometry":{"type":"LineString","coordinates":[[13.5059683,43.6170381],[13.5060261,43.6170445],[13.5063591,43.6171505],[13.5066071,43.617227],[13.5066973,43.6172681],[13.5067805,43.6173206],[13.5068261,43.6173633],[13.5068678,43.6174205]]},"properties":{"site":"ancona","name":"Banchina Giovanni da Chio","highway":"service"}},{"type":"Feature","geometry":{"type":"LineString","coordinates":[[13.5058329,43.6183467],[13.5056189,43.6182403],[13.5061542,43.6176953],[13.5061865,43.6175622],[13.5060722,43.6174159],[13.5059254,43.6173432]]},"properties":{"site":"ancona","name":"","highway":"service"}},{"type":"Feature","geometry":{"type":"LineString","coordinates":[[13.5074989,43.6183657],[13.5073489,43.6183264],[13.5070776,43.6182639],[13.5069615,43.6182473],[13.5068383,43.618243],[13.5065291,43.6182634],[13.5061448,43.6183054],[13.5058329,43.6183467],[13.5055234,43.6183997]]},"properties":{"site":"ancona","name":"","highway":"service"}},{"type":"Feature","geometry":{"type":"LineString","coordinates":[[13.5177595,43.6173886],[13.5176513,43.6171683],[13.5176003,43.6170647],[13.5174577,43.6167744],[13.5173416,43.6165381],[13.5171941,43.6162379]]},"properties":{"site":"ancona","name":"Piazza Camillo Benso Conte di Cavour","highway":"pedestrian"}},{"type":"Feature","geometry":{"type":"LineString","coordinates":[[13.5118643,43.6224285],[13.5118743,43.6224278],[13.5119743,43.6223544],[13.5120915,43.6222886]]},"properties":{"site":"ancona","name":"Vicolo dei Tribunali","highway":"steps"}},{"type":"Feature","geometry":{"type":"LineString","coordinates":[[13.5127205,43.6195836],[13.5126648,43.6195143]]},"properties":{"site":"ancona","name":"Piazza del Plebiscito","highway":"pedestrian"}},{"type":"Feature","geometry":{"type":"LineString","coordinates":[[13.5110485,43.6171627],[13.5109103,43.6169637]]},"properties":{"site":"ancona","name":"Via Ad Alto","highway":"steps"}},{"type":"Feature","geometry":{"type":"LineString","coordinates":[[13.5160699,43.6167244],[13.5160782,43.6167875],[13.516213,43.6170957],[13.5163451,43.6173549],[13.5163831,43.617431],[13.51643,43.6174671],[13.5164787,43.6174774],[13.5165002,43.6174832],[13.5168968,43.6173969],[13.5173656,43.617296],[13.5173921,43.6172819],[13.5174089,43.6172654],[13.5174134,43.6172433],[13.5174066,43.6172199],[13.5173575,43.6171199],[13.5172188,43.6168347],[13.5170636,43.6165301],[13.5170524,43.6165142],[13.5170215,43.6164914],[13.5169761,43.6164848],[13.5167091,43.6165446],[13.5165513,43.6165848],[13.5161144,43.6166882],[13.516087,43.6166997],[13.5160699,43.6167244]]},"properties":{"site":"ancona","name":"Piazza Camillo Benso Conte di Cavour","highway":"pedestrian"}},{"type":"Feature","geometry":{"type":"LineString","coordinates":[[13.5107845,43.6202055],[13.5105324,43.6198966]]},"properties":{"site":"ancona","name":"Via della Catena","highway":"pedestrian"}},{"type":"Feature","geometry":{"type":"LineString","coordinates":[[13.5106907,43.6202525],[13.5107845,43.6202055]]},"properties":{"site":"ancona","name":"Via della Catena","highway":"steps"}},{"type":"Feature","geometry":{"type":"LineString","coordinates":[[13.5103676,43.6245579],[13.5104353,43.6246309],[13.5104813,43.6246836],[13.5105418,43.6247864],[13.5106092,43.6249246]]},"properties":{"site":"ancona","name":"Piazza del Duomo","highway":"steps"}},{"type":"Feature","geometry":{"type":"LineString","coordinates":[[13.507378,43.6252028],[13.5073942,43.6252269]]},"properties":{"site":"ancona","name":"","highway":"service"}},{"type":"Feature","geometry":{"type":"LineString","coordinates":[[13.5094102,43.6209054],[13.5092006,43.6209142],[13.5079233,43.6210763]]},"properties":{"site":"ancona","name":"Molo Santa Maria","highway":"service"}},{"type":"Feature","geometry":{"type":"LineString","coordinates":[[13.5075638,43.6207343],[13.5076818,43.620719],[13.507771,43.6207185],[13.5078226,43.6207379],[13.5078609,43.6208065],[13.5079145,43.6210383],[13.5079233,43.6210763]]},"properties":{"site":"ancona","name":"Molo Santa Maria","highway":"service"}},{"type":"Feature","geometry":{"type":"LineString","coordinates":[[13.5079051,43.6205128],[13.5086002,43.6204277],[13.5088941,43.6203704],[13.5091415,43.6203207]]},"properties":{"site":"ancona","name":"Molo Santa Maria","highway":"service"}},{"type":"Feature","geometry":{"type":"LineString","coordinates":[[13.5109339,43.6240281],[13.5108935,43.6240453],[13.5108391,43.6240641],[13.5108577,43.6241123],[13.5108127,43.6241349]]},"properties":{"site":"ancona","name":"Scalone Nappi","highway":"footway"}},{"type":"Feature","geometry":{"type":"LineString","coordinates":[[13.5104196,43.6239563],[13.5103944,43.6239665],[13.510335,43.6240197],[13.510219,43.6240111],[13.510207,43.6240245],[13.510285,43.6240659],[13.5100804,43.624176],[13.510061,43.6242242],[13.5100284,43.624219],[13.5100072,43.6243093],[13.510056,43.6243482],[13.5100898,43.6243904],[13.5101245,43.6244365],[13.5101598,43.6244742]]},"properties":{"site":"ancona","name":"","highway":"steps"}},{"type":"Feature","geometry":{"type":"LineString","coordinates":[[13.5105588,43.6185499],[13.510592,43.618605],[13.5106882,43.6187582],[13.5104278,43.61885]]},"properties":{"site":"ancona","name":"Corso Giuseppe Mazzini","highway":"pedestrian"}},{"type":"Feature","geometry":{"type":"LineString","coordinates":[[13.5060138,43.6249069],[13.5062749,43.6249497],[13.5069724,43.624876],[13.5070308,43.6248698]]},"properties":{"site":"ancona","name":"Molo Nord","highway":"service"}},{"type":"Feature","geometry":{"type":"LineString","coordinates":[[13.5106486,43.6223777],[13.5106952,43.6223798],[13.510718,43.6223084],[13.5107623,43.6223228],[13.5107413,43.6223907],[13.5107703,43.6223997],[13.5108158,43.6223348],[13.51085,43.6223413]]},"properties":{"site":"ancona","name":"Via le Rupi Comunali","highway":"steps"}},{"type":"Feature","geometry":{"type":"LineString","coordinates":[[13.5110771,43.6214763],[13.5112257,43.6214534],[13.5111891,43.6213429],[13.5114789,43.6212666]]},"properties":{"site":"ancona","name":"Vicolo della Storta","highway":"steps"}},{"type":"Feature","geometry":{"type":"LineString","coordinates":[[13.5092588,43.623839],[13.5090431,43.6240412],[13.508675,43.6241475],[13.5081967,43.6245056],[13.5080065,43.6246481],[13.5079473,43.6246863],[13.5079084,43.6247083],[13.5078661,43.6247228],[13.5078366,43.6247287],[13.5078038,43.6247311],[13.507773,43.6247257],[13.5077187,43.6247106]]},"properties":{"site":"ancona","name":"Lungomare Luigi Vanvitelli","highway":"service"}},{"type":"Feature","geometry":{"type":"LineString","coordinates":[[13.5105147,43.6228765],[13.5105003,43.6229272],[13.5105682,43.62298],[13.5105185,43.6230137],[13.5104531,43.6230375],[13.5103692,43.6230504],[13.510375,43.6230709],[13.5104731,43.623053],[13.5106426,43.6230168],[13.5107951,43.6229391]]},"properties":{"site":"ancona","name":"Via Volto dei Seniori","highway":"steps"}},{"type":"Feature","geometry":{"type":"LineString","coordinates":[[13.5110952,43.6204822],[13.5112766,43.6204567],[13.5114879,43.6204548],[13.5117614,43.620466]]},"properties":{"site":"ancona","name":"Vicolo Guidobaldo Bonarelli","highway":"steps"}},{"type":"Feature","geometry":{"type":"LineString","coordinates":[[13.5170669,43.6213704],[13.5169068,43.6214916]]},"properties":{"site":"ancona","name":"Via del Cardeto","highway":"steps"}},{"type":"Feature","geometry":{"type":"LineString","coordinates":[[13.517108,43.6213349],[13.5168178,43.6212006]]},"properties":{"site":"ancona","name":"Via del Cardeto","highway":"service"}},{"type":"Feature","geometry":{"type":"LineString","coordinates":[[13.5139856,43.620498],[13.5140675,43.6205586],[13.5141512,43.6206146],[13.5142504,43.6206705],[13.5144064,43.6207624]]},"properties":{"site":"ancona","name":"Via Palermo Giangiacomi","highway":"steps"}},{"type":"Feature","geometry":{"type":"LineString","coordinates":[[13.5146501,43.6209559],[13.5150842,43.6212453]]},"properties":{"site":"ancona","name":"Via Palermo Giangiacomi","highway":"steps"}},{"type":"Feature","geometry":{"type":"LineString","coordinates":[[13.5142202,43.6203713],[13.5142837,43.6204236],[13.5143326,43.6204623],[13.5143475,43.6205105],[13.5143328,43.6205501],[13.5143216,43.6205598],[13.5143023,43.6205766],[13.5142772,43.6205868],[13.5142381,43.6206028],[13.5141934,43.6206089],[13.5141512,43.6206146],[13.5140675,43.6205586],[13.5139856,43.620498],[13.5138061,43.6203939],[13.5139841,43.6202774],[13.5140098,43.6202606],[13.5142202,43.6203713]]},"properties":{"site":"ancona","name":"Largo Padre Giovanni Marinelli","highway":"pedestrian"}},{"type":"Feature","geometry":{"type":"LineString","coordinates":[[13.5159071,43.6211195],[13.5160266,43.621263]]},"properties":{"site":"ancona","name":"Via Goito","highway":"service"}},{"type":"Feature","geometry":{"type":"LineString","coordinates":[[13.5130101,43.6198672],[13.5134539,43.6201608],[13.5138061,43.6203939],[13.5139856,43.620498]]},"properties":{"site":"ancona","name":"","highway":"steps"}},{"type":"Feature","geometry":{"type":"LineString","coordinates":[[13.5143076,43.6203217],[13.5142066,43.6202185]]},"properties":{"site":"ancona","name":"Via San Pietro","highway":"steps"}},{"type":"Feature","geometry":{"type":"LineString","coordinates":[[13.5127898,43.6203543],[13.5128864,43.6202969],[13.5131279,43.620504],[13.5132326,43.6206118],[13.513246,43.6206256],[13.5133778,43.6206532],[13.5135076,43.6207706]]},"properties":{"site":"ancona","name":"Vicolo Lo Stelluto","highway":"steps"}},{"type":"Feature","geometry":{"type":"LineString","coordinates":[[13.5118643,43.6224285],[13.5117871,43.6224271],[13.511648,43.6224281]]},"properties":{"site":"ancona","name":"","highway":"footway"}},{"type":"Feature","geometry":{"type":"LineString","coordinates":[[13.5116102,43.6228043],[13.5116551,43.622814],[13.5117433,43.622787],[13.5118123,43.6226202]]},"properties":{"site":"ancona","name":"Vicolo dei Tribunali","highway":"steps"}},{"type":"Feature","geometry":{"type":"LineString","coordinates":[[13.5110265,43.6230531],[13.5114339,43.6231304],[13.5114245,43.6231788]]},"properties":{"site":"ancona","name":"Vicolo dei Tribunali","highway":"pedestrian"}},{"type":"Feature","geometry":{"type":"LineString","coordinates":[[13.5114642,43.6232866],[13.5117013,43.6233407]]},"properties":{"site":"ancona","name":"Vicolo dei Tribunali","highway":"steps"}},{"type":"Feature","geometry":{"type":"LineString","coordinates":[[13.5117013,43.6233407],[13.5118469,43.623003],[13.5118757,43.6227981]]},"properties":{"site":"ancona","name":"Vicolo dei Tribunali","highway":"pedestrian"}},{"type":"Feature","geometry":{"type":"LineString","coordinates":[[13.5096921,43.6183829],[13.5095925,43.6184967],[13.5094543,43.6185631],[13.5093585,43.6186072],[13.5092871,43.6186384],[13.5091451,43.6186295]]},"properties":{"site":"ancona","name":"Piazza John Fitzgerald Kennedy","highway":"service"}},{"type":"Feature","geometry":{"type":"LineString","coordinates":[[13.5113643,43.6176132],[13.5113168,43.6175347],[13.5111371,43.6171296]]},"properties":{"site":"ancona","name":"Via Don Antonio Gioia","highway":"pedestrian"}},{"type":"Feature","geometry":{"type":"LineString","coordinates":[[13.512989,43.6183379],[13.5127762,43.6184009],[13.5124744,43.6184922],[13.5123006,43.6185303],[13.5119945,43.618604],[13.5116992,43.6186524],[13.5115266,43.6186804],[13.5113621,43.6187069],[13.5111835,43.6187685],[13.5109667,43.6188864],[13.5108704,43.6189303],[13.5105562,43.6190276],[13.5101854,43.6191752]]},"properties":{"site":"ancona","name":"Corso Giuseppe Mazzini","highway":"pedestrian"}},{"type":"Feature","geometry":{"type":"LineString","coordinates":[[13.5123006,43.6185303],[13.5122735,43.6184441],[13.5122315,43.6181837],[13.5122186,43.6181228]]},"properties":{"site":"ancona","name":"Via dei Benincasa","highway":"pedestrian"}},{"type":"Feature","geometry":{"type":"LineString","coordinates":[[13.515476,43.6188449],[13.5155596,43.6190042]]},"properties":{"site":"ancona","name":"Piazza Errico Malatesta","highway":"steps"}},{"type":"Feature","geometry":{"type":"LineString","coordinates":[[13.5161701,43.6198054],[13.5162313,43.6199536],[13.5162877,43.6199425],[13.5163893,43.6201624]]},"properties":{"site":"ancona","name":"Piazza Errico Malatesta","highway":"pedestrian"}},{"type":"Feature","geometry":{"type":"LineString","coordinates":[[13.5156026,43.6194363],[13.5159436,43.6193496],[13.5159217,43.6193004],[13.5157741,43.6189484],[13.5155596,43.6190042],[13.515354,43.6190668],[13.5155689,43.6193876],[13.5156026,43.6194363]]},"properties":{"site":"ancona","name":"Piazza Errico Malatesta","highway":"pedestrian"}},{"type":"Feature","geometry":{"type":"LineString","coordinates":[[13.5106882,43.6187582],[13.51074,43.6188256]]},"properties":{"site":"ancona","name":"Corso Giuseppe Mazzini","highway":"pedestrian"}},{"type":"Feature","geometry":{"type":"LineString","coordinates":[[13.5104278,43.61885],[13.5104359,43.618861],[13.5105562,43.6190276]]},"properties":{"site":"ancona","name":"Corso Giuseppe Mazzini","highway":"pedestrian"}},{"type":"Feature","geometry":{"type":"LineString","coordinates":[[13.5117797,43.6190131],[13.5118161,43.6190104],[13.5119564,43.6192594]]},"properties":{"site":"ancona","name":"Via della Pescheria","highway":"pedestrian"}},{"type":"Feature","geometry":{"type":"LineString","coordinates":[[13.5178493,43.6185198],[13.5180561,43.6188966]]},"properties":{"site":"ancona","name":"Via Volturno","highway":"steps"}},{"type":"Feature","geometry":{"type":"LineString","coordinates":[[13.5079575,43.6175361],[13.5081683,43.6173979]]},"properties":{"site":"ancona","name":"","highway":"service"}},{"type":"Feature","geometry":{"type":"LineString","coordinates":[[13.5073644,43.6147378],[13.5074359,43.6150189]]},"properties":{"site":"ancona","name":"Piazza Antonio da Sangallo","highway":"service"}},{"type":"Feature","geometry":{"type":"LineString","coordinates":[[13.5091133,43.6169259],[13.5088557,43.6170347]]},"properties":{"site":"ancona","name":"Vicolo Malacari","highway":"steps"}},{"type":"Feature","geometry":{"type":"LineString","coordinates":[[13.5080625,43.6159688],[13.5082936,43.6158299],[13.5083968,43.6157624]]},"properties":{"site":"ancona","name":"Vicolo Oscuro","highway":"pedestrian"}},{"type":"Feature","geometry":{"type":"LineString","coordinates":[[13.5082936,43.6158299],[13.508398,43.6159663]]},"properties":{"site":"ancona","name":"Vicolo Oscuro","highway":"pedestrian"}},{"type":"Feature","geometry":{"type":"LineString","coordinates":[[13.5084943,43.6159252],[13.508398,43.6159663]]},"properties":{"site":"ancona","name":"Vicolo Oscuro","highway":"steps"}},{"type":"Feature","geometry":{"type":"LineString","coordinates":[[13.5090511,43.6178],[13.5093133,43.6177542]]},"properties":{"site":"ancona","name":"Piazza Giovanni Palatucci","highway":"pedestrian"}},{"type":"Feature","geometry":{"type":"LineString","coordinates":[[13.5081278,43.6153284],[13.5077277,43.6154888]]},"properties":{"site":"ancona","name":"Vicolo Palomba","highway":"pedestrian"}},{"type":"Feature","geometry":{"type":"LineString","coordinates":[[13.5108275,43.6167532],[13.510521,43.6168421],[13.5101407,43.6170713]]},"properties":{"site":"ancona","name":"Vicolo Papis","highway":"pedestrian"}},{"type":"Feature","geometry":{"type":"LineString","coordinates":[[13.5101529,43.6167941],[13.5099792,43.6168813]]},"properties":{"site":"ancona","name":"Via Francesco Podesti","highway":"pedestrian"}},{"type":"Feature","geometry":{"type":"LineString","coordinates":[[13.51036,43.616406],[13.510436,43.6164962],[13.5105387,43.6165661]]},"properties":{"site":"ancona","name":"Via Francesco Podesti","highway":"pedestrian"}},{"type":"Feature","geometry":{"type":"LineString","coordinates":[[13.5103326,43.6167116],[13.5103978,43.6168065]]},"properties":{"site":"ancona","name":"Via Francesco Podesti","highway":"service"}},{"type":"Feature","geometry":{"type":"LineString","coordinates":[[13.509381,43.6152492],[13.5093849,43.6152428],[13.5094411,43.615156],[13.5094983,43.6151689],[13.509517,43.6151362]]},"properties":{"site":"ancona","name":"Vicolo della Regina","highway":"pedestrian"}},{"type":"Feature","geometry":{"type":"LineString","coordinates":[[13.5082839,43.6166728],[13.5084236,43.6168624],[13.5085696,43.6169867],[13.5086039,43.6170737],[13.5085684,43.6171339]]},"properties":{"site":"ancona","name":"Vicolo San Marco","highway":"pedestrian"}},{"type":"Feature","geometry":{"type":"LineString","coordinates":[[13.5088097,43.6169325],[13.5085696,43.6169867]]},"properties":{"site":"ancona","name":"Vicolo San Marco","highway":"steps"}},{"type":"Feature","geometry":{"type":"LineString","coordinates":[[13.5105068,43.6183656],[13.5102995,43.6184653],[13.5103421,43.6185396],[13.5103723,43.6185954]]},"properties":{"site":"ancona","name":"Via del Traffico","highway":"pedestrian"}},{"type":"Feature","geometry":{"type":"LineString","coordinates":[[13.5062281,43.6157688],[13.5062884,43.61576],[13.5063397,43.6157387],[13.5063632,43.6156828],[13.5063379,43.6156243],[13.5061583,43.6154619],[13.5056634,43.6153113],[13.5055918,43.6152755],[13.5055556,43.6151685],[13.5056767,43.6151128]]},"properties":{"site":"ancona","name":"Via delle Rupi di Via Ventinove Settembre","highway":"service"}},{"type":"Feature","geometry":{"type":"LineString","coordinates":[[13.5070812,43.6164159],[13.5071165,43.6164476],[13.5077342,43.6170018],[13.5078505,43.6170651]]},"properties":{"site":"ancona","name":"Via delle Rupi di Via Ventinove Settembre","highway":"pedestrian"}},{"type":"Feature","geometry":{"type":"LineString","coordinates":[[13.507901,43.6174832],[13.5079969,43.6174331],[13.508031,43.617453],[13.5080766,43.6174454],[13.5080974,43.6174074],[13.5080313,43.6173753],[13.5078505,43.6170651]]},"properties":{"site":"ancona","name":"Via delle Rupi di Via Ventinove Settembre","highway":"steps"}},{"type":"Feature","geometry":{"type":"LineString","coordinates":[[13.5128054,43.6149568],[13.5126205,43.6147069]]},"properties":{"site":"ancona","name":"Via Bezzecca","highway":"service"}},{"type":"Feature","geometry":{"type":"LineString","coordinates":[[13.5141192,43.6151682],[13.5142181,43.6153075]]},"properties":{"site":"ancona","name":"","highway":"footway"}},{"type":"Feature","geometry":{"type":"LineString","coordinates":[[13.5140433,43.6150174],[13.5140073,43.6149497],[13.5139615,43.6148668],[13.5139587,43.6148616],[13.5139069,43.6147168]]},"properties":{"site":"ancona","name":"Via La Cupa","highway":"steps"}},{"type":"Feature","geometry":{"type":"LineString","coordinates":[[13.5129816,43.6154398],[13.5129492,43.6153944]]},"properties":{"site":"ancona","name":"Via Curtatone","highway":"footway"}},{"type":"Feature","geometry":{"type":"LineString","coordinates":[[13.5160998,43.6154792],[13.5160874,43.6154523]]},"properties":{"site":"ancona","name":"Via Curtatone","highway":"footway"}},{"type":"Feature","geometry":{"type":"LineString","coordinates":[[13.5119291,43.6166268],[13.5118442,43.6164581],[13.5117564,43.6162837],[13.5117064,43.6161844],[13.5116943,43.6161604]]},"properties":{"site":"ancona","name":"Via Guido Monina","highway":"steps"}},{"type":"Feature","geometry":{"type":"LineString","coordinates":[[13.5187199,43.6154495],[13.5188038,43.6154279],[13.5188598,43.6154134],[13.5193864,43.6152778]]},"properties":{"site":"ancona","name":"Via Palestro","highway":"service"}},{"type":"Feature","geometry":{"type":"LineString","coordinates":[[13.5113037,43.6170824],[13.5114812,43.6174243]]},"properties":{"site":"ancona","name":"Vicolo Giacomo Vettori","highway":"pedestrian"}},{"type":"Feature","geometry":{"type":"LineString","coordinates":[[13.5180085,43.6175186],[13.5181074,43.6177089]]},"properties":{"site":"ancona","name":"Via ai Tre Cantoni","highway":"steps"}},{"type":"Feature","geometry":{"type":"LineString","coordinates":[[13.5149624,43.6174223],[13.5149364,43.6173509]]},"properties":{"site":"ancona","name":"Via Castelfidardo","highway":"pedestrian"}},{"type":"Feature","geometry":{"type":"LineString","coordinates":[[13.5190226,43.6147454],[13.5189281,43.6145458]]},"properties":{"site":"ancona","name":"Via Montello","highway":"steps"}},{"type":"Feature","geometry":{"type":"LineString","coordinates":[[13.5189281,43.6145458],[13.5190766,43.6144917],[13.5193701,43.6144299],[13.5196534,43.6143954],[13.5198719,43.6143649]]},"properties":{"site":"ancona","name":"Via Montello","highway":"footway"}},{"type":"Feature","geometry":{"type":"LineString","coordinates":[[13.5197196,43.6146071],[13.5196534,43.6143954]]},"properties":{"site":"ancona","name":"Via Montello","highway":"steps"}},{"type":"Feature","geometry":{"type":"LineString","coordinates":[[13.5198719,43.6143649],[13.5198667,43.6143072]]},"properties":{"site":"ancona","name":"","highway":"steps"}},{"type":"Feature","geometry":{"type":"LineString","coordinates":[[13.5155538,43.6141765],[13.5155265,43.6141181],[13.5156693,43.613841]]},"properties":{"site":"ancona","name":"","highway":"steps"}},{"type":"Feature","geometry":{"type":"LineString","coordinates":[[13.5184492,43.6141201],[13.5184015,43.6140139]]},"properties":{"site":"ancona","name":"Via Redipuglia","highway":"service"}},{"type":"Feature","geometry":{"type":"LineString","coordinates":[[13.5184015,43.6140139],[13.518586,43.6139631],[13.5185997,43.6139932]]},"properties":{"site":"ancona","name":"Via Oslavia","highway":"steps"}},{"type":"Feature","geometry":{"type":"LineString","coordinates":[[13.51258,43.6164074],[13.5125023,43.6164103],[13.5123867,43.6164409],[13.5124467,43.6165714],[13.5125706,43.6165848],[13.5126736,43.6165971]]},"properties":{"site":"ancona","name":"Via San Martino","highway":"service"}},{"type":"Feature","geometry":{"type":"LineString","coordinates":[[13.5048509,43.6152396],[13.5050136,43.6151419],[13.5050726,43.6151083]]},"properties":{"site":"ancona","name":"Largo Caduti sul Mare","highway":"footway"}},{"type":"Feature","geometry":{"type":"LineString","coordinates":[[13.50161,43.616919],[13.5013038,43.6162352],[13.5012713,43.6160294]]},"properties":{"site":"ancona","name":"Molo Sud","highway":"service"}},{"type":"Feature","geometry":{"type":"LineString","coordinates":[[13.5059254,43.6173432],[13.5057586,43.6174908]]},"properties":{"site":"ancona","name":"","highway":"service"}},{"type":"Feature","geometry":{"type":"LineString","coordinates":[[13.5090875,43.6201504],[13.5089527,43.6201696],[13.5085316,43.6202295]]},"properties":{"site":"ancona","name":"","highway":"service"}},{"type":"Feature","geometry":{"type":"LineString","coordinates":[[13.5116091,43.6241981],[13.5116433,43.6241761]]},"properties":{"site":"ancona","name":"Vicolo delle Carceri","highway":"steps"}},{"type":"Feature","geometry":{"type":"LineString","coordinates":[[13.5097498,43.6192999],[13.5101762,43.6191987],[13.5101854,43.6191752],[13.5100568,43.6189952],[13.5099479,43.6188058],[13.5098522,43.6189142],[13.5097368,43.6189762],[13.5095966,43.6190133],[13.5096955,43.619096],[13.5097498,43.6192999]]},"properties":{"site":"ancona","name":"Piazza della Repubblica","highway":"pedestrian"}},{"type":"Feature","geometry":{"type":"LineString","coordinates":[[13.5048881,43.614962],[13.5048578,43.6149881],[13.504834,43.6150163],[13.504862,43.6150284]]},"properties":{"site":"ancona","name":"","highway":"steps"}},{"type":"Feature","geometry":{"type":"LineString","coordinates":[[13.5084134,43.6175336],[13.5085501,43.6176661],[13.5086497,43.6177279],[13.5088229,43.6178295]]},"properties":{"site":"ancona","name":"Via Enrico Cialdini","highway":"service"}},{"type":"Feature","geometry":{"type":"LineString","coordinates":[[13.5155544,43.6162193],[13.5154074,43.6162321],[13.5153056,43.6162156],[13.5152435,43.616212],[13.5150457,43.6162613],[13.5149845,43.6162909]]},"properties":{"site":"ancona","name":"","highway":"service"}},{"type":"Feature","geometry":{"type":"LineString","coordinates":[[13.5149845,43.6162909],[13.5146254,43.6163773],[13.514353,43.6164537]]},"properties":{"site":"ancona","name":"","highway":"service"}},{"type":"Feature","geometry":{"type":"LineString","coordinates":[[13.514353,43.6164537],[13.5142839,43.6164434],[13.5141026,43.6164878],[13.5140091,43.6165554],[13.5139927,43.6165673],[13.5139328,43.616626]]},"properties":{"site":"ancona","name":"","highway":"service"}},{"type":"Feature","geometry":{"type":"LineString","coordinates":[[13.5093133,43.6177542],[13.5096256,43.6180315],[13.5098093,43.6179343],[13.5097323,43.6178645],[13.5095859,43.617722],[13.5094974,43.6176483],[13.5094562,43.6176384],[13.5093976,43.6176407],[13.5093479,43.61766],[13.5093196,43.617697],[13.5093133,43.6177542]]},"properties":{"site":"ancona","name":"Piazza Giovanni Palatucci","highway":"pedestrian"}},{"type":"Feature","geometry":{"type":"LineString","coordinates":[[13.5182316,43.6165657],[13.5187252,43.6164328],[13.5189328,43.6163768],[13.5191739,43.6163118]]},"properties":{"site":"ancona","name":"Largo Ventiquattro Maggio","highway":"pedestrian"}},{"type":"Feature","geometry":{"type":"LineString","coordinates":[[13.5158505,43.6168494],[13.5159575,43.6168203],[13.5160782,43.6167875]]},"properties":{"site":"ancona","name":"Piazza Camillo Benso Conte di Cavour","highway":"footway"}},{"type":"Feature","geometry":{"type":"LineString","coordinates":[[13.5142661,43.6178454],[13.5143321,43.6178349]]},"properties":{"site":"ancona","name":"Galleria Dorica","highway":"pedestrian"}},{"type":"Feature","geometry":{"type":"LineString","coordinates":[[13.5140419,43.6181086],[13.5140632,43.6181593]]},"properties":{"site":"ancona","name":"Galleria Dorica","highway":"pedestrian"}},{"type":"Feature","geometry":{"type":"LineString","coordinates":[[13.5170636,43.6165301],[13.5172106,43.6164815]]},"properties":{"site":"ancona","name":"Piazza Camillo Benso Conte di Cavour","highway":"footway"}},{"type":"Feature","geometry":{"type":"LineString","coordinates":[[13.5173575,43.6171199],[13.5174982,43.6170872],[13.5176003,43.6170647]]},"properties":{"site":"ancona","name":"Piazza Camillo Benso Conte di Cavour","highway":"footway"}},{"type":"Feature","geometry":{"type":"LineString","coordinates":[[13.5163288,43.6176348],[13.5162345,43.6177204]]},"properties":{"site":"ancona","name":"Piazza Camillo Benso Conte di Cavour","highway":"footway"}},{"type":"Feature","geometry":{"type":"LineString","coordinates":[[13.5165422,43.6175984],[13.5165002,43.6174832]]},"properties":{"site":"ancona","name":"Piazza Camillo Benso Conte di Cavour","highway":"footway"}},{"type":"Feature","geometry":{"type":"LineString","coordinates":[[13.5161006,43.6174144],[13.5162202,43.6173909],[13.5163451,43.6173549]]},"properties":{"site":"ancona","name":"Piazza Camillo Benso Conte di Cavour","highway":"footway"}},{"type":"Feature","geometry":{"type":"LineString","coordinates":[[13.5049301,43.6153083],[13.5048509,43.6152396],[13.5047661,43.6151694]]},"properties":{"site":"ancona","name":"Largo Caduti sul Mare","highway":"footway"}},{"type":"Feature","geometry":{"type":"LineString","coordinates":[[13.5050507,43.6154087],[13.5049301,43.6153083]]},"properties":{"site":"ancona","name":"Largo Caduti sul Mare","highway":"footway"}},{"type":"Feature","geometry":{"type":"LineString","coordinates":[[13.5159862,43.617153],[13.5160981,43.6171248]]},"properties":{"site":"ancona","name":"Piazza Camillo Benso Conte di Cavour","highway":"pedestrian"}},{"type":"Feature","geometry":{"type":"LineString","coordinates":[[13.5137029,43.6179538],[13.5135211,43.6179888]]},"properties":{"site":"ancona","name":"Galleria Dorica","highway":"steps"}},{"type":"Feature","geometry":{"type":"LineString","coordinates":[[13.5086299,43.6182662],[13.508459,43.6183553],[13.5083256,43.6181876],[13.5081431,43.6179422],[13.5082037,43.6179089]]},"properties":{"site":"ancona","name":"","highway":"footway"}},{"type":"Feature","geometry":{"type":"LineString","coordinates":[[13.5084556,43.6181201],[13.5083256,43.6181876]]},"properties":{"site":"ancona","name":"","highway":"footway"}},{"type":"Feature","geometry":{"type":"LineString","coordinates":[[13.5097482,43.6207691],[13.5097205,43.6207716]]},"properties":{"site":"ancona","name":"Largo della Dogana","highway":"pedestrian"}},{"type":"Feature","geometry":{"type":"LineString","coordinates":[[13.5055378,43.6156588],[13.5056007,43.6156058],[13.5056095,43.6155494],[13.5055815,43.6155442],[13.5055347,43.615529],[13.5055003,43.615515],[13.5054738,43.6154985],[13.5054529,43.6154766],[13.5054468,43.6154561],[13.5054497,43.6154058]]},"properties":{"site":"ancona","name":"","highway":"steps"}},{"type":"Feature","geometry":{"type":"LineString","coordinates":[[13.5060529,43.6159891],[13.5061329,43.6159024],[13.5061479,43.6158996],[13.5061608,43.6159035],[13.5061674,43.6159123],[13.5061624,43.6159225],[13.5061107,43.6159783],[13.5061788,43.6160143]]},"properties":{"site":"ancona","name":"","highway":"steps"}},{"type":"Feature","geometry":{"type":"LineString","coordinates":[[13.5107421,43.6198215],[13.5105324,43.6198966],[13.509978,43.6201049]]},"properties":{"site":"ancona","name":"Via dei Bonda","highway":"pedestrian"}},{"type":"Feature","geometry":{"type":"LineString","coordinates":[[13.5053869,43.6249224],[13.5052838,43.6249707],[13.505134,43.6250242],[13.504939,43.6250265]]},"properties":{"site":"ancona","name":"Molo Nord","highway":"service"}},{"type":"Feature","geometry":{"type":"LineString","coordinates":[[13.5094102,43.6209054],[13.50939,43.6208197],[13.5093698,43.620734]]},"properties":{"site":"ancona","name":"Banchina Nazario Sauro","highway":"service"}},{"type":"Feature","geometry":{"type":"LineString","coordinates":[[13.50524,43.6251029],[13.5047845,43.6251311],[13.5042562,43.625163],[13.5036594,43.6252045],[13.5033702,43.625204],[13.5033313,43.6252039],[13.5028711,43.6251753],[13.5024761,43.6251339],[13.5023953,43.6251195],[13.5021569,43.6250767],[13.5020638,43.6250567],[13.5019486,43.6250352],[13.5015769,43.6249366],[13.5014234,43.624877],[13.5011377,43.6247262],[13.5006787,43.6246351]]},"properties":{"site":"ancona","name":"Molo Nord","highway":"service"}},{"type":"Feature","geometry":{"type":"LineString","coordinates":[[13.504939,43.6250265],[13.5051038,43.6249906],[13.5052107,43.6249448],[13.5053349,43.6248547]]},"properties":{"site":"ancona","name":"Molo Nord","highway":"service"}},{"type":"Feature","geometry":{"type":"LineString","coordinates":[[13.5093117,43.6222728],[13.5092972,43.6223692],[13.509284,43.6224211],[13.5092722,43.622452],[13.5092425,43.6225256]]},"properties":{"site":"ancona","name":"Banchina Nazario Sauro","highway":"service"}},{"type":"Feature","geometry":{"type":"LineString","coordinates":[[13.5057045,43.6247476],[13.505688,43.6246803],[13.5056206,43.6246082],[13.5045367,43.6231193],[13.5034707,43.6234984],[13.5043846,43.6247614],[13.5045555,43.6248707],[13.5046681,43.6249427],[13.5048536,43.6250103],[13.504939,43.6250265]]},"properties":{"site":"ancona","name":"Molo Luigi Rizzo","highway":"service"}},{"type":"Feature","geometry":{"type":"LineString","coordinates":[[13.509219,43.6228454],[13.509207,43.6227869],[13.5091951,43.6227556],[13.5091781,43.6227287],[13.5091585,43.6227068],[13.5091494,43.6226974],[13.5091165,43.6226634]]},"properties":{"site":"ancona","name":"Banchina Nazario Sauro","highway":"service"}},{"type":"Feature","geometry":{"type":"LineString","coordinates":[[13.505774,43.6248787],[13.5060138,43.6249069]]},"properties":{"site":"ancona","name":"Molo Nord","highway":"service"}},{"type":"Feature","geometry":{"type":"LineString","coordinates":[[13.50524,43.6251029],[13.5053302,43.6250765],[13.5055314,43.6250269]]},"properties":{"site":"ancona","name":"Molo Nord","highway":"service"}},{"type":"Feature","geometry":{"type":"LineString","coordinates":[[13.5055762,43.625112],[13.5053459,43.6251199],[13.50524,43.6251029]]},"properties":{"site":"ancona","name":"Molo Nord","highway":"service"}},{"type":"Feature","geometry":{"type":"LineString","coordinates":[[13.509219,43.6228454],[13.5091758,43.6229541],[13.509128,43.6230375],[13.5090444,43.623175],[13.5089953,43.6232453],[13.5089182,43.6233558],[13.5088055,43.623507],[13.5086501,43.6236685],[13.5084599,43.6238507],[13.5081553,43.6241492]]},"properties":{"site":"ancona","name":"Banchina Nazario Sauro","highway":"service"}},{"type":"Feature","geometry":{"type":"LineString","coordinates":[[13.5113438,43.6183501],[13.5113375,43.6182766]]},"properties":{"site":"ancona","name":"Via Francesco Podesti","highway":"pedestrian"}},{"type":"Feature","geometry":{"type":"LineString","coordinates":[[13.5103224,43.6250129],[13.5102346,43.625068],[13.5101451,43.6250162]]},"properties":{"site":"ancona","name":"Piazza del Duomo","highway":"service"}},{"type":"Feature","geometry":{"type":"LineString","coordinates":[[13.5075251,43.6210538],[13.5074448,43.6210637]]},"properties":{"site":"ancona","name":"Molo Santa Maria","highway":"service"}},{"type":"Feature","geometry":{"type":"LineString","coordinates":[[13.4982362,43.6258276],[13.4979249,43.6258973],[13.4978384,43.6258979],[13.4977749,43.6258946],[13.4977274,43.6258746],[13.4975714,43.6257199],[13.4974723,43.6257107]]},"properties":{"site":"ancona","name":"","highway":"footway"}},{"type":"Feature","geometry":{"type":"LineString","coordinates":[[13.5033313,43.6252039],[13.5033291,43.6252385],[13.5033195,43.6253904],[13.5032761,43.6254179],[13.5023211,43.625247],[13.5017677,43.6251488],[13.501358,43.6251488],[13.5010027,43.6251763],[13.5006147,43.625141],[13.5005249,43.6251582],[13.4998768,43.6252824],[13.4985425,43.6256681],[13.4982362,43.6258276]]},"properties":{"site":"ancona","name":"","highway":"service"}},{"type":"Feature","geometry":{"type":"LineString","coordinates":[[13.5136017,43.6160181],[13.5135581,43.6159154]]},"properties":{"site":"ancona","name":"","highway":"steps"}},{"type":"Feature","geometry":{"type":"LineString","coordinates":[[13.5135581,43.6159154],[13.5135479,43.6158895],[13.5135718,43.6158839]]},"properties":{"site":"ancona","name":"","highway":"footway"}},{"type":"Feature","geometry":{"type":"LineString","coordinates":[[13.5135718,43.6158839],[13.51352,43.6157725]]},"properties":{"site":"ancona","name":"","highway":"steps"}},{"type":"Feature","geometry":{"type":"LineString","coordinates":[[13.519861,43.6142455],[13.5198609,43.6141199]]},"properties":{"site":"ancona","name":"","highway":"steps"}},{"type":"Feature","geometry":{"type":"LineString","coordinates":[[13.519538,43.6141153],[13.5194586,43.6140719],[13.5194625,43.613977]]},"properties":{"site":"ancona","name":"","highway":"steps"}},{"type":"Feature","geometry":{"type":"LineString","coordinates":[[13.5198667,43.6143072],[13.519861,43.6142455]]},"properties":{"site":"ancona","name":"","highway":"footway"}},{"type":"Feature","geometry":{"type":"LineString","coordinates":[[13.5090898,43.6191558],[13.5090108,43.61914]]},"properties":{"site":"ancona","name":"Scalo Vittorio Emanuele Secondo","highway":"service"}},{"type":"Feature","geometry":{"type":"LineString","coordinates":[[13.5090108,43.61914],[13.5089717,43.6191515],[13.5089116,43.619169]]},"properties":{"site":"ancona","name":"Scalo Vittorio Emanuele Secondo","highway":"service"}},{"type":"Feature","geometry":{"type":"LineString","coordinates":[[13.5090108,43.61914],[13.5090408,43.6190984],[13.5090766,43.6190858]]},"properties":{"site":"ancona","name":"Scalo Vittorio Emanuele Secondo","highway":"service"}},{"type":"Feature","geometry":{"type":"LineString","coordinates":[[13.5179739,43.6206694],[13.5180229,43.6207775],[13.518074,43.6208902]]},"properties":{"site":"ancona","name":"","highway":"footway"}},{"type":"Feature","geometry":{"type":"LineString","coordinates":[[13.51703,43.6205821],[13.5170629,43.6205746],[13.5174157,43.6204937]]},"properties":{"site":"ancona","name":"","highway":"footway"}},{"type":"Feature","geometry":{"type":"LineString","coordinates":[[13.5174157,43.6204937],[13.5174269,43.6205083],[13.5174423,43.6205168],[13.5174612,43.6205207],[13.5174808,43.6205194],[13.5174997,43.620512],[13.5175121,43.6205012],[13.5175184,43.6204862],[13.5175159,43.6204707],[13.5175047,43.6204571],[13.5174879,43.6204483],[13.5174688,43.6204448],[13.5174498,43.6204466],[13.5174317,43.620454],[13.5174189,43.620466],[13.5174136,43.6204807],[13.5174157,43.6204937]]},"properties":{"site":"ancona","name":"","highway":"footway"}},{"type":"Feature","geometry":{"type":"LineString","coordinates":[[13.5171311,43.620816],[13.5171638,43.6208085],[13.5175648,43.6207166],[13.5179956,43.6206179],[13.5180334,43.6206092]]},"properties":{"site":"ancona","name":"","highway":"footway"}},{"type":"Feature","geometry":{"type":"LineString","coordinates":[[13.5175159,43.6204707],[13.5178946,43.6203839],[13.5179322,43.6203753]]},"properties":{"site":"ancona","name":"","highway":"footway"}},{"type":"Feature","geometry":{"type":"LineString","coordinates":[[13.5169314,43.6203543],[13.5169647,43.6203468],[13.5173683,43.6202553],[13.5177973,43.6201581],[13.5178347,43.6201496]]},"properties":{"site":"ancona","name":"","highway":"footway"}},{"type":"Feature","geometry":{"type":"LineString","coordinates":[[13.5044082,43.6147464],[13.5046209,43.6148867]]},"properties":{"site":"ancona","name":"","highway":"service"}},{"type":"Feature","geometry":{"type":"LineString","coordinates":[[13.5175825,43.6207581],[13.5175707,43.6207304],[13.5175648,43.6207166],[13.5174808,43.6205194]]},"properties":{"site":"ancona","name":"","highway":"footway"}},{"type":"Feature","geometry":{"type":"LineString","coordinates":[[13.5180518,43.6206518],[13.5179739,43.6206694],[13.5175825,43.6207581],[13.5171486,43.6208565],[13.5171311,43.620816],[13.51703,43.6205821],[13.5169314,43.6203543],[13.5168937,43.6202671],[13.5173311,43.620168],[13.517797,43.6200625],[13.5178347,43.6201496],[13.5179322,43.6203753],[13.5180334,43.6206092],[13.5180518,43.6206518]]},"properties":{"site":"ancona","name":"","highway":"footway"}},{"type":"Feature","geometry":{"type":"LineString","coordinates":[[13.5174498,43.6204466],[13.5173683,43.6202553],[13.517344,43.6201982],[13.5173311,43.620168],[13.5172643,43.6200111],[13.5172552,43.6199597]]},"properties":{"site":"ancona","name":"","highway":"footway"}},{"type":"Feature","geometry":{"type":"LineString","coordinates":[[13.5142181,43.6153075],[13.5141871,43.6154426],[13.5138825,43.6155154]]},"properties":{"site":"ancona","name":"","highway":"footway"}},{"type":"Feature","geometry":{"type":"LineString","coordinates":[[13.5138825,43.6155154],[13.5137643,43.6155437],[13.5137804,43.6155749],[13.5138762,43.6155515],[13.5139132,43.615623]]},"properties":{"site":"ancona","name":"","highway":"footway"}},{"type":"Feature","geometry":{"type":"LineString","coordinates":[[13.5143996,43.6166285],[13.5145395,43.6166732],[13.5146331,43.6167059]]},"properties":{"site":"ancona","name":"Piazza Stamira","highway":"footway"}},{"type":"Feature","geometry":{"type":"LineString","coordinates":[[13.5146547,43.6167878],[13.5146417,43.6167586],[13.5146294,43.6167303],[13.5146331,43.6167059],[13.5146613,43.6166876],[13.5146968,43.6166922],[13.5147157,43.6167101],[13.5147281,43.6167373],[13.5147407,43.6167683],[13.5146995,43.6167776],[13.5146547,43.6167878]]},"properties":{"site":"ancona","name":"Piazza Stamira","highway":"footway"}},{"type":"Feature","geometry":{"type":"LineString","coordinates":[[13.5144789,43.6167942],[13.5146417,43.6167586],[13.5146863,43.6167474],[13.5147281,43.6167373],[13.5148797,43.6167018],[13.5148305,43.6165862],[13.5148126,43.6165361],[13.5147995,43.6165031],[13.5147769,43.6164959],[13.5145537,43.6165417],[13.5144396,43.6165663],[13.5143996,43.6166285],[13.5144437,43.6167176],[13.5144789,43.6167942]]},"properties":{"site":"ancona","name":"Piazza Stamira","highway":"footway"}},{"type":"Feature","geometry":{"type":"LineString","coordinates":[[13.5089829,43.6193045],[13.5090895,43.619268],[13.5094607,43.619144],[13.5096021,43.619099]]},"properties":{"site":"ancona","name":"Scalo Vittorio Emanuele Secondo","highway":"pedestrian"}},{"type":"Feature","geometry":{"type":"LineString","coordinates":[[13.5146968,43.6166922],[13.5147438,43.6166036],[13.5148126,43.6165361]]},"properties":{"site":"ancona","name":"Piazza Stamira","highway":"footway"}},{"type":"Feature","geometry":{"type":"LineString","coordinates":[[13.5145247,43.6164672],[13.5145328,43.6164878],[13.5145537,43.6165417],[13.5145629,43.6165652]]},"properties":{"site":"ancona","name":"Piazza Stamira","highway":"footway"}},{"type":"Feature","geometry":{"type":"LineString","coordinates":[[13.5146995,43.6167776],[13.5146863,43.6167474]]},"properties":{"site":"ancona","name":"Piazza Stamira","highway":"steps"}},{"type":"Feature","geometry":{"type":"LineString","coordinates":[[13.5145395,43.6166732],[13.5145186,43.616636],[13.5145572,43.6165739],[13.5145629,43.6165652],[13.5146274,43.6165634],[13.5146688,43.6165711],[13.5147438,43.6166036]]},"properties":{"site":"ancona","name":"Piazza Stamira","highway":"footway"}},{"type":"Feature","geometry":{"type":"LineString","coordinates":[[13.5093632,43.6190141],[13.5094607,43.619144]]},"properties":{"site":"ancona","name":"","highway":"footway"}},{"type":"Feature","geometry":{"type":"LineString","coordinates":[[13.5123741,43.61698],[13.5122629,43.6167757]]},"properties":{"site":"ancona","name":"Scalinata Giorgio Barletta","highway":"steps"}},{"type":"Feature","geometry":{"type":"LineString","coordinates":[[13.5187123,43.6165156],[13.5187316,43.6165624]]},"properties":{"site":"ancona","name":"","highway":"steps"}},{"type":"Feature","geometry":{"type":"LineString","coordinates":[[13.5189646,43.6164456],[13.5189348,43.616505],[13.5187316,43.6165624],[13.5185031,43.6166107],[13.5184489,43.6165887]]},"properties":{"site":"ancona","name":"","highway":"service"}},{"type":"Feature","geometry":{"type":"LineString","coordinates":[[13.5229699,43.6190369],[13.522847,43.6190894],[13.5227132,43.6191217],[13.5224586,43.6191267],[13.5221857,43.6190778],[13.5215883,43.6191218],[13.5214029,43.6191019],[13.5212529,43.6190904]]},"properties":{"site":"ancona","name":"Via Panoramica","highway":"service"}},{"type":"Feature","geometry":{"type":"LineString","coordinates":[[13.5162026,43.6222717],[13.5164438,43.6225858]]},"properties":{"site":"ancona","name":"Via del Cardeto","highway":"service"}},{"type":"Feature","geometry":{"type":"LineString","coordinates":[[13.5165359,43.6226476],[13.5166227,43.6231223],[13.5166372,43.6231773],[13.5167081,43.6232238],[13.5167769,43.6232492],[13.5168561,43.6232529],[13.5177269,43.6230348],[13.5183864,43.6228781],[13.5190247,43.6226201],[13.5192499,43.6225287],[13.519566,43.62238],[13.5197008,43.6222786],[13.5198063,43.6222309],[13.5198376,43.6222057],[13.5198574,43.6221805]]},"properties":{"site":"ancona","name":"Via del Cardeto","highway":"service"}},{"type":"Feature","geometry":{"type":"LineString","coordinates":[[13.5177269,43.6230348],[13.5177148,43.6229883],[13.5176839,43.6229298],[13.5176534,43.6228726],[13.5176186,43.6227856],[13.5175853,43.6226751],[13.5175564,43.6225727],[13.5175196,43.622497],[13.5174805,43.622324],[13.5174065,43.6221495],[13.5173269,43.6219669],[13.5173198,43.621948]]},"properties":{"site":"ancona","name":"","highway":"path"}},{"type":"Feature","geometry":{"type":"LineString","coordinates":[[13.5189987,43.6213281],[13.5190516,43.6212391],[13.5190313,43.6211741],[13.5187679,43.6207027],[13.518568,43.6202651]]},"properties":{"site":"ancona","name":"","highway":"path"}},{"type":"Feature","geometry":{"type":"LineString","coordinates":[[13.5147529,43.6216787],[13.5147753,43.6217002],[13.5149115,43.621663],[13.5149881,43.6216335],[13.5151247,43.6215849],[13.5152655,43.6215419],[13.5153506,43.6215181],[13.5154244,43.6215152],[13.5154855,43.6215236],[13.5155853,43.6215568],[13.515842,43.6218157],[13.5158946,43.6219033],[13.5159651,43.6220752]]},"properties":{"site":"ancona","name":"Via del Faro","highway":"service"}},{"type":"Feature","geometry":{"type":"LineString","coordinates":[[13.5140252,43.6232552],[13.5138375,43.6232306],[13.5136379,43.6231719],[13.5135152,43.6231198],[13.5134444,43.6231163],[13.5133253,43.6231621],[13.5132383,43.6232166]]},"properties":{"site":"ancona","name":"Passeggiata Franco Scataglini","highway":"path"}},{"type":"Feature","geometry":{"type":"LineString","coordinates":[[13.5177183,43.6198754],[13.5177399,43.6198557],[13.5177618,43.6198359],[13.517825,43.6198237],[13.5180373,43.6197693],[13.5180283,43.6197527],[13.5178333,43.6197877],[13.5178282,43.619774],[13.5180797,43.6196925],[13.518059,43.6196751],[13.5178537,43.6197217],[13.5178427,43.6197083],[13.5179914,43.6196558],[13.5180881,43.6196159]]},"properties":{"site":"ancona","name":"","highway":"footway"}},{"type":"Feature","geometry":{"type":"LineString","coordinates":[[13.5049399,43.6253194],[13.5049539,43.62532]]},"properties":{"site":"ancona","name":"","highway":"steps"}},{"type":"Feature","geometry":{"type":"LineString","coordinates":[[13.506541,43.6252671],[13.5064754,43.625277]]},"properties":{"site":"ancona","name":"","highway":"footway"}},{"type":"Feature","geometry":{"type":"LineString","coordinates":[[13.5121014,43.623694],[13.5122187,43.6237117]]},"properties":{"site":"ancona","name":"","highway":"steps"}},{"type":"Feature","geometry":{"type":"LineString","coordinates":[[13.5188985,43.6214161],[13.5189987,43.6213281]]},"properties":{"site":"ancona","name":"","highway":"steps"}},{"type":"Feature","geometry":{"type":"LineString","coordinates":[[13.5071281,43.6252004],[13.5068887,43.6252359],[13.5066817,43.6252423]]},"properties":{"site":"ancona","name":"","highway":"footway"}},{"type":"Feature","geometry":{"type":"LineString","coordinates":[[13.5049399,43.6253194],[13.5039622,43.6252886],[13.5039269,43.6252991],[13.5035499,43.6252934],[13.5034564,43.6253286]]},"properties":{"site":"ancona","name":"","highway":"footway"}},{"type":"Feature","geometry":{"type":"LineString","coordinates":[[13.5066817,43.6252423],[13.506541,43.6252671]]},"properties":{"site":"ancona","name":"","highway":"steps"}},{"type":"Feature","geometry":{"type":"LineString","coordinates":[[13.5060207,43.6253472],[13.5059702,43.625356]]},"properties":{"site":"ancona","name":"","highway":"steps"}},{"type":"Feature","geometry":{"type":"LineString","coordinates":[[13.5063768,43.6253212],[13.5063934,43.6253326]]},"properties":{"site":"ancona","name":"","highway":"steps"}},{"type":"Feature","geometry":{"type":"LineString","coordinates":[[13.512204,43.6237625],[13.5122284,43.6238537],[13.5122205,43.6238891],[13.51221,43.6239734],[13.5122212,43.6240464],[13.5122799,43.6241391],[13.5123482,43.62423],[13.5123857,43.6242651],[13.5124019,43.6242846],[13.5124695,43.6242989],[13.5126355,43.624307],[13.5127747,43.6243126],[13.5128559,43.6243156],[13.5128874,43.6242928],[13.5128549,43.6242054],[13.5127725,43.6241107],[13.5127335,43.6240181],[13.5127485,43.6239494],[13.5128042,43.6238837],[13.5128838,43.6237869],[13.5129434,43.6237801],[13.5129807,43.6237758]]},"properties":{"site":"ancona","name":"","highway":"path"}},{"type":"Feature","geometry":{"type":"LineString","coordinates":[[13.519776,43.6202846],[13.5197497,43.6202474],[13.5197448,43.620205],[13.5197685,43.620158],[13.519814,43.6201302],[13.5198362,43.6200921],[13.5198477,43.6200374],[13.5199405,43.6200198],[13.5199809,43.620032],[13.520014,43.6200455],[13.5200898,43.6200718],[13.5201739,43.620091],[13.52026,43.6201303],[13.5203013,43.6201768],[13.5203337,43.6202263],[13.5203962,43.6202692],[13.5204682,43.6202869],[13.5205262,43.6203172],[13.5206106,43.620359],[13.5206882,43.6204028],[13.5207298,43.6204303],[13.5207421,43.6204644],[13.5207674,43.6204983],[13.5207707,43.62054],[13.5207388,43.6205709],[13.5206455,43.6206046],[13.5205909,43.6206302],[13.5205598,43.6206609]]},"properties":{"site":"ancona","name":"","highway":"path"}},{"type":"Feature","geometry":{"type":"LineString","coordinates":[[13.520893,43.62011],[13.5209779,43.6200721],[13.5211424,43.620059],[13.5212558,43.6200431],[13.5213632,43.6199923],[13.5214732,43.6199836],[13.5215603,43.6199814],[13.5216836,43.6199721]]},"properties":{"site":"ancona","name":"","highway":"path"}},{"type":"Feature","geometry":{"type":"LineString","coordinates":[[13.5165359,43.6226476],[13.5166735,43.6223984],[13.516862,43.6219789],[13.5168553,43.6219323]]},"properties":{"site":"ancona","name":"","highway":"footway"}},{"type":"Feature","geometry":{"type":"LineString","coordinates":[[13.5064754,43.625277],[13.5063359,43.6253008],[13.5060475,43.6253493],[13.5060207,43.6253472]]},"properties":{"site":"ancona","name":"","highway":"footway"}},{"type":"Feature","geometry":{"type":"LineString","coordinates":[[13.5187842,43.6211928],[13.5188985,43.6214161],[13.5188097,43.6214656],[13.5188022,43.6215195],[13.5188404,43.621587]]},"properties":{"site":"ancona","name":"","highway":"footway"}},{"type":"Feature","geometry":{"type":"LineString","coordinates":[[13.5200758,43.6197061],[13.5201537,43.6198346],[13.5203236,43.6199474],[13.5204479,43.620003],[13.5205683,43.6200328],[13.520658,43.6200541],[13.5207337,43.6200631],[13.5208202,43.6200827],[13.520893,43.62011],[13.5209434,43.6201591],[13.5209879,43.6201994],[13.5210426,43.6202407],[13.5211578,43.6203241],[13.5212871,43.6203973],[13.5213882,43.6204482],[13.521481,43.6205011],[13.5215934,43.620552],[13.5217114,43.6205581],[13.5218548,43.6205642],[13.5220065,43.6205804],[13.5221981,43.6206213]]},"properties":{"site":"ancona","name":"","highway":"path"}},{"type":"Feature","geometry":{"type":"LineString","coordinates":[[13.5221847,43.6211835],[13.5220522,43.6211647],[13.5213039,43.6209243],[13.5210021,43.620842],[13.5208154,43.6207815],[13.5206637,43.6207244],[13.5205903,43.6206869],[13.5205598,43.6206609],[13.5204382,43.6205366],[13.5202027,43.6202609],[13.5200609,43.620167],[13.5199908,43.6201588],[13.5199271,43.6201549],[13.5198612,43.6201772],[13.5198125,43.6202084],[13.519776,43.6202846],[13.5197708,43.6203239],[13.5197791,43.620363],[13.5198132,43.6204125],[13.5198894,43.6204909],[13.5199778,43.620574],[13.5200561,43.6206437],[13.5201259,43.6206945],[13.5201835,43.6207512],[13.5202554,43.6208061],[13.5203986,43.6209014],[13.5205637,43.6209966],[13.5207893,43.6211207],[13.5210258,43.6212486],[13.5211506,43.6213419],[13.5212187,43.6214341]]},"properties":{"site":"ancona","name":"","highway":"track"}},{"type":"Feature","geometry":{"type":"LineString","coordinates":[[13.5063934,43.6253326],[13.5064904,43.6254018],[13.5065023,43.6254073],[13.506514,43.6254101],[13.50653,43.6254105],[13.5073066,43.6252358]]},"properties":{"site":"ancona","name":"","highway":"footway"}},{"type":"Feature","geometry":{"type":"LineString","coordinates":[[13.513829,43.6233907],[13.5138948,43.6233751],[13.5139512,43.6233158],[13.5140252,43.6232552]]},"properties":{"site":"ancona","name":"Passeggiata Franco Scataglini","highway":"path"}},{"type":"Feature","geometry":{"type":"LineString","coordinates":[[13.5059702,43.625356],[13.5059243,43.6253639],[13.5053668,43.6253771],[13.5052252,43.6253483]]},"properties":{"site":"ancona","name":"","highway":"footway"}},{"type":"Feature","geometry":{"type":"LineString","coordinates":[[13.5217389,43.619998],[13.5217277,43.6199432],[13.5217619,43.6198461],[13.5217816,43.6198025],[13.5218306,43.6197711],[13.5218884,43.6197606],[13.5219686,43.6197692],[13.5224625,43.6199241],[13.5226432,43.619983],[13.5226999,43.6200235],[13.5227146,43.6200673],[13.5227053,43.6201068],[13.5226145,43.6202536],[13.5225433,43.6202902],[13.5224555,43.6203001],[13.522346,43.6202796]]},"properties":{"site":"ancona","name":"","highway":"path"}},{"type":"Feature","geometry":{"type":"LineString","coordinates":[[13.5148158,43.623041],[13.5147913,43.6230995],[13.5146552,43.6231479],[13.5144635,43.6232117],[13.514314,43.6232665],[13.5142084,43.6233271]]},"properties":{"site":"ancona","name":"","highway":"path"}},{"type":"Feature","geometry":{"type":"LineString","coordinates":[[13.5124019,43.6242846],[13.5123884,43.6243241],[13.512746,43.6244321]]},"properties":{"site":"ancona","name":"","highway":"path"}},{"type":"Feature","geometry":{"type":"LineString","coordinates":[[13.5108209,43.6217282],[13.510848,43.6217607],[13.5109694,43.6217663],[13.5111285,43.6217639]]},"properties":{"site":"ancona","name":"Vicolo della Serpe","highway":"footway"}},{"type":"Feature","geometry":{"type":"LineString","coordinates":[[13.5110111,43.6212471],[13.5110771,43.6214763]]},"properties":{"site":"ancona","name":"Vicolo della Storta","highway":"steps"}},{"type":"Feature","geometry":{"type":"LineString","coordinates":[[13.5108471,43.6212204],[13.5108718,43.6212656],[13.5110111,43.6212471]]},"properties":{"site":"ancona","name":"Vicolo della Storta","highway":"steps"}},{"type":"Feature","geometry":{"type":"LineString","coordinates":[[13.5141192,43.6151682],[13.5140433,43.6150174]]},"properties":{"site":"ancona","name":"","highway":"service"}},{"type":"Feature","geometry":{"type":"LineString","coordinates":[[13.5132277,43.6145608],[13.5129277,43.6146241]]},"properties":{"site":"ancona","name":"","highway":"steps"}},{"type":"Feature","geometry":{"type":"LineString","coordinates":[[13.5128537,43.6154009],[13.5129271,43.6153735]]},"properties":{"site":"ancona","name":"Via Curtatone","highway":"steps"}},{"type":"Feature","geometry":{"type":"LineString","coordinates":[[13.512838,43.615385],[13.5128303,43.6153759]]},"properties":{"site":"ancona","name":"Via Curtatone","highway":"footway"}},{"type":"Feature","geometry":{"type":"LineString","coordinates":[[13.5129271,43.6153735],[13.5129149,43.6153564]]},"properties":{"site":"ancona","name":"Via Curtatone","highway":"footway"}},{"type":"Feature","geometry":{"type":"LineString","coordinates":[[13.5128701,43.6154239],[13.5128537,43.6154009]]},"properties":{"site":"ancona","name":"Via Curtatone","highway":"footway"}},{"type":"Feature","geometry":{"type":"LineString","coordinates":[[13.5129149,43.6153564],[13.512838,43.615385]]},"properties":{"site":"ancona","name":"Via Curtatone","highway":"steps"}},{"type":"Feature","geometry":{"type":"LineString","coordinates":[[13.5129492,43.6153944],[13.5128701,43.6154239]]},"properties":{"site":"ancona","name":"Via Curtatone","highway":"steps"}},{"type":"Feature","geometry":{"type":"LineString","coordinates":[[13.5130604,43.6152843],[13.5128054,43.6149568]]},"properties":{"site":"ancona","name":"Via Curtatone","highway":"steps"}},{"type":"Feature","geometry":{"type":"LineString","coordinates":[[13.5131286,43.6225564],[13.5130647,43.6224727],[13.513222,43.6224449]]},"properties":{"site":"ancona","name":"Via dell'Ospizio","highway":"service"}},{"type":"Feature","geometry":{"type":"LineString","coordinates":[[13.5150842,43.6212453],[13.5149225,43.6213734]]},"properties":{"site":"ancona","name":"","highway":"footway"}},{"type":"Feature","geometry":{"type":"LineString","coordinates":[[13.5142504,43.6206705],[13.5143236,43.6206206]]},"properties":{"site":"ancona","name":"","highway":"steps"}},{"type":"Feature","geometry":{"type":"LineString","coordinates":[[13.5143023,43.6205766],[13.5143236,43.6206206],[13.5143966,43.620661]]},"properties":{"site":"ancona","name":"","highway":"footway"}},{"type":"Feature","geometry":{"type":"LineString","coordinates":[[13.5143627,43.6202931],[13.5143935,43.6203222],[13.5144049,43.6203335],[13.5144747,43.6202952],[13.5145297,43.6203637]]},"properties":{"site":"ancona","name":"","highway":"steps"}},{"type":"Feature","geometry":{"type":"LineString","coordinates":[[13.5131779,43.6214812],[13.5128992,43.6213667],[13.5128704,43.6212885],[13.5129599,43.620999]]},"properties":{"site":"ancona","name":"","highway":"service"}},{"type":"Feature","geometry":{"type":"LineString","coordinates":[[13.5141909,43.6217289],[13.514236,43.621836],[13.5141633,43.6219163],[13.5141656,43.6219903],[13.5141976,43.6220326],[13.5142468,43.6220491]]},"properties":{"site":"ancona","name":"","highway":"steps"}},{"type":"Feature","geometry":{"type":"LineString","coordinates":[[13.5173925,43.6149724],[13.5174446,43.614922]]},"properties":{"site":"ancona","name":"","highway":"footway"}},{"type":"Feature","geometry":{"type":"LineString","coordinates":[[13.5048696,43.6150185],[13.5050136,43.6151419]]},"properties":{"site":"ancona","name":"Largo Caduti sul Mare","highway":"footway"}},{"type":"Feature","geometry":{"type":"LineString","coordinates":[[13.5061788,43.6160143],[13.506237,43.6159932]]},"properties":{"site":"ancona","name":"","highway":"footway"}},{"type":"Feature","geometry":{"type":"LineString","coordinates":[[13.5158222,43.622555],[13.5160134,43.6228621],[13.5160288,43.6228875]]},"properties":{"site":"ancona","name":"","highway":"service"}},{"type":"Feature","geometry":{"type":"LineString","coordinates":[[13.5172511,43.6212122],[13.517108,43.6213349],[13.5170669,43.6213704],[13.517488,43.6216483]]},"properties":{"site":"ancona","name":"Via del Cardeto","highway":"service"}},{"type":"Feature","geometry":{"type":"LineString","coordinates":[[13.517455,43.61909],[13.5180561,43.6188966]]},"properties":{"site":"ancona","name":"","highway":"footway"}},{"type":"Feature","geometry":{"type":"LineString","coordinates":[[13.5059217,43.6165756],[13.5058402,43.6166839],[13.5058211,43.6167093],[13.5058037,43.6167323],[13.5057991,43.6167504],[13.505794,43.6167706],[13.5058182,43.6168289],[13.505904,43.6169104],[13.5061518,43.6170219],[13.5064155,43.6170655],[13.5063972,43.6170926],[13.5063591,43.6171505],[13.5063472,43.6171685],[13.5063337,43.617189],[13.5063171,43.6172192],[13.5065075,43.6172852],[13.5067804,43.6174345],[13.5070949,43.6176736],[13.5076179,43.6182095],[13.5076735,43.6182501],[13.5077977,43.6183318],[13.5079062,43.6184235],[13.5082287,43.6187472],[13.5082802,43.618797],[13.5084536,43.6189999],[13.508962,43.6195948],[13.5090772,43.61996],[13.5090167,43.619971],[13.5089527,43.6201696],[13.5088941,43.6203704],[13.5088769,43.6204283]]},"properties":{"site":"ancona","name":"","highway":"footway"}},{"type":"Feature","geometry":{"type":"LineString","coordinates":[[13.5130844,43.6241578],[13.5129261,43.62412],[13.512796,43.6240695],[13.5127335,43.6240181]]},"properties":{"site":"ancona","name":"","highway":"path"}},{"type":"Feature","geometry":{"type":"LineString","coordinates":[[13.5133914,43.6237104],[13.5136185,43.6235873],[13.5137297,43.6235253],[13.5137574,43.6234866],[13.5137475,43.6234494],[13.5136963,43.6234159],[13.513669,43.6233865],[13.5136617,43.6233588],[13.5136768,43.6233342]]},"properties":{"site":"ancona","name":"Passeggiata Franco Scataglini","highway":"path"}},{"type":"Feature","geometry":{"type":"LineString","coordinates":[[13.5127335,43.6240181],[13.5125906,43.6238869],[13.5125748,43.6239763],[13.5125144,43.6239743],[13.5124299,43.6239433],[13.5123669,43.6238685],[13.5123105,43.6238627],[13.512272,43.6238951],[13.5122205,43.6238891],[13.5121352,43.6238683],[13.5120008,43.6242104]]},"properties":{"site":"ancona","name":"","highway":"path"}},{"type":"Feature","geometry":{"type":"LineString","coordinates":[[13.5129807,43.6237758],[13.5129233,43.623687],[13.5129082,43.6236237],[13.5128817,43.6236064],[13.512859,43.6236006],[13.5127933,43.6236113],[13.5127098,43.6236398],[13.5126712,43.623654],[13.5126028,43.6237201]]},"properties":{"site":"ancona","name":"","highway":"path"}},{"type":"Feature","geometry":{"type":"LineString","coordinates":[[13.5122717,43.6230604],[13.5121985,43.6230702],[13.5121119,43.6231054],[13.5120617,43.6232123],[13.511813,43.62342],[13.5117187,43.6234524]]},"properties":{"site":"ancona","name":"","highway":"service"}},{"type":"Feature","geometry":{"type":"LineString","coordinates":[[13.5201871,43.615873],[13.5200425,43.6155318]]},"properties":{"site":"ancona","name":"","highway":"footway"}},{"type":"Feature","geometry":{"type":"LineString","coordinates":[[13.5201839,43.616119],[13.5201144,43.6158919],[13.5201871,43.615873],[13.5203374,43.6158341],[13.5203092,43.6156472]]},"properties":{"site":"ancona","name":"","highway":"service"}},{"type":"Feature","geometry":{"type":"LineString","coordinates":[[13.513295,43.6193955],[13.5134875,43.6196179]]},"properties":{"site":"ancona","name":"","highway":"steps"}},{"type":"Feature","geometry":{"type":"LineString","coordinates":[[13.5103215,43.6230872],[13.510253,43.6232102],[13.5102269,43.6232523]]},"properties":{"site":"ancona","name":"Via della Cisterna","highway":"pedestrian"}},{"type":"Feature","geometry":{"type":"LineString","coordinates":[[13.5088999,43.6178632],[13.5089772,43.6178982]]},"properties":{"site":"ancona","name":"Via Enrico Cialdini","highway":"service"}},{"type":"Feature","geometry":{"type":"LineString","coordinates":[[13.5088229,43.6178295],[13.5088999,43.6178632]]},"properties":{"site":"ancona","name":"Via Enrico Cialdini","highway":"service"}},{"type":"Feature","geometry":{"type":"LineString","coordinates":[[13.5114011,43.6176697],[13.5113643,43.6176132]]},"properties":{"site":"ancona","name":"Via Don Antonio Gioia","highway":"steps"}},{"type":"Feature","geometry":{"type":"LineString","coordinates":[[13.5109812,43.62338],[13.5111149,43.623371],[13.5112436,43.6233642]]},"properties":{"site":"ancona","name":"","highway":"path"}},{"type":"Feature","geometry":{"type":"LineString","coordinates":[[13.5119203,43.6230694],[13.5117544,43.6233846],[13.5117187,43.6234524]]},"properties":{"site":"ancona","name":"","highway":"service"}},{"type":"Feature","geometry":{"type":"LineString","coordinates":[[13.5168284,43.6181885],[13.5168559,43.6182369]]},"properties":{"site":"ancona","name":"Largo Eugenio Curiel","highway":"footway"}},{"type":"Feature","geometry":{"type":"LineString","coordinates":[[13.516762,43.6180704],[13.5167777,43.6180919]]},"properties":{"site":"ancona","name":"Largo Eugenio Curiel","highway":"steps"}},{"type":"Feature","geometry":{"type":"LineString","coordinates":[[13.5168168,43.6181644],[13.5168284,43.6181885]]},"properties":{"site":"ancona","name":"Largo Eugenio Curiel","highway":"steps"}},{"type":"Feature","geometry":{"type":"LineString","coordinates":[[13.5167777,43.6180919],[13.5168168,43.6181644]]},"properties":{"site":"ancona","name":"Largo Eugenio Curiel","highway":"footway"}},{"type":"Feature","geometry":{"type":"LineString","coordinates":[[13.5168559,43.6182369],[13.5168889,43.6183079],[13.5169024,43.6183417]]},"properties":{"site":"ancona","name":"Largo Eugenio Curiel","highway":"steps"}},{"type":"Feature","geometry":{"type":"LineString","coordinates":[[13.5152169,43.6142004],[13.5152044,43.614256],[13.5151612,43.6143298],[13.515111,43.6143596],[13.5150948,43.6144073],[13.5151215,43.6145186],[13.5150774,43.6145735],[13.5149663,43.6146203]]},"properties":{"site":"ancona","name":"","highway":"service"}},{"type":"Feature","geometry":{"type":"LineString","coordinates":[[13.5149663,43.6146203],[13.5148749,43.6146829],[13.514605,43.6147582],[13.5146343,43.6148267],[13.5140763,43.6149595],[13.5140319,43.6148835],[13.5140078,43.6148561],[13.5139615,43.6148668]]},"properties":{"site":"ancona","name":"","highway":"service"}},{"type":"Feature","geometry":{"type":"LineString","coordinates":[[13.5052166,43.614536],[13.5052456,43.6143764],[13.5052314,43.6142233],[13.5051901,43.6141031],[13.5050009,43.6137048],[13.5047037,43.6131937],[13.5046894,43.6131654]]},"properties":{"site":"ancona","name":"","highway":"footway"}},{"type":"Feature","geometry":{"type":"LineString","coordinates":[[13.5051002,43.614807],[13.5050742,43.6149461],[13.5050683,43.6150283],[13.5050726,43.6151083],[13.5050943,43.6152065],[13.5051184,43.6152803],[13.5051641,43.6153719],[13.5051936,43.6154311],[13.5052808,43.615601],[13.5053126,43.6156557],[13.5053638,43.6157213],[13.5054367,43.6158235]]},"properties":{"site":"ancona","name":"","highway":"footway"}},{"type":"Feature","geometry":{"type":"LineString","coordinates":[[13.5053169,43.6152719],[13.5054134,43.6154782],[13.5055178,43.6156347],[13.5055378,43.6156588],[13.5056318,43.6157536],[13.5060529,43.6159891],[13.5060045,43.6160347]]},"properties":{"site":"ancona","name":"Via Ventinove Settembre","highway":"footway"}},{"type":"Feature","geometry":{"type":"LineString","coordinates":[[13.5054654,43.6141488],[13.5054178,43.6141762],[13.5053676,43.6142053],[13.5053156,43.6142132],[13.5052314,43.6142233]]},"properties":{"site":"ancona","name":"","highway":"footway"}},{"type":"Feature","geometry":{"type":"LineString","coordinates":[[13.5052166,43.614536],[13.5052771,43.614548],[13.505322,43.6145571],[13.5053723,43.6145822],[13.5054096,43.6146081]]},"properties":{"site":"ancona","name":"","highway":"footway"}},{"type":"Feature","geometry":{"type":"LineString","coordinates":[[13.506021,43.6144647],[13.505893,43.614421],[13.5057613,43.6143582],[13.505711,43.6143197],[13.5056961,43.6142939],[13.5056323,43.6142531],[13.5055768,43.6142264],[13.5055074,43.6141875],[13.5054654,43.6141488],[13.5053634,43.6139419]]},"properties":{"site":"ancona","name":"","highway":"footway"}},{"type":"Feature","geometry":{"type":"LineString","coordinates":[[13.5047309,43.6149361],[13.5047636,43.6148876],[13.5049116,43.6146123],[13.5049507,43.6145214],[13.5049802,43.6144294],[13.5049957,43.614382],[13.5050061,43.6143352],[13.5050043,43.6142024],[13.5049944,43.6140696],[13.5049708,43.6139803],[13.5049369,43.6138878],[13.5048935,43.61379],[13.5048429,43.6136921],[13.5047494,43.61356],[13.5046508,43.6134279],[13.5045668,43.6133349],[13.5044798,43.6132581],[13.5044244,43.6132234],[13.504367,43.6131954],[13.5042888,43.6131697],[13.5038064,43.6130745]]},"properties":{"site":"ancona","name":"","highway":"footway"}},{"type":"Feature","geometry":{"type":"LineString","coordinates":[[13.5097205,43.6207716],[13.5096551,43.6207738],[13.50958,43.6207764]]},"properties":{"site":"ancona","name":"Largo della Dogana","highway":"pedestrian"}},{"type":"Feature","geometry":{"type":"LineString","coordinates":[[13.500283,43.6150803],[13.5003965,43.6150641],[13.5005762,43.6150395],[13.5009705,43.6149856],[13.5010889,43.6152957],[13.5010889,43.6157711],[13.5009705,43.6157874],[13.5005762,43.6150395]]},"properties":{"site":"ancona","name":"","highway":"service"}},{"type":"Feature","geometry":{"type":"LineString","coordinates":[[13.5000602,43.6238099],[13.5006787,43.6246351]]},"properties":{"site":"ancona","name":"Molo della Lanterna","highway":"service"}},{"type":"Feature","geometry":{"type":"LineString","coordinates":[[13.5006787,43.6246351],[13.5005261,43.6246922],[13.5004647,43.6248454],[13.4994449,43.6251633],[13.499336,43.6252875],[13.4984045,43.6255286],[13.4979989,43.6256256],[13.4975551,43.6255889]]},"properties":{"site":"ancona","name":"Molo Nord","highway":"service"}},{"type":"Feature","geometry":{"type":"LineString","coordinates":[[13.5093593,43.6251761],[13.5094163,43.6251893],[13.509466,43.6252048],[13.5095004,43.6253396],[13.5095287,43.6253438],[13.5095674,43.6253346],[13.5096089,43.6253006],[13.5096336,43.625225],[13.5096564,43.6252093],[13.5096964,43.6252104],[13.509739,43.6252466],[13.5097995,43.6252884]]},"properties":{"site":"ancona","name":"","highway":"steps"}},{"type":"Feature","geometry":{"type":"LineString","coordinates":[[13.5083374,43.6221862],[13.5084232,43.6221882],[13.5086002,43.622262],[13.5088222,43.6223705],[13.5088315,43.622375]]},"properties":{"site":"ancona","name":"Molo Wojtila","highway":"service"}},{"type":"Feature","geometry":{"type":"LineString","coordinates":[[13.5088315,43.622375],[13.5089757,43.6224066],[13.5090648,43.6224273]]},"properties":{"site":"ancona","name":"Molo Wojtila","highway":"service"}},{"type":"Feature","geometry":{"type":"LineString","coordinates":[[13.5089196,43.6225162],[13.5088953,43.622477],[13.5088315,43.622375]]},"properties":{"site":"ancona","name":"Molo Wojtila","highway":"service"}},{"type":"Feature","geometry":{"type":"LineString","coordinates":[[13.5083374,43.6221862],[13.5081711,43.6222406],[13.5080605,43.6223184]]},"properties":{"site":"ancona","name":"Molo Wojtila","highway":"service"}},{"type":"Feature","geometry":{"type":"LineString","coordinates":[[13.5079955,43.6222069],[13.5081228,43.6221959],[13.5083374,43.6221862]]},"properties":{"site":"ancona","name":"Molo Wojtila","highway":"service"}},{"type":"Feature","geometry":{"type":"LineString","coordinates":[[13.5077105,43.6222733],[13.507735,43.6222345],[13.5077757,43.6222037],[13.5078281,43.6221841],[13.5078864,43.6221779],[13.5079443,43.6221858],[13.5079955,43.6222069],[13.5080338,43.6222382],[13.5080562,43.6222767],[13.5080605,43.6223184],[13.5080457,43.6223597],[13.5080132,43.6223953],[13.5079663,43.6224212],[13.5079104,43.6224347],[13.5078515,43.6224342],[13.507796,43.6224199],[13.5077499,43.6223933],[13.5077183,43.6223573],[13.5077047,43.6223158],[13.5077105,43.6222733]]},"properties":{"site":"ancona","name":"Molo Wojtila","highway":"service"}},{"type":"Feature","geometry":{"type":"LineString","coordinates":[[13.5078367,43.6182072],[13.507859,43.6181973],[13.507907,43.6181759],[13.5079559,43.6181542],[13.5079662,43.6181496],[13.5079965,43.6181361],[13.508009,43.6181306],[13.5080484,43.6181131],[13.5080624,43.6181069],[13.5081003,43.6180912],[13.5081558,43.6180682]]},"properties":{"site":"ancona","name":"","highway":"footway"}},{"type":"Feature","geometry":{"type":"LineString","coordinates":[[13.51692,43.6182983],[13.5169014,43.618304],[13.5167777,43.6180919],[13.5167968,43.6180854],[13.5168998,43.6180501],[13.5169295,43.6180602],[13.5169923,43.6180927],[13.5170405,43.6181658],[13.5170608,43.61822],[13.5170503,43.6182418],[13.51692,43.6182983]]},"properties":{"site":"ancona","name":"Largo Eugenio Curiel","highway":"pedestrian"}},{"type":"Feature","geometry":{"type":"LineString","coordinates":[[13.5126648,43.6195143],[13.5125724,43.6194516],[13.5124404,43.6194088],[13.5117036,43.6196021],[13.511652,43.6195979],[13.5115724,43.6195576],[13.5113759,43.619609],[13.5109629,43.6197288],[13.5108098,43.6197697],[13.5107788,43.6198081],[13.5107421,43.6198215]]},"properties":{"site":"ancona","name":"Piazza del Plebiscito","highway":"pedestrian"}},{"type":"Feature","geometry":{"type":"LineString","coordinates":[[13.5113187,43.6195052],[13.5113759,43.619609]]},"properties":{"site":"ancona","name":"Piazza del Plebiscito","highway":"pedestrian"}},{"type":"Feature","geometry":{"type":"LineString","coordinates":[[13.5054096,43.6146081],[13.5052607,43.6150196],[13.5052813,43.6151855],[13.5053169,43.6152719]]},"properties":{"site":"ancona","name":"Via Guglielmo Marconi","highway":"footway"}},{"type":"Feature","geometry":{"type":"LineString","coordinates":[[13.5174577,43.6167744],[13.5176328,43.6167271],[13.5180098,43.6166256]]},"properties":{"site":"ancona","name":"Piazza Camillo Benso Conte di Cavour","highway":"pedestrian"}},{"type":"Feature","geometry":{"type":"LineString","coordinates":[[13.5181,43.6169866],[13.5181675,43.6169246],[13.518373,43.6168381]]},"properties":{"site":"ancona","name":"","highway":"footway"}},{"type":"Feature","geometry":{"type":"LineString","coordinates":[[13.5179774,43.6169691],[13.5181,43.6169866],[13.5181641,43.6170745],[13.5182515,43.6171364],[13.5183524,43.6171692],[13.5185434,43.6172028]]},"properties":{"site":"ancona","name":"","highway":"footway"}},{"type":"Feature","geometry":{"type":"LineString","coordinates":[[13.5177179,43.6164125],[13.5177879,43.6163465],[13.5178321,43.6161354],[13.5178923,43.616119]]},"properties":{"site":"ancona","name":"","highway":"footway"}},{"type":"Feature","geometry":{"type":"LineString","coordinates":[[13.517955,43.6170911],[13.51792,43.6170392],[13.517761,43.6168764],[13.5176328,43.6167271]]},"properties":{"site":"ancona","name":"","highway":"footway"}},{"type":"Feature","geometry":{"type":"LineString","coordinates":[[13.5099632,43.618635],[13.5100514,43.6186113],[13.5102098,43.6185688],[13.5102164,43.6185673],[13.5103169,43.6185444],[13.5103421,43.6185396],[13.5103697,43.6185338],[13.5106832,43.6184528],[13.5106967,43.6184497],[13.5107111,43.6184454],[13.5110597,43.6183554],[13.5110723,43.6183526],[13.511084,43.6183488],[13.5113218,43.6182866],[13.5113375,43.6182766],[13.5113528,43.6182703],[13.5115633,43.6182178],[13.5115877,43.6182134],[13.5116119,43.6182092],[13.5119221,43.6181317],[13.5119783,43.6181177],[13.5120316,43.6181049],[13.5120834,43.6180885],[13.5128084,43.6179055],[13.5128375,43.6179622],[13.5128564,43.6180238],[13.512776,43.6180435],[13.5127074,43.6180602],[13.5126484,43.6180747],[13.5125866,43.6180898],[13.5124815,43.6181155],[13.512378,43.6181439],[13.5123315,43.6181566],[13.5122897,43.6181681],[13.5122486,43.6181794],[13.5122315,43.6181837],[13.5122125,43.6181852],[13.5121655,43.6181964],[13.5121003,43.6182119],[13.5120367,43.6182271],[13.5119834,43.6182398],[13.5119565,43.6182473],[13.5118672,43.6182723],[13.5117027,43.6183183],[13.5116361,43.6183369],[13.511621,43.6183411],[13.5116068,43.6183453],[13.5113664,43.6184052],[13.5113504,43.6184102],[13.5113348,43.6184149],[13.5111466,43.6184626],[13.5111264,43.6184677],[13.5111043,43.6184732],[13.5109377,43.6185151],[13.5107932,43.6185513],[13.5107814,43.6185543],[13.5107715,43.618557],[13.5106039,43.6186018],[13.510592,43.618605],[13.5105793,43.6186079],[13.5102829,43.6186819],[13.5101699,43.6187151],[13.5100951,43.6187348],[13.5100519,43.6187462],[13.5100237,43.6187679],[13.5100103,43.6187782],[13.5100006,43.6186891],[13.5099632,43.618635]]},"properties":{"site":"ancona","name":"","highway":"pedestrian"}},{"type":"Feature","geometry":{"type":"LineString","coordinates":[[13.5104359,43.618861],[13.51041,43.6188702]]},"properties":{"site":"ancona","name":"Corso Giuseppe Mazzini","highway":"pedestrian"}},{"type":"Feature","geometry":{"type":"LineString","coordinates":[[13.5133575,43.6178879],[13.5133445,43.6178304],[13.5133261,43.6177731],[13.5133476,43.6177677],[13.5134115,43.6177516],[13.5134524,43.6177413],[13.5135037,43.6177283],[13.5135229,43.6177235],[13.5137027,43.6176764],[13.5139216,43.6176163],[13.5139983,43.6175964],[13.5141265,43.6175633],[13.514158,43.6175551],[13.5142061,43.6175425],[13.5142904,43.6175235],[13.5143668,43.6175029],[13.5144582,43.6174782],[13.5146587,43.6174241],[13.5148046,43.6173846],[13.5148666,43.6173679],[13.5149364,43.6173509],[13.5149887,43.6173376],[13.5149963,43.6173357],[13.5150668,43.6173185],[13.5151804,43.6172907],[13.5151926,43.6172877],[13.5154075,43.6172306],[13.5154851,43.6172112],[13.5155384,43.6171979],[13.5156194,43.6171776],[13.5157105,43.6171548],[13.5158342,43.6171227],[13.5158753,43.617112],[13.5159058,43.6171041],[13.5159357,43.6171662],[13.5159611,43.6172241],[13.5157797,43.6172691],[13.5157545,43.6172753],[13.5156646,43.6172985],[13.5155172,43.6173364],[13.5154728,43.6173491],[13.5153522,43.6173835],[13.515324,43.6173915],[13.5152029,43.6174211],[13.515041,43.6174607],[13.514985,43.6174754],[13.5149165,43.6174907],[13.5146337,43.6175626],[13.5143424,43.6176476],[13.5142563,43.6176589],[13.5142154,43.6176676],[13.5141711,43.6176792],[13.5140157,43.61772],[13.5138892,43.6177518],[13.5137912,43.6177781],[13.5135795,43.6178317],[13.5133575,43.6178879]]},"properties":{"site":"ancona","name":"","highway":"pedestrian"}},{"type":"Feature","geometry":{"type":"LineString","coordinates":[[13.5138892,43.6177518],[13.5139566,43.617905],[13.5139925,43.6179908]]},"properties":{"site":"ancona","name":"Galleria Dorica","highway":"pedestrian"}},{"type":"Feature","geometry":{"type":"LineString","coordinates":[[13.5135211,43.6179888],[13.5139566,43.617905],[13.5141716,43.6178636]]},"properties":{"site":"ancona","name":"Galleria Dorica","highway":"pedestrian"}},{"type":"Feature","geometry":{"type":"LineString","coordinates":[[13.5105887,43.6182797],[13.5106967,43.6184497],[13.5107388,43.6185002]]},"properties":{"site":"ancona","name":"Via Astagno","highway":"pedestrian"}},{"type":"Feature","geometry":{"type":"LineString","coordinates":[[13.5158624,43.6179647],[13.5158796,43.617989],[13.5158281,43.6180199]]},"properties":{"site":"ancona","name":"","highway":"steps"}},{"type":"Feature","geometry":{"type":"LineString","coordinates":[[13.5158796,43.617989],[13.5159455,43.617983]]},"properties":{"site":"ancona","name":"","highway":"steps"}},{"type":"Feature","geometry":{"type":"LineString","coordinates":[[13.5104896,43.6206123],[13.510414,43.6206257],[13.5102572,43.6206564],[13.5102437,43.6206555],[13.5102344,43.6206496],[13.5102301,43.6206233],[13.5102057,43.6204724],[13.5102368,43.6204676],[13.5103398,43.6204491],[13.5103536,43.6204821],[13.5103951,43.6205267],[13.5104896,43.6206123]]},"properties":{"site":"ancona","name":"Piazza Santa Maria","highway":"pedestrian"}},{"type":"Feature","geometry":{"type":"LineString","coordinates":[[13.5180098,43.6166256],[13.5181702,43.6165824],[13.5182316,43.6165657]]},"properties":{"site":"ancona","name":"Piazza Camillo Benso Conte di Cavour","highway":"pedestrian"}},{"type":"Feature","geometry":{"type":"LineString","coordinates":[[13.5186903,43.6163659],[13.5187252,43.6164328]]},"properties":{"site":"ancona","name":"","highway":"footway"}},{"type":"Feature","geometry":{"type":"LineString","coordinates":[[13.5209001,43.6162183],[13.520882,43.6161463]]},"properties":{"site":"ancona","name":"","highway":"footway"}},{"type":"Feature","geometry":{"type":"LineString","coordinates":[[13.5205743,43.6160883],[13.520593,43.6161743]]},"properties":{"site":"ancona","name":"","highway":"footway"}},{"type":"Feature","geometry":{"type":"LineString","coordinates":[[13.516514,43.616487],[13.5160684,43.6165948],[13.515875,43.6166415],[13.5159575,43.6168203],[13.5160981,43.6171248],[13.5162202,43.6173909],[13.5163288,43.6176348],[13.5165422,43.6175984],[13.516945,43.6175057],[13.5174092,43.6173984],[13.5175987,43.6173527],[13.5175404,43.6171913],[13.5174982,43.6170872],[13.5173679,43.6167962],[13.5172106,43.6164815],[13.5170986,43.6163697],[13.5170378,43.6163603],[13.5169324,43.6163858],[13.5165783,43.6164714],[13.516514,43.616487]]},"properties":{"site":"ancona","name":"","highway":"footway"}},{"type":"Feature","geometry":{"type":"LineString","coordinates":[[13.5033206,43.6148763],[13.5030629,43.6147904]]},"properties":{"site":"ancona","name":"","highway":"footway"}},{"type":"Feature","geometry":{"type":"LineString","coordinates":[[13.5046374,43.6148999],[13.5046209,43.6148867]]},"properties":{"site":"ancona","name":"","highway":"service"}},{"type":"Feature","geometry":{"type":"LineString","coordinates":[[13.5028966,43.614539],[13.5028088,43.6145219],[13.5028306,43.6143551],[13.5028541,43.6140997]]},"properties":{"site":"ancona","name":"","highway":"footway"}},{"type":"Feature","geometry":{"type":"LineString","coordinates":[[13.5033609,43.6149472],[13.5033408,43.6148852],[13.5033206,43.6148763]]},"properties":{"site":"ancona","name":"","highway":"footway"}},{"type":"Feature","geometry":{"type":"LineString","coordinates":[[13.5139925,43.6179908],[13.5140113,43.6180354]]},"properties":{"site":"ancona","name":"Galleria Dorica","highway":"steps"}},{"type":"Feature","geometry":{"type":"LineString","coordinates":[[13.5142198,43.6178544],[13.5142661,43.6178454]]},"properties":{"site":"ancona","name":"Galleria Dorica","highway":"pedestrian"}},{"type":"Feature","geometry":{"type":"LineString","coordinates":[[13.5141716,43.6178636],[13.5142198,43.6178544]]},"properties":{"site":"ancona","name":"Galleria Dorica","highway":"steps"}},{"type":"Feature","geometry":{"type":"LineString","coordinates":[[13.5140113,43.6180354],[13.5140419,43.6181086]]},"properties":{"site":"ancona","name":"Galleria Dorica","highway":"pedestrian"}},{"type":"Feature","geometry":{"type":"LineString","coordinates":[[13.516481,43.6170769],[13.5165309,43.6171075],[13.5165914,43.6171254],[13.5166565,43.617129],[13.51672,43.6171178],[13.5167507,43.6171041],[13.5167756,43.617093],[13.5168159,43.6170593],[13.5168408,43.6170186],[13.5168484,43.6169745],[13.5168379,43.6169306],[13.5168103,43.616891],[13.5167679,43.6168588],[13.5167146,43.616837],[13.5166547,43.6168272],[13.5165843,43.6168322],[13.5165202,43.6168539],[13.5164697,43.6168898],[13.5164387,43.6169359],[13.5164307,43.6169868],[13.5164467,43.6170367],[13.516481,43.6170769]]},"properties":{"site":"ancona","name":"Piazza Camillo Benso Conte di Cavour","highway":"pedestrian"}},{"type":"Feature","geometry":{"type":"LineString","coordinates":[[13.5169761,43.6164848],[13.5169324,43.6163858]]},"properties":{"site":"ancona","name":"","highway":"footway"}},{"type":"Feature","geometry":{"type":"LineString","coordinates":[[13.5175987,43.6173527],[13.5177595,43.6173886]]},"properties":{"site":"ancona","name":"","highway":"footway"}},{"type":"Feature","geometry":{"type":"LineString","coordinates":[[13.5161144,43.6166882],[13.5160684,43.6165948]]},"properties":{"site":"ancona","name":"","highway":"footway"}},{"type":"Feature","geometry":{"type":"LineString","coordinates":[[13.5173656,43.617296],[13.5174092,43.6173984]]},"properties":{"site":"ancona","name":"","highway":"footway"}},{"type":"Feature","geometry":{"type":"LineString","coordinates":[[13.5174066,43.6172199],[13.5175404,43.6171913],[13.5176513,43.6171683]]},"properties":{"site":"ancona","name":"","highway":"footway"}},{"type":"Feature","geometry":{"type":"LineString","coordinates":[[13.5104838,43.6212604],[13.5107992,43.621214]]},"properties":{"site":"ancona","name":"Vicolo della Storta","highway":"steps"}},{"type":"Feature","geometry":{"type":"LineString","coordinates":[[13.5113187,43.6214937],[13.511526,43.621415]]},"properties":{"site":"ancona","name":"Vicolo della Serpe","highway":"steps"}},{"type":"Feature","geometry":{"type":"LineString","coordinates":[[13.5111285,43.6217639],[13.5111302,43.621696],[13.5111616,43.6216924],[13.5111555,43.6215892],[13.5113363,43.6215457],[13.5113187,43.6214937]]},"properties":{"site":"ancona","name":"Vicolo della Serpe","highway":"steps"}},{"type":"Feature","geometry":{"type":"LineString","coordinates":[[13.5109694,43.6217663],[13.5109925,43.6217919]]},"properties":{"site":"ancona","name":"","highway":"steps"}},{"type":"Feature","geometry":{"type":"LineString","coordinates":[[13.5130362,43.617786],[13.5130489,43.6177829],[13.5130855,43.6177741],[13.5131062,43.6178188]]},"properties":{"site":"ancona","name":"","highway":"steps"}},{"type":"Feature","geometry":{"type":"LineString","coordinates":[[13.5130362,43.617786],[13.5130224,43.6177893],[13.5129855,43.6177981],[13.5130058,43.6178432]]},"properties":{"site":"ancona","name":"","highway":"steps"}},{"type":"Feature","geometry":{"type":"LineString","coordinates":[[13.5093897,43.6177408],[13.5093574,43.6177451],[13.5093133,43.6177542]]},"properties":{"site":"ancona","name":"","highway":"footway"}},{"type":"Feature","geometry":{"type":"LineString","coordinates":[[13.5095023,43.6177327],[13.5095859,43.617722]]},"properties":{"site":"ancona","name":"","highway":"steps"}},{"type":"Feature","geometry":{"type":"LineString","coordinates":[[13.5097323,43.6178645],[13.5095859,43.617722]]},"properties":{"site":"ancona","name":"","highway":"steps"}},{"type":"Feature","geometry":{"type":"LineString","coordinates":[[13.5095859,43.617722],[13.5098098,43.6176063]]},"properties":{"site":"ancona","name":"","highway":"footway"}},{"type":"Feature","geometry":{"type":"LineString","coordinates":[[13.5095859,43.617722],[13.5094974,43.6176483],[13.5094307,43.6176536],[13.5093889,43.6176677],[13.5093632,43.6177004],[13.5093574,43.6177286]]},"properties":{"site":"ancona","name":"","highway":"footway"}},{"type":"Feature","geometry":{"type":"LineString","coordinates":[[13.5215734,43.6195026],[13.5215294,43.6194532],[13.5214681,43.6194101],[13.5213882,43.6193748],[13.5212426,43.6193251],[13.5210797,43.6192909],[13.5209074,43.6192814],[13.5207629,43.6192433],[13.5206868,43.6191885],[13.5207524,43.6191687]]},"properties":{"site":"ancona","name":"","highway":"path"}},{"type":"Feature","geometry":{"type":"LineString","coordinates":[[13.5206868,43.6191885],[13.5205415,43.6192297],[13.5203803,43.6192473],[13.5203295,43.6192869],[13.5202136,43.6192876],[13.5200997,43.6193389],[13.5200925,43.6194566],[13.5200799,43.6195881],[13.5200758,43.6197061],[13.5200416,43.6196952],[13.5200052,43.6196916],[13.5199404,43.6196851],[13.5198729,43.6196851],[13.5197098,43.6196889],[13.5195989,43.6197024],[13.5195269,43.619719],[13.5194768,43.6197476],[13.519426,43.619841],[13.519311,43.6199328],[13.5191616,43.6199584],[13.5190034,43.61996],[13.5188665,43.620032],[13.5186806,43.6201657],[13.518568,43.6202651],[13.5187058,43.6202994],[13.5189851,43.6204187],[13.5191081,43.6205228],[13.5192348,43.62062],[13.519367,43.6206809],[13.5194143,43.6206862],[13.5194932,43.6206826],[13.5195397,43.6207221],[13.5196507,43.620779],[13.5197742,43.6208601],[13.5201501,43.6211206],[13.5203264,43.6212207],[13.5204971,43.6212738],[13.520683,43.6213687],[13.5208294,43.6214292],[13.5209683,43.6214468],[13.5212187,43.6214341]]},"properties":{"site":"ancona","name":"","highway":"path"}},{"type":"Feature","geometry":{"type":"LineString","coordinates":[[13.522228,43.6211743],[13.5223868,43.6213577],[13.5222047,43.6214233],[13.522054,43.6214784],[13.5218944,43.6214799],[13.5216935,43.6214658],[13.5214823,43.6214211],[13.5212731,43.6213434],[13.5212063,43.621337],[13.5211506,43.6213419]]},"properties":{"site":"ancona","name":"","highway":"path"}},{"type":"Feature","geometry":{"type":"LineString","coordinates":[[13.5158055,43.6178309],[13.51585,43.617942]]},"properties":{"site":"ancona","name":"Largo San Cosma","highway":"pedestrian"}},{"type":"Feature","geometry":{"type":"LineString","coordinates":[[13.5154867,43.6183653],[13.5155074,43.6184781]]},"properties":{"site":"ancona","name":"Largo Vittorio Bachelet","highway":"pedestrian"}},{"type":"Feature","geometry":{"type":"LineString","coordinates":[[13.5159357,43.6171662],[13.5159041,43.6171745],[13.5149624,43.6174223],[13.5142322,43.6176029],[13.513869,43.6176962],[13.5133445,43.6178304]]},"properties":{"site":"ancona","name":"Corso Giuseppe Garibaldi","highway":"pedestrian"}},{"type":"Feature","geometry":{"type":"LineString","coordinates":[[13.5139625,43.61818],[13.513514,43.6182649]]},"properties":{"site":"ancona","name":"Corso Giuseppe Mazzini","highway":"pedestrian"}},{"type":"Feature","geometry":{"type":"LineString","coordinates":[[13.513514,43.6182649],[13.5134601,43.6182704],[13.5133428,43.6182818],[13.5131972,43.618296]]},"properties":{"site":"ancona","name":"Piazza Roma","highway":"pedestrian"}},{"type":"Feature","geometry":{"type":"LineString","coordinates":[[13.5125966,43.617389],[13.5126184,43.6174284],[13.5128404,43.6178833],[13.5128742,43.6179527],[13.513011,43.6183335]]},"properties":{"site":"ancona","name":"Piazza Roma","highway":"pedestrian"}},{"type":"Feature","geometry":{"type":"LineString","coordinates":[[13.5133445,43.6178304],[13.5133031,43.6178412],[13.5132945,43.6178434],[13.5131395,43.6178839],[13.5130353,43.6179111],[13.5128742,43.6179527],[13.5128375,43.6179622]]},"properties":{"site":"ancona","name":"Piazza Roma","highway":"pedestrian"}},{"type":"Feature","geometry":{"type":"LineString","coordinates":[[13.5155074,43.6184781],[13.5155113,43.6185024],[13.5154058,43.6185767]]},"properties":{"site":"ancona","name":"","highway":"footway"}},{"type":"Feature","geometry":{"type":"LineString","coordinates":[[13.5156273,43.6185383],[13.5155722,43.6184518],[13.515641,43.61843],[13.5157159,43.6184312]]},"properties":{"site":"ancona","name":"","highway":"service"}},{"type":"Feature","geometry":{"type":"LineString","coordinates":[[13.5118643,43.6224285],[13.5118308,43.6225638]]},"properties":{"site":"ancona","name":"Vicolo dei Tribunali","highway":"pedestrian"}},{"type":"Feature","geometry":{"type":"LineString","coordinates":[[13.4984045,43.6255286],[13.4983693,43.6254731]]},"properties":{"site":"ancona","name":"","highway":"service"}},{"type":"Feature","geometry":{"type":"LineString","coordinates":[[13.5012229,43.6245722],[13.5011704,43.6247047],[13.5013058,43.6247881],[13.5014826,43.6248525],[13.502033,43.6249778],[13.5021847,43.6250062],[13.5025109,43.6250684],[13.5030633,43.6251328],[13.5033334,43.6251565],[13.5035293,43.6251632],[13.5039932,43.6251312],[13.5042053,43.6251248],[13.5044333,43.6251069],[13.5044247,43.6250242],[13.5043699,43.6249758],[13.504167,43.6250402],[13.5012229,43.6245722]]},"properties":{"site":"ancona","name":"Porto Antico","highway":"pedestrian"}},{"type":"Feature","geometry":{"type":"LineString","coordinates":[[13.5109563,43.6228011],[13.5109906,43.6227223]]},"properties":{"site":"ancona","name":"Via Volto dei Seniori","highway":"footway"}},{"type":"Feature","geometry":{"type":"LineString","coordinates":[[13.5107951,43.6229391],[13.5108141,43.622935],[13.5109136,43.6228866]]},"properties":{"site":"ancona","name":"Via Volto dei Seniori","highway":"steps"}},{"type":"Feature","geometry":{"type":"LineString","coordinates":[[13.511076,43.6225501],[13.5111836,43.6225763]]},"properties":{"site":"ancona","name":"Piazza Benvenuto Stracca","highway":"pedestrian"}},{"type":"Feature","geometry":{"type":"LineString","coordinates":[[13.5109906,43.6227223],[13.5111214,43.6227137],[13.5111798,43.6227114]]},"properties":{"site":"ancona","name":"Piazza Benvenuto Stracca","highway":"footway"}},{"type":"Feature","geometry":{"type":"LineString","coordinates":[[13.5189328,43.6163768],[13.5189646,43.6164456]]},"properties":{"site":"ancona","name":"","highway":"footway"}},{"type":"Feature","geometry":{"type":"LineString","coordinates":[[13.5101945,43.6206394],[13.5102301,43.6206233],[13.5103492,43.620556],[13.5103951,43.6205267]]},"properties":{"site":"ancona","name":"Piazza Santa Maria","highway":"pedestrian"}},{"type":"Feature","geometry":{"type":"LineString","coordinates":[[13.5104196,43.6206414],[13.510414,43.6206257],[13.5103492,43.620556],[13.5102368,43.6204676]]},"properties":{"site":"ancona","name":"","highway":"footway"}},{"type":"Feature","geometry":{"type":"LineString","coordinates":[[13.5068067,43.6241188],[13.5069126,43.6247005],[13.5069743,43.6248248],[13.5070308,43.6248698],[13.5070822,43.6249383],[13.5071574,43.6249914],[13.5072133,43.6250152]]},"properties":{"site":"ancona","name":"","highway":"service"}},{"type":"Feature","geometry":{"type":"LineString","coordinates":[[13.507868,43.6244513],[13.5077413,43.6245737],[13.5077128,43.6246012]]},"properties":{"site":"ancona","name":"Banchina Nazario Sauro","highway":"service"}},{"type":"Feature","geometry":{"type":"LineString","coordinates":[[13.5081553,43.6241492],[13.5080606,43.6242695],[13.507868,43.6244513]]},"properties":{"site":"ancona","name":"Banchina Nazario Sauro","highway":"service"}},{"type":"Feature","geometry":{"type":"LineString","coordinates":[[13.5078071,43.6244183],[13.5080709,43.6242059],[13.5081553,43.6241492]]},"properties":{"site":"ancona","name":"Banchina Nazario Sauro","highway":"service"}},{"type":"Feature","geometry":{"type":"LineString","coordinates":[[13.5077128,43.6246012],[13.5076971,43.6246214],[13.5076873,43.624656],[13.5076969,43.6247022]]},"properties":{"site":"ancona","name":"Banchina Nazario Sauro","highway":"service"}},{"type":"Feature","geometry":{"type":"LineString","coordinates":[[13.5073771,43.6248304],[13.5074104,43.6247846],[13.5074965,43.6247216],[13.5076513,43.6245679]]},"properties":{"site":"ancona","name":"Banchina Nazario Sauro","highway":"service"}},{"type":"Feature","geometry":{"type":"LineString","coordinates":[[13.5076513,43.6245679],[13.5077803,43.6244441],[13.5078071,43.6244183]]},"properties":{"site":"ancona","name":"Banchina Nazario Sauro","highway":"service"}},{"type":"Feature","geometry":{"type":"LineString","coordinates":[[13.5114484,43.6239422],[13.5114876,43.623979],[13.5116091,43.6241981]]},"properties":{"site":"ancona","name":"Vicolo delle Carceri","highway":"footway"}},{"type":"Feature","geometry":{"type":"LineString","coordinates":[[13.5110867,43.6239941],[13.5111036,43.6239733],[13.5114484,43.6239422]]},"properties":{"site":"ancona","name":"Vicolo delle Carceri","highway":"steps"}},{"type":"Feature","geometry":{"type":"LineString","coordinates":[[13.5105273,43.6242305],[13.5104828,43.6241178],[13.5104629,43.6241176]]},"properties":{"site":"ancona","name":"Scalone Nappi","highway":"footway"}},{"type":"Feature","geometry":{"type":"LineString","coordinates":[[13.5132794,43.6177768],[13.5131062,43.6178188],[13.5130058,43.6178432],[13.5128404,43.6178833]]},"properties":{"site":"ancona","name":"Piazza Roma","highway":"pedestrian"}},{"type":"Feature","geometry":{"type":"LineString","coordinates":[[13.5131062,43.6178188],[13.5131395,43.6178839],[13.5133428,43.6182818]]},"properties":{"site":"ancona","name":"Piazza Roma","highway":"pedestrian"}},{"type":"Feature","geometry":{"type":"LineString","coordinates":[[13.5033313,43.6252039],[13.5033334,43.6251565]]},"properties":{"site":"ancona","name":"Porto Antico","highway":"pedestrian"}},{"type":"Feature","geometry":{"type":"LineString","coordinates":[[13.5011377,43.6247262],[13.5011704,43.6247047]]},"properties":{"site":"ancona","name":"Porto Antico","highway":"pedestrian"}},{"type":"Feature","geometry":{"type":"LineString","coordinates":[[13.5094614,43.6177312],[13.5094343,43.6177189]]},"properties":{"site":"ancona","name":"","highway":"footway"}},{"type":"Feature","geometry":{"type":"LineString","coordinates":[[13.5094215,43.6177365],[13.5093897,43.6177408]]},"properties":{"site":"ancona","name":"","highway":"steps"}},{"type":"Feature","geometry":{"type":"LineString","coordinates":[[13.5095023,43.6177327],[13.5094614,43.6177312],[13.5094215,43.6177365]]},"properties":{"site":"ancona","name":"","highway":"footway"}},{"type":"Feature","geometry":{"type":"LineString","coordinates":[[13.5094343,43.6177189],[13.5093574,43.6177286]]},"properties":{"site":"ancona","name":"","highway":"steps"}},{"type":"Feature","geometry":{"type":"LineString","coordinates":[[13.5081683,43.6173979],[13.5082981,43.6173306],[13.5084186,43.6172655]]},"properties":{"site":"ancona","name":"","highway":"service"}},{"type":"Feature","geometry":{"type":"LineString","coordinates":[[13.5084186,43.6172655],[13.5082161,43.6170463],[13.5081679,43.6170191],[13.5080901,43.617023],[13.5080592,43.6170696],[13.5080874,43.6171104],[13.5082981,43.6173306],[13.5084134,43.6175336]]},"properties":{"site":"ancona","name":"","highway":"service"}},{"type":"Feature","geometry":{"type":"LineString","coordinates":[[13.507562,43.6152179],[13.507401,43.6152681],[13.5075081,43.615485],[13.5076899,43.6154285]]},"properties":{"site":"ancona","name":"","highway":"service"}},{"type":"Feature","geometry":{"type":"LineString","coordinates":[[13.519566,43.62238],[13.5196108,43.6224614]]},"properties":{"site":"ancona","name":"","highway":"path"}},{"type":"Feature","geometry":{"type":"LineString","coordinates":[[13.5192499,43.6225287],[13.5193353,43.6225552],[13.5194459,43.6225295],[13.5195485,43.6224897],[13.5196108,43.6224614],[13.5197237,43.6224232],[13.5198623,43.6223618],[13.5200474,43.6222861]]},"properties":{"site":"ancona","name":"Belvedere Bruno Cantarini","highway":"path"}},{"type":"Feature","geometry":{"type":"LineString","coordinates":[[13.5094278,43.6195901],[13.5096243,43.6195263]]},"properties":{"site":"ancona","name":"Via Sottomare","highway":"service"}},{"type":"Feature","geometry":{"type":"LineString","coordinates":[[13.5105969,43.6225947],[13.5105431,43.6227816]]},"properties":{"site":"ancona","name":"Piazzale Dante Alighieri","highway":"pedestrian"}},{"type":"Feature","geometry":{"type":"LineString","coordinates":[[13.5103158,43.6229348],[13.5103894,43.6229206]]},"properties":{"site":"ancona","name":"","highway":"steps"}},{"type":"Feature","geometry":{"type":"LineString","coordinates":[[13.5103517,43.6229832],[13.5103215,43.6230872]]},"properties":{"site":"ancona","name":"Via della Cisterna","highway":"pedestrian"}},{"type":"Feature","geometry":{"type":"LineString","coordinates":[[13.5105682,43.62298],[13.5103517,43.6229832]]},"properties":{"site":"ancona","name":"Via della Cisterna","highway":"pedestrian"}},{"type":"Feature","geometry":{"type":"LineString","coordinates":[[13.5103589,43.6227839],[13.5103894,43.6229206],[13.510418,43.6229012],[13.510446,43.6228075],[13.5104839,43.6228131],[13.5104596,43.6228995],[13.510469,43.6229016],[13.5105252,43.622776],[13.5105431,43.6227816]]},"properties":{"site":"ancona","name":"","highway":"footway"}},{"type":"Feature","geometry":{"type":"LineString","coordinates":[[13.5110284,43.6182698],[13.5110723,43.6183526]]},"properties":{"site":"ancona","name":"Via del Traffico","highway":"steps"}},{"type":"Feature","geometry":{"type":"LineString","coordinates":[[13.5106092,43.6249246],[13.5104745,43.6249919],[13.5103953,43.6250528]]},"properties":{"site":"ancona","name":"Piazza del Duomo","highway":"service"}},{"type":"Feature","geometry":{"type":"LineString","coordinates":[[13.5099129,43.625258],[13.5097995,43.6252884]]},"properties":{"site":"ancona","name":"","highway":"path"}},{"type":"Feature","geometry":{"type":"LineString","coordinates":[[13.5099471,43.6249814],[13.5098487,43.6251467],[13.5099129,43.625258],[13.5099394,43.6253103]]},"properties":{"site":"ancona","name":"","highway":"service"}},{"type":"Feature","geometry":{"type":"LineString","coordinates":[[13.5125706,43.6165848],[13.5126463,43.6165417]]},"properties":{"site":"ancona","name":"Via San Martino","highway":"service"}},{"type":"Feature","geometry":{"type":"LineString","coordinates":[[13.5158671,43.6180302],[13.5159252,43.6180108]]},"properties":{"site":"ancona","name":"","highway":"footway"}},{"type":"Feature","geometry":{"type":"LineString","coordinates":[[13.5159556,43.6180021],[13.5159252,43.6180108]]},"properties":{"site":"ancona","name":"","highway":"steps"}},{"type":"Feature","geometry":{"type":"LineString","coordinates":[[13.5159455,43.617983],[13.5159556,43.6180021]]},"properties":{"site":"ancona","name":"","highway":"footway"}},{"type":"Feature","geometry":{"type":"LineString","coordinates":[[13.5158428,43.618038],[13.5158671,43.6180302]]},"properties":{"site":"ancona","name":"","highway":"steps"}},{"type":"Feature","geometry":{"type":"LineString","coordinates":[[13.5158281,43.6180199],[13.5158428,43.618038]]},"properties":{"site":"ancona","name":"","highway":"footway"}},{"type":"Feature","geometry":{"type":"LineString","coordinates":[[13.5168553,43.6219323],[13.5170685,43.6218405],[13.5173198,43.621948],[13.5177789,43.621869]]},"properties":{"site":"ancona","name":"","highway":"steps"}},{"type":"Feature","geometry":{"type":"LineString","coordinates":[[13.5177789,43.621869],[13.5181241,43.6217679]]},"properties":{"site":"ancona","name":"","highway":"footway"}},{"type":"Feature","geometry":{"type":"LineString","coordinates":[[13.5198574,43.6221805],[13.519851,43.6221522],[13.5198236,43.622131],[13.5197955,43.6221273],[13.5197257,43.6221312],[13.5195978,43.6221471],[13.5195036,43.6221349],[13.5194221,43.6220756],[13.5192256,43.6218839],[13.5188895,43.6216024],[13.5188404,43.621587],[13.5183617,43.6218631],[13.5181998,43.6217781],[13.5181241,43.6217679]]},"properties":{"site":"ancona","name":"Via del Cardeto","highway":"service"}},{"type":"Feature","geometry":{"type":"LineString","coordinates":[[13.5136289,43.6233278],[13.513639,43.623321],[13.5136768,43.6233342]]},"properties":{"site":"ancona","name":"","highway":"path"}},{"type":"Feature","geometry":{"type":"LineString","coordinates":[[13.5127485,43.6239494],[13.5127231,43.6239013],[13.5127223,43.6238142],[13.5126829,43.6237498]]},"properties":{"site":"ancona","name":"","highway":"path"}},{"type":"Feature","geometry":{"type":"LineString","coordinates":[[13.5099913,43.624862],[13.5099471,43.6249814]]},"properties":{"site":"ancona","name":"","highway":"service"}},{"type":"Feature","geometry":{"type":"LineString","coordinates":[[13.5181241,43.6217679],[13.5180286,43.6217512],[13.5179562,43.6217109]]},"properties":{"site":"ancona","name":"Via del Cardeto","highway":"service"}},{"type":"Feature","geometry":{"type":"LineString","coordinates":[[13.5129807,43.6237758],[13.5132481,43.6237506],[13.5133914,43.6237104]]},"properties":{"site":"ancona","name":"","highway":"path"}},{"type":"Feature","geometry":{"type":"LineString","coordinates":[[13.5160614,43.6220577],[13.5161216,43.6220555],[13.5161486,43.6220801],[13.5162026,43.6222717]]},"properties":{"site":"ancona","name":"Via del Cardeto","highway":"service"}},{"type":"Feature","geometry":{"type":"LineString","coordinates":[[13.5164438,43.6225858],[13.5165359,43.6226476]]},"properties":{"site":"ancona","name":"Via del Cardeto","highway":"service"}},{"type":"Feature","geometry":{"type":"LineString","coordinates":[[13.5212187,43.6214341],[13.5212374,43.6214633],[13.5213063,43.6215793],[13.5212642,43.621699],[13.5211852,43.6217412],[13.5210526,43.6217842],[13.5208526,43.6218588],[13.5206453,43.6219064],[13.5204846,43.6219782],[13.5203082,43.6220486],[13.5199779,43.6221505],[13.5198574,43.6221805]]},"properties":{"site":"ancona","name":"","highway":"track"}},{"type":"Feature","geometry":{"type":"LineString","coordinates":[[13.522346,43.6202796],[13.5220353,43.6201742],[13.5217999,43.6200499],[13.5217389,43.619998]]},"properties":{"site":"ancona","name":"","highway":"path"}},{"type":"Feature","geometry":{"type":"LineString","coordinates":[[13.5030629,43.6147904],[13.5028608,43.6147215],[13.5028966,43.614539]]},"properties":{"site":"ancona","name":"","highway":"footway"}},{"type":"Feature","geometry":{"type":"LineString","coordinates":[[13.5028541,43.6140997],[13.5028627,43.6139448]]},"properties":{"site":"ancona","name":"","highway":"footway"}},{"type":"Feature","geometry":{"type":"LineString","coordinates":[[13.513869,43.6176962],[13.5138892,43.6177518]]},"properties":{"site":"ancona","name":"Galleria Dorica","highway":"pedestrian"}},{"type":"Feature","geometry":{"type":"LineString","coordinates":[[13.5096243,43.6195263],[13.5096556,43.6195247]]},"properties":{"site":"ancona","name":"Via Sottomare","highway":"service"}},{"type":"Feature","geometry":{"type":"LineString","coordinates":[[13.5124404,43.6194088],[13.5123623,43.6192547],[13.5123335,43.6192504],[13.5122714,43.619266],[13.5120028,43.6193417],[13.5116246,43.6194425],[13.5115863,43.6194814],[13.5115724,43.6195576]]},"properties":{"site":"ancona","name":"Piazza del Plebiscito","highway":"pedestrian"}},{"type":"Feature","geometry":{"type":"LineString","coordinates":[[13.5120028,43.6193417],[13.5119853,43.6193107]]},"properties":{"site":"ancona","name":"Piazza del Plebiscito","highway":"pedestrian"}},{"type":"Feature","geometry":{"type":"LineString","coordinates":[[13.5109629,43.6197288],[13.5109502,43.6196108]]},"properties":{"site":"ancona","name":"Piazza del Plebiscito","highway":"pedestrian"}},{"type":"Feature","geometry":{"type":"LineString","coordinates":[[13.5108098,43.6197697],[13.5107663,43.6197247],[13.5106779,43.619695],[13.5106364,43.619683]]},"properties":{"site":"ancona","name":"Piazza del Plebiscito","highway":"pedestrian"}},{"type":"Feature","geometry":{"type":"LineString","coordinates":[[13.5158657,43.6193142],[13.5159217,43.6193004]]},"properties":{"site":"ancona","name":"","highway":"steps"}},{"type":"Feature","geometry":{"type":"LineString","coordinates":[[13.5156072,43.6193778],[13.5158657,43.6193142]]},"properties":{"site":"ancona","name":"","highway":"footway"}},{"type":"Feature","geometry":{"type":"LineString","coordinates":[[13.5156072,43.6193778],[13.5155689,43.6193876]]},"properties":{"site":"ancona","name":"","highway":"steps"}},{"type":"Feature","geometry":{"type":"LineString","coordinates":[[13.5105794,43.6183021],[13.5105068,43.6183656]]},"properties":{"site":"ancona","name":"Via del Traffico","highway":"pedestrian"}},{"type":"Feature","geometry":{"type":"LineString","coordinates":[[13.5105887,43.6182797],[13.5105794,43.6183021]]},"properties":{"site":"ancona","name":"Via del Traffico","highway":"pedestrian"}},{"type":"Feature","geometry":{"type":"LineString","coordinates":[[13.5100739,43.6178086],[13.5100964,43.6177949]]},"properties":{"site":"ancona","name":"Via Bagno","highway":"steps"}},{"type":"Feature","geometry":{"type":"LineString","coordinates":[[13.5101247,43.6176338],[13.5101689,43.6176029]]},"properties":{"site":"ancona","name":"Via Bagno","highway":"pedestrian"}},{"type":"Feature","geometry":{"type":"LineString","coordinates":[[13.5101689,43.6176029],[13.5101813,43.617597]]},"properties":{"site":"ancona","name":"Via Bagno","highway":"pedestrian"}},{"type":"Feature","geometry":{"type":"LineString","coordinates":[[13.5101125,43.6176424],[13.5101247,43.6176338]]},"properties":{"site":"ancona","name":"Via Bagno","highway":"steps"}},{"type":"Feature","geometry":{"type":"LineString","coordinates":[[13.5101058,43.6177284],[13.5101125,43.6176424]]},"properties":{"site":"ancona","name":"Via Bagno","highway":"pedestrian"}},{"type":"Feature","geometry":{"type":"LineString","coordinates":[[13.5100567,43.6178191],[13.5100739,43.6178086]]},"properties":{"site":"ancona","name":"Via Bagno","highway":"footway"}},{"type":"Feature","geometry":{"type":"LineString","coordinates":[[13.5100964,43.6177949],[13.510087,43.6177725],[13.5100897,43.6177502],[13.5101058,43.6177284]]},"properties":{"site":"ancona","name":"Via Bagno","highway":"pedestrian"}},{"type":"Feature","geometry":{"type":"LineString","coordinates":[[13.510401,43.6177572],[13.5103757,43.6177369]]},"properties":{"site":"ancona","name":"Via Bagno","highway":"steps"}},{"type":"Feature","geometry":{"type":"LineString","coordinates":[[13.5104643,43.6178669],[13.5104667,43.6178223]]},"properties":{"site":"ancona","name":"Via Bagno","highway":"steps"}},{"type":"Feature","geometry":{"type":"LineString","coordinates":[[13.5106017,43.6180127],[13.510545,43.6179416]]},"properties":{"site":"ancona","name":"Via Bagno","highway":"footway"}},{"type":"Feature","geometry":{"type":"LineString","coordinates":[[13.510545,43.6179416],[13.510512,43.6179146]]},"properties":{"site":"ancona","name":"Via Bagno","highway":"steps"}},{"type":"Feature","geometry":{"type":"LineString","coordinates":[[13.5104643,43.6178669],[13.510512,43.6179146]]},"properties":{"site":"ancona","name":"Via Bagno","highway":"pedestrian"}},{"type":"Feature","geometry":{"type":"LineString","coordinates":[[13.5104667,43.6178223],[13.5104555,43.6178017],[13.5104342,43.6177814]]},"properties":{"site":"ancona","name":"Via Bagno","highway":"pedestrian"}},{"type":"Feature","geometry":{"type":"LineString","coordinates":[[13.5104342,43.6177814],[13.510401,43.6177572]]},"properties":{"site":"ancona","name":"Via Bagno","highway":"pedestrian"}},{"type":"Feature","geometry":{"type":"LineString","coordinates":[[13.5158432,43.6186058],[13.5159041,43.6187269]]},"properties":{"site":"ancona","name":"","highway":"steps"}},{"type":"Feature","geometry":{"type":"LineString","coordinates":[[13.5157159,43.6184312],[13.5157488,43.6184634],[13.5158432,43.6186058]]},"properties":{"site":"ancona","name":"","highway":"footway"}},{"type":"Feature","geometry":{"type":"LineString","coordinates":[[13.5182513,43.6167087],[13.5183024,43.6166968]]},"properties":{"site":"ancona","name":"","highway":"footway"}},{"type":"Feature","geometry":{"type":"LineString","coordinates":[[13.5182277,43.6166903],[13.5182513,43.6167087]]},"properties":{"site":"ancona","name":"","highway":"footway"}},{"type":"Feature","geometry":{"type":"LineString","coordinates":[[13.5181702,43.6165824],[13.5181901,43.6166194]]},"properties":{"site":"ancona","name":"","highway":"footway"}},{"type":"Feature","geometry":{"type":"LineString","coordinates":[[13.5181901,43.6166194],[13.518209,43.6166553],[13.5182277,43.6166903]]},"properties":{"site":"ancona","name":"","highway":"footway"}},{"type":"Feature","geometry":{"type":"LineString","coordinates":[[13.5164028,43.6141288],[13.5164233,43.6140974]]},"properties":{"site":"ancona","name":"","highway":"footway"}},{"type":"Feature","geometry":{"type":"LineString","coordinates":[[13.5161368,43.6143492],[13.5162285,43.6142387],[13.5162773,43.6142322],[13.5164717,43.6142607],[13.5164451,43.6142078],[13.5164036,43.6141517],[13.5164028,43.6141288]]},"properties":{"site":"ancona","name":"","highway":"steps"}},{"type":"Feature","geometry":{"type":"LineString","coordinates":[[13.5193364,43.6163659],[13.5193282,43.6163263],[13.5193222,43.6162974]]},"properties":{"site":"ancona","name":"","highway":"footway"}},{"type":"Feature","geometry":{"type":"LineString","coordinates":[[13.5192474,43.6162146],[13.5192873,43.6163007]]},"properties":{"site":"ancona","name":"","highway":"footway"}},{"type":"Feature","geometry":{"type":"LineString","coordinates":[[13.5148305,43.6165862],[13.5149524,43.6165615]]},"properties":{"site":"ancona","name":"Piazza Stamira","highway":"footway"}},{"type":"Feature","geometry":{"type":"LineString","coordinates":[[13.5143327,43.6167421],[13.5144437,43.6167176]]},"properties":{"site":"ancona","name":"Piazza Stamira","highway":"footway"}},{"type":"Feature","geometry":{"type":"LineString","coordinates":[[13.5197497,43.6202474],[13.5196434,43.6202201],[13.5196139,43.6202191],[13.5195571,43.6202453]]},"properties":{"site":"ancona","name":"","highway":"path"}},{"type":"Feature","geometry":{"type":"LineString","coordinates":[[13.5112093,43.6206641],[13.5116977,43.6206699]]},"properties":{"site":"ancona","name":"","highway":"steps"}},{"type":"Feature","geometry":{"type":"LineString","coordinates":[[13.5111592,43.6206627],[13.5112093,43.6206641]]},"properties":{"site":"ancona","name":"","highway":"steps"}},{"type":"Feature","geometry":{"type":"LineString","coordinates":[[13.5111472,43.6206626],[13.5111592,43.6206627]]},"properties":{"site":"ancona","name":"","highway":"steps"}},{"type":"Feature","geometry":{"type":"LineString","coordinates":[[13.511913,43.6213391],[13.5118828,43.6214462],[13.5118663,43.6215046]]},"properties":{"site":"ancona","name":"Scale San Francesco","highway":"pedestrian"}},{"type":"Feature","geometry":{"type":"LineString","coordinates":[[13.5119374,43.6212889],[13.511913,43.6213391]]},"properties":{"site":"ancona","name":"Scale San Francesco","highway":"steps"}},{"type":"Feature","geometry":{"type":"LineString","coordinates":[[13.5118004,43.6209494],[13.511992,43.6210005]]},"properties":{"site":"ancona","name":"","highway":"service"}},{"type":"Feature","geometry":{"type":"LineString","coordinates":[[13.5116145,43.6208987],[13.5118004,43.6209494]]},"properties":{"site":"ancona","name":"","highway":"service"}},{"type":"Feature","geometry":{"type":"LineString","coordinates":[[13.5115904,43.6208898],[13.5116145,43.6208987]]},"properties":{"site":"ancona","name":"","highway":"service"}},{"type":"Feature","geometry":{"type":"LineString","coordinates":[[13.5118974,43.6211058],[13.5120925,43.6211457]]},"properties":{"site":"ancona","name":"","highway":"steps"}},{"type":"Feature","geometry":{"type":"LineString","coordinates":[[13.5115347,43.6210147],[13.5118974,43.6211058]]},"properties":{"site":"ancona","name":"","highway":"footway"}},{"type":"Feature","geometry":{"type":"LineString","coordinates":[[13.5119043,43.6208512],[13.5121561,43.6209232]]},"properties":{"site":"ancona","name":"","highway":"steps"}},{"type":"Feature","geometry":{"type":"LineString","coordinates":[[13.5116437,43.6207848],[13.5118679,43.6208419],[13.5119043,43.6208512]]},"properties":{"site":"ancona","name":"","highway":"footway"}},{"type":"Feature","geometry":{"type":"LineString","coordinates":[[13.5131002,43.6185729],[13.512996,43.6186167],[13.5129734,43.6185874],[13.512954,43.6185952]]},"properties":{"site":"ancona","name":"","highway":"service"}},{"type":"Feature","geometry":{"type":"LineString","coordinates":[[13.5131284,43.6185671],[13.5131002,43.6185729]]},"properties":{"site":"ancona","name":"","highway":"service"}},{"type":"Feature","geometry":{"type":"LineString","coordinates":[[13.512954,43.6185952],[13.512395,43.6188075],[13.5121939,43.6188619],[13.5122475,43.6190095],[13.5124111,43.6189376]]},"properties":{"site":"ancona","name":"","highway":"service"}},{"type":"Feature","geometry":{"type":"LineString","coordinates":[[13.5119564,43.6192594],[13.5119853,43.6193107]]},"properties":{"site":"ancona","name":"Via della Pescheria","highway":"pedestrian"}},{"type":"Feature","geometry":{"type":"LineString","coordinates":[[13.5106385,43.6252243],[13.5107323,43.625252],[13.5108561,43.6253532],[13.5107097,43.6254417]]},"properties":{"site":"ancona","name":"Largo Papa Giovanni Paolo Secondo","highway":"service"}},{"type":"Feature","geometry":{"type":"LineString","coordinates":[[13.5093698,43.620734],[13.5093568,43.620686],[13.5093204,43.6205514],[13.5092959,43.6204691],[13.5092828,43.6204254]]},"properties":{"site":"ancona","name":"","highway":"service"}},{"type":"Feature","geometry":{"type":"LineString","coordinates":[[13.5093698,43.620734],[13.5093544,43.6207349],[13.5092829,43.6207432],[13.5090011,43.6207783],[13.5089645,43.6205991],[13.508939,43.6204695],[13.5092609,43.6204282],[13.5092709,43.6204269],[13.5092828,43.6204254]]},"properties":{"site":"ancona","name":"","highway":"service"}},{"type":"Feature","geometry":{"type":"LineString","coordinates":[[13.5089645,43.6205991],[13.5093012,43.6205539],[13.5093204,43.6205514],[13.509391,43.6205413],[13.5095138,43.6205122]]},"properties":{"site":"ancona","name":"","highway":"service"}},{"type":"Feature","geometry":{"type":"LineString","coordinates":[[13.5093698,43.620734],[13.5094029,43.6206764],[13.5094439,43.6206053],[13.5095138,43.6205122]]},"properties":{"site":"ancona","name":"Banchina Nazario Sauro","highway":"service"}},{"type":"Feature","geometry":{"type":"LineString","coordinates":[[13.5093117,43.6222728],[13.5093568,43.6220388],[13.5094317,43.6216499],[13.5094788,43.6214123],[13.509509,43.6212116],[13.5095017,43.6210459]]},"properties":{"site":"ancona","name":"Banchina Nazario Sauro","highway":"service"}},{"type":"Feature","geometry":{"type":"LineString","coordinates":[[13.5095017,43.6210459],[13.5095063,43.6209017],[13.5094874,43.620812],[13.5094565,43.6206653],[13.5094439,43.6206053]]},"properties":{"site":"ancona","name":"Banchina Nazario Sauro","highway":"service"}},{"type":"Feature","geometry":{"type":"LineString","coordinates":[[13.5091759,43.619963],[13.5090785,43.6197104],[13.5089933,43.6195488],[13.5089429,43.6194804]]},"properties":{"site":"ancona","name":"Banchina Nazario Sauro","highway":"service"}},{"type":"Feature","geometry":{"type":"LineString","coordinates":[[13.5091759,43.619963],[13.5092393,43.6200536],[13.5093063,43.6202437],[13.5093122,43.6202817],[13.5093041,43.6203005],[13.5092735,43.6203174],[13.509229,43.6203242],[13.509187,43.6203262],[13.5091415,43.6203207]]},"properties":{"site":"ancona","name":"Banchina Nazario Sauro","highway":"service"}},{"type":"Feature","geometry":{"type":"LineString","coordinates":[[13.5109803,43.6189028],[13.5110392,43.6189742]]},"properties":{"site":"ancona","name":"Sopportico Ceriago","highway":"pedestrian"}},{"type":"Feature","geometry":{"type":"LineString","coordinates":[[13.5211007,43.6142892],[13.5210899,43.6142087]]},"properties":{"site":"ancona","name":"","highway":"steps"}},{"type":"Feature","geometry":{"type":"LineString","coordinates":[[13.5212654,43.6145974],[13.521218,43.6143834]]},"properties":{"site":"ancona","name":"","highway":"steps"}},{"type":"Feature","geometry":{"type":"LineString","coordinates":[[13.521218,43.6143834],[13.5211105,43.6143535]]},"properties":{"site":"ancona","name":"","highway":"footway"}},{"type":"Feature","geometry":{"type":"LineString","coordinates":[[13.5052027,43.6253439],[13.5050796,43.6253199],[13.5049539,43.62532]]},"properties":{"site":"ancona","name":"","highway":"footway"}},{"type":"Feature","geometry":{"type":"LineString","coordinates":[[13.5052252,43.6253483],[13.5052027,43.6253439]]},"properties":{"site":"ancona","name":"","highway":"steps"}},{"type":"Feature","geometry":{"type":"LineString","coordinates":[[13.5063359,43.6253008],[13.5063768,43.6253212]]},"properties":{"site":"ancona","name":"","highway":"footway"}},{"type":"Feature","geometry":{"type":"LineString","coordinates":[[13.5068704,43.6248513],[13.5069724,43.624876],[13.5070174,43.6250185],[13.5070724,43.6250989],[13.5070978,43.6251458],[13.5071281,43.6252004]]},"properties":{"site":"ancona","name":"","highway":"footway"}},{"type":"Feature","geometry":{"type":"LineString","coordinates":[[13.508259,43.6155536],[13.5082844,43.615539],[13.5084906,43.6154383]]},"properties":{"site":"ancona","name":"","highway":"service"}},{"type":"Feature","geometry":{"type":"LineString","coordinates":[[13.5172188,43.6168347],[13.5173679,43.6167962],[13.5174577,43.6167744]]},"properties":{"site":"ancona","name":"Piazza Camillo Benso Conte di Cavour","highway":"pedestrian"}},{"type":"Feature","geometry":{"type":"LineString","coordinates":[[13.5168379,43.6169306],[13.5172188,43.6168347]]},"properties":{"site":"ancona","name":"Piazza Camillo Benso Conte di Cavour","highway":"pedestrian"}},{"type":"Feature","geometry":{"type":"LineString","coordinates":[[13.516213,43.6170957],[13.5164467,43.6170367]]},"properties":{"site":"ancona","name":"Piazza Camillo Benso Conte di Cavour","highway":"pedestrian"}},{"type":"Feature","geometry":{"type":"LineString","coordinates":[[13.516514,43.616487],[13.5165513,43.6165848]]},"properties":{"site":"ancona","name":"Piazza Camillo Benso Conte di Cavour","highway":"pedestrian"}},{"type":"Feature","geometry":{"type":"LineString","coordinates":[[13.5169748,43.6175737],[13.516945,43.6175057],[13.5168968,43.6173969]]},"properties":{"site":"ancona","name":"Piazza Camillo Benso Conte di Cavour","highway":"pedestrian"}},{"type":"Feature","geometry":{"type":"LineString","coordinates":[[13.5107751,43.6228611],[13.5107588,43.6228916]]},"properties":{"site":"ancona","name":"","highway":"footway"}},{"type":"Feature","geometry":{"type":"LineString","coordinates":[[13.5113504,43.6184102],[13.5113438,43.6183501]]},"properties":{"site":"ancona","name":"Via dei Simonetti","highway":"pedestrian"}},{"type":"Feature","geometry":{"type":"LineString","coordinates":[[13.5111264,43.6184677],[13.5110997,43.6184107]]},"properties":{"site":"ancona","name":"Via del Gallo","highway":"pedestrian"}},{"type":"Feature","geometry":{"type":"LineString","coordinates":[[13.5159862,43.617153],[13.5159357,43.6171662]]},"properties":{"site":"ancona","name":"Corso Giuseppe Garibaldi","highway":"pedestrian"}},{"type":"Feature","geometry":{"type":"LineString","coordinates":[[13.5160981,43.6171248],[13.516213,43.6170957]]},"properties":{"site":"ancona","name":"Piazza Camillo Benso Conte di Cavour","highway":"pedestrian"}},{"type":"Feature","geometry":{"type":"LineString","coordinates":[[13.5131972,43.618296],[13.513011,43.6183335],[13.512989,43.6183379]]},"properties":{"site":"ancona","name":"Piazza Roma","highway":"pedestrian"}},{"type":"Feature","geometry":{"type":"LineString","coordinates":[[13.5090108,43.61914],[13.5090895,43.619268]]},"properties":{"site":"ancona","name":"","highway":"footway"}},{"type":"Feature","geometry":{"type":"LineString","coordinates":[[13.5159651,43.6220752],[13.5160614,43.6220577]]},"properties":{"site":"ancona","name":"Via del Cardeto","highway":"service"}},{"type":"Feature","geometry":{"type":"LineString","coordinates":[[13.512746,43.6244321],[13.5130536,43.624525]]},"properties":{"site":"ancona","name":"","highway":"path"}},{"type":"Feature","geometry":{"type":"LineString","coordinates":[[13.5116638,43.6242144],[13.5117355,43.6242239]]},"properties":{"site":"ancona","name":"Vicolo delle Carceri","highway":"steps"}},{"type":"Feature","geometry":{"type":"LineString","coordinates":[[13.5117355,43.6242239],[13.5117941,43.6242317]]},"properties":{"site":"ancona","name":"Vicolo delle Carceri","highway":"steps"}},{"type":"Feature","geometry":{"type":"LineString","coordinates":[[13.5116433,43.6241761],[13.5116638,43.6242144]]},"properties":{"site":"ancona","name":"Vicolo delle Carceri","highway":"steps"}},{"type":"Feature","geometry":{"type":"LineString","coordinates":[[13.5151305,43.6150466],[13.5150893,43.6149501]]},"properties":{"site":"ancona","name":"Largo Donatori di Sangue","highway":"steps"}},{"type":"Feature","geometry":{"type":"LineString","coordinates":[[13.5151373,43.615064],[13.5151305,43.6150466]]},"properties":{"site":"ancona","name":"Largo Donatori di Sangue","highway":"footway"}},{"type":"Feature","geometry":{"type":"LineString","coordinates":[[13.5151554,43.6151054],[13.5151373,43.615064]]},"properties":{"site":"ancona","name":"Largo Donatori di Sangue","highway":"steps"}},{"type":"Feature","geometry":{"type":"LineString","coordinates":[[13.5152028,43.6152276],[13.5151554,43.6151054]]},"properties":{"site":"ancona","name":"Largo Donatori di Sangue","highway":"footway"}},{"type":"Feature","geometry":{"type":"LineString","coordinates":[[13.5139335,43.6156896],[13.5139301,43.6156784],[13.5139132,43.615623]]},"properties":{"site":"ancona","name":"Via San Martino","highway":"steps"}},{"type":"Feature","geometry":{"type":"LineString","coordinates":[[13.5104629,43.6241176],[13.5105132,43.6244001],[13.5105828,43.6245602]]},"properties":{"site":"ancona","name":"Scalone Nappi","highway":"steps"}},{"type":"Feature","geometry":{"type":"LineString","coordinates":[[13.5104196,43.6239563],[13.5104629,43.6241176]]},"properties":{"site":"ancona","name":"Scalone Nappi","highway":"steps"}},{"type":"Feature","geometry":{"type":"LineString","coordinates":[[13.5108127,43.6241349],[13.5105273,43.6242305]]},"properties":{"site":"ancona","name":"Scalone Nappi","highway":"steps"}},{"type":"Feature","geometry":{"type":"LineString","coordinates":[[13.5117941,43.6242317],[13.511893,43.6242476]]},"properties":{"site":"ancona","name":"Vicolo delle Carceri","highway":"steps"}},{"type":"Feature","geometry":{"type":"LineString","coordinates":[[13.5122163,43.6237198],[13.512204,43.6237625]]},"properties":{"site":"ancona","name":"","highway":"steps"}},{"type":"Feature","geometry":{"type":"LineString","coordinates":[[13.513786,43.6233698],[13.513829,43.6233907]]},"properties":{"site":"ancona","name":"Passeggiata Franco Scataglini","highway":"path"}},{"type":"Feature","geometry":{"type":"LineString","coordinates":[[13.513745,43.623357],[13.513786,43.6233698]]},"properties":{"site":"ancona","name":"Passeggiata Franco Scataglini","highway":"path"}},{"type":"Feature","geometry":{"type":"LineString","coordinates":[[13.513745,43.623357],[13.5137073,43.623342]]},"properties":{"site":"ancona","name":"Passeggiata Franco Scataglini","highway":"steps"}},{"type":"Feature","geometry":{"type":"LineString","coordinates":[[13.5136768,43.6233342],[13.5137073,43.623342]]},"properties":{"site":"ancona","name":"Passeggiata Franco Scataglini","highway":"path"}},{"type":"Feature","geometry":{"type":"LineString","coordinates":[[13.5140252,43.6232552],[13.5140926,43.6232405]]},"properties":{"site":"ancona","name":"","highway":"path"}},{"type":"Feature","geometry":{"type":"LineString","coordinates":[[13.5215734,43.6195026],[13.5215649,43.619552],[13.5215309,43.6195908],[13.5214313,43.6196506],[13.5213489,43.6196944],[13.5212964,43.6197327],[13.5213008,43.6197649]]},"properties":{"site":"ancona","name":"","highway":"steps"}},{"type":"Feature","geometry":{"type":"LineString","coordinates":[[13.5217389,43.619998],[13.5216836,43.6199721],[13.5215327,43.6198966],[13.521479,43.6198634],[13.5214197,43.6198357],[13.5213484,43.6197993],[13.5213008,43.6197649]]},"properties":{"site":"ancona","name":"","highway":"path"}},{"type":"Feature","geometry":{"type":"LineString","coordinates":[[13.5212529,43.6190904],[13.5207524,43.6191687]]},"properties":{"site":"ancona","name":"Via Panoramica","highway":"service"}},{"type":"Feature","geometry":{"type":"LineString","coordinates":[[13.5105271,43.6228784],[13.5105147,43.6228765]]},"properties":{"site":"ancona","name":"","highway":"footway"}},{"type":"Feature","geometry":{"type":"LineString","coordinates":[[13.5107845,43.6202055],[13.5109772,43.6201321]]},"properties":{"site":"ancona","name":"Via della Catena","highway":"steps"}},{"type":"Feature","geometry":{"type":"LineString","coordinates":[[13.5108121,43.622902],[13.5107588,43.6228916]]},"properties":{"site":"ancona","name":"","highway":"footway"}},{"type":"Feature","geometry":{"type":"LineString","coordinates":[[13.5110711,43.6229212],[13.5109136,43.6228866]]},"properties":{"site":"ancona","name":"","highway":"footway"}},{"type":"Feature","geometry":{"type":"LineString","coordinates":[[13.5107153,43.6164162],[13.5110203,43.6162316]]},"properties":{"site":"ancona","name":"Via Ad Alto","highway":"steps"}},{"type":"Feature","geometry":{"type":"LineString","coordinates":[[13.51068,43.6164925],[13.5106773,43.6164659],[13.510688,43.6164401],[13.5107153,43.6164162]]},"properties":{"site":"ancona","name":"Via Ad Alto","highway":"steps"}},{"type":"Feature","geometry":{"type":"LineString","coordinates":[[13.5108275,43.6167532],[13.51068,43.6164925]]},"properties":{"site":"ancona","name":"Via Ad Alto","highway":"steps"}},{"type":"Feature","geometry":{"type":"LineString","coordinates":[[13.5109103,43.6169637],[13.5108275,43.6167532]]},"properties":{"site":"ancona","name":"Via Ad Alto","highway":"steps"}},{"type":"Feature","geometry":{"type":"LineString","coordinates":[[13.5060138,43.6249069],[13.5061122,43.6249669],[13.5064762,43.6250588],[13.5066862,43.6250672],[13.5068923,43.6250405],[13.5069401,43.6250058],[13.5069724,43.624876]]},"properties":{"site":"ancona","name":"Molo Nord","highway":"service"}},{"type":"Feature","geometry":{"type":"LineString","coordinates":[[13.5053349,43.6248547],[13.505397,43.6248023],[13.5054788,43.6247808],[13.5055351,43.6247888],[13.5055811,43.6248061],[13.505774,43.6248787],[13.5057045,43.6247476]]},"properties":{"site":"ancona","name":"Molo Nord","highway":"service"}},{"type":"Feature","geometry":{"type":"LineString","coordinates":[[13.5055629,43.6249745],[13.5055274,43.6249343],[13.5054832,43.6249071],[13.5054335,43.6249007],[13.5053869,43.6249224]]},"properties":{"site":"ancona","name":"Molo Nord","highway":"service"}},{"type":"Feature","geometry":{"type":"LineString","coordinates":[[13.5055351,43.6247888],[13.5055656,43.6248221],[13.5056742,43.6249399]]},"properties":{"site":"ancona","name":"Molo Nord","highway":"service"}},{"type":"Feature","geometry":{"type":"LineString","coordinates":[[13.5054832,43.6249071],[13.5055656,43.6248221],[13.5055811,43.6248061]]},"properties":{"site":"ancona","name":"","highway":"service"}},{"type":"Feature","geometry":{"type":"LineString","coordinates":[[13.5016414,43.6249828],[13.5020626,43.6250626],[13.5021543,43.6250832],[13.5024726,43.625139],[13.5026608,43.6251743],[13.5031749,43.6252302],[13.5033291,43.6252385],[13.5034,43.6252423],[13.5035375,43.6252496],[13.5042755,43.6252019],[13.5047649,43.62517],[13.5047913,43.6251684],[13.5051454,43.6251463],[13.5065689,43.6251765],[13.5068305,43.6251808],[13.5070978,43.6251458],[13.5071367,43.6251331],[13.507223,43.6251071],[13.50728,43.6251167],[13.5073327,43.6251442],[13.5073572,43.6251534],[13.5073705,43.625155],[13.5074167,43.6251622],[13.507446,43.6251513],[13.5078554,43.624838],[13.5080004,43.6247266],[13.5082451,43.6245386]]},"properties":{"site":"ancona","name":"","highway":"footway"}},{"type":"Feature","geometry":{"type":"LineString","coordinates":[[13.5080004,43.6247266],[13.5079473,43.6246863],[13.5078792,43.6246345],[13.5084383,43.6240771],[13.5090252,43.623684]]},"properties":{"site":"ancona","name":"","highway":"footway"}},{"type":"Feature","geometry":{"type":"LineString","coordinates":[[13.5090252,43.623684],[13.5089946,43.6236661],[13.5089641,43.6236454]]},"properties":{"site":"ancona","name":"","highway":"footway"}},{"type":"Feature","geometry":{"type":"LineString","coordinates":[[13.5094141,43.6223957],[13.5094523,43.6221684],[13.5094654,43.6220825],[13.5095837,43.6214746],[13.5096232,43.6212296],[13.50974,43.6212282],[13.5097873,43.6212278],[13.5096919,43.6209137],[13.5096551,43.6207738]]},"properties":{"site":"ancona","name":"","highway":"footway"}},{"type":"Feature","geometry":{"type":"LineString","coordinates":[[13.5047309,43.6149361],[13.5046992,43.6149906],[13.5046454,43.6151252],[13.5046073,43.6153198],[13.5046118,43.6154447],[13.5046365,43.615542],[13.5046813,43.6156101],[13.5047417,43.6156669],[13.5047865,43.6156912],[13.5051352,43.6158813]]},"properties":{"site":"ancona","name":"","highway":"footway"}},{"type":"Feature","geometry":{"type":"LineString","coordinates":[[13.5034206,43.6252688],[13.5034,43.6252423],[13.5033702,43.625204],[13.5033334,43.6251565],[13.5032967,43.6251093]]},"properties":{"site":"ancona","name":"","highway":"footway"}},{"type":"Feature","geometry":{"type":"LineString","coordinates":[[13.5034206,43.6252688],[13.50343,43.6253173],[13.5034135,43.6253608],[13.5033827,43.6254128],[13.5033166,43.6254425],[13.5030653,43.6254051],[13.5020005,43.6252079],[13.5015085,43.6251706],[13.5013829,43.6251658],[13.5012929,43.6251696],[13.5012096,43.6251782],[13.5011527,43.6251926],[13.5010694,43.6252098],[13.5006514,43.6251696],[13.5005562,43.6251725],[13.5005276,43.6251763],[13.5004835,43.6251821],[13.5004319,43.6251945],[13.4995669,43.6254272],[13.4989188,43.6256206],[13.4985842,43.6257307]]},"properties":{"site":"ancona","name":"","highway":"footway"}},{"type":"Feature","geometry":{"type":"LineString","coordinates":[[13.4985842,43.6257307],[13.4985425,43.6256681],[13.4985154,43.6256273]]},"properties":{"site":"ancona","name":"","highway":"footway"}},{"type":"Feature","geometry":{"type":"LineString","coordinates":[[13.4985154,43.6256273],[13.4994703,43.625363],[13.5002454,43.6251495],[13.5005126,43.6250758]]},"properties":{"site":"ancona","name":"","highway":"footway"}},{"type":"Feature","geometry":{"type":"LineString","coordinates":[[13.5005126,43.6250758],[13.5005249,43.6251582],[13.5005276,43.6251763]]},"properties":{"site":"ancona","name":"","highway":"footway"}},{"type":"Feature","geometry":{"type":"LineString","coordinates":[[13.5021951,43.6249799],[13.5021847,43.6250062],[13.5021569,43.6250767],[13.5021543,43.6250832],[13.5021361,43.6251294]]},"properties":{"site":"ancona","name":"","highway":"footway"}},{"type":"Feature","geometry":{"type":"LineString","coordinates":[[13.5047754,43.6250809],[13.5047845,43.6251311],[13.5047913,43.6251684]]},"properties":{"site":"ancona","name":"","highway":"footway"}},{"type":"Feature","geometry":{"type":"LineString","coordinates":[[13.5067077,43.6240737],[13.5068704,43.6248513],[13.506243,43.6248762],[13.5057094,43.6245858],[13.5045981,43.6230058],[13.5045636,43.6229958],[13.5033517,43.6234479],[13.5033393,43.6234749],[13.5042332,43.6247628],[13.5044247,43.6250242],[13.5041505,43.6250886],[13.5028898,43.6248848],[13.5018062,43.6247217],[13.5016936,43.6247294],[13.5016346,43.6248595],[13.5021951,43.6249799],[13.5027235,43.625075],[13.5032967,43.6251093],[13.5041505,43.6250886]]},"properties":{"site":"ancona","name":"","highway":"footway"}},{"type":"Feature","geometry":{"type":"LineString","coordinates":[[13.5060261,43.6170445],[13.5061846,43.6170544],[13.5063972,43.6170926],[13.5064831,43.6171159],[13.5065966,43.6171646],[13.5068221,43.6172929],[13.5070521,43.6174629],[13.5071493,43.6175478],[13.5073213,43.6177419]]},"properties":{"site":"ancona","name":"Banchina Giovanni da Chio","highway":"service"}},{"type":"Feature","geometry":{"type":"LineString","coordinates":[[13.5057923,43.6166435],[13.5057752,43.6166614],[13.5057574,43.6166817],[13.5057237,43.616715],[13.5057086,43.6167354],[13.5056968,43.6167866],[13.5057127,43.6168555],[13.5057674,43.6169169],[13.5058705,43.6169876],[13.5059683,43.6170381]]},"properties":{"site":"ancona","name":"Banchina Giovanni da Chio","highway":"service"}},{"type":"Feature","geometry":{"type":"LineString","coordinates":[[13.5073213,43.6177419],[13.5070494,43.6175201],[13.5069843,43.6174774],[13.5068678,43.6174205],[13.5065956,43.6172857],[13.5064928,43.6172439],[13.5063337,43.617189],[13.5060671,43.6170999],[13.5059683,43.6170381]]},"properties":{"site":"ancona","name":"Banchina Giovanni da Chio","highway":"service"}},{"type":"Feature","geometry":{"type":"LineString","coordinates":[[13.5073489,43.6183264],[13.5067888,43.6177634],[13.506664,43.6176695],[13.5064776,43.6175397],[13.50623,43.6173821],[13.5060788,43.6173276],[13.5059254,43.6173432]]},"properties":{"site":"ancona","name":"","highway":"service"}},{"type":"Feature","geometry":{"type":"LineString","coordinates":[[13.5147283,43.6168321],[13.5146995,43.6167776]]},"properties":{"site":"ancona","name":"Piazza Stamira","highway":"footway"}},{"type":"Feature","geometry":{"type":"LineString","coordinates":[[13.5134629,43.6160621],[13.5136058,43.6160268],[13.5136017,43.6160181]]},"properties":{"site":"ancona","name":"","highway":"footway"}},{"type":"Feature","geometry":{"type":"LineString","coordinates":[[13.51352,43.6157725],[13.5134996,43.6157218]]},"properties":{"site":"ancona","name":"","highway":"footway"}},{"type":"Feature","geometry":{"type":"LineString","coordinates":[[13.5124259,43.6170753],[13.5125036,43.6172182]]},"properties":{"site":"ancona","name":"Via Villafranca","highway":"pedestrian"}},{"type":"Feature","geometry":{"type":"LineString","coordinates":[[13.51585,43.617942],[13.5158624,43.6179647]]},"properties":{"site":"ancona","name":"","highway":"steps"}},{"type":"Feature","geometry":{"type":"LineString","coordinates":[[13.5116174,43.6190282],[13.5116468,43.6190242]]},"properties":{"site":"ancona","name":"Via della Pescheria","highway":"pedestrian"}},{"type":"Feature","geometry":{"type":"LineString","coordinates":[[13.5116468,43.6190242],[13.5117797,43.6190131]]},"properties":{"site":"ancona","name":"Via della Pescheria","highway":"pedestrian"}},{"type":"Feature","geometry":{"type":"LineString","coordinates":[[13.5111773,43.6241672],[13.5114676,43.6241226]]},"properties":{"site":"ancona","name":"Piazza dell'Anfiteatro","highway":"service"}},{"type":"Feature","geometry":{"type":"LineString","coordinates":[[13.511526,43.621415],[13.5115585,43.6214138],[13.5117287,43.6214178],[13.5116962,43.6215529]]},"properties":{"site":"ancona","name":"","highway":"footway"}},{"type":"Feature","geometry":{"type":"LineString","coordinates":[[13.5075128,43.6137907],[13.5076381,43.6138563],[13.5077672,43.6139252],[13.5079053,43.6140072],[13.5079869,43.6140613],[13.5078419,43.6143106],[13.5077264,43.6144516],[13.5076003,43.6145299]]},"properties":{"site":"ancona","name":"","highway":"path"}},{"type":"Feature","geometry":{"type":"LineString","coordinates":[[13.5052166,43.614536],[13.5051002,43.614807]]},"properties":{"site":"ancona","name":"","highway":"footway"}},{"type":"Feature","geometry":{"type":"LineString","coordinates":[[13.5085392,43.6179778],[13.5084755,43.6180142],[13.5083883,43.6180637]]},"properties":{"site":"ancona","name":"","highway":"footway"}},{"type":"Feature","geometry":{"type":"LineString","coordinates":[[13.5086299,43.6182662],[13.5084556,43.6181201],[13.5083883,43.6180637]]},"properties":{"site":"ancona","name":"","highway":"footway"}},{"type":"Feature","geometry":{"type":"LineString","coordinates":[[13.5074076,43.6171475],[13.5074926,43.6171],[13.507559,43.6170635]]},"properties":{"site":"ancona","name":"","highway":"footway"}},{"type":"Feature","geometry":{"type":"LineString","coordinates":[[13.5054367,43.6158235],[13.5055409,43.6158806],[13.5067303,43.6165344],[13.506814,43.6165904],[13.5069006,43.6166617],[13.5074076,43.6171475],[13.5082037,43.6179089],[13.5083883,43.6180637]]},"properties":{"site":"ancona","name":"","highway":"footway"}},{"type":"Feature","geometry":{"type":"LineString","coordinates":[[13.513011,43.6183335],[13.5130136,43.6183483],[13.5130221,43.6183968]]},"properties":{"site":"ancona","name":"Piazza Roma","highway":"pedestrian"}},{"type":"Feature","geometry":{"type":"LineString","coordinates":[[13.5165294,43.6163615],[13.5165447,43.6163945],[13.5165783,43.6164714]]},"properties":{"site":"ancona","name":"Piazza Camillo Benso Conte di Cavour","highway":"footway"}},{"type":"Feature","geometry":{"type":"LineString","coordinates":[[13.5156178,43.622857],[13.5156314,43.6228265],[13.5156223,43.6228056],[13.5154773,43.6226376]]},"properties":{"site":"ancona","name":"","highway":"service"}},{"type":"Feature","geometry":{"type":"LineString","coordinates":[[13.5137624,43.6206343],[13.5143469,43.6210109]]},"properties":{"site":"ancona","name":"Via Scosciacavalli","highway":"steps"}},{"type":"Feature","geometry":{"type":"LineString","coordinates":[[13.5143469,43.6210109],[13.5144636,43.6210861]]},"properties":{"site":"ancona","name":"Via Scosciacavalli","highway":"steps"}},{"type":"Feature","geometry":{"type":"LineString","coordinates":[[13.5134013,43.6234384],[13.513472,43.6235125],[13.5134894,43.6235646]]},"properties":{"site":"ancona","name":"Passeggiata Franco Scataglini","highway":"path"}},{"type":"Feature","geometry":{"type":"LineString","coordinates":[[13.5132383,43.6232166],[13.5132309,43.6232698],[13.5133804,43.6234165],[13.5134013,43.6234384]]},"properties":{"site":"ancona","name":"Passeggiata Franco Scataglini","highway":"path"}},{"type":"Feature","geometry":{"type":"LineString","coordinates":[[13.5134894,43.6235646],[13.5134489,43.6236358],[13.5133914,43.6237104]]},"properties":{"site":"ancona","name":"Passeggiata Franco Scataglini","highway":"path"}},{"type":"Feature","geometry":{"type":"LineString","coordinates":[[13.5115179,43.6235132],[13.5115953,43.6234893],[13.5117187,43.6234524],[13.5116561,43.6237652],[13.5115849,43.6238175],[13.5115111,43.623803],[13.5114719,43.6237675],[13.5114777,43.6236977],[13.5115179,43.6235132]]},"properties":{"site":"ancona","name":"","highway":"service"}},{"type":"Feature","geometry":{"type":"LineString","coordinates":[[13.5112436,43.6233642],[13.5113403,43.6233511],[13.5114455,43.6233326],[13.5116054,43.6233398]]},"properties":{"site":"ancona","name":"","highway":"path"}},{"type":"Feature","geometry":{"type":"LineString","coordinates":[[13.5114245,43.6231788],[13.5114063,43.6232734]]},"properties":{"site":"ancona","name":"Vicolo dei Tribunali","highway":"steps"}},{"type":"Feature","geometry":{"type":"LineString","coordinates":[[13.5111798,43.6227114],[13.5114338,43.6227662]]},"properties":{"site":"ancona","name":"Vicolo dei Tribunali","highway":"steps"}},{"type":"Feature","geometry":{"type":"LineString","coordinates":[[13.5114338,43.6227662],[13.5116102,43.6228043]]},"properties":{"site":"ancona","name":"Vicolo dei Tribunali","highway":"pedestrian"}},{"type":"Feature","geometry":{"type":"LineString","coordinates":[[13.5118757,43.6227981],[13.5118865,43.6227215],[13.5118123,43.6226202]]},"properties":{"site":"ancona","name":"Vicolo dei Tribunali","highway":"pedestrian"}},{"type":"Feature","geometry":{"type":"LineString","coordinates":[[13.5114063,43.6232734],[13.5114642,43.6232866]]},"properties":{"site":"ancona","name":"Vicolo dei Tribunali","highway":"steps"}},{"type":"Feature","geometry":{"type":"LineString","coordinates":[[13.5114455,43.6233326],[13.5114642,43.6232866]]},"properties":{"site":"ancona","name":"","highway":"path"}},{"type":"Feature","geometry":{"type":"LineString","coordinates":[[13.5116629,43.6233528],[13.5116931,43.6233596]]},"properties":{"site":"ancona","name":"","highway":"steps"}},{"type":"Feature","geometry":{"type":"LineString","coordinates":[[13.5116931,43.6233596],[13.5116888,43.6233698]]},"properties":{"site":"ancona","name":"","highway":"steps"}},{"type":"Feature","geometry":{"type":"LineString","coordinates":[[13.5116054,43.6233398],[13.5116629,43.6233528]]},"properties":{"site":"ancona","name":"","highway":"steps"}},{"type":"Feature","geometry":{"type":"LineString","coordinates":[[13.5116888,43.6233698],[13.5117544,43.6233846]]},"properties":{"site":"ancona","name":"","highway":"path"}},{"type":"Feature","geometry":{"type":"LineString","coordinates":[[13.5117013,43.6233407],[13.5116975,43.6233494],[13.5116673,43.6233426],[13.5116629,43.6233528]]},"properties":{"site":"ancona","name":"","highway":"footway"}},{"type":"Feature","geometry":{"type":"LineString","coordinates":[[13.5118217,43.6226004],[13.5118123,43.6226202]]},"properties":{"site":"ancona","name":"Vicolo dei Tribunali","highway":"pedestrian"}},{"type":"Feature","geometry":{"type":"LineString","coordinates":[[13.5118308,43.6225638],[13.5118217,43.6226004]]},"properties":{"site":"ancona","name":"Vicolo dei Tribunali","highway":"pedestrian"}},{"type":"Feature","geometry":{"type":"LineString","coordinates":[[13.5120008,43.6242104],[13.5120656,43.6242305]]},"properties":{"site":"ancona","name":"","highway":"path"}},{"type":"Feature","geometry":{"type":"LineString","coordinates":[[13.5125932,43.6238355],[13.5125906,43.6238869]]},"properties":{"site":"ancona","name":"","highway":"path"}},{"type":"Feature","geometry":{"type":"LineString","coordinates":[[13.5129341,43.6238714],[13.5129891,43.6238977],[13.5130441,43.6238986],[13.5131273,43.6238831],[13.5132158,43.6238763],[13.5132936,43.6238986]]},"properties":{"site":"ancona","name":"","highway":"path"}},{"type":"Feature","geometry":{"type":"LineString","coordinates":[[13.5133914,43.6237104],[13.5133271,43.6237986],[13.5132936,43.6238986],[13.5132346,43.6239908],[13.513193,43.6240452],[13.5131004,43.6240345],[13.5130052,43.62402],[13.5129623,43.623987],[13.5129315,43.6239617],[13.5129194,43.6239103],[13.5129341,43.6238714],[13.5129434,43.6237801]]},"properties":{"site":"ancona","name":"","highway":"path"}},{"type":"Feature","geometry":{"type":"LineString","coordinates":[[13.5129082,43.6236237],[13.5129462,43.6235996],[13.5129462,43.623555],[13.512961,43.6235171],[13.5129261,43.6234899],[13.5128658,43.6234753],[13.5128108,43.6234715],[13.5127786,43.623487],[13.5127786,43.6235181],[13.5127477,43.6235598],[13.5127236,43.6235841],[13.5127098,43.6236398]]},"properties":{"site":"ancona","name":"","highway":"path"}},{"type":"Feature","geometry":{"type":"LineString","coordinates":[[13.5122187,43.6237117],[13.5122163,43.6237198]]},"properties":{"site":"ancona","name":"","highway":"footway"}},{"type":"Feature","geometry":{"type":"LineString","coordinates":[[13.5136084,43.6233419],[13.5136289,43.6233278]]},"properties":{"site":"ancona","name":"","highway":"steps"}},{"type":"Feature","geometry":{"type":"LineString","coordinates":[[13.5134176,43.6232477],[13.5135712,43.6233535],[13.5135879,43.6233501],[13.5136084,43.6233419]]},"properties":{"site":"ancona","name":"","highway":"path"}},{"type":"Feature","geometry":{"type":"LineString","coordinates":[[13.5140821,43.6231297],[13.5139748,43.623055]]},"properties":{"site":"ancona","name":"","highway":"path"}},{"type":"Feature","geometry":{"type":"LineString","coordinates":[[13.5140252,43.6232552],[13.5140821,43.6231297],[13.514526,43.6230482],[13.514982,43.6228861],[13.5151738,43.6229462]]},"properties":{"site":"ancona","name":"","highway":"path"}},{"type":"Feature","geometry":{"type":"LineString","coordinates":[[13.5110437,43.6223088],[13.5110502,43.6223238],[13.5110408,43.6224593],[13.5110343,43.6224831]]},"properties":{"site":"ancona","name":"Via le Rupi Comunali","highway":"pedestrian"}},{"type":"Feature","geometry":{"type":"LineString","coordinates":[[13.5108159,43.622421],[13.5108392,43.6224321],[13.510893,43.6223706],[13.5109737,43.6223186],[13.5110286,43.622304],[13.5110437,43.6223088]]},"properties":{"site":"ancona","name":"Via le Rupi Comunali","highway":"steps"}},{"type":"Feature","geometry":{"type":"LineString","coordinates":[[13.51085,43.6223413],[13.5108159,43.622421]]},"properties":{"site":"ancona","name":"Via le Rupi Comunali","highway":"pedestrian"}},{"type":"Feature","geometry":{"type":"LineString","coordinates":[[13.5105087,43.6224904],[13.5105475,43.6224981],[13.5105773,43.6225031],[13.5105506,43.6225875],[13.5105969,43.6225947]]},"properties":{"site":"ancona","name":"Via le Rupi Comunali","highway":"steps"}},{"type":"Feature","geometry":{"type":"LineString","coordinates":[[13.5106229,43.6224875],[13.5106465,43.6223905],[13.5106486,43.6223777]]},"properties":{"site":"ancona","name":"Via le Rupi Comunali","highway":"pedestrian"}},{"type":"Feature","geometry":{"type":"LineString","coordinates":[[13.5105969,43.6225947],[13.5106229,43.6224875]]},"properties":{"site":"ancona","name":"Via le Rupi Comunali","highway":"steps"}},{"type":"Feature","geometry":{"type":"LineString","coordinates":[[13.5131002,43.6185325],[13.5131284,43.6185671]]},"properties":{"site":"ancona","name":"Via Alessandro Zappata","highway":"path"}},{"type":"Feature","geometry":{"type":"LineString","coordinates":[[13.518568,43.6202651],[13.5183665,43.6198018],[13.5183615,43.6195865],[13.5183085,43.6194971],[13.5182914,43.6194856],[13.5182758,43.6194844],[13.5182281,43.6194949],[13.5181859,43.6194752],[13.5181013,43.6193556],[13.5180185,43.6192852],[13.5179582,43.6192703],[13.5179348,43.6192908],[13.5179563,43.619386],[13.5180881,43.6196159]]},"properties":{"site":"ancona","name":"","highway":"path"}},{"type":"Feature","geometry":{"type":"LineString","coordinates":[[13.5109136,43.6228866],[13.5108553,43.6228999],[13.5108121,43.622902]]},"properties":{"site":"ancona","name":"","highway":"footway"}},{"type":"Feature","geometry":{"type":"LineString","coordinates":[[13.5180881,43.6196159],[13.5181737,43.6197586],[13.5182739,43.6199691],[13.5183873,43.6202063],[13.5185088,43.6204977],[13.5185933,43.6206937],[13.5186252,43.6207712],[13.5186644,43.6208768],[13.5187842,43.6211928],[13.5189987,43.6213281]]},"properties":{"site":"ancona","name":"","highway":"footway"}},{"type":"Feature","geometry":{"type":"LineString","coordinates":[[13.5176328,43.6167271],[13.5175795,43.6164988]]},"properties":{"site":"ancona","name":"","highway":"footway"}},{"type":"Feature","geometry":{"type":"LineString","coordinates":[[13.5175795,43.6164988],[13.5176478,43.6163712]]},"properties":{"site":"ancona","name":"Piazza Camillo Benso Conte di Cavour","highway":"footway"}},{"type":"Feature","geometry":{"type":"LineString","coordinates":[[13.5173416,43.6165381],[13.5175795,43.6164988]]},"properties":{"site":"ancona","name":"Piazza Camillo Benso Conte di Cavour","highway":"footway"}},{"type":"Feature","geometry":{"type":"LineString","coordinates":[[13.5172106,43.6164815],[13.5173416,43.6165381]]},"properties":{"site":"ancona","name":"Piazza Camillo Benso Conte di Cavour","highway":"footway"}},{"type":"Feature","geometry":{"type":"LineString","coordinates":[[13.5211105,43.6143535],[13.5211007,43.6142892]]},"properties":{"site":"ancona","name":"","highway":"footway"}},{"type":"Feature","geometry":{"type":"LineString","coordinates":[[13.5094296,43.6168136],[13.5096146,43.6169712]]},"properties":{"site":"ancona","name":"Vicolo San Spiridione","highway":"pedestrian"}},{"type":"Feature","geometry":{"type":"LineString","coordinates":[[13.5093884,43.6167785],[13.5094074,43.6167947]]},"properties":{"site":"ancona","name":"Vicolo San Spiridione","highway":"pedestrian"}},{"type":"Feature","geometry":{"type":"LineString","coordinates":[[13.51144,43.6177295],[13.5114011,43.6176697]]},"properties":{"site":"ancona","name":"Via Don Antonio Gioia","highway":"footway"}},{"type":"Feature","geometry":{"type":"LineString","coordinates":[[13.5132574,43.6193521],[13.513295,43.6193955]]},"properties":{"site":"ancona","name":"","highway":"footway"}},{"type":"Feature","geometry":{"type":"LineString","coordinates":[[13.5109667,43.6188864],[13.5109803,43.6189028]]},"properties":{"site":"ancona","name":"Sopportico Ceriago","highway":"pedestrian"}},{"type":"Feature","geometry":{"type":"LineString","coordinates":[[13.509471,43.6203627],[13.5093567,43.6203793],[13.5092709,43.6204269]]},"properties":{"site":"ancona","name":"","highway":"footway"}},{"type":"Feature","geometry":{"type":"LineString","coordinates":[[13.5095482,43.6206462],[13.5094565,43.6206653],[13.5094029,43.6206764],[13.5093568,43.620686]]},"properties":{"site":"ancona","name":"","highway":"footway"}},{"type":"Feature","geometry":{"type":"LineString","coordinates":[[13.5192873,43.6163007],[13.5193222,43.6162974],[13.520593,43.6161743],[13.5207708,43.6161571],[13.520882,43.6161463],[13.5228871,43.615952],[13.5230046,43.6159407],[13.5231129,43.6159302],[13.5245762,43.6157884],[13.5255548,43.6156936],[13.5256703,43.6156824]]},"properties":{"site":"ancona","name":"Viale della Vittoria","highway":"pedestrian"}},{"type":"Feature","geometry":{"type":"LineString","coordinates":[[13.5130511,43.6172429],[13.5130676,43.6172815],[13.5132794,43.6177768],[13.5133031,43.6178412],[13.5134601,43.6182704],[13.5134737,43.6183156]]},"properties":{"site":"ancona","name":"Piazza Roma","highway":"pedestrian"}},{"type":"Feature","geometry":{"type":"LineString","coordinates":[[13.5206302,43.6153721],[13.520586,43.6152836]]},"properties":{"site":"ancona","name":"","highway":"service"}},{"type":"Feature","geometry":{"type":"LineString","coordinates":[[13.5204638,43.6146526],[13.5204739,43.6146038]]},"properties":{"site":"ancona","name":"","highway":"footway"}},{"type":"Feature","geometry":{"type":"LineString","coordinates":[[13.5204591,43.6149413],[13.5204223,43.6148551]]},"properties":{"site":"ancona","name":"","highway":"service"}},{"type":"Feature","geometry":{"type":"LineString","coordinates":[[13.520586,43.6152836],[13.5204778,43.6150672],[13.5204591,43.6149413]]},"properties":{"site":"ancona","name":"","highway":"service"}},{"type":"Feature","geometry":{"type":"LineString","coordinates":[[13.5204223,43.6148551],[13.5204638,43.6146526]]},"properties":{"site":"ancona","name":"","highway":"steps"}},{"type":"Feature","geometry":{"type":"LineString","coordinates":[[13.508866,43.6189947],[13.5088122,43.6190068],[13.5087574,43.6190187],[13.5087082,43.6190414],[13.5086803,43.6190531],[13.5085864,43.6189414],[13.5085705,43.6189509],[13.5085167,43.6189715],[13.5084536,43.6189999]]},"properties":{"site":"ancona","name":"","highway":"footway"}},{"type":"Feature","geometry":{"type":"LineString","coordinates":[[13.5191739,43.6163118],[13.5192873,43.6163007]]},"properties":{"site":"ancona","name":"Viale della Vittoria","highway":"pedestrian"}},{"type":"Feature","geometry":{"type":"LineString","coordinates":[[13.5158303,43.616616],[13.5157537,43.616633],[13.5156651,43.6166558],[13.5156459,43.616611],[13.5156311,43.6165711]]},"properties":{"site":"ancona","name":"","highway":"footway"}},{"type":"Feature","geometry":{"type":"LineString","coordinates":[[13.5156616,43.6165494],[13.5157113,43.6165382],[13.5157703,43.6165227]]},"properties":{"site":"ancona","name":"","highway":"footway"}},{"type":"Feature","geometry":{"type":"LineString","coordinates":[[13.5156311,43.6165711],[13.5156666,43.6165608],[13.5156616,43.6165494]]},"properties":{"site":"ancona","name":"","highway":"footway"}},{"type":"Feature","geometry":{"type":"LineString","coordinates":[[13.515875,43.6166415],[13.5158303,43.616616]]},"properties":{"site":"ancona","name":"","highway":"footway"}},{"type":"Feature","geometry":{"type":"LineString","coordinates":[[13.5158753,43.617112],[13.5156693,43.6166649]]},"properties":{"site":"ancona","name":"","highway":"footway"}},{"type":"Feature","geometry":{"type":"LineString","coordinates":[[13.5178923,43.616119],[13.5178775,43.6160745],[13.5178564,43.6160323]]},"properties":{"site":"ancona","name":"","highway":"footway"}},{"type":"Feature","geometry":{"type":"LineString","coordinates":[[13.5152047,43.6157293],[13.5151903,43.6156966],[13.5151787,43.6156683],[13.5153068,43.6156374]]},"properties":{"site":"ancona","name":"","highway":"footway"}},{"type":"Feature","geometry":{"type":"LineString","coordinates":[[13.5140549,43.6159618],[13.5140716,43.6159979]]},"properties":{"site":"ancona","name":"","highway":"footway"}},{"type":"Feature","geometry":{"type":"LineString","coordinates":[[13.5136126,43.6161516],[13.5135771,43.6161598],[13.5135373,43.6161689]]},"properties":{"site":"ancona","name":"","highway":"footway"}},{"type":"Feature","geometry":{"type":"LineString","coordinates":[[13.5135373,43.6161689],[13.5135216,43.6161353],[13.5135012,43.6161403]]},"properties":{"site":"ancona","name":"","highway":"footway"}},{"type":"Feature","geometry":{"type":"LineString","coordinates":[[13.5135012,43.6161403],[13.5134802,43.6160974],[13.5134629,43.6160621]]},"properties":{"site":"ancona","name":"","highway":"footway"}},{"type":"Feature","geometry":{"type":"LineString","coordinates":[[13.5056961,43.6142939],[13.5059353,43.6142801]]},"properties":{"site":"ancona","name":"","highway":"footway"}},{"type":"Feature","geometry":{"type":"LineString","coordinates":[[13.510125,43.6154742],[13.5104301,43.6154042]]},"properties":{"site":"ancona","name":"","highway":"service"}},{"type":"Feature","geometry":{"type":"LineString","coordinates":[[13.5100256,43.615505],[13.510125,43.6154742]]},"properties":{"site":"ancona","name":"","highway":"service"}},{"type":"Feature","geometry":{"type":"LineString","coordinates":[[13.5096583,43.623379],[13.5096983,43.6233241]]},"properties":{"site":"ancona","name":"","highway":"steps"}},{"type":"Feature","geometry":{"type":"LineString","coordinates":[[13.5094824,43.6232848],[13.5096035,43.6233497],[13.5096583,43.623379]]},"properties":{"site":"ancona","name":"","highway":"footway"}},{"type":"Feature","geometry":{"type":"LineString","coordinates":[[13.5074119,43.6253167],[13.5073942,43.6252269]]},"properties":{"site":"ancona","name":"","highway":"service"}},{"type":"Feature","geometry":{"type":"LineString","coordinates":[[13.5014346,43.6295412],[13.5017727,43.6303227]]},"properties":{"site":"ancona","name":"","highway":"service"}},{"type":"Feature","geometry":{"type":"LineString","coordinates":[[13.5086122,43.6257284],[13.5084281,43.6257804],[13.5083259,43.6258045],[13.5081425,43.6258982],[13.5078052,43.6260237],[13.5077205,43.6260767],[13.5076745,43.6261114],[13.5074291,43.6261931],[13.5069167,43.626372],[13.5061896,43.6266657],[13.5058222,43.6267673],[13.5055539,43.6268414]]},"properties":{"site":"ancona","name":"","highway":"service"}},{"type":"Feature","geometry":{"type":"LineString","coordinates":[[13.5020314,43.6292584],[13.5020448,43.6293868],[13.5020605,43.629448],[13.5023594,43.6301432],[13.5023074,43.630198],[13.5017727,43.6303227],[13.5011799,43.6304609],[13.5009098,43.6298569],[13.5009145,43.6298065]]},"properties":{"site":"ancona","name":"","highway":"service"}},{"type":"Feature","geometry":{"type":"LineString","coordinates":[[13.5055539,43.6268414],[13.5055308,43.6269066],[13.5055299,43.6270317],[13.505607,43.627234],[13.5057263,43.6274996],[13.5058949,43.6277296],[13.5060074,43.6280426],[13.5060163,43.6282156],[13.5063094,43.6288807]]},"properties":{"site":"ancona","name":"","highway":"service"}},{"type":"Feature","geometry":{"type":"LineString","coordinates":[[13.5058222,43.6267673],[13.5057315,43.6265643],[13.5056633,43.6265422],[13.505578,43.6265607]]},"properties":{"site":"ancona","name":"","highway":"service"}},{"type":"Feature","geometry":{"type":"LineString","coordinates":[[13.5077238,43.6252225],[13.5077385,43.6251773],[13.5077594,43.6251602],[13.5078549,43.6250912],[13.5079351,43.6250667]]},"properties":{"site":"ancona","name":"","highway":"service"}},{"type":"Feature","geometry":{"type":"LineString","coordinates":[[13.5075087,43.6253704],[13.5074865,43.6254874]]},"properties":{"site":"ancona","name":"","highway":"service"}},{"type":"Feature","geometry":{"type":"LineString","coordinates":[[13.505578,43.6265607],[13.5053085,43.6259443]]},"properties":{"site":"ancona","name":"","highway":"service"}},{"type":"Feature","geometry":{"type":"LineString","coordinates":[[13.5074865,43.6254874],[13.5077205,43.6260767],[13.5089194,43.628015],[13.50898,43.6281965],[13.5089791,43.6283436],[13.5089556,43.6284802],[13.5088636,43.6286718],[13.5087491,43.6287874],[13.50857,43.6288476],[13.508014,43.629038]]},"properties":{"site":"ancona","name":"","highway":"service"}},{"type":"Feature","geometry":{"type":"LineString","coordinates":[[13.5073942,43.6252269],[13.5074755,43.6252821]]},"properties":{"site":"ancona","name":"","highway":"service"}},{"type":"Feature","geometry":{"type":"LineString","coordinates":[[13.508898,43.6261519],[13.5089917,43.626205],[13.5090418,43.6262588],[13.509346,43.6267188],[13.5093469,43.6268301]]},"properties":{"site":"ancona","name":"","highway":"service"}},{"type":"Feature","geometry":{"type":"LineString","coordinates":[[13.5074755,43.6252821],[13.5074979,43.6252851],[13.5075218,43.6252963],[13.5075347,43.6253099],[13.5075397,43.6253217],[13.5075406,43.6253305],[13.5075363,43.6253466],[13.5075266,43.625359],[13.5075087,43.6253704],[13.5074773,43.6253771],[13.5074548,43.6253748],[13.5074394,43.6253695],[13.5074227,43.6253582],[13.5074123,43.6253435],[13.5074096,43.6253331],[13.5074119,43.6253167],[13.5074219,43.6253018],[13.5074402,43.6252894],[13.5074613,43.6252832],[13.5074755,43.6252821]]},"properties":{"site":"ancona","name":"","highway":"service"}},{"type":"Feature","geometry":{"type":"LineString","coordinates":[[13.5079351,43.6250667],[13.5079032,43.6251203],[13.5078164,43.6251899],[13.5077802,43.6252119],[13.5077238,43.6252225]]},"properties":{"site":"ancona","name":"","highway":"service"}},{"type":"Feature","geometry":{"type":"LineString","coordinates":[[13.5079351,43.6250667],[13.5079647,43.6250495],[13.5079929,43.6250379],[13.5080198,43.6250303],[13.5080426,43.6250295],[13.5080643,43.6250311],[13.5080821,43.6250357],[13.5081084,43.6250465],[13.5081296,43.6250586],[13.5081597,43.6250786],[13.5081827,43.6250984],[13.5081994,43.6251199],[13.5082138,43.6251394],[13.5082498,43.6251891],[13.5084238,43.6254461],[13.5085959,43.6257046],[13.5086122,43.6257284],[13.5087747,43.625966],[13.508898,43.6261519],[13.5089429,43.6262198],[13.5092866,43.6267383],[13.5093469,43.6268301],[13.5094962,43.6270578],[13.5096281,43.6272587],[13.509917,43.627703],[13.5100815,43.6279463]]},"properties":{"site":"ancona","name":"","highway":"service"}},{"type":"Feature","geometry":{"type":"LineString","coordinates":[[13.5036929,43.626992],[13.5037959,43.6272198],[13.5038438,43.627325]]},"properties":{"site":"ancona","name":"","highway":"service"}},{"type":"Feature","geometry":{"type":"LineString","coordinates":[[13.5055539,43.6268414],[13.5054039,43.6268566],[13.5037959,43.6272198],[13.502541,43.6274902],[13.5024597,43.6272742],[13.5036929,43.626992],[13.505578,43.6265607]]},"properties":{"site":"ancona","name":"","highway":"service"}},{"type":"Feature","geometry":{"type":"LineString","coordinates":[[13.5074865,43.6254874],[13.5074227,43.6253582]]},"properties":{"site":"ancona","name":"","highway":"service"}},{"type":"Feature","geometry":{"type":"LineString","coordinates":[[13.5006041,43.6300537],[13.5008271,43.6298528],[13.5009145,43.6298065],[13.5014346,43.6295412],[13.5016479,43.6293825],[13.5020314,43.6292584],[13.5029609,43.6290343],[13.5032349,43.6295924],[13.5063094,43.6288807],[13.5077752,43.6285415],[13.508014,43.629038],[13.5080151,43.6291337],[13.5079869,43.6292472],[13.5079037,43.6293693],[13.5077121,43.6295044],[13.5073321,43.6297071],[13.5068398,43.6298882],[13.5064766,43.6300004],[13.5060301,43.6301738],[13.5034211,43.6307783]]},"properties":{"site":"ancona","name":"","highway":"service"}},{"type":"Feature","geometry":{"type":"LineString","coordinates":[[13.5075397,43.6253217],[13.5075931,43.6253011],[13.5076446,43.625276],[13.5076918,43.6252466],[13.5077238,43.6252225]]},"properties":{"site":"ancona","name":"","highway":"service"}},{"type":"Feature","geometry":{"type":"LineString","coordinates":[[13.5094962,43.6270578],[13.510736,43.6266233],[13.5107922,43.6266067],[13.5108645,43.6266112],[13.5113487,43.6272817],[13.511376,43.6273663],[13.5113693,43.6274283],[13.5113315,43.6274924],[13.5106361,43.6277481],[13.5102415,43.6279066],[13.5100815,43.6279463],[13.5099044,43.6280699],[13.5096281,43.6282031],[13.5091608,43.628418],[13.5089556,43.6284802]]},"properties":{"site":"ancona","name":"","highway":"service"}},{"type":"Feature","geometry":{"type":"LineString","coordinates":[[13.5050367,43.6139968],[13.50512,43.6140539],[13.5051525,43.6141302],[13.5051739,43.6142596],[13.505178,43.6143565],[13.5051496,43.6144795],[13.5051064,43.6145943],[13.5050395,43.6147229],[13.5049874,43.614785],[13.5049411,43.6148048],[13.5048695,43.6148131]]},"properties":{"site":"ancona","name":"","highway":"service"}},{"type":"Feature","geometry":{"type":"LineString","coordinates":[[13.5092386,43.6225796],[13.5092478,43.6226817],[13.5092478,43.6227273],[13.5092444,43.6227673],[13.5092342,43.6228063],[13.509219,43.6228454]]},"properties":{"site":"ancona","name":"Banchina Nazario Sauro","highway":"service"}},{"type":"Feature","geometry":{"type":"LineString","coordinates":[[13.5052808,43.615601],[13.5050724,43.6154273],[13.5050507,43.6154087]]},"properties":{"site":"ancona","name":"Largo Caduti sul Mare","highway":"footway"}},{"type":"Feature","geometry":{"type":"LineString","coordinates":[[13.5110343,43.6224831],[13.5110143,43.622532],[13.5110331,43.6225393],[13.5110602,43.622487],[13.5110836,43.6224903],[13.5110596,43.6225454],[13.511076,43.6225501]]},"properties":{"site":"ancona","name":"Via le Rupi Comunali","highway":"steps"}},{"type":"Feature","geometry":{"type":"LineString","coordinates":[[13.5100993,43.6189802],[13.5100568,43.6189952]]},"properties":{"site":"ancona","name":"Corso Giuseppe Mazzini","highway":"pedestrian"}},{"type":"Feature","geometry":{"type":"LineString","coordinates":[[13.51041,43.6188702],[13.5100993,43.6189802]]},"properties":{"site":"ancona","name":"Corso Giuseppe Mazzini","highway":"pedestrian"}},{"type":"Feature","geometry":{"type":"LineString","coordinates":[[13.506237,43.6159932],[13.5062848,43.6159745],[13.5063669,43.6159284],[13.5064535,43.6158632],[13.5064991,43.6158286]]},"properties":{"site":"ancona","name":"","highway":"service"}},{"type":"Feature","geometry":{"type":"LineString","coordinates":[[13.5107588,43.6228916],[13.5106489,43.6228669],[13.5105271,43.6228784]]},"properties":{"site":"ancona","name":"","highway":"footway"}},{"type":"Feature","geometry":{"type":"LineString","coordinates":[[13.5092385,43.6230003],[13.5092975,43.6229574],[13.5093626,43.6228914],[13.5094875,43.622713],[13.5095189,43.6226449],[13.5095316,43.6225875],[13.5096044,43.6221849],[13.5094716,43.6221704],[13.5094523,43.6221684],[13.5094165,43.6221641]]},"properties":{"site":"ancona","name":"","highway":"service"}},{"type":"Feature","geometry":{"type":"LineString","coordinates":[[13.509571,43.623212],[13.5092738,43.6230963],[13.5092361,43.6230806],[13.5092021,43.6230664]]},"properties":{"site":"ancona","name":"","highway":"service"}},{"type":"Feature","geometry":{"type":"LineString","coordinates":[[13.5064991,43.6158286],[13.5065182,43.615779],[13.5066059,43.6158036]]},"properties":{"site":"ancona","name":"","highway":"steps"}},{"type":"Feature","geometry":{"type":"LineString","coordinates":[[13.5071165,43.6164476],[13.5071913,43.6164178],[13.5072187,43.6164378]]},"properties":{"site":"ancona","name":"","highway":"steps"}},{"type":"Feature","geometry":{"type":"LineString","coordinates":[[13.5066059,43.6158036],[13.5066596,43.6158321],[13.5066963,43.6158485],[13.5068747,43.6159586],[13.5070652,43.6160612],[13.5072147,43.6161526]]},"properties":{"site":"ancona","name":"","highway":"footway"}},{"type":"Feature","geometry":{"type":"LineString","coordinates":[[13.5078505,43.6170651],[13.5079052,43.6170687],[13.5079304,43.6170944],[13.50796,43.6171108],[13.5080115,43.6171182],[13.5080874,43.6171104]]},"properties":{"site":"ancona","name":"","highway":"footway"}},{"type":"Feature","geometry":{"type":"LineString","coordinates":[[13.5092828,43.6204254],[13.5094807,43.6203929]]},"properties":{"site":"ancona","name":"","highway":"service"}},{"type":"Feature","geometry":{"type":"LineString","coordinates":[[13.5082451,43.6245386],[13.5081967,43.6245056]]},"properties":{"site":"ancona","name":"","highway":"footway"}},{"type":"Feature","geometry":{"type":"LineString","coordinates":[[13.5130058,43.6178432],[13.5130353,43.6179111]]},"properties":{"site":"ancona","name":"Piazza Roma","highway":"pedestrian"}},{"type":"Feature","geometry":{"type":"LineString","coordinates":[[13.5156693,43.6166649],[13.5156651,43.6166558]]},"properties":{"site":"ancona","name":"","highway":"footway"}},{"type":"Feature","geometry":{"type":"LineString","coordinates":[[13.5159041,43.6171745],[13.5158753,43.617112]]},"properties":{"site":"ancona","name":"","highway":"footway"}},{"type":"Feature","geometry":{"type":"LineString","coordinates":[[13.5091415,43.6203207],[13.5091049,43.6203039],[13.5090744,43.620274],[13.5090657,43.6202425],[13.5090684,43.6201978],[13.5090875,43.6201504],[13.5091104,43.6200936],[13.5091399,43.6200555],[13.5091606,43.6200157],[13.5091759,43.619963]]},"properties":{"site":"ancona","name":"Banchina Nazario Sauro","highway":"service"}},{"type":"Feature","geometry":{"type":"LineString","coordinates":[[13.5166373,43.6141774],[13.5166674,43.6141722],[13.5166717,43.6141539],[13.5166663,43.6141241],[13.5166526,43.6140868],[13.5165321,43.6139521],[13.5164576,43.6138466],[13.5164104,43.6137554],[13.5164431,43.6136832],[13.5165032,43.6136603],[13.5165684,43.6136281],[13.5166465,43.6136324],[13.5167374,43.6136495],[13.5168363,43.613681],[13.516863,43.613739],[13.5169342,43.6137769],[13.5170244,43.6138077],[13.5172367,43.61388],[13.5173118,43.6138786],[13.5173632,43.6138571],[13.5174696,43.6137057],[13.5173477,43.6136667]]},"properties":{"site":"ancona","name":"","highway":"service"}},{"type":"Feature","geometry":{"type":"LineString","coordinates":[[13.5178073,43.6156789],[13.5178494,43.6156683],[13.5180287,43.6156231]]},"properties":{"site":"ancona","name":"Via Palestro","highway":"pedestrian"}},{"type":"Feature","geometry":{"type":"LineString","coordinates":[[13.5170006,43.6138404],[13.5169636,43.6138699],[13.5169241,43.6139226],[13.5168463,43.6140084],[13.516813,43.6140915],[13.5167538,43.6141112],[13.5166663,43.6141241]]},"properties":{"site":"ancona","name":"","highway":"steps"}},{"type":"Feature","geometry":{"type":"LineString","coordinates":[[13.5153068,43.6156374],[13.5153613,43.6156243],[13.5156406,43.615557],[13.5157801,43.6155243],[13.5160874,43.6154523],[13.5165157,43.6153519],[13.5171247,43.6152092],[13.517404,43.6151438],[13.517358,43.6150413],[13.5172731,43.6149881],[13.517135,43.6149875],[13.5170669,43.6150022],[13.5167112,43.6150535],[13.5163803,43.6150913],[13.516175,43.6151342],[13.5159638,43.6151852]]},"properties":{"site":"ancona","name":"","highway":"footway"}},{"type":"Feature","geometry":{"type":"LineString","coordinates":[[13.5214114,43.6177428],[13.5213193,43.6177614]]},"properties":{"site":"ancona","name":"","highway":"service"}},{"type":"Feature","geometry":{"type":"LineString","coordinates":[[13.5105431,43.6227816],[13.5105147,43.6228765]]},"properties":{"site":"ancona","name":"Via Volto dei Seniori","highway":"footway"}},{"type":"Feature","geometry":{"type":"LineString","coordinates":[[13.5109136,43.6228866],[13.5109249,43.6228671],[13.5109563,43.6228011]]},"properties":{"site":"ancona","name":"Via Volto dei Seniori","highway":"footway"}},{"type":"Feature","geometry":{"type":"LineString","coordinates":[[13.511528,43.6214233],[13.5117189,43.6214247]]},"properties":{"site":"ancona","name":"","highway":"service"}},{"type":"Feature","geometry":{"type":"LineString","coordinates":[[13.5114126,43.6211905],[13.5113804,43.6211995],[13.5112053,43.6212431]]},"properties":{"site":"ancona","name":"","highway":"service"}},{"type":"Feature","geometry":{"type":"LineString","coordinates":[[13.5119442,43.6214601],[13.5118828,43.6214462]]},"properties":{"site":"ancona","name":"","highway":"footway"}},{"type":"Feature","geometry":{"type":"LineString","coordinates":[[13.5159638,43.6151852],[13.5159484,43.6151525]]},"properties":{"site":"ancona","name":"Via Curtatone","highway":"footway"}},{"type":"Feature","geometry":{"type":"LineString","coordinates":[[13.5160874,43.6154523],[13.5159638,43.6151852]]},"properties":{"site":"ancona","name":"Via Curtatone","highway":"steps"}},{"type":"Feature","geometry":{"type":"LineString","coordinates":[[13.5156616,43.6165494],[13.5155357,43.6162798],[13.5149453,43.6164213],[13.5150647,43.6166875],[13.5150724,43.6167046],[13.5156311,43.6165711]]},"properties":{"site":"ancona","name":"","highway":"footway"}},{"type":"Feature","geometry":{"type":"LineString","coordinates":[[13.5149887,43.6173376],[13.5148665,43.617008],[13.51516,43.6169316],[13.5151054,43.6167837],[13.5156651,43.6166558]]},"properties":{"site":"ancona","name":"","highway":"footway"}},{"type":"Feature","geometry":{"type":"LineString","coordinates":[[13.5156368,43.6143086],[13.5157408,43.6142325]]},"properties":{"site":"ancona","name":"","highway":"footway"}},{"type":"Feature","geometry":{"type":"LineString","coordinates":[[13.5156368,43.6143086],[13.5156202,43.6142931],[13.5155682,43.6142415],[13.5155697,43.6142319],[13.5156153,43.6141959],[13.5156557,43.6141971],[13.5157408,43.6142325]]},"properties":{"site":"ancona","name":"","highway":"footway"}},{"type":"Feature","geometry":{"type":"LineString","coordinates":[[13.5154209,43.6141826],[13.5154954,43.6142121],[13.5155526,43.614234],[13.5155682,43.6142415]]},"properties":{"site":"ancona","name":"","highway":"footway"}},{"type":"Feature","geometry":{"type":"LineString","coordinates":[[13.5152606,43.614152],[13.5153861,43.6141808],[13.5154209,43.6141826],[13.5154988,43.6141331],[13.5155172,43.6141136]]},"properties":{"site":"ancona","name":"","highway":"footway"}},{"type":"Feature","geometry":{"type":"LineString","coordinates":[[13.5156368,43.6143086],[13.5156505,43.6143159],[13.5158655,43.6144653]]},"properties":{"site":"ancona","name":"","highway":"footway"}},{"type":"Feature","geometry":{"type":"LineString","coordinates":[[13.5089641,43.6236454],[13.5089196,43.6236491],[13.5088967,43.6236316],[13.5089208,43.6235415]]},"properties":{"site":"ancona","name":"","highway":"footway"}},{"type":"Feature","geometry":{"type":"LineString","coordinates":[[13.5089208,43.6235415],[13.509057,43.6233535],[13.5092262,43.6231029],[13.5092361,43.6230806],[13.5092975,43.6229574],[13.5093318,43.6228874],[13.5093738,43.6227235],[13.5094141,43.6223957]]},"properties":{"site":"ancona","name":"","highway":"footway"}},{"type":"Feature","geometry":{"type":"LineString","coordinates":[[13.5226129,43.6221211],[13.5225107,43.6221584],[13.5223851,43.6222092],[13.5221983,43.6222779],[13.5220104,43.622333],[13.521877,43.6223724],[13.5217465,43.6224332]]},"properties":{"site":"ancona","name":"","highway":"path"}},{"type":"Feature","geometry":{"type":"LineString","coordinates":[[13.5217465,43.6224332],[13.521704,43.6224375],[13.5216239,43.6224554],[13.5215203,43.6225467]]},"properties":{"site":"ancona","name":"","highway":"path"}},{"type":"Feature","geometry":{"type":"LineString","coordinates":[[13.5218874,43.6235167],[13.5219023,43.6234284],[13.5219037,43.6233776],[13.5219002,43.6233345],[13.5218789,43.6232432],[13.521842,43.6231575],[13.5218201,43.6231144],[13.5215203,43.6225467],[13.5214529,43.6224192]]},"properties":{"site":"ancona","name":"","highway":"footway"}},{"type":"Feature","geometry":{"type":"LineString","coordinates":[[13.5214529,43.6224192],[13.5214349,43.6224106],[13.5214151,43.6223786],[13.5213124,43.6223499],[13.5211061,43.6224003],[13.5210924,43.6224335]]},"properties":{"site":"ancona","name":"","highway":"footway"}},{"type":"Feature","geometry":{"type":"LineString","coordinates":[[13.5210924,43.6224335],[13.5213955,43.6230829],[13.5214093,43.6231262],[13.5214119,43.6231752],[13.5214079,43.6232174],[13.5213991,43.6232335],[13.5213824,43.6232615]]},"properties":{"site":"ancona","name":"","highway":"footway"}},{"type":"Feature","geometry":{"type":"LineString","coordinates":[[13.5049043,43.6149463],[13.5048623,43.6149167],[13.5048173,43.614903],[13.5047636,43.6148876]]},"properties":{"site":"ancona","name":"","highway":"footway"}},{"type":"Feature","geometry":{"type":"LineString","coordinates":[[13.5048881,43.614962],[13.5049043,43.6149463]]},"properties":{"site":"ancona","name":"","highway":"footway"}},{"type":"Feature","geometry":{"type":"LineString","coordinates":[[13.508294,43.6187407],[13.5082287,43.6187472],[13.5079218,43.6187776]]},"properties":{"site":"ancona","name":"","highway":"service"}},{"type":"Feature","geometry":{"type":"LineString","coordinates":[[13.5059254,43.6173432],[13.5059881,43.6171675],[13.5059683,43.6170381]]},"properties":{"site":"ancona","name":"","highway":"service"}},{"type":"Feature","geometry":{"type":"LineString","coordinates":[[13.5095017,43.6210459],[13.5094102,43.6209054]]},"properties":{"site":"ancona","name":"Banchina Nazario Sauro","highway":"service"}},{"type":"Feature","geometry":{"type":"LineString","coordinates":[[13.5077429,43.6243836],[13.5077884,43.6243333],[13.507926,43.6242526],[13.5080709,43.6242059]]},"properties":{"site":"ancona","name":"Banchina Nazario Sauro","highway":"service"}},{"type":"Feature","geometry":{"type":"LineString","coordinates":[[13.5074104,43.6247846],[13.507444,43.6247029],[13.5075303,43.6245873],[13.5075845,43.6245317]]},"properties":{"site":"ancona","name":"Banchina Nazario Sauro","highway":"service"}},{"type":"Feature","geometry":{"type":"LineString","coordinates":[[13.5075845,43.6245317],[13.5077173,43.6244075],[13.5077429,43.6243836]]},"properties":{"site":"ancona","name":"Banchina Nazario Sauro","highway":"service"}},{"type":"Feature","geometry":{"type":"LineString","coordinates":[[13.5079233,43.6210763],[13.507603,43.6211084],[13.507573,43.6211039],[13.5075478,43.6210888],[13.5075251,43.6210538],[13.5074956,43.6209182],[13.5075029,43.6208498],[13.5075228,43.6207897],[13.5075638,43.6207343],[13.5077115,43.6205755],[13.5077522,43.6205454],[13.5078124,43.6205235],[13.5079051,43.6205128]]},"properties":{"site":"ancona","name":"Molo Santa Maria","highway":"service"}},{"type":"Feature","geometry":{"type":"LineString","coordinates":[[13.5079051,43.6205128],[13.5078319,43.6205397],[13.5077904,43.6205827],[13.5077733,43.6206263],[13.5077879,43.6206882],[13.5078226,43.6207379]]},"properties":{"site":"ancona","name":"Molo Santa Maria","highway":"service"}},{"type":"Feature","geometry":{"type":"LineString","coordinates":[[13.5095017,43.6210459],[13.5090781,43.6211087]]},"properties":{"site":"ancona","name":"Molo Santa Maria","highway":"service"}},{"type":"Feature","geometry":{"type":"LineString","coordinates":[[13.5093568,43.6220388],[13.5091091,43.6220179]]},"properties":{"site":"ancona","name":"Molo Wojtila","highway":"service"}},{"type":"Feature","geometry":{"type":"LineString","coordinates":[[13.5089953,43.6232453],[13.5085718,43.6230654]]},"properties":{"site":"ancona","name":"Molo Wojtila","highway":"service"}},{"type":"Feature","geometry":{"type":"LineString","coordinates":[[13.5192256,43.6218839],[13.519345,43.6218478],[13.519421,43.6217959],[13.5195164,43.6216941],[13.5195924,43.6215332],[13.5196182,43.6214673],[13.519733,43.6213106]]},"properties":{"site":"ancona","name":"","highway":"track"}},{"type":"Feature","geometry":{"type":"LineString","coordinates":[[13.5195924,43.6215332],[13.5200715,43.6217107]]},"properties":{"site":"ancona","name":"","highway":"track"}},{"type":"Feature","geometry":{"type":"LineString","coordinates":[[13.5130136,43.6183483],[13.5129972,43.6183525],[13.512958,43.6183627]]},"properties":{"site":"ancona","name":"","highway":"steps"}},{"type":"Feature","geometry":{"type":"LineString","coordinates":[[13.5123929,43.6219171],[13.5124727,43.622014],[13.5125141,43.6220507]]},"properties":{"site":"ancona","name":"Via dell'Ospizio","highway":"steps"}},{"type":"Feature","geometry":{"type":"LineString","coordinates":[[13.5139543,43.619957],[13.5142066,43.6202185]]},"properties":{"site":"ancona","name":"Via San Pietro","highway":"pedestrian"}},{"type":"Feature","geometry":{"type":"LineString","coordinates":[[13.5135633,43.619711],[13.5137428,43.619877]]},"properties":{"site":"ancona","name":"Via San Pietro","highway":"pedestrian"}},{"type":"Feature","geometry":{"type":"LineString","coordinates":[[13.5137609,43.6199505],[13.5137773,43.619909]]},"properties":{"site":"ancona","name":"","highway":"footway"}},{"type":"Feature","geometry":{"type":"LineString","coordinates":[[13.5137202,43.6199506],[13.5137609,43.6199505]]},"properties":{"site":"ancona","name":"","highway":"steps"}},{"type":"Feature","geometry":{"type":"LineString","coordinates":[[13.5136785,43.6199507],[13.5137202,43.6199506]]},"properties":{"site":"ancona","name":"","highway":"footway"}},{"type":"Feature","geometry":{"type":"LineString","coordinates":[[13.5136785,43.6199507],[13.5136503,43.6199508]]},"properties":{"site":"ancona","name":"","highway":"steps"}},{"type":"Feature","geometry":{"type":"LineString","coordinates":[[13.5134998,43.620125],[13.5134262,43.6200755],[13.5134248,43.6200474],[13.5135089,43.6199818],[13.5135484,43.619951]]},"properties":{"site":"ancona","name":"","highway":"footway"}},{"type":"Feature","geometry":{"type":"LineString","coordinates":[[13.513573,43.620068],[13.5134998,43.620125],[13.5134539,43.6201608]]},"properties":{"site":"ancona","name":"","highway":"footway"}},{"type":"Feature","geometry":{"type":"LineString","coordinates":[[13.5135089,43.6199818],[13.5135714,43.6200238],[13.5136318,43.6200222],[13.5137281,43.6200869],[13.5137291,43.6201062],[13.5139841,43.6202774],[13.5141668,43.6204002]]},"properties":{"site":"ancona","name":"","highway":"steps"}},{"type":"Feature","geometry":{"type":"LineString","coordinates":[[13.5133045,43.6197863],[13.5135671,43.6199629]]},"properties":{"site":"ancona","name":"Via San Cataldo","highway":"pedestrian"}},{"type":"Feature","geometry":{"type":"LineString","coordinates":[[13.5135484,43.619951],[13.5136503,43.6199508]]},"properties":{"site":"ancona","name":"","highway":"footway"}},{"type":"Feature","geometry":{"type":"LineString","coordinates":[[13.5138696,43.6198692],[13.5139543,43.619957]]},"properties":{"site":"ancona","name":"Via San Pietro","highway":"steps"}},{"type":"Feature","geometry":{"type":"LineString","coordinates":[[13.5137773,43.619909],[13.5138696,43.6198692]]},"properties":{"site":"ancona","name":"Via San Pietro","highway":"steps"}},{"type":"Feature","geometry":{"type":"LineString","coordinates":[[13.5096035,43.6233497],[13.5092877,43.6236113],[13.5091212,43.623568]]},"properties":{"site":"ancona","name":"","highway":"footway"}},{"type":"Feature","geometry":{"type":"LineString","coordinates":[[13.5096983,43.6233241],[13.5097301,43.6233362]]},"properties":{"site":"ancona","name":"","highway":"footway"}},{"type":"Feature","geometry":{"type":"LineString","coordinates":[[13.5171369,43.6162896],[13.5171184,43.6162563],[13.5170994,43.6162236]]},"properties":{"site":"ancona","name":"","highway":"footway"}},{"type":"Feature","geometry":{"type":"LineString","coordinates":[[13.5171007,43.6162115],[13.5171727,43.6161943],[13.5172308,43.616179]]},"properties":{"site":"ancona","name":"","highway":"footway"}},{"type":"Feature","geometry":{"type":"LineString","coordinates":[[13.5172308,43.616179],[13.5173572,43.6161989],[13.5174715,43.6162251]]},"properties":{"site":"ancona","name":"","highway":"footway"}},{"type":"Feature","geometry":{"type":"LineString","coordinates":[[13.5175191,43.6162557],[13.5174959,43.6162956],[13.5174695,43.6163377]]},"properties":{"site":"ancona","name":"","highway":"footway"}},{"type":"Feature","geometry":{"type":"LineString","coordinates":[[13.5150647,43.6166875],[13.5150138,43.6167019],[13.5149643,43.6167149]]},"properties":{"site":"ancona","name":"","highway":"footway"}},{"type":"Feature","geometry":{"type":"LineString","coordinates":[[13.5137325,43.6166198],[13.5137464,43.6166571],[13.5137701,43.6166994],[13.5138285,43.616686],[13.5138894,43.6166683]]},"properties":{"site":"ancona","name":"","highway":"footway"}},{"type":"Feature","geometry":{"type":"LineString","coordinates":[[13.5165963,43.61813],[13.5166637,43.6182285]]},"properties":{"site":"ancona","name":"","highway":"footway"}},{"type":"Feature","geometry":{"type":"LineString","coordinates":[[13.5097785,43.6152489],[13.509596,43.6153454]]},"properties":{"site":"ancona","name":"","highway":"steps"}},{"type":"Feature","geometry":{"type":"LineString","coordinates":[[13.5093849,43.6152428],[13.5094553,43.6152989],[13.5094707,43.6153024],[13.509481,43.6152986]]},"properties":{"site":"ancona","name":"","highway":"steps"}},{"type":"Feature","geometry":{"type":"LineString","coordinates":[[13.5097514,43.6155],[13.5097785,43.6155259]]},"properties":{"site":"ancona","name":"Vicolo della Regina","highway":"steps"}},{"type":"Feature","geometry":{"type":"LineString","coordinates":[[13.5098964,43.6156599],[13.5099306,43.6156927],[13.509914,43.6157008],[13.5099004,43.6157026],[13.5098816,43.615693]]},"properties":{"site":"ancona","name":"Vicolo della Regina","highway":"steps"}},{"type":"Feature","geometry":{"type":"LineString","coordinates":[[13.509481,43.6152986],[13.5094917,43.6152925],[13.5095094,43.6152992],[13.5095803,43.6153521],[13.5097514,43.6155]]},"properties":{"site":"ancona","name":"Vicolo della Regina","highway":"footway"}},{"type":"Feature","geometry":{"type":"LineString","coordinates":[[13.509596,43.6153454],[13.5095803,43.6153521]]},"properties":{"site":"ancona","name":"","highway":"footway"}},{"type":"Feature","geometry":{"type":"LineString","coordinates":[[13.5097785,43.6155259],[13.5098964,43.6156599]]},"properties":{"site":"ancona","name":"Vicolo della Regina","highway":"footway"}},{"type":"Feature","geometry":{"type":"LineString","coordinates":[[13.5116239,43.6162131],[13.5116607,43.6162771],[13.5116578,43.6162832],[13.5116522,43.6162837],[13.5116455,43.6162794],[13.5116236,43.6162372],[13.5115985,43.616241],[13.5115425,43.6162589],[13.511426,43.6162968],[13.511419,43.6162991],[13.5112693,43.6163542],[13.5112611,43.6163633],[13.5112623,43.6163781],[13.5112885,43.6164185]]},"properties":{"site":"ancona","name":"","highway":"steps"}},{"type":"Feature","geometry":{"type":"LineString","coordinates":[[13.5113355,43.616411],[13.5112954,43.6164286],[13.5112885,43.6164185]]},"properties":{"site":"ancona","name":"","highway":"footway"}},{"type":"Feature","geometry":{"type":"LineString","coordinates":[[13.5112954,43.6164286],[13.5113106,43.6164837],[13.5113224,43.6165046]]},"properties":{"site":"ancona","name":"","highway":"footway"}},{"type":"Feature","geometry":{"type":"LineString","coordinates":[[13.5117564,43.6162837],[13.5116452,43.6163132]]},"properties":{"site":"ancona","name":"","highway":"footway"}},{"type":"Feature","geometry":{"type":"LineString","coordinates":[[13.5139301,43.6156784],[13.5138387,43.6157005]]},"properties":{"site":"ancona","name":"","highway":"footway"}},{"type":"Feature","geometry":{"type":"LineString","coordinates":[[13.5138387,43.6157005],[13.513879,43.6157962],[13.5139257,43.6157859],[13.5139381,43.6158154],[13.5138893,43.6158262],[13.5139374,43.6159404]]},"properties":{"site":"ancona","name":"","highway":"steps"}},{"type":"Feature","geometry":{"type":"LineString","coordinates":[[13.5116188,43.6162055],[13.5117064,43.6161844]]},"properties":{"site":"ancona","name":"","highway":"footway"}},{"type":"Feature","geometry":{"type":"LineString","coordinates":[[13.5116188,43.6162055],[13.5116239,43.6162131]]},"properties":{"site":"ancona","name":"","highway":"footway"}},{"type":"Feature","geometry":{"type":"LineString","coordinates":[[13.5112793,43.6167836],[13.5112379,43.6167037],[13.5112235,43.6166863],[13.5112097,43.6166806],[13.5111983,43.6166811]]},"properties":{"site":"ancona","name":"","highway":"steps"}},{"type":"Feature","geometry":{"type":"LineString","coordinates":[[13.5111611,43.6166554],[13.5111563,43.6166406],[13.5111497,43.6166289],[13.5111365,43.616622],[13.5111173,43.6166194],[13.5110927,43.6166211],[13.5110597,43.6166263]]},"properties":{"site":"ancona","name":"","highway":"steps"}},{"type":"Feature","geometry":{"type":"LineString","coordinates":[[13.5111611,43.6166554],[13.5111983,43.6166811]]},"properties":{"site":"ancona","name":"","highway":"footway"}},{"type":"Feature","geometry":{"type":"LineString","coordinates":[[13.5118005,43.6164681],[13.5118442,43.6164581]]},"properties":{"site":"ancona","name":"","highway":"footway"}},{"type":"Feature","geometry":{"type":"LineString","coordinates":[[13.5090248,43.6147062],[13.5090835,43.6147548],[13.5094344,43.6150297],[13.509453,43.615119]]},"properties":{"site":"ancona","name":"","highway":"steps"}},{"type":"Feature","geometry":{"type":"LineString","coordinates":[[13.5102414,43.6156992],[13.5101064,43.615728],[13.5100183,43.6157428],[13.5099844,43.615742],[13.5098834,43.6157247],[13.5098418,43.6156924],[13.5098245,43.615679],[13.5097883,43.615671],[13.5096958,43.6157167],[13.5096003,43.6157639]]},"properties":{"site":"ancona","name":"Vicolo della Regina","highway":"service"}},{"type":"Feature","geometry":{"type":"LineString","coordinates":[[13.5098816,43.615693],[13.5098418,43.6156924]]},"properties":{"site":"ancona","name":"","highway":"footway"}},{"type":"Feature","geometry":{"type":"LineString","coordinates":[[13.5098816,43.615693],[13.5098921,43.6156865],[13.5098467,43.6156432],[13.5098239,43.615634],[13.5098082,43.615626],[13.5095887,43.6154858],[13.509448,43.6154489],[13.5093686,43.6154281]]},"properties":{"site":"ancona","name":"","highway":"footway"}},{"type":"Feature","geometry":{"type":"LineString","coordinates":[[13.5095954,43.6158554],[13.5094709,43.6157316],[13.5094185,43.6156314],[13.509448,43.6154489]]},"properties":{"site":"ancona","name":"","highway":"footway"}},{"type":"Feature","geometry":{"type":"LineString","coordinates":[[13.5089965,43.6156623],[13.5093044,43.6156193],[13.5093776,43.6156161]]},"properties":{"site":"ancona","name":"","highway":"service"}},{"type":"Feature","geometry":{"type":"LineString","coordinates":[[13.5094649,43.6156122],[13.5095,43.6156106],[13.5096958,43.6157167]]},"properties":{"site":"ancona","name":"","highway":"service"}},{"type":"Feature","geometry":{"type":"LineString","coordinates":[[13.5093776,43.6156161],[13.5094649,43.6156122]]},"properties":{"site":"ancona","name":"","highway":"service"}},{"type":"Feature","geometry":{"type":"LineString","coordinates":[[13.5094138,43.6154029],[13.5095269,43.615339]]},"properties":{"site":"ancona","name":"Vicolo della Regina","highway":"service"}},{"type":"Feature","geometry":{"type":"LineString","coordinates":[[13.5098964,43.6156599],[13.5099167,43.6156487],[13.5099537,43.6156783],[13.5099795,43.6157013],[13.5099972,43.6157169],[13.5102084,43.6156719]]},"properties":{"site":"ancona","name":"","highway":"footway"}},{"type":"Feature","geometry":{"type":"LineString","coordinates":[[13.5110685,43.6163625],[13.5110763,43.6163692],[13.5111153,43.6163457]]},"properties":{"site":"ancona","name":"","highway":"steps"}},{"type":"Feature","geometry":{"type":"LineString","coordinates":[[13.5095269,43.615339],[13.5095343,43.6153347],[13.5095406,43.6153296],[13.5097491,43.6155059],[13.509849,43.615621]]},"properties":{"site":"ancona","name":"","highway":"footway"}},{"type":"Feature","geometry":{"type":"LineString","coordinates":[[13.5112512,43.6166625],[13.5114752,43.6165773],[13.5115482,43.6165886],[13.5117885,43.6165086]]},"properties":{"site":"ancona","name":"","highway":"footway"}},{"type":"Feature","geometry":{"type":"LineString","coordinates":[[13.5115482,43.6165886],[13.5115547,43.6166025]]},"properties":{"site":"ancona","name":"","highway":"footway"}},{"type":"Feature","geometry":{"type":"LineString","coordinates":[[13.5113623,43.6168417],[13.5113256,43.6168529],[13.511431,43.6170431]]},"properties":{"site":"ancona","name":"","highway":"footway"}},{"type":"Feature","geometry":{"type":"LineString","coordinates":[[13.5117885,43.6165086],[13.5118104,43.616502],[13.5117923,43.6164706],[13.5118005,43.6164681]]},"properties":{"site":"ancona","name":"","highway":"footway"}},{"type":"Feature","geometry":{"type":"LineString","coordinates":[[13.5088839,43.6159661],[13.5088378,43.6160493],[13.5086425,43.616159]]},"properties":{"site":"ancona","name":"","highway":"service"}},{"type":"Feature","geometry":{"type":"LineString","coordinates":[[13.5090664,43.6160601],[13.5090155,43.6160107],[13.509118,43.6159304],[13.5091708,43.6159072]]},"properties":{"site":"ancona","name":"Via Domenico Barilari","highway":"footway"}},{"type":"Feature","geometry":{"type":"LineString","coordinates":[[13.5072138,43.6145431],[13.5071344,43.6145639]]},"properties":{"site":"ancona","name":"","highway":"steps"}},{"type":"Feature","geometry":{"type":"LineString","coordinates":[[13.5072571,43.6145318],[13.5072138,43.6145431]]},"properties":{"site":"ancona","name":"","highway":"footway"}},{"type":"Feature","geometry":{"type":"LineString","coordinates":[[13.5132326,43.6206118],[13.5131546,43.620754],[13.5131348,43.6208176],[13.5131497,43.6208509]]},"properties":{"site":"ancona","name":"","highway":"footway"}},{"type":"Feature","geometry":{"type":"LineString","coordinates":[[13.5140192,43.6204799],[13.5141101,43.6205452]]},"properties":{"site":"ancona","name":"","highway":"service"}},{"type":"Feature","geometry":{"type":"LineString","coordinates":[[13.5141101,43.6205452],[13.5141583,43.6205689],[13.5142123,43.6205787],[13.5142621,43.6205695],[13.5143017,43.6205437],[13.5143139,43.6205216],[13.5143088,43.6204915],[13.5142621,43.6204495]]},"properties":{"site":"ancona","name":"","highway":"service"}},{"type":"Feature","geometry":{"type":"LineString","coordinates":[[13.5127762,43.6184009],[13.5127734,43.6184248],[13.5127593,43.6184448]]},"properties":{"site":"ancona","name":"","highway":"footway"}},{"type":"Feature","geometry":{"type":"LineString","coordinates":[[13.5127593,43.6184448],[13.5127464,43.61845]]},"properties":{"site":"ancona","name":"","highway":"steps"}},{"type":"Feature","geometry":{"type":"LineString","coordinates":[[13.5127464,43.61845],[13.5125993,43.6185038],[13.5125632,43.6185152],[13.5125255,43.6185101],[13.5124744,43.6184922]]},"properties":{"site":"ancona","name":"","highway":"footway"}},{"type":"Feature","geometry":{"type":"LineString","coordinates":[[13.5162073,43.6154977],[13.5162076,43.6154538]]},"properties":{"site":"ancona","name":"","highway":"service"}},{"type":"Feature","geometry":{"type":"LineString","coordinates":[[13.5155493,43.6156119],[13.5155944,43.6156403]]},"properties":{"site":"ancona","name":"","highway":"service"}},{"type":"Feature","geometry":{"type":"LineString","coordinates":[[13.5155944,43.6156403],[13.5156311,43.6156568]]},"properties":{"site":"ancona","name":"","highway":"service"}},{"type":"Feature","geometry":{"type":"LineString","coordinates":[[13.5162072,43.6155188],[13.5162073,43.6154977]]},"properties":{"site":"ancona","name":"","highway":"service"}},{"type":"Feature","geometry":{"type":"LineString","coordinates":[[13.5194221,43.6220756],[13.5193223,43.6221294],[13.5188482,43.6223221]]},"properties":{"site":"ancona","name":"","highway":"service"}},{"type":"Feature","geometry":{"type":"LineString","coordinates":[[13.5156311,43.6156568],[13.5158453,43.6157414],[13.5160877,43.6156751],[13.5162072,43.6155188]]},"properties":{"site":"ancona","name":"","highway":"service"}}]}