{"type":"FeatureCollection","features":[{"type":"Feature","geometry":{"type":"Polygon","coordinates":[[[19.0498247,47.5600735],[19.0505958,47.5598946],[19.0506092,47.559921],[19.05077,47.5598837],[19.0507558,47.5598557],[19.0509634,47.5598076],[19.0510645,47.5597841],[19.0511456,47.5597523],[19.0512086,47.5596659],[19.0511693,47.5596474],[19.051183,47.5596295],[19.0511401,47.5596147],[19.0511611,47.5595876],[19.0511136,47.5595679],[19.0511017,47.5595833],[19.051077,47.5595759],[19.0510277,47.5596043],[19.0509649,47.5595887],[19.051003,47.5595795],[19.0509603,47.5594863],[19.0508778,47.5595085],[19.0507111,47.5591889],[19.0508562,47.5591552],[19.0507884,47.5590222],[19.0506346,47.5590579],[19.050517,47.5588272],[19.0505737,47.558814],[19.0505606,47.5587947],[19.0505961,47.5587576],[19.0505509,47.5587411],[19.0505722,47.5587101],[19.0505218,47.5586918],[19.0505431,47.5586639],[19.0504882,47.5586462],[19.0504328,47.558659],[19.0503834,47.5585621],[19.050504,47.5585341],[19.0504535,47.558435],[19.0503411,47.5584611],[19.050302,47.5583842],[19.0502729,47.558391],[19.0498199,47.558496],[19.0498858,47.5586253],[19.0491582,47.5587941],[19.0491336,47.5587458],[19.0490531,47.5587645],[19.0489845,47.5587809],[19.0490131,47.5588363],[19.0489727,47.5588467],[19.049115,47.5591191],[19.0494262,47.5597151],[19.0495587,47.5599687],[19.0496119,47.5599564],[19.0496449,47.560021],[19.0497108,47.5600057],[19.0497817,47.5599893],[19.0498247,47.5600735]]]},"properties":{"site":"aquincum","name":"Auchan","category":"other","historic":null,"building":"retail","osm_id":26836958}},{"type":"Feature","geometry":{"type":"Polygon","coordinates":[[[19.0496147,47.5657397],[19.049781,47.5657184],[19.0498306,47.5657117],[19.0516974,47.5654707],[19.0517196,47.5654678],[19.0517316,47.5654658],[19.0517412,47.5654632],[19.0517466,47.5654611],[19.0517531,47.5654579],[19.0517593,47.5654542],[19.0517653,47.5654497],[19.0517702,47.5654452],[19.0517751,47.56544],[19.0517786,47.5654351],[19.0517818,47.5654299],[19.0517849,47.5654228],[19.0517883,47.5654124],[19.0517896,47.5654042],[19.0517901,47.5653951],[19.0517896,47.5653887],[19.0517861,47.5653771],[19.0512026,47.5642563],[19.0511609,47.5641796],[19.0504271,47.5628295],[19.0504069,47.5627828],[19.0501962,47.5623939],[19.0502091,47.5623406],[19.0497934,47.5615605],[19.0497136,47.5615379],[19.0495446,47.5615736],[19.0495775,47.5616582],[19.0492972,47.5617225],[19.0488935,47.5618007],[19.0488452,47.5617808],[19.0487297,47.5618034],[19.0485536,47.5618379],[19.0486903,47.5621985],[19.0486584,47.5622036],[19.04827,47.562275],[19.0483074,47.562376],[19.0483982,47.5626212],[19.0484181,47.5626749],[19.0483497,47.5626854],[19.0484038,47.5628274],[19.0485629,47.5632446],[19.0485503,47.5632468],[19.0485994,47.5633761],[19.0486135,47.5633737],[19.0486427,47.5634595],[19.0485013,47.5634826],[19.0485228,47.5635395],[19.0485515,47.5636151],[19.0485731,47.5636719],[19.0485934,47.5637256],[19.0486157,47.5637842],[19.0486408,47.5638478],[19.0486464,47.563862],[19.0486715,47.5639254],[19.0487105,47.5640251],[19.0487264,47.5640674],[19.0487479,47.5641247],[19.0487725,47.5641902],[19.0487971,47.5642555],[19.0488175,47.5643097],[19.0488228,47.5643236],[19.0488439,47.5643799],[19.0488802,47.5644764],[19.0488851,47.5644894],[19.048907,47.5645476],[19.0489298,47.5646082],[19.048951,47.5646644],[19.048957,47.5646804],[19.048978,47.5647363],[19.0489952,47.5647821],[19.0490088,47.5648182],[19.0490316,47.5648787],[19.0490512,47.5649307],[19.0490587,47.5649508],[19.0490823,47.5650136],[19.0491048,47.5650734],[19.0493073,47.5656069],[19.049317,47.5656268],[19.0493277,47.565642],[19.0493404,47.5656578],[19.0493525,47.5656707],[19.0493632,47.5656804],[19.0493763,47.5656906],[19.0493894,47.5656983],[19.0494018,47.5657051],[19.0494172,47.5657126],[19.0494353,47.56572],[19.0494544,47.5657268],[19.0494769,47.5657332],[19.049498,47.5657379],[19.0495158,47.5657411],[19.0495433,47.5657438],[19.0495641,47.5657442],[19.0495818,47.5657442],[19.0496147,47.5657397]]]},"properties":{"site":"aquincum","name":"Aquincumi Múzeum","category":"archaeological","historic":"archaeological_site","building":null,"osm_id":40664594}},{"type":"Feature","geometry":{"type":"Polygon","coordinates":[[[19.0564464,47.5606376],[19.0560654,47.5604854],[19.0558677,47.5604615],[19.0558248,47.5605846],[19.0560152,47.5606081],[19.0563559,47.560733],[19.0564464,47.5606376]]]},"properties":{"site":"aquincum","name":"B épület (piros B)","category":"other","historic":null,"building":"commercial","osm_id":119787530}},{"type":"Feature","geometry":{"type":"Polygon","coordinates":[[[19.0556514,47.5604376],[19.0553913,47.560396],[19.0553678,47.5604632],[19.0554436,47.5604753],[19.0554194,47.5605445],[19.0556036,47.5605739],[19.0556514,47.5604376]]]},"properties":{"site":"aquincum","name":"A épület (rózsaszín A)","category":"other","historic":null,"building":"commercial","osm_id":119787532}},{"type":"Feature","geometry":{"type":"Polygon","coordinates":[[[19.0563825,47.5620534],[19.0559911,47.5619041],[19.056137,47.5617299],[19.0563281,47.5618028],[19.0566343,47.5614371],[19.0568346,47.5615134],[19.0563825,47.5620534]]]},"properties":{"site":"aquincum","name":"D épület (piros D)","category":"other","historic":null,"building":"office","osm_id":119787535}},{"type":"Feature","geometry":{"type":"Polygon","coordinates":[[[19.0557591,47.5601241],[19.0554337,47.5602213],[19.0553169,47.5600432],[19.0552878,47.5599988],[19.0556133,47.5599016],[19.0557591,47.5601241]]]},"properties":{"site":"aquincum","name":"E épület (fekete E)","category":"other","historic":null,"building":"commercial","osm_id":119788092}},{"type":"Feature","geometry":{"type":"Polygon","coordinates":[[[19.0541926,47.5602857],[19.0542814,47.5602687],[19.0542907,47.5602669],[19.0543428,47.5602569],[19.054356,47.5602882],[19.0543876,47.5603632],[19.0542375,47.5603921],[19.0542054,47.5603161],[19.0541926,47.5602857]]]},"properties":{"site":"aquincum","name":null,"category":"other","historic":null,"building":"yes","osm_id":121652579}},{"type":"Feature","geometry":{"type":"Polygon","coordinates":[[[19.0562806,47.5623468],[19.0559483,47.5622135],[19.0557471,47.5624418],[19.0560794,47.5625751],[19.0562806,47.5623468]]]},"properties":{"site":"aquincum","name":"Hz épület (barna Hz)","category":"other","historic":null,"building":"office","osm_id":152978487}},{"type":"Feature","geometry":{"type":"Polygon","coordinates":[[[19.0558661,47.562174],[19.0555013,47.5620375],[19.0552983,47.5622844],[19.0556631,47.5624209],[19.0558661,47.562174]]]},"properties":{"site":"aquincum","name":"Hy épület (barna Hy)","category":"other","historic":null,"building":"office","osm_id":152978490}},{"type":"Feature","geometry":{"type":"Polygon","coordinates":[[[19.0551475,47.5619046],[19.0542862,47.5615521],[19.0542458,47.561597],[19.0541059,47.5617528],[19.0549672,47.5621053],[19.0550126,47.5620548],[19.0551475,47.5619046]]]},"properties":{"site":"aquincum","name":"Hx épület (barna Hx)","category":"other","historic":null,"building":"office","osm_id":152978493}},{"type":"Feature","geometry":{"type":"Polygon","coordinates":[[[19.053548,47.5617645],[19.0535053,47.5616935],[19.0533139,47.5617458],[19.0533566,47.5618168],[19.053548,47.5617645]]]},"properties":{"site":"aquincum","name":null,"category":"other","historic":null,"building":"yes","osm_id":152978494}},{"type":"Feature","geometry":{"type":"Polygon","coordinates":[[[19.0550035,47.5614932],[19.0552368,47.5612453],[19.0553981,47.5613076],[19.0554192,47.5613158],[19.0553441,47.5614063],[19.0553837,47.5614219],[19.0554085,47.5614317],[19.0554514,47.5613864],[19.0557277,47.5614968],[19.0556338,47.5615964],[19.0555426,47.5615638],[19.0554353,47.561676],[19.0550035,47.5614932]]]},"properties":{"site":"aquincum","name":"Mb épület (sárga Mb)","category":"other","historic":null,"building":"commercial","osm_id":152979005}},{"type":"Feature","geometry":{"type":"Polygon","coordinates":[[[19.0420013,47.5634992],[19.0419902,47.5634621],[19.0419653,47.5634281],[19.0419282,47.5633997],[19.0418815,47.5633787],[19.0418283,47.5633666],[19.0417723,47.5633642],[19.0417173,47.5633717],[19.041667,47.5633885],[19.0416249,47.5634135],[19.0415938,47.5634451],[19.0415759,47.5634809],[19.0415723,47.5635187],[19.0415834,47.5635559],[19.0416083,47.5635898],[19.0416454,47.5636182],[19.0416921,47.5636392],[19.0417453,47.5636513],[19.0418013,47.5636537],[19.0418563,47.5636462],[19.0419066,47.5636294],[19.0419487,47.5636044],[19.0419798,47.5635728],[19.0419977,47.563537],[19.0420013,47.5634992]]]},"properties":{"site":"aquincum","name":null,"category":"other","historic":null,"building":"yes","osm_id":252846257}},{"type":"Feature","geometry":{"type":"Polygon","coordinates":[[[19.0409228,47.5631685],[19.0408756,47.5631495],[19.0408227,47.5631394],[19.0407678,47.5631389],[19.0407145,47.563148],[19.0406665,47.5631661],[19.0406271,47.563192],[19.040599,47.5632238],[19.040584,47.5632595],[19.0405833,47.5632966],[19.0405967,47.5633325],[19.0406236,47.5633649],[19.0406619,47.5633915],[19.0407091,47.5634105],[19.040762,47.5634206],[19.0408169,47.5634211],[19.0408702,47.563412],[19.0409182,47.5633939],[19.0409576,47.5633681],[19.0409857,47.5633362],[19.0410007,47.5633005],[19.0410015,47.5632634],[19.040988,47.5632275],[19.0409612,47.5631951],[19.0409228,47.5631685]]]},"properties":{"site":"aquincum","name":null,"category":"other","historic":null,"building":"yes","osm_id":252846258}},{"type":"Feature","geometry":{"type":"Polygon","coordinates":[[[19.0435011,47.5615638],[19.0434174,47.561326],[19.0434903,47.5613144],[19.0434965,47.5613318],[19.0435164,47.5613286],[19.0435102,47.5613108],[19.0436005,47.5612964],[19.0436514,47.5614411],[19.0437656,47.5614228],[19.0438227,47.5615852],[19.04385,47.5616627],[19.0437721,47.5616752],[19.0437684,47.5616644],[19.043743,47.5616685],[19.0437472,47.5616803],[19.0436556,47.561695],[19.0436284,47.5616177],[19.0436036,47.5615474],[19.0435011,47.5615638]]]},"properties":{"site":"aquincum","name":null,"category":"other","historic":null,"building":"yes","osm_id":252847080}},{"type":"Feature","geometry":{"type":"Polygon","coordinates":[[[19.0438645,47.5624546],[19.043786,47.5622144],[19.0438792,47.5622005],[19.0438319,47.5620559],[19.0440024,47.5620305],[19.0440801,47.5622682],[19.043989,47.5622818],[19.0440371,47.5624289],[19.0438645,47.5624546]]]},"properties":{"site":"aquincum","name":null,"category":"other","historic":null,"building":"yes","osm_id":252847081}},{"type":"Feature","geometry":{"type":"Polygon","coordinates":[[[19.0453032,47.5593594],[19.0453877,47.5595958],[19.0452824,47.559613],[19.0453847,47.5598991],[19.0454982,47.5598806],[19.0455819,47.5601147],[19.0453897,47.560146],[19.0453417,47.5600119],[19.0452277,47.5600304],[19.0450576,47.5595549],[19.0451654,47.5595373],[19.0451129,47.5593904],[19.0453032,47.5593594]]]},"properties":{"site":"aquincum","name":null,"category":"other","historic":null,"building":"apartments","osm_id":252847193}},{"type":"Feature","geometry":{"type":"Polygon","coordinates":[[[19.0448673,47.5605517],[19.0448328,47.5604544],[19.0447572,47.5604666],[19.0447484,47.5604418],[19.044537,47.560476],[19.0445298,47.5604557],[19.0444565,47.5604676],[19.0444239,47.5603756],[19.0443997,47.5603795],[19.0443492,47.5602371],[19.044302,47.5602447],[19.0442691,47.5601519],[19.0443005,47.5601469],[19.0442675,47.5600536],[19.0443413,47.5600417],[19.0443322,47.560016],[19.0444049,47.5600042],[19.0443708,47.5599082],[19.0442569,47.5599267],[19.0442668,47.5599545],[19.0441649,47.559971],[19.0441982,47.5600648],[19.0441281,47.5600762],[19.0441548,47.5601513],[19.0441229,47.5601564],[19.0441719,47.5602944],[19.0442083,47.5602885],[19.0442583,47.5604294],[19.0442963,47.5604233],[19.0443215,47.5604941],[19.0443987,47.5604816],[19.0444316,47.5605742],[19.044539,47.5605568],[19.0445469,47.5605789],[19.0447532,47.5605456],[19.0447614,47.5605688],[19.0448673,47.5605517]]]},"properties":{"site":"aquincum","name":null,"category":"other","historic":null,"building":"apartments","osm_id":252847308}},{"type":"Feature","geometry":{"type":"Polygon","coordinates":[[[19.0450619,47.5605661],[19.0450279,47.5604703],[19.045168,47.5604477],[19.0451772,47.5604736],[19.0452483,47.5604621],[19.045279,47.5605486],[19.0453199,47.560542],[19.045336,47.5605874],[19.045372,47.5605816],[19.0454398,47.5607729],[19.045404,47.5607787],[19.0454549,47.5609225],[19.0454193,47.5609283],[19.0454359,47.5609751],[19.0454045,47.5609802],[19.0454383,47.5610756],[19.0453693,47.5610868],[19.0453781,47.5611116],[19.0451734,47.5611446],[19.0451833,47.5611726],[19.0450411,47.5611955],[19.0450064,47.5610974],[19.045108,47.561081],[19.0451014,47.5610624],[19.0453079,47.5610291],[19.0452732,47.5609312],[19.0453131,47.5609247],[19.0452605,47.5607762],[19.0452961,47.5607705],[19.045247,47.560632],[19.0452029,47.5606391],[19.0451708,47.5605486],[19.0450619,47.5605661]]]},"properties":{"site":"aquincum","name":null,"category":"other","historic":null,"building":"apartments","osm_id":252847335}},{"type":"Feature","geometry":{"type":"Polygon","coordinates":[[[19.0444027,47.5610333],[19.0443688,47.5609374],[19.0445089,47.5609149],[19.044518,47.5609408],[19.0445893,47.5609293],[19.0446198,47.5610158],[19.0446608,47.5610092],[19.0446768,47.5610546],[19.0447129,47.5610488],[19.0447805,47.5612401],[19.0447449,47.5612458],[19.0447957,47.5613898],[19.0447602,47.5613955],[19.0447767,47.5614423],[19.0447454,47.5614473],[19.0447791,47.5615429],[19.0447102,47.561554],[19.0447189,47.5615789],[19.0445143,47.5616118],[19.0445242,47.5616399],[19.044382,47.5616628],[19.0442464,47.5616846],[19.0442382,47.5616614],[19.0441586,47.5616742],[19.0441252,47.5615797],[19.0442479,47.56156],[19.0442553,47.5615807],[19.0444493,47.5615495],[19.0444423,47.5615296],[19.0446487,47.5614964],[19.0446141,47.5613984],[19.0446539,47.561392],[19.0446014,47.5612434],[19.0446369,47.5612377],[19.044588,47.5610992],[19.0445437,47.5611063],[19.0445117,47.5610158],[19.0444027,47.5610333]]]},"properties":{"site":"aquincum","name":null,"category":"other","historic":null,"building":"apartments","osm_id":252847336}},{"type":"Feature","geometry":{"type":"Polygon","coordinates":[[[19.0466726,47.5615065],[19.0469036,47.5616154],[19.046818,47.5616982],[19.046728,47.5616558],[19.046738,47.5616462],[19.0467027,47.5616296],[19.046689,47.5616428],[19.0466526,47.5616257],[19.0466664,47.5616123],[19.046597,47.5615796],[19.0466726,47.5615065]]]},"properties":{"site":"aquincum","name":null,"category":"other","historic":null,"building":"house","osm_id":252848732}},{"type":"Feature","geometry":{"type":"Polygon","coordinates":[[[19.0461451,47.5627663],[19.0462272,47.5628242],[19.0461262,47.562888],[19.0461028,47.5629028],[19.0460216,47.5628442],[19.0460422,47.5628312],[19.0461451,47.5627663]]]},"properties":{"site":"aquincum","name":null,"category":"other","historic":null,"building":"yes","osm_id":252848733}},{"type":"Feature","geometry":{"type":"Polygon","coordinates":[[[19.0447659,47.5632686],[19.0447177,47.5630659],[19.0448541,47.5630512],[19.044862,47.5630844],[19.0449074,47.5630795],[19.0449128,47.563102],[19.0449142,47.5631079],[19.0448975,47.5631097],[19.0449004,47.5631218],[19.044908,47.5631536],[19.044911,47.5631664],[19.0449294,47.5631644],[19.0449312,47.5631721],[19.0449372,47.5631973],[19.0449386,47.563203],[19.0449188,47.5632051],[19.0449297,47.5632509],[19.0448159,47.5632632],[19.0447659,47.5632686]]]},"properties":{"site":"aquincum","name":null,"category":"other","historic":null,"building":"yes","osm_id":252848734}},{"type":"Feature","geometry":{"type":"Polygon","coordinates":[[[19.044076,47.5632474],[19.0440146,47.5630504],[19.0442451,47.5630177],[19.0442397,47.5630003],[19.0444279,47.5629736],[19.0444557,47.563063],[19.0442964,47.5630856],[19.0443054,47.5631146],[19.0442837,47.5631177],[19.0442592,47.5631212],[19.0442503,47.5630928],[19.0441476,47.5631074],[19.0441863,47.5632317],[19.044076,47.5632474]]]},"properties":{"site":"aquincum","name":null,"category":"other","historic":null,"building":"yes","osm_id":252848735}},{"type":"Feature","geometry":{"type":"Polygon","coordinates":[[[19.044473,47.5634702],[19.0444361,47.5633517],[19.0444027,47.5633564],[19.0443988,47.5633437],[19.0443939,47.5633281],[19.0444277,47.5633233],[19.0443881,47.5631962],[19.0445016,47.5631801],[19.0445466,47.5633248],[19.0445746,47.5633208],[19.0445953,47.5633872],[19.0445746,47.5633902],[19.0445942,47.563453],[19.044473,47.5634702]]]},"properties":{"site":"aquincum","name":null,"category":"other","historic":null,"building":"yes","osm_id":252848736}},{"type":"Feature","geometry":{"type":"Polygon","coordinates":[[[19.0462418,47.5609819],[19.0463204,47.5612154],[19.0464317,47.5611984],[19.0464197,47.561163],[19.0465269,47.5611466],[19.0465042,47.5610789],[19.0464015,47.5610946],[19.0463901,47.5610607],[19.0464796,47.561047],[19.046455,47.5609739],[19.0463728,47.5609865],[19.0463649,47.560963],[19.0463233,47.5609694],[19.0462418,47.5609819]]]},"properties":{"site":"aquincum","name":null,"category":"other","historic":null,"building":"yes","osm_id":252848737}},{"type":"Feature","geometry":{"type":"Polygon","coordinates":[[[19.0461206,47.5604055],[19.0460117,47.5604222],[19.046202,47.560988],[19.0462418,47.5609819],[19.0463233,47.5609694],[19.0463151,47.560945],[19.0464118,47.5609302],[19.0463886,47.5608612],[19.0462896,47.5608764],[19.0462756,47.5608348],[19.046371,47.5608202],[19.0463488,47.5607543],[19.0462509,47.5607693],[19.0462362,47.5607253],[19.0463304,47.5607109],[19.0463083,47.5606453],[19.0462116,47.5606601],[19.0461961,47.5606142],[19.0462891,47.5605999],[19.0462664,47.5605325],[19.0461708,47.5605471],[19.0461544,47.5604983],[19.0462461,47.5604842],[19.0462232,47.560416],[19.046129,47.5604304],[19.0461206,47.5604055]]]},"properties":{"site":"aquincum","name":null,"category":"other","historic":null,"building":"house","osm_id":252848738}},{"type":"Feature","geometry":{"type":"Polygon","coordinates":[[[19.0464024,47.5613687],[19.0463787,47.561292],[19.0462057,47.5613164],[19.0461996,47.5612966],[19.0458557,47.561345],[19.0458634,47.5613702],[19.0457035,47.5613927],[19.0457244,47.5614601],[19.0457957,47.5614501],[19.045809,47.5614931],[19.0458823,47.5614828],[19.0458725,47.5614508],[19.0459044,47.5614463],[19.0458995,47.5614303],[19.0459432,47.5614242],[19.0459552,47.5614631],[19.0460517,47.5614495],[19.0460379,47.5614048],[19.0461046,47.5613954],[19.0461189,47.561442],[19.046207,47.5614297],[19.0461911,47.5613781],[19.0462211,47.5613739],[19.0462268,47.5613921],[19.0462799,47.5613846],[19.0462925,47.5614254],[19.0463644,47.5614152],[19.0463522,47.5613757],[19.0464024,47.5613687]]]},"properties":{"site":"aquincum","name":null,"category":"other","historic":null,"building":"yes","osm_id":252848739}},{"type":"Feature","geometry":{"type":"Polygon","coordinates":[[[19.0461023,47.5627054],[19.0461673,47.5627523],[19.0461451,47.5627663],[19.0460422,47.5628312],[19.0459772,47.5627844],[19.0461023,47.5627054]]]},"properties":{"site":"aquincum","name":null,"category":"other","historic":null,"building":"yes","osm_id":252848741}},{"type":"Feature","geometry":{"type":"Polygon","coordinates":[[[19.0449152,47.5628586],[19.0450668,47.5628375],[19.0450812,47.5628845],[19.0449295,47.5629055],[19.0449255,47.5628923],[19.0449152,47.5628586]]]},"properties":{"site":"aquincum","name":null,"category":"other","historic":null,"building":"yes","osm_id":252848742}},{"type":"Feature","geometry":{"type":"Polygon","coordinates":[[[19.0453223,47.5627894],[19.0452524,47.5628114],[19.0453175,47.5629058],[19.0453874,47.5628838],[19.0453223,47.5627894]]]},"properties":{"site":"aquincum","name":null,"category":"other","historic":null,"building":"house","osm_id":252848743}},{"type":"Feature","geometry":{"type":"Polygon","coordinates":[[[19.0462455,47.5623856],[19.0461203,47.5623242],[19.046162,47.5622854],[19.0462872,47.5623468],[19.0462455,47.5623856]]]},"properties":{"site":"aquincum","name":null,"category":"other","historic":null,"building":"yes","osm_id":252848744}},{"type":"Feature","geometry":{"type":"Polygon","coordinates":[[[19.0445973,47.5630268],[19.0445661,47.5629245],[19.0446357,47.5629148],[19.0446669,47.5630171],[19.0445973,47.5630268]]]},"properties":{"site":"aquincum","name":null,"category":"other","historic":null,"building":"yes","osm_id":252848745}},{"type":"Feature","geometry":{"type":"Polygon","coordinates":[[[19.0463678,47.5621191],[19.0462427,47.5620576],[19.0462845,47.5620189],[19.0464096,47.5620804],[19.0463678,47.5621191]]]},"properties":{"site":"aquincum","name":null,"category":"other","historic":null,"building":"house","osm_id":252848746}},{"type":"Feature","geometry":{"type":"Polygon","coordinates":[[[19.0460686,47.5623663],[19.0461957,47.562426],[19.0461551,47.5624653],[19.046028,47.5624057],[19.0460686,47.5623663]]]},"properties":{"site":"aquincum","name":null,"category":"other","historic":null,"building":"house","osm_id":252848747}},{"type":"Feature","geometry":{"type":"Polygon","coordinates":[[[19.0465632,47.5617278],[19.0466062,47.5616879],[19.0464896,47.5616306],[19.0464465,47.5616705],[19.0465632,47.5617278]]]},"properties":{"site":"aquincum","name":null,"category":"other","historic":null,"building":"house","osm_id":252848748}},{"type":"Feature","geometry":{"type":"Polygon","coordinates":[[[19.0464697,47.5618649],[19.0463446,47.5618034],[19.0463864,47.5617646],[19.0465115,47.5618261],[19.0464697,47.5618649]]]},"properties":{"site":"aquincum","name":null,"category":"other","historic":null,"building":"yes","osm_id":252848749}},{"type":"Feature","geometry":{"type":"Polygon","coordinates":[[[19.0459137,47.5624755],[19.0458696,47.5625182],[19.0459963,47.5625777],[19.0460403,47.5625349],[19.0459137,47.5624755]]]},"properties":{"site":"aquincum","name":null,"category":"other","historic":null,"building":"yes","osm_id":252848750}},{"type":"Feature","geometry":{"type":"Polygon","coordinates":[[[19.0469159,47.562385],[19.0469823,47.5624193],[19.0470947,47.5623205],[19.0470282,47.5622861],[19.0469159,47.562385]]]},"properties":{"site":"aquincum","name":null,"category":"other","historic":null,"building":"yes","osm_id":252848751}},{"type":"Feature","geometry":{"type":"Polygon","coordinates":[[[19.0463387,47.5622485],[19.0463818,47.5622085],[19.046265,47.5621513],[19.0462219,47.5621912],[19.0463387,47.5622485]]]},"properties":{"site":"aquincum","name":null,"category":"other","historic":null,"building":"house","osm_id":252848752}},{"type":"Feature","geometry":{"type":"Polygon","coordinates":[[[19.0448031,47.5629679],[19.0448748,47.5629579],[19.0448457,47.5628625],[19.044774,47.5628724],[19.0448031,47.5629679]]]},"properties":{"site":"aquincum","name":null,"category":"other","historic":null,"building":"yes","osm_id":252848753}},{"type":"Feature","geometry":{"type":"Polygon","coordinates":[[[19.0469036,47.5616154],[19.0470154,47.561668],[19.0469297,47.5617508],[19.046818,47.5616982],[19.0469036,47.5616154]]]},"properties":{"site":"aquincum","name":null,"category":"other","historic":null,"building":"house","osm_id":252848754}},{"type":"Feature","geometry":{"type":"Polygon","coordinates":[[[19.0458254,47.5631591],[19.0458058,47.5631326],[19.0457976,47.5631216],[19.0457736,47.5631297],[19.0457495,47.563097],[19.0457723,47.5630893],[19.0457667,47.5630817],[19.0457481,47.5630565],[19.0457419,47.5630481],[19.0457194,47.5630556],[19.0456886,47.5630139],[19.0457141,47.5630053],[19.0457095,47.562999],[19.0456873,47.562969],[19.0456827,47.5629626],[19.0456607,47.56297],[19.0456344,47.5629343],[19.0456557,47.5629271],[19.0456498,47.5629191],[19.0456292,47.5628912],[19.045754,47.5628493],[19.0459515,47.5631167],[19.0458254,47.5631591]]]},"properties":{"site":"aquincum","name":null,"category":"other","historic":null,"building":"yes","osm_id":252848755}},{"type":"Feature","geometry":{"type":"Polygon","coordinates":[[[19.0464613,47.5619821],[19.0465044,47.5619421],[19.0463877,47.5618848],[19.0463446,47.5619247],[19.0464613,47.5619821]]]},"properties":{"site":"aquincum","name":null,"category":"other","historic":null,"building":"house","osm_id":252848757}},{"type":"Feature","geometry":{"type":"Polygon","coordinates":[[[19.0456535,47.5626652],[19.0455976,47.5627011],[19.0457038,47.5627766],[19.0457597,47.5627407],[19.0456535,47.5626652]]]},"properties":{"site":"aquincum","name":null,"category":"other","historic":null,"building":"house","osm_id":252848760}},{"type":"Feature","geometry":{"type":"Polygon","coordinates":[[[19.045838,47.5625795],[19.0459445,47.5626552],[19.045893,47.5626882],[19.0457865,47.5626124],[19.045838,47.5625795]]]},"properties":{"site":"aquincum","name":null,"category":"other","historic":null,"building":"house","osm_id":252848762}},{"type":"Feature","geometry":{"type":"Polygon","coordinates":[[[19.0455376,47.5627477],[19.0456029,47.5628424],[19.0455385,47.5628627],[19.0454732,47.5627679],[19.0455376,47.5627477]]]},"properties":{"site":"aquincum","name":null,"category":"other","historic":null,"building":"house","osm_id":252848763}},{"type":"Feature","geometry":{"type":"Polygon","coordinates":[[[19.0450025,47.5629975],[19.0450173,47.5630458],[19.0451587,47.5630262],[19.045144,47.5629778],[19.0450025,47.5629975]]]},"properties":{"site":"aquincum","name":null,"category":"other","historic":null,"building":"yes","osm_id":252848764}},{"type":"Feature","geometry":{"type":"Polygon","coordinates":[[[19.0443652,47.5621811],[19.0443337,47.5620893],[19.0443988,47.5620791],[19.0443881,47.5620479],[19.044404,47.5620454],[19.0446497,47.562007],[19.0446705,47.5620038],[19.0446804,47.5620327],[19.0447482,47.5620221],[19.0447775,47.5621076],[19.0448306,47.5620993],[19.0448476,47.5621491],[19.0448736,47.562145],[19.0448801,47.5621639],[19.0449317,47.5623144],[19.0449406,47.5623403],[19.0449164,47.5623441],[19.0449574,47.5624638],[19.0449642,47.5624836],[19.0449235,47.56249],[19.0449412,47.5625418],[19.0449032,47.5625477],[19.0449351,47.5626408],[19.044876,47.56265],[19.0448844,47.5626746],[19.0448589,47.5626786],[19.0446661,47.5627087],[19.0446758,47.562737],[19.044646,47.5627417],[19.0444271,47.5627758],[19.0443953,47.5627808],[19.0443864,47.5627548],[19.044312,47.5627664],[19.0442806,47.5626746],[19.0443896,47.5626576],[19.0443976,47.5626812],[19.0445945,47.5626504],[19.0445849,47.5626226],[19.0448047,47.5625883],[19.0447715,47.5624915],[19.0448088,47.5624857],[19.0447611,47.5623467],[19.0448014,47.5623404],[19.0447503,47.5621913],[19.0447089,47.5621978],[19.0446776,47.5621063],[19.0444641,47.5621397],[19.0444726,47.5621643],[19.0443652,47.5621811]]]},"properties":{"site":"aquincum","name":null,"category":"other","historic":null,"building":"apartments","osm_id":252848765}},{"type":"Feature","geometry":{"type":"Polygon","coordinates":[[[19.0468518,47.562031],[19.0468372,47.5620443],[19.0469312,47.5620915],[19.0470174,47.5620133],[19.0469234,47.5619661],[19.0468518,47.562031]]]},"properties":{"site":"aquincum","name":null,"category":"other","historic":null,"building":"yes","osm_id":252848766}},{"type":"Feature","geometry":{"type":"Polygon","coordinates":[[[19.0467178,47.5624655],[19.046817,47.5625117],[19.0467428,47.5625843],[19.0466436,47.5625381],[19.0466482,47.5625337],[19.0467178,47.5624655]]]},"properties":{"site":"aquincum","name":null,"category":"other","historic":null,"building":"yes","osm_id":252848767}},{"type":"Feature","geometry":{"type":"Polygon","coordinates":[[[19.046297,47.5622873],[19.0463387,47.5622485],[19.0462219,47.5621912],[19.0461802,47.56223],[19.0462074,47.5622433],[19.046297,47.5622873]]]},"properties":{"site":"aquincum","name":null,"category":"other","historic":null,"building":"house","osm_id":252848768}},{"type":"Feature","geometry":{"type":"Polygon","coordinates":[[[19.0446669,47.5630171],[19.0447424,47.5630066],[19.0447335,47.5629775],[19.0447112,47.5629043],[19.0446357,47.5629148],[19.0446669,47.5630171]]]},"properties":{"site":"aquincum","name":null,"category":"other","historic":null,"building":"yes","osm_id":252848769}},{"type":"Feature","geometry":{"type":"Polygon","coordinates":[[[19.0465115,47.5618261],[19.0465569,47.5617841],[19.0465213,47.5617666],[19.0464318,47.5617226],[19.0463864,47.5617646],[19.0465115,47.5618261]]]},"properties":{"site":"aquincum","name":null,"category":"other","historic":null,"building":"house","osm_id":252848770}},{"type":"Feature","geometry":{"type":"Polygon","coordinates":[[[19.0469159,47.562385],[19.0464325,47.5621349],[19.0465547,47.5620273],[19.0470382,47.5622774],[19.0470282,47.5622861],[19.0469159,47.562385]]]},"properties":{"site":"aquincum","name":null,"category":"other","historic":null,"building":"yes","osm_id":252848771}},{"type":"Feature","geometry":{"type":"Polygon","coordinates":[[[19.0459552,47.5624352],[19.0459838,47.5624486],[19.0460818,47.5624947],[19.0460403,47.5625349],[19.0459137,47.5624755],[19.0459552,47.5624352]]]},"properties":{"site":"aquincum","name":null,"category":"other","historic":null,"building":"house","osm_id":252848772}},{"type":"Feature","geometry":{"type":"Polygon","coordinates":[[[19.0465286,47.5618857],[19.046614,47.5618082],[19.0466688,47.5618357],[19.0466001,47.5618979],[19.0465833,47.5619132],[19.0465286,47.5618857]]]},"properties":{"site":"aquincum","name":null,"category":"other","historic":null,"building":"yes","osm_id":252848773}},{"type":"Feature","geometry":{"type":"Polygon","coordinates":[[[19.0464195,47.5620208],[19.0464613,47.5619821],[19.0463446,47.5619247],[19.0463028,47.5619634],[19.0463299,47.5619768],[19.0464195,47.5620208]]]},"properties":{"site":"aquincum","name":null,"category":"other","historic":null,"building":"house","osm_id":252848774}},{"type":"Feature","geometry":{"type":"Polygon","coordinates":[[[19.0457865,47.5626124],[19.0457302,47.5626485],[19.0458125,47.562707],[19.0458368,47.5627242],[19.045893,47.5626882],[19.0457865,47.5626124]]]},"properties":{"site":"aquincum","name":null,"category":"other","historic":null,"building":"house","osm_id":252848775}},{"type":"Feature","geometry":{"type":"Polygon","coordinates":[[[19.0447335,47.5629775],[19.0448031,47.5629679],[19.044774,47.5628724],[19.0447044,47.5628821],[19.0447112,47.5629043],[19.0447335,47.5629775]]]},"properties":{"site":"aquincum","name":null,"category":"other","historic":null,"building":"yes","osm_id":252848777}},{"type":"Feature","geometry":{"type":"Polygon","coordinates":[[[19.0463348,47.5623935],[19.0464135,47.5623165],[19.0464604,47.5623383],[19.0463927,47.5624046],[19.0463817,47.5624154],[19.0463348,47.5623935]]]},"properties":{"site":"aquincum","name":null,"category":"other","historic":null,"building":"yes","osm_id":252848778}},{"type":"Feature","geometry":{"type":"Polygon","coordinates":[[[19.0462295,47.5624804],[19.0467031,47.5627155],[19.0466393,47.562774],[19.0466028,47.5628075],[19.0465596,47.562786],[19.0465457,47.5627987],[19.0464941,47.562773],[19.0465073,47.5627609],[19.0464373,47.5627261],[19.0464228,47.5627394],[19.0463725,47.5627144],[19.0463859,47.5627021],[19.0463201,47.5626694],[19.0463038,47.5626843],[19.0462493,47.5626572],[19.0462643,47.5626434],[19.0462099,47.5626163],[19.0461942,47.5626308],[19.0461439,47.5626058],[19.0461576,47.5625932],[19.0461244,47.5625768],[19.0462295,47.5624804]]]},"properties":{"site":"aquincum","name":null,"category":"other","historic":null,"building":"yes","osm_id":252848779}},{"type":"Feature","geometry":{"type":"Polygon","coordinates":[[[19.0449295,47.5629055],[19.0449451,47.5629565],[19.0449882,47.5629505],[19.0450967,47.5629354],[19.0450812,47.5628845],[19.0449295,47.5629055]]]},"properties":{"site":"aquincum","name":null,"category":"other","historic":null,"building":"yes","osm_id":252848780}},{"type":"Feature","geometry":{"type":"Polygon","coordinates":[[[19.0453882,47.5627687],[19.0454029,47.56279],[19.0454533,47.5628631],[19.045404,47.5628786],[19.0453874,47.5628838],[19.0453223,47.5627894],[19.0453882,47.5627687]]]},"properties":{"site":"aquincum","name":null,"category":"other","historic":null,"building":"house","osm_id":252848781}},{"type":"Feature","geometry":{"type":"Polygon","coordinates":[[[19.0459155,47.5627633],[19.0460579,47.5626734],[19.0460937,47.5626992],[19.0461023,47.5627054],[19.0459772,47.5627844],[19.0459599,47.5627953],[19.0459155,47.5627633]]]},"properties":{"site":"aquincum","name":null,"category":"other","historic":null,"building":"yes","osm_id":252848782}},{"type":"Feature","geometry":{"type":"Polygon","coordinates":[[[19.0457062,47.5626314],[19.0457302,47.5626485],[19.0458125,47.562707],[19.0457597,47.5627407],[19.0456535,47.5626652],[19.0457062,47.5626314]]]},"properties":{"site":"aquincum","name":null,"category":"other","historic":null,"building":"house","osm_id":252848783}},{"type":"Feature","geometry":{"type":"Polygon","coordinates":[[[19.0454732,47.5627679],[19.0454029,47.56279],[19.0454533,47.5628631],[19.0454682,47.5628847],[19.0455385,47.5628627],[19.0454732,47.5627679]]]},"properties":{"site":"aquincum","name":null,"category":"other","historic":null,"building":"house","osm_id":252848784}},{"type":"Feature","geometry":{"type":"Polygon","coordinates":[[[19.0465213,47.5617666],[19.0465632,47.5617278],[19.0464465,47.5616705],[19.0464046,47.5617092],[19.0464318,47.5617226],[19.0465213,47.5617666]]]},"properties":{"site":"aquincum","name":null,"category":"other","historic":null,"building":"house","osm_id":252848785}},{"type":"Feature","geometry":{"type":"Polygon","coordinates":[[[19.0449882,47.5629505],[19.0450025,47.5629975],[19.045144,47.5629778],[19.0451296,47.5629309],[19.0450967,47.5629354],[19.0449882,47.5629505]]]},"properties":{"site":"aquincum","name":null,"category":"other","historic":null,"building":"yes","osm_id":252848786}},{"type":"Feature","geometry":{"type":"Polygon","coordinates":[[[19.0462872,47.5623468],[19.0463326,47.5623047],[19.046297,47.5622873],[19.0462074,47.5622433],[19.046162,47.5622854],[19.0462872,47.5623468]]]},"properties":{"site":"aquincum","name":null,"category":"other","historic":null,"building":"house","osm_id":252848787}},{"type":"Feature","geometry":{"type":"Polygon","coordinates":[[[19.046028,47.5624057],[19.0459838,47.5624486],[19.0460818,47.5624947],[19.0461108,47.5625083],[19.0461551,47.5624653],[19.046028,47.5624057]]]},"properties":{"site":"aquincum","name":null,"category":"other","historic":null,"building":"house","osm_id":252848788}},{"type":"Feature","geometry":{"type":"Polygon","coordinates":[[[19.0463799,47.5629308],[19.0464096,47.562912],[19.0464456,47.562938],[19.0463146,47.5630207],[19.0462785,47.5629948],[19.0463799,47.5629308]]]},"properties":{"site":"aquincum","name":null,"category":"other","historic":null,"building":"yes","osm_id":252848789}},{"type":"Feature","geometry":{"type":"Polygon","coordinates":[[[19.0464096,47.5620804],[19.0464551,47.5620383],[19.0464195,47.5620208],[19.0463299,47.5619768],[19.0462845,47.5620189],[19.0464096,47.5620804]]]},"properties":{"site":"aquincum","name":null,"category":"other","historic":null,"building":"house","osm_id":252848790}},{"type":"Feature","geometry":{"type":"Polygon","coordinates":[[[19.0453391,47.5629794],[19.0454694,47.562952],[19.0454899,47.5629963],[19.0455249,47.5630719],[19.0455543,47.5631353],[19.0455635,47.5631334],[19.045579,47.5631301],[19.0455993,47.5631739],[19.0455758,47.5631788],[19.0455829,47.5631941],[19.0455216,47.563207],[19.0455333,47.5632322],[19.045463,47.563247],[19.0453391,47.5629794]]]},"properties":{"site":"aquincum","name":null,"category":"other","historic":null,"building":"yes","osm_id":252848791}},{"type":"Feature","geometry":{"type":"Polygon","coordinates":[[[19.0462957,47.56287],[19.0463799,47.5629308],[19.0462785,47.5629948],[19.0462578,47.5630078],[19.0461736,47.562947],[19.0461919,47.5629355],[19.0462957,47.56287]]]},"properties":{"site":"aquincum","name":null,"category":"other","historic":null,"building":"yes","osm_id":252848792}},{"type":"Feature","geometry":{"type":"Polygon","coordinates":[[[19.0466308,47.5624297],[19.0466655,47.5623957],[19.0467493,47.5624347],[19.0467178,47.5624655],[19.0466482,47.5625337],[19.0465644,47.5624947],[19.0466308,47.5624297]]]},"properties":{"site":"aquincum","name":null,"category":"other","historic":null,"building":"yes","osm_id":252848793}},{"type":"Feature","geometry":{"type":"Polygon","coordinates":[[[19.0462272,47.5628242],[19.0462498,47.56281],[19.0463156,47.5628574],[19.0462957,47.56287],[19.0461919,47.5629355],[19.0461262,47.562888],[19.0462272,47.5628242]]]},"properties":{"site":"aquincum","name":null,"category":"other","historic":null,"building":"yes","osm_id":252848795}},{"type":"Feature","geometry":{"type":"Polygon","coordinates":[[[19.0469312,47.5620915],[19.0468952,47.5621241],[19.0469373,47.5621452],[19.0470892,47.5620075],[19.0470471,47.5619863],[19.0470174,47.5620133],[19.0469312,47.5620915]]]},"properties":{"site":"aquincum","name":null,"category":"other","historic":null,"building":"yes","osm_id":252848797}},{"type":"Feature","geometry":{"type":"Polygon","coordinates":[[[19.0465865,47.5608148],[19.0463787,47.5602708],[19.0465036,47.5602488],[19.0466299,47.560572],[19.0465353,47.5605881],[19.0465633,47.560663],[19.04665,47.5606482],[19.0466544,47.560648],[19.0466916,47.5607435],[19.0465865,47.5608148]]]},"properties":{"site":"aquincum","name":null,"category":"other","historic":null,"building":"yes","osm_id":252848798}},{"type":"Feature","geometry":{"type":"Polygon","coordinates":[[[19.0464604,47.5623383],[19.0464922,47.5623073],[19.0465695,47.5623432],[19.0465294,47.5623825],[19.04647,47.5624406],[19.0463927,47.5624046],[19.0464604,47.5623383]]]},"properties":{"site":"aquincum","name":null,"category":"other","historic":null,"building":"yes","osm_id":252848799}},{"type":"Feature","geometry":{"type":"Polygon","coordinates":[[[19.0465294,47.5623825],[19.0466308,47.5624297],[19.0465644,47.5624947],[19.046555,47.5625039],[19.0464536,47.5624567],[19.04647,47.5624406],[19.0465294,47.5623825]]]},"properties":{"site":"aquincum","name":null,"category":"other","historic":null,"building":"yes","osm_id":252848800}},{"type":"Feature","geometry":{"type":"Polygon","coordinates":[[[19.0466688,47.5618357],[19.046704,47.5618037],[19.0467808,47.5618423],[19.0467597,47.5618614],[19.0466769,47.5619365],[19.0466001,47.5618979],[19.0466688,47.5618357]]]},"properties":{"site":"aquincum","name":null,"category":"other","historic":null,"building":"yes","osm_id":252848801}},{"type":"Feature","geometry":{"type":"Polygon","coordinates":[[[19.0441804,47.5635285],[19.0440987,47.5632662],[19.0442061,47.563251],[19.0442402,47.5633605],[19.0442961,47.5633526],[19.0443004,47.5633665],[19.0443049,47.5633809],[19.0442541,47.5633881],[19.0442929,47.5635125],[19.0441804,47.5635285]]]},"properties":{"site":"aquincum","name":null,"category":"other","historic":null,"building":"yes","osm_id":252848802}},{"type":"Feature","geometry":{"type":"Polygon","coordinates":[[[19.045703,47.5622473],[19.0458108,47.5621295],[19.0459021,47.5621675],[19.0458754,47.5621966],[19.0459684,47.5622354],[19.0459168,47.5622916],[19.0458193,47.5622509],[19.0457896,47.5622834],[19.045703,47.5622473]]]},"properties":{"site":"aquincum","name":null,"category":"other","historic":null,"building":"yes","osm_id":252848803}},{"type":"Feature","geometry":{"type":"Polygon","coordinates":[[[19.0456239,47.5619525],[19.0455847,47.5618166],[19.0456899,47.5618028],[19.0456996,47.5618363],[19.0458068,47.5618222],[19.0458256,47.5618871],[19.045713,47.5619019],[19.0457238,47.5619393],[19.0456239,47.5619525]]]},"properties":{"site":"aquincum","name":null,"category":"other","historic":null,"building":"yes","osm_id":252848804}},{"type":"Feature","geometry":{"type":"Polygon","coordinates":[[[19.0450958,47.563327],[19.045078,47.563278],[19.0450113,47.5630785],[19.0451357,47.5630595],[19.0451922,47.5632283],[19.0452268,47.563223],[19.0452409,47.5632652],[19.0451992,47.5632716],[19.0452116,47.5633086],[19.0451983,47.5633104],[19.0450958,47.563327]]]},"properties":{"site":"aquincum","name":null,"category":"other","historic":null,"building":"yes","osm_id":252848806}},{"type":"Feature","geometry":{"type":"Polygon","coordinates":[[[19.0452473,47.5625969],[19.0450419,47.5620289],[19.0452038,47.5620022],[19.0452539,47.5621406],[19.045348,47.562125],[19.045435,47.5623656],[19.0453381,47.5623815],[19.0454065,47.5625707],[19.0452473,47.5625969]]]},"properties":{"site":"aquincum","name":null,"category":"other","historic":null,"building":"yes","osm_id":252848807}},{"type":"Feature","geometry":{"type":"Polygon","coordinates":[[[19.0458769,47.562085],[19.0458376,47.5619491],[19.0459429,47.5619353],[19.0459526,47.5619688],[19.0460598,47.5619547],[19.0460785,47.5620196],[19.0459659,47.5620344],[19.0459767,47.5620718],[19.0458769,47.562085]]]},"properties":{"site":"aquincum","name":null,"category":"other","historic":null,"building":"yes","osm_id":252848811}},{"type":"Feature","geometry":{"type":"Polygon","coordinates":[[[19.045322,47.5618796],[19.0452828,47.5617437],[19.045388,47.5617299],[19.0453977,47.5617634],[19.0455049,47.5617493],[19.0455237,47.5618142],[19.0454111,47.561829],[19.0454219,47.5618664],[19.045322,47.5618796]]]},"properties":{"site":"aquincum","name":null,"category":"other","historic":null,"building":"yes","osm_id":252848812}},{"type":"Feature","geometry":{"type":"Polygon","coordinates":[[[19.0470761,47.5625186],[19.0471877,47.5624044],[19.0471649,47.5623364],[19.0470737,47.5622942],[19.0471217,47.5622497],[19.0472333,47.5622934],[19.0472957,47.5624198],[19.0471541,47.5625542],[19.0470761,47.5625186]]]},"properties":{"site":"aquincum","name":null,"category":"other","historic":null,"building":"yes","osm_id":252848813}},{"type":"Feature","geometry":{"type":"Polygon","coordinates":[[[19.046817,47.5625117],[19.0468401,47.562489],[19.0469235,47.5625278],[19.0468915,47.5625592],[19.0469439,47.5625835],[19.0468695,47.5626564],[19.0468159,47.5626314],[19.0468251,47.5626225],[19.0467428,47.5625843],[19.046817,47.5625117]]]},"properties":{"site":"aquincum","name":null,"category":"other","historic":null,"building":"yes","osm_id":252848816}},{"type":"Feature","geometry":{"type":"Polygon","coordinates":[[[19.0415292,47.5614054],[19.0421122,47.5613189],[19.0422285,47.5613016],[19.042214,47.5612571],[19.0422098,47.5612442],[19.0421737,47.5612496],[19.0421456,47.5611632],[19.0420918,47.5611711],[19.0421015,47.561201],[19.0420001,47.5612161],[19.042015,47.5612615],[19.0415069,47.561337],[19.0415292,47.5614054]]]},"properties":{"site":"aquincum","name":null,"category":"other","historic":null,"building":"yes","osm_id":252848965}},{"type":"Feature","geometry":{"type":"Polygon","coordinates":[[[19.042482,47.5612541],[19.0426279,47.5612324],[19.0426165,47.5611974],[19.0424706,47.5612191],[19.042482,47.5612541]]]},"properties":{"site":"aquincum","name":null,"category":"other","historic":null,"building":"yes","osm_id":252848967}},{"type":"Feature","geometry":{"type":"Polygon","coordinates":[[[19.041479,47.5615081],[19.0414683,47.5614799],[19.0415684,47.5614626],[19.0415791,47.5614908],[19.041479,47.5615081]]]},"properties":{"site":"aquincum","name":null,"category":"other","historic":null,"building":"yes","osm_id":252848970}},{"type":"Feature","geometry":{"type":"Polygon","coordinates":[[[19.0406534,47.5610677],[19.0406241,47.5609829],[19.0403078,47.5610326],[19.040337,47.5611174],[19.0406534,47.5610677]]]},"properties":{"site":"aquincum","name":null,"category":"other","historic":null,"building":"yes","osm_id":252848971}},{"type":"Feature","geometry":{"type":"Polygon","coordinates":[[[19.0413116,47.5612158],[19.0418573,47.5611428],[19.0418089,47.5609778],[19.0412631,47.5610507],[19.0413116,47.5612158]]]},"properties":{"site":"aquincum","name":null,"category":"other","historic":null,"building":"yes","osm_id":252848974}},{"type":"Feature","geometry":{"type":"Polygon","coordinates":[[[19.0419945,47.5609473],[19.0419883,47.5609207],[19.0420651,47.5609125],[19.0420713,47.5609392],[19.0419945,47.5609473]]]},"properties":{"site":"aquincum","name":null,"category":"other","historic":null,"building":"yes","osm_id":252848975}},{"type":"Feature","geometry":{"type":"Polygon","coordinates":[[[19.040019,47.5616389],[19.0400642,47.5616311],[19.0400418,47.5615719],[19.0399966,47.5615797],[19.040019,47.5616389]]]},"properties":{"site":"aquincum","name":null,"category":"other","historic":null,"building":"yes","osm_id":252848978}},{"type":"Feature","geometry":{"type":"Polygon","coordinates":[[[19.0411999,47.5612581],[19.041132,47.5610669],[19.0412631,47.5610507],[19.0413116,47.5612158],[19.0413229,47.5612382],[19.0411999,47.5612581]]]},"properties":{"site":"aquincum","name":null,"category":"other","historic":null,"building":"yes","osm_id":252848979}},{"type":"Feature","geometry":{"type":"Polygon","coordinates":[[[19.0414188,47.5614218],[19.0413892,47.5613311],[19.0414996,47.5613147],[19.0415069,47.561337],[19.0415292,47.5614054],[19.0414188,47.5614218]]]},"properties":{"site":"aquincum","name":null,"category":"other","historic":null,"building":"yes","osm_id":252848980}},{"type":"Feature","geometry":{"type":"Polygon","coordinates":[[[19.0407413,47.5611382],[19.0407748,47.561245],[19.0404969,47.5612847],[19.0404833,47.5612416],[19.0406122,47.5612232],[19.0405923,47.5611595],[19.0407413,47.5611382]]]},"properties":{"site":"aquincum","name":null,"category":"other","historic":null,"building":"yes","osm_id":252848981}},{"type":"Feature","geometry":{"type":"Polygon","coordinates":[[[19.0410315,47.5616373],[19.0410617,47.561632],[19.0410456,47.56159],[19.0410352,47.5615918],[19.0410153,47.5615953],[19.0410315,47.5616373]]]},"properties":{"site":"aquincum","name":null,"category":"other","historic":null,"building":"yes","osm_id":252848983}},{"type":"Feature","geometry":{"type":"Polygon","coordinates":[[[19.042345,47.5613919],[19.042354,47.5614196],[19.0426287,47.5613788],[19.0425963,47.5612793],[19.0424951,47.5612943],[19.0423216,47.5613201],[19.042345,47.5613919]]]},"properties":{"site":"aquincum","name":null,"category":"other","historic":null,"building":"yes","osm_id":252848984}},{"type":"Feature","geometry":{"type":"Polygon","coordinates":[[[19.0405147,47.5620278],[19.0404693,47.5619127],[19.0406195,47.5618857],[19.0406236,47.5618961],[19.0409274,47.5618414],[19.0409222,47.5618282],[19.0410759,47.5618006],[19.0411224,47.5619185],[19.0405147,47.5620278]]]},"properties":{"site":"aquincum","name":null,"category":"other","historic":null,"building":"yes","osm_id":252848987}},{"type":"Feature","geometry":{"type":"Polygon","coordinates":[[[19.042214,47.5612571],[19.0424706,47.5612191],[19.042482,47.5612541],[19.0424951,47.5612943],[19.0423216,47.5613201],[19.042345,47.5613919],[19.0422619,47.5614042],[19.0422285,47.5613016],[19.042214,47.5612571]]]},"properties":{"site":"aquincum","name":null,"category":"other","historic":null,"building":"yes","osm_id":252848991}},{"type":"Feature","geometry":{"type":"Polygon","coordinates":[[[19.040267,47.5611432],[19.0402418,47.5610704],[19.0400144,47.5611063],[19.0400397,47.5611795],[19.0401642,47.5611599],[19.0401586,47.5611437],[19.0402021,47.5611368],[19.0402076,47.5611526],[19.040267,47.5611432]]]},"properties":{"site":"aquincum","name":null,"category":"other","historic":null,"building":"yes","osm_id":252848992}},{"type":"Feature","geometry":{"type":"Polygon","coordinates":[[[19.0421122,47.5613189],[19.0421339,47.5613855],[19.0420693,47.5613951],[19.042088,47.5614524],[19.0421618,47.5614415],[19.0421663,47.5614553],[19.0422734,47.5614394],[19.0422619,47.5614042],[19.0422285,47.5613016],[19.0421122,47.5613189]]]},"properties":{"site":"aquincum","name":null,"category":"other","historic":null,"building":"yes","osm_id":252848993}},{"type":"Feature","geometry":{"type":"Polygon","coordinates":[[[19.0402492,47.560175],[19.0403228,47.5601691],[19.0403366,47.5602479],[19.040263,47.5602538],[19.0402492,47.560175]]]},"properties":{"site":"aquincum","name":null,"category":"other","historic":null,"building":"yes","osm_id":252849101}},{"type":"Feature","geometry":{"type":"Polygon","coordinates":[[[19.0408447,47.5606181],[19.0408196,47.5605537],[19.0410062,47.5605205],[19.0410314,47.5605849],[19.0408447,47.5606181]]]},"properties":{"site":"aquincum","name":null,"category":"other","historic":null,"building":"yes","osm_id":252849106}},{"type":"Feature","geometry":{"type":"Polygon","coordinates":[[[19.0408201,47.5597376],[19.0410512,47.5603771],[19.0407289,47.5604302],[19.0404978,47.5597907],[19.0408201,47.5597376]]]},"properties":{"site":"aquincum","name":null,"category":"other","historic":null,"building":"yes","osm_id":252849110}},{"type":"Feature","geometry":{"type":"Polygon","coordinates":[[[19.0397417,47.5607668],[19.0396829,47.5605628],[19.0404512,47.5604618],[19.0404707,47.5605293],[19.0405092,47.5605243],[19.0405486,47.5606608],[19.0397417,47.5607668]]]},"properties":{"site":"aquincum","name":null,"category":"other","historic":null,"building":"yes","osm_id":252849111}},{"type":"Feature","geometry":{"type":"Polygon","coordinates":[[[19.0513461,47.5599874],[19.0513515,47.5599778],[19.0512676,47.5599559],[19.0512448,47.5599956],[19.0512574,47.5599989],[19.0512338,47.56004],[19.0513052,47.5600586],[19.0513587,47.5600872],[19.05142,47.5600834],[19.0514595,47.5600514],[19.0514539,47.56001],[19.0514065,47.5599834],[19.0513461,47.5599874]]]},"properties":{"site":"aquincum","name":null,"category":"other","historic":null,"building":"yes","osm_id":253003157}},{"type":"Feature","geometry":{"type":"Polygon","coordinates":[[[19.0557459,47.5638938],[19.0559306,47.5636844],[19.0565788,47.5639446],[19.0563942,47.5641541],[19.0557459,47.5638938]]]},"properties":{"site":"aquincum","name":null,"category":"other","historic":null,"building":"yes","osm_id":253040229}},{"type":"Feature","geometry":{"type":"Polygon","coordinates":[[[19.0547129,47.5633143],[19.0551925,47.5627993],[19.0553658,47.5626133],[19.0556955,47.5627531],[19.055328,47.5631476],[19.055361,47.5631616],[19.0551436,47.563395],[19.0550079,47.5633375],[19.0549399,47.5634105],[19.0547129,47.5633143]]]},"properties":{"site":"aquincum","name":"U4","category":"other","historic":null,"building":"commercial","osm_id":253040250}},{"type":"Feature","geometry":{"type":"Polygon","coordinates":[[[19.0537835,47.5619385],[19.0539453,47.5620085],[19.053884,47.5620781],[19.0538954,47.5620852],[19.0538997,47.5620939],[19.0538966,47.5621041],[19.0538882,47.5621118],[19.0538707,47.5621151],[19.0538516,47.562113],[19.0538313,47.5621336],[19.0537862,47.5621179],[19.0537669,47.5621461],[19.0537998,47.5622132],[19.0538164,47.5622468],[19.0538437,47.5622418],[19.0538667,47.5622834],[19.0536864,47.5623286],[19.0536622,47.5622828],[19.0536764,47.5622807],[19.0536072,47.5621356],[19.0537835,47.5619385]]]},"properties":{"site":"aquincum","name":"IBS Offices - U1 épület (fekete U1)","category":"other","historic":null,"building":"college","osm_id":253042787}},{"type":"Feature","geometry":{"type":"Polygon","coordinates":[[[19.0545976,47.5624389],[19.0547163,47.562307],[19.0551762,47.5624952],[19.0550575,47.5626273],[19.0545976,47.5624389]]]},"properties":{"site":"aquincum","name":"U3","category":"other","historic":null,"building":"college","osm_id":253042794}},{"type":"Feature","geometry":{"type":"Polygon","coordinates":[[[19.054431,47.5623612],[19.0545667,47.562211],[19.0542863,47.5620955],[19.0541505,47.5622457],[19.054431,47.5623612]]]},"properties":{"site":"aquincum","name":"U2","category":"other","historic":null,"building":"school","osm_id":253042795}},{"type":"Feature","geometry":{"type":"Polygon","coordinates":[[[19.0542503,47.5630721],[19.0543218,47.5632042],[19.0543938,47.5633374],[19.0542201,47.5633802],[19.0540766,47.5631149],[19.0542503,47.5630721]]]},"properties":{"site":"aquincum","name":"IBS Library - U5 épület (fekete U5)","category":"library","historic":null,"building":"college","osm_id":253042798}},{"type":"Feature","geometry":{"type":"Polygon","coordinates":[[[19.0543427,47.5628237],[19.0539731,47.5629133],[19.0538088,47.5626044],[19.0541767,47.5625153],[19.0542206,47.5625978],[19.0541192,47.5626224],[19.0541566,47.5626927],[19.0541963,47.5627673],[19.0542994,47.5627424],[19.0543427,47.5628237]]]},"properties":{"site":"aquincum","name":"IBS Classrooms - U6 épület (fekete U6)","category":"other","historic":null,"building":"college","osm_id":253042801}},{"type":"Feature","geometry":{"type":"Polygon","coordinates":[[[19.052499,47.5645782],[19.052407,47.5643854],[19.0525127,47.5643625],[19.052538,47.5644154],[19.05264,47.5643932],[19.0527205,47.5643757],[19.0526911,47.5643142],[19.0528009,47.5642904],[19.0528849,47.5644661],[19.0526027,47.5645275],[19.0526148,47.564553],[19.052499,47.5645782]]]},"properties":{"site":"aquincum","name":null,"category":"other","historic":null,"building":"yes","osm_id":253046058}},{"type":"Feature","geometry":{"type":"Polygon","coordinates":[[[19.0530138,47.5646509],[19.053116,47.5646262],[19.0532239,47.5646002],[19.0532799,47.5645278],[19.0533358,47.5644553],[19.0533208,47.5644086],[19.0534712,47.5643729],[19.0535046,47.5644553],[19.0534423,47.5645432],[19.0534679,47.5645494],[19.0534367,47.564589],[19.0534111,47.5645816],[19.0533432,47.564672],[19.0530613,47.5647469],[19.0530138,47.5646509]]]},"properties":{"site":"aquincum","name":null,"category":"other","historic":null,"building":"yes","osm_id":253046059}},{"type":"Feature","geometry":{"type":"Polygon","coordinates":[[[19.0520515,47.5646853],[19.0520718,47.564745],[19.0521874,47.564776],[19.0523029,47.5648069],[19.0523532,47.5647997],[19.0524007,47.5648957],[19.0522809,47.5649257],[19.0521617,47.5648836],[19.0521415,47.5649034],[19.0520938,47.5648935],[19.0521103,47.5648638],[19.0519709,47.5648267],[19.0519213,47.5647156],[19.0520515,47.5646853]]]},"properties":{"site":"aquincum","name":null,"category":"other","historic":null,"building":"yes","osm_id":253046060}},{"type":"Feature","geometry":{"type":"Polygon","coordinates":[[[19.0523935,47.5630458],[19.0525083,47.5632732],[19.0525705,47.5633965],[19.0525995,47.5634539],[19.0527338,47.563423],[19.0527983,47.5634082],[19.0527697,47.5633516],[19.0527281,47.5633611],[19.0526184,47.5631437],[19.0526481,47.5631369],[19.0526168,47.5630748],[19.0525793,47.5630834],[19.0525423,47.5630102],[19.0523935,47.5630458]]]},"properties":{"site":"aquincum","name":null,"category":"other","historic":null,"building":"yes","osm_id":253046061}},{"type":"Feature","geometry":{"type":"Polygon","coordinates":[[[19.0533208,47.5644086],[19.0532865,47.5643429],[19.0532521,47.5642771],[19.0534025,47.5642413],[19.0534712,47.5643729],[19.0533208,47.5644086]]]},"properties":{"site":"aquincum","name":null,"category":"other","historic":null,"building":"yes","osm_id":253046064}},{"type":"Feature","geometry":{"type":"Polygon","coordinates":[[[19.0513581,47.5644078],[19.0513063,47.5643067],[19.0514158,47.5642812],[19.0515236,47.5642561],[19.0515753,47.5643572],[19.0513581,47.5644078]]]},"properties":{"site":"aquincum","name":null,"category":"other","historic":null,"building":"yes","osm_id":253046065}},{"type":"Feature","geometry":{"type":"Polygon","coordinates":[[[19.0527445,47.5648182],[19.0528189,47.5649686],[19.0529561,47.5649377],[19.0528818,47.5647873],[19.0527445,47.5648182]]]},"properties":{"site":"aquincum","name":null,"category":"other","historic":null,"building":"yes","osm_id":253046066}},{"type":"Feature","geometry":{"type":"Polygon","coordinates":[[[19.0530081,47.564362],[19.0529515,47.5642599],[19.0530465,47.5642359],[19.0531031,47.5643381],[19.0530081,47.564362]]]},"properties":{"site":"aquincum","name":null,"category":"other","historic":null,"building":"yes","osm_id":253046067}},{"type":"Feature","geometry":{"type":"Polygon","coordinates":[[[19.051999,47.5645828],[19.0520515,47.5646853],[19.0519213,47.5647156],[19.0518689,47.5646131],[19.051999,47.5645828]]]},"properties":{"site":"aquincum","name":null,"category":"other","historic":null,"building":"yes","osm_id":253046069}},{"type":"Feature","geometry":{"type":"Polygon","coordinates":[[[19.0524007,47.5648957],[19.0527251,47.5648226],[19.0526776,47.5647267],[19.0525154,47.5647632],[19.0523532,47.5647997],[19.0524007,47.5648957]]]},"properties":{"site":"aquincum","name":null,"category":"other","historic":null,"building":"yes","osm_id":253046070}},{"type":"Feature","geometry":{"type":"Polygon","coordinates":[[[19.0528622,47.5646851],[19.0530138,47.5646509],[19.0530613,47.5647469],[19.0529097,47.564781],[19.0528622,47.5646851]]]},"properties":{"site":"aquincum","name":null,"category":"other","historic":null,"building":"yes","osm_id":253046071}},{"type":"Feature","geometry":{"type":"Polygon","coordinates":[[[19.0534025,47.5642413],[19.0533196,47.5640825],[19.0531692,47.5641183],[19.0532107,47.5641977],[19.0532521,47.5642771],[19.0534025,47.5642413]]]},"properties":{"site":"aquincum","name":null,"category":"other","historic":null,"building":"yes","osm_id":253046072}},{"type":"Feature","geometry":{"type":"Polygon","coordinates":[[[19.0531705,47.5636622],[19.0531332,47.5635836],[19.0533852,47.5635291],[19.0534225,47.5636077],[19.0532965,47.563635],[19.0531705,47.5636622]]]},"properties":{"site":"aquincum","name":null,"category":"other","historic":null,"building":"yes","osm_id":253046073}},{"type":"Feature","geometry":{"type":"Polygon","coordinates":[[[19.0528037,47.5635615],[19.0527338,47.563423],[19.0525995,47.5634539],[19.0526344,47.5635231],[19.0526694,47.5635923],[19.0528037,47.5635615]]]},"properties":{"site":"aquincum","name":null,"category":"other","historic":null,"building":"yes","osm_id":253046074}},{"type":"Feature","geometry":{"type":"Polygon","coordinates":[[[19.0528528,47.5636589],[19.0528037,47.5635615],[19.0526694,47.5635923],[19.0527186,47.5636897],[19.052734,47.5636862],[19.0527495,47.5636826],[19.0528528,47.5636589]]]},"properties":{"site":"aquincum","name":null,"category":"other","historic":null,"building":"yes","osm_id":253046075}},{"type":"Feature","geometry":{"type":"Polygon","coordinates":[[[19.0524527,47.5628842],[19.0523829,47.5627459],[19.0522567,47.5627749],[19.0522916,47.562844],[19.0523265,47.5629132],[19.0524527,47.5628842]]]},"properties":{"site":"aquincum","name":null,"category":"other","historic":null,"building":"yes","osm_id":253046076}},{"type":"Feature","geometry":{"type":"Polygon","coordinates":[[[19.0531517,47.5636654],[19.0531177,47.563598],[19.0528528,47.5636589],[19.0527495,47.5636826],[19.0527835,47.56375],[19.0530598,47.5636865],[19.0531517,47.5636654]]]},"properties":{"site":"aquincum","name":null,"category":"other","historic":null,"building":"yes","osm_id":253046077}},{"type":"Feature","geometry":{"type":"Polygon","coordinates":[[[19.0533196,47.5640825],[19.0532558,47.5639604],[19.0536044,47.5638775],[19.0535493,47.563772],[19.0534246,47.5638017],[19.0530503,47.5638906],[19.053122,47.5640279],[19.0531692,47.5641183],[19.0533196,47.5640825]]]},"properties":{"site":"aquincum","name":null,"category":"other","historic":null,"building":"yes","osm_id":253046080}},{"type":"Feature","geometry":{"type":"Polygon","coordinates":[[[19.0523829,47.5627459],[19.0523548,47.5626903],[19.0523342,47.5626951],[19.0523114,47.5626499],[19.0522282,47.562669],[19.052217,47.5626716],[19.0522058,47.5626742],[19.0522567,47.5627749],[19.0523829,47.5627459]]]},"properties":{"site":"aquincum","name":null,"category":"other","historic":null,"building":"yes","osm_id":253046082}},{"type":"Feature","geometry":{"type":"Polygon","coordinates":[[[19.0527251,47.5648226],[19.0527445,47.5648182],[19.0528818,47.5647873],[19.0529097,47.564781],[19.0528622,47.5646851],[19.0527699,47.5647059],[19.0526776,47.5647267],[19.0527251,47.5648226]]]},"properties":{"site":"aquincum","name":null,"category":"other","historic":null,"building":"yes","osm_id":253046084}},{"type":"Feature","geometry":{"type":"Polygon","coordinates":[[[19.0515236,47.5642561],[19.0517991,47.5641919],[19.0518557,47.5643026],[19.0519426,47.5644725],[19.051999,47.5645828],[19.0518689,47.5646131],[19.0517313,47.5643441],[19.0516782,47.5643333],[19.0515753,47.5643572],[19.0515236,47.5642561]]]},"properties":{"site":"aquincum","name":null,"category":"other","historic":null,"building":"yes","osm_id":253046086}},{"type":"Feature","geometry":{"type":"Polygon","coordinates":[[[19.0525833,47.5626224],[19.0528212,47.5625678],[19.0528564,47.5626375],[19.0526184,47.5626922],[19.0525833,47.5626224]]]},"properties":{"site":"aquincum","name":null,"category":"other","historic":null,"building":"yes","osm_id":253047562}},{"type":"Feature","geometry":{"type":"Polygon","coordinates":[[[19.0526894,47.5624768],[19.0528314,47.5624442],[19.0528674,47.5625156],[19.0528321,47.5625237],[19.0528375,47.5625344],[19.0527308,47.5625589],[19.0526894,47.5624768]]]},"properties":{"site":"aquincum","name":null,"category":"other","historic":null,"building":"yes","osm_id":253047563}},{"type":"Feature","geometry":{"type":"Polygon","coordinates":[[[19.0522282,47.562669],[19.0521892,47.5625917],[19.0522944,47.5625675],[19.0524119,47.5625405],[19.0524609,47.5626377],[19.0523626,47.5626603],[19.0523528,47.5626408],[19.0523114,47.5626499],[19.0522282,47.562669]]]},"properties":{"site":"aquincum","name":null,"category":"other","historic":null,"building":"yes","osm_id":253047564}},{"type":"Feature","geometry":{"type":"Polygon","coordinates":[[[19.0524119,47.5625405],[19.0526659,47.5624822],[19.0526894,47.5624768],[19.0527308,47.5625589],[19.0525699,47.5625958],[19.0525833,47.5626224],[19.0526184,47.5626922],[19.0525019,47.5627189],[19.0524609,47.5626377],[19.0524119,47.5625405]]]},"properties":{"site":"aquincum","name":null,"category":"other","historic":null,"building":"yes","osm_id":253047565}},{"type":"Feature","geometry":{"type":"Polygon","coordinates":[[[19.0512245,47.5629331],[19.051244,47.5629702],[19.0511087,47.5630025],[19.0511378,47.5630579],[19.051022,47.5630857],[19.0509817,47.563009],[19.0509399,47.5629293],[19.051012,47.5629121],[19.050997,47.5628837],[19.0510804,47.5628637],[19.051176,47.5628408],[19.0512245,47.5629331]]]},"properties":{"site":"aquincum","name":null,"category":"other","historic":null,"building":"yes","osm_id":253077176}},{"type":"Feature","geometry":{"type":"Polygon","coordinates":[[[19.0518676,47.5638899],[19.0518216,47.5638024],[19.0519545,47.5637706],[19.0520005,47.5638581],[19.0519873,47.5638613],[19.0519741,47.5638644],[19.0518676,47.5638899]]]},"properties":{"site":"aquincum","name":null,"category":"other","historic":null,"building":"yes","osm_id":253077178}},{"type":"Feature","geometry":{"type":"Polygon","coordinates":[[[19.0512345,47.5631981],[19.0512184,47.5631681],[19.0512798,47.5631531],[19.0512959,47.563183],[19.0512345,47.5631981]]]},"properties":{"site":"aquincum","name":null,"category":"other","historic":null,"building":"yes","osm_id":253077180}},{"type":"Feature","geometry":{"type":"Polygon","coordinates":[[[19.0510098,47.5636243],[19.0510658,47.5636108],[19.0511563,47.5635891],[19.0509635,47.5632236],[19.0508169,47.5632588],[19.0510098,47.5636243]]]},"properties":{"site":"aquincum","name":null,"category":"other","historic":null,"building":"yes","osm_id":253077182}},{"type":"Feature","geometry":{"type":"Polygon","coordinates":[[[19.0513792,47.5640903],[19.0513402,47.5640162],[19.0516021,47.5639535],[19.0516411,47.5640276],[19.0515102,47.564059],[19.0513792,47.5640903]]]},"properties":{"site":"aquincum","name":null,"category":"other","historic":null,"building":"yes","osm_id":253077184}},{"type":"Feature","geometry":{"type":"Polygon","coordinates":[[[19.0517475,47.5636552],[19.0515351,47.5632512],[19.0516651,47.5632201],[19.0517826,47.5634435],[19.0518471,47.5635663],[19.0518775,47.5636241],[19.0517475,47.5636552]]]},"properties":{"site":"aquincum","name":null,"category":"other","historic":null,"building":"yes","osm_id":253077186}},{"type":"Feature","geometry":{"type":"Polygon","coordinates":[[[19.0514422,47.5636022],[19.0514282,47.5635734],[19.0515131,47.5635547],[19.0515271,47.5635835],[19.0514422,47.5636022]]]},"properties":{"site":"aquincum","name":null,"category":"other","historic":null,"building":"yes","osm_id":253077187}},{"type":"Feature","geometry":{"type":"Polygon","coordinates":[[[19.0511966,47.5631415],[19.0511647,47.5630766],[19.0512423,47.5630592],[19.0512742,47.5631242],[19.0511966,47.5631415]]]},"properties":{"site":"aquincum","name":null,"category":"other","historic":null,"building":"yes","osm_id":253077189}},{"type":"Feature","geometry":{"type":"Polygon","coordinates":[[[19.0515351,47.5632512],[19.0514672,47.563122],[19.0515972,47.5630909],[19.0516312,47.5631555],[19.0516651,47.5632201],[19.0515351,47.5632512]]]},"properties":{"site":"aquincum","name":null,"category":"other","historic":null,"building":"yes","osm_id":253077191}},{"type":"Feature","geometry":{"type":"Polygon","coordinates":[[[19.0507566,47.5631647],[19.0507091,47.5630742],[19.0507404,47.5630667],[19.0508993,47.5630287],[19.0509469,47.5631192],[19.0507566,47.5631647]]]},"properties":{"site":"aquincum","name":null,"category":"other","historic":null,"building":"yes","osm_id":253077193}},{"type":"Feature","geometry":{"type":"Polygon","coordinates":[[[19.0516411,47.5640276],[19.0517972,47.5639903],[19.0520131,47.5639386],[19.0519741,47.5638644],[19.0518676,47.5638899],[19.0516021,47.5639535],[19.0516411,47.5640276]]]},"properties":{"site":"aquincum","name":null,"category":"other","historic":null,"building":"yes","osm_id":253077195}},{"type":"Feature","geometry":{"type":"Polygon","coordinates":[[[19.0518216,47.5638024],[19.0518043,47.5638066],[19.0517272,47.56366],[19.0517475,47.5636552],[19.0518775,47.5636241],[19.051916,47.5636973],[19.0519545,47.5637706],[19.0518216,47.5638024]]]},"properties":{"site":"aquincum","name":null,"category":"other","historic":null,"building":"yes","osm_id":253077196}},{"type":"Feature","geometry":{"type":"Polygon","coordinates":[[[19.0513732,47.5629887],[19.0513306,47.5629077],[19.0512245,47.5629331],[19.051176,47.5628408],[19.0514032,47.5627864],[19.0514515,47.5628783],[19.0514666,47.5628746],[19.0514817,47.562871],[19.0515245,47.5629525],[19.0513732,47.5629887]]]},"properties":{"site":"aquincum","name":null,"category":"other","historic":null,"building":"yes","osm_id":253077198}},{"type":"Feature","geometry":{"type":"Polygon","coordinates":[[[19.0507404,47.5630667],[19.0506561,47.5629063],[19.0508974,47.5628486],[19.0509399,47.5629293],[19.0509817,47.563009],[19.0508993,47.5630287],[19.0507404,47.5630667]]]},"properties":{"site":"aquincum","name":null,"category":"other","historic":null,"building":"yes","osm_id":253077200}},{"type":"Feature","geometry":{"type":"Polygon","coordinates":[[[19.0514672,47.563122],[19.0514459,47.5631271],[19.0513732,47.5629887],[19.0515245,47.5629525],[19.0515609,47.5630217],[19.0515972,47.5630909],[19.0514672,47.563122]]]},"properties":{"site":"aquincum","name":null,"category":"other","historic":null,"building":"yes","osm_id":253077202}},{"type":"Feature","geometry":{"type":"Polygon","coordinates":[[[19.04827,47.562275],[19.0482084,47.5621225],[19.04834,47.5620983],[19.0483565,47.5620953],[19.0483915,47.5621822],[19.0486319,47.562138],[19.0486584,47.5622036],[19.04827,47.562275]]]},"properties":{"site":"aquincum","name":null,"category":"other","historic":null,"building":"yes","osm_id":253077454}},{"type":"Feature","geometry":{"type":"Polygon","coordinates":[[[19.05166,47.5618042],[19.0515565,47.5615956],[19.051623,47.5615806],[19.0515152,47.5613631],[19.0513186,47.5614075],[19.0514562,47.561685],[19.0513969,47.5616984],[19.0514667,47.561839],[19.0515473,47.5618207],[19.0515513,47.5618288],[19.05166,47.5618042]]]},"properties":{"site":"aquincum","name":null,"category":"other","historic":null,"building":"yes","osm_id":253077455}},{"type":"Feature","geometry":{"type":"Polygon","coordinates":[[[19.0520857,47.5622687],[19.0519981,47.5620625],[19.0521462,47.5620339],[19.0522337,47.56224],[19.0520857,47.5622687]]]},"properties":{"site":"aquincum","name":"5. épület","category":"other","historic":null,"building":"yes","osm_id":253077456}},{"type":"Feature","geometry":{"type":"Polygon","coordinates":[[[19.0517816,47.5623448],[19.0516551,47.5621002],[19.0518126,47.5620631],[19.051939,47.5623077],[19.0517816,47.5623448]]]},"properties":{"site":"aquincum","name":null,"category":"other","historic":null,"building":"yes","osm_id":253077457}},{"type":"Feature","geometry":{"type":"Polygon","coordinates":[[[19.0488935,47.5618007],[19.0489901,47.5620279],[19.0493938,47.5619496],[19.0492972,47.5617225],[19.0488935,47.5618007]]]},"properties":{"site":"aquincum","name":null,"category":"other","historic":null,"building":"yes","osm_id":253077458}},{"type":"Feature","geometry":{"type":"Polygon","coordinates":[[[19.0485629,47.5632446],[19.0486887,47.5632229],[19.0487378,47.5633522],[19.0486135,47.5633737],[19.0485994,47.5633761],[19.0485503,47.5632468],[19.0485629,47.5632446]]]},"properties":{"site":"aquincum","name":null,"category":"other","historic":null,"building":"yes","osm_id":253077459}},{"type":"Feature","geometry":{"type":"Polygon","coordinates":[[[19.0485267,47.5630237],[19.0485651,47.5631193],[19.048583,47.563116],[19.0485852,47.5631214],[19.0486624,47.5631073],[19.0486218,47.5630063],[19.0485267,47.5630237]]]},"properties":{"site":"aquincum","name":null,"category":"other","historic":null,"building":"yes","osm_id":253077460}},{"type":"Feature","geometry":{"type":"Polygon","coordinates":[[[19.0519199,47.5619622],[19.0518658,47.5618506],[19.0520086,47.5618191],[19.0520258,47.5618545],[19.052099,47.5618384],[19.0521359,47.5619145],[19.0519199,47.5619622]]]},"properties":{"site":"aquincum","name":null,"category":"other","historic":null,"building":"yes","osm_id":253077461}},{"type":"Feature","geometry":{"type":"Polygon","coordinates":[[[19.0484591,47.5627439],[19.0484708,47.5627731],[19.0484447,47.5627778],[19.04846,47.5628162],[19.0484958,47.5629062],[19.0485219,47.5629014],[19.0485352,47.562935],[19.0485859,47.5629258],[19.0485883,47.562932],[19.0489587,47.5628649],[19.0489133,47.5627508],[19.0488772,47.5627574],[19.0488595,47.5627129],[19.0488441,47.5626741],[19.0484591,47.5627439]]]},"properties":{"site":"aquincum","name":null,"category":"other","historic":null,"building":"yes","osm_id":253077462}},{"type":"Feature","geometry":{"type":"Polygon","coordinates":[[[19.0490907,47.562209],[19.0491845,47.5624443],[19.0495771,47.562373],[19.0494833,47.5621377],[19.0493712,47.5621581],[19.0494266,47.562297],[19.0492645,47.5623264],[19.0492091,47.5621875],[19.0490907,47.562209]]]},"properties":{"site":"aquincum","name":null,"category":"other","historic":null,"building":"yes","osm_id":253077463}},{"type":"Feature","geometry":{"type":"Polygon","coordinates":[[[19.0555639,47.5677113],[19.0553046,47.5677323],[19.0552182,47.5672472],[19.0559017,47.5671917],[19.0559626,47.5675337],[19.0558101,47.5675461],[19.0557677,47.5673081],[19.0553736,47.56734],[19.0554224,47.5676142],[19.0555448,47.5676043],[19.0555639,47.5677113]]]},"properties":{"site":"aquincum","name":null,"category":"other","historic":null,"building":"apartments","osm_id":253079246}},{"type":"Feature","geometry":{"type":"Polygon","coordinates":[[[19.0560709,47.5679771],[19.0561319,47.5683193],[19.0554387,47.5683755],[19.0553512,47.567884],[19.0555989,47.5678639],[19.0556175,47.5679686],[19.055527,47.567976],[19.0555773,47.5682583],[19.0559549,47.5682277],[19.0559125,47.5679899],[19.0560709,47.5679771]]]},"properties":{"site":"aquincum","name":null,"category":"other","historic":null,"building":"apartments","osm_id":253079250}},{"type":"Feature","geometry":{"type":"Polygon","coordinates":[[[19.0553384,47.5669673],[19.0553291,47.566915],[19.0553675,47.5669119],[19.055359,47.5668645],[19.0554425,47.5668577],[19.0554367,47.5668251],[19.0555322,47.5668173],[19.0555381,47.5668503],[19.0556061,47.5668448],[19.0556126,47.566881],[19.0556572,47.5668774],[19.0556684,47.5669405],[19.0553384,47.5669673]]]},"properties":{"site":"aquincum","name":null,"category":"other","historic":null,"building":"apartments","osm_id":253079256}},{"type":"Feature","geometry":{"type":"Polygon","coordinates":[[[19.0558055,47.5669296],[19.0557962,47.5668774],[19.0558346,47.5668742],[19.0558261,47.5668268],[19.0559096,47.5668201],[19.0559038,47.5667874],[19.0559994,47.5667797],[19.0560052,47.5668126],[19.0560732,47.5668071],[19.0560797,47.5668434],[19.0561243,47.5668398],[19.0561355,47.5669029],[19.0558055,47.5669296]]]},"properties":{"site":"aquincum","name":null,"category":"other","historic":null,"building":"apartments","osm_id":253079257}},{"type":"Feature","geometry":{"type":"Polygon","coordinates":[[[19.0548874,47.5670032],[19.0548781,47.5669509],[19.0549165,47.5669478],[19.054908,47.5669004],[19.0549916,47.5668936],[19.0549857,47.566861],[19.0550813,47.5668532],[19.0550872,47.5668862],[19.0551551,47.5668807],[19.0551616,47.5669169],[19.0552062,47.5669133],[19.0552174,47.5669764],[19.0548874,47.5670032]]]},"properties":{"site":"aquincum","name":null,"category":"other","historic":null,"building":"apartments","osm_id":253079261}},{"type":"Feature","geometry":{"type":"Polygon","coordinates":[[[19.0525962,47.5679556],[19.0526125,47.5680467],[19.0525079,47.5680552],[19.0525136,47.568087],[19.0522962,47.5681046],[19.0522923,47.5680826],[19.0520752,47.5681002],[19.052071,47.5680769],[19.0519606,47.5680858],[19.0519429,47.5679864],[19.0518693,47.5679924],[19.051856,47.5679179],[19.0518185,47.567921],[19.0517936,47.5677811],[19.0517594,47.5677838],[19.0517338,47.5676401],[19.0516902,47.5676436],[19.0516644,47.5674992],[19.0516192,47.5675029],[19.0516056,47.5674265],[19.0517572,47.5674142],[19.051765,47.5674579],[19.0518028,47.5674548],[19.0518295,47.567605],[19.0518591,47.5676026],[19.051884,47.5677421],[19.0519186,47.5677393],[19.0519443,47.5678838],[19.0519902,47.5678801],[19.0520077,47.5679788],[19.0520829,47.5679727],[19.0520883,47.5680032],[19.0522976,47.5679862],[19.0523023,47.5680125],[19.0524414,47.5680013],[19.0524356,47.5679686],[19.0525962,47.5679556]]]},"properties":{"site":"aquincum","name":null,"category":"other","historic":null,"building":"apartments","osm_id":253079262}},{"type":"Feature","geometry":{"type":"Polygon","coordinates":[[[19.0512578,47.5706521],[19.0512405,47.5705553],[19.0513837,47.5705437],[19.051388,47.5705683],[19.0515037,47.5705589],[19.051499,47.5705323],[19.0515822,47.5705255],[19.0515674,47.5704424],[19.0516078,47.5704392],[19.0515825,47.5702971],[19.0516096,47.5702949],[19.0515847,47.5701557],[19.0516111,47.5701535],[19.0515971,47.570075],[19.0516803,47.5700682],[19.0516615,47.5699627],[19.0517316,47.569957],[19.0517268,47.5699305],[19.052007,47.5699078],[19.0520122,47.5699373],[19.0520941,47.5699306],[19.0521114,47.5700278],[19.052003,47.5700366],[19.0519982,47.5700097],[19.0518011,47.5700257],[19.0518061,47.5700535],[19.05175,47.570058],[19.0517678,47.5701577],[19.0517317,47.5701607],[19.0517581,47.5703088],[19.0517175,47.5703121],[19.0517437,47.5704592],[19.0517133,47.5704617],[19.0517208,47.5705038],[19.0516619,47.5705086],[19.0516803,47.5706116],[19.0515782,47.5706199],[19.0515828,47.5706456],[19.0513676,47.570663],[19.0513642,47.5706435],[19.0512578,47.5706521]]]},"properties":{"site":"aquincum","name":null,"category":"other","historic":null,"building":"apartments","osm_id":253079263}},{"type":"Feature","geometry":{"type":"Polygon","coordinates":[[[19.0525938,47.5683637],[19.0525766,47.5682669],[19.0527197,47.5682553],[19.052724,47.5682795],[19.0528535,47.568269],[19.05285,47.5682494],[19.0530568,47.5682326],[19.0530519,47.5682051],[19.0531351,47.5681984],[19.0531203,47.5681153],[19.0531607,47.568112],[19.0531354,47.56797],[19.0531624,47.5679678],[19.0531376,47.5678285],[19.053164,47.5678264],[19.05315,47.5677478],[19.0532332,47.567741],[19.0532144,47.5676355],[19.0532844,47.5676298],[19.0532797,47.5676034],[19.0535598,47.5675807],[19.0535651,47.5676101],[19.0536469,47.5676035],[19.0536643,47.5677006],[19.0535559,47.5677094],[19.0535511,47.5676826],[19.053354,47.5676986],[19.053359,47.5677263],[19.0533029,47.5677309],[19.0533207,47.5678306],[19.0532846,47.5678335],[19.053311,47.5679816],[19.0532704,47.5679849],[19.0532966,47.5681321],[19.0532662,47.5681346],[19.0532737,47.5681767],[19.0532148,47.5681815],[19.0532332,47.5682845],[19.0531311,47.5682927],[19.0531357,47.5683184],[19.0529222,47.5683357],[19.0529271,47.5683635],[19.0527039,47.5683816],[19.0526992,47.5683552],[19.0525938,47.5683637]]]},"properties":{"site":"aquincum","name":null,"category":"other","historic":null,"building":"apartments","osm_id":253079264}},{"type":"Feature","geometry":{"type":"Polygon","coordinates":[[[19.051752,47.5709275],[19.0517347,47.5708307],[19.0518779,47.5708191],[19.0518822,47.5708433],[19.0520116,47.5708328],[19.0520081,47.5708132],[19.0522149,47.5707964],[19.05221,47.5707689],[19.0522932,47.5707622],[19.0522784,47.5706791],[19.0523189,47.5706758],[19.0522936,47.5705338],[19.0523206,47.5705316],[19.0522958,47.5703923],[19.0523221,47.5703902],[19.0523081,47.5703116],[19.0523913,47.5703048],[19.0523725,47.5701993],[19.0524426,47.5701936],[19.0524379,47.5701672],[19.052718,47.5701445],[19.0527232,47.5701739],[19.0528051,47.5701673],[19.0528224,47.5702644],[19.052714,47.5702732],[19.0527093,47.5702464],[19.0525122,47.5702624],[19.0525171,47.5702901],[19.0524611,47.5702947],[19.0524788,47.5703944],[19.0524427,47.5703973],[19.0524691,47.5705454],[19.0524285,47.5705487],[19.0524548,47.5706959],[19.0524243,47.5706983],[19.0524318,47.5707405],[19.052373,47.5707452],[19.0523913,47.5708482],[19.0522892,47.5708565],[19.0522938,47.5708822],[19.0520803,47.5708995],[19.0520853,47.5709272],[19.0518621,47.5709454],[19.0518574,47.570919],[19.051752,47.5709275]]]},"properties":{"site":"aquincum","name":null,"category":"other","historic":null,"building":"apartments","osm_id":253079265}},{"type":"Feature","geometry":{"type":"Polygon","coordinates":[[[19.0533316,47.5686058],[19.0533143,47.568509],[19.0534575,47.5684974],[19.0534618,47.5685216],[19.0535912,47.5685111],[19.0535877,47.5684915],[19.0537945,47.5684747],[19.0537896,47.5684472],[19.0538728,47.5684404],[19.053858,47.5683574],[19.0538985,47.5683541],[19.0538732,47.568212],[19.0539002,47.5682099],[19.0538754,47.5680706],[19.0539017,47.5680684],[19.0538877,47.5679899],[19.0539709,47.5679831],[19.0539521,47.5678776],[19.0540222,47.5678719],[19.0540175,47.5678454],[19.0542976,47.5678227],[19.0543028,47.5678522],[19.0543847,47.5678455],[19.054402,47.5679427],[19.0542936,47.5679515],[19.0542888,47.5679246],[19.0540917,47.5679406],[19.0540967,47.5679684],[19.0540407,47.5679729],[19.0540584,47.5680726],[19.0540223,47.5680756],[19.0540487,47.5682237],[19.0540081,47.568227],[19.0540344,47.5683742],[19.0540039,47.5683766],[19.0540114,47.5684187],[19.0539526,47.5684235],[19.0539709,47.5685265],[19.0538688,47.5685348],[19.0538734,47.5685605],[19.0536599,47.5685778],[19.0536649,47.5686055],[19.0534417,47.5686236],[19.053437,47.5685972],[19.0533316,47.5686058]]]},"properties":{"site":"aquincum","name":null,"category":"other","historic":null,"building":"apartments","osm_id":253079266}},{"type":"Feature","geometry":{"type":"Polygon","coordinates":[[[19.0540683,47.5688216],[19.054051,47.5687248],[19.0541942,47.5687132],[19.0541985,47.5687374],[19.054328,47.5687269],[19.0543245,47.5687073],[19.0545313,47.5686905],[19.0545263,47.568663],[19.0546095,47.5686563],[19.0545947,47.5685732],[19.0546352,47.5685699],[19.0546099,47.5684279],[19.0546369,47.5684257],[19.0546121,47.5682864],[19.0546384,47.5682843],[19.0546244,47.5682057],[19.0547077,47.5681989],[19.0546889,47.5680934],[19.0547589,47.5680877],[19.0547542,47.5680613],[19.0550343,47.5680386],[19.0550396,47.568068],[19.0551214,47.5680614],[19.0551387,47.5681585],[19.0550304,47.5681673],[19.0550256,47.5681405],[19.0548285,47.5681565],[19.0548334,47.5681842],[19.0547774,47.5681888],[19.0547952,47.5682885],[19.0547591,47.5682914],[19.0547855,47.5684395],[19.0547449,47.5684428],[19.0547711,47.56859],[19.0547407,47.5685925],[19.0547482,47.5686346],[19.0546893,47.5686394],[19.0547077,47.5687424],[19.0546056,47.5687506],[19.0546102,47.5687763],[19.0543967,47.5687936],[19.0544016,47.5688214],[19.0541784,47.5688395],[19.0541737,47.5688131],[19.0540683,47.5688216]]]},"properties":{"site":"aquincum","name":null,"category":"other","historic":null,"building":"apartments","osm_id":253079267}},{"type":"Feature","geometry":{"type":"Polygon","coordinates":[[[19.0524845,47.5711688],[19.0524673,47.571072],[19.0526104,47.5710604],[19.0526147,47.5710846],[19.0527442,47.5710741],[19.0527407,47.5710545],[19.0529475,47.5710377],[19.0529426,47.5710102],[19.0530258,47.5710035],[19.053011,47.5709204],[19.0530514,47.5709171],[19.0530261,47.5707751],[19.0530532,47.5707729],[19.0530283,47.5706336],[19.0530547,47.5706315],[19.0530407,47.5705529],[19.0531239,47.5705462],[19.0531051,47.5704407],[19.0531751,47.570435],[19.0531704,47.5704085],[19.0534505,47.5703858],[19.0534558,47.5704152],[19.0535376,47.5704086],[19.053555,47.5705058],[19.0534466,47.5705146],[19.0534418,47.5704877],[19.0532447,47.5705037],[19.0532497,47.5705315],[19.0531936,47.570536],[19.0532114,47.5706357],[19.0531753,47.5706386],[19.0532017,47.5707867],[19.0531611,47.57079],[19.0531873,47.5709372],[19.0531569,47.5709397],[19.0531644,47.5709818],[19.0531055,47.5709866],[19.0531239,47.5710896],[19.0530218,47.5710978],[19.0530264,47.5711235],[19.0528129,47.5711408],[19.0528178,47.5711686],[19.0525946,47.5711867],[19.0525899,47.5711603],[19.0524845,47.5711688]]]},"properties":{"site":"aquincum","name":null,"category":"other","historic":null,"building":"apartments","osm_id":253079268}},{"type":"Feature","geometry":{"type":"Polygon","coordinates":[[[19.0545482,47.569368],[19.0545444,47.5693466],[19.0544428,47.5693549],[19.0544341,47.5693062],[19.0542824,47.5693185],[19.0542737,47.5692693],[19.0542327,47.5692726],[19.0541984,47.5690797],[19.0542348,47.5690767],[19.0542264,47.5690292],[19.054369,47.5690177],[19.0543813,47.5690867],[19.0543478,47.5690894],[19.0543736,47.5692344],[19.0544176,47.5692308],[19.0544227,47.5692598],[19.0545624,47.5692485],[19.0545661,47.5692695],[19.0547949,47.5692509],[19.0547987,47.5692726],[19.0549281,47.5692621],[19.0549247,47.5692425],[19.0551314,47.5692257],[19.0551265,47.5691982],[19.0552097,47.5691915],[19.0551949,47.5691084],[19.0552354,47.5691051],[19.0552101,47.5689631],[19.0552371,47.5689609],[19.0552123,47.5688216],[19.0552386,47.5688195],[19.0552246,47.5687409],[19.0553079,47.5687341],[19.0552891,47.5686286],[19.0553591,47.5686229],[19.0553544,47.5685965],[19.0556345,47.5685737],[19.0556398,47.5686032],[19.0557216,47.5685966],[19.0557389,47.5686937],[19.0556306,47.5687025],[19.0556258,47.5686757],[19.0554287,47.5686917],[19.0554336,47.5687194],[19.0553776,47.568724],[19.0553954,47.5688237],[19.0553593,47.5688266],[19.0553857,47.5689747],[19.0553451,47.568978],[19.0553713,47.5691252],[19.0553409,47.5691277],[19.0553484,47.5691698],[19.0552895,47.5691745],[19.0553079,47.5692775],[19.0552058,47.5692858],[19.0552103,47.5693115],[19.0549969,47.5693288],[19.0550018,47.5693566],[19.0547786,47.5693747],[19.0547741,47.5693496],[19.0545482,47.569368]]]},"properties":{"site":"aquincum","name":null,"category":"other","historic":null,"building":"apartments","osm_id":253079269}},{"type":"Feature","geometry":{"type":"Polygon","coordinates":[[[19.0527513,47.5690251],[19.0527082,47.5687828],[19.0528071,47.5687748],[19.0527817,47.5686322],[19.0529752,47.5686165],[19.0530178,47.5688554],[19.0529212,47.5688632],[19.0529472,47.5690092],[19.0527513,47.5690251]]]},"properties":{"site":"aquincum","name":null,"category":"other","historic":null,"building":"apartments","osm_id":253079270}},{"type":"Feature","geometry":{"type":"Polygon","coordinates":[[[19.053161,47.5697455],[19.0531866,47.5698893],[19.0532903,47.5698809],[19.0533343,47.5701274],[19.0531371,47.5701433],[19.0531109,47.5699965],[19.0530096,47.5700047],[19.0529662,47.5697613],[19.053161,47.5697455]]]},"properties":{"site":"aquincum","name":null,"category":"other","historic":null,"building":"apartments","osm_id":253079271}},{"type":"Feature","geometry":{"type":"Polygon","coordinates":[[[19.0520208,47.5687772],[19.0519777,47.5685349],[19.0520766,47.5685268],[19.0520511,47.5683842],[19.0522447,47.5683685],[19.0522873,47.5686075],[19.0521907,47.5686153],[19.0522167,47.5687613],[19.0520208,47.5687772]]]},"properties":{"site":"aquincum","name":null,"category":"other","historic":null,"building":"apartments","osm_id":253079272}},{"type":"Feature","geometry":{"type":"Polygon","coordinates":[[[19.0535088,47.5669583],[19.0534878,47.5668442],[19.0537154,47.5668251],[19.0537905,47.5672326],[19.0538748,47.5672255],[19.0538951,47.567336],[19.0536595,47.5673557],[19.0535851,47.5669519],[19.0535088,47.5669583]]]},"properties":{"site":"aquincum","name":null,"category":"other","historic":null,"building":"apartments","osm_id":253079273}},{"type":"Feature","geometry":{"type":"Polygon","coordinates":[[[19.0534656,47.5692445],[19.0534224,47.5690022],[19.0535213,47.5689942],[19.0534959,47.5688515],[19.0536895,47.5688358],[19.0537321,47.5690748],[19.0536355,47.5690826],[19.0536615,47.5692286],[19.0534656,47.5692445]]]},"properties":{"site":"aquincum","name":null,"category":"other","historic":null,"building":"apartments","osm_id":253079274}},{"type":"Feature","geometry":{"type":"Polygon","coordinates":[[[19.052435,47.5695127],[19.0524607,47.5696566],[19.0525644,47.5696482],[19.0526083,47.5698946],[19.0524111,47.5699106],[19.0523849,47.5697637],[19.0522836,47.569772],[19.0522402,47.5695285],[19.052435,47.5695127]]]},"properties":{"site":"aquincum","name":null,"category":"other","historic":null,"building":"apartments","osm_id":253079275}},{"type":"Feature","geometry":{"type":"Polygon","coordinates":[[[19.0546809,47.5673197],[19.0546644,47.567223],[19.0548646,47.5672074],[19.0549348,47.5676191],[19.0550185,47.5676126],[19.0550346,47.5677076],[19.0548269,47.5677237],[19.0547571,47.5673138],[19.0546809,47.5673197]]]},"properties":{"site":"aquincum","name":null,"category":"other","historic":null,"building":"apartments","osm_id":253079277}},{"type":"Feature","geometry":{"type":"Polygon","coordinates":[[[19.053886,47.5699933],[19.0539116,47.5701371],[19.0540153,47.5701287],[19.0540592,47.5703751],[19.0538621,47.5703911],[19.0538359,47.5702443],[19.0537346,47.5702525],[19.0536912,47.5700091],[19.053886,47.5699933]]]},"properties":{"site":"aquincum","name":null,"category":"other","historic":null,"building":"apartments","osm_id":253079278}},{"type":"Feature","geometry":{"type":"Polygon","coordinates":[[[19.0540969,47.5671553],[19.0540758,47.5670412],[19.0543034,47.5670221],[19.0543785,47.5674296],[19.0544628,47.5674225],[19.0544832,47.5675329],[19.0542476,47.5675527],[19.0541731,47.5671489],[19.0540969,47.5671553]]]},"properties":{"site":"aquincum","name":null,"category":"other","historic":null,"building":"apartments","osm_id":253079280}},{"type":"Feature","geometry":{"type":"Polygon","coordinates":[[[19.0547717,47.5665704],[19.0547557,47.5664384],[19.055008,47.5664245],[19.055024,47.5665565],[19.0547717,47.5665704]]]},"properties":{"site":"aquincum","name":null,"category":"other","historic":null,"building":"yes","osm_id":253129150}},{"type":"Feature","geometry":{"type":"Polygon","coordinates":[[[19.0519558,47.5669464],[19.0519417,47.5669106],[19.0520915,47.5668837],[19.0521056,47.5669195],[19.0519558,47.5669464]]]},"properties":{"site":"aquincum","name":null,"category":"other","historic":null,"building":"yes","osm_id":253129154}},{"type":"Feature","geometry":{"type":"Polygon","coordinates":[[[19.052394,47.5675863],[19.0523645,47.5674661],[19.0525188,47.5674489],[19.0525274,47.5674839],[19.0525111,47.5674857],[19.052532,47.5675708],[19.052394,47.5675863]]]},"properties":{"site":"aquincum","name":null,"category":"other","historic":null,"building":"yes","osm_id":253129156}},{"type":"Feature","geometry":{"type":"Polygon","coordinates":[[[19.0529159,47.5670874],[19.0528655,47.5668563],[19.0531432,47.5668287],[19.0531936,47.5670599],[19.0529159,47.5670874]]]},"properties":{"site":"aquincum","name":null,"category":"other","historic":null,"building":"house","osm_id":253129158}},{"type":"Feature","geometry":{"type":"Polygon","coordinates":[[[19.0522185,47.5671558],[19.0521892,47.567063],[19.0522179,47.5670111],[19.0523627,47.5669902],[19.0523911,47.56708],[19.0524199,47.5670758],[19.0524353,47.5671246],[19.0522185,47.5671558]]]},"properties":{"site":"aquincum","name":null,"category":"other","historic":null,"building":"yes","osm_id":253129160}},{"type":"Feature","geometry":{"type":"Polygon","coordinates":[[[19.0521502,47.5668947],[19.0521237,47.5667926],[19.052281,47.566774],[19.0522954,47.5668294],[19.052266,47.5668329],[19.0522782,47.5668795],[19.0521502,47.5668947]]]},"properties":{"site":"aquincum","name":null,"category":"other","historic":null,"building":"yes","osm_id":253129161}},{"type":"Feature","geometry":{"type":"Polygon","coordinates":[[[19.052593,47.5668523],[19.0525755,47.5667906],[19.0526158,47.5667854],[19.0526301,47.5668355],[19.0526597,47.5668317],[19.052663,47.5668433],[19.052593,47.5668523]]]},"properties":{"site":"aquincum","name":null,"category":"other","historic":null,"building":"yes","osm_id":253129162}},{"type":"Feature","geometry":{"type":"Polygon","coordinates":[[[19.0523378,47.5673961],[19.0522985,47.5672592],[19.0524152,47.5672439],[19.0524209,47.5672638],[19.0524567,47.5672591],[19.0524903,47.5673761],[19.0523378,47.5673961]]]},"properties":{"site":"aquincum","name":null,"category":"other","historic":null,"building":"yes","osm_id":253129166}},{"type":"Feature","geometry":{"type":"Polygon","coordinates":[[[19.052756,47.5673355],[19.0527237,47.5672134],[19.0528648,47.5671964],[19.0528745,47.5672332],[19.052905,47.5672295],[19.0529195,47.5672846],[19.0528788,47.5672895],[19.0528868,47.5673197],[19.052756,47.5673355]]]},"properties":{"site":"aquincum","name":null,"category":"other","historic":null,"building":"house","osm_id":253129170}},{"type":"Feature","geometry":{"type":"Polygon","coordinates":[[[19.0544244,47.5702427],[19.0546193,47.5702291],[19.0546411,47.570371],[19.0547528,47.5703632],[19.0548277,47.5708514],[19.0547238,47.5708587],[19.0547464,47.5710054],[19.0545472,47.5710193],[19.0545105,47.5707801],[19.0546112,47.570773],[19.0545659,47.5704779],[19.0544616,47.5704851],[19.0544244,47.5702427]]]},"properties":{"site":"aquincum","name":null,"category":"other","historic":null,"building":"apartments","osm_id":253129618}},{"type":"Feature","geometry":{"type":"Polygon","coordinates":[[[19.0543342,47.5699773],[19.0543007,47.569782],[19.0553442,47.5697004],[19.0553844,47.5699344],[19.0552126,47.5699478],[19.0552064,47.5699114],[19.0551214,47.569918],[19.0551252,47.5699403],[19.0550362,47.5699473],[19.0550393,47.5699651],[19.0547787,47.5699855],[19.0547726,47.5699501],[19.0546864,47.5699568],[19.0547002,47.5700374],[19.0545293,47.5700508],[19.0545143,47.5699632],[19.0543342,47.5699773]]]},"properties":{"site":"aquincum","name":"Bölcsőde","category":"other","historic":null,"building":"childcare","osm_id":253129619}},{"type":"Feature","geometry":{"type":"Polygon","coordinates":[[[19.0533799,47.5711111],[19.0533982,47.5712072],[19.0534969,47.5711986],[19.0535014,47.5712227],[19.0537278,47.571203],[19.0537237,47.5711819],[19.0538211,47.5711735],[19.053802,47.571073],[19.0538592,47.5710681],[19.0538497,47.5710186],[19.0538874,47.5710153],[19.05386,47.5708714],[19.0539,47.5708679],[19.0538807,47.5707665],[19.0539238,47.5707627],[19.0539193,47.5707392],[19.0541142,47.5707224],[19.0541188,47.5707465],[19.0542435,47.5707357],[19.0542247,47.5706369],[19.0541501,47.5706433],[19.0541454,47.5706188],[19.0538525,47.5706442],[19.0538579,47.5706725],[19.0537901,47.5706784],[19.0538086,47.5707756],[19.0537304,47.5707823],[19.0537446,47.5708568],[19.0537097,47.5708599],[19.0537377,47.5710071],[19.0536681,47.5710131],[19.0536809,47.57108],[19.0536451,47.5710831],[19.0536508,47.5711128],[19.0535283,47.5711234],[19.0535236,47.5710986],[19.0533799,47.5711111]]]},"properties":{"site":"aquincum","name":null,"category":"other","historic":null,"building":"apartments","osm_id":253129623}},{"type":"Feature","geometry":{"type":"Polygon","coordinates":[[[19.0568461,47.5685808],[19.0568307,47.568486],[19.0570501,47.5684697],[19.057062,47.5685427],[19.0571259,47.568538],[19.0572216,47.5691287],[19.0571651,47.5691329],[19.0571819,47.5692371],[19.056644,47.5692767],[19.056641,47.5692583],[19.0565334,47.5692662],[19.0565176,47.5691684],[19.0564468,47.5691736],[19.056435,47.5691003],[19.0563867,47.5691039],[19.0563639,47.5689627],[19.0563291,47.5689652],[19.0563166,47.5688876],[19.056293,47.5688893],[19.0562885,47.5688615],[19.0560774,47.5688769],[19.0560804,47.568896],[19.0559762,47.5689036],[19.0559606,47.568807],[19.0560237,47.5688024],[19.0560193,47.5687751],[19.0563094,47.5687538],[19.0563131,47.5687771],[19.0563786,47.5687723],[19.0563956,47.5688776],[19.0564605,47.5688728],[19.0564682,47.5689208],[19.0565099,47.5689177],[19.0565334,47.5690628],[19.0565711,47.56906],[19.0565867,47.5691562],[19.0566626,47.5691506],[19.0566664,47.5691738],[19.0570845,47.5691429],[19.0569914,47.56857],[19.0568461,47.5685808]]]},"properties":{"site":"aquincum","name":null,"category":"other","historic":null,"building":"apartments","osm_id":253129628}},{"type":"Feature","geometry":{"type":"Polygon","coordinates":[[[19.0506462,47.5692521],[19.0506276,47.569133],[19.0507362,47.5691253],[19.0507281,47.5690733],[19.0506171,47.5690812],[19.0505977,47.568957],[19.0510787,47.5689228],[19.0510971,47.5690408],[19.0508784,47.5690563],[19.0508829,47.5690853],[19.0508868,47.5691102],[19.0510723,47.569097],[19.0510916,47.5692205],[19.0506462,47.5692521]]]},"properties":{"site":"aquincum","name":"Gyermekvilág Óvoda","category":"other","historic":null,"building":"kindergarten","osm_id":253130256}},{"type":"Feature","geometry":{"type":"Polygon","coordinates":[[[19.0508504,47.5666092],[19.050829,47.5665417],[19.0508638,47.5665367],[19.0508851,47.5666042],[19.0508504,47.5666092]]]},"properties":{"site":"aquincum","name":null,"category":"other","historic":null,"building":"yes","osm_id":253130260}},{"type":"Feature","geometry":{"type":"Polygon","coordinates":[[[19.0504463,47.5665004],[19.0504281,47.5664735],[19.0504703,47.5664605],[19.0504885,47.5664874],[19.0504463,47.5665004]]]},"properties":{"site":"aquincum","name":null,"category":"other","historic":null,"building":"yes","osm_id":253130261}},{"type":"Feature","geometry":{"type":"Polygon","coordinates":[[[19.0507489,47.5663373],[19.0507401,47.5663128],[19.0508125,47.5663009],[19.0508213,47.5663254],[19.0507489,47.5663373]]]},"properties":{"site":"aquincum","name":null,"category":"other","historic":null,"building":"yes","osm_id":253130262}},{"type":"Feature","geometry":{"type":"Polygon","coordinates":[[[19.0495918,47.5683],[19.0495754,47.5682442],[19.0495442,47.5682484],[19.0495605,47.5683041],[19.0495918,47.5683]]]},"properties":{"site":"aquincum","name":null,"category":"other","historic":null,"building":"yes","osm_id":253130263}},{"type":"Feature","geometry":{"type":"Polygon","coordinates":[[[19.0504836,47.5666673],[19.050428,47.5665475],[19.0505199,47.5665281],[19.0505756,47.5666478],[19.0504836,47.5666673]]]},"properties":{"site":"aquincum","name":null,"category":"other","historic":null,"building":"yes","osm_id":253130264}},{"type":"Feature","geometry":{"type":"Polygon","coordinates":[[[19.0513195,47.5663943],[19.0512945,47.5663002],[19.0513664,47.5662915],[19.0513914,47.5663856],[19.0513195,47.5663943]]]},"properties":{"site":"aquincum","name":null,"category":"other","historic":null,"building":"yes","osm_id":253130265}},{"type":"Feature","geometry":{"type":"Polygon","coordinates":[[[19.0508793,47.5665135],[19.0508461,47.5663868],[19.0509429,47.5663753],[19.0509761,47.566502],[19.0508793,47.5665135]]]},"properties":{"site":"aquincum","name":null,"category":"other","historic":null,"building":"yes","osm_id":253130266}},{"type":"Feature","geometry":{"type":"Polygon","coordinates":[[[19.0505867,47.5663924],[19.050754,47.5663747],[19.0508011,47.566577],[19.0506338,47.5665948],[19.0505867,47.5663924]]]},"properties":{"site":"aquincum","name":null,"category":"other","historic":null,"building":"yes","osm_id":253130268}},{"type":"Feature","geometry":{"type":"Polygon","coordinates":[[[19.0494291,47.5698439],[19.0494098,47.5697456],[19.0495183,47.5697358],[19.0495239,47.5697641],[19.0497402,47.5697447],[19.0497446,47.5697674],[19.0498541,47.5697575],[19.0498736,47.5698566],[19.0499414,47.5698506],[19.0499556,47.5699228],[19.0499853,47.5699202],[19.0500137,47.5700642],[19.0500586,47.5700602],[19.0500882,47.5702103],[19.0501117,47.5702082],[19.050125,47.5702757],[19.0501682,47.5702718],[19.0501735,47.5702991],[19.0503746,47.5702811],[19.0503696,47.5702558],[19.0504929,47.5702447],[19.050511,47.5703367],[19.0504344,47.5703435],[19.0504409,47.5703766],[19.0501488,47.5704028],[19.0501447,47.570382],[19.050075,47.5703882],[19.0500558,47.5702906],[19.0499781,47.5702975],[19.0499679,47.5702461],[19.0499421,47.5702484],[19.0499132,47.5701019],[19.0498786,47.570105],[19.0498493,47.5699565],[19.0498185,47.5699593],[19.049799,47.5698601],[19.0497267,47.5698665],[19.0497218,47.569842],[19.0495021,47.5698617],[19.0494973,47.5698378],[19.0494291,47.5698439]]]},"properties":{"site":"aquincum","name":null,"category":"other","historic":null,"building":"apartments","osm_id":253130269}},{"type":"Feature","geometry":{"type":"Polygon","coordinates":[[[19.0509444,47.5702285],[19.0509281,47.5701305],[19.0509645,47.5701277],[19.050949,47.5700348],[19.0509132,47.5700375],[19.0508816,47.5698476],[19.0509203,47.5698447],[19.0509038,47.5697459],[19.0508551,47.5697496],[19.0508221,47.5695515],[19.0508593,47.5695487],[19.0508511,47.5694991],[19.0509962,47.5694881],[19.0509889,47.5694442],[19.0510578,47.569439],[19.0510536,47.5694134],[19.0512692,47.5693971],[19.0512645,47.5693691],[19.0515409,47.5693482],[19.0515445,47.5693695],[19.0516231,47.5693635],[19.0516309,47.5694103],[19.0517794,47.569399],[19.0517866,47.5694426],[19.0518291,47.5694393],[19.0518621,47.5696375],[19.0518261,47.5696403],[19.0518341,47.5696883],[19.0516826,47.5696997],[19.0516709,47.5696294],[19.0517071,47.5696266],[19.0516832,47.5694829],[19.0516495,47.5694854],[19.0516453,47.5694602],[19.0515306,47.5694689],[19.0515268,47.5694462],[19.0513151,47.5694622],[19.0513195,47.5694883],[19.0511097,47.5695042],[19.0511138,47.5695286],[19.0510029,47.569537],[19.0510068,47.5695608],[19.0509696,47.5695636],[19.0509942,47.5697115],[19.0510311,47.5697087],[19.0510557,47.569856],[19.0510255,47.5698583],[19.0510491,47.5699997],[19.0510877,47.5699968],[19.0511129,47.5701484],[19.0510836,47.5701506],[19.0510946,47.5702171],[19.0509444,47.5702285]]]},"properties":{"site":"aquincum","name":null,"category":"other","historic":null,"building":"apartments","osm_id":253130270}},{"type":"Feature","geometry":{"type":"Polygon","coordinates":[[[19.0490392,47.5683789],[19.0490327,47.5683594],[19.0490693,47.5683538],[19.0490658,47.5683431],[19.0490297,47.5683486],[19.0490095,47.5682879],[19.0494889,47.5682152],[19.0495191,47.5683062],[19.0490392,47.5683789]]]},"properties":{"site":"aquincum","name":"Klímacentrum Irodaház","category":"other","historic":null,"building":"office","osm_id":253130272}},{"type":"Feature","geometry":{"type":"Polygon","coordinates":[[[19.0496631,47.5684352],[19.0496518,47.5684032],[19.0499269,47.5683378],[19.0500261,47.5685364],[19.0499205,47.5685464],[19.0497612,47.5685615],[19.0497341,47.5685029],[19.0497589,47.5684998],[19.0497409,47.5684466],[19.04968,47.5684603],[19.0496631,47.5684352]]]},"properties":{"site":"aquincum","name":null,"category":"other","historic":null,"building":"yes","osm_id":253130273}},{"type":"Feature","geometry":{"type":"Polygon","coordinates":[[[19.0513199,47.5677566],[19.0513582,47.5679971],[19.0512703,47.5680034],[19.0513162,47.5682918],[19.0514197,47.5682843],[19.0514586,47.5685288],[19.0512606,47.5685432],[19.0512384,47.5684042],[19.0511244,47.5684124],[19.0510464,47.5679224],[19.0511473,47.5679151],[19.0511243,47.5677708],[19.0513199,47.5677566]]]},"properties":{"site":"aquincum","name":null,"category":"other","historic":null,"building":"apartments","osm_id":253130469}},{"type":"Feature","geometry":{"type":"Polygon","coordinates":[[[19.052269,47.5715693],[19.0523556,47.5715603],[19.0523989,47.5717603],[19.05224,47.5717778],[19.0522315,47.5717406],[19.0522013,47.5717437],[19.0521796,47.5716482],[19.052205,47.5716455],[19.0521946,47.5715998],[19.0522741,47.5715915],[19.052269,47.5715693]]]},"properties":{"site":"aquincum","name":null,"category":"other","historic":null,"building":"apartments","osm_id":253130470}},{"type":"Feature","geometry":{"type":"Polygon","coordinates":[[[19.0522064,47.5720923],[19.0522268,47.5721498],[19.0516519,47.5722426],[19.0516341,47.5721923],[19.0516617,47.5721878],[19.0516443,47.572139],[19.0517034,47.5721294],[19.0516941,47.5721033],[19.0518265,47.5720819],[19.0518329,47.5721001],[19.0519503,47.5720812],[19.0519432,47.5720611],[19.0520825,47.5720387],[19.0520884,47.5720555],[19.0521552,47.5720448],[19.0521739,47.5720975],[19.0522064,47.5720923]]]},"properties":{"site":"aquincum","name":null,"category":"other","historic":null,"building":"apartments","osm_id":253130473}},{"type":"Feature","geometry":{"type":"Polygon","coordinates":[[[19.0520277,47.5714938],[19.051936,47.5713907],[19.0520015,47.5713642],[19.0519875,47.5713485],[19.0520381,47.571328],[19.0520886,47.5713076],[19.0521056,47.5713267],[19.0521709,47.5713003],[19.0522596,47.5714],[19.0520277,47.5714938]]]},"properties":{"site":"aquincum","name":null,"category":"other","historic":null,"building":"apartments","osm_id":253130477}},{"type":"Feature","geometry":{"type":"Polygon","coordinates":[[[19.0513066,47.5712424],[19.0512149,47.5711392],[19.0512804,47.5711127],[19.0512664,47.571097],[19.0513675,47.5710561],[19.0513845,47.5710752],[19.0514497,47.5710488],[19.0515384,47.5711485],[19.0513066,47.5712424]]]},"properties":{"site":"aquincum","name":null,"category":"other","historic":null,"building":"apartments","osm_id":253130478}},{"type":"Feature","geometry":{"type":"Polygon","coordinates":[[[19.0516393,47.5713491],[19.0515476,47.571246],[19.0516131,47.5712195],[19.0515991,47.5712038],[19.0517002,47.5711628],[19.0517172,47.571182],[19.0517825,47.5711555],[19.0518712,47.5712553],[19.0516393,47.5713491]]]},"properties":{"site":"aquincum","name":null,"category":"other","historic":null,"building":"apartments","osm_id":253130479}},{"type":"Feature","geometry":{"type":"Polygon","coordinates":[[[19.0489329,47.5731856],[19.0492509,47.5731552],[19.0492223,47.5730192],[19.0492624,47.5730153],[19.0492509,47.572961],[19.0492393,47.5729059],[19.0492027,47.5729094],[19.0491976,47.5728852],[19.0489665,47.5729074],[19.0488762,47.572916],[19.0489297,47.5731707],[19.0489329,47.5731856]]]},"properties":{"site":"aquincum","name":"Spar","category":"other","historic":null,"building":"retail","osm_id":253131384}},{"type":"Feature","geometry":{"type":"Polygon","coordinates":[[[19.0495572,47.5726035],[19.0495277,47.5724287],[19.0495564,47.5724264],[19.049522,47.5722227],[19.0497049,47.5722086],[19.0497297,47.5723557],[19.0496867,47.572359],[19.0496945,47.5724052],[19.049781,47.5723986],[19.0498123,47.5725839],[19.0495572,47.5726035]]]},"properties":{"site":"aquincum","name":null,"category":"other","historic":null,"building":"yes","osm_id":253131385}},{"type":"Feature","geometry":{"type":"Polygon","coordinates":[[[19.0494372,47.5703946],[19.0494945,47.5707328],[19.0497951,47.5707096],[19.0498348,47.570944],[19.0500666,47.5709262],[19.0500501,47.5708287],[19.0499725,47.5708347],[19.0499323,47.5705974],[19.0496437,47.5706197],[19.0496034,47.5703818],[19.0494372,47.5703946]]]},"properties":{"site":"aquincum","name":null,"category":"other","historic":null,"building":"apartments","osm_id":253131386}},{"type":"Feature","geometry":{"type":"Polygon","coordinates":[[[19.0495954,47.5716662],[19.0495791,47.5715667],[19.0496761,47.5715595],[19.0496398,47.5713383],[19.049925,47.571317],[19.049885,47.5710734],[19.0500946,47.5710577],[19.0501096,47.5711491],[19.0500505,47.5711535],[19.0500914,47.5714028],[19.0498036,47.5714243],[19.0498403,47.5716479],[19.0495954,47.5716662]]]},"properties":{"site":"aquincum","name":null,"category":"other","historic":null,"building":"apartments","osm_id":253131388}},{"type":"Feature","geometry":{"type":"Polygon","coordinates":[[[19.050525,47.5717976],[19.0503626,47.5718083],[19.0503132,47.5714675],[19.0504606,47.5714578],[19.0504662,47.5714963],[19.0505181,47.5714929],[19.05053,47.5715752],[19.0504827,47.5715784],[19.0504968,47.571675],[19.0505426,47.5716719],[19.0505541,47.5717517],[19.0505187,47.571754],[19.050525,47.5717976]]]},"properties":{"site":"aquincum","name":null,"category":"other","historic":null,"building":"apartments","osm_id":253131389}},{"type":"Feature","geometry":{"type":"Polygon","coordinates":[[[19.04957,47.5731714],[19.0495623,47.5730165],[19.0495957,47.5730157],[19.0495942,47.5729865],[19.049723,47.5729836],[19.0497242,47.5730078],[19.0497835,47.5730065],[19.0497823,47.5729833],[19.0498651,47.5729815],[19.0498696,47.573072],[19.0498319,47.5730728],[19.0498336,47.5731076],[19.0497775,47.5731089],[19.0497755,47.5730694],[19.0497157,47.5730708],[19.0497177,47.5731112],[19.0496609,47.5731124],[19.0496591,47.5730758],[19.0496208,47.5730767],[19.0496254,47.5731702],[19.04957,47.5731714]]]},"properties":{"site":"aquincum","name":null,"category":"other","historic":null,"building":"yes","osm_id":253131390}},{"type":"Feature","geometry":{"type":"Polygon","coordinates":[[[19.0506684,47.5713586],[19.0506603,47.5713139],[19.0506939,47.5713112],[19.0506796,47.5712317],[19.0506313,47.5712357],[19.050614,47.5711393],[19.0506586,47.5711357],[19.0506438,47.5710535],[19.0505903,47.5710579],[19.0505836,47.5710203],[19.0505131,47.5710261],[19.0505079,47.5709972],[19.050506,47.5709866],[19.0505874,47.5709799],[19.0505798,47.5709374],[19.0506172,47.5709343],[19.0506029,47.5708547],[19.0505602,47.5708582],[19.0505429,47.5707619],[19.0505931,47.5707578],[19.0505784,47.5706756],[19.0505287,47.5706797],[19.0505215,47.5706397],[19.0503709,47.5706521],[19.0504318,47.5709907],[19.0504342,47.571004],[19.0504395,47.5710337],[19.0505005,47.5713724],[19.0506684,47.5713586]]]},"properties":{"site":"aquincum","name":null,"category":"other","historic":null,"building":"apartments","osm_id":253131391}},{"type":"Feature","geometry":{"type":"Polygon","coordinates":[[[19.0493529,47.5700866],[19.0492068,47.5700972],[19.049211,47.5701233],[19.048998,47.5701388],[19.0490026,47.5701677],[19.0489156,47.570174],[19.0489312,47.5702717],[19.0488708,47.5702761],[19.0488796,47.5703311],[19.0488451,47.5703336],[19.0488675,47.5704733],[19.0488277,47.5704762],[19.0488509,47.5706212],[19.0488189,47.5706236],[19.0488418,47.5707664],[19.0488141,47.5707684],[19.0488298,47.5708667],[19.0489765,47.570856],[19.0489655,47.5707873],[19.0489967,47.570785],[19.0489739,47.5706423],[19.049009,47.5706397],[19.0489855,47.5704928],[19.0490225,47.5704901],[19.0489987,47.5703416],[19.0490336,47.570339],[19.0490213,47.5702619],[19.0490564,47.5702594],[19.0490519,47.5702316],[19.0492542,47.5702169],[19.0492504,47.570193],[19.0493686,47.5701844],[19.0493529,47.5700866]]]},"properties":{"site":"aquincum","name":null,"category":"other","historic":null,"building":"apartments","osm_id":253131392}},{"type":"Feature","geometry":{"type":"Polygon","coordinates":[[[19.0495748,47.5718371],[19.0494287,47.5718478],[19.0494329,47.5718739],[19.0492199,47.5718894],[19.0492245,47.5719182],[19.0491374,47.5719245],[19.0491531,47.5720222],[19.0490927,47.5720266],[19.0491015,47.5720816],[19.0490669,47.5720841],[19.0490893,47.5722239],[19.0490495,47.5722268],[19.0490727,47.5723718],[19.0490408,47.5723741],[19.0490636,47.5725169],[19.0490359,47.5725189],[19.0490517,47.5726172],[19.0491983,47.5726066],[19.0491873,47.5725378],[19.0492186,47.5725355],[19.0491957,47.5723928],[19.0492309,47.5723902],[19.0492074,47.5722433],[19.0492443,47.5722406],[19.0492205,47.5720921],[19.0492555,47.5720896],[19.0492431,47.5720125],[19.0492782,47.5720099],[19.0492738,47.5719821],[19.0494761,47.5719674],[19.0494723,47.5719435],[19.0495904,47.5719349],[19.0495748,47.5718371]]]},"properties":{"site":"aquincum","name":null,"category":"other","historic":null,"building":"apartments","osm_id":253131393}},{"type":"Feature","geometry":{"type":"Polygon","coordinates":[[[19.0494107,47.5709821],[19.0492646,47.5709927],[19.0492688,47.5710188],[19.0490558,47.5710343],[19.0490604,47.5710631],[19.0489734,47.5710694],[19.048989,47.5711671],[19.0489286,47.5711715],[19.0489374,47.5712265],[19.0489029,47.5712291],[19.0489252,47.5713689],[19.0488854,47.5713718],[19.0489086,47.5715168],[19.0488767,47.5715191],[19.0488996,47.5716619],[19.0488719,47.5716639],[19.0488876,47.5717623],[19.0490342,47.5717516],[19.0490232,47.5716828],[19.0490545,47.5716805],[19.0490317,47.5715378],[19.0490668,47.5715352],[19.0490433,47.5713883],[19.0490802,47.5713856],[19.0490565,47.571237],[19.0490914,47.5712345],[19.0490791,47.5711574],[19.0491142,47.5711548],[19.0491097,47.571127],[19.049312,47.5711123],[19.0493082,47.5710884],[19.0494263,47.5710798],[19.0494107,47.5709821]]]},"properties":{"site":"aquincum","name":null,"category":"other","historic":null,"building":"apartments","osm_id":253131394}},{"type":"Feature","geometry":{"type":"Polygon","coordinates":[[[19.0508462,47.5729605],[19.0508406,47.572931],[19.0508212,47.5729327],[19.0507875,47.5727573],[19.0508087,47.5727554],[19.0508033,47.5727273],[19.0509385,47.5727155],[19.0509431,47.5727391],[19.050968,47.5727369],[19.051003,47.5729192],[19.0509559,47.5729233],[19.0509611,47.5729505],[19.0508462,47.5729605]]]},"properties":{"site":"aquincum","name":null,"category":"other","historic":null,"building":"yes","osm_id":253131395}},{"type":"Feature","geometry":{"type":"Polygon","coordinates":[[[19.0512509,47.5729764],[19.0512305,47.5728432],[19.0513881,47.5728323],[19.0514068,47.5729546],[19.0513304,47.5729599],[19.0513321,47.5729708],[19.0512509,47.5729764]]]},"properties":{"site":"aquincum","name":null,"category":"other","historic":null,"building":"yes","osm_id":253131396}},{"type":"Feature","geometry":{"type":"Polygon","coordinates":[[[19.0501683,47.5728609],[19.0501337,47.5727399],[19.0503509,47.5727117],[19.050391,47.5728518],[19.0502613,47.5728686],[19.0502558,47.5728495],[19.0501683,47.5728609]]]},"properties":{"site":"aquincum","name":null,"category":"other","historic":null,"building":"yes","osm_id":253131397}},{"type":"Feature","geometry":{"type":"Polygon","coordinates":[[[19.048627,47.5725753],[19.0485185,47.5725845],[19.0485133,47.5725564],[19.0486218,47.5725472],[19.048627,47.5725753]]]},"properties":{"site":"aquincum","name":null,"category":"other","historic":null,"building":"yes","osm_id":253131398}},{"type":"Feature","geometry":{"type":"Polygon","coordinates":[[[19.0508433,47.5730825],[19.050837,47.573054],[19.0507688,47.5730607],[19.050775,47.5730893],[19.0508433,47.5730825]]]},"properties":{"site":"aquincum","name":null,"category":"other","historic":null,"building":"yes","osm_id":253131399}},{"type":"Feature","geometry":{"type":"Polygon","coordinates":[[[19.0485694,47.5699986],[19.0485969,47.5698804],[19.0488057,47.5699025],[19.0487782,47.5700207],[19.0485694,47.5699986]]]},"properties":{"site":"aquincum","name":null,"category":"other","historic":null,"building":"house","osm_id":253131400}},{"type":"Feature","geometry":{"type":"Polygon","coordinates":[[[19.0488762,47.572916],[19.0488551,47.572918],[19.0488429,47.5728601],[19.0489543,47.5728494],[19.0489665,47.5729074],[19.0488762,47.572916]]]},"properties":{"site":"aquincum","name":null,"category":"other","historic":null,"building":"yes","osm_id":253131403}},{"type":"Feature","geometry":{"type":"Polygon","coordinates":[[[19.0507009,47.5729604],[19.0506608,47.572775],[19.0505643,47.5727845],[19.0505713,47.5728167],[19.0504737,47.5728263],[19.0505174,47.5730289],[19.0506165,47.5730191],[19.0506058,47.5729698],[19.0507009,47.5729604]]]},"properties":{"site":"aquincum","name":null,"category":"other","historic":null,"building":"yes","osm_id":253131404}},{"type":"Feature","geometry":{"type":"Polygon","coordinates":[[[19.048627,47.5725753],[19.0486218,47.5725472],[19.048605,47.5724572],[19.0485159,47.5724648],[19.0485093,47.5724295],[19.0487288,47.5724109],[19.0487574,47.5725642],[19.048627,47.5725753]]]},"properties":{"site":"aquincum","name":null,"category":"other","historic":null,"building":"yes","osm_id":253131405}},{"type":"Feature","geometry":{"type":"Polygon","coordinates":[[[19.0484967,47.5726142],[19.0486042,47.5726026],[19.0486102,47.5726277],[19.0487172,47.5726161],[19.0487364,47.5726963],[19.0487764,47.572692],[19.0487875,47.5727388],[19.048533,47.5727664],[19.0484967,47.5726142]]]},"properties":{"site":"aquincum","name":null,"category":"other","historic":null,"building":"yes","osm_id":253131406}},{"type":"Feature","geometry":{"type":"Polygon","coordinates":[[[19.0539791,47.5723653],[19.0539595,47.5722619],[19.054585,47.5722079],[19.0546048,47.5723123],[19.0545273,47.572319],[19.0545291,47.5723283],[19.0544843,47.5723322],[19.0544825,47.5723225],[19.054315,47.572337],[19.0543169,47.5723471],[19.0542731,47.5723509],[19.0542711,47.5723404],[19.0541078,47.5723545],[19.0541099,47.5723655],[19.0540678,47.5723691],[19.0540657,47.5723578],[19.0539791,47.5723653]]]},"properties":{"site":"aquincum","name":null,"category":"other","historic":null,"building":"apartments","osm_id":253202698}},{"type":"Feature","geometry":{"type":"Polygon","coordinates":[[[19.0539243,47.5720619],[19.0539047,47.5719585],[19.0545302,47.5719045],[19.05455,47.5720089],[19.0544726,47.5720156],[19.0544743,47.5720249],[19.0544295,47.5720288],[19.0544277,47.5720191],[19.0542602,47.5720336],[19.0542621,47.5720437],[19.0542183,47.5720475],[19.0542163,47.572037],[19.054053,47.5720511],[19.0540551,47.572062],[19.054013,47.5720657],[19.0540109,47.5720544],[19.0539243,47.5720619]]]},"properties":{"site":"aquincum","name":null,"category":"other","historic":null,"building":"apartments","osm_id":253202699}},{"type":"Feature","geometry":{"type":"Polygon","coordinates":[[[19.0547658,47.572295],[19.0547493,47.5722032],[19.0553692,47.5721523],[19.0553841,47.5722353],[19.055298,47.5722424],[19.0553001,47.5722541],[19.0552618,47.5722572],[19.0552601,47.5722474],[19.0550902,47.5722613],[19.0550929,47.5722763],[19.0550529,47.5722796],[19.0550506,47.5722672],[19.0549355,47.5722766],[19.0549403,47.5723035],[19.0548904,47.5723076],[19.0548868,47.572288],[19.0548535,47.5722908],[19.0548571,47.5723106],[19.0548036,47.572315],[19.0547995,47.5722922],[19.0547658,47.572295]]]},"properties":{"site":"aquincum","name":null,"category":"other","historic":null,"building":"apartments","osm_id":253202700}},{"type":"Feature","geometry":{"type":"Polygon","coordinates":[[[19.0546602,47.5718934],[19.0552999,47.5718384],[19.0553211,47.5719503],[19.0552395,47.5719573],[19.055241,47.5719656],[19.0551967,47.5719694],[19.0551952,47.5719611],[19.0550239,47.5719758],[19.0550256,47.5719848],[19.054988,47.571988],[19.0549916,47.5720073],[19.0549444,47.5720114],[19.0549393,47.5719848],[19.0548601,47.5719916],[19.0548655,47.5720201],[19.0548148,47.5720245],[19.054811,47.5720046],[19.0547763,47.5720076],[19.0547743,47.5719973],[19.0546814,47.5720052],[19.0546602,47.5718934]]]},"properties":{"site":"aquincum","name":null,"category":"other","historic":null,"building":"apartments","osm_id":253202701}},{"type":"Feature","geometry":{"type":"Polygon","coordinates":[[[19.0539362,47.5717756],[19.0538725,47.5714233],[19.0540514,47.5714085],[19.0541151,47.5717608],[19.0539362,47.5717756]]]},"properties":{"site":"aquincum","name":null,"category":"other","historic":null,"building":"apartments","osm_id":253202702}},{"type":"Feature","geometry":{"type":"Polygon","coordinates":[[[19.0550315,47.5716746],[19.0549699,47.5713224],[19.0551359,47.5713092],[19.0551976,47.5716613],[19.0550315,47.5716746]]]},"properties":{"site":"aquincum","name":null,"category":"other","historic":null,"building":"apartments","osm_id":253202703}},{"type":"Feature","geometry":{"type":"Polygon","coordinates":[[[19.0544858,47.5717239],[19.0544241,47.5713718],[19.0545902,47.5713585],[19.0546518,47.5717107],[19.0544858,47.5717239]]]},"properties":{"site":"aquincum","name":null,"category":"other","historic":null,"building":"apartments","osm_id":253202704}},{"type":"Feature","geometry":{"type":"Polygon","coordinates":[[[19.0523502,47.572827],[19.0524809,47.5728182],[19.0524978,47.5729316],[19.052367,47.5729405],[19.0523502,47.572827]]]},"properties":{"site":"aquincum","name":null,"category":"other","historic":null,"building":"yes","osm_id":253233387}},{"type":"Feature","geometry":{"type":"Polygon","coordinates":[[[19.053653,47.5722317],[19.0537155,47.5722236],[19.0537259,47.5722606],[19.0536634,47.5722686],[19.053653,47.5722317]]]},"properties":{"site":"aquincum","name":null,"category":"other","historic":null,"building":"yes","osm_id":253233388}},{"type":"Feature","geometry":{"type":"Polygon","coordinates":[[[19.052576,47.5728989],[19.0525664,47.5727994],[19.0527109,47.5727931],[19.0527204,47.5728926],[19.052576,47.5728989]]]},"properties":{"site":"aquincum","name":null,"category":"other","historic":null,"building":"yes","osm_id":253233390}},{"type":"Feature","geometry":{"type":"Polygon","coordinates":[[[19.0534521,47.5721734],[19.0534216,47.5720612],[19.0536001,47.5720391],[19.0536306,47.5721513],[19.0534521,47.5721734]]]},"properties":{"site":"aquincum","name":null,"category":"other","historic":null,"building":"yes","osm_id":253233392}},{"type":"Feature","geometry":{"type":"Polygon","coordinates":[[[19.0528821,47.5728854],[19.0528688,47.5727763],[19.0530694,47.5727652],[19.0530827,47.5728743],[19.0528821,47.5728854]]]},"properties":{"site":"aquincum","name":null,"category":"other","historic":null,"building":"yes","osm_id":253233394}},{"type":"Feature","geometry":{"type":"Polygon","coordinates":[[[19.0518378,47.5726031],[19.0517864,47.5724347],[19.0519645,47.5724099],[19.0520159,47.5725784],[19.0518378,47.5726031]]]},"properties":{"site":"aquincum","name":null,"category":"other","historic":null,"building":"house","osm_id":253233396}},{"type":"Feature","geometry":{"type":"Polygon","coordinates":[[[19.0525216,47.5727447],[19.052509,47.5726251],[19.0525977,47.5726209],[19.0526103,47.5727404],[19.0525216,47.5727447]]]},"properties":{"site":"aquincum","name":null,"category":"other","historic":null,"building":"yes","osm_id":253233398}},{"type":"Feature","geometry":{"type":"Polygon","coordinates":[[[19.0543288,47.5726154],[19.0543247,47.5725839],[19.0543687,47.5725813],[19.0543758,47.5726359],[19.0543318,47.5726385],[19.0543288,47.5726154]]]},"properties":{"site":"aquincum","name":null,"category":"other","historic":null,"building":"yes","osm_id":253233401}},{"type":"Feature","geometry":{"type":"Polygon","coordinates":[[[19.0552817,47.5727096],[19.0552432,47.5724925],[19.0554138,47.5724787],[19.0554373,47.5726113],[19.0554523,47.5726958],[19.0552817,47.5727096]]]},"properties":{"site":"aquincum","name":null,"category":"other","historic":null,"building":"yes","osm_id":253233403}},{"type":"Feature","geometry":{"type":"Polygon","coordinates":[[[19.0543383,47.572689],[19.0544001,47.5726853],[19.0544166,47.5728126],[19.0543373,47.5728173],[19.0543289,47.5727523],[19.0543464,47.5727513],[19.0543383,47.572689]]]},"properties":{"site":"aquincum","name":null,"category":"other","historic":null,"building":"yes","osm_id":253233404}},{"type":"Feature","geometry":{"type":"Polygon","coordinates":[[[19.0537567,47.5725758],[19.0537259,47.5724609],[19.0535863,47.5724779],[19.0536055,47.5725496],[19.0535387,47.5725578],[19.0535503,47.572601],[19.0537567,47.5725758]]]},"properties":{"site":"aquincum","name":null,"category":"other","historic":null,"building":"yes","osm_id":253233408}},{"type":"Feature","geometry":{"type":"Polygon","coordinates":[[[19.0519798,47.5726586],[19.0519654,47.5726174],[19.0521197,47.5725929],[19.0521297,47.5726217],[19.0520563,47.5726333],[19.0520607,47.5726458],[19.0519798,47.5726586]]]},"properties":{"site":"aquincum","name":null,"category":"other","historic":null,"building":"yes","osm_id":253233410}},{"type":"Feature","geometry":{"type":"Polygon","coordinates":[[[19.0542232,47.5727586],[19.0542056,47.5726226],[19.0543288,47.5726154],[19.0543318,47.5726385],[19.0543383,47.572689],[19.0543464,47.5727513],[19.0543289,47.5727523],[19.0542232,47.5727586]]]},"properties":{"site":"aquincum","name":null,"category":"other","historic":null,"building":"yes","osm_id":253233412}},{"type":"Feature","geometry":{"type":"Polygon","coordinates":[[[19.0531532,47.5728681],[19.0531378,47.5727858],[19.0531691,47.5727831],[19.05315,47.5726805],[19.0532927,47.5726683],[19.0533127,47.5727752],[19.053282,47.5727778],[19.0532965,47.5728559],[19.0531532,47.5728681]]]},"properties":{"site":"aquincum","name":null,"category":"other","historic":null,"building":"yes","osm_id":253233414}},{"type":"Feature","geometry":{"type":"Polygon","coordinates":[[[19.052264,47.5729474],[19.0522591,47.5729149],[19.0522308,47.5729168],[19.0522267,47.5728896],[19.0522567,47.5728875],[19.0522487,47.5728339],[19.0523502,47.572827],[19.052367,47.5729405],[19.052264,47.5729474]]]},"properties":{"site":"aquincum","name":null,"category":"other","historic":null,"building":"yes","osm_id":253233416}},{"type":"Feature","geometry":{"type":"Polygon","coordinates":[[[19.0534918,47.5725022],[19.0534617,47.5723771],[19.0532941,47.5723955],[19.0533125,47.572472],[19.0533443,47.5724685],[19.053363,47.572546],[19.0534693,47.5725343],[19.0534623,47.5725055],[19.0534918,47.5725022]]]},"properties":{"site":"aquincum","name":null,"category":"other","historic":null,"building":"yes","osm_id":253233418}},{"type":"Feature","geometry":{"type":"Polygon","coordinates":[[[19.0534761,47.5728547],[19.0534652,47.572753],[19.0535304,47.5727499],[19.0535281,47.5727291],[19.053704,47.5727205],[19.0537087,47.5727647],[19.0538141,47.5727596],[19.0538225,47.5728377],[19.0534761,47.5728547]]]},"properties":{"site":"aquincum","name":null,"category":"other","historic":null,"building":"yes","osm_id":253233421}},{"type":"Feature","geometry":{"type":"Polygon","coordinates":[[[19.0536733,47.5723037],[19.0536634,47.5722686],[19.053653,47.5722317],[19.0535549,47.5722442],[19.0535513,47.5722314],[19.0534803,47.5722405],[19.0534836,47.5722524],[19.0534621,47.5722551],[19.0534827,47.5723281],[19.0536733,47.5723037]]]},"properties":{"site":"aquincum","name":null,"category":"other","historic":null,"building":"yes","osm_id":253233426}},{"type":"Feature","geometry":{"type":"Polygon","coordinates":[[[19.0439923,47.5734512],[19.0439777,47.5734271],[19.0440546,47.5734058],[19.0440692,47.5734298],[19.0439923,47.5734512]]]},"properties":{"site":"aquincum","name":null,"category":"other","historic":null,"building":"yes","osm_id":293799043}},{"type":"Feature","geometry":{"type":"Polygon","coordinates":[[[19.0440989,47.5733962],[19.0440727,47.5734036],[19.0440907,47.5734324],[19.0441168,47.5734251],[19.0441503,47.5734156],[19.0441323,47.5733867],[19.0440989,47.5733962]]]},"properties":{"site":"aquincum","name":null,"category":"other","historic":null,"building":"yes","osm_id":293799044}},{"type":"Feature","geometry":{"type":"Polygon","coordinates":[[[19.0537954,47.5625484],[19.0539885,47.5625003],[19.0539706,47.5624675],[19.053948,47.5624263],[19.0538824,47.5624427],[19.053755,47.5624744],[19.0537954,47.5625484]]]},"properties":{"site":"aquincum","name":null,"category":"other","historic":null,"building":"yes","osm_id":311581167}},{"type":"Feature","geometry":{"type":"Polygon","coordinates":[[[19.0553966,47.5743122],[19.0553526,47.5740248],[19.0552702,47.5740305],[19.055257,47.5739437],[19.0551946,47.5739481],[19.055178,47.5738393],[19.0552434,47.5738348],[19.0552334,47.5737696],[19.0554555,47.5737541],[19.0554079,47.5734424],[19.0555034,47.5734357],[19.055457,47.5731322],[19.0552576,47.5731461],[19.0552982,47.5734118],[19.0552121,47.5734178],[19.0552517,47.5736773],[19.0550638,47.5736904],[19.0550945,47.573891],[19.0550481,47.5738943],[19.0550764,47.5740795],[19.0551613,47.5740736],[19.0551696,47.5741275],[19.0552298,47.5741233],[19.0552444,47.5742191],[19.055189,47.574223],[19.0552083,47.5743494],[19.0553183,47.5743417],[19.0553147,47.5743179],[19.0553966,47.5743122]]]},"properties":{"site":"aquincum","name":null,"category":"other","historic":null,"building":"yes","osm_id":325958787}},{"type":"Feature","geometry":{"type":"Polygon","coordinates":[[[19.0558985,47.5724259],[19.0557716,47.572438],[19.0557913,47.5725319],[19.0559182,47.5725198],[19.0558985,47.5724259]]]},"properties":{"site":"aquincum","name":null,"category":"other","historic":null,"building":"yes","osm_id":325958789}},{"type":"Feature","geometry":{"type":"Polygon","coordinates":[[[19.0561001,47.5713429],[19.0560857,47.5712553],[19.0559211,47.5712676],[19.0559355,47.5713552],[19.0561001,47.5713429]]]},"properties":{"site":"aquincum","name":null,"category":"other","historic":null,"building":"yes","osm_id":325958791}},{"type":"Feature","geometry":{"type":"Polygon","coordinates":[[[19.0560398,47.5721049],[19.055823,47.5721231],[19.0558407,47.5722198],[19.0560576,47.5722017],[19.0560398,47.5721049]]]},"properties":{"site":"aquincum","name":null,"category":"other","historic":null,"building":"yes","osm_id":325958801}},{"type":"Feature","geometry":{"type":"Polygon","coordinates":[[[19.0558517,47.5720563],[19.0558305,47.5719404],[19.0556614,47.5719545],[19.0556826,47.5720704],[19.0558517,47.5720563]]]},"properties":{"site":"aquincum","name":null,"category":"other","historic":null,"building":"yes","osm_id":325958808}},{"type":"Feature","geometry":{"type":"Polygon","coordinates":[[[19.0542083,47.5745635],[19.0542083,47.5747474],[19.0547752,47.5747474],[19.0547752,47.5745635],[19.0542083,47.5745635]]]},"properties":{"site":"aquincum","name":null,"category":"other","historic":null,"building":"yes","osm_id":325958822}},{"type":"Feature","geometry":{"type":"Polygon","coordinates":[[[19.0475664,47.5696715],[19.0476779,47.569651],[19.047684,47.5696661],[19.0477718,47.5696499],[19.0478098,47.5697437],[19.0477001,47.569764],[19.047697,47.5697564],[19.0476708,47.5697612],[19.0476683,47.5697552],[19.0476051,47.5697669],[19.0475664,47.5696715]]]},"properties":{"site":"aquincum","name":null,"category":"other","historic":null,"building":"yes","osm_id":331851401}},{"type":"Feature","geometry":{"type":"Polygon","coordinates":[[[19.0470769,47.5699688],[19.0471531,47.569955],[19.0471955,47.5700611],[19.0471268,47.5700737],[19.0471293,47.5700799],[19.0470808,47.5700887],[19.0470781,47.570082],[19.0470027,47.5700957],[19.0469649,47.570001],[19.0470812,47.5699798],[19.0470769,47.5699688]]]},"properties":{"site":"aquincum","name":null,"category":"other","historic":null,"building":"yes","osm_id":331851402}},{"type":"Feature","geometry":{"type":"Polygon","coordinates":[[[19.045938,47.5700351],[19.0458188,47.5700432],[19.0458226,47.5700691],[19.0457958,47.5700709],[19.0458087,47.5701576],[19.0461502,47.5701343],[19.0461351,47.5700336],[19.0460574,47.5700389],[19.0460627,47.5700746],[19.0459451,47.5700826],[19.045938,47.5700351]]]},"properties":{"site":"aquincum","name":null,"category":"other","historic":null,"building":"yes","osm_id":331851403}},{"type":"Feature","geometry":{"type":"Polygon","coordinates":[[[19.0478506,47.5686295],[19.0477995,47.5686354],[19.0478189,47.5687109],[19.0480241,47.5686869],[19.0480051,47.5686129],[19.0479645,47.5686176],[19.047941,47.5685264],[19.0480181,47.5685174],[19.0479931,47.5684202],[19.0477854,47.5684445],[19.0478113,47.5685451],[19.0478284,47.5685431],[19.0478506,47.5686295]]]},"properties":{"site":"aquincum","name":"Velux","category":"other","historic":null,"building":"commercial","osm_id":331851406}},{"type":"Feature","geometry":{"type":"Polygon","coordinates":[[[19.0460174,47.5696145],[19.0460445,47.5696337],[19.0460559,47.5696263],[19.0461632,47.5697024],[19.0461655,47.569701],[19.0462983,47.5697951],[19.0462256,47.5698418],[19.0461417,47.5697823],[19.0461291,47.5697903],[19.0460819,47.5697569],[19.0460926,47.56975],[19.0460019,47.5696856],[19.0459893,47.5696937],[19.045944,47.5696616],[19.0460174,47.5696145]]]},"properties":{"site":"aquincum","name":null,"category":"other","historic":null,"building":"yes","osm_id":331851407}},{"type":"Feature","geometry":{"type":"Polygon","coordinates":[[[19.047073,47.5702172],[19.0471758,47.5702098],[19.0471789,47.5702242],[19.0472614,47.5702165],[19.0472723,47.5702622],[19.0472942,47.570277],[19.0472749,47.5702942],[19.0472828,47.5703404],[19.0471805,47.5703485],[19.0471784,47.5703368],[19.0470908,47.5703428],[19.0470871,47.5702971],[19.0470626,47.5702816],[19.0470814,47.5702615],[19.047073,47.5702172]]]},"properties":{"site":"aquincum","name":null,"category":"other","historic":null,"building":"yes","osm_id":331851409}},{"type":"Feature","geometry":{"type":"Polygon","coordinates":[[[19.0466837,47.5695946],[19.0466935,47.5696212],[19.0467001,47.5696201],[19.0467117,47.5696514],[19.0467061,47.5696523],[19.0467123,47.5696692],[19.0466945,47.5696722],[19.04666,47.569678],[19.0466857,47.5697473],[19.04682,47.5697217],[19.0468142,47.5697062],[19.0468853,47.5696996],[19.0468644,47.5696446],[19.046887,47.5696408],[19.0468631,47.5695763],[19.0467803,47.5695903],[19.0467762,47.569579],[19.0466837,47.5695946]]]},"properties":{"site":"aquincum","name":null,"category":"other","historic":null,"building":"yes","osm_id":331851410}},{"type":"Feature","geometry":{"type":"Polygon","coordinates":[[[19.046841,47.5702765],[19.0469239,47.5702712],[19.0469323,47.5703181],[19.0469578,47.5703293],[19.0469391,47.570349],[19.0469443,47.5703976],[19.0468451,47.5704033],[19.046841,47.5703913],[19.0467773,47.5703955],[19.0467789,47.5704099],[19.0466761,47.570418],[19.0466698,47.5703702],[19.0466432,47.5703564],[19.0466625,47.5703388],[19.0466542,47.5702934],[19.0467382,47.5702864],[19.046734,47.5702727],[19.0468405,47.5702642],[19.046841,47.5702765]]]},"properties":{"site":"aquincum","name":null,"category":"other","historic":null,"building":"yes","osm_id":331851411}},{"type":"Feature","geometry":{"type":"Polygon","coordinates":[[[19.0473478,47.5684875],[19.0471625,47.5685092],[19.0472216,47.5687389],[19.0474069,47.5687172],[19.0473478,47.5684875]]]},"properties":{"site":"aquincum","name":null,"category":"other","historic":null,"building":"yes","osm_id":331851412}},{"type":"Feature","geometry":{"type":"Polygon","coordinates":[[[19.0467191,47.5691277],[19.0468083,47.5691175],[19.0468349,47.5692236],[19.0467456,47.5692338],[19.0467191,47.5691277]]]},"properties":{"site":"aquincum","name":null,"category":"other","historic":null,"building":"yes","osm_id":331851413}},{"type":"Feature","geometry":{"type":"Polygon","coordinates":[[[19.045642,47.5693593],[19.0458199,47.5693428],[19.0457982,47.5692363],[19.0456202,47.5692529],[19.045642,47.5693593]]]},"properties":{"site":"aquincum","name":null,"category":"other","historic":null,"building":"yes","osm_id":331851414}},{"type":"Feature","geometry":{"type":"Polygon","coordinates":[[[19.0459905,47.5690464],[19.0459349,47.5690844],[19.0460111,47.5691351],[19.0460667,47.569097],[19.0459905,47.5690464]]]},"properties":{"site":"aquincum","name":null,"category":"other","historic":null,"building":"yes","osm_id":331851416}},{"type":"Feature","geometry":{"type":"Polygon","coordinates":[[[19.0476285,47.5694739],[19.0476714,47.5695814],[19.047842,47.5695504],[19.0477991,47.5694429],[19.0476285,47.5694739]]]},"properties":{"site":"aquincum","name":null,"category":"other","historic":null,"building":"yes","osm_id":331851417}},{"type":"Feature","geometry":{"type":"Polygon","coordinates":[[[19.045814,47.5698602],[19.045831,47.5699702],[19.0460387,47.5699557],[19.0460217,47.5698456],[19.045814,47.5698602]]]},"properties":{"site":"aquincum","name":null,"category":"other","historic":null,"building":"yes","osm_id":331851418}},{"type":"Feature","geometry":{"type":"Polygon","coordinates":[[[19.0460417,47.5703169],[19.045883,47.5703296],[19.0459103,47.5704854],[19.046069,47.5704727],[19.0460417,47.5703169]]]},"properties":{"site":"aquincum","name":null,"category":"other","historic":null,"building":"yes","osm_id":331851419}},{"type":"Feature","geometry":{"type":"Polygon","coordinates":[[[19.0468349,47.5692236],[19.0468083,47.5691175],[19.0468954,47.5691076],[19.0469219,47.5692137],[19.0468349,47.5692236]]]},"properties":{"site":"aquincum","name":null,"category":"other","historic":null,"building":"yes","osm_id":331851420}},{"type":"Feature","geometry":{"type":"Polygon","coordinates":[[[19.0468214,47.5698282],[19.0468577,47.569921],[19.0470121,47.5698935],[19.0469759,47.5698008],[19.0468214,47.5698282]]]},"properties":{"site":"aquincum","name":null,"category":"other","historic":null,"building":"yes","osm_id":331851422}},{"type":"Feature","geometry":{"type":"Polygon","coordinates":[[[19.0460398,47.5691407],[19.0461353,47.5692065],[19.0460033,47.5692939],[19.0458631,47.5691975],[19.04594,47.5691466],[19.0459846,47.5691773],[19.0460398,47.5691407]]]},"properties":{"site":"aquincum","name":null,"category":"other","historic":null,"building":"yes","osm_id":331851423}},{"type":"Feature","geometry":{"type":"Polygon","coordinates":[[[19.0464011,47.5704087],[19.0464813,47.570402],[19.0464869,47.5704327],[19.046578,47.5704251],[19.0465519,47.5702816],[19.0463805,47.5702958],[19.0464011,47.5704087]]]},"properties":{"site":"aquincum","name":null,"category":"other","historic":null,"building":"yes","osm_id":331851424}},{"type":"Feature","geometry":{"type":"Polygon","coordinates":[[[19.0476553,47.5690295],[19.0477286,47.5690208],[19.0477328,47.5690369],[19.0478015,47.5690287],[19.0478303,47.5691385],[19.0476884,47.5691555],[19.0476553,47.5690295]]]},"properties":{"site":"aquincum","name":null,"category":"other","historic":null,"building":"yes","osm_id":331851425}},{"type":"Feature","geometry":{"type":"Polygon","coordinates":[[[19.0468001,47.5694668],[19.0468594,47.5695099],[19.046818,47.5695358],[19.0468028,47.5695248],[19.0467822,47.5695377],[19.0467381,47.5695056],[19.0468001,47.5694668]]]},"properties":{"site":"aquincum","name":null,"category":"other","historic":null,"building":"yes","osm_id":331851426}},{"type":"Feature","geometry":{"type":"Polygon","coordinates":[[[19.0461084,47.5703743],[19.0461245,47.5704492],[19.0462849,47.5704335],[19.0462625,47.5703297],[19.0461314,47.5703425],[19.0461377,47.5703715],[19.0461084,47.5703743]]]},"properties":{"site":"aquincum","name":null,"category":"other","historic":null,"building":"yes","osm_id":331851427}},{"type":"Feature","geometry":{"type":"Polygon","coordinates":[[[19.0470422,47.5693031],[19.0470824,47.5694406],[19.0469657,47.5694562],[19.0469612,47.569441],[19.0468997,47.5694492],[19.0468753,47.5693657],[19.0469326,47.5693581],[19.0469212,47.5693192],[19.0470422,47.5693031]]]},"properties":{"site":"aquincum","name":null,"category":"other","historic":null,"building":"yes","osm_id":331851429}},{"type":"Feature","geometry":{"type":"Polygon","coordinates":[[[19.0460854,47.5686511],[19.0461001,47.5687054],[19.0461231,47.5687026],[19.0461412,47.5687698],[19.045972,47.5687906],[19.0459433,47.5686844],[19.0459973,47.5686777],[19.0459931,47.5686624],[19.0460854,47.5686511]]]},"properties":{"site":"aquincum","name":null,"category":"other","historic":null,"building":"yes","osm_id":331851430}},{"type":"Feature","geometry":{"type":"Polygon","coordinates":[[[19.0457091,47.568698],[19.045722,47.5687417],[19.0457505,47.5687379],[19.0457685,47.5687989],[19.0455928,47.5688225],[19.0455636,47.5687234],[19.0456205,47.5687157],[19.0456188,47.5687101],[19.0457091,47.568698]]]},"properties":{"site":"aquincum","name":null,"category":"other","historic":null,"building":"yes","osm_id":331851431}},{"type":"Feature","geometry":{"type":"Polygon","coordinates":[[[19.0463058,47.5695084],[19.0464709,47.5696144],[19.0463802,47.5696787],[19.0463337,47.5696488],[19.0463175,47.5696603],[19.046222,47.5695989],[19.0462404,47.5695858],[19.0462175,47.5695711],[19.0463058,47.5695084]]]},"properties":{"site":"aquincum","name":null,"category":"other","historic":null,"building":"yes","osm_id":331851432}},{"type":"Feature","geometry":{"type":"Polygon","coordinates":[[[19.0458131,47.5690846],[19.0456299,47.5691017],[19.0456499,47.5691993],[19.0457225,47.5691926],[19.0457247,47.5692032],[19.0457673,47.5691993],[19.0457645,47.5691855],[19.0458314,47.5691793],[19.0458131,47.5690846]]]},"properties":{"site":"aquincum","name":null,"category":"other","historic":null,"building":"yes","osm_id":331851433}},{"type":"Feature","geometry":{"type":"Polygon","coordinates":[[[19.0476817,47.569299],[19.047809,47.5692798],[19.0478364,47.5693628],[19.0477008,47.5693832],[19.0476978,47.569374],[19.047595,47.5693895],[19.047568,47.5693078],[19.0476791,47.5692911],[19.0476817,47.569299]]]},"properties":{"site":"aquincum","name":null,"category":"other","historic":null,"building":"yes","osm_id":331851434}},{"type":"Feature","geometry":{"type":"Polygon","coordinates":[[[19.0464025,47.5694526],[19.0465644,47.5693432],[19.0466814,47.569422],[19.0466266,47.569459],[19.0466373,47.5694662],[19.0465773,47.5695067],[19.0465663,47.5694993],[19.0465192,47.5695312],[19.0464025,47.5694526]]]},"properties":{"site":"aquincum","name":null,"category":"other","historic":null,"building":"yes","osm_id":331851435}},{"type":"Feature","geometry":{"type":"Polygon","coordinates":[[[19.044428,47.5700633],[19.0444406,47.5701682],[19.0443302,47.5701742],[19.0443253,47.5701334],[19.0442944,47.570135],[19.0442917,47.5701124],[19.0443744,47.5701078],[19.0443709,47.5700785],[19.0444076,47.5700764],[19.0444061,47.5700645],[19.044428,47.5700633]]]},"properties":{"site":"aquincum","name":null,"category":"other","historic":null,"building":"yes","osm_id":331852901}},{"type":"Feature","geometry":{"type":"Polygon","coordinates":[[[19.0442391,47.5693297],[19.0443659,47.5693203],[19.0443703,47.5693478],[19.0444053,47.5693452],[19.044418,47.5694234],[19.0443828,47.569426],[19.0443848,47.5694384],[19.0442588,47.5694477],[19.0442576,47.5694401],[19.0442054,47.569444],[19.0441919,47.5693609],[19.0442435,47.5693571],[19.0442391,47.5693297]]]},"properties":{"site":"aquincum","name":null,"category":"other","historic":null,"building":"yes","osm_id":331852902}},{"type":"Feature","geometry":{"type":"Polygon","coordinates":[[[19.0449154,47.5691076],[19.0451733,47.5690915],[19.0451781,47.5691267],[19.0452278,47.5691236],[19.0452385,47.5692014],[19.0451871,47.5692046],[19.0451886,47.5692151],[19.0449366,47.5692309],[19.0449353,47.569222],[19.044884,47.5692252],[19.0448733,47.5691477],[19.0449205,47.5691448],[19.0449154,47.5691076]]]},"properties":{"site":"aquincum","name":null,"category":"other","historic":null,"building":"yes","osm_id":331852903}},{"type":"Feature","geometry":{"type":"Polygon","coordinates":[[[19.044943,47.5692757],[19.0452009,47.5692595],[19.0452057,47.5692947],[19.0452554,47.5692916],[19.0452661,47.5693695],[19.0452147,47.5693727],[19.0452162,47.5693831],[19.0449642,47.5693989],[19.044963,47.56939],[19.0449116,47.5693932],[19.0449009,47.5693158],[19.0449481,47.5693128],[19.044943,47.5692757]]]},"properties":{"site":"aquincum","name":null,"category":"other","historic":null,"building":"yes","osm_id":331852904}},{"type":"Feature","geometry":{"type":"Polygon","coordinates":[[[19.044335,47.5702528],[19.04433,47.5702363],[19.0444137,47.5702247],[19.0444289,47.5702746],[19.0444544,47.570271],[19.0444662,47.5703097],[19.0444404,47.5703133],[19.0444506,47.5703466],[19.0443011,47.5703674],[19.0442884,47.5703259],[19.044256,47.5703304],[19.0442453,47.5702953],[19.0442739,47.5702913],[19.0442596,47.5702446],[19.0442774,47.5702421],[19.0442829,47.57026],[19.044335,47.5702528]]]},"properties":{"site":"aquincum","name":null,"category":"other","historic":null,"building":"yes","osm_id":331852905}},{"type":"Feature","geometry":{"type":"Polygon","coordinates":[[[19.0453267,47.5696072],[19.0453267,47.569599],[19.045408,47.5695927],[19.0454195,47.5696684],[19.0453246,47.5696765],[19.0453387,47.5697567],[19.0452687,47.5697623],[19.0452218,47.5697943],[19.045216,47.5697983],[19.0452127,47.5697958],[19.0451666,47.5697617],[19.0451581,47.5697654],[19.0450736,47.5697027],[19.0451415,47.5696574],[19.045198,47.5696942],[19.045212,47.5696969],[19.0451991,47.5696088],[19.0452795,47.5696019],[19.0452806,47.5696098],[19.0453267,47.5696072]]]},"properties":{"site":"aquincum","name":null,"category":"other","historic":null,"building":"yes","osm_id":331852906}},{"type":"Feature","geometry":{"type":"Polygon","coordinates":[[[19.0442765,47.5694993],[19.0442943,47.5696341],[19.0444524,47.5696246],[19.0444346,47.5694898],[19.0442765,47.5694993]]]},"properties":{"site":"aquincum","name":null,"category":"other","historic":null,"building":"yes","osm_id":331852907}},{"type":"Feature","geometry":{"type":"Polygon","coordinates":[[[19.044118,47.568952],[19.0441394,47.5690288],[19.0443098,47.5690072],[19.0442883,47.5689304],[19.044118,47.568952]]]},"properties":{"site":"aquincum","name":null,"category":"other","historic":null,"building":"yes","osm_id":331852908}},{"type":"Feature","geometry":{"type":"Polygon","coordinates":[[[19.0447304,47.5688567],[19.0447565,47.5689436],[19.0449276,47.5689203],[19.0449015,47.5688333],[19.0447304,47.5688567]]]},"properties":{"site":"aquincum","name":null,"category":"other","historic":null,"building":"yes","osm_id":331852909}},{"type":"Feature","geometry":{"type":"Polygon","coordinates":[[[19.045355,47.5703918],[19.0453747,47.570496],[19.0455393,47.5704818],[19.0455196,47.5703776],[19.045355,47.5703918]]]},"properties":{"site":"aquincum","name":null,"category":"other","historic":null,"building":"yes","osm_id":331852910}},{"type":"Feature","geometry":{"type":"Polygon","coordinates":[[[19.0449021,47.5704696],[19.0446782,47.5704889],[19.0446951,47.5705778],[19.044919,47.5705585],[19.0449021,47.5704696]]]},"properties":{"site":"aquincum","name":null,"category":"other","historic":null,"building":"yes","osm_id":331852911}},{"type":"Feature","geometry":{"type":"Polygon","coordinates":[[[19.0445285,47.5688549],[19.044386,47.5688727],[19.0444184,47.568991],[19.0445609,47.5689732],[19.0445285,47.5688549]]]},"properties":{"site":"aquincum","name":null,"category":"other","historic":null,"building":"yes","osm_id":331852912}},{"type":"Feature","geometry":{"type":"Polygon","coordinates":[[[19.0451339,47.5694434],[19.0451527,47.5695567],[19.0453854,47.5695391],[19.0453665,47.5694258],[19.0451339,47.5694434]]]},"properties":{"site":"aquincum","name":null,"category":"other","historic":null,"building":"yes","osm_id":331852913}},{"type":"Feature","geometry":{"type":"Polygon","coordinates":[[[19.0453062,47.5702064],[19.0453198,47.5702722],[19.0454471,47.5702603],[19.0454335,47.5701944],[19.0453062,47.5702064]]]},"properties":{"site":"aquincum","name":null,"category":"other","historic":null,"building":"yes","osm_id":331852914}},{"type":"Feature","geometry":{"type":"Polygon","coordinates":[[[19.0451274,47.5689868],[19.0452258,47.5689784],[19.04522,47.5689476],[19.0452962,47.5689411],[19.0452846,47.5688788],[19.04511,47.5688937],[19.0451274,47.5689868]]]},"properties":{"site":"aquincum","name":null,"category":"other","historic":null,"building":"yes","osm_id":331852915}},{"type":"Feature","geometry":{"type":"Polygon","coordinates":[[[19.0448536,47.5698809],[19.0449204,47.5699284],[19.0448999,47.5699416],[19.044951,47.5699779],[19.044855,47.5700393],[19.0447371,47.5699555],[19.0448536,47.5698809]]]},"properties":{"site":"aquincum","name":null,"category":"other","historic":null,"building":"yes","osm_id":331852916}},{"type":"Feature","geometry":{"type":"Polygon","coordinates":[[[19.0442178,47.5700048],[19.0442312,47.5701157],[19.0442917,47.5701124],[19.0443744,47.5701078],[19.0443709,47.5700785],[19.044361,47.569997],[19.0442178,47.5700048]]]},"properties":{"site":"aquincum","name":null,"category":"other","historic":null,"building":"yes","osm_id":331852917}},{"type":"Feature","geometry":{"type":"Polygon","coordinates":[[[19.0445336,47.5697052],[19.0444718,47.5697099],[19.0444736,47.569721],[19.0443312,47.5697318],[19.0443445,47.5698117],[19.0445487,47.5697963],[19.0445336,47.5697052]]]},"properties":{"site":"aquincum","name":null,"category":"other","historic":null,"building":"yes","osm_id":331852918}},{"type":"Feature","geometry":{"type":"Polygon","coordinates":[[[19.0443166,47.569153],[19.0444738,47.5691436],[19.0444882,47.5692527],[19.0442941,47.5692644],[19.0442865,47.5692072],[19.0443234,47.569205],[19.0443166,47.569153]]]},"properties":{"site":"aquincum","name":null,"category":"other","historic":null,"building":"yes","osm_id":331852919}},{"type":"Feature","geometry":{"type":"Polygon","coordinates":[[[19.0450632,47.5702798],[19.0451051,47.5703179],[19.0451356,47.5703456],[19.0450838,47.5703715],[19.045102,47.5703881],[19.0450414,47.5704184],[19.0449508,47.5703361],[19.0450632,47.5702798]]]},"properties":{"site":"aquincum","name":null,"category":"other","historic":null,"building":"yes","osm_id":331852920}},{"type":"Feature","geometry":{"type":"Polygon","coordinates":[[[19.0451429,47.5698422],[19.0451717,47.5698622],[19.045203,47.569884],[19.0452798,47.5698334],[19.0452218,47.5697943],[19.045216,47.5697983],[19.0452127,47.5697958],[19.0451429,47.5698422]]]},"properties":{"site":"aquincum","name":null,"category":"other","historic":null,"building":"yes","osm_id":331852921}},{"type":"Feature","geometry":{"type":"Polygon","coordinates":[[[19.0446581,47.570071],[19.0447508,47.5701357],[19.0446342,47.5702118],[19.0446246,47.5702052],[19.0445996,47.5702215],[19.0445061,47.5701562],[19.044537,47.5701361],[19.0445473,47.5701433],[19.0446581,47.570071]]]},"properties":{"site":"aquincum","name":null,"category":"other","historic":null,"building":"yes","osm_id":331852922}},{"type":"Feature","geometry":{"type":"Polygon","coordinates":[[[19.0450337,47.5697694],[19.0451429,47.5698422],[19.0451717,47.5698622],[19.0450525,47.5699395],[19.0449168,47.5698493],[19.0449549,47.5698236],[19.044947,47.5698186],[19.0449894,47.5697881],[19.0449972,47.5697944],[19.0450337,47.5697694]]]},"properties":{"site":"aquincum","name":null,"category":"other","historic":null,"building":"yes","osm_id":331852923}},{"type":"Feature","geometry":{"type":"Polygon","coordinates":[[[19.0476309,47.573272],[19.0473623,47.5733014],[19.0473325,47.5731776],[19.0474438,47.5731654],[19.0474476,47.5731814],[19.047611,47.5731635],[19.0476221,47.5732096],[19.0476413,47.5732075],[19.0476533,47.5732575],[19.047628,47.5732603],[19.0476309,47.573272]]]},"properties":{"site":"aquincum","name":null,"category":"other","historic":null,"building":"yes","osm_id":332028159}},{"type":"Feature","geometry":{"type":"Polygon","coordinates":[[[19.0462422,47.5725662],[19.0462539,47.5725644],[19.046258,47.5725765],[19.0462867,47.572572],[19.0462828,47.5725603],[19.046316,47.5725552],[19.0463203,47.5725678],[19.0463411,47.5725646],[19.0463679,47.5726432],[19.0462733,47.5726578],[19.0462422,47.5725662]]]},"properties":{"site":"aquincum","name":null,"category":"other","historic":null,"building":"yes","osm_id":332028160}},{"type":"Feature","geometry":{"type":"Polygon","coordinates":[[[19.0477672,47.5724879],[19.0474101,47.5725436],[19.0474456,47.572647],[19.0475085,47.5726372],[19.0475165,47.5726603],[19.0476011,47.5726471],[19.0475932,47.572624],[19.0476565,47.5726141],[19.047665,47.5726387],[19.0477504,47.5726254],[19.0477419,47.5726008],[19.0478026,47.5725913],[19.0477672,47.5724879]]]},"properties":{"site":"aquincum","name":null,"category":"other","historic":null,"building":"yes","osm_id":332028161}},{"type":"Feature","geometry":{"type":"Polygon","coordinates":[[[19.0466308,47.5723545],[19.0466273,47.5723445],[19.0468084,47.5723153],[19.0468106,47.5723214],[19.0468478,47.5723154],[19.0468598,47.5723494],[19.0468176,47.5723562],[19.046831,47.572394],[19.0466575,47.572422],[19.0466555,47.5724164],[19.0465975,47.5724257],[19.0465754,47.5723634],[19.0466308,47.5723545]]]},"properties":{"site":"aquincum","name":null,"category":"other","historic":null,"building":"yes","osm_id":332028162}},{"type":"Feature","geometry":{"type":"Polygon","coordinates":[[[19.0460313,47.5715122],[19.0461521,47.5715017],[19.0461542,47.5715129],[19.0462046,47.5715085],[19.0462269,47.571625],[19.046174,47.5716296],[19.0461763,47.5716418],[19.0460554,47.5716524],[19.0460476,47.5716119],[19.0460567,47.5716111],[19.0460456,47.5715534],[19.0460393,47.571554],[19.0460313,47.5715122]]]},"properties":{"site":"aquincum","name":null,"category":"other","historic":null,"building":"yes","osm_id":332028163}},{"type":"Feature","geometry":{"type":"Polygon","coordinates":[[[19.0472455,47.5725689],[19.0468885,47.5726246],[19.046924,47.572728],[19.0469869,47.5727182],[19.0469976,47.5727495],[19.0470822,47.5727363],[19.0470715,47.572705],[19.0471349,47.5726951],[19.0471453,47.5727256],[19.0472307,47.5727122],[19.0472203,47.5726818],[19.047281,47.5726723],[19.0472455,47.5725689]]]},"properties":{"site":"aquincum","name":null,"category":"other","historic":null,"building":"yes","osm_id":332028164}},{"type":"Feature","geometry":{"type":"Polygon","coordinates":[[[19.047598,47.5721776],[19.0476244,47.5722468],[19.0474482,47.5722774],[19.0474374,47.572249],[19.0473498,47.5722642],[19.0473291,47.5722099],[19.0474207,47.572194],[19.0474259,47.5722076],[19.0474646,47.5722009],[19.047462,47.5721939],[19.0475089,47.5721858],[19.0475115,47.5721926],[19.047598,47.5721776]]]},"properties":{"site":"aquincum","name":null,"category":"other","historic":null,"building":"yes","osm_id":332028165}},{"type":"Feature","geometry":{"type":"Polygon","coordinates":[[[19.0473918,47.5729875],[19.0474279,47.5729476],[19.0475116,47.5729821],[19.0474244,47.5730785],[19.0473549,47.5730499],[19.047321,47.5730873],[19.0472471,47.5730569],[19.0472044,47.5731041],[19.0471206,47.5730696],[19.0471935,47.572989],[19.0472024,47.5729791],[19.0472754,47.5730092],[19.0473213,47.5729585],[19.0473918,47.5729875]]]},"properties":{"site":"aquincum","name":null,"category":"other","historic":null,"building":"yes","osm_id":332028166}},{"type":"Feature","geometry":{"type":"Polygon","coordinates":[[[19.0473869,47.5727952],[19.0474263,47.5727525],[19.0475053,47.5727857],[19.0474174,47.5728808],[19.0473492,47.5728522],[19.0473144,47.5728898],[19.0472415,47.5728592],[19.0471977,47.5729066],[19.0471139,47.5728714],[19.0471877,47.5727915],[19.0471958,47.5727827],[19.0472748,47.572816],[19.04732,47.572767],[19.0473869,47.5727952]]]},"properties":{"site":"aquincum","name":null,"category":"other","historic":null,"building":"yes","osm_id":332028167}},{"type":"Feature","geometry":{"type":"Polygon","coordinates":[[[19.046619,47.5731041],[19.0466551,47.5730642],[19.0467388,47.5730987],[19.0466516,47.5731951],[19.046582,47.5731665],[19.0465482,47.5732039],[19.0464743,47.5731735],[19.0464316,47.5732207],[19.0463478,47.5731862],[19.0464207,47.5731056],[19.0464296,47.5730957],[19.0465026,47.5731258],[19.0465484,47.5730751],[19.046619,47.5731041]]]},"properties":{"site":"aquincum","name":null,"category":"other","historic":null,"building":"yes","osm_id":332028168}},{"type":"Feature","geometry":{"type":"Polygon","coordinates":[[[19.0465834,47.5729269],[19.0466186,47.5728875],[19.0467024,47.5729216],[19.0466158,47.5730183],[19.0465456,47.5729897],[19.0465122,47.5730271],[19.0464378,47.5729968],[19.0463957,47.5730439],[19.0463093,47.5730086],[19.0463818,47.5729276],[19.0463959,47.5729119],[19.0464665,47.5729407],[19.0465067,47.5728957],[19.0465834,47.5729269]]]},"properties":{"site":"aquincum","name":null,"category":"other","historic":null,"building":"yes","osm_id":332028169}},{"type":"Feature","geometry":{"type":"Polygon","coordinates":[[[19.0463443,47.5725495],[19.0463773,47.5726426],[19.0465119,47.5726209],[19.0465104,47.5726167],[19.0465311,47.5726134],[19.0465038,47.5725366],[19.0464855,47.5725396],[19.046481,47.572527],[19.0464435,47.5725331],[19.0464453,47.5725382],[19.0464195,47.5725423],[19.0464177,47.5725373],[19.0464074,47.5725389],[19.0464095,47.5725447],[19.0463815,47.5725493],[19.0463795,47.5725438],[19.0463443,47.5725495]]]},"properties":{"site":"aquincum","name":null,"category":"other","historic":null,"building":"yes","osm_id":332028170}},{"type":"Feature","geometry":{"type":"Polygon","coordinates":[[[19.0463113,47.5727349],[19.046341,47.57282],[19.0464011,47.5728104],[19.0464113,47.5728395],[19.046477,47.5728291],[19.0464673,47.5728013],[19.0465454,47.5727889],[19.0465549,47.5728163],[19.0466234,47.5728055],[19.0466132,47.572776],[19.0466745,47.5727662],[19.0466451,47.5726818],[19.0465172,47.5727021],[19.0465245,47.572723],[19.0464513,47.5727346],[19.0464441,47.5727138],[19.0463113,47.5727349]]]},"properties":{"site":"aquincum","name":null,"category":"other","historic":null,"building":"yes","osm_id":332028171}},{"type":"Feature","geometry":{"type":"Polygon","coordinates":[[[19.0462397,47.571151],[19.0459872,47.571169],[19.0460031,47.5712699],[19.0462555,47.5712519],[19.0462397,47.571151]]]},"properties":{"site":"aquincum","name":null,"category":"other","historic":null,"building":"yes","osm_id":332028172}},{"type":"Feature","geometry":{"type":"Polygon","coordinates":[[[19.0461437,47.5713557],[19.0460113,47.5713628],[19.0460225,47.5714584],[19.0461549,47.5714514],[19.0461437,47.5713557]]]},"properties":{"site":"aquincum","name":null,"category":"other","historic":null,"building":"yes","osm_id":332028173}},{"type":"Feature","geometry":{"type":"Polygon","coordinates":[[[19.0461413,47.5708797],[19.0461495,47.570928],[19.0462413,47.570921],[19.0462331,47.5708726],[19.0461413,47.5708797]]]},"properties":{"site":"aquincum","name":null,"category":"other","historic":null,"building":"yes","osm_id":332028174}},{"type":"Feature","geometry":{"type":"Polygon","coordinates":[[[19.0463382,47.5721633],[19.0461687,47.5721911],[19.0462045,47.5722905],[19.046374,47.5722628],[19.0463382,47.5721633]]]},"properties":{"site":"aquincum","name":null,"category":"other","historic":null,"building":"yes","osm_id":332028175}},{"type":"Feature","geometry":{"type":"Polygon","coordinates":[[[19.0473208,47.5715875],[19.0471469,47.5716206],[19.0471833,47.5717076],[19.0473571,47.5716745],[19.0473208,47.5715875]]]},"properties":{"site":"aquincum","name":null,"category":"other","historic":null,"building":"yes","osm_id":332028176}},{"type":"Feature","geometry":{"type":"Polygon","coordinates":[[[19.047541,47.5723897],[19.0475663,47.5724703],[19.0477092,47.5724499],[19.0476838,47.5723693],[19.047541,47.5723897]]]},"properties":{"site":"aquincum","name":null,"category":"other","historic":null,"building":"yes","osm_id":332028177}},{"type":"Feature","geometry":{"type":"Polygon","coordinates":[[[19.0476612,47.5721381],[19.0476764,47.5721783],[19.0477845,47.5721598],[19.0477693,47.5721195],[19.0476612,47.5721381]]]},"properties":{"site":"aquincum","name":null,"category":"other","historic":null,"building":"yes","osm_id":332028178}},{"type":"Feature","geometry":{"type":"Polygon","coordinates":[[[19.0468479,47.5718787],[19.0466565,47.5719099],[19.0466904,47.5720047],[19.0468818,47.5719736],[19.0468479,47.5718787]]]},"properties":{"site":"aquincum","name":null,"category":"other","historic":null,"building":"yes","osm_id":332028179}},{"type":"Feature","geometry":{"type":"Polygon","coordinates":[[[19.0465824,47.5721214],[19.0466113,47.5722112],[19.0468015,47.5721833],[19.0467726,47.5720935],[19.0465824,47.5721214]]]},"properties":{"site":"aquincum","name":null,"category":"other","historic":null,"building":"yes","osm_id":332028180}},{"type":"Feature","geometry":{"type":"Polygon","coordinates":[[[19.0470599,47.5731659],[19.0468716,47.5731971],[19.046891,47.5732504],[19.0470793,47.5732192],[19.0470599,47.5731659]]]},"properties":{"site":"aquincum","name":null,"category":"other","historic":null,"building":"yes","osm_id":332028181}},{"type":"Feature","geometry":{"type":"Polygon","coordinates":[[[19.0462927,47.5719588],[19.0461313,47.5719864],[19.0461675,47.5720827],[19.0463289,47.5720551],[19.0462927,47.5719588]]]},"properties":{"site":"aquincum","name":null,"category":"other","historic":null,"building":"yes","osm_id":332028182}},{"type":"Feature","geometry":{"type":"Polygon","coordinates":[[[19.046207,47.5713822],[19.0462174,47.5714502],[19.046326,47.5714427],[19.0463156,47.5713746],[19.046207,47.5713822]]]},"properties":{"site":"aquincum","name":null,"category":"other","historic":null,"building":"yes","osm_id":332028183}},{"type":"Feature","geometry":{"type":"Polygon","coordinates":[[[19.047321,47.5713847],[19.0471522,47.5714067],[19.0471778,47.5714962],[19.0473467,47.5714742],[19.047321,47.5713847]]]},"properties":{"site":"aquincum","name":null,"category":"other","historic":null,"building":"yes","osm_id":332028184}},{"type":"Feature","geometry":{"type":"Polygon","coordinates":[[[19.0471846,47.570807],[19.0470951,47.5708223],[19.0471362,47.5709316],[19.0472257,47.5709162],[19.0471846,47.570807]]]},"properties":{"site":"aquincum","name":null,"category":"other","historic":null,"building":"yes","osm_id":332028185}},{"type":"Feature","geometry":{"type":"Polygon","coordinates":[[[19.0464263,47.5719674],[19.0463294,47.5719828],[19.0463496,47.5720407],[19.0464465,47.5720252],[19.0464263,47.5719674]]]},"properties":{"site":"aquincum","name":null,"category":"other","historic":null,"building":"yes","osm_id":332028186}},{"type":"Feature","geometry":{"type":"Polygon","coordinates":[[[19.0473721,47.5719946],[19.04759,47.5719601],[19.0476273,47.5720676],[19.0473797,47.5721068],[19.0473491,47.5720189],[19.0473789,47.5720142],[19.0473721,47.5719946]]]},"properties":{"site":"aquincum","name":null,"category":"other","historic":null,"building":"yes","osm_id":332028187}},{"type":"Feature","geometry":{"type":"Polygon","coordinates":[[[19.0465363,47.570807],[19.0465158,47.5706945],[19.0463577,47.5707076],[19.0463771,47.570814],[19.0464411,47.5708087],[19.0464422,47.5708148],[19.0465363,47.570807]]]},"properties":{"site":"aquincum","name":null,"category":"other","historic":null,"building":"yes","osm_id":332028188}},{"type":"Feature","geometry":{"type":"Polygon","coordinates":[[[19.0465044,47.5725232],[19.046539,47.5726171],[19.0466154,47.5726043],[19.0465806,47.5725099],[19.0465698,47.5725117],[19.0465716,47.5725165],[19.046547,47.5725207],[19.0465454,47.5725164],[19.0465044,47.5725232]]]},"properties":{"site":"aquincum","name":null,"category":"other","historic":null,"building":"yes","osm_id":332028189}},{"type":"Feature","geometry":{"type":"Polygon","coordinates":[[[19.0469894,47.5711784],[19.0470209,47.5712777],[19.0473014,47.5712371],[19.0473,47.5712325],[19.0473521,47.571225],[19.0473283,47.5711501],[19.0472762,47.5711577],[19.0472699,47.5711378],[19.0469894,47.5711784]]]},"properties":{"site":"aquincum","name":null,"category":"other","historic":null,"building":"yes","osm_id":332028190}},{"type":"Feature","geometry":{"type":"Polygon","coordinates":[[[19.0466927,47.5708369],[19.0469409,47.5708017],[19.0469715,47.5709002],[19.0468893,47.5709119],[19.0468844,47.5708959],[19.0468035,47.5709074],[19.046809,47.5709249],[19.0467239,47.570937],[19.0466927,47.5708369]]]},"properties":{"site":"aquincum","name":null,"category":"other","historic":null,"building":"yes","osm_id":332028191}},{"type":"Feature","geometry":{"type":"Polygon","coordinates":[[[19.0466389,47.5732704],[19.0466529,47.5733473],[19.04641,47.5733674],[19.046396,47.5732901],[19.0465019,47.5732813],[19.0464986,47.5732629],[19.0465448,47.5732591],[19.0465483,47.5732779],[19.0466389,47.5732704]]]},"properties":{"site":"aquincum","name":null,"category":"other","historic":null,"building":"yes","osm_id":332028192}},{"type":"Feature","geometry":{"type":"Polygon","coordinates":[[[19.0468476,47.5710076],[19.0469718,47.5709909],[19.0470022,47.5710943],[19.0468849,47.57111],[19.0468897,47.5711263],[19.0468028,47.571138],[19.0467721,47.5710339],[19.0468522,47.5710231],[19.0468476,47.5710076]]]},"properties":{"site":"aquincum","name":null,"category":"other","historic":null,"building":"yes","osm_id":332028193}},{"type":"Feature","geometry":{"type":"Polygon","coordinates":[[[19.0471273,47.5733332],[19.0472548,47.5733229],[19.0472345,47.5732084],[19.0471054,47.5732188],[19.0471067,47.5732259],[19.0470748,47.5732284],[19.0470934,47.5733328],[19.0471267,47.5733301],[19.0471273,47.5733332]]]},"properties":{"site":"aquincum","name":null,"category":"other","historic":null,"building":"yes","osm_id":332028195}},{"type":"Feature","geometry":{"type":"Polygon","coordinates":[[[19.046752,47.5706431],[19.0468546,47.5706255],[19.0468581,47.5706348],[19.0469257,47.5706232],[19.0469285,47.5706308],[19.0470233,47.5706145],[19.0470587,47.5707087],[19.0467938,47.5707542],[19.046752,47.5706431]]]},"properties":{"site":"aquincum","name":null,"category":"other","historic":null,"building":"yes","osm_id":332028196}},{"type":"Feature","geometry":{"type":"Polygon","coordinates":[[[19.0472888,47.5709355],[19.047413,47.5709188],[19.0474435,47.5710222],[19.0473261,47.5710379],[19.0473309,47.5710542],[19.047244,47.5710659],[19.0472133,47.5709618],[19.0472934,47.570951],[19.0472888,47.5709355]]]},"properties":{"site":"aquincum","name":null,"category":"other","historic":null,"building":"yes","osm_id":332028197}},{"type":"Feature","geometry":{"type":"Polygon","coordinates":[[[19.0460226,47.570798],[19.046113,47.5707911],[19.0461339,47.5709147],[19.0460366,47.5709221],[19.0460321,47.5708957],[19.0459379,47.5709029],[19.0459169,47.570779],[19.0460181,47.5707712],[19.0460226,47.570798]]]},"properties":{"site":"aquincum","name":null,"category":"other","historic":null,"building":"yes","osm_id":332028198}},{"type":"Feature","geometry":{"type":"Polygon","coordinates":[[[19.0463751,47.5723905],[19.046429,47.5723827],[19.0464496,47.5724473],[19.0462325,47.5724788],[19.0461961,47.5723643],[19.0462787,47.5723523],[19.0462831,47.5723661],[19.0463636,47.5723544],[19.0463751,47.5723905]]]},"properties":{"site":"aquincum","name":null,"category":"other","historic":null,"building":"yes","osm_id":332028199}},{"type":"Feature","geometry":{"type":"Polygon","coordinates":[[[19.0461635,47.5717439],[19.0461717,47.5717328],[19.0462391,47.5717245],[19.0462579,47.5717345],[19.0462748,47.5717827],[19.0462667,47.5717923],[19.0462832,47.5718375],[19.0461055,47.5718671],[19.0460664,47.57176],[19.0461635,47.5717439]]]},"properties":{"site":"aquincum","name":null,"category":"other","historic":null,"building":"yes","osm_id":332028200}},{"type":"Feature","geometry":{"type":"Polygon","coordinates":[[[19.0458564,47.5735616],[19.0455772,47.573584],[19.0455923,47.5736695],[19.0455308,47.5736751],[19.0455416,47.5737366],[19.0456778,47.5737242],[19.045682,47.5737454],[19.0458204,47.5737328],[19.0458162,47.5737116],[19.0458816,47.5737057],[19.0458564,47.5735616]]]},"properties":{"site":"aquincum","name":null,"category":"other","historic":null,"building":"yes","osm_id":332056427}},{"type":"Feature","geometry":{"type":"Polygon","coordinates":[[[19.0472656,47.574247],[19.0472761,47.5743148],[19.0475229,47.5742976],[19.0475211,47.5742857],[19.0475005,47.5742872],[19.0474915,47.5742283],[19.0474995,47.5742278],[19.0474889,47.574159],[19.0473063,47.5741718],[19.0473173,47.5742434],[19.0472656,47.574247]]]},"properties":{"site":"aquincum","name":null,"category":"other","historic":null,"building":"yes","osm_id":332056428}},{"type":"Feature","geometry":{"type":"Polygon","coordinates":[[[19.0454046,47.5729043],[19.0454901,47.572891],[19.0454935,47.5729011],[19.0455441,47.5728932],[19.0455453,47.5728968],[19.0455944,47.5728892],[19.0455887,47.5728726],[19.0456738,47.5728593],[19.0457098,47.5729645],[19.0454397,47.5730067],[19.0454046,47.5729043]]]},"properties":{"site":"aquincum","name":null,"category":"other","historic":null,"building":"yes","osm_id":332056429}},{"type":"Feature","geometry":{"type":"Polygon","coordinates":[[[19.0456333,47.5709819],[19.0454769,47.570996],[19.0454784,47.5710031],[19.045338,47.5710157],[19.045314,47.570894],[19.0454254,47.570884],[19.0454244,47.570879],[19.0455151,47.5708709],[19.0455246,47.5709195],[19.0456193,47.570911],[19.0456333,47.5709819]]]},"properties":{"site":"aquincum","name":null,"category":"other","historic":null,"building":"yes","osm_id":332056430}},{"type":"Feature","geometry":{"type":"Polygon","coordinates":[[[19.0452546,47.5745818],[19.0452682,47.5746181],[19.0453405,47.5746058],[19.0453804,47.5747127],[19.0452234,47.5747393],[19.0451944,47.5746617],[19.0451823,47.5746638],[19.045169,47.574628],[19.0451882,47.5746248],[19.0451771,47.574595],[19.0452546,47.5745818]]]},"properties":{"site":"aquincum","name":null,"category":"other","historic":null,"building":"yes","osm_id":332056433}},{"type":"Feature","geometry":{"type":"Polygon","coordinates":[[[19.0466367,47.5743991],[19.0466445,47.5744503],[19.0466824,47.5744477],[19.0466911,47.5745053],[19.0466673,47.5745069],[19.0466748,47.5745568],[19.046903,47.5745412],[19.0468899,47.5744547],[19.0468224,47.5744593],[19.0468116,47.5743871],[19.0466367,47.5743991]]]},"properties":{"site":"aquincum","name":null,"category":"other","historic":null,"building":"yes","osm_id":332056434}},{"type":"Feature","geometry":{"type":"Polygon","coordinates":[[[19.0455812,47.5714069],[19.0455353,47.57141],[19.0455517,47.5715102],[19.045725,47.5714973],[19.0457086,47.5713967],[19.0456607,47.5714002],[19.0456581,47.5713867],[19.0456362,47.5713823],[19.0456229,47.5713812],[19.045603,47.5713847],[19.0455795,47.5713957],[19.0455812,47.5714069]]]},"properties":{"site":"aquincum","name":null,"category":"other","historic":null,"building":"yes","osm_id":332056437}},{"type":"Feature","geometry":{"type":"Polygon","coordinates":[[[19.0471084,47.5739231],[19.047137,47.5740939],[19.0471217,47.5740952],[19.0471263,47.5741221],[19.0470304,47.5741293],[19.0470248,47.5741],[19.0469936,47.5740866],[19.0469727,47.573961],[19.0469988,47.573941],[19.0470416,47.5739393],[19.0470589,47.5739256],[19.0471084,47.5739231]]]},"properties":{"site":"aquincum","name":null,"category":"other","historic":null,"building":"yes","osm_id":332056438}},{"type":"Feature","geometry":{"type":"Polygon","coordinates":[[[19.0455961,47.573043],[19.0458132,47.5730093],[19.0458344,47.5730712],[19.045763,47.5730823],[19.0457823,47.5731387],[19.0455816,47.57317],[19.0455657,47.5731235],[19.0455483,47.5731262],[19.0455436,47.5731124],[19.0456288,47.5730991],[19.0456143,47.5730568],[19.0456015,47.5730588],[19.0455961,47.573043]]]},"properties":{"site":"aquincum","name":null,"category":"other","historic":null,"building":"yes","osm_id":332056440}},{"type":"Feature","geometry":{"type":"Polygon","coordinates":[[[19.0461726,47.5744867],[19.0461061,47.5744963],[19.0461039,47.5744895],[19.0460234,47.5745011],[19.0460264,47.5745106],[19.0459565,47.5745207],[19.0459823,47.574602],[19.0460622,47.5745904],[19.0460663,47.5746036],[19.0461198,47.5745959],[19.0461152,47.5745814],[19.0461988,47.5745693],[19.0461726,47.5744867]]]},"properties":{"site":"aquincum","name":null,"category":"other","historic":null,"building":"yes","osm_id":332056441}},{"type":"Feature","geometry":{"type":"Polygon","coordinates":[[[19.0445328,47.571938],[19.0446351,47.5719334],[19.0446334,47.5719163],[19.0446535,47.5719154],[19.0446526,47.5719066],[19.0447449,47.5719025],[19.0447462,47.5719159],[19.0447994,47.5719136],[19.0448108,47.5720303],[19.0447566,47.5720327],[19.0447581,47.5720482],[19.0445445,47.5720576],[19.0445328,47.571938]]]},"properties":{"site":"aquincum","name":"Aquincum étterem","category":"other","historic":null,"building":"detached","osm_id":332056442}},{"type":"Feature","geometry":{"type":"Polygon","coordinates":[[[19.04559,47.5722842],[19.0456406,47.5722765],[19.0456377,47.5722677],[19.0457364,47.5722525],[19.045739,47.5722602],[19.0457865,47.5722529],[19.0458174,47.5723446],[19.0457736,47.5723513],[19.0457768,47.5723608],[19.0456741,47.5723765],[19.0456716,47.5723692],[19.0456213,47.5723769],[19.04559,47.5722842]]]},"properties":{"site":"aquincum","name":null,"category":"other","historic":null,"building":"yes","osm_id":332056443}},{"type":"Feature","geometry":{"type":"Polygon","coordinates":[[[19.0451702,47.5723023],[19.0452126,47.5722985],[19.0452304,47.5723088],[19.0452876,47.5723026],[19.0452814,47.5722555],[19.0453243,47.5722531],[19.0453309,47.5722995],[19.0453916,47.5722937],[19.0454039,47.5722789],[19.0454478,47.5722754],[19.0454646,47.5723928],[19.0451912,47.5724165],[19.0451702,47.5723023]]]},"properties":{"site":"aquincum","name":null,"category":"other","historic":null,"building":"yes","osm_id":332056445}},{"type":"Feature","geometry":{"type":"Polygon","coordinates":[[[19.0452636,47.5748409],[19.0452839,47.5749203],[19.0452661,47.5749224],[19.0452761,47.5749616],[19.045283,47.5749608],[19.0453015,47.5750335],[19.0454117,47.5750207],[19.0453933,47.5749486],[19.0454057,47.5749471],[19.0454002,47.5749259],[19.0454387,47.5749214],[19.0454088,47.5748042],[19.0453312,47.5748132],[19.0453362,47.5748324],[19.0452636,47.5748409]]]},"properties":{"site":"aquincum","name":null,"category":"other","historic":null,"building":"yes","osm_id":332056448}},{"type":"Feature","geometry":{"type":"Polygon","coordinates":[[[19.0451926,47.5719935],[19.0451718,47.5718986],[19.0451984,47.5718959],[19.0451881,47.5718487],[19.0452728,47.5718402],[19.045269,47.5718227],[19.045374,47.5718122],[19.0453843,47.5718593],[19.045394,47.5718583],[19.0454079,47.5719217],[19.0453668,47.5719258],[19.0453743,47.5719601],[19.0453561,47.5719619],[19.0453594,47.5719769],[19.0451926,47.5719935]]]},"properties":{"site":"aquincum","name":null,"category":"other","historic":null,"building":"yes","osm_id":332056449}},{"type":"Feature","geometry":{"type":"Polygon","coordinates":[[[19.0450131,47.5723419],[19.0450141,47.5723515],[19.04506,47.5723487],[19.0450646,47.5723787],[19.0451003,47.5723945],[19.0450723,47.5724231],[19.0450774,47.572451],[19.0449203,47.5724654],[19.0449157,47.5724369],[19.0448703,47.5724152],[19.044907,47.572389],[19.0449024,47.5723608],[19.0449468,47.572357],[19.0449442,47.572346],[19.0450131,47.5723419]]]},"properties":{"site":"aquincum","name":null,"category":"other","historic":null,"building":"yes","osm_id":332056450}},{"type":"Feature","geometry":{"type":"Polygon","coordinates":[[[19.0453827,47.5715774],[19.0456424,47.5715584],[19.0456467,47.5715929],[19.0456583,47.5715983],[19.0456655,47.5716105],[19.0456662,47.5716241],[19.0456633,47.5716333],[19.0456554,47.5716397],[19.0456597,47.5716713],[19.0453985,47.5716898],[19.0453942,47.5716523],[19.0453754,47.5716445],[19.0453675,47.5716333],[19.0453704,47.5716236],[19.0453762,47.5716139],[19.0453864,47.5716065],[19.0453827,47.5715774]]]},"properties":{"site":"aquincum","name":null,"category":"other","historic":null,"building":"yes","osm_id":332056451}},{"type":"Feature","geometry":{"type":"Polygon","coordinates":[[[19.0466056,47.5737488],[19.0466166,47.5737603],[19.0466212,47.5737909],[19.0466069,47.5738012],[19.0465775,47.5738049],[19.0465994,47.573963],[19.0464521,47.5739723],[19.046447,47.5739358],[19.0464603,47.573935],[19.0464547,47.573895],[19.0464375,47.573896],[19.0464339,47.5738695],[19.0464147,47.5738707],[19.0464105,47.5738403],[19.0464292,47.5738391],[19.0464284,47.5738337],[19.0464445,47.5738327],[19.0464391,47.5737942],[19.0464101,47.573796],[19.0464054,47.5737622],[19.046418,47.5737614],[19.0464173,47.573756],[19.0465655,47.5737466],[19.0465661,47.5737509],[19.0466056,47.5737488]]]},"properties":{"site":"aquincum","name":null,"category":"other","historic":null,"building":"yes","osm_id":332056452}},{"type":"Feature","geometry":{"type":"Polygon","coordinates":[[[19.0449564,47.5718423],[19.044815,47.5719625],[19.0448814,47.5719956],[19.0448936,47.5720467],[19.0449485,47.5720413],[19.044947,47.5720228],[19.0449694,47.5720336],[19.0449852,47.5720194],[19.0449968,47.5720228],[19.0450119,47.5720233],[19.0450293,47.5720199],[19.0450354,47.572018],[19.0450437,47.5720221],[19.0450953,47.5719766],[19.0450834,47.5719671],[19.045087,47.5719642],[19.0450924,47.5719574],[19.0450935,47.5719525],[19.0450913,47.5719462],[19.0450859,47.5719428],[19.0450834,47.5719401],[19.0450881,47.5719301],[19.0450415,47.5719099],[19.0450581,47.5718946],[19.0449564,47.5718423]]]},"properties":{"site":"aquincum","name":null,"category":"other","historic":null,"building":"yes","osm_id":332056453}},{"type":"Feature","geometry":{"type":"Polygon","coordinates":[[[19.0460517,47.5738203],[19.0457336,47.5738469],[19.0457516,47.573945],[19.0459466,47.5739286],[19.0459546,47.573972],[19.0459264,47.5739744],[19.04593,47.5739939],[19.0459038,47.5739961],[19.0459081,47.5740196],[19.0459308,47.5740177],[19.0459359,47.5740451],[19.04591,47.5740472],[19.0459146,47.574072],[19.0459405,47.5740699],[19.0459458,47.5740986],[19.0459207,47.5741007],[19.0459244,47.5741208],[19.0459495,47.5741187],[19.0459552,47.5741497],[19.0459283,47.5741519],[19.0459307,47.5741652],[19.0459557,47.5741631],[19.0459628,47.5742019],[19.0459388,47.5742039],[19.0459431,47.574227],[19.0459679,47.5742249],[19.0459713,47.5742431],[19.0461237,47.5742304],[19.0460621,47.5738954],[19.0460833,47.5738936],[19.046074,47.5738429],[19.0460562,47.5738444],[19.0460517,47.5738203]]]},"properties":{"site":"aquincum","name":null,"category":"other","historic":null,"building":"yes","osm_id":332056454}},{"type":"Feature","geometry":{"type":"Polygon","coordinates":[[[19.0452564,47.5736648],[19.0449895,47.5736892],[19.0450089,47.573786],[19.0452758,47.5737617],[19.0452564,47.5736648]]]},"properties":{"site":"aquincum","name":null,"category":"other","historic":null,"building":"yes","osm_id":332056455}},{"type":"Feature","geometry":{"type":"Polygon","coordinates":[[[19.0453724,47.5724957],[19.045411,47.5725959],[19.0456693,47.5725506],[19.0456307,47.5724505],[19.0453724,47.5724957]]]},"properties":{"site":"aquincum","name":null,"category":"other","historic":null,"building":"yes","osm_id":332056456}},{"type":"Feature","geometry":{"type":"Polygon","coordinates":[[[19.0455746,47.5743802],[19.0456115,47.5744938],[19.045714,47.5744787],[19.0456772,47.574365],[19.0455746,47.5743802]]]},"properties":{"site":"aquincum","name":null,"category":"other","historic":null,"building":"yes","osm_id":332056457}},{"type":"Feature","geometry":{"type":"Polygon","coordinates":[[[19.0444467,47.5708242],[19.0443363,47.5708312],[19.044349,47.5709217],[19.0444593,47.5709147],[19.0444467,47.5708242]]]},"properties":{"site":"aquincum","name":null,"category":"other","historic":null,"building":"yes","osm_id":332056459}},{"type":"Feature","geometry":{"type":"Polygon","coordinates":[[[19.046714,47.5741921],[19.0467259,47.5742902],[19.0468881,47.5742812],[19.0468762,47.5741831],[19.046714,47.5741921]]]},"properties":{"site":"aquincum","name":null,"category":"other","historic":null,"building":"yes","osm_id":332056460}},{"type":"Feature","geometry":{"type":"Polygon","coordinates":[[[19.0460373,47.573445],[19.0458953,47.5734551],[19.0459239,47.5736375],[19.0460659,47.5736274],[19.0460373,47.573445]]]},"properties":{"site":"aquincum","name":null,"category":"other","historic":null,"building":"yes","osm_id":332056463}},{"type":"Feature","geometry":{"type":"Polygon","coordinates":[[[19.0454817,47.5710743],[19.0454968,47.5711711],[19.0456667,47.571159],[19.0456516,47.5710623],[19.0454817,47.5710743]]]},"properties":{"site":"aquincum","name":null,"category":"other","historic":null,"building":"yes","osm_id":332056464}},{"type":"Feature","geometry":{"type":"Polygon","coordinates":[[[19.0452214,47.5738865],[19.0452391,47.5739875],[19.0456489,47.5739549],[19.0456312,47.5738538],[19.0452214,47.5738865]]]},"properties":{"site":"aquincum","name":null,"category":"other","historic":null,"building":"yes","osm_id":332056465}},{"type":"Feature","geometry":{"type":"Polygon","coordinates":[[[19.0461145,47.5748906],[19.046219,47.5748854],[19.046208,47.5747835],[19.0461034,47.5747886],[19.0461145,47.5748906]]]},"properties":{"site":"aquincum","name":null,"category":"other","historic":null,"building":"yes","osm_id":332056466}},{"type":"Feature","geometry":{"type":"Polygon","coordinates":[[[19.0453053,47.5744335],[19.045117,47.5744621],[19.0451537,47.5745721],[19.045342,47.5745435],[19.0453053,47.5744335]]]},"properties":{"site":"aquincum","name":null,"category":"other","historic":null,"building":"yes","osm_id":332056467}},{"type":"Feature","geometry":{"type":"Polygon","coordinates":[[[19.0449742,47.5725585],[19.044718,47.5725999],[19.0447533,47.5726994],[19.0450095,47.572658],[19.0449742,47.5725585]]]},"properties":{"site":"aquincum","name":null,"category":"other","historic":null,"building":"yes","osm_id":332056468}},{"type":"Feature","geometry":{"type":"Polygon","coordinates":[[[19.0467659,47.5749027],[19.0467795,47.5749993],[19.0470292,47.5749832],[19.0470155,47.5748867],[19.0467659,47.5749027]]]},"properties":{"site":"aquincum","name":null,"category":"other","historic":null,"building":"yes","osm_id":332056469}},{"type":"Feature","geometry":{"type":"Polygon","coordinates":[[[19.0460573,47.5746675],[19.0460842,47.5747459],[19.0462648,47.5747177],[19.0462379,47.5746393],[19.0460573,47.5746675]]]},"properties":{"site":"aquincum","name":null,"category":"other","historic":null,"building":"yes","osm_id":332056470}},{"type":"Feature","geometry":{"type":"Polygon","coordinates":[[[19.0456748,47.5712159],[19.0455162,47.5712272],[19.0455336,47.5713377],[19.0456921,47.5713264],[19.0456748,47.5712159]]]},"properties":{"site":"aquincum","name":null,"category":"other","historic":null,"building":"yes","osm_id":332056471}},{"type":"Feature","geometry":{"type":"Polygon","coordinates":[[[19.0453449,47.5742459],[19.0453765,47.574342],[19.0457603,47.5742846],[19.0457287,47.5741885],[19.0453449,47.5742459]]]},"properties":{"site":"aquincum","name":null,"category":"other","historic":null,"building":"yes","osm_id":332056472}},{"type":"Feature","geometry":{"type":"Polygon","coordinates":[[[19.0479257,47.5740013],[19.0479365,47.5740648],[19.0480226,47.5740581],[19.0480117,47.5739946],[19.0479257,47.5740013]]]},"properties":{"site":"aquincum","name":null,"category":"other","historic":null,"building":"yes","osm_id":332056473}},{"type":"Feature","geometry":{"type":"Polygon","coordinates":[[[19.0472066,47.5739218],[19.0472266,47.574054],[19.0474317,47.5740399],[19.0474117,47.5739077],[19.0472066,47.5739218]]]},"properties":{"site":"aquincum","name":null,"category":"other","historic":null,"building":"yes","osm_id":332056475}},{"type":"Feature","geometry":{"type":"Polygon","coordinates":[[[19.0466038,47.5740558],[19.0466173,47.5741305],[19.046802,47.5741154],[19.0467885,47.5740406],[19.0466038,47.5740558]]]},"properties":{"site":"aquincum","name":null,"category":"other","historic":null,"building":"yes","osm_id":332056476}},{"type":"Feature","geometry":{"type":"Polygon","coordinates":[[[19.0451159,47.5739026],[19.0451228,47.5739243],[19.045141,47.5739217],[19.0451481,47.5739441],[19.0451316,47.5739465],[19.0451569,47.5740264],[19.0451789,47.5740232],[19.0451856,47.5740445],[19.0451648,47.5740475],[19.0451702,47.5740645],[19.045156,47.5740665],[19.0451596,47.5740778],[19.0451796,47.574075],[19.0451872,47.5740989],[19.0451693,47.5741015],[19.0451743,47.5741173],[19.0451598,47.5741194],[19.0451686,47.574147],[19.0451831,47.5741449],[19.0451895,47.5741651],[19.0452106,47.5741621],[19.0452172,47.5741832],[19.0451959,47.5741863],[19.0451995,47.5741977],[19.0452203,47.5741947],[19.0452421,47.5742636],[19.0452593,47.5742611],[19.0452665,47.5742839],[19.0452492,47.5742864],[19.0452577,47.5743132],[19.0452758,47.5743106],[19.0452828,47.5743327],[19.0452641,47.5743354],[19.0452703,47.5743548],[19.0451242,47.5743758],[19.0450763,47.5742245],[19.0450572,47.5742273],[19.0450121,47.5740848],[19.0450221,47.5740833],[19.0449715,47.5739234],[19.0451159,47.5739026]]]},"properties":{"site":"aquincum","name":null,"category":"other","historic":null,"building":"yes","osm_id":332056478}},{"type":"Feature","geometry":{"type":"Polygon","coordinates":[[[19.0459835,47.574435],[19.0459559,47.5743255],[19.0459541,47.5743184],[19.046046,47.5743079],[19.0460753,47.5744244],[19.0459835,47.574435]]]},"properties":{"site":"aquincum","name":null,"category":"other","historic":null,"building":"yes","osm_id":332056479}},{"type":"Feature","geometry":{"type":"Polygon","coordinates":[[[19.0451185,47.5707907],[19.0452215,47.5707846],[19.0452418,47.5709412],[19.0451387,47.5709473],[19.0451351,47.570919],[19.0451185,47.5707907]]]},"properties":{"site":"aquincum","name":null,"category":"other","historic":null,"building":"yes","osm_id":332056480}},{"type":"Feature","geometry":{"type":"Polygon","coordinates":[[[19.0450111,47.5707685],[19.0451148,47.5707624],[19.0451185,47.5707907],[19.0451351,47.570919],[19.0450313,47.5709251],[19.0450111,47.5707685]]]},"properties":{"site":"aquincum","name":null,"category":"other","historic":null,"building":"yes","osm_id":332056481}},{"type":"Feature","geometry":{"type":"Polygon","coordinates":[[[19.0458558,47.574337],[19.0459559,47.5743255],[19.0459835,47.574435],[19.0459849,47.5744404],[19.0458848,47.5744519],[19.0458558,47.574337]]]},"properties":{"site":"aquincum","name":null,"category":"other","historic":null,"building":"yes","osm_id":332056482}},{"type":"Feature","geometry":{"type":"Polygon","coordinates":[[[19.0461663,47.5749725],[19.0461843,47.5750584],[19.0463415,47.5750434],[19.0463295,47.574986],[19.0462988,47.5749889],[19.0462928,47.5749604],[19.0461663,47.5749725]]]},"properties":{"site":"aquincum","name":null,"category":"other","historic":null,"building":"yes","osm_id":332056483}},{"type":"Feature","geometry":{"type":"Polygon","coordinates":[[[19.0456955,47.5726854],[19.0456782,47.5726304],[19.045847,47.5726032],[19.0458925,47.5727283],[19.0457056,47.5727589],[19.0456746,47.5726893],[19.0456955,47.5726854]]]},"properties":{"site":"aquincum","name":null,"category":"other","historic":null,"building":"yes","osm_id":332056484}},{"type":"Feature","geometry":{"type":"Polygon","coordinates":[[[19.0446966,47.5722652],[19.0447116,47.5723473],[19.044643,47.572353],[19.0446583,47.5724367],[19.0445535,47.5724454],[19.0445232,47.5722796],[19.0446966,47.5722652]]]},"properties":{"site":"aquincum","name":null,"category":"other","historic":null,"building":"yes","osm_id":332056487}},{"type":"Feature","geometry":{"type":"Polygon","coordinates":[[[19.044471,47.57132],[19.0445383,47.5713158],[19.044537,47.5713061],[19.0446716,47.5712979],[19.0446729,47.5713075],[19.0447385,47.5713035],[19.0447504,47.5713917],[19.0444828,47.5714081],[19.044471,47.57132]]]},"properties":{"site":"aquincum","name":null,"category":"other","historic":null,"building":"yes","osm_id":332056488}},{"type":"Feature","geometry":{"type":"Polygon","coordinates":[[[19.0447146,47.570801],[19.0447291,47.5709132],[19.0448855,47.5709039],[19.044871,47.5707918],[19.0448406,47.5707935],[19.0448423,47.5708067],[19.0447964,47.5708094],[19.0447947,47.5707963],[19.0447146,47.570801]]]},"properties":{"site":"aquincum","name":null,"category":"other","historic":null,"building":"yes","osm_id":332056489}},{"type":"Feature","geometry":{"type":"Polygon","coordinates":[[[19.0450586,47.5732351],[19.0447807,47.5732745],[19.0447494,47.573174],[19.0448576,47.5731587],[19.0448514,47.5731388],[19.0449061,47.5731311],[19.0449128,47.5731527],[19.0450279,47.5731364],[19.0450586,47.5732351]]]},"properties":{"site":"aquincum","name":null,"category":"other","historic":null,"building":"yes","osm_id":332056491}},{"type":"Feature","geometry":{"type":"Polygon","coordinates":[[[19.044846,47.5729867],[19.0450244,47.5729587],[19.0450416,47.5730087],[19.045091,47.5730009],[19.0451113,47.5730596],[19.0448352,47.573103],[19.0448158,47.5730469],[19.0448641,47.5730393],[19.044846,47.5729867]]]},"properties":{"site":"aquincum","name":null,"category":"other","historic":null,"building":"yes","osm_id":332056492}},{"type":"Feature","geometry":{"type":"Polygon","coordinates":[[[19.0445833,47.5728102],[19.0447269,47.5728005],[19.0447283,47.5728175],[19.0447716,47.5728292],[19.0447752,47.572874],[19.044737,47.5728905],[19.0447413,47.57291],[19.0445984,47.5729193],[19.0445833,47.5728102]]]},"properties":{"site":"aquincum","name":null,"category":"other","historic":null,"building":"yes","osm_id":332056493}},{"type":"Feature","geometry":{"type":"Polygon","coordinates":[[[19.0456201,47.5749537],[19.0456363,47.5750519],[19.04571,47.5750463],[19.0457164,47.5750851],[19.0457851,47.5750799],[19.0457786,47.5750411],[19.0458536,47.5750355],[19.0458372,47.5749363],[19.0456201,47.5749537]]]},"properties":{"site":"aquincum","name":null,"category":"other","historic":null,"building":"yes","osm_id":332056495}},{"type":"Feature","geometry":{"type":"Polygon","coordinates":[[[19.0455675,47.5718263],[19.0457241,47.5718147],[19.0457413,47.5719207],[19.0457219,47.5719221],[19.0457267,47.5719513],[19.0456006,47.5719606],[19.0455959,47.5719314],[19.0455847,47.5719323],[19.0455675,47.5718263]]]},"properties":{"site":"aquincum","name":null,"category":"other","historic":null,"building":"yes","osm_id":332056496}},{"type":"Feature","geometry":{"type":"Polygon","coordinates":[[[19.0470332,47.574404],[19.0471179,47.5743988],[19.0471196,47.5744115],[19.0471868,47.5744075],[19.0472013,47.574517],[19.0471149,47.5745222],[19.0471133,47.5745101],[19.0470478,47.5745141],[19.0470332,47.574404]]]},"properties":{"site":"aquincum","name":null,"category":"other","historic":null,"building":"yes","osm_id":332056497}},{"type":"Feature","geometry":{"type":"Polygon","coordinates":[[[19.0475708,47.5736907],[19.0475813,47.5737442],[19.0475917,47.5737433],[19.0476012,47.5737918],[19.0475387,47.5737974],[19.0475411,47.57381],[19.0474909,47.5738145],[19.0474684,47.5736998],[19.0475708,47.5736907]]]},"properties":{"site":"aquincum","name":null,"category":"other","historic":null,"building":"yes","osm_id":332056500}},{"type":"Feature","geometry":{"type":"Polygon","coordinates":[[[19.0448632,47.5712015],[19.044966,47.5711955],[19.0449566,47.5711221],[19.0449291,47.5711237],[19.044927,47.5711072],[19.0448545,47.5711114],[19.0444469,47.5711351],[19.0444593,47.5712326],[19.0448642,47.5712091],[19.0448632,47.5712015]]]},"properties":{"site":"aquincum","name":null,"category":"other","historic":null,"building":"yes","osm_id":332056503}},{"type":"Feature","geometry":{"type":"Polygon","coordinates":[[[19.0466082,47.5734826],[19.0468567,47.5734663],[19.0468576,47.5734722],[19.0468997,47.5734695],[19.0469061,47.5735137],[19.0468566,47.5735169],[19.0468656,47.5735791],[19.0468128,47.5735826],[19.0468181,47.5736193],[19.046779,47.5736219],[19.0467737,47.5735853],[19.0467257,47.5735884],[19.0467316,47.5736297],[19.0466927,47.5736322],[19.0466867,47.5735909],[19.0466323,47.5735944],[19.046623,47.5735299],[19.0466151,47.5735304],[19.0466082,47.5734826]]]},"properties":{"site":"aquincum","name":null,"category":"other","historic":null,"building":"yes","osm_id":332058181}},{"type":"Feature","geometry":{"type":"Polygon","coordinates":[[[19.0468698,47.5736132],[19.0469575,47.5736067],[19.0469521,47.5735735],[19.0468644,47.57358],[19.0468698,47.5736132]]]},"properties":{"site":"aquincum","name":null,"category":"other","historic":null,"building":"yes","osm_id":332058183}},{"type":"Feature","geometry":{"type":"Polygon","coordinates":[[[19.0470946,47.5734659],[19.0471036,47.5735153],[19.0471494,47.5735115],[19.0471404,47.5734621],[19.0470946,47.5734659]]]},"properties":{"site":"aquincum","name":null,"category":"other","historic":null,"building":"yes","osm_id":332058184}},{"type":"Feature","geometry":{"type":"Polygon","coordinates":[[[19.047232,47.57358],[19.0472126,47.5734291],[19.0471534,47.5734326],[19.0471729,47.5735835],[19.047232,47.57358]]]},"properties":{"site":"aquincum","name":null,"category":"other","historic":null,"building":"yes","osm_id":332058185}},{"type":"Feature","geometry":{"type":"Polygon","coordinates":[[[19.0477834,47.573387],[19.0477888,47.5734234],[19.0478597,47.5734186],[19.0478543,47.5733822],[19.0477834,47.573387]]]},"properties":{"site":"aquincum","name":null,"category":"other","historic":null,"building":"yes","osm_id":332058189}},{"type":"Feature","geometry":{"type":"Polygon","coordinates":[[[19.0476706,47.5733952],[19.0476762,47.5734308],[19.0477445,47.573426],[19.047739,47.5733904],[19.0476706,47.5733952]]]},"properties":{"site":"aquincum","name":null,"category":"other","historic":null,"building":"yes","osm_id":332058190}},{"type":"Feature","geometry":{"type":"Polygon","coordinates":[[[19.0471675,47.5735905],[19.0470628,47.5735966],[19.0470538,47.5735472],[19.0471014,47.573525],[19.0471574,47.5735216],[19.0471675,47.5735905]]]},"properties":{"site":"aquincum","name":null,"category":"other","historic":null,"building":"yes","osm_id":332058192}},{"type":"Feature","geometry":{"type":"Polygon","coordinates":[[[19.0404802,47.5690454],[19.040448,47.5690472],[19.0404527,47.5690868],[19.040485,47.5690851],[19.0404802,47.5690454]]]},"properties":{"site":"aquincum","name":null,"category":"other","historic":null,"building":"yes","osm_id":332150869}},{"type":"Feature","geometry":{"type":"Polygon","coordinates":[[[19.046864,47.5676073],[19.046751,47.567626],[19.046773,47.5676868],[19.0468861,47.5676681],[19.046864,47.5676073]]]},"properties":{"site":"aquincum","name":null,"category":"other","historic":null,"building":"yes","osm_id":332150873}},{"type":"Feature","geometry":{"type":"Polygon","coordinates":[[[19.0406465,47.5682534],[19.0405462,47.5682633],[19.0405749,47.5683962],[19.0406753,47.5683863],[19.0406465,47.5682534]]]},"properties":{"site":"aquincum","name":null,"category":"other","historic":null,"building":"yes","osm_id":332150876}},{"type":"Feature","geometry":{"type":"Polygon","coordinates":[[[19.0410203,47.5687655],[19.0409178,47.5687754],[19.0409355,47.5688587],[19.041038,47.5688487],[19.0410203,47.5687655]]]},"properties":{"site":"aquincum","name":null,"category":"other","historic":null,"building":"yes","osm_id":332150877}},{"type":"Feature","geometry":{"type":"Polygon","coordinates":[[[19.0427205,47.567955],[19.0427437,47.5680662],[19.0428853,47.5680527],[19.0428621,47.5679416],[19.0427205,47.567955]]]},"properties":{"site":"aquincum","name":null,"category":"other","historic":null,"building":"yes","osm_id":332150884}},{"type":"Feature","geometry":{"type":"Polygon","coordinates":[[[19.0463532,47.5684036],[19.0464167,47.5683936],[19.0463972,47.5683372],[19.0463337,47.5683472],[19.0463532,47.5684036]]]},"properties":{"site":"aquincum","name":null,"category":"other","historic":null,"building":"yes","osm_id":332150887}},{"type":"Feature","geometry":{"type":"Polygon","coordinates":[[[19.044726,47.5672071],[19.0447092,47.5672652],[19.0447952,47.5672765],[19.044812,47.5672184],[19.044726,47.5672071]]]},"properties":{"site":"aquincum","name":null,"category":"other","historic":null,"building":"yes","osm_id":332150888}},{"type":"Feature","geometry":{"type":"Polygon","coordinates":[[[19.0447165,47.5678045],[19.0447404,47.5679025],[19.0448162,47.567894],[19.0447923,47.567796],[19.0447165,47.5678045]]]},"properties":{"site":"aquincum","name":null,"category":"other","historic":null,"building":"yes","osm_id":332150891}},{"type":"Feature","geometry":{"type":"Polygon","coordinates":[[[19.0400916,47.568636],[19.0401037,47.5687193],[19.0402093,47.5687122],[19.0401971,47.568629],[19.0401888,47.5686296],[19.0401839,47.5685965],[19.0401109,47.5686013],[19.0401157,47.5686344],[19.0400916,47.568636]]]},"properties":{"site":"aquincum","name":null,"category":"other","historic":null,"building":"yes","osm_id":332150892}},{"type":"Feature","geometry":{"type":"Polygon","coordinates":[[[19.0445321,47.5742255],[19.0445583,47.5742726],[19.0446615,47.5742465],[19.0446354,47.5741994],[19.0445321,47.5742255]]]},"properties":{"site":"aquincum","name":null,"category":"other","historic":null,"building":"yes","osm_id":332150894}},{"type":"Feature","geometry":{"type":"Polygon","coordinates":[[[19.0408363,47.5682931],[19.0408456,47.5683528],[19.0409527,47.5683453],[19.0409434,47.5682855],[19.0408363,47.5682931]]]},"properties":{"site":"aquincum","name":null,"category":"other","historic":null,"building":"yes","osm_id":332150896}},{"type":"Feature","geometry":{"type":"Polygon","coordinates":[[[19.0411442,47.5687184],[19.0410417,47.5687253],[19.0410545,47.5688112],[19.0411569,47.5688043],[19.0411442,47.5687184]]]},"properties":{"site":"aquincum","name":null,"category":"other","historic":null,"building":"yes","osm_id":332150897}},{"type":"Feature","geometry":{"type":"Polygon","coordinates":[[[19.0462358,47.5683787],[19.0462497,47.5684283],[19.0463366,47.5684172],[19.0463226,47.5683676],[19.0462358,47.5683787]]]},"properties":{"site":"aquincum","name":null,"category":"other","historic":null,"building":"yes","osm_id":332150901}},{"type":"Feature","geometry":{"type":"Polygon","coordinates":[[[19.0437882,47.5674192],[19.0437173,47.5674251],[19.0437411,47.5675555],[19.043812,47.5675496],[19.0437882,47.5674192]]]},"properties":{"site":"aquincum","name":null,"category":"other","historic":null,"building":"yes","osm_id":332150903}},{"type":"Feature","geometry":{"type":"Polygon","coordinates":[[[19.04501,47.5682782],[19.0449217,47.568286],[19.0449405,47.5683825],[19.0450287,47.5683747],[19.04501,47.5682782]]]},"properties":{"site":"aquincum","name":null,"category":"other","historic":null,"building":"yes","osm_id":332150906}},{"type":"Feature","geometry":{"type":"Polygon","coordinates":[[[19.0413628,47.5736014],[19.0413388,47.5736379],[19.0414114,47.5736596],[19.0414355,47.5736231],[19.0413628,47.5736014]]]},"properties":{"site":"aquincum","name":null,"category":"other","historic":null,"building":"yes","osm_id":332150907}},{"type":"Feature","geometry":{"type":"Polygon","coordinates":[[[19.0480146,47.5680918],[19.0480152,47.5681571],[19.0481899,47.5681564],[19.0481894,47.5680911],[19.0480146,47.5680918]]]},"properties":{"site":"aquincum","name":null,"category":"other","historic":null,"building":"yes","osm_id":332150908}},{"type":"Feature","geometry":{"type":"Polygon","coordinates":[[[19.0460007,47.5683333],[19.0460306,47.5684414],[19.0461567,47.5684255],[19.0461267,47.5683174],[19.0460007,47.5683333]]]},"properties":{"site":"aquincum","name":null,"category":"other","historic":null,"building":"yes","osm_id":332150914}},{"type":"Feature","geometry":{"type":"Polygon","coordinates":[[[19.0430841,47.5686633],[19.0430925,47.5687175],[19.0432498,47.5687064],[19.0432413,47.5686522],[19.0430841,47.5686633]]]},"properties":{"site":"aquincum","name":null,"category":"other","historic":null,"building":"yes","osm_id":332150915}},{"type":"Feature","geometry":{"type":"Polygon","coordinates":[[[19.0458737,47.5673693],[19.0457825,47.5673764],[19.0457937,47.567442],[19.045885,47.5674349],[19.0458737,47.5673693]]]},"properties":{"site":"aquincum","name":null,"category":"other","historic":null,"building":"yes","osm_id":332150916}},{"type":"Feature","geometry":{"type":"Polygon","coordinates":[[[19.0404076,47.5736561],[19.0405214,47.5736793],[19.0405594,47.5735945],[19.0404456,47.5735713],[19.0404076,47.5736561]]]},"properties":{"site":"aquincum","name":null,"category":"other","historic":null,"building":"yes","osm_id":332150919}},{"type":"Feature","geometry":{"type":"Polygon","coordinates":[[[19.0400238,47.5727219],[19.0400312,47.5727539],[19.0401276,47.5727437],[19.0401201,47.5727117],[19.0400238,47.5727219]]]},"properties":{"site":"aquincum","name":null,"category":"other","historic":null,"building":"yes","osm_id":332150920}},{"type":"Feature","geometry":{"type":"Polygon","coordinates":[[[19.0403796,47.5687039],[19.0403923,47.5687571],[19.0404515,47.5687507],[19.0404388,47.5686975],[19.0403796,47.5687039]]]},"properties":{"site":"aquincum","name":null,"category":"other","historic":null,"building":"yes","osm_id":332150921}},{"type":"Feature","geometry":{"type":"Polygon","coordinates":[[[19.0468764,47.5682451],[19.0468924,47.5683105],[19.0469875,47.5682999],[19.0469715,47.5682345],[19.0468764,47.5682451]]]},"properties":{"site":"aquincum","name":null,"category":"other","historic":null,"building":"yes","osm_id":332150922}},{"type":"Feature","geometry":{"type":"Polygon","coordinates":[[[19.0404608,47.5681441],[19.0405126,47.5681402],[19.0405014,47.5680715],[19.0404495,47.5680753],[19.0404608,47.5681441]]]},"properties":{"site":"aquincum","name":null,"category":"other","historic":null,"building":"yes","osm_id":332150924}},{"type":"Feature","geometry":{"type":"Polygon","coordinates":[[[19.043472,47.568493],[19.0434593,47.5684941],[19.0434538,47.5684653],[19.0433528,47.5684741],[19.0433584,47.5685029],[19.0433462,47.568504],[19.0433799,47.5686788],[19.0435056,47.5686678],[19.043472,47.568493]]]},"properties":{"site":"aquincum","name":null,"category":"other","historic":null,"building":"yes","osm_id":332150928}},{"type":"Feature","geometry":{"type":"Polygon","coordinates":[[[19.043802,47.568215],[19.043726,47.5682194],[19.0437372,47.5683073],[19.0438132,47.5683029],[19.043802,47.568215]]]},"properties":{"site":"aquincum","name":null,"category":"other","historic":null,"building":"yes","osm_id":332150929}},{"type":"Feature","geometry":{"type":"Polygon","coordinates":[[[19.042685,47.5683265],[19.0427097,47.5684473],[19.042822,47.5684368],[19.0427973,47.5683161],[19.042685,47.5683265]]]},"properties":{"site":"aquincum","name":null,"category":"other","historic":null,"building":"yes","osm_id":332150931}},{"type":"Feature","geometry":{"type":"Polygon","coordinates":[[[19.0403044,47.5679674],[19.0402264,47.5679732],[19.0402348,47.5680249],[19.0402519,47.5681288],[19.0403298,47.568123],[19.0403044,47.5679674]]]},"properties":{"site":"aquincum","name":null,"category":"other","historic":null,"building":"yes","osm_id":332150933}},{"type":"Feature","geometry":{"type":"Polygon","coordinates":[[[19.0450297,47.5685582],[19.045115,47.5685456],[19.0451107,47.5685325],[19.045175,47.568523],[19.0451449,47.5684303],[19.0449953,47.5684524],[19.0450297,47.5685582]]]},"properties":{"site":"aquincum","name":null,"category":"other","historic":null,"building":"yes","osm_id":332150935}},{"type":"Feature","geometry":{"type":"Polygon","coordinates":[[[19.0464034,47.5676458],[19.0465921,47.5676233],[19.0466108,47.5676941],[19.0465004,47.5677073],[19.0465168,47.5677696],[19.0464383,47.567779],[19.0464034,47.5676458]]]},"properties":{"site":"aquincum","name":null,"category":"other","historic":null,"building":"yes","osm_id":332150937}},{"type":"Feature","geometry":{"type":"Polygon","coordinates":[[[19.042718,47.5686923],[19.0427367,47.5688009],[19.042853,47.5687918],[19.0428424,47.5687303],[19.0428489,47.5687298],[19.0428408,47.5686827],[19.042718,47.5686923]]]},"properties":{"site":"aquincum","name":null,"category":"other","historic":null,"building":"yes","osm_id":332150938}},{"type":"Feature","geometry":{"type":"Polygon","coordinates":[[[19.0402854,47.5689556],[19.0403715,47.568948],[19.0403636,47.5689076],[19.0403575,47.5689081],[19.0403545,47.5688926],[19.0402745,47.5688996],[19.0402854,47.5689556]]]},"properties":{"site":"aquincum","name":null,"category":"other","historic":null,"building":"yes","osm_id":332150939}},{"type":"Feature","geometry":{"type":"Polygon","coordinates":[[[19.0403055,47.5727824],[19.0404036,47.572772],[19.0404061,47.5727826],[19.0404132,47.5727818],[19.040425,47.5728327],[19.0403198,47.5728439],[19.0403055,47.5727824]]]},"properties":{"site":"aquincum","name":null,"category":"other","historic":null,"building":"yes","osm_id":332150940}},{"type":"Feature","geometry":{"type":"Polygon","coordinates":[[[19.044799,47.5679803],[19.0447307,47.5679874],[19.0447424,47.5680382],[19.0447947,47.5680327],[19.0447938,47.5680286],[19.0448097,47.5680269],[19.044799,47.5679803]]]},"properties":{"site":"aquincum","name":null,"category":"other","historic":null,"building":"yes","osm_id":332150943}},{"type":"Feature","geometry":{"type":"Polygon","coordinates":[[[19.0464562,47.5671942],[19.0463318,47.5672054],[19.0463707,47.5674022],[19.0464951,47.567391],[19.0464733,47.5672808],[19.0464939,47.5672789],[19.0464873,47.5672455],[19.0464667,47.5672474],[19.0464562,47.5671942]]]},"properties":{"site":"aquincum","name":null,"category":"other","historic":null,"building":"yes","osm_id":332150950}},{"type":"Feature","geometry":{"type":"Polygon","coordinates":[[[19.0458688,47.5681369],[19.0459528,47.5681273],[19.0459804,47.5682375],[19.045819,47.5682559],[19.0458055,47.5682021],[19.0458437,47.5681977],[19.0458398,47.5681822],[19.045879,47.5681777],[19.0458688,47.5681369]]]},"properties":{"site":"aquincum","name":null,"category":"other","historic":null,"building":"yes","osm_id":332150952}},{"type":"Feature","geometry":{"type":"Polygon","coordinates":[[[19.0434232,47.5700855],[19.0435824,47.5700776],[19.0435783,47.5700395],[19.0435228,47.5700422],[19.0435212,47.5700274],[19.0434651,47.5700302],[19.043466,47.5700385],[19.0434183,47.5700409],[19.0434232,47.5700855]]]},"properties":{"site":"aquincum","name":null,"category":"other","historic":null,"building":"yes","osm_id":332150954}},{"type":"Feature","geometry":{"type":"Polygon","coordinates":[[[19.040408,47.573547],[19.0403655,47.5735367],[19.0403828,47.5735042],[19.0404253,47.5735145],[19.040408,47.573547]]]},"properties":{"site":"aquincum","name":null,"category":"other","historic":null,"building":"yes","osm_id":346833667}},{"type":"Feature","geometry":{"type":"Polygon","coordinates":[[[19.0407835,47.573466],[19.040813,47.5734226],[19.040736,47.5733988],[19.0407065,47.5734422],[19.0407835,47.573466]]]},"properties":{"site":"aquincum","name":null,"category":"other","historic":null,"building":"yes","osm_id":346833670}},{"type":"Feature","geometry":{"type":"Polygon","coordinates":[[[19.0407065,47.5733956],[19.0406513,47.5733849],[19.0406772,47.5733242],[19.0407324,47.573335],[19.0407065,47.5733956]]]},"properties":{"site":"aquincum","name":null,"category":"other","historic":null,"building":"yes","osm_id":346833671}},{"type":"Feature","geometry":{"type":"Polygon","coordinates":[[[19.0403198,47.5728439],[19.0403406,47.5729328],[19.0404655,47.5729195],[19.0404607,47.5728992],[19.0405277,47.5728921],[19.0405176,47.5728489],[19.0404506,47.572856],[19.0404447,47.5728306],[19.040425,47.5728327],[19.0403198,47.5728439]]]},"properties":{"site":"aquincum","name":null,"category":"other","historic":null,"building":"yes","osm_id":346833674}},{"type":"Feature","geometry":{"type":"Polygon","coordinates":[[[19.0437461,47.5749272],[19.0437837,47.5749164],[19.0437593,47.5748779],[19.0437217,47.5748888],[19.0437461,47.5749272]]]},"properties":{"site":"aquincum","name":null,"category":"other","historic":null,"building":"yes","osm_id":346846429}},{"type":"Feature","geometry":{"type":"Polygon","coordinates":[[[19.044107,47.5743771],[19.0440894,47.574351],[19.0441657,47.5743277],[19.0441832,47.5743538],[19.044107,47.5743771]]]},"properties":{"site":"aquincum","name":null,"category":"other","historic":null,"building":"yes","osm_id":346846430}},{"type":"Feature","geometry":{"type":"Polygon","coordinates":[[[19.0473513,47.5691349],[19.0474223,47.5691237],[19.0474043,47.5690722],[19.0473334,47.5690835],[19.0473513,47.5691349]]]},"properties":{"site":"aquincum","name":null,"category":"other","historic":null,"building":"yes","osm_id":346846433}},{"type":"Feature","geometry":{"type":"Polygon","coordinates":[[[19.0437629,47.568461],[19.0437574,47.5684406],[19.0438245,47.5684323],[19.04383,47.5684527],[19.0437629,47.568461]]]},"properties":{"site":"aquincum","name":null,"category":"other","historic":null,"building":"yes","osm_id":346846434}},{"type":"Feature","geometry":{"type":"Polygon","coordinates":[[[19.0468222,47.5677878],[19.0469017,47.5677782],[19.0468765,47.5676831],[19.046797,47.5676927],[19.0468222,47.5677878]]]},"properties":{"site":"aquincum","name":null,"category":"other","historic":null,"building":"yes","osm_id":346846436}},{"type":"Feature","geometry":{"type":"Polygon","coordinates":[[[19.0449815,47.5705516],[19.0450253,47.5705496],[19.0450188,47.5704831],[19.044975,47.5704851],[19.0449815,47.5705516]]]},"properties":{"site":"aquincum","name":null,"category":"other","historic":null,"building":"yes","osm_id":346846437}},{"type":"Feature","geometry":{"type":"Polygon","coordinates":[[[19.0413079,47.5680345],[19.0414122,47.568026],[19.041392,47.5679135],[19.0412878,47.5679221],[19.0413079,47.5680345]]]},"properties":{"site":"aquincum","name":null,"category":"other","historic":null,"building":"yes","osm_id":346846439}},{"type":"Feature","geometry":{"type":"Polygon","coordinates":[[[19.0437542,47.5683971],[19.0437881,47.5683948],[19.0437805,47.568345],[19.0437466,47.5683474],[19.0437542,47.5683971]]]},"properties":{"site":"aquincum","name":null,"category":"other","historic":null,"building":"yes","osm_id":346846441}},{"type":"Feature","geometry":{"type":"Polygon","coordinates":[[[19.0467977,47.5678625],[19.0468151,47.567913],[19.0468986,47.5678998],[19.0468812,47.5678494],[19.0467977,47.5678625]]]},"properties":{"site":"aquincum","name":null,"category":"other","historic":null,"building":"yes","osm_id":346846442}},{"type":"Feature","geometry":{"type":"Polygon","coordinates":[[[19.0408916,47.5675523],[19.0409478,47.5675456],[19.0409326,47.5674879],[19.0408764,47.5674947],[19.0408916,47.5675523]]]},"properties":{"site":"aquincum","name":null,"category":"other","historic":null,"building":"yes","osm_id":346846444}},{"type":"Feature","geometry":{"type":"Polygon","coordinates":[[[19.04324,47.5745635],[19.043231,47.5745489],[19.0432727,47.5745373],[19.0432817,47.5745518],[19.04324,47.5745635]]]},"properties":{"site":"aquincum","name":null,"category":"other","historic":null,"building":"yes","osm_id":346846445}},{"type":"Feature","geometry":{"type":"Polygon","coordinates":[[[19.0405592,47.5682516],[19.040733,47.5682408],[19.0406903,47.5679291],[19.0405164,47.56794],[19.0405592,47.5682516]]]},"properties":{"site":"aquincum","name":null,"category":"other","historic":null,"building":"yes","osm_id":346846446}},{"type":"Feature","geometry":{"type":"Polygon","coordinates":[[[19.0401494,47.5689481],[19.0402013,47.5689445],[19.0401934,47.5688921],[19.0401415,47.5688957],[19.0401494,47.5689481]]]},"properties":{"site":"aquincum","name":null,"category":"other","historic":null,"building":"yes","osm_id":346846447}},{"type":"Feature","geometry":{"type":"Polygon","coordinates":[[[19.0401607,47.5683032],[19.040245,47.5682943],[19.0402175,47.5681749],[19.0401332,47.5681838],[19.0401607,47.5683032]]]},"properties":{"site":"aquincum","name":null,"category":"other","historic":null,"building":"yes","osm_id":346846448}},{"type":"Feature","geometry":{"type":"Polygon","coordinates":[[[19.0438272,47.5744092],[19.043864,47.574402],[19.0438467,47.5743617],[19.0438099,47.5743689],[19.0438272,47.5744092]]]},"properties":{"site":"aquincum","name":null,"category":"other","historic":null,"building":"yes","osm_id":346846449}},{"type":"Feature","geometry":{"type":"Polygon","coordinates":[[[19.0438102,47.5686188],[19.0438383,47.5686161],[19.0438261,47.5685585],[19.043798,47.5685612],[19.0438102,47.5686188]]]},"properties":{"site":"aquincum","name":null,"category":"other","historic":null,"building":"yes","osm_id":346846452}},{"type":"Feature","geometry":{"type":"Polygon","coordinates":[[[19.0447782,47.5715323],[19.0447719,47.5714814],[19.0448818,47.5714753],[19.0448881,47.5715261],[19.0447782,47.5715323]]]},"properties":{"site":"aquincum","name":null,"category":"other","historic":null,"building":"yes","osm_id":346846454}},{"type":"Feature","geometry":{"type":"Polygon","coordinates":[[[19.0414687,47.5688942],[19.041462,47.5688561],[19.0415302,47.5688506],[19.0415369,47.5688887],[19.0414687,47.5688942]]]},"properties":{"site":"aquincum","name":null,"category":"other","historic":null,"building":"yes","osm_id":346846456}},{"type":"Feature","geometry":{"type":"Polygon","coordinates":[[[19.0442116,47.5680336],[19.0442015,47.568001],[19.0442651,47.567992],[19.0442751,47.5680247],[19.0442116,47.5680336]]]},"properties":{"site":"aquincum","name":null,"category":"other","historic":null,"building":"yes","osm_id":346846457}},{"type":"Feature","geometry":{"type":"Polygon","coordinates":[[[19.0437807,47.5685498],[19.0438366,47.5685455],[19.04383,47.5685067],[19.0437741,47.5685111],[19.0437807,47.5685498]]]},"properties":{"site":"aquincum","name":null,"category":"other","historic":null,"building":"yes","osm_id":346846458}},{"type":"Feature","geometry":{"type":"Polygon","coordinates":[[[19.0430902,47.5686016],[19.0430856,47.5685745],[19.0431482,47.5685696],[19.0431528,47.5685968],[19.0430902,47.5686016]]]},"properties":{"site":"aquincum","name":null,"category":"other","historic":null,"building":"yes","osm_id":346846460}},{"type":"Feature","geometry":{"type":"Polygon","coordinates":[[[19.0447588,47.567361],[19.0447579,47.5673295],[19.0447005,47.5673302],[19.0447013,47.5673617],[19.0447588,47.567361]]]},"properties":{"site":"aquincum","name":null,"category":"other","historic":null,"building":"yes","osm_id":346846461}},{"type":"Feature","geometry":{"type":"Polygon","coordinates":[[[19.0459773,47.5679744],[19.046022,47.5679693],[19.0460001,47.5678824],[19.0459555,47.5678876],[19.0459773,47.5679744]]]},"properties":{"site":"aquincum","name":null,"category":"other","historic":null,"building":"yes","osm_id":346846462}},{"type":"Feature","geometry":{"type":"Polygon","coordinates":[[[19.0413375,47.5688839],[19.0413943,47.5688789],[19.041377,47.5687896],[19.0413202,47.5687947],[19.0413375,47.5688839]]]},"properties":{"site":"aquincum","name":null,"category":"other","historic":null,"building":"yes","osm_id":346846464}},{"type":"Feature","geometry":{"type":"Polygon","coordinates":[[[19.0411023,47.5682607],[19.0411801,47.5682597],[19.0411785,47.5682026],[19.0411007,47.5682035],[19.0411023,47.5682607]]]},"properties":{"site":"aquincum","name":null,"category":"other","historic":null,"building":"yes","osm_id":346846466}},{"type":"Feature","geometry":{"type":"Polygon","coordinates":[[[19.0432412,47.5680734],[19.0432731,47.5681914],[19.043183,47.5682025],[19.043151,47.5680845],[19.0432412,47.5680734]]]},"properties":{"site":"aquincum","name":null,"category":"other","historic":null,"building":"yes","osm_id":346846467}},{"type":"Feature","geometry":{"type":"Polygon","coordinates":[[[19.0447165,47.5673936],[19.0447125,47.5673675],[19.0447517,47.5673647],[19.0447557,47.5673908],[19.0447165,47.5673936]]]},"properties":{"site":"aquincum","name":null,"category":"other","historic":null,"building":"yes","osm_id":346846468}},{"type":"Feature","geometry":{"type":"Polygon","coordinates":[[[19.041365,47.5682761],[19.0414134,47.5682717],[19.0413972,47.56819],[19.0413487,47.5681944],[19.041365,47.5682761]]]},"properties":{"site":"aquincum","name":null,"category":"other","historic":null,"building":"yes","osm_id":346846469}},{"type":"Feature","geometry":{"type":"Polygon","coordinates":[[[19.0441094,47.5684],[19.0441014,47.5683807],[19.0441838,47.5683652],[19.0441918,47.5683845],[19.0441094,47.5684]]]},"properties":{"site":"aquincum","name":null,"category":"other","historic":null,"building":"yes","osm_id":346846474}},{"type":"Feature","geometry":{"type":"Polygon","coordinates":[[[19.0412348,47.5683613],[19.0412895,47.568357],[19.0412829,47.5683182],[19.0412282,47.5683225],[19.0412348,47.5683613]]]},"properties":{"site":"aquincum","name":null,"category":"other","historic":null,"building":"yes","osm_id":346846477}},{"type":"Feature","geometry":{"type":"Polygon","coordinates":[[[19.0462759,47.5681682],[19.0462824,47.5681944],[19.0462076,47.5682029],[19.0462011,47.5681767],[19.0462759,47.5681682]]]},"properties":{"site":"aquincum","name":null,"category":"other","historic":null,"building":"yes","osm_id":346846481}},{"type":"Feature","geometry":{"type":"Polygon","coordinates":[[[19.0460726,47.5702258],[19.0460607,47.5701861],[19.0461161,47.5701786],[19.046128,47.5702182],[19.0460726,47.5702258]]]},"properties":{"site":"aquincum","name":null,"category":"other","historic":null,"building":"yes","osm_id":346846487}},{"type":"Feature","geometry":{"type":"Polygon","coordinates":[[[19.0441393,47.5683554],[19.0441291,47.5683322],[19.0441852,47.568321],[19.0441954,47.5683442],[19.0441393,47.5683554]]]},"properties":{"site":"aquincum","name":null,"category":"other","historic":null,"building":"yes","osm_id":346846488}},{"type":"Feature","geometry":{"type":"Polygon","coordinates":[[[19.0452243,47.5726256],[19.0452072,47.5725775],[19.0453216,47.572559],[19.0453386,47.5726072],[19.0452243,47.5726256]]]},"properties":{"site":"aquincum","name":null,"category":"other","historic":null,"building":"yes","osm_id":346846489}},{"type":"Feature","geometry":{"type":"Polygon","coordinates":[[[19.044708,47.5714953],[19.0446604,47.5714962],[19.0446583,47.5714481],[19.044706,47.5714472],[19.044708,47.5714953]]]},"properties":{"site":"aquincum","name":null,"category":"other","historic":null,"building":"yes","osm_id":346846490}},{"type":"Feature","geometry":{"type":"Polygon","coordinates":[[[19.0412887,47.5689429],[19.0413306,47.5689394],[19.0413214,47.5688893],[19.0412795,47.5688928],[19.0412887,47.5689429]]]},"properties":{"site":"aquincum","name":null,"category":"other","historic":null,"building":"yes","osm_id":346846491}},{"type":"Feature","geometry":{"type":"Polygon","coordinates":[[[19.0460452,47.5696109],[19.0459761,47.5695653],[19.0460387,47.5695222],[19.0461078,47.5695677],[19.0460452,47.5696109]]]},"properties":{"site":"aquincum","name":null,"category":"other","historic":null,"building":"yes","osm_id":346846492}},{"type":"Feature","geometry":{"type":"Polygon","coordinates":[[[19.0441096,47.5673527],[19.0441032,47.5673173],[19.0440233,47.5673239],[19.0440297,47.5673593],[19.0441096,47.5673527]]]},"properties":{"site":"aquincum","name":null,"category":"other","historic":null,"building":"yes","osm_id":346846493}},{"type":"Feature","geometry":{"type":"Polygon","coordinates":[[[19.0399623,47.5679799],[19.0400203,47.5679765],[19.0400132,47.5679209],[19.0399552,47.5679243],[19.0399623,47.5679799]]]},"properties":{"site":"aquincum","name":null,"category":"other","historic":null,"building":"yes","osm_id":346846494}},{"type":"Feature","geometry":{"type":"Polygon","coordinates":[[[19.0445269,47.5706229],[19.0445997,47.5706025],[19.0445659,47.5705476],[19.0444931,47.5705681],[19.0445269,47.5706229]]]},"properties":{"site":"aquincum","name":null,"category":"other","historic":null,"building":"yes","osm_id":346846498}},{"type":"Feature","geometry":{"type":"Polygon","coordinates":[[[19.0448447,47.5737785],[19.0448231,47.5737244],[19.0449136,47.5737079],[19.0449352,47.573762],[19.0448447,47.5737785]]]},"properties":{"site":"aquincum","name":null,"category":"other","historic":null,"building":"yes","osm_id":346846499}},{"type":"Feature","geometry":{"type":"Polygon","coordinates":[[[19.0418967,47.5681988],[19.0419718,47.5681932],[19.0419643,47.5681469],[19.0418892,47.5681525],[19.0418967,47.5681988]]]},"properties":{"site":"aquincum","name":null,"category":"other","historic":null,"building":"yes","osm_id":346846501}},{"type":"Feature","geometry":{"type":"Polygon","coordinates":[[[19.0454019,47.5727241],[19.0453581,47.5727315],[19.0453365,47.5726733],[19.0453804,47.5726659],[19.0454019,47.5727241]]]},"properties":{"site":"aquincum","name":null,"category":"other","historic":null,"building":"yes","osm_id":346846505}},{"type":"Feature","geometry":{"type":"Polygon","coordinates":[[[19.0468136,47.5680013],[19.0469124,47.5679931],[19.0468973,47.5679101],[19.0467984,47.5679183],[19.0468136,47.5680013]]]},"properties":{"site":"aquincum","name":null,"category":"other","historic":null,"building":"yes","osm_id":346846508}},{"type":"Feature","geometry":{"type":"Polygon","coordinates":[[[19.0436618,47.5743927],[19.0436546,47.574379],[19.0436935,47.5743698],[19.0437006,47.5743834],[19.0436618,47.5743927]]]},"properties":{"site":"aquincum","name":null,"category":"other","historic":null,"building":"yes","osm_id":346846510}},{"type":"Feature","geometry":{"type":"Polygon","coordinates":[[[19.0469728,47.5679246],[19.0469688,47.5679078],[19.0470094,47.5679034],[19.0470135,47.5679201],[19.0469728,47.5679246]]]},"properties":{"site":"aquincum","name":null,"category":"other","historic":null,"building":"yes","osm_id":346846513}},{"type":"Feature","geometry":{"type":"Polygon","coordinates":[[[19.0450653,47.5726615],[19.0450492,47.5726167],[19.0451261,47.5726041],[19.0451423,47.5726489],[19.0450653,47.5726615]]]},"properties":{"site":"aquincum","name":null,"category":"other","historic":null,"building":"yes","osm_id":346846515}},{"type":"Feature","geometry":{"type":"Polygon","coordinates":[[[19.0469272,47.5677441],[19.047008,47.5677362],[19.0469965,47.5676828],[19.0469157,47.5676907],[19.0469272,47.5677441]]]},"properties":{"site":"aquincum","name":null,"category":"other","historic":null,"building":"yes","osm_id":346846517}},{"type":"Feature","geometry":{"type":"Polygon","coordinates":[[[19.043151,47.5680845],[19.0431284,47.5680011],[19.0433898,47.5679688],[19.0434125,47.5680523],[19.0432412,47.5680734],[19.043151,47.5680845]]]},"properties":{"site":"aquincum","name":null,"category":"other","historic":null,"building":"yes","osm_id":346846521}},{"type":"Feature","geometry":{"type":"Polygon","coordinates":[[[19.0457191,47.572548],[19.045701,47.5724994],[19.0457446,47.572492],[19.0457413,47.5724832],[19.0457891,47.5724751],[19.0458105,47.5725324],[19.0457191,47.572548]]]},"properties":{"site":"aquincum","name":null,"category":"other","historic":null,"building":"yes","osm_id":346846522}},{"type":"Feature","geometry":{"type":"Polygon","coordinates":[[[19.0411551,47.5679037],[19.0412047,47.5679018],[19.0412025,47.5678758],[19.04119,47.5678763],[19.0411892,47.5678673],[19.041152,47.5678687],[19.0411551,47.5679037]]]},"properties":{"site":"aquincum","name":null,"category":"other","historic":null,"building":"yes","osm_id":346846524}},{"type":"Feature","geometry":{"type":"Polygon","coordinates":[[[19.0451322,47.5728614],[19.0451179,47.5728169],[19.045184,47.5728072],[19.0451885,47.5728211],[19.0452235,47.572816],[19.0452334,47.5728466],[19.0451322,47.5728614]]]},"properties":{"site":"aquincum","name":null,"category":"other","historic":null,"building":"yes","osm_id":346846527}},{"type":"Feature","geometry":{"type":"Polygon","coordinates":[[[19.0412629,47.5677685],[19.0413192,47.5677644],[19.041315,47.5677385],[19.041295,47.56774],[19.04129,47.5677089],[19.0412538,47.5677116],[19.0412629,47.5677685]]]},"properties":{"site":"aquincum","name":null,"category":"other","historic":null,"building":"yes","osm_id":346846529}},{"type":"Feature","geometry":{"type":"Polygon","coordinates":[[[19.0433662,47.5683536],[19.043364,47.5683274],[19.0433516,47.5683279],[19.0433499,47.5683075],[19.0434178,47.568305],[19.0434216,47.5683515],[19.0433662,47.5683536]]]},"properties":{"site":"aquincum","name":null,"category":"other","historic":null,"building":"yes","osm_id":346846533}},{"type":"Feature","geometry":{"type":"Polygon","coordinates":[[[19.0441785,47.5682021],[19.0441729,47.5681591],[19.0442117,47.5681567],[19.0442127,47.5681644],[19.0442375,47.5681629],[19.0442421,47.5681983],[19.0441785,47.5682021]]]},"properties":{"site":"aquincum","name":null,"category":"other","historic":null,"building":"yes","osm_id":346846535}},{"type":"Feature","geometry":{"type":"Polygon","coordinates":[[[19.0439251,47.5747667],[19.0439673,47.5747542],[19.043976,47.5747675],[19.0440364,47.5747496],[19.0440023,47.5746972],[19.0438997,47.5747275],[19.0439251,47.5747667]]]},"properties":{"site":"aquincum","name":null,"category":"other","historic":null,"building":"yes","osm_id":346846538}},{"type":"Feature","geometry":{"type":"Polygon","coordinates":[[[19.044606,47.571072],[19.0446498,47.571068],[19.0446459,47.5710491],[19.0446691,47.5710469],[19.0446604,47.5710043],[19.0446373,47.5710064],[19.0446357,47.5709986],[19.044592,47.5710026],[19.044606,47.571072]]]},"properties":{"site":"aquincum","name":null,"category":"other","historic":null,"building":"yes","osm_id":346846539}},{"type":"Feature","geometry":{"type":"Polygon","coordinates":[[[19.0463734,47.5682083],[19.0464187,47.5682056],[19.04642,47.5682157],[19.0464942,47.5682113],[19.0464874,47.5681588],[19.0464213,47.5681627],[19.046416,47.5681222],[19.0463627,47.5681253],[19.0463734,47.5682083]]]},"properties":{"site":"aquincum","name":null,"category":"other","historic":null,"building":"yes","osm_id":346846543}},{"type":"Feature","geometry":{"type":"Polygon","coordinates":[[[19.0468208,47.5716997],[19.0468084,47.5716587],[19.0468878,47.5716477],[19.0469003,47.5716887],[19.0468208,47.5716997]]]},"properties":{"site":"aquincum","name":null,"category":"other","historic":null,"building":"yes","osm_id":346857210}},{"type":"Feature","geometry":{"type":"Polygon","coordinates":[[[19.050195,47.5747278],[19.0501889,47.5746999],[19.0503282,47.5746859],[19.0503344,47.5747138],[19.050195,47.5747278]]]},"properties":{"site":"aquincum","name":null,"category":"other","historic":null,"building":"yes","osm_id":346857211}},{"type":"Feature","geometry":{"type":"Polygon","coordinates":[[[19.0452704,47.5712751],[19.0453406,47.5712689],[19.0453306,47.5712175],[19.0452604,47.5712237],[19.0452704,47.5712751]]]},"properties":{"site":"aquincum","name":null,"category":"other","historic":null,"building":"yes","osm_id":346857212}},{"type":"Feature","geometry":{"type":"Polygon","coordinates":[[[19.045292,47.5711146],[19.0452827,47.5710685],[19.045345,47.5710628],[19.0453543,47.5711089],[19.045292,47.5711146]]]},"properties":{"site":"aquincum","name":null,"category":"other","historic":null,"building":"yes","osm_id":346857216}},{"type":"Feature","geometry":{"type":"Polygon","coordinates":[[[19.0536351,47.5737173],[19.0536271,47.5736644],[19.0538743,47.5736475],[19.0538822,47.5737004],[19.0536351,47.5737173]]]},"properties":{"site":"aquincum","name":null,"category":"other","historic":null,"building":"yes","osm_id":346857217}},{"type":"Feature","geometry":{"type":"Polygon","coordinates":[[[19.0450988,47.5712948],[19.0451544,47.5712909],[19.045149,47.5712566],[19.0450934,47.5712606],[19.0450988,47.5712948]]]},"properties":{"site":"aquincum","name":null,"category":"other","historic":null,"building":"yes","osm_id":346857228}},{"type":"Feature","geometry":{"type":"Polygon","coordinates":[[[19.0454267,47.5712232],[19.0454326,47.5712566],[19.0453487,47.5712634],[19.0453428,47.5712299],[19.0454267,47.5712232]]]},"properties":{"site":"aquincum","name":null,"category":"other","historic":null,"building":"yes","osm_id":346857232}},{"type":"Feature","geometry":{"type":"Polygon","coordinates":[[[19.0452743,47.5711868],[19.0452641,47.571132],[19.0454049,47.5711201],[19.0454151,47.5711749],[19.0452743,47.5711868]]]},"properties":{"site":"aquincum","name":null,"category":"other","historic":null,"building":"yes","osm_id":346857235}},{"type":"Feature","geometry":{"type":"Polygon","coordinates":[[[19.0536324,47.5736358],[19.0536248,47.5735881],[19.0538687,47.5735705],[19.0538762,47.5736181],[19.0536324,47.5736358]]]},"properties":{"site":"aquincum","name":null,"category":"other","historic":null,"building":"yes","osm_id":346857238}},{"type":"Feature","geometry":{"type":"Polygon","coordinates":[[[19.0470222,47.5715389],[19.0470971,47.5715298],[19.047071,47.5714314],[19.0469961,47.5714404],[19.0470222,47.5715389]]]},"properties":{"site":"aquincum","name":null,"category":"other","historic":null,"building":"yes","osm_id":346857239}},{"type":"Feature","geometry":{"type":"Polygon","coordinates":[[[19.0516679,47.5744397],[19.0518697,47.5743492],[19.0517355,47.5742129],[19.0519161,47.574132],[19.0517178,47.5739306],[19.051596,47.5739852],[19.051726,47.5741172],[19.0514654,47.574234],[19.0516679,47.5744397]]]},"properties":{"site":"aquincum","name":null,"category":"other","historic":null,"building":"yes","osm_id":346857244}},{"type":"Feature","geometry":{"type":"Polygon","coordinates":[[[19.0490626,47.5680988],[19.049088,47.5681055],[19.0491027,47.5680802],[19.0490773,47.5680735],[19.0490626,47.5680988]]]},"properties":{"site":"aquincum","name":null,"category":"other","historic":null,"building":"yes","osm_id":367195951}},{"type":"Feature","geometry":{"type":"Polygon","coordinates":[[[19.0454669,47.5649668],[19.0480348,47.5646244],[19.0476895,47.5633832],[19.0474969,47.5630594],[19.044868,47.5635868],[19.0447006,47.5638944],[19.0447783,47.5644554],[19.0450627,47.5648427],[19.0452906,47.5648753],[19.0454669,47.5649668]]]},"properties":{"site":"aquincum","name":"Aquincum, rómaikori romterület","category":"archaeological","historic":"archaeological_site","building":null,"osm_id":369996830}},{"type":"Feature","geometry":{"type":"Polygon","coordinates":[[[19.0500785,47.5635684],[19.0502295,47.5635515],[19.0502124,47.5634531],[19.0500587,47.5634695],[19.0500785,47.5635684]]]},"properties":{"site":"aquincum","name":null,"category":"archaeological","historic":null,"building":"ruins","osm_id":370002284}},{"type":"Feature","geometry":{"type":"Polygon","coordinates":[[[19.0496884,47.5644787],[19.0496872,47.5644752],[19.0496677,47.5644147],[19.0497629,47.5644007],[19.0497836,47.5644647],[19.0496884,47.5644787]]]},"properties":{"site":"aquincum","name":null,"category":"other","historic":null,"building":"yes","osm_id":370002285}},{"type":"Feature","geometry":{"type":"Polygon","coordinates":[[[19.0498306,47.5657117],[19.049819,47.5656723],[19.0498479,47.5656684],[19.0498351,47.5656246],[19.0497565,47.5656352],[19.0497687,47.5656765],[19.0497854,47.5656743],[19.0497877,47.5656824],[19.0497711,47.5656846],[19.049781,47.5657184],[19.0498306,47.5657117]]]},"properties":{"site":"aquincum","name":null,"category":"other","historic":null,"building":"yes","osm_id":370006185}},{"type":"Feature","geometry":{"type":"Polygon","coordinates":[[[19.0495004,47.5628313],[19.0494436,47.5627186],[19.0496089,47.5626806],[19.0496657,47.5627933],[19.0495004,47.5628313]]]},"properties":{"site":"aquincum","name":"Festőház","category":"other","historic":null,"building":"yes","osm_id":381697495}},{"type":"Feature","geometry":{"type":"Polygon","coordinates":[[[19.0465633,47.560663],[19.04665,47.5606482],[19.0466844,47.5606423],[19.0466564,47.5605675],[19.0466299,47.560572],[19.0465353,47.5605881],[19.0465633,47.560663]]]},"properties":{"site":"aquincum","name":null,"category":"other","historic":null,"building":"yes","osm_id":399048336}},{"type":"Feature","geometry":{"type":"Polygon","coordinates":[[[19.0484476,47.5627238],[19.0485026,47.562715],[19.0489649,47.5625483],[19.0489594,47.5625397],[19.0489428,47.5625136],[19.0484288,47.5626973],[19.0484476,47.5627238]]]},"properties":{"site":"aquincum","name":null,"category":"other","historic":null,"building":"yes","osm_id":400587301}},{"type":"Feature","geometry":{"type":"Polygon","coordinates":[[[19.0455421,47.5749002],[19.0454962,47.5749029],[19.0454915,47.5748667],[19.0454553,47.5748688],[19.0454434,47.5747774],[19.0454894,47.5747747],[19.0454884,47.5747675],[19.0455247,47.5747653],[19.0455421,47.5749002]]]},"properties":{"site":"aquincum","name":null,"category":"other","historic":null,"building":"yes","osm_id":484621863}},{"type":"Feature","geometry":{"type":"Polygon","coordinates":[[[19.0489364,47.5653021],[19.0489598,47.5652982],[19.0489553,47.5652856],[19.0489318,47.5652894],[19.0489364,47.5653021]]]},"properties":{"site":"aquincum","name":null,"category":"archaeological","historic":"aqueduct","building":"ruins","osm_id":505225943}},{"type":"Feature","geometry":{"type":"Polygon","coordinates":[[[19.0488146,47.564903],[19.0487844,47.5648203],[19.0487558,47.5648251],[19.048786,47.5649078],[19.0488146,47.564903]]]},"properties":{"site":"aquincum","name":null,"category":"archaeological","historic":"aqueduct","building":"ruins","osm_id":505225946}},{"type":"Feature","geometry":{"type":"Polygon","coordinates":[[[19.0487191,47.5647483],[19.0487426,47.5647444],[19.048738,47.5647318],[19.0487146,47.5647356],[19.0487191,47.5647483]]]},"properties":{"site":"aquincum","name":null,"category":"archaeological","historic":"aqueduct","building":"ruins","osm_id":505225952}},{"type":"Feature","geometry":{"type":"Polygon","coordinates":[[[19.0486789,47.5646433],[19.0487023,47.5646394],[19.0486978,47.5646268],[19.0486743,47.5646306],[19.0486789,47.5646433]]]},"properties":{"site":"aquincum","name":null,"category":"archaeological","historic":"aqueduct","building":"ruins","osm_id":505225955}},{"type":"Feature","geometry":{"type":"Polygon","coordinates":[[[19.0486661,47.5646098],[19.0486896,47.564606],[19.0486851,47.5645933],[19.0486616,47.5645972],[19.0486661,47.5646098]]]},"properties":{"site":"aquincum","name":null,"category":"archaeological","historic":"aqueduct","building":"ruins","osm_id":505225956}},{"type":"Feature","geometry":{"type":"Polygon","coordinates":[[[19.0486534,47.5645759],[19.0486769,47.564572],[19.0486723,47.5645594],[19.0486488,47.5645632],[19.0486534,47.5645759]]]},"properties":{"site":"aquincum","name":null,"category":"archaeological","historic":"aqueduct","building":"ruins","osm_id":505225957}},{"type":"Feature","geometry":{"type":"Polygon","coordinates":[[[19.0486393,47.5645392],[19.0486628,47.5645354],[19.0486582,47.5645227],[19.0486348,47.5645266],[19.0486393,47.5645392]]]},"properties":{"site":"aquincum","name":null,"category":"archaeological","historic":"aqueduct","building":"ruins","osm_id":505225958}},{"type":"Feature","geometry":{"type":"Polygon","coordinates":[[[19.0486279,47.564503],[19.0486514,47.5644992],[19.0486468,47.5644865],[19.0486234,47.5644904],[19.0486279,47.564503]]]},"properties":{"site":"aquincum","name":null,"category":"archaeological","historic":"aqueduct","building":"ruins","osm_id":505225959}},{"type":"Feature","geometry":{"type":"Polygon","coordinates":[[[19.0485193,47.5642171],[19.0485428,47.5642132],[19.0485382,47.5642006],[19.0485147,47.5642044],[19.0485193,47.5642171]]]},"properties":{"site":"aquincum","name":null,"category":"archaeological","historic":"aqueduct","building":"ruins","osm_id":505225960}},{"type":"Feature","geometry":{"type":"Polygon","coordinates":[[[19.048536,47.5642605],[19.0485595,47.5642567],[19.048555,47.564244],[19.0485315,47.5642479],[19.048536,47.5642605]]]},"properties":{"site":"aquincum","name":null,"category":"archaeological","historic":"aqueduct","building":"ruins","osm_id":505225961}},{"type":"Feature","geometry":{"type":"Polygon","coordinates":[[[19.0485501,47.5642949],[19.0485736,47.564291],[19.0485691,47.5642784],[19.0485456,47.5642823],[19.0485501,47.5642949]]]},"properties":{"site":"aquincum","name":null,"category":"archaeological","historic":"aqueduct","building":"ruins","osm_id":505225962}},{"type":"Feature","geometry":{"type":"Polygon","coordinates":[[[19.0484217,47.5639456],[19.0484452,47.5639417],[19.0484406,47.5639291],[19.0484172,47.5639329],[19.0484217,47.5639456]]]},"properties":{"site":"aquincum","name":null,"category":"archaeological","historic":"aqueduct","building":"ruins","osm_id":505225963}},{"type":"Feature","geometry":{"type":"Polygon","coordinates":[[[19.048408,47.5639126],[19.0484314,47.5639087],[19.0484269,47.5638961],[19.0484034,47.5638999],[19.048408,47.5639126]]]},"properties":{"site":"aquincum","name":null,"category":"archaeological","historic":"aqueduct","building":"ruins","osm_id":505225964}},{"type":"Feature","geometry":{"type":"Polygon","coordinates":[[[19.0483972,47.5638768],[19.0484207,47.563873],[19.0484162,47.5638603],[19.0483927,47.5638642],[19.0483972,47.5638768]]]},"properties":{"site":"aquincum","name":null,"category":"archaeological","historic":"aqueduct","building":"ruins","osm_id":505225965}},{"type":"Feature","geometry":{"type":"Polygon","coordinates":[[[19.0483825,47.5638433],[19.048406,47.5638395],[19.0484014,47.5638268],[19.0483779,47.5638307],[19.0483825,47.5638433]]]},"properties":{"site":"aquincum","name":null,"category":"archaeological","historic":"aqueduct","building":"ruins","osm_id":505225966}},{"type":"Feature","geometry":{"type":"Polygon","coordinates":[[[19.0483698,47.5638085],[19.0483932,47.5638046],[19.0483887,47.563792],[19.0483652,47.5637959],[19.0483698,47.5638085]]]},"properties":{"site":"aquincum","name":null,"category":"archaeological","historic":"aqueduct","building":"ruins","osm_id":505225967}},{"type":"Feature","geometry":{"type":"Polygon","coordinates":[[[19.0483573,47.5637734],[19.0483808,47.5637696],[19.0483763,47.5637569],[19.0483528,47.5637608],[19.0483573,47.5637734]]]},"properties":{"site":"aquincum","name":null,"category":"archaeological","historic":"aqueduct","building":"ruins","osm_id":505225968}},{"type":"Feature","geometry":{"type":"Polygon","coordinates":[[[19.0483423,47.5637375],[19.0483657,47.5637336],[19.0483612,47.563721],[19.0483377,47.5637248],[19.0483423,47.5637375]]]},"properties":{"site":"aquincum","name":null,"category":"archaeological","historic":"aqueduct","building":"ruins","osm_id":505225969}},{"type":"Feature","geometry":{"type":"Polygon","coordinates":[[[19.0482363,47.5634601],[19.0482598,47.5634562],[19.0482552,47.5634436],[19.0482318,47.5634475],[19.0482363,47.5634601]]]},"properties":{"site":"aquincum","name":null,"category":"archaeological","historic":"aqueduct","building":"ruins","osm_id":505225970}},{"type":"Feature","geometry":{"type":"Polygon","coordinates":[[[19.0482256,47.5634284],[19.0482491,47.5634246],[19.0482445,47.5634119],[19.048221,47.5634158],[19.0482256,47.5634284]]]},"properties":{"site":"aquincum","name":null,"category":"archaeological","historic":"aqueduct","building":"ruins","osm_id":505225971}},{"type":"Feature","geometry":{"type":"Polygon","coordinates":[[[19.0482155,47.5633999],[19.048239,47.5633961],[19.0482344,47.5633834],[19.048211,47.5633873],[19.0482155,47.5633999]]]},"properties":{"site":"aquincum","name":null,"category":"archaeological","historic":"aqueduct","building":"ruins","osm_id":505225972}},{"type":"Feature","geometry":{"type":"Polygon","coordinates":[[[19.0480995,47.5630809],[19.048123,47.5630771],[19.0481184,47.5630644],[19.048095,47.5630683],[19.0480995,47.5630809]]]},"properties":{"site":"aquincum","name":null,"category":"archaeological","historic":"aqueduct","building":"ruins","osm_id":505225973}},{"type":"Feature","geometry":{"type":"Polygon","coordinates":[[[19.0481139,47.5631146],[19.0481374,47.5631108],[19.0481329,47.5630981],[19.0481094,47.563102],[19.0481139,47.5631146]]]},"properties":{"site":"aquincum","name":null,"category":"archaeological","historic":"aqueduct","building":"ruins","osm_id":505225974}},{"type":"Feature","geometry":{"type":"Polygon","coordinates":[[[19.0481284,47.5631501],[19.0481518,47.5631463],[19.0481473,47.5631337],[19.0481238,47.5631375],[19.0481284,47.5631501]]]},"properties":{"site":"aquincum","name":null,"category":"archaeological","historic":"aqueduct","building":"ruins","osm_id":505225975}},{"type":"Feature","geometry":{"type":"Polygon","coordinates":[[[19.0480036,47.5628024],[19.0480271,47.5627986],[19.0480226,47.5627859],[19.0479991,47.5627898],[19.0480036,47.5628024]]]},"properties":{"site":"aquincum","name":null,"category":"archaeological","historic":"aqueduct","building":"ruins","osm_id":505225976}},{"type":"Feature","geometry":{"type":"Polygon","coordinates":[[[19.0479899,47.5627655],[19.0480134,47.5627617],[19.0480088,47.5627491],[19.0479853,47.5627529],[19.0479899,47.5627655]]]},"properties":{"site":"aquincum","name":null,"category":"archaeological","historic":"aqueduct","building":"ruins","osm_id":505225977}},{"type":"Feature","geometry":{"type":"Polygon","coordinates":[[[19.0478645,47.5624375],[19.047888,47.5624336],[19.0478834,47.562421],[19.0478599,47.5624249],[19.0478645,47.5624375]]]},"properties":{"site":"aquincum","name":null,"category":"archaeological","historic":"aqueduct","building":"ruins","osm_id":505225978}},{"type":"Feature","geometry":{"type":"Polygon","coordinates":[[[19.0478528,47.5624065],[19.0478762,47.5624027],[19.0478717,47.56239],[19.0478482,47.5623939],[19.0478528,47.5624065]]]},"properties":{"site":"aquincum","name":null,"category":"archaeological","historic":"aqueduct","building":"ruins","osm_id":505225979}},{"type":"Feature","geometry":{"type":"Polygon","coordinates":[[[19.0478139,47.5623045],[19.0478373,47.5623006],[19.0478328,47.562288],[19.0478093,47.5622918],[19.0478139,47.5623045]]]},"properties":{"site":"aquincum","name":null,"category":"archaeological","historic":"aqueduct","building":"ruins","osm_id":505225980}},{"type":"Feature","geometry":{"type":"Polygon","coordinates":[[[19.04784,47.5623726],[19.0478635,47.5623687],[19.0478589,47.5623561],[19.0478355,47.5623599],[19.04784,47.5623726]]]},"properties":{"site":"aquincum","name":null,"category":"archaeological","historic":"aqueduct","building":"ruins","osm_id":505225981}},{"type":"Feature","geometry":{"type":"Polygon","coordinates":[[[19.047827,47.5623397],[19.0478505,47.5623358],[19.0478459,47.5623232],[19.0478225,47.562327],[19.047827,47.5623397]]]},"properties":{"site":"aquincum","name":null,"category":"archaeological","historic":"aqueduct","building":"ruins","osm_id":505225982}},{"type":"Feature","geometry":{"type":"Polygon","coordinates":[[[19.0479797,47.5626756],[19.0478986,47.5624534],[19.04787,47.5624582],[19.0479511,47.5626803],[19.0479797,47.5626756]]]},"properties":{"site":"aquincum","name":null,"category":"archaeological","historic":"aqueduct","building":"ruins","osm_id":505225983}},{"type":"Feature","geometry":{"type":"Polygon","coordinates":[[[19.0513766,47.5744674],[19.0514329,47.5744444],[19.0513947,47.5744019],[19.0513383,47.574425],[19.0513766,47.5744674]]]},"properties":{"site":"aquincum","name":null,"category":"other","historic":null,"building":"yes","osm_id":561140391}},{"type":"Feature","geometry":{"type":"Polygon","coordinates":[[[19.0527116,47.5606933],[19.0526342,47.5605211],[19.0532462,47.5603957],[19.0533236,47.560568],[19.0527116,47.5606933]]]},"properties":{"site":"aquincum","name":"I épület (piros I)","category":"other","historic":null,"building":"office","osm_id":600818311}},{"type":"Feature","geometry":{"type":"Polygon","coordinates":[[[19.0537983,47.5599529],[19.053863,47.5600981],[19.0536684,47.5601376],[19.0535715,47.5599202],[19.0533648,47.5599621],[19.0534298,47.5601081],[19.0532567,47.5601432],[19.0531989,47.5600133],[19.0530951,47.5600344],[19.0531107,47.5600693],[19.0526583,47.5601611],[19.0526165,47.5600673],[19.0524024,47.5601107],[19.052336,47.5599615],[19.0528144,47.5598644],[19.0528369,47.5599149],[19.0530114,47.5598795],[19.0529783,47.5598052],[19.0532869,47.5597426],[19.053356,47.5598974],[19.0536331,47.5598411],[19.0536074,47.5597836],[19.0534982,47.5598058],[19.0533966,47.5595782],[19.0537204,47.5595124],[19.0536527,47.5593606],[19.0538415,47.5593223],[19.0539437,47.5595513],[19.0538555,47.5595692],[19.0538941,47.5596557],[19.0539819,47.5596378],[19.0540955,47.5598926],[19.0538571,47.559941],[19.0537983,47.5599529]]]},"properties":{"site":"aquincum","name":"S épület (sötétkék S)","category":"other","historic":null,"building":"office","osm_id":600818312}},{"type":"Feature","geometry":{"type":"Polygon","coordinates":[[[19.0452448,47.5659473],[19.0453486,47.5659338],[19.0453425,47.5659121],[19.045377,47.5659076],[19.0453583,47.5658423],[19.0451764,47.5658659],[19.0451911,47.5659174],[19.0452346,47.5659117],[19.0452448,47.5659473]]]},"properties":{"site":"aquincum","name":null,"category":"other","historic":null,"building":"yes","osm_id":656303392}},{"type":"Feature","geometry":{"type":"Polygon","coordinates":[[[19.0465239,47.5655612],[19.0464564,47.5655665],[19.0464464,47.565509],[19.046514,47.5655037],[19.0465239,47.5655612]]]},"properties":{"site":"aquincum","name":null,"category":"other","historic":null,"building":"yes","osm_id":656303394}},{"type":"Feature","geometry":{"type":"Polygon","coordinates":[[[19.0455279,47.5658225],[19.0455915,47.565815],[19.0455685,47.5657266],[19.0455048,47.5657342],[19.0455279,47.5658225]]]},"properties":{"site":"aquincum","name":null,"category":"other","historic":null,"building":"yes","osm_id":656303395}},{"type":"Feature","geometry":{"type":"Polygon","coordinates":[[[19.0450832,47.565854],[19.0449899,47.5658649],[19.0449654,47.5657684],[19.0450515,47.5657584],[19.045056,47.5657761],[19.0450987,47.5657711],[19.0451111,47.5658197],[19.0450755,47.5658238],[19.0450832,47.565854]]]},"properties":{"site":"aquincum","name":null,"category":"other","historic":null,"building":"yes","osm_id":656303396}},{"type":"Feature","geometry":{"type":"Polygon","coordinates":[[[19.0450895,47.5655399],[19.0449971,47.5655449],[19.0449878,47.5654657],[19.0450803,47.5654607],[19.0450895,47.5655399]]]},"properties":{"site":"aquincum","name":null,"category":"other","historic":null,"building":"yes","osm_id":656303397}},{"type":"Feature","geometry":{"type":"Polygon","coordinates":[[[19.0463167,47.5656475],[19.0462528,47.5656523],[19.0462422,47.565589],[19.0463061,47.5655842],[19.0463167,47.5656475]]]},"properties":{"site":"aquincum","name":null,"category":"other","historic":null,"building":"yes","osm_id":656303398}},{"type":"Feature","geometry":{"type":"Polygon","coordinates":[[[19.0448085,47.5656493],[19.0448786,47.5656439],[19.0448675,47.5655787],[19.0447975,47.5655841],[19.0448085,47.5656493]]]},"properties":{"site":"aquincum","name":null,"category":"other","historic":null,"building":"yes","osm_id":656304309}},{"type":"Feature","geometry":{"type":"Polygon","coordinates":[[[19.0447842,47.5655596],[19.0448441,47.5655557],[19.0448346,47.5654896],[19.0447748,47.5654935],[19.0447842,47.5655596]]]},"properties":{"site":"aquincum","name":null,"category":"other","historic":null,"building":"yes","osm_id":656304310}},{"type":"Feature","geometry":{"type":"Polygon","coordinates":[[[19.0455739,47.5653632],[19.0456688,47.5653547],[19.0456534,47.5652762],[19.0455585,47.5652847],[19.0455739,47.5653632]]]},"properties":{"site":"aquincum","name":null,"category":"other","historic":null,"building":"yes","osm_id":656304311}},{"type":"Feature","geometry":{"type":"Polygon","coordinates":[[[19.0459578,47.5654649],[19.0460689,47.5654546],[19.0460549,47.5653861],[19.0459438,47.5653964],[19.0459578,47.5654649]]]},"properties":{"site":"aquincum","name":null,"category":"other","historic":null,"building":"yes","osm_id":656304312}},{"type":"Feature","geometry":{"type":"Polygon","coordinates":[[[19.0460781,47.5651745],[19.045998,47.5651786],[19.0459913,47.5651194],[19.0460715,47.5651153],[19.0460781,47.5651745]]]},"properties":{"site":"aquincum","name":null,"category":"other","historic":null,"building":"yes","osm_id":656304313}},{"type":"Feature","geometry":{"type":"Polygon","coordinates":[[[19.0461731,47.5650874],[19.0461172,47.5650913],[19.0461077,47.5650294],[19.0461637,47.5650255],[19.0461731,47.5650874]]]},"properties":{"site":"aquincum","name":null,"category":"other","historic":null,"building":"yes","osm_id":656304314}},{"type":"Feature","geometry":{"type":"Polygon","coordinates":[[[19.045221,47.5651322],[19.0452874,47.5651223],[19.0452699,47.565069],[19.0452603,47.5650704],[19.0452035,47.5650789],[19.045221,47.5651322]]]},"properties":{"site":"aquincum","name":null,"category":"other","historic":null,"building":"yes","osm_id":656304315}},{"type":"Feature","geometry":{"type":"Polygon","coordinates":[[[19.0452035,47.5650789],[19.0451832,47.5650157],[19.0452407,47.5650075],[19.0452603,47.5650704],[19.0452035,47.5650789]]]},"properties":{"site":"aquincum","name":null,"category":"other","historic":null,"building":"yes","osm_id":656304316}},{"type":"Feature","geometry":{"type":"Polygon","coordinates":[[[19.0456568,47.5652119],[19.0457183,47.5652073],[19.0457089,47.5651503],[19.0456474,47.5651549],[19.0456568,47.5652119]]]},"properties":{"site":"aquincum","name":null,"category":"other","historic":null,"building":"yes","osm_id":667625022}},{"type":"Feature","geometry":{"type":"Polygon","coordinates":[[[19.0458284,47.565402],[19.0458931,47.5653966],[19.0458784,47.565316],[19.0458137,47.5653214],[19.0458284,47.565402]]]},"properties":{"site":"aquincum","name":null,"category":"other","historic":null,"building":"yes","osm_id":667625023}},{"type":"Feature","geometry":{"type":"Polygon","coordinates":[[[19.0470421,47.5651558],[19.0471601,47.5651395],[19.0471464,47.5650943],[19.0470284,47.5651106],[19.0470421,47.5651558]]]},"properties":{"site":"aquincum","name":null,"category":"other","historic":null,"building":"yes","osm_id":667625024}},{"type":"Feature","geometry":{"type":"Polygon","coordinates":[[[19.047478,47.5651242],[19.0475853,47.5651079],[19.0475672,47.5650537],[19.0474599,47.56507],[19.047478,47.5651242]]]},"properties":{"site":"aquincum","name":null,"category":"other","historic":null,"building":"yes","osm_id":667625025}},{"type":"Feature","geometry":{"type":"Polygon","coordinates":[[[19.0473948,47.5656291],[19.0475303,47.5656146],[19.04752,47.5655708],[19.0473846,47.5655853],[19.0473948,47.5656291]]]},"properties":{"site":"aquincum","name":null,"category":"other","historic":null,"building":"yes","osm_id":667625026}},{"type":"Feature","geometry":{"type":"Polygon","coordinates":[[[19.047529,47.5657205],[19.0475976,47.5657117],[19.0475721,47.5656212],[19.0475035,47.56563],[19.047529,47.5657205]]]},"properties":{"site":"aquincum","name":null,"category":"other","historic":null,"building":"yes","osm_id":667625027}},{"type":"Feature","geometry":{"type":"Polygon","coordinates":[[[19.0471776,47.5656155],[19.0472601,47.5656043],[19.0472359,47.5655237],[19.0471534,47.565535],[19.0471776,47.5656155]]]},"properties":{"site":"aquincum","name":null,"category":"other","historic":null,"building":"yes","osm_id":667625028}},{"type":"Feature","geometry":{"type":"Polygon","coordinates":[[[19.0472017,47.5656951],[19.0472864,47.5656834],[19.0472677,47.5656218],[19.0471829,47.5656336],[19.0472017,47.5656951]]]},"properties":{"site":"aquincum","name":null,"category":"other","historic":null,"building":"yes","osm_id":667625029}},{"type":"Feature","geometry":{"type":"Polygon","coordinates":[[[19.0438838,47.5663159],[19.0439535,47.5663163],[19.0439549,47.5662177],[19.0438852,47.5662173],[19.0438838,47.5663159]]]},"properties":{"site":"aquincum","name":null,"category":"other","historic":null,"building":"yes","osm_id":667625035}},{"type":"Feature","geometry":{"type":"Polygon","coordinates":[[[19.0441748,47.56621],[19.0442569,47.5661993],[19.044218,47.5660644],[19.044136,47.5660752],[19.0441748,47.56621]]]},"properties":{"site":"aquincum","name":null,"category":"other","historic":null,"building":"yes","osm_id":667625036}},{"type":"Feature","geometry":{"type":"Polygon","coordinates":[[[19.0443532,47.5661675],[19.0444403,47.5661575],[19.0444202,47.5660779],[19.0443331,47.5660879],[19.0443532,47.5661675]]]},"properties":{"site":"aquincum","name":null,"category":"other","historic":null,"building":"yes","osm_id":667625037}},{"type":"Feature","geometry":{"type":"Polygon","coordinates":[[[19.054452,47.5602109],[19.0544206,47.5601354],[19.0544783,47.5601245],[19.0545098,47.5602],[19.054452,47.5602109]]]},"properties":{"site":"aquincum","name":null,"category":"other","historic":null,"building":"yes","osm_id":780587919}},{"type":"Feature","geometry":{"type":"Polygon","coordinates":[[[19.0543963,47.5612114],[19.0545145,47.5610758],[19.0545935,47.5611071],[19.0546429,47.5610505],[19.0550632,47.5612171],[19.0548956,47.5614095],[19.0543963,47.5612114]]]},"properties":{"site":"aquincum","name":"Ma épület (narancssárga Ma)","category":"other","historic":null,"building":"office","osm_id":781831177}},{"type":"Feature","geometry":{"type":"Polygon","coordinates":[[[19.0543856,47.5612083],[19.054104,47.5610948],[19.0541611,47.5610303],[19.0542808,47.5610786],[19.0544621,47.5608738],[19.0546238,47.560939],[19.0543856,47.5612083]]]},"properties":{"site":"aquincum","name":"M épület (narancssárga M)","category":"other","historic":null,"building":"office","osm_id":781831178}},{"type":"Feature","geometry":{"type":"Polygon","coordinates":[[[19.0487961,47.56343],[19.048815,47.5634778],[19.049091,47.5634282],[19.0490722,47.5633805],[19.0487961,47.56343]]]},"properties":{"site":"aquincum","name":null,"category":"other","historic":null,"building":"yes","osm_id":784886675}},{"type":"Feature","geometry":{"type":"Polygon","coordinates":[[[19.0501962,47.5623939],[19.0500664,47.5624259],[19.0502771,47.5628148],[19.0504069,47.5627828],[19.0501962,47.5623939]]]},"properties":{"site":"aquincum","name":null,"category":"other","historic":null,"building":"yes","osm_id":784886681}},{"type":"Feature","geometry":{"type":"Polygon","coordinates":[[[19.0504271,47.5628295],[19.05037,47.5628436],[19.0511038,47.5641937],[19.0511609,47.5641796],[19.0504271,47.5628295]]]},"properties":{"site":"aquincum","name":null,"category":"other","historic":null,"building":"yes","osm_id":784886682}},{"type":"Feature","geometry":{"type":"Polygon","coordinates":[[[19.0512026,47.5642563],[19.0511476,47.5642693],[19.0517312,47.5653902],[19.0517861,47.5653771],[19.0512026,47.5642563]]]},"properties":{"site":"aquincum","name":null,"category":"other","historic":null,"building":"yes","osm_id":784886683}},{"type":"Feature","geometry":{"type":"Polygon","coordinates":[[[19.0497534,47.5624306],[19.0499759,47.5623908],[19.0500091,47.5624752],[19.0497866,47.562515],[19.0497534,47.5624306]]]},"properties":{"site":"aquincum","name":null,"category":"archaeological","historic":null,"building":"ruins","osm_id":784886684}},{"type":"Feature","geometry":{"type":"Polygon","coordinates":[[[19.0410259,47.5734984],[19.0411077,47.5735138],[19.0411298,47.5734605],[19.041048,47.5734451],[19.0410259,47.5734984]]]},"properties":{"site":"aquincum","name":null,"category":"other","historic":null,"building":"yes","osm_id":809893137}},{"type":"Feature","geometry":{"type":"Polygon","coordinates":[[[19.0503747,47.5624299],[19.0505069,47.5626942],[19.0505792,47.5626777],[19.050555,47.5626293],[19.050447,47.5624134],[19.0504116,47.5624215],[19.0503747,47.5624299]]]},"properties":{"site":"aquincum","name":"Öltözők","category":"other","historic":null,"building":"yes","osm_id":848387181}},{"type":"Feature","geometry":{"type":"Polygon","coordinates":[[[19.0505792,47.5626777],[19.0507461,47.5626397],[19.0507219,47.5625912],[19.050555,47.5626293],[19.0505792,47.5626777]]]},"properties":{"site":"aquincum","name":"Klub szoba / Büfé","category":"other","historic":null,"building":"yes","osm_id":848387182}},{"type":"Feature","geometry":{"type":"Polygon","coordinates":[[[19.0503747,47.5624299],[19.0503607,47.5624019],[19.0503976,47.5623935],[19.0504116,47.5624215],[19.0503747,47.5624299]]]},"properties":{"site":"aquincum","name":null,"category":"other","historic":null,"building":"yes","osm_id":848387185}},{"type":"Feature","geometry":{"type":"Polygon","coordinates":[[[19.0483742,47.5618139],[19.0483502,47.5618188],[19.0483647,47.5618507],[19.0483886,47.5618458],[19.0483742,47.5618139]]]},"properties":{"site":"aquincum","name":null,"category":"other","historic":null,"building":"yes","osm_id":938526600}},{"type":"Feature","geometry":{"type":"Polygon","coordinates":[[[19.0486012,47.5621131],[19.0486515,47.5621027],[19.0486394,47.5620761],[19.0485891,47.5620865],[19.0486012,47.5621131]]]},"properties":{"site":"aquincum","name":null,"category":"other","historic":null,"building":"yes","osm_id":938526601}},{"type":"Feature","geometry":{"type":"Polygon","coordinates":[[[19.0484409,47.561948],[19.048465,47.5620021],[19.0485557,47.5619837],[19.0485315,47.5619296],[19.0484409,47.561948]]]},"properties":{"site":"aquincum","name":null,"category":"other","historic":null,"building":"yes","osm_id":938526602}},{"type":"Feature","geometry":{"type":"Polygon","coordinates":[[[19.04834,47.5620983],[19.0483278,47.562068],[19.0483588,47.5620623],[19.0483479,47.5620354],[19.0483874,47.5620282],[19.0483519,47.5619403],[19.0481499,47.5619774],[19.0482084,47.5621225],[19.04834,47.5620983]]]},"properties":{"site":"aquincum","name":null,"category":"other","historic":null,"building":"yes","osm_id":938526620}},{"type":"Feature","geometry":{"type":"Polygon","coordinates":[[[19.0434723,47.5600185],[19.0434618,47.5599928],[19.0434331,47.5599982],[19.043395,47.5599056],[19.0435238,47.5598814],[19.0435724,47.5599997],[19.0434723,47.5600185]]]},"properties":{"site":"aquincum","name":null,"category":"other","historic":null,"building":"yes","osm_id":952958488}},{"type":"Feature","geometry":{"type":"Polygon","coordinates":[[[19.0455937,47.5733519],[19.045874,47.573313],[19.0458444,47.5732158],[19.0455641,47.5732547],[19.0455937,47.5733519]]]},"properties":{"site":"aquincum","name":null,"category":"other","historic":null,"building":"yes","osm_id":953386768}},{"type":"Feature","geometry":{"type":"Polygon","coordinates":[[[19.0450966,47.5688222],[19.0452712,47.5688073],[19.0452846,47.5688788],[19.04511,47.5688937],[19.0450966,47.5688222]]]},"properties":{"site":"aquincum","name":null,"category":"other","historic":null,"building":"yes","osm_id":968313969}},{"type":"Feature","geometry":{"type":"Polygon","coordinates":[[[19.0525423,47.5630102],[19.052476,47.5628788],[19.0524527,47.5628842],[19.0523265,47.5629132],[19.05236,47.5629795],[19.0523935,47.5630458],[19.0525423,47.5630102]]]},"properties":{"site":"aquincum","name":null,"category":"other","historic":null,"building":"yes","osm_id":996005586}},{"type":"Feature","geometry":{"type":"Polygon","coordinates":[[[19.0421281,47.5616722],[19.0427533,47.5615536],[19.0428049,47.5616774],[19.0428452,47.5617741],[19.0422199,47.5618927],[19.0421281,47.5616722]]]},"properties":{"site":"aquincum","name":"BioTech USA Kft.","category":"other","historic":null,"building":"office","osm_id":1104401392}},{"type":"Feature","geometry":{"type":"Polygon","coordinates":[[[19.041085,47.5649663],[19.0415267,47.5648614],[19.0415741,47.5649524],[19.0411324,47.5650572],[19.041085,47.5649663]]]},"properties":{"site":"aquincum","name":null,"category":"other","historic":null,"building":"yes","osm_id":1104401399}},{"type":"Feature","geometry":{"type":"Polygon","coordinates":[[[19.0523989,47.5717603],[19.0524457,47.5719565],[19.0523699,47.5719643],[19.0523656,47.5719454],[19.052292,47.571953],[19.0522828,47.5719125],[19.0522434,47.5719166],[19.0522228,47.5718259],[19.0522502,47.571823],[19.05224,47.5717778],[19.0523989,47.5717603]]]},"properties":{"site":"aquincum","name":null,"category":"other","historic":null,"building":"apartments","osm_id":1267533171}},{"type":"Feature","geometry":{"type":"Polygon","coordinates":[[[19.0546092,47.5647777],[19.05469,47.5647342],[19.0546388,47.5646909],[19.054558,47.5647344],[19.0546092,47.5647777]]]},"properties":{"site":"aquincum","name":null,"category":"other","historic":null,"building":"yes","osm_id":1268613098}},{"type":"Feature","geometry":{"type":"Polygon","coordinates":[[[19.0541142,47.5645233],[19.0541993,47.5645187],[19.0541948,47.5644805],[19.0541096,47.5644851],[19.0541142,47.5645233]]]},"properties":{"site":"aquincum","name":null,"category":"other","historic":null,"building":"yes","osm_id":1268613099}},{"type":"Feature","geometry":{"type":"Polygon","coordinates":[[[19.0419197,47.5682846],[19.0419948,47.568279],[19.0419873,47.5682328],[19.0419122,47.5682383],[19.0419197,47.5682846]]]},"properties":{"site":"aquincum","name":null,"category":"other","historic":null,"building":"yes","osm_id":1271942351}},{"type":"Feature","geometry":{"type":"Polygon","coordinates":[[[19.0419304,47.5683691],[19.0420055,47.5683635],[19.0419979,47.5683172],[19.0419228,47.5683228],[19.0419304,47.5683691]]]},"properties":{"site":"aquincum","name":null,"category":"other","historic":null,"building":"yes","osm_id":1271942352}},{"type":"Feature","geometry":{"type":"Polygon","coordinates":[[[19.041941,47.5684608],[19.0420161,47.5684552],[19.0420086,47.5684089],[19.0419335,47.5684145],[19.041941,47.5684608]]]},"properties":{"site":"aquincum","name":null,"category":"other","historic":null,"building":"yes","osm_id":1271942353}},{"type":"Feature","geometry":{"type":"Polygon","coordinates":[[[19.0419623,47.5685506],[19.0420374,47.568545],[19.0420299,47.5684988],[19.0419548,47.5685043],[19.0419623,47.5685506]]]},"properties":{"site":"aquincum","name":null,"category":"other","historic":null,"building":"yes","osm_id":1271942354}},{"type":"Feature","geometry":{"type":"Polygon","coordinates":[[[19.0419703,47.5686459],[19.0420454,47.5686403],[19.0420379,47.568594],[19.0419628,47.5685996],[19.0419703,47.5686459]]]},"properties":{"site":"aquincum","name":null,"category":"other","historic":null,"building":"yes","osm_id":1271942355}},{"type":"Feature","geometry":{"type":"Polygon","coordinates":[[[19.041989,47.5687267],[19.0420641,47.5687212],[19.0420565,47.5686749],[19.0419814,47.5686805],[19.041989,47.5687267]]]},"properties":{"site":"aquincum","name":null,"category":"other","historic":null,"building":"yes","osm_id":1271942356}},{"type":"Feature","geometry":{"type":"Polygon","coordinates":[[[19.0420023,47.5688256],[19.0420774,47.56882],[19.0420698,47.5687737],[19.0419947,47.5687793],[19.0420023,47.5688256]]]},"properties":{"site":"aquincum","name":null,"category":"other","historic":null,"building":"yes","osm_id":1271942357}},{"type":"Feature","geometry":{"type":"Polygon","coordinates":[[[19.0420263,47.5689155],[19.0421014,47.5689099],[19.0420938,47.5688636],[19.0420187,47.5688692],[19.0420263,47.5689155]]]},"properties":{"site":"aquincum","name":null,"category":"other","historic":null,"building":"yes","osm_id":1271942358}},{"type":"Feature","geometry":{"type":"Polygon","coordinates":[[[19.0414086,47.5595113],[19.0415938,47.5594807],[19.0415747,47.5594281],[19.0418436,47.5593836],[19.0419171,47.559586],[19.041988,47.5595743],[19.042164,47.5600589],[19.041639,47.5601457],[19.0414086,47.5595113]]]},"properties":{"site":"aquincum","name":null,"category":"other","historic":null,"building":"yes","osm_id":1486311716}},{"type":"Feature","geometry":{"type":"Polygon","coordinates":[[[19.0428067,47.5623523],[19.0427808,47.5622921],[19.0427495,47.5622196],[19.042952,47.5621799],[19.0430093,47.5623125],[19.0428067,47.5623523]]]},"properties":{"site":"aquincum","name":null,"category":"other","historic":null,"building":"yes","osm_id":1539510094}},{"type":"Feature","geometry":{"type":"Polygon","coordinates":[[[19.0428067,47.5623523],[19.0424875,47.562423],[19.0424585,47.5623627],[19.0427808,47.5622921],[19.0428067,47.5623523]]]},"properties":{"site":"aquincum","name":null,"category":"other","historic":null,"building":"yes","osm_id":1539510095}}]}