{"type":"FeatureCollection","features":[{"type":"Feature","geometry":{"type":"Polygon","coordinates":[[[10.23546,45.5326705],[10.23476,45.5326463],[10.2347522,45.5328392],[10.2345187,45.5328334],[10.2345323,45.5326741],[10.2345362,45.5326286],[10.2345403,45.5325794],[10.2345521,45.5324415],[10.2354356,45.5311152],[10.2362436,45.5311461],[10.2362143,45.5311863],[10.2357522,45.5318579],[10.2355541,45.5321442],[10.2354914,45.5322301],[10.2355335,45.5323223],[10.2354845,45.5323924],[10.23546,45.5326705]]]},"properties":{"site":"brescia","name":"Coop","category":"other","historic":null,"building":"commercial","osm_id":24021032}},{"type":"Feature","geometry":{"type":"Polygon","coordinates":[[[10.212218,45.532551],[10.2122598,45.5326316],[10.2120773,45.5326781],[10.2119104,45.5327205],[10.2118984,45.5326975],[10.2118686,45.5326399],[10.212218,45.532551]]]},"properties":{"site":"brescia","name":"Tronco Ovest","category":"other","historic":null,"building":"yes","osm_id":31358443}},{"type":"Feature","geometry":{"type":"Polygon","coordinates":[[[10.2199,45.5438404],[10.2203274,45.5437648],[10.2202892,45.5436527],[10.2202672,45.5435899],[10.220228,45.5435954],[10.2198451,45.5436494],[10.2199,45.5438404]]]},"properties":{"site":"brescia","name":"Chiesa dei Santi Faustino e Giovita","category":"medieval","historic":null,"building":"church","osm_id":46624665}},{"type":"Feature","geometry":{"type":"Polygon","coordinates":[[[10.2193002,45.5440401],[10.2192656,45.5439476],[10.2192583,45.5439281],[10.2192473,45.5439015],[10.2192092,45.543809],[10.2188862,45.5438264],[10.2186796,45.5436962],[10.2185684,45.5437508],[10.218446,45.5439004],[10.2183629,45.5438457],[10.2181671,45.5439527],[10.218269,45.5440275],[10.2184482,45.5442444],[10.2185946,45.5444267],[10.2187946,45.5443793],[10.2191878,45.544275],[10.2190897,45.5440964],[10.2193002,45.5440401]]]},"properties":{"site":"brescia","name":"Palazzo Calini ai Fiumi","category":"other","historic":null,"building":"palace","osm_id":46657153}},{"type":"Feature","geometry":{"type":"Polygon","coordinates":[[[10.2264301,45.5396888],[10.2264752,45.5397444],[10.2264587,45.5398425],[10.2264232,45.539843],[10.2263464,45.5398498],[10.2263648,45.5399511],[10.2262785,45.5399588],[10.2262839,45.5399931],[10.2261803,45.540009],[10.2262108,45.5400661],[10.2262656,45.5401195],[10.2263338,45.5401692],[10.2264208,45.5402039],[10.2265186,45.5402157],[10.226608,45.5402181],[10.2267736,45.5402086],[10.2267665,45.5401545],[10.2268626,45.5401267],[10.226948,45.540081],[10.2269755,45.5400514],[10.2270059,45.5400018],[10.2270299,45.539927],[10.2270284,45.5398855],[10.2270096,45.5396772],[10.2270072,45.539657],[10.2266063,45.5396718],[10.2264787,45.5396772],[10.2264537,45.5396832],[10.2264301,45.5396888]]]},"properties":{"site":"brescia","name":"Teatro Romano","category":"theater","historic":"archaeological_site","building":null,"osm_id":58840028}},{"type":"Feature","geometry":{"type":"Polygon","coordinates":[[[10.2255612,45.540147],[10.2257176,45.5401662],[10.2259144,45.5401442],[10.2260492,45.5401078],[10.226117,45.5398001],[10.2260927,45.5396658],[10.2262726,45.5396498],[10.2262656,45.5395125],[10.2260676,45.5394791],[10.2256105,45.5394937],[10.225619,45.5396418],[10.2255414,45.539646],[10.2255422,45.5396578],[10.2252657,45.539667],[10.2252954,45.5399377],[10.2255612,45.540147]]]},"properties":{"site":"brescia","name":"Tempio Capitolino","category":"temple","historic":"archaeological_site","building":null,"osm_id":58840031}},{"type":"Feature","geometry":{"type":"Polygon","coordinates":[[[10.2332065,45.5354932],[10.2333911,45.5354894],[10.2333914,45.5355298],[10.2334208,45.5355421],[10.233408,45.5357086],[10.2334701,45.5357374],[10.2335017,45.5357159],[10.2338096,45.5356021],[10.2338043,45.5354838],[10.2338795,45.5354842],[10.2341494,45.5354796],[10.2342328,45.5354782],[10.2342795,45.5355974],[10.2342223,45.5356181],[10.2341694,45.5356373],[10.2341046,45.5356608],[10.2340719,45.5356726],[10.2340265,45.535689],[10.2339207,45.5357274],[10.2338668,45.5357469],[10.2338045,45.5357695],[10.2337533,45.535788],[10.2334889,45.5358838],[10.2334263,45.5358351],[10.2332719,45.5358003],[10.2331984,45.5356227],[10.2332176,45.5356132],[10.2332065,45.5354932]]]},"properties":{"site":"brescia","name":"Palazzo Bertolotti","category":"other","historic":null,"building":"apartments","osm_id":76437098}},{"type":"Feature","geometry":{"type":"Polygon","coordinates":[[[10.2324579,45.5359501],[10.2324588,45.5358909],[10.232579,45.5357533],[10.2325971,45.5357434],[10.2326481,45.5357156],[10.2326924,45.5356913],[10.2328485,45.5356061],[10.2329156,45.5355694],[10.2329932,45.5355271],[10.2330261,45.5355091],[10.2330616,45.5355058],[10.2331321,45.5354991],[10.2331344,45.5354989],[10.2331612,45.5354964],[10.2331794,45.5355846],[10.2330991,45.5355986],[10.2327725,45.5357712],[10.2327396,45.5357507],[10.2326246,45.5358326],[10.2328309,45.5358262],[10.2328984,45.5358977],[10.2328997,45.5359393],[10.2324579,45.5359501]]]},"properties":{"site":"brescia","name":null,"category":"other","historic":null,"building":"apartments","osm_id":76437101}},{"type":"Feature","geometry":{"type":"Polygon","coordinates":[[[10.2331671,45.5358017],[10.2332158,45.535801],[10.2332127,45.5356853],[10.2331124,45.5356968],[10.2328897,45.5357914],[10.2328897,45.5358464],[10.23295,45.5358975],[10.2331671,45.5358017]]]},"properties":{"site":"brescia","name":null,"category":"other","historic":null,"building":"apartments","osm_id":76437107}},{"type":"Feature","geometry":{"type":"Polygon","coordinates":[[[10.2337735,45.5353554],[10.2337603,45.5350326],[10.233376,45.5350403],[10.2333892,45.5353632],[10.2337735,45.5353554]]]},"properties":{"site":"brescia","name":null,"category":"other","historic":null,"building":"apartments","osm_id":76507049}},{"type":"Feature","geometry":{"type":"Polygon","coordinates":[[[10.2346426,45.5346716],[10.2348829,45.534728],[10.2349179,45.5346547],[10.234882,45.5346463],[10.2349328,45.5345401],[10.2347285,45.5344922],[10.2347193,45.5345113],[10.2346545,45.5346467],[10.2346426,45.5346716]]]},"properties":{"site":"brescia","name":null,"category":"other","historic":null,"building":"apartments","osm_id":76507052}},{"type":"Feature","geometry":{"type":"Polygon","coordinates":[[[10.2358629,45.5339848],[10.2359689,45.5340263],[10.2361032,45.5338582],[10.2359972,45.5338166],[10.2358629,45.5339848]]]},"properties":{"site":"brescia","name":null,"category":"other","historic":null,"building":"yes","osm_id":76507056}},{"type":"Feature","geometry":{"type":"Polygon","coordinates":[[[10.233898,45.5343399],[10.2339618,45.5342151],[10.2345867,45.5343719],[10.2345609,45.5344223],[10.2345415,45.5344603],[10.234381,45.53442],[10.234369,45.5344435],[10.2341467,45.5343877],[10.2341401,45.5344007],[10.233898,45.5343399]]]},"properties":{"site":"brescia","name":null,"category":"other","historic":null,"building":"apartments","osm_id":76507058}},{"type":"Feature","geometry":{"type":"Polygon","coordinates":[[[10.2342539,45.5346682],[10.2344197,45.5344731],[10.2345557,45.534501],[10.2345193,45.5345817],[10.2344963,45.5346327],[10.2344761,45.5346775],[10.2342539,45.5346682]]]},"properties":{"site":"brescia","name":null,"category":"other","historic":null,"building":"apartments","osm_id":76507060}},{"type":"Feature","geometry":{"type":"Polygon","coordinates":[[[10.2349896,45.534883],[10.2350789,45.5347131],[10.2350135,45.5346962],[10.235063,45.534602],[10.2354138,45.5346924],[10.2353522,45.5348097],[10.235203,45.5347712],[10.2351259,45.5349181],[10.2349896,45.534883]]]},"properties":{"site":"brescia","name":null,"category":"other","historic":null,"building":"apartments","osm_id":76507065}},{"type":"Feature","geometry":{"type":"Polygon","coordinates":[[[10.2356424,45.5344756],[10.2356043,45.5345639],[10.2356507,45.5345737],[10.2356218,45.5346405],[10.2357849,45.5346751],[10.2358519,45.5345199],[10.2356424,45.5344756]]]},"properties":{"site":"brescia","name":null,"category":"other","historic":null,"building":"apartments","osm_id":76507066}},{"type":"Feature","geometry":{"type":"Polygon","coordinates":[[[10.2339125,45.5337216],[10.2340948,45.5334591],[10.2339456,45.5334082],[10.2337633,45.5336707],[10.2339125,45.5337216]]]},"properties":{"site":"brescia","name":null,"category":"other","historic":null,"building":"yes","osm_id":76507070}},{"type":"Feature","geometry":{"type":"Polygon","coordinates":[[[10.2337282,45.5347401],[10.2336722,45.5347365],[10.2336026,45.5348305],[10.2338793,45.5348983],[10.2338895,45.5348769],[10.2340166,45.5349167],[10.2343648,45.5349887],[10.2344251,45.5348205],[10.2344684,45.5346997],[10.2342952,45.5346914],[10.2342273,45.5348709],[10.233864,45.5347877],[10.2340253,45.5345582],[10.233898,45.5345249],[10.2337282,45.5347401]]]},"properties":{"site":"brescia","name":null,"category":"other","historic":null,"building":"apartments","osm_id":76507071}},{"type":"Feature","geometry":{"type":"Polygon","coordinates":[[[10.2338608,45.5339779],[10.2338985,45.533927],[10.2340068,45.5339663],[10.2340768,45.5338716],[10.2338889,45.5338034],[10.2339236,45.5337564],[10.2340358,45.5337971],[10.2341062,45.5337019],[10.2342335,45.5337481],[10.2341615,45.5338454],[10.2342455,45.5338759],[10.2341046,45.5340664],[10.2338608,45.5339779]]]},"properties":{"site":"brescia","name":null,"category":"other","historic":null,"building":"yes","osm_id":76507075}},{"type":"Feature","geometry":{"type":"Polygon","coordinates":[[[10.23381,45.5353461],[10.2342062,45.5353382],[10.2342248,45.5353079],[10.2342578,45.5352543],[10.2341681,45.5352416],[10.2341911,45.5351289],[10.2342013,45.535079],[10.2340056,45.5350326],[10.2339957,45.5351023],[10.2340388,45.5351092],[10.2340156,45.5352602],[10.2337934,45.5352549],[10.23381,45.5353461]]]},"properties":{"site":"brescia","name":null,"category":"other","historic":null,"building":"apartments","osm_id":76507078}},{"type":"Feature","geometry":{"type":"Polygon","coordinates":[[[10.2347411,45.5344295],[10.2347713,45.5343696],[10.2348411,45.5342312],[10.2349066,45.5341015],[10.2350363,45.5338444],[10.2352274,45.5338918],[10.235178,45.5339897],[10.2351428,45.533981],[10.2350287,45.5342073],[10.234964,45.5341913],[10.2349339,45.5342509],[10.235072,45.5342851],[10.2350481,45.5343323],[10.2349447,45.5343067],[10.2349334,45.5343291],[10.2349982,45.5343451],[10.2349569,45.5344269],[10.2349998,45.5344375],[10.2349747,45.5344873],[10.2347411,45.5344295]]]},"properties":{"site":"brescia","name":null,"category":"other","historic":null,"building":"apartments","osm_id":76507080}},{"type":"Feature","geometry":{"type":"Polygon","coordinates":[[[10.2356025,45.535028],[10.2357743,45.5349686],[10.2356852,45.5348422],[10.2355134,45.5349016],[10.2356025,45.535028]]]},"properties":{"site":"brescia","name":null,"category":"other","historic":null,"building":"apartments","osm_id":76507082}},{"type":"Feature","geometry":{"type":"Polygon","coordinates":[[[10.2351871,45.535062],[10.2352402,45.5351329],[10.2354344,45.5350615],[10.2353813,45.5349906],[10.2351871,45.535062]]]},"properties":{"site":"brescia","name":null,"category":"other","historic":null,"building":"apartments","osm_id":76507084}},{"type":"Feature","geometry":{"type":"Polygon","coordinates":[[[10.2336148,45.5344452],[10.2332907,45.5343429],[10.2332196,45.534451],[10.233541,45.5345543],[10.2336148,45.5344452]]]},"properties":{"site":"brescia","name":null,"category":"other","historic":null,"building":"yes","osm_id":76507085}},{"type":"Feature","geometry":{"type":"Polygon","coordinates":[[[10.2345656,45.5341711],[10.2346424,45.5340523],[10.2343639,45.533964],[10.2342871,45.5340829],[10.2345656,45.5341711]]]},"properties":{"site":"brescia","name":null,"category":"other","historic":null,"building":"apartments","osm_id":76507086}},{"type":"Feature","geometry":{"type":"Polygon","coordinates":[[[10.2318805,45.5350379],[10.2318725,45.5349097],[10.2320078,45.5347239],[10.2321564,45.5347648],[10.2320423,45.5349562],[10.2320397,45.5350323],[10.2318805,45.5350379]]]},"properties":{"site":"brescia","name":null,"category":"other","historic":null,"building":"yes","osm_id":76507087}},{"type":"Feature","geometry":{"type":"Polygon","coordinates":[[[10.2336074,45.5338715],[10.2337838,45.5339293],[10.2339031,45.5337505],[10.2337267,45.5336927],[10.2336633,45.5337877],[10.2336074,45.5338715]]]},"properties":{"site":"brescia","name":null,"category":"other","historic":null,"building":"yes","osm_id":76507088}},{"type":"Feature","geometry":{"type":"Polygon","coordinates":[[[10.2329641,45.535236],[10.2330123,45.5352511],[10.233006,45.535261],[10.2331292,45.5352996],[10.2331355,45.5352897],[10.2331776,45.5353029],[10.2332509,45.535188],[10.2330374,45.5351212],[10.2330191,45.5351498],[10.2329641,45.535236]]]},"properties":{"site":"brescia","name":null,"category":"other","historic":null,"building":"yes","osm_id":76507090}},{"type":"Feature","geometry":{"type":"Polygon","coordinates":[[[10.2345634,45.5349253],[10.2347704,45.5349563],[10.234828,45.5347673],[10.234621,45.5347364],[10.2346016,45.5348002],[10.2345748,45.5348878],[10.2345634,45.5349253]]]},"properties":{"site":"brescia","name":null,"category":"other","historic":null,"building":"apartments","osm_id":76507091}},{"type":"Feature","geometry":{"type":"Polygon","coordinates":[[[10.2352873,45.5345773],[10.2354268,45.5346142],[10.2355203,45.5344406],[10.2353808,45.5344037],[10.2352873,45.5345773]]]},"properties":{"site":"brescia","name":null,"category":"other","historic":null,"building":"apartments","osm_id":76507092}},{"type":"Feature","geometry":{"type":"Polygon","coordinates":[[[10.2349912,45.5352632],[10.2351488,45.5352028],[10.2350227,45.5350414],[10.2348651,45.5351018],[10.2349912,45.5352632]]]},"properties":{"site":"brescia","name":null,"category":"other","historic":null,"building":"apartments","osm_id":76507093}},{"type":"Feature","geometry":{"type":"Polygon","coordinates":[[[10.2333552,45.5342364],[10.2333976,45.5341727],[10.2334442,45.5341028],[10.2335188,45.5339909],[10.2336734,45.5340415],[10.2335791,45.534183],[10.2336509,45.5342065],[10.2335816,45.5343105],[10.2333552,45.5342364]]]},"properties":{"site":"brescia","name":null,"category":"other","historic":null,"building":"apartments","osm_id":76507094}},{"type":"Feature","geometry":{"type":"Polygon","coordinates":[[[10.235822,45.5341443],[10.2359928,45.5342094],[10.2360905,45.5342466],[10.2361266,45.5342604],[10.2360317,45.5343826],[10.235848,45.5343125],[10.2358732,45.5342801],[10.2357523,45.534234],[10.235822,45.5341443]]]},"properties":{"site":"brescia","name":null,"category":"other","historic":null,"building":"apartments","osm_id":76507097}},{"type":"Feature","geometry":{"type":"Polygon","coordinates":[[[10.2345369,45.5334316],[10.2346726,45.5336209],[10.2345994,45.5337061],[10.2346493,45.5337294],[10.2346776,45.5337131],[10.2346949,45.5337207],[10.2347409,45.5337271],[10.2347137,45.5337948],[10.2348588,45.5338262],[10.2349031,45.5337444],[10.234878,45.5337038],[10.2345438,45.5332474],[10.2344568,45.5331285],[10.2344032,45.5330553],[10.2342969,45.5331266],[10.2342441,45.5331282],[10.2341947,45.5331369],[10.2341565,45.53316],[10.234135,45.5331906],[10.2341349,45.5332466],[10.2340932,45.5332748],[10.2340932,45.5332909],[10.2343696,45.5331906],[10.2344195,45.5332769],[10.2344356,45.5333051],[10.2344203,45.5333187],[10.2345168,45.5334353],[10.2345369,45.5334316]]]},"properties":{"site":"brescia","name":null,"category":"other","historic":null,"building":"apartments","osm_id":76507098}},{"type":"Feature","geometry":{"type":"Polygon","coordinates":[[[10.2356622,45.534367],[10.2357837,45.5344128],[10.2358394,45.5343401],[10.235718,45.5342944],[10.2356622,45.534367]]]},"properties":{"site":"brescia","name":null,"category":"other","historic":null,"building":"yes","osm_id":76507100}},{"type":"Feature","geometry":{"type":"Polygon","coordinates":[[[10.2353791,45.5342885],[10.2355589,45.5340464],[10.2356509,45.5340799],[10.2357938,45.534132],[10.2357158,45.5342371],[10.2355729,45.534185],[10.2355123,45.5342665],[10.23565,45.5343167],[10.2356088,45.5343722],[10.2353791,45.5342885]]]},"properties":{"site":"brescia","name":null,"category":"other","historic":null,"building":"yes","osm_id":76507101}},{"type":"Feature","geometry":{"type":"Polygon","coordinates":[[[10.2324415,45.5344271],[10.2325005,45.5343389],[10.232723,45.534412],[10.2328191,45.5342685],[10.2329623,45.5343156],[10.2328072,45.5345472],[10.2324415,45.5344271]]]},"properties":{"site":"brescia","name":null,"category":"other","historic":null,"building":"yes","osm_id":76507102}},{"type":"Feature","geometry":{"type":"Polygon","coordinates":[[[10.2321417,45.5346346],[10.2323274,45.5346903],[10.2324139,45.5345489],[10.2323577,45.534532],[10.2324102,45.5344463],[10.2326044,45.5345045],[10.2324091,45.5348237],[10.2320854,45.5347265],[10.2321417,45.5346346]]]},"properties":{"site":"brescia","name":null,"category":"other","historic":null,"building":"yes","osm_id":76507103}},{"type":"Feature","geometry":{"type":"Polygon","coordinates":[[[10.2327076,45.5352628],[10.2329264,45.535335],[10.2329875,45.5352443],[10.2329146,45.5352203],[10.2329272,45.5352015],[10.2328545,45.5351775],[10.2328615,45.5351671],[10.2327883,45.535143],[10.2327076,45.5352628]]]},"properties":{"site":"brescia","name":null,"category":"other","historic":null,"building":"apartments","osm_id":76507105}},{"type":"Feature","geometry":{"type":"Polygon","coordinates":[[[10.2299966,45.5442411],[10.2300558,45.5442567],[10.2301058,45.5441635],[10.2299394,45.5441197],[10.2297633,45.5440733],[10.2297137,45.5441656],[10.2297629,45.5441786],[10.2297457,45.5442107],[10.2299798,45.5442724],[10.2299966,45.5442411]]]},"properties":{"site":"brescia","name":null,"category":"other","historic":null,"building":"yes","osm_id":76620294}},{"type":"Feature","geometry":{"type":"Polygon","coordinates":[[[10.2301919,45.533838],[10.2300006,45.5334797],[10.2299782,45.5334378],[10.2298504,45.53347],[10.2300629,45.5338696],[10.2301919,45.533838]]]},"properties":{"site":"brescia","name":null,"category":"other","historic":null,"building":"yes","osm_id":76722396}},{"type":"Feature","geometry":{"type":"Polygon","coordinates":[[[10.2154976,45.5319535],[10.2155812,45.5319316],[10.215857,45.5318593],[10.2161941,45.5317709],[10.2161173,45.5316272],[10.2154208,45.5318097],[10.2154976,45.5319535]]]},"properties":{"site":"brescia","name":null,"category":"other","historic":null,"building":"yes","osm_id":80717927}},{"type":"Feature","geometry":{"type":"Polygon","coordinates":[[[10.2319357,45.5364968],[10.2318239,45.5364921],[10.2317991,45.5367837],[10.2319108,45.5367883],[10.2319206,45.5366733],[10.2319357,45.5364968]]]},"properties":{"site":"brescia","name":null,"category":"other","historic":null,"building":"apartments","osm_id":82531818}},{"type":"Feature","geometry":{"type":"Polygon","coordinates":[[[10.2317623,45.5372156],[10.231874,45.5372202],[10.2318833,45.537112],[10.231887,45.5370675],[10.2318896,45.5370372],[10.2318932,45.5369953],[10.2318958,45.536965],[10.2318984,45.5369346],[10.2319022,45.5368898],[10.2319108,45.5367883],[10.2317991,45.5367837],[10.2317623,45.5372156]]]},"properties":{"site":"brescia","name":null,"category":"other","historic":null,"building":"apartments","osm_id":82531819}},{"type":"Feature","geometry":{"type":"Polygon","coordinates":[[[10.2317154,45.5363221],[10.2317288,45.536322],[10.2319764,45.5363204],[10.2319768,45.5363505],[10.231978,45.5364432],[10.2318964,45.5364438],[10.2318962,45.5364309],[10.2318,45.5364315],[10.2318004,45.5364638],[10.2317173,45.5364644],[10.2317158,45.5363528],[10.2317154,45.5363221]]]},"properties":{"site":"brescia","name":"Ex Casello del Dazio","category":"other","historic":"yes","building":"yes","osm_id":82531820}},{"type":"Feature","geometry":{"type":"Polygon","coordinates":[[[10.2258014,45.5348754],[10.2257358,45.5347643],[10.2257295,45.5347536],[10.2257223,45.5347423],[10.2256501,45.5346293],[10.2258748,45.534558],[10.2259345,45.534677],[10.226057,45.5346458],[10.2259951,45.5345203],[10.226366,45.5344054],[10.2264029,45.5344712],[10.2262478,45.5345106],[10.2262849,45.534594],[10.2262923,45.5346107],[10.2262997,45.5346275],[10.2263388,45.5347154],[10.2262626,45.5347333],[10.2262657,45.534741],[10.2259745,45.534809],[10.2259845,45.5348277],[10.2258014,45.5348754]]]},"properties":{"site":"brescia","name":"Palazzo Martinengo da Barco","category":"other","historic":null,"building":"public","osm_id":110748562}},{"type":"Feature","geometry":{"type":"Polygon","coordinates":[[[10.2258988,45.5417627],[10.2259032,45.5417433],[10.2258983,45.541724],[10.2258844,45.541707],[10.2258632,45.5416942],[10.2258372,45.5416871],[10.2258092,45.5416865],[10.2257838,45.541692],[10.2257622,45.5417028],[10.2257466,45.5417179],[10.2257387,45.5417356],[10.2257392,45.5417542],[10.225748,45.5417718],[10.2257644,45.5417864],[10.2257865,45.5417967],[10.2258122,45.5418015],[10.2258387,45.5418004],[10.2258646,45.5417929],[10.2258854,45.5417798],[10.2258988,45.5417627]]]},"properties":{"site":"brescia","name":"Specola Cidnea","category":"other","historic":null,"building":"observatory","osm_id":116534515}},{"type":"Feature","geometry":{"type":"Polygon","coordinates":[[[10.2249447,45.5427068],[10.2249491,45.5426636],[10.2249529,45.542624],[10.225012,45.5426317],[10.2250079,45.5426674],[10.2250043,45.5427047],[10.2249447,45.5427068]]]},"properties":{"site":"brescia","name":null,"category":"other","historic":"yes","building":"yes","osm_id":116616418}},{"type":"Feature","geometry":{"type":"Polygon","coordinates":[[[10.2245717,45.5431248],[10.2245956,45.5431586],[10.2246275,45.5431469],[10.2247578,45.5431007],[10.2247742,45.543263],[10.2245691,45.5433415],[10.2245238,45.5432834],[10.2244447,45.543169],[10.2244928,45.5431523],[10.2245717,45.5431248]]]},"properties":{"site":"brescia","name":"Piccolo Miglio","category":"other","historic":"yes","building":"yes","osm_id":116616419}},{"type":"Feature","geometry":{"type":"Polygon","coordinates":[[[10.2251028,45.5426436],[10.2251154,45.5426445],[10.2252546,45.5426537],[10.2252753,45.5426551],[10.2252774,45.542639],[10.2252868,45.5425696],[10.2251143,45.5425581],[10.2251114,45.5425794],[10.2251028,45.5426436]]]},"properties":{"site":"brescia","name":null,"category":"other","historic":"yes","building":"yes","osm_id":116616420}},{"type":"Feature","geometry":{"type":"Polygon","coordinates":[[[10.2245691,45.5433415],[10.2245483,45.5433495],[10.2245278,45.5433573],[10.2244826,45.5432992],[10.2245026,45.5432915],[10.2245238,45.5432834],[10.2245691,45.5433415]]]},"properties":{"site":"brescia","name":null,"category":"other","historic":"yes","building":"yes","osm_id":116616434}},{"type":"Feature","geometry":{"type":"Polygon","coordinates":[[[10.2240539,45.5426761],[10.2242769,45.5429261],[10.2243618,45.5428889],[10.2241388,45.542639],[10.2240539,45.5426761]]]},"properties":{"site":"brescia","name":null,"category":"other","historic":"yes","building":"yes","osm_id":116616443}},{"type":"Feature","geometry":{"type":"Polygon","coordinates":[[[10.2251181,45.5431386],[10.2253433,45.5431563],[10.2253489,45.5431217],[10.225376,45.5429531],[10.2253825,45.5429127],[10.2254095,45.5429149],[10.2254153,45.542879],[10.2253773,45.542876],[10.2253981,45.5427482],[10.2253991,45.5427408],[10.225103,45.5427176],[10.2250813,45.5427157],[10.2250754,45.542752],[10.2250409,45.5429662],[10.2251446,45.5429743],[10.2251181,45.5431386]]]},"properties":{"site":"brescia","name":"Mastio Visconteo","category":"other","historic":"yes","building":"museum","osm_id":116616468}},{"type":"Feature","geometry":{"type":"Polygon","coordinates":[[[10.2241848,45.5422843],[10.2242201,45.5423215],[10.2241685,45.5423455],[10.2241164,45.5423698],[10.2239886,45.5422349],[10.2240923,45.5421866],[10.2241848,45.5422843]]]},"properties":{"site":"brescia","name":"Palazzina del Governatore","category":"other","historic":"yes","building":"yes","osm_id":116711540}},{"type":"Feature","geometry":{"type":"Polygon","coordinates":[[[10.2260099,45.5412699],[10.2260562,45.5413622],[10.2262759,45.5413081],[10.2262296,45.5412158],[10.2260099,45.5412699]]]},"properties":{"site":"brescia","name":"Bar Chalet Castello","category":"medieval","historic":null,"building":"yes","osm_id":131618109}},{"type":"Feature","geometry":{"type":"Polygon","coordinates":[[[10.225629,45.5354288],[10.2256468,45.5354753],[10.2258139,45.5354464],[10.2258015,45.5354207],[10.2257952,45.5354026],[10.2261845,45.5353352],[10.2262359,45.5354809],[10.2263946,45.5354534],[10.2263842,45.5354218],[10.2263429,45.5353047],[10.2263059,45.535193],[10.2261434,45.53522],[10.2252915,45.5353615],[10.225331,45.5354783],[10.225629,45.5354288]]]},"properties":{"site":"brescia","name":null,"category":"other","historic":null,"building":"yes","osm_id":132832068}},{"type":"Feature","geometry":{"type":"Polygon","coordinates":[[[10.2129296,45.5442936],[10.2127284,45.5438743],[10.212464,45.5439365],[10.2126653,45.5443559],[10.2129296,45.5442936]]]},"properties":{"site":"brescia","name":null,"category":"other","historic":null,"building":"yes","osm_id":134148366}},{"type":"Feature","geometry":{"type":"Polygon","coordinates":[[[10.2222854,45.5473615],[10.2220752,45.5474117],[10.2221998,45.5476637],[10.2224105,45.5476122],[10.2222854,45.5473615]]]},"properties":{"site":"brescia","name":null,"category":"other","historic":null,"building":"yes","osm_id":138155348}},{"type":"Feature","geometry":{"type":"Polygon","coordinates":[[[10.2231796,45.5437858],[10.2232317,45.5437688],[10.2231114,45.5435906],[10.2230538,45.5436097],[10.2231796,45.5437858]]]},"properties":{"site":"brescia","name":null,"category":"other","historic":null,"building":"roof","osm_id":138155351}},{"type":"Feature","geometry":{"type":"Polygon","coordinates":[[[10.2117678,45.5469716],[10.2117155,45.5470362],[10.2118789,45.5473946],[10.2119226,45.5473835],[10.2119718,45.5475032],[10.2118369,45.5475343],[10.211609,45.5470578],[10.2117406,45.5468675],[10.2119711,45.5468093],[10.2124101,45.54779],[10.2120003,45.5478759],[10.211851,45.5475735],[10.2120292,45.547536],[10.2120897,45.5476773],[10.2120584,45.5476839],[10.2121009,45.5477831],[10.2122578,45.5477501],[10.2122063,45.5476298],[10.2121244,45.547647],[10.2120254,45.547416],[10.2120933,45.5474018],[10.2119305,45.5470219],[10.2119108,45.547026],[10.2118745,45.5469446],[10.2117678,45.5469716]]]},"properties":{"site":"brescia","name":null,"category":"other","historic":null,"building":"yes","osm_id":139899387}},{"type":"Feature","geometry":{"type":"Polygon","coordinates":[[[10.2158117,45.5315348],[10.2157846,45.5314771],[10.2120743,45.5323781],[10.2121026,45.5324393],[10.2158117,45.5315348]]]},"properties":{"site":"brescia","name":null,"category":"other","historic":null,"building":"roof","osm_id":140229017}},{"type":"Feature","geometry":{"type":"Polygon","coordinates":[[[10.2290592,45.5422889],[10.2290598,45.5424346],[10.2293656,45.5424419],[10.2293663,45.5424839],[10.2296207,45.5424836],[10.2296222,45.5424546],[10.229657,45.5424545],[10.2296576,45.5424432],[10.2296913,45.5424423],[10.229712,45.5424344],[10.2297264,45.542421],[10.2297351,45.5424071],[10.2297375,45.5423937],[10.2297367,45.5423781],[10.2297296,45.542363],[10.2297303,45.5423335],[10.2297307,45.542288],[10.2296698,45.5422878],[10.2290592,45.5422889]]]},"properties":{"site":"brescia","name":"Chiesa di San Pietro in Oliveto","category":"medieval","historic":null,"building":"church","osm_id":142804950}},{"type":"Feature","geometry":{"type":"Polygon","coordinates":[[[10.2118635,45.5316938],[10.2118138,45.5315954],[10.2120344,45.5315407],[10.2120216,45.5315154],[10.2122906,45.5314487],[10.2123398,45.5315461],[10.2120578,45.5316161],[10.2120711,45.5316423],[10.2118635,45.5316938]]]},"properties":{"site":"brescia","name":null,"category":"other","historic":null,"building":"yes","osm_id":145297873}},{"type":"Feature","geometry":{"type":"Polygon","coordinates":[[[10.2351272,45.5478703],[10.2352627,45.5477379],[10.2351802,45.5476965],[10.23515,45.5477261],[10.2351183,45.5477102],[10.235105,45.5477232],[10.23505,45.5476956],[10.2349719,45.547772],[10.2350269,45.5477996],[10.2350131,45.5478131],[10.2351272,45.5478703]]]},"properties":{"site":"brescia","name":null,"category":"other","historic":null,"building":"house","osm_id":158471817}},{"type":"Feature","geometry":{"type":"Polygon","coordinates":[[[10.2293056,45.5357726],[10.2293133,45.5359335],[10.2299827,45.5359112],[10.2299773,45.5357979],[10.2299888,45.5357976],[10.2299867,45.5357529],[10.2299836,45.535688],[10.2298342,45.5356916],[10.2298361,45.5357293],[10.2296579,45.5357335],[10.2293041,45.5357419],[10.2293056,45.5357726]]]},"properties":{"site":"brescia","name":"Chiesa di Sant'Afra in Sant'Eufemia","category":"medieval","historic":null,"building":"church","osm_id":160505858}},{"type":"Feature","geometry":{"type":"Polygon","coordinates":[[[10.2216903,45.539022],[10.221577,45.539033],[10.2215921,45.5391098],[10.2217054,45.5390988],[10.2216903,45.539022]]]},"properties":{"site":"brescia","name":"Torre del Pegol","category":"other","historic":null,"building":"tower","osm_id":160505860}},{"type":"Feature","geometry":{"type":"Polygon","coordinates":[[[10.2226591,45.5393237],[10.2226811,45.539321],[10.2227103,45.5393175],[10.2226995,45.5392738],[10.2226891,45.5392318],[10.2226555,45.5392359],[10.2226378,45.539238],[10.2226446,45.5392653],[10.2226482,45.5392798],[10.2226525,45.5392971],[10.2226591,45.5393237]]]},"properties":{"site":"brescia","name":null,"category":"other","historic":null,"building":"yes","osm_id":160505861}},{"type":"Feature","geometry":{"type":"Polygon","coordinates":[[[10.2226467,45.5392069],[10.2224762,45.5392265],[10.2224947,45.5392825],[10.2226446,45.5392653],[10.2226378,45.539238],[10.2226555,45.5392359],[10.2226467,45.5392069]]]},"properties":{"site":"brescia","name":null,"category":"other","historic":null,"building":"yes","osm_id":160505862}},{"type":"Feature","geometry":{"type":"Polygon","coordinates":[[[10.2225584,45.5393578],[10.2225685,45.5394043],[10.2227018,45.5393901],[10.2226811,45.539321],[10.2226591,45.5393237],[10.2226525,45.5392971],[10.2225051,45.5393136],[10.2225214,45.5393624],[10.2225584,45.5393578]]]},"properties":{"site":"brescia","name":null,"category":"other","historic":null,"building":"yes","osm_id":160505863}},{"type":"Feature","geometry":{"type":"Polygon","coordinates":[[[10.2359476,45.5426866],[10.2361144,45.5427344],[10.2362088,45.5425732],[10.2360419,45.5425253],[10.2359476,45.5426866]]]},"properties":{"site":"brescia","name":null,"category":"other","historic":null,"building":"yes","osm_id":160589782}},{"type":"Feature","geometry":{"type":"Polygon","coordinates":[[[10.2335828,45.5427172],[10.2337698,45.5427022],[10.2337545,45.542643],[10.2337237,45.5426007],[10.2335539,45.5426599],[10.2335828,45.5427172]]]},"properties":{"site":"brescia","name":null,"category":"other","historic":null,"building":"yes","osm_id":160590438}},{"type":"Feature","geometry":{"type":"Polygon","coordinates":[[[10.2334652,45.542955],[10.2336874,45.5429823],[10.2337229,45.5428407],[10.2335006,45.5428134],[10.2334652,45.542955]]]},"properties":{"site":"brescia","name":null,"category":"other","historic":null,"building":"house","osm_id":160590440}},{"type":"Feature","geometry":{"type":"Polygon","coordinates":[[[10.2353138,45.54448],[10.2354198,45.5444922],[10.2354847,45.5442167],[10.2353787,45.5442045],[10.2353138,45.54448]]]},"properties":{"site":"brescia","name":null,"category":"other","historic":null,"building":"house","osm_id":160590441}},{"type":"Feature","geometry":{"type":"Polygon","coordinates":[[[10.2308804,45.5436605],[10.2312682,45.5437134],[10.2313177,45.5436092],[10.2312229,45.5435715],[10.2313824,45.5434297],[10.2312488,45.5433542],[10.2311712,45.543419],[10.2310947,45.5434829],[10.2309278,45.5435579],[10.230888,45.5436039],[10.2308632,45.5436326],[10.2308804,45.5436605]]]},"properties":{"site":"brescia","name":null,"category":"other","historic":null,"building":"apartments","osm_id":160591358}},{"type":"Feature","geometry":{"type":"Polygon","coordinates":[[[10.2158419,45.5405889],[10.2158486,45.5406415],[10.2158557,45.5406968],[10.216025,45.5406861],[10.2160111,45.5405782],[10.2158419,45.5405889]]]},"properties":{"site":"brescia","name":"Torre della Pallata","category":"other","historic":"yes","building":"tower","osm_id":161896761}},{"type":"Feature","geometry":{"type":"Polygon","coordinates":[[[10.2151664,45.5396262],[10.2151566,45.5396429],[10.2151348,45.5396538],[10.2149791,45.5396701],[10.2149807,45.5396776],[10.2148333,45.539693],[10.2148619,45.5398273],[10.2150093,45.5398118],[10.2150109,45.5398192],[10.2151582,45.5398038],[10.2151893,45.5398115],[10.2152091,45.5398265],[10.2152177,45.5398669],[10.215289,45.5398595],[10.2153862,45.5398494],[10.2154098,45.5398468],[10.2154026,45.5398126],[10.2154109,45.5397879],[10.2154267,45.5397757],[10.215459,45.5397648],[10.2155758,45.5397526],[10.2155472,45.5396184],[10.2154311,45.5396305],[10.2153977,45.5396292],[10.2153764,45.5396206],[10.2153588,45.5396071],[10.2153517,45.5395739],[10.2153487,45.5395601],[10.2151566,45.5395801],[10.2151595,45.5395939],[10.2151664,45.5396262]]]},"properties":{"site":"brescia","name":"Chiesa di Santa Maria della Pace","category":"medieval","historic":null,"building":"church","osm_id":161896762}},{"type":"Feature","geometry":{"type":"Polygon","coordinates":[[[10.215301,45.5331008],[10.2152819,45.5330704],[10.215254,45.5330233],[10.2151887,45.5329597],[10.2151336,45.5329185],[10.2150729,45.532881],[10.2149834,45.5328414],[10.2148889,45.5328105],[10.2147832,45.532792],[10.2146503,45.5327842],[10.2145321,45.5327902],[10.2144182,45.5328164],[10.2143096,45.5328522],[10.2142239,45.5328907],[10.2141562,45.532934],[10.2141357,45.5329523],[10.2141104,45.5329752],[10.2141009,45.5329837],[10.2140489,45.5330388],[10.2140087,45.5331046],[10.2139756,45.5331927],[10.2139706,45.5332951],[10.2140003,45.5333721],[10.2140098,45.5333974],[10.2139302,45.5334158],[10.2138868,45.5333017],[10.2138938,45.5331767],[10.2139118,45.5331104],[10.2139342,45.5330649],[10.2139828,45.5329929],[10.214017,45.5329549],[10.2140437,45.5329278],[10.2140874,45.5328885],[10.21414,45.5328471],[10.2141936,45.5328153],[10.2142318,45.5327966],[10.214334,45.5327557],[10.2144379,45.5327308],[10.214552,45.5327142],[10.2146892,45.5327114],[10.2148182,45.5327216],[10.2149173,45.5327409],[10.2150663,45.5327916],[10.2151405,45.5328298],[10.2152069,45.5328707],[10.215265,45.532917],[10.2152999,45.5329569],[10.2153288,45.53299],[10.2153647,45.5330486],[10.2153848,45.5330815],[10.215301,45.5331008]]]},"properties":{"site":"brescia","name":null,"category":"other","historic":null,"building":"roof","osm_id":162141465}},{"type":"Feature","geometry":{"type":"Polygon","coordinates":[[[10.2139342,45.5330649],[10.2139828,45.5329929],[10.2139367,45.5329448],[10.2138877,45.5329576],[10.2139342,45.5330649]]]},"properties":{"site":"brescia","name":null,"category":"other","historic":null,"building":"roof","osm_id":163125804}},{"type":"Feature","geometry":{"type":"Polygon","coordinates":[[[10.2153848,45.5330815],[10.2154104,45.5331362],[10.2153037,45.5331607],[10.2152762,45.5331672],[10.2152502,45.5331127],[10.215301,45.5331008],[10.2153848,45.5330815]]]},"properties":{"site":"brescia","name":null,"category":"other","historic":null,"building":"yes","osm_id":163125805}},{"type":"Feature","geometry":{"type":"Polygon","coordinates":[[[10.2154104,45.5331362],[10.2156203,45.5330819],[10.2155657,45.5329681],[10.2153711,45.5330054],[10.2153848,45.5330815],[10.2154104,45.5331362]]]},"properties":{"site":"brescia","name":null,"category":"other","historic":null,"building":"yes","osm_id":163973495}},{"type":"Feature","geometry":{"type":"Polygon","coordinates":[[[10.2119424,45.5333357],[10.212039,45.5332042],[10.2119478,45.5330238],[10.2114189,45.5331515],[10.2113698,45.5331356],[10.2113557,45.5331596],[10.2112732,45.5331318],[10.2112417,45.5330388],[10.2120578,45.5328453],[10.2122267,45.5331966],[10.212106,45.5333902],[10.2119424,45.5333357]]]},"properties":{"site":"brescia","name":null,"category":"other","historic":null,"building":"apartments","osm_id":163973496}},{"type":"Feature","geometry":{"type":"Polygon","coordinates":[[[10.2153518,45.5327139],[10.2151958,45.5323526],[10.2153451,45.532321],[10.2153822,45.5324068],[10.2159345,45.5322898],[10.2160507,45.5325881],[10.2158695,45.5326233],[10.2157965,45.532438],[10.2154783,45.5325054],[10.2155502,45.5326719],[10.2155034,45.5326818],[10.2153518,45.5327139]]]},"properties":{"site":"brescia","name":null,"category":"other","historic":null,"building":"yes","osm_id":163973504}},{"type":"Feature","geometry":{"type":"Polygon","coordinates":[[[10.2164159,45.5328773],[10.2161599,45.5323316],[10.216324,45.5322938],[10.2163979,45.5324513],[10.2164629,45.5324359],[10.2165052,45.532528],[10.216441,45.5325429],[10.2165218,45.5327151],[10.2165875,45.5327],[10.2167388,45.5326651],[10.2167972,45.5327895],[10.2167669,45.5327965],[10.2166992,45.5328121],[10.2166352,45.5328268],[10.2165382,45.5328491],[10.2164684,45.5328652],[10.2164159,45.5328773]]]},"properties":{"site":"brescia","name":null,"category":"other","historic":null,"building":"yes","osm_id":163973506}},{"type":"Feature","geometry":{"type":"Polygon","coordinates":[[[10.2144034,45.5323178],[10.2146079,45.5322692],[10.2144726,45.53199],[10.2142682,45.5320387],[10.2143282,45.5321626],[10.2144034,45.5323178]]]},"properties":{"site":"brescia","name":null,"category":"other","historic":null,"building":"yes","osm_id":163973507}},{"type":"Feature","geometry":{"type":"Polygon","coordinates":[[[10.2135337,45.5335638],[10.2133825,45.5332213],[10.2133437,45.5332295],[10.2132965,45.5331208],[10.2135244,45.5330722],[10.2136176,45.5332869],[10.2137272,45.5332636],[10.213637,45.5330557],[10.2137675,45.5330279],[10.2137497,45.532987],[10.2137969,45.5329769],[10.2138877,45.5329576],[10.2139342,45.5330649],[10.2138455,45.5330838],[10.2138908,45.5331881],[10.2138754,45.5331914],[10.2138901,45.5332252],[10.2138617,45.5332312],[10.2138827,45.5332795],[10.2138418,45.5332882],[10.2139194,45.5334752],[10.2135337,45.5335638]]]},"properties":{"site":"brescia","name":null,"category":"other","historic":null,"building":"yes","osm_id":163973508}},{"type":"Feature","geometry":{"type":"Polygon","coordinates":[[[10.2171631,45.5327194],[10.2170946,45.5325783],[10.2173034,45.5325286],[10.2173719,45.5326697],[10.2172007,45.5327104],[10.2171631,45.5327194]]]},"properties":{"site":"brescia","name":null,"category":"other","historic":null,"building":"yes","osm_id":163973514}},{"type":"Feature","geometry":{"type":"Polygon","coordinates":[[[10.2170289,45.5324901],[10.2169804,45.5323961],[10.2170864,45.5323692],[10.2170566,45.5323115],[10.2171495,45.532288],[10.2172277,45.5324397],[10.2170289,45.5324901]]]},"properties":{"site":"brescia","name":null,"category":"other","historic":null,"building":"yes","osm_id":163973518}},{"type":"Feature","geometry":{"type":"Polygon","coordinates":[[[10.2129581,45.5336906],[10.2129222,45.5336141],[10.2129021,45.5335713],[10.2125737,45.5336503],[10.212549,45.5336884],[10.2125164,45.5337386],[10.2125004,45.5337633],[10.2125557,45.5337805],[10.2129581,45.5336906]]]},"properties":{"site":"brescia","name":null,"category":"other","historic":null,"building":"yes","osm_id":163973519}},{"type":"Feature","geometry":{"type":"Polygon","coordinates":[[[10.2164813,45.5320148],[10.2165323,45.5321246],[10.2169478,45.53203],[10.2170253,45.5321971],[10.216885,45.532229],[10.2168553,45.5321651],[10.2164498,45.5322574],[10.2164133,45.5321788],[10.2161184,45.532246],[10.2160561,45.5321117],[10.2164813,45.5320148]]]},"properties":{"site":"brescia","name":null,"category":"other","historic":null,"building":"yes","osm_id":163973531}},{"type":"Feature","geometry":{"type":"Polygon","coordinates":[[[10.2162655,45.5318141],[10.2162028,45.5316959],[10.2162686,45.5316787],[10.2162144,45.5315767],[10.216603,45.5314753],[10.2166542,45.5315715],[10.2164297,45.53163],[10.2164956,45.5317541],[10.2163813,45.5317839],[10.2162655,45.5318141]]]},"properties":{"site":"brescia","name":null,"category":"other","historic":null,"building":"yes","osm_id":163973539}},{"type":"Feature","geometry":{"type":"Polygon","coordinates":[[[10.2236357,45.5312373],[10.2236076,45.5312437],[10.2234986,45.5312684],[10.2235084,45.5310776],[10.2236408,45.5310795],[10.2236357,45.5312373]]]},"properties":{"site":"brescia","name":null,"category":"other","historic":null,"building":"yes","osm_id":163974095}},{"type":"Feature","geometry":{"type":"Polygon","coordinates":[[[10.2189048,45.5323145],[10.2197784,45.5321255],[10.2196187,45.5317633],[10.2193272,45.5318264],[10.2193472,45.5318717],[10.2194792,45.5318431],[10.2195701,45.5320492],[10.218856,45.5322038],[10.2189048,45.5323145]]]},"properties":{"site":"brescia","name":null,"category":"other","historic":null,"building":"yes","osm_id":163974096}},{"type":"Feature","geometry":{"type":"Polygon","coordinates":[[[10.2221754,45.5315835],[10.2221271,45.5314802],[10.2221807,45.5314689],[10.22217,45.5314238],[10.2223283,45.5314238],[10.2223631,45.5314783],[10.2224811,45.531452],[10.2224892,45.5314144],[10.222685,45.5314144],[10.2226904,45.531467],[10.2221754,45.5315835]]]},"properties":{"site":"brescia","name":null,"category":"other","historic":null,"building":"yes","osm_id":163974098}},{"type":"Feature","geometry":{"type":"Polygon","coordinates":[[[10.2208876,45.5318908],[10.2208286,45.5317499],[10.22107,45.5316879],[10.2210137,45.5315169],[10.2206972,45.5315921],[10.2206221,45.5314117],[10.2212041,45.5314079],[10.2212938,45.5316376],[10.2213516,45.5317856],[10.2211286,45.5318362],[10.2208876,45.5318908]]]},"properties":{"site":"brescia","name":null,"category":"other","historic":null,"building":"yes","osm_id":163974105}},{"type":"Feature","geometry":{"type":"Polygon","coordinates":[[[10.2221654,45.5310967],[10.2221654,45.5310047],[10.2224685,45.5310009],[10.2224658,45.5310986],[10.2221654,45.5310967]]]},"properties":{"site":"brescia","name":null,"category":"other","historic":null,"building":"yes","osm_id":163974107}},{"type":"Feature","geometry":{"type":"Polygon","coordinates":[[[10.2204263,45.5318119],[10.2202626,45.531406],[10.2204397,45.5314098],[10.2205765,45.5317386],[10.2207669,45.5318025],[10.2208071,45.5319133],[10.2207267,45.531934],[10.2204263,45.5318119]]]},"properties":{"site":"brescia","name":null,"category":"other","historic":null,"building":"yes","osm_id":163974108}},{"type":"Feature","geometry":{"type":"Polygon","coordinates":[[[10.2244617,45.5310458],[10.2244442,45.5308236],[10.224611,45.5308169],[10.2246166,45.5309197],[10.2246856,45.5309156],[10.2246756,45.5307501],[10.2248437,45.5307446],[10.2248551,45.5309589],[10.2244617,45.5310458]]]},"properties":{"site":"brescia","name":null,"category":"other","historic":null,"building":"yes","osm_id":163974110}},{"type":"Feature","geometry":{"type":"Polygon","coordinates":[[[10.2179628,45.5321824],[10.2177777,45.5322225],[10.2176715,45.5319794],[10.217889,45.5319328],[10.217918,45.5319992],[10.2178499,45.5320138],[10.2178979,45.5321236],[10.2181614,45.5320671],[10.2180663,45.5318496],[10.2182292,45.5318147],[10.2183535,45.5320991],[10.2181284,45.5321478],[10.2179628,45.5321824]]]},"properties":{"site":"brescia","name":null,"category":"other","historic":null,"building":"yes","osm_id":163974111}},{"type":"Feature","geometry":{"type":"Polygon","coordinates":[[[10.2212726,45.531282],[10.2212699,45.5311862],[10.2221792,45.5311768],[10.2221926,45.5312895],[10.2212726,45.531282]]]},"properties":{"site":"brescia","name":null,"category":"other","historic":null,"building":"yes","osm_id":163974113}},{"type":"Feature","geometry":{"type":"Polygon","coordinates":[[[10.2230698,45.5313207],[10.2231583,45.5310483],[10.2233353,45.5310746],[10.2232629,45.5313226],[10.2231181,45.5313546],[10.2230698,45.5313207]]]},"properties":{"site":"brescia","name":null,"category":"other","historic":null,"building":"yes","osm_id":163974115}},{"type":"Feature","geometry":{"type":"Polygon","coordinates":[[[10.218656,45.5316898],[10.2185997,45.53153],[10.2191602,45.5313985],[10.2192353,45.5315714],[10.218656,45.5316898]]]},"properties":{"site":"brescia","name":null,"category":"other","historic":null,"building":"yes","osm_id":163974117}},{"type":"Feature","geometry":{"type":"Polygon","coordinates":[[[10.2197396,45.5317442],[10.2198844,45.5321181],[10.2201071,45.5320655],[10.2202841,45.5318438],[10.2201071,45.5314117],[10.219635,45.5313966],[10.2193856,45.5314342],[10.2194016,45.5314737],[10.2192541,45.5315019],[10.219297,45.5316409],[10.2194446,45.5316202],[10.219458,45.531639],[10.2195867,45.5316202],[10.2196028,45.5316541],[10.2197316,45.5316334],[10.2196886,45.5315169],[10.2199864,45.5315244],[10.220091,45.5318138],[10.2199891,45.5319641],[10.2198818,45.5317104],[10.2197396,45.5317442]]]},"properties":{"site":"brescia","name":null,"category":"other","historic":null,"building":"yes","osm_id":163974121}},{"type":"Feature","geometry":{"type":"Polygon","coordinates":[[[10.2225169,45.5312835],[10.2224766,45.5311764],[10.2227743,45.5311708],[10.2228655,45.5309303],[10.223005,45.5309509],[10.2229031,45.5312797],[10.2225169,45.5312835]]]},"properties":{"site":"brescia","name":null,"category":"other","historic":null,"building":"yes","osm_id":163974122}},{"type":"Feature","geometry":{"type":"Polygon","coordinates":[[[10.212115,45.5312282],[10.2120625,45.5311089],[10.212249,45.5310687],[10.2123015,45.5311879],[10.212115,45.5312282]]]},"properties":{"site":"brescia","name":null,"category":"other","historic":null,"building":"yes","osm_id":163975254}},{"type":"Feature","geometry":{"type":"Polygon","coordinates":[[[10.2141493,45.5336986],[10.2141054,45.533615],[10.214944,45.5334166],[10.2151446,45.5339941],[10.2146772,45.5340839],[10.2144816,45.5336252],[10.2141493,45.5336986]]]},"properties":{"site":"brescia","name":null,"category":"other","historic":null,"building":"yes","osm_id":164049306}},{"type":"Feature","geometry":{"type":"Polygon","coordinates":[[[10.2151872,45.5339883],[10.2151221,45.5338161],[10.2154254,45.5337617],[10.2154255,45.5337454],[10.2155237,45.5337189],[10.2155986,45.5339056],[10.2151872,45.5339883]]]},"properties":{"site":"brescia","name":null,"category":"other","historic":null,"building":"yes","osm_id":164049308}},{"type":"Feature","geometry":{"type":"Polygon","coordinates":[[[10.212941,45.5343889],[10.2131974,45.5343432],[10.2131569,45.5342317],[10.2129005,45.5342774],[10.212941,45.5343889]]]},"properties":{"site":"brescia","name":null,"category":"other","historic":null,"building":"yes","osm_id":164049309}},{"type":"Feature","geometry":{"type":"Polygon","coordinates":[[[10.2150549,45.5335558],[10.2150116,45.5334483],[10.214996,45.5334094],[10.2151768,45.5333737],[10.2152356,45.5335197],[10.2151777,45.5335312],[10.2151616,45.5334912],[10.2151271,45.533498],[10.2151433,45.5335383],[10.2150549,45.5335558]]]},"properties":{"site":"brescia","name":null,"category":"other","historic":null,"building":"yes","osm_id":164049311}},{"type":"Feature","geometry":{"type":"Polygon","coordinates":[[[10.2161895,45.5338326],[10.2160983,45.5335824],[10.2161937,45.5335654],[10.216181,45.5335305],[10.2161215,45.5335412],[10.2160844,45.5334393],[10.2163327,45.5333949],[10.2163918,45.5335569],[10.216225,45.5335868],[10.2162596,45.5336817],[10.2164243,45.5336522],[10.2164717,45.5337821],[10.2161895,45.5338326]]]},"properties":{"site":"brescia","name":null,"category":"other","historic":null,"building":"yes","osm_id":164049312}},{"type":"Feature","geometry":{"type":"Polygon","coordinates":[[[10.2143662,45.5341539],[10.2145495,45.534117],[10.2144453,45.533863],[10.214262,45.5338999],[10.2143662,45.5341539]]]},"properties":{"site":"brescia","name":null,"category":"other","historic":null,"building":"yes","osm_id":164049313}},{"type":"Feature","geometry":{"type":"Polygon","coordinates":[[[10.2156657,45.533551],[10.2156109,45.5334195],[10.2154818,45.5334458],[10.2154324,45.5333273],[10.2158436,45.5332433],[10.215889,45.5333523],[10.21575,45.5333807],[10.2157657,45.5334184],[10.2158801,45.533395],[10.2159231,45.5334984],[10.2156657,45.533551]]]},"properties":{"site":"brescia","name":null,"category":"other","historic":null,"building":"yes","osm_id":164049316}},{"type":"Feature","geometry":{"type":"Polygon","coordinates":[[[10.2160081,45.5333182],[10.2159655,45.5332175],[10.2159465,45.5331726],[10.216246,45.5331103],[10.2163076,45.5332558],[10.2162118,45.5332758],[10.2162006,45.5332494],[10.216111,45.5332681],[10.2161222,45.5332945],[10.2160081,45.5333182]]]},"properties":{"site":"brescia","name":null,"category":"other","historic":null,"building":"apartments","osm_id":164049318}},{"type":"Feature","geometry":{"type":"Polygon","coordinates":[[[10.2123619,45.5342887],[10.2128148,45.5342391],[10.212868,45.5342301],[10.2129324,45.5344003],[10.2124421,45.5344881],[10.2123619,45.5342887]]]},"properties":{"site":"brescia","name":null,"category":"other","historic":null,"building":"yes","osm_id":164049320}},{"type":"Feature","geometry":{"type":"Polygon","coordinates":[[[10.2156694,45.5339185],[10.2160998,45.5338397],[10.2160296,45.5336517],[10.2158552,45.5336836],[10.2158794,45.5337483],[10.2157036,45.5337805],[10.2156619,45.5336688],[10.2155817,45.5336835],[10.2156694,45.5339185]]]},"properties":{"site":"brescia","name":null,"category":"other","historic":null,"building":"yes","osm_id":164049322}},{"type":"Feature","geometry":{"type":"Polygon","coordinates":[[[10.2128165,45.5341295],[10.2128383,45.534124],[10.2128756,45.5342033],[10.2129563,45.534185],[10.2128343,45.5339079],[10.2126157,45.5339446],[10.2126403,45.5340028],[10.2127592,45.5340892],[10.2127905,45.5340805],[10.2128165,45.5341295]]]},"properties":{"site":"brescia","name":null,"category":"other","historic":null,"building":"yes","osm_id":164049328}},{"type":"Feature","geometry":{"type":"Polygon","coordinates":[[[10.2169819,45.5330966],[10.2169693,45.5330675],[10.2169371,45.5330743],[10.2168965,45.5329808],[10.2169893,45.532961],[10.2171141,45.5329344],[10.2171616,45.5329243],[10.217225,45.5329108],[10.217289,45.5328972],[10.2173594,45.5328822],[10.2174123,45.5328709],[10.2174298,45.5328672],[10.2174356,45.5328804],[10.2175128,45.5328639],[10.2175313,45.53286],[10.2178062,45.533493],[10.2177804,45.5334985],[10.2171879,45.5336248],[10.2171811,45.5336094],[10.2167662,45.5336978],[10.2166582,45.5337208],[10.2164962,45.5333479],[10.2166902,45.5333066],[10.2166994,45.5333278],[10.216813,45.5333036],[10.2168979,45.5334989],[10.2170177,45.5334734],[10.2169371,45.5332879],[10.2171303,45.5332467],[10.2172283,45.5334723],[10.2175928,45.5333946],[10.2174168,45.5329894],[10.2171968,45.5330363],[10.2172197,45.5330891],[10.2171376,45.5331066],[10.2171205,45.5330671],[10.2169819,45.5330966]]]},"properties":{"site":"brescia","name":null,"category":"other","historic":null,"building":"yes","osm_id":164049330}},{"type":"Feature","geometry":{"type":"Polygon","coordinates":[[[10.2132748,45.5341411],[10.2132011,45.5339702],[10.2134345,45.5339208],[10.2135082,45.5340917],[10.2132748,45.5341411]]]},"properties":{"site":"brescia","name":null,"category":"other","historic":null,"building":"yes","osm_id":164049331}},{"type":"Feature","geometry":{"type":"Polygon","coordinates":[[[10.2138219,45.5342509],[10.2141461,45.5341823],[10.2140968,45.5340678],[10.2139298,45.5341032],[10.2138578,45.5339363],[10.2139932,45.5339076],[10.2139209,45.5337402],[10.2140993,45.5337024],[10.2140687,45.5336314],[10.2136326,45.5337237],[10.2136743,45.5338203],[10.2137847,45.5337969],[10.2138247,45.5338895],[10.2136792,45.5339203],[10.2138025,45.5342061],[10.2138219,45.5342509]]]},"properties":{"site":"brescia","name":null,"category":"other","historic":null,"building":"yes","osm_id":164049335}},{"type":"Feature","geometry":{"type":"Polygon","coordinates":[[[10.2152533,45.5335245],[10.2151978,45.5333738],[10.2154258,45.5333326],[10.2155276,45.5336089],[10.2154577,45.5336215],[10.2154114,45.5334959],[10.2152533,45.5335245]]]},"properties":{"site":"brescia","name":null,"category":"other","historic":null,"building":"yes","osm_id":164049338}},{"type":"Feature","geometry":{"type":"Polygon","coordinates":[[[10.2188812,45.5326328],[10.2189944,45.5326088],[10.2189496,45.5325051],[10.2188364,45.5325291],[10.2188812,45.5326328]]]},"properties":{"site":"brescia","name":null,"category":"other","historic":null,"building":"yes","osm_id":164049836}},{"type":"Feature","geometry":{"type":"Polygon","coordinates":[[[10.2195194,45.5328515],[10.2196554,45.5328276],[10.219617,45.53272],[10.219481,45.5327439],[10.2195194,45.5328515]]]},"properties":{"site":"brescia","name":null,"category":"other","historic":null,"building":"yes","osm_id":164049837}},{"type":"Feature","geometry":{"type":"Polygon","coordinates":[[[10.2195132,45.5331857],[10.2193968,45.5328663],[10.2194893,45.5328498],[10.2195704,45.5330726],[10.2197351,45.5330431],[10.2197703,45.5331397],[10.2195132,45.5331857]]]},"properties":{"site":"brescia","name":null,"category":"other","historic":null,"building":"yes","osm_id":164049838}},{"type":"Feature","geometry":{"type":"Polygon","coordinates":[[[10.2181042,45.53315],[10.2179999,45.5328731],[10.2181064,45.5328535],[10.2181371,45.532935],[10.218228,45.5329182],[10.2182786,45.5330526],[10.2184222,45.5330261],[10.2184061,45.5329835],[10.2187995,45.5329109],[10.2188136,45.5329483],[10.2190795,45.5328992],[10.2190318,45.5327725],[10.2193177,45.5327197],[10.2194868,45.5331689],[10.2186736,45.5333191],[10.2186527,45.5332636],[10.2183565,45.5333191],[10.2182769,45.5331181],[10.2181042,45.53315]]]},"properties":{"site":"brescia","name":null,"category":"other","historic":null,"building":"yes","osm_id":164049839}},{"type":"Feature","geometry":{"type":"Polygon","coordinates":[[[10.2198069,45.5331341],[10.2197586,45.5330138],[10.2202521,45.532918],[10.220236,45.5328804],[10.2203594,45.5328598],[10.2203755,45.5329124],[10.2205464,45.532877],[10.2205272,45.5328227],[10.220456,45.5328335],[10.2204124,45.532706],[10.2206196,45.5326644],[10.2207322,45.5329725],[10.2203084,45.533057],[10.2203004,45.5330345],[10.2198069,45.5331341]]]},"properties":{"site":"brescia","name":null,"category":"other","historic":null,"building":"yes","osm_id":164049840}},{"type":"Feature","geometry":{"type":"Polygon","coordinates":[[[10.2191027,45.5326758],[10.2192718,45.5326366],[10.2192043,45.5324939],[10.2190352,45.5325331],[10.2191027,45.5326758]]]},"properties":{"site":"brescia","name":null,"category":"other","historic":null,"building":"yes","osm_id":164049841}},{"type":"Feature","geometry":{"type":"Polygon","coordinates":[[[10.2193521,45.5326229],[10.219547,45.5325879],[10.2194925,45.5324389],[10.2192976,45.5324739],[10.2193521,45.5326229]]]},"properties":{"site":"brescia","name":null,"category":"other","historic":null,"building":"yes","osm_id":164049842}},{"type":"Feature","geometry":{"type":"Polygon","coordinates":[[[10.2184044,45.5328613],[10.2183576,45.532755],[10.2182649,45.532775],[10.2182154,45.5326623],[10.2185744,45.5325849],[10.218623,45.5326954],[10.2185516,45.5327108],[10.2185993,45.5328193],[10.2184044,45.5328613]]]},"properties":{"site":"brescia","name":null,"category":"other","historic":null,"building":"yes","osm_id":164049843}},{"type":"Feature","geometry":{"type":"Polygon","coordinates":[[[10.2196325,45.5325441],[10.219569,45.5323744],[10.2201851,45.5322397],[10.2204962,45.5323412],[10.2206062,45.5326362],[10.2202253,45.5327057],[10.2201797,45.532561],[10.2203675,45.5325272],[10.2203245,45.5323919],[10.2202012,45.5323543],[10.2198271,45.5324351],[10.2198541,45.5324995],[10.2196325,45.5325441]]]},"properties":{"site":"brescia","name":null,"category":"other","historic":null,"building":"yes","osm_id":164049844}},{"type":"Feature","geometry":{"type":"Polygon","coordinates":[[[10.2188479,45.5329014],[10.2190317,45.5328657],[10.2189808,45.5327371],[10.218797,45.5327728],[10.2188479,45.5329014]]]},"properties":{"site":"brescia","name":null,"category":"other","historic":null,"building":"yes","osm_id":164049845}},{"type":"Feature","geometry":{"type":"Polygon","coordinates":[[[10.2186805,45.5326791],[10.2187953,45.5326581],[10.2187609,45.5325658],[10.2186461,45.5325868],[10.2186805,45.5326791]]]},"properties":{"site":"brescia","name":null,"category":"other","historic":null,"building":"yes","osm_id":164049846}},{"type":"Feature","geometry":{"type":"Polygon","coordinates":[[[10.2197321,45.5329346],[10.2202526,45.5328506],[10.2202143,45.5327342],[10.2196938,45.5328182],[10.2197321,45.5329346]]]},"properties":{"site":"brescia","name":null,"category":"other","historic":null,"building":"yes","osm_id":164049847}},{"type":"Feature","geometry":{"type":"Polygon","coordinates":[[[10.219726,45.5327763],[10.2201125,45.5327101],[10.2200916,45.5326503],[10.2198316,45.5326948],[10.2197928,45.5325836],[10.2196663,45.5326053],[10.219726,45.5327763]]]},"properties":{"site":"brescia","name":null,"category":"other","historic":null,"building":"yes","osm_id":164049848}},{"type":"Feature","geometry":{"type":"Polygon","coordinates":[[[10.2221038,45.5326568],[10.2225428,45.5325666],[10.2224364,45.532265],[10.2222599,45.5322996],[10.2221725,45.5323476],[10.2222448,45.5324111],[10.222356,45.5323792],[10.2223846,45.5324652],[10.2223399,45.5324708],[10.2223184,45.5324971],[10.2223345,45.5325366],[10.2222203,45.5325543],[10.2222063,45.53248],[10.2220672,45.5324677],[10.2220553,45.532551],[10.2221038,45.5326568]]]},"properties":{"site":"brescia","name":null,"category":"other","historic":null,"building":"yes","osm_id":164057460}},{"type":"Feature","geometry":{"type":"Polygon","coordinates":[[[10.2236556,45.5317451],[10.2235886,45.5315911],[10.2236395,45.5315835],[10.2239116,45.5315479],[10.2239773,45.5314847],[10.2240433,45.5314843],[10.2243118,45.5314592],[10.2243423,45.5320044],[10.2241599,45.5320063],[10.224133,45.5317038],[10.2236556,45.5317451]]]},"properties":{"site":"brescia","name":null,"category":"other","historic":null,"building":"yes","osm_id":164057461}},{"type":"Feature","geometry":{"type":"Polygon","coordinates":[[[10.2209863,45.5327862],[10.2214267,45.532709],[10.2214642,45.5328199],[10.2208822,45.5329307],[10.2206301,45.5323313],[10.2207964,45.5321002],[10.22153,45.5319249],[10.2218183,45.531856],[10.2218988,45.532166],[10.2219631,45.5321604],[10.222006,45.5322881],[10.221978,45.5323204],[10.2218534,45.5322944],[10.2217815,45.5322435],[10.2216761,45.5320038],[10.2215752,45.5320267],[10.2212148,45.5321002],[10.2209037,45.5321867],[10.2208044,45.5323445],[10.2208849,45.5325718],[10.2209466,45.5325606],[10.220968,45.5326075],[10.2209198,45.5326169],[10.2209863,45.5327862]]]},"properties":{"site":"brescia","name":null,"category":"other","historic":null,"building":"yes","osm_id":164057462}},{"type":"Feature","geometry":{"type":"Polygon","coordinates":[[[10.2269656,45.5315554],[10.226947,45.5314308],[10.2269388,45.531376],[10.2271894,45.5313576],[10.2271972,45.5314098],[10.2272163,45.531537],[10.2269656,45.5315554]]]},"properties":{"site":"brescia","name":null,"category":"other","historic":null,"building":"yes","osm_id":164057463}},{"type":"Feature","geometry":{"type":"Polygon","coordinates":[[[10.2250678,45.5320685],[10.2250646,45.5320563],[10.2252741,45.5320301],[10.2252047,45.5317579],[10.2253493,45.5317398],[10.2253994,45.5319363],[10.2255365,45.5319191],[10.2255835,45.5321036],[10.2250966,45.5321645],[10.2250861,45.5321233],[10.2250206,45.5321315],[10.2250065,45.5320762],[10.2250678,45.5320685]]]},"properties":{"site":"brescia","name":null,"category":"other","historic":null,"building":"yes","osm_id":164057464}},{"type":"Feature","geometry":{"type":"Polygon","coordinates":[[[10.2237477,45.5323908],[10.2237104,45.5322772],[10.2239265,45.5322468],[10.2239265,45.5322224],[10.2239077,45.5321604],[10.2239343,45.5320148],[10.2240751,45.5320092],[10.2240767,45.5320796],[10.2241007,45.5320796],[10.224125,45.5322186],[10.224361,45.5321904],[10.2243744,45.5323182],[10.2237477,45.5323908]]]},"properties":{"site":"brescia","name":null,"category":"other","historic":null,"building":"yes","osm_id":164057465}},{"type":"Feature","geometry":{"type":"Polygon","coordinates":[[[10.2265411,45.5317338],[10.2265025,45.5315778],[10.2266336,45.5315633],[10.2266719,45.5317182],[10.2266169,45.5317249],[10.2266286,45.531772],[10.2265596,45.5317808],[10.2265477,45.531733],[10.2265411,45.5317338]]]},"properties":{"site":"brescia","name":null,"category":"other","historic":null,"building":"yes","osm_id":164057466}},{"type":"Feature","geometry":{"type":"Polygon","coordinates":[[[10.2268839,45.531294],[10.2268624,45.5311925],[10.2269858,45.5311775],[10.2269751,45.5311249],[10.2271173,45.531108],[10.2271548,45.5312639],[10.2268839,45.531294]]]},"properties":{"site":"brescia","name":null,"category":"other","historic":null,"building":"yes","osm_id":164057467}},{"type":"Feature","geometry":{"type":"Polygon","coordinates":[[[10.2243476,45.5320739],[10.2243423,45.5320044],[10.2241599,45.5320063],[10.2240751,45.5320092],[10.2240767,45.5320796],[10.2241007,45.5320796],[10.2243476,45.5320739]]]},"properties":{"site":"brescia","name":null,"category":"other","historic":null,"building":"yes","osm_id":164057468}},{"type":"Feature","geometry":{"type":"Polygon","coordinates":[[[10.2258851,45.5311866],[10.2258711,45.5310725],[10.2261454,45.531056],[10.2261593,45.5311701],[10.2258851,45.5311866]]]},"properties":{"site":"brescia","name":null,"category":"other","historic":null,"building":"yes","osm_id":164057469}},{"type":"Feature","geometry":{"type":"Polygon","coordinates":[[[10.2254766,45.5314766],[10.2254348,45.5313051],[10.225661,45.531278],[10.225675,45.5313352],[10.2262332,45.5312683],[10.2262611,45.5313827],[10.2254766,45.5314766]]]},"properties":{"site":"brescia","name":null,"category":"other","historic":null,"building":"yes","osm_id":164057470}},{"type":"Feature","geometry":{"type":"Polygon","coordinates":[[[10.2234053,45.5324398],[10.2237477,45.5323908],[10.2237104,45.5322772],[10.2236555,45.5321099],[10.2235509,45.5320667],[10.2233014,45.5321024],[10.2234053,45.5324398]]]},"properties":{"site":"brescia","name":null,"category":"other","historic":null,"building":"yes","osm_id":164057471}},{"type":"Feature","geometry":{"type":"Polygon","coordinates":[[[10.2256435,45.5320217],[10.2256271,45.5319586],[10.2255122,45.5315174],[10.2262163,45.5314275],[10.2262382,45.5315115],[10.2262691,45.5316305],[10.2262313,45.5316354],[10.2260432,45.5316594],[10.2260349,45.5316277],[10.2259495,45.5316387],[10.2259189,45.5316426],[10.2259038,45.5315844],[10.2256851,45.5316124],[10.225754,45.531877],[10.2260045,45.531845],[10.2261366,45.5318281],[10.226169,45.5319528],[10.2261769,45.5319831],[10.2259587,45.532011],[10.2259717,45.5320609],[10.2258295,45.5320791],[10.2258091,45.5320005],[10.2256435,45.5320217]]]},"properties":{"site":"brescia","name":null,"category":"other","historic":null,"building":"yes","osm_id":164057473}},{"type":"Feature","geometry":{"type":"Polygon","coordinates":[[[10.224824,45.5312782],[10.2248434,45.5314458],[10.2246922,45.5314545],[10.2245927,45.5314601],[10.2245732,45.5312925],[10.224824,45.5312782]]]},"properties":{"site":"brescia","name":null,"category":"other","historic":null,"building":"yes","osm_id":164057474}},{"type":"Feature","geometry":{"type":"Polygon","coordinates":[[[10.2248497,45.5312402],[10.22481,45.5311517],[10.2251552,45.5310795],[10.2252688,45.5311211],[10.2253054,45.5312363],[10.2251836,45.5312535],[10.2251604,45.5312018],[10.225118,45.5311841],[10.2248497,45.5312402]]]},"properties":{"site":"brescia","name":null,"category":"other","historic":null,"building":"yes","osm_id":164057475}},{"type":"Feature","geometry":{"type":"Polygon","coordinates":[[[10.2209439,45.5324197],[10.2209198,45.5323577],[10.2209519,45.5322975],[10.22107,45.5322318],[10.2211987,45.5322036],[10.2212497,45.5323144],[10.221129,45.532337],[10.2210592,45.5323708],[10.2210592,45.532399],[10.2209439,45.5324197]]]},"properties":{"site":"brescia","name":null,"category":"other","historic":null,"building":"yes","osm_id":164057476}},{"type":"Feature","geometry":{"type":"Polygon","coordinates":[[[10.2164163,45.5330942],[10.2164962,45.5333479],[10.2166902,45.5333066],[10.2170392,45.5332259],[10.2169819,45.5330966],[10.2169693,45.5330675],[10.2169371,45.5330743],[10.2168965,45.5329808],[10.2167488,45.5330157],[10.2167066,45.5330256],[10.2164163,45.5330942]]]},"properties":{"site":"brescia","name":null,"category":"other","historic":null,"building":"yes","osm_id":164057477}},{"type":"Feature","geometry":{"type":"Polygon","coordinates":[[[10.2215072,45.5328011],[10.2214616,45.5326846],[10.221554,45.5326688],[10.22157,45.5327208],[10.2216144,45.5327128],[10.221601,45.5326714],[10.2217079,45.5326085],[10.2216171,45.5325888],[10.2216493,45.5325211],[10.2218585,45.5325681],[10.2217834,45.5327222],[10.2217378,45.5327579],[10.2215072,45.5328011]]]},"properties":{"site":"brescia","name":null,"category":"other","historic":null,"building":"yes","osm_id":164057478}},{"type":"Feature","geometry":{"type":"Polygon","coordinates":[[[10.2259889,45.5317865],[10.2259495,45.5316387],[10.2260349,45.5316277],[10.2260432,45.5316594],[10.2262313,45.5316354],[10.2262407,45.5316704],[10.2262796,45.5316653],[10.2262893,45.5317017],[10.2261085,45.5317253],[10.2261366,45.5318281],[10.2260045,45.531845],[10.2259889,45.5317865]]]},"properties":{"site":"brescia","name":null,"category":"other","historic":null,"building":"yes","osm_id":164057479}},{"type":"Feature","geometry":{"type":"Polygon","coordinates":[[[10.2219631,45.5321604],[10.2221402,45.5320852],[10.2220919,45.5320382],[10.2219309,45.5321021],[10.2219229,45.5320458],[10.222226,45.5319311],[10.2221965,45.5319011],[10.2220892,45.5319217],[10.222049,45.5317996],[10.2222126,45.5317639],[10.2223842,45.531856],[10.2226471,45.5317545],[10.2226846,45.5317808],[10.222749,45.5317602],[10.2227517,45.5317226],[10.2226659,45.5317226],[10.2226712,45.5316568],[10.2228805,45.5316418],[10.2228241,45.5318053],[10.2227437,45.5318898],[10.2220731,45.5322412],[10.222006,45.5322881],[10.2219631,45.5321604]]]},"properties":{"site":"brescia","name":null,"category":"other","historic":null,"building":"yes","osm_id":164057480}},{"type":"Feature","geometry":{"type":"Polygon","coordinates":[[[10.2256092,45.5310938],[10.2257026,45.5310737],[10.2256955,45.5310576],[10.2257768,45.5310407],[10.2257399,45.5309357],[10.2254679,45.5309953],[10.2254107,45.531075],[10.2254448,45.5312382],[10.225607,45.5312163],[10.2255993,45.5311801],[10.2256128,45.5311781],[10.2255945,45.5311078],[10.2255761,45.5311101],[10.2255721,45.5310953],[10.2255848,45.5310805],[10.2256018,45.531077],[10.2256092,45.5310938]]]},"properties":{"site":"brescia","name":null,"category":"other","historic":null,"building":"yes","osm_id":164057482}},{"type":"Feature","geometry":{"type":"Polygon","coordinates":[[[10.2262561,45.5313214],[10.2262312,45.5312141],[10.2266836,45.5311625],[10.2267085,45.5312698],[10.2262561,45.5313214]]]},"properties":{"site":"brescia","name":null,"category":"other","historic":null,"building":"yes","osm_id":164057484}},{"type":"Feature","geometry":{"type":"Polygon","coordinates":[[[10.2231578,45.53166],[10.2231047,45.5315387],[10.2234624,45.5314618],[10.2235682,45.5317032],[10.223479,45.5317223],[10.2234462,45.5316477],[10.2233893,45.5316599],[10.2233694,45.5316145],[10.2231578,45.53166]]]},"properties":{"site":"brescia","name":null,"category":"other","historic":null,"building":"yes","osm_id":164057486}},{"type":"Feature","geometry":{"type":"Polygon","coordinates":[[[10.2247392,45.5322092],[10.2246336,45.5317949],[10.2246496,45.5317928],[10.2246335,45.5317424],[10.2247691,45.5317347],[10.2247895,45.5318142],[10.2249389,45.5317955],[10.2249753,45.5319385],[10.2248232,45.5319576],[10.2248581,45.5320945],[10.2249314,45.5320853],[10.2249078,45.5319926],[10.2249828,45.5319832],[10.2250065,45.5320762],[10.2250206,45.5321315],[10.2250861,45.5321233],[10.2250966,45.5321645],[10.2247392,45.5322092]]]},"properties":{"site":"brescia","name":null,"category":"other","historic":null,"building":"yes","osm_id":164057487}},{"type":"Feature","geometry":{"type":"Polygon","coordinates":[[[10.2228509,45.5319293],[10.2229287,45.5316944],[10.2237602,45.5318015],[10.2236158,45.5320637],[10.2233042,45.531995],[10.2232676,45.5319897],[10.2228509,45.5319293]]]},"properties":{"site":"brescia","name":null,"category":"other","historic":null,"building":"yes","osm_id":164057488}},{"type":"Feature","geometry":{"type":"Polygon","coordinates":[[[10.2270703,45.531814],[10.2270389,45.531661],[10.2272682,45.5316379],[10.2272959,45.5317732],[10.227173,45.5317856],[10.2271767,45.5318033],[10.2270703,45.531814]]]},"properties":{"site":"brescia","name":null,"category":"other","historic":null,"building":"yes","osm_id":164057489}},{"type":"Feature","geometry":{"type":"Polygon","coordinates":[[[10.224133,45.5320044],[10.2239185,45.5320063],[10.2238031,45.5320101],[10.2237173,45.5319875],[10.223728,45.5319217],[10.224133,45.5319105],[10.224133,45.5320044]]]},"properties":{"site":"brescia","name":null,"category":"other","historic":null,"building":"yes","osm_id":164057490}},{"type":"Feature","geometry":{"type":"Polygon","coordinates":[[[10.2261554,45.5309616],[10.226134,45.5308583],[10.2268072,45.5307042],[10.2269011,45.530785],[10.2269869,45.5308169],[10.2270566,45.5308244],[10.227113,45.5310743],[10.2269199,45.5310969],[10.2268823,45.5309334],[10.2267267,45.5308564],[10.2265014,45.5309109],[10.2265229,45.5309672],[10.2263561,45.5309994],[10.2263271,45.530924],[10.2261554,45.5309616]]]},"properties":{"site":"brescia","name":null,"category":"other","historic":null,"building":"yes","osm_id":164057491}},{"type":"Feature","geometry":{"type":"Polygon","coordinates":[[[10.213954,45.5348443],[10.2140978,45.5348174],[10.2140412,45.5346692],[10.2138975,45.5346961],[10.2139454,45.5348219],[10.213954,45.5348443]]]},"properties":{"site":"brescia","name":null,"category":"other","historic":null,"building":"yes","osm_id":164473080}},{"type":"Feature","geometry":{"type":"Polygon","coordinates":[[[10.2291259,45.5312633],[10.2296463,45.5311074],[10.2295846,45.5309946],[10.2295014,45.5310209],[10.2295251,45.5308046],[10.2292439,45.5307936],[10.2292252,45.5310773],[10.2289784,45.5311506],[10.2290504,45.5312841],[10.2291259,45.5312633]]]},"properties":{"site":"brescia","name":null,"category":"other","historic":null,"building":"apartments","osm_id":164473081}},{"type":"Feature","geometry":{"type":"Polygon","coordinates":[[[10.2275586,45.5325351],[10.2275371,45.5324205],[10.2277007,45.532413],[10.2277597,45.532475],[10.2277195,45.5325276],[10.2275586,45.5325351]]]},"properties":{"site":"brescia","name":null,"category":"other","historic":null,"building":"yes","osm_id":164473083}},{"type":"Feature","geometry":{"type":"Polygon","coordinates":[[[10.2159163,45.5344598],[10.2158433,45.5342721],[10.2160215,45.534238],[10.2160409,45.5342877],[10.2164472,45.5342101],[10.2164317,45.5341702],[10.2166352,45.5341313],[10.2167054,45.5343118],[10.2165304,45.5343452],[10.2165181,45.5343135],[10.2160813,45.5343969],[10.2160927,45.5344261],[10.2159163,45.5344598]]]},"properties":{"site":"brescia","name":null,"category":"other","historic":null,"building":"apartments","osm_id":164473084}},{"type":"Feature","geometry":{"type":"Polygon","coordinates":[[[10.2273874,45.5312809],[10.2273577,45.5311543],[10.2275177,45.5311359],[10.2275474,45.5312625],[10.2273874,45.5312809]]]},"properties":{"site":"brescia","name":null,"category":"other","historic":null,"building":"yes","osm_id":164473086}},{"type":"Feature","geometry":{"type":"Polygon","coordinates":[[[10.2277454,45.5322307],[10.2278793,45.5321854],[10.2278086,45.5320829],[10.2276747,45.5321282],[10.2277454,45.5322307]]]},"properties":{"site":"brescia","name":null,"category":"other","historic":null,"building":"yes","osm_id":164473087}},{"type":"Feature","geometry":{"type":"Polygon","coordinates":[[[10.2278694,45.5324334],[10.2280165,45.5323884],[10.2279521,45.5322848],[10.2278049,45.5323298],[10.2278694,45.5324334]]]},"properties":{"site":"brescia","name":null,"category":"other","historic":null,"building":"yes","osm_id":164473088}},{"type":"Feature","geometry":{"type":"Polygon","coordinates":[[[10.228183,45.5325036],[10.2281527,45.5322801],[10.2283137,45.5322694],[10.228344,45.5324929],[10.228183,45.5325036]]]},"properties":{"site":"brescia","name":null,"category":"other","historic":null,"building":"yes","osm_id":164473091}},{"type":"Feature","geometry":{"type":"Polygon","coordinates":[[[10.2272579,45.5308287],[10.2272364,45.5307516],[10.2273679,45.5306671],[10.2282771,45.5307065],[10.2282032,45.5314025],[10.2279258,45.5313942],[10.2279928,45.5308193],[10.2274188,45.5307873],[10.2274108,45.5308155],[10.2272579,45.5308287]]]},"properties":{"site":"brescia","name":null,"category":"other","historic":null,"building":"yes","osm_id":164473092}},{"type":"Feature","geometry":{"type":"Polygon","coordinates":[[[10.2203665,45.5336305],[10.2202711,45.5334107],[10.2204225,45.5333785],[10.2204537,45.5334506],[10.2205139,45.5334378],[10.2205008,45.5334078],[10.2206254,45.5333812],[10.2206071,45.5333264],[10.2208725,45.5332732],[10.2209386,45.5334412],[10.2205238,45.5335296],[10.2205506,45.5335913],[10.2203665,45.5336305]]]},"properties":{"site":"brescia","name":null,"category":"other","historic":null,"building":"yes","osm_id":164473093}},{"type":"Feature","geometry":{"type":"Polygon","coordinates":[[[10.2125547,45.5351183],[10.2127208,45.535086],[10.2128706,45.5350568],[10.2130486,45.5350221],[10.2131772,45.5349971],[10.2131262,45.5348686],[10.2125037,45.5349897],[10.2125547,45.5351183]]]},"properties":{"site":"brescia","name":null,"category":"other","historic":null,"building":"yes","osm_id":164473094}},{"type":"Feature","geometry":{"type":"Polygon","coordinates":[[[10.22706,45.5324161],[10.2272577,45.5323485],[10.2271009,45.5321235],[10.2269031,45.5321911],[10.22706,45.5324161]]]},"properties":{"site":"brescia","name":null,"category":"other","historic":null,"building":"yes","osm_id":164473095}},{"type":"Feature","geometry":{"type":"Polygon","coordinates":[[[10.2149773,45.5346477],[10.2148956,45.5344449],[10.215125,45.5343996],[10.2151556,45.5344754],[10.2153023,45.5344464],[10.2152723,45.534372],[10.2154343,45.53434],[10.2155154,45.5345413],[10.2149773,45.5346477]]]},"properties":{"site":"brescia","name":null,"category":"other","historic":null,"building":"yes","osm_id":164473097}},{"type":"Feature","geometry":{"type":"Polygon","coordinates":[[[10.227371,45.5323481],[10.2272138,45.5321171],[10.2274299,45.5320449],[10.2276129,45.5323135],[10.2274626,45.5323637],[10.227437,45.5323261],[10.227371,45.5323481]]]},"properties":{"site":"brescia","name":null,"category":"other","historic":null,"building":"yes","osm_id":164473098}},{"type":"Feature","geometry":{"type":"Polygon","coordinates":[[[10.2168776,45.5342845],[10.2167906,45.5340723],[10.2169795,45.5340343],[10.217023,45.5341405],[10.2171536,45.5341142],[10.217143,45.5340883],[10.2172243,45.534072],[10.2172415,45.534114],[10.2174114,45.5340799],[10.2173973,45.5340456],[10.2174641,45.5340321],[10.2174875,45.5340892],[10.2176443,45.5340577],[10.2175917,45.5339291],[10.2177223,45.5339029],[10.2178024,45.5340986],[10.2168776,45.5342845]]]},"properties":{"site":"brescia","name":null,"category":"other","historic":null,"building":"yes","osm_id":164473099}},{"type":"Feature","geometry":{"type":"Polygon","coordinates":[[[10.2286221,45.5325026],[10.2288713,45.5324875],[10.2288552,45.5323577],[10.2286061,45.5323727],[10.2286221,45.5325026]]]},"properties":{"site":"brescia","name":null,"category":"other","historic":null,"building":"yes","osm_id":164473100}},{"type":"Feature","geometry":{"type":"Polygon","coordinates":[[[10.2133797,45.5349265],[10.2137566,45.5348553],[10.2137147,45.5347466],[10.2133378,45.5348177],[10.2133797,45.5349265]]]},"properties":{"site":"brescia","name":null,"category":"other","historic":null,"building":"yes","osm_id":164473101}},{"type":"Feature","geometry":{"type":"Polygon","coordinates":[[[10.2279743,45.5321405],[10.2279126,45.5320391],[10.2280253,45.5320071],[10.2282962,45.532103],[10.2283042,45.53218],[10.2281701,45.532195],[10.2281502,45.5321693],[10.2280548,45.5321218],[10.2279743,45.5321405]]]},"properties":{"site":"brescia","name":null,"category":"other","historic":null,"building":"yes","osm_id":164473104}},{"type":"Feature","geometry":{"type":"Polygon","coordinates":[[[10.2273058,45.5310378],[10.2272728,45.5308779],[10.2274636,45.5308585],[10.2274872,45.5309732],[10.2274378,45.5309782],[10.2274472,45.5310235],[10.2273058,45.5310378]]]},"properties":{"site":"brescia","name":null,"category":"other","historic":null,"building":"yes","osm_id":164473105}},{"type":"Feature","geometry":{"type":"Polygon","coordinates":[[[10.2283705,45.5312619],[10.2284285,45.5308011],[10.2285492,45.5307372],[10.229024,45.5307541],[10.2289999,45.5310209],[10.2285653,45.5310003],[10.2285358,45.5311731],[10.2286968,45.5312539],[10.2287849,45.5312326],[10.2289221,45.5311994],[10.2289811,45.531299],[10.2286378,45.5313948],[10.2283705,45.5312619]]]},"properties":{"site":"brescia","name":null,"category":"other","historic":null,"building":"apartments","osm_id":164473107}},{"type":"Feature","geometry":{"type":"Polygon","coordinates":[[[10.227459,45.5317229],[10.2273989,45.5316148],[10.2277598,45.5315165],[10.2277942,45.5315783],[10.2277488,45.5315907],[10.2277745,45.531637],[10.227459,45.5317229]]]},"properties":{"site":"brescia","name":null,"category":"other","historic":null,"building":"yes","osm_id":164473108}},{"type":"Feature","geometry":{"type":"Polygon","coordinates":[[[10.2141613,45.5348055],[10.2141388,45.5347479],[10.214192,45.5347377],[10.2141751,45.5346943],[10.2142837,45.5346735],[10.2142963,45.5347058],[10.2143842,45.534689],[10.2143582,45.5346224],[10.2145007,45.5345951],[10.2145535,45.5347303],[10.2141613,45.5348055]]]},"properties":{"site":"brescia","name":null,"category":"other","historic":null,"building":"yes","osm_id":164473109}},{"type":"Feature","geometry":{"type":"Polygon","coordinates":[[[10.2295975,45.5310153],[10.229775,45.5309665],[10.2297911,45.530833],[10.2299467,45.530833],[10.2299279,45.5310209],[10.2296463,45.5311074],[10.2295975,45.5310153]]]},"properties":{"site":"brescia","name":null,"category":"other","historic":null,"building":"apartments","osm_id":164473110}},{"type":"Feature","geometry":{"type":"Polygon","coordinates":[[[10.2187377,45.5349522],[10.21851,45.535],[10.2183586,45.5346462],[10.2185927,45.5345977],[10.2187049,45.5345728],[10.2187345,45.5345673],[10.2188859,45.5349211],[10.2188492,45.5349288],[10.2187377,45.5349522]]]},"properties":{"site":"brescia","name":null,"category":"other","historic":null,"building":"yes","osm_id":164698869}},{"type":"Feature","geometry":{"type":"Polygon","coordinates":[[[10.2179998,45.5344053],[10.2183171,45.5351498],[10.2181874,45.535177],[10.2180725,45.5349075],[10.2178014,45.5349642],[10.2177723,45.5348961],[10.2180035,45.5348478],[10.21783,45.5344408],[10.2179998,45.5344053]]]},"properties":{"site":"brescia","name":null,"category":"other","historic":null,"building":"yes","osm_id":164698870}},{"type":"Feature","geometry":{"type":"Polygon","coordinates":[[[10.2141395,45.535106],[10.2139523,45.5351417],[10.2139713,45.5351888],[10.2141585,45.5351584],[10.2141395,45.535106]]]},"properties":{"site":"brescia","name":null,"category":"other","historic":null,"building":"yes","osm_id":164698871}},{"type":"Feature","geometry":{"type":"Polygon","coordinates":[[[10.2174969,45.5343317],[10.2176436,45.5346889],[10.2178355,45.5346502],[10.2178242,45.5346225],[10.2177626,45.5346349],[10.2176862,45.5344488],[10.2179924,45.5343871],[10.2179335,45.5342437],[10.2174969,45.5343317]]]},"properties":{"site":"brescia","name":null,"category":"other","historic":null,"building":"yes","osm_id":164698872}},{"type":"Feature","geometry":{"type":"Polygon","coordinates":[[[10.2185002,45.5355717],[10.2176151,45.5356224],[10.2175748,45.5354924],[10.2176549,45.535478],[10.2176161,45.5353734],[10.2175347,45.5353888],[10.2175012,45.5352944],[10.2178667,45.5352244],[10.2178066,45.5350717],[10.2180523,45.5350193],[10.2181009,45.5351316],[10.217945,45.535164],[10.2179874,45.5352623],[10.2177072,45.5353185],[10.2177716,45.5354705],[10.2178618,45.5354533],[10.2178534,45.5354327],[10.2179332,45.5354169],[10.217982,45.5355324],[10.2180364,45.5355207],[10.2179763,45.5353862],[10.2180845,45.5353631],[10.2181387,45.5354796],[10.218283,45.5354477],[10.2182159,45.5352974],[10.2183662,45.5352638],[10.2185002,45.5355717]]]},"properties":{"site":"brescia","name":null,"category":"other","historic":null,"building":"yes","osm_id":164698873}},{"type":"Feature","geometry":{"type":"Polygon","coordinates":[[[10.2152376,45.5354208],[10.215138,45.5352159],[10.2152327,45.5352044],[10.215212,45.5351105],[10.2151078,45.5351102],[10.2150002,45.5349375],[10.2151063,45.5349144],[10.2150733,45.5348541],[10.2148459,45.5349071],[10.2147955,45.5348423],[10.2147344,45.5348545],[10.2151188,45.5354407],[10.2152376,45.5354208]]]},"properties":{"site":"brescia","name":null,"category":"other","historic":null,"building":"apartments","osm_id":164698874}},{"type":"Feature","geometry":{"type":"Polygon","coordinates":[[[10.2174253,45.5343507],[10.2175859,45.5347617],[10.2174838,45.5347813],[10.2173656,45.534479],[10.2171689,45.5345167],[10.2171944,45.5345819],[10.2171337,45.5345936],[10.2169755,45.5346239],[10.2169075,45.53445],[10.2174253,45.5343507]]]},"properties":{"site":"brescia","name":null,"category":"other","historic":null,"building":"yes","osm_id":164698875}},{"type":"Feature","geometry":{"type":"Polygon","coordinates":[[[10.2157693,45.5358352],[10.2153938,45.5358714],[10.215318,45.5357084],[10.2153583,45.5356969],[10.2155257,45.535671],[10.2159864,45.5356031],[10.2161087,45.535584],[10.2161278,45.5356463],[10.216161,45.5356418],[10.216176,45.5356978],[10.2161973,45.5357776],[10.2157693,45.5358352]]]},"properties":{"site":"brescia","name":null,"category":"other","historic":null,"building":"apartments","osm_id":164698876}},{"type":"Feature","geometry":{"type":"Polygon","coordinates":[[[10.2186667,45.5344886],[10.2186943,45.5344829],[10.218626,45.5343108],[10.2184734,45.5341386],[10.2181828,45.5341953],[10.2183367,45.534557],[10.2185539,45.5345121],[10.2186667,45.5344886]]]},"properties":{"site":"brescia","name":null,"category":"other","historic":null,"building":"yes","osm_id":164698877}},{"type":"Feature","geometry":{"type":"Polygon","coordinates":[[[10.214276,45.535766],[10.2140614,45.5358055],[10.214056,45.5357773],[10.2139032,45.5357792],[10.2138951,45.5357134],[10.2138173,45.5357153],[10.2138254,45.5357792],[10.2137047,45.5357754],[10.2136175,45.5357435],[10.2135357,45.5357876],[10.2135071,45.5357634],[10.2136284,45.5356894],[10.2137613,45.5356693],[10.2137228,45.5356105],[10.2136054,45.5356298],[10.2134981,45.5356834],[10.2134338,45.5356439],[10.2134874,45.5355951],[10.2134391,45.5355725],[10.2133882,45.5356251],[10.213305,45.5355819],[10.2133506,45.5355312],[10.2132997,45.5354993],[10.2132138,45.535565],[10.2130862,45.5355114],[10.213172,45.5354346],[10.2130824,45.5353884],[10.2128851,45.5355877],[10.2130337,45.5356488],[10.2132293,45.5357291],[10.2133305,45.5357707],[10.2133848,45.5357931],[10.2134455,45.535818],[10.2135017,45.5358411],[10.2135356,45.535855],[10.2135868,45.5358761],[10.213635,45.5358985],[10.2138388,45.5359257],[10.2142814,45.5359502],[10.2145089,45.5359093],[10.2145201,45.5359445],[10.2152694,45.5358746],[10.2150284,45.5355083],[10.2149545,45.5355288],[10.2150968,45.5356973],[10.2149236,45.535727],[10.2149197,45.5355932],[10.2148285,45.5356139],[10.2148993,45.5357642],[10.2147159,45.5357942],[10.2146327,45.5355669],[10.2145599,45.5355789],[10.2142238,45.5356434],[10.214276,45.535766]]]},"properties":{"site":"brescia","name":null,"category":"other","historic":null,"building":"yes","osm_id":164698878}},{"type":"Feature","geometry":{"type":"Polygon","coordinates":[[[10.2132853,45.5353857],[10.213273,45.535354],[10.2132517,45.5353582],[10.2132276,45.5352777],[10.2133377,45.5352467],[10.2133466,45.5352787],[10.213428,45.5352593],[10.2133951,45.5351207],[10.2135211,45.5350957],[10.2135704,45.5352183],[10.2135895,45.5352656],[10.2136893,45.5354776],[10.2139148,45.5354321],[10.2138303,45.535218],[10.2138112,45.5351707],[10.2137627,45.5350504],[10.2139042,45.5350224],[10.2139523,45.5351417],[10.2139713,45.5351888],[10.2140584,45.535405],[10.2142507,45.5353606],[10.2141585,45.5351584],[10.2141395,45.535106],[10.2141046,45.534991],[10.2142432,45.5349637],[10.214445,45.5354484],[10.213575,45.5356281],[10.2134628,45.5353481],[10.2132853,45.5353857]]]},"properties":{"site":"brescia","name":null,"category":"other","historic":null,"building":"yes","osm_id":164698880}},{"type":"Feature","geometry":{"type":"Polygon","coordinates":[[[10.214425,45.5352687],[10.2145277,45.5352477],[10.2145925,45.5353978],[10.2148823,45.5353269],[10.214788,45.5351821],[10.2148749,45.5351635],[10.2150284,45.5355083],[10.2149545,45.5355288],[10.2146327,45.5355669],[10.2145599,45.5355789],[10.214425,45.5352687]]]},"properties":{"site":"brescia","name":null,"category":"other","historic":null,"building":"yes","osm_id":164698881}},{"type":"Feature","geometry":{"type":"Polygon","coordinates":[[[10.2177569,45.5351994],[10.2176189,45.5348463],[10.2174568,45.5348774],[10.217426,45.5347986],[10.217328,45.5348174],[10.2172866,45.5347116],[10.2171872,45.5347307],[10.2171337,45.5345936],[10.2169755,45.5346239],[10.2171362,45.5350353],[10.2174366,45.5349778],[10.2174649,45.53505],[10.2171645,45.5351076],[10.2173771,45.5356518],[10.2175724,45.5356144],[10.2174344,45.5352613],[10.2177569,45.5351994]]]},"properties":{"site":"brescia","name":null,"category":"other","historic":null,"building":"yes","osm_id":164698882}},{"type":"Feature","geometry":{"type":"Polygon","coordinates":[[[10.2129023,45.5355492],[10.212953,45.5354781],[10.2127498,45.5353931],[10.2127713,45.5353536],[10.2130261,45.5353029],[10.2130073,45.535239],[10.2125889,45.5353179],[10.2125741,45.5353825],[10.2125674,45.5354119],[10.2129023,45.5355492]]]},"properties":{"site":"brescia","name":null,"category":"other","historic":null,"building":"yes","osm_id":164698883}},{"type":"Feature","geometry":{"type":"Polygon","coordinates":[[[10.2153583,45.5356969],[10.2155257,45.535671],[10.2153928,45.5352131],[10.2158676,45.5351492],[10.2159864,45.5356031],[10.2161087,45.535584],[10.2159514,45.5350258],[10.215212,45.5351105],[10.2152327,45.5352044],[10.2153583,45.5356969]]]},"properties":{"site":"brescia","name":null,"category":"other","historic":null,"building":"yes","osm_id":164698884}},{"type":"Feature","geometry":{"type":"Polygon","coordinates":[[[10.2187382,45.5355468],[10.2185787,45.5351527],[10.2188037,45.5351065],[10.2189152,45.5350831],[10.2189375,45.5350803],[10.2190268,45.5352897],[10.219048,45.5355245],[10.2189306,45.5355329],[10.2188882,45.535536],[10.2188309,45.5355401],[10.2187382,45.5355468]]]},"properties":{"site":"brescia","name":null,"category":"other","historic":null,"building":"yes","osm_id":164698885}},{"type":"Feature","geometry":{"type":"Polygon","coordinates":[[[10.2138303,45.535218],[10.2138112,45.5351707],[10.2135704,45.5352183],[10.2135895,45.5352656],[10.2138303,45.535218]]]},"properties":{"site":"brescia","name":null,"category":"other","historic":null,"building":"yes","osm_id":164698886}},{"type":"Feature","geometry":{"type":"Polygon","coordinates":[[[10.2233409,45.5340366],[10.2235684,45.5340253],[10.223569,45.5340754],[10.2236354,45.5340729],[10.2236359,45.5341247],[10.2234395,45.5341299],[10.2233339,45.5341247],[10.223327,45.5340362],[10.2233409,45.5340366]]]},"properties":{"site":"brescia","name":null,"category":"other","historic":null,"building":"yes","osm_id":165019775}},{"type":"Feature","geometry":{"type":"Polygon","coordinates":[[[10.2206888,45.5350795],[10.2206781,45.5350081],[10.2207597,45.5349928],[10.2207693,45.5350269],[10.2208869,45.5350089],[10.2209141,45.5350982],[10.2210773,45.5350765],[10.2210858,45.5351039],[10.2210915,45.5351328],[10.2209705,45.5351471],[10.2210161,45.5353068],[10.2211394,45.5352955],[10.2211364,45.5352625],[10.2211927,45.5352588],[10.2212065,45.5353199],[10.2213004,45.5353068],[10.2212892,45.5352625],[10.2213674,45.5352542],[10.2214624,45.5352399],[10.2214873,45.5353586],[10.2207537,45.5354237],[10.2206888,45.5350795]]]},"properties":{"site":"brescia","name":null,"category":"other","historic":null,"building":"yes","osm_id":165019776}},{"type":"Feature","geometry":{"type":"Polygon","coordinates":[[[10.2227407,45.5345478],[10.2228453,45.5345534],[10.2228878,45.5343043],[10.223014,45.5343138],[10.2229971,45.534379],[10.2229576,45.5345317],[10.2229043,45.5346304],[10.2228453,45.5351678],[10.222561,45.5352203],[10.2224913,45.5347619],[10.2225101,45.5344275],[10.2227403,45.5344359],[10.2227407,45.5345478]]]},"properties":{"site":"brescia","name":null,"category":"other","historic":null,"building":"yes","osm_id":165019777}},{"type":"Feature","geometry":{"type":"Polygon","coordinates":[[[10.2195596,45.5351847],[10.2199535,45.5351442],[10.2198891,45.5348285],[10.2194842,45.5348779],[10.2190634,45.5349292],[10.2190389,45.5348473],[10.2191591,45.5348325],[10.219372,45.5348061],[10.2194757,45.5347933],[10.2200183,45.5347262],[10.2201014,45.5351339],[10.2201498,45.535367],[10.2201685,45.5354571],[10.2195891,45.535521],[10.2195191,45.5351884],[10.2195596,45.5351847]]]},"properties":{"site":"brescia","name":null,"category":"other","historic":null,"building":"yes","osm_id":165019778}},{"type":"Feature","geometry":{"type":"Polygon","coordinates":[[[10.2204018,45.5338451],[10.2208917,45.5337526],[10.220898,45.533768],[10.2209379,45.5338884],[10.2209054,45.5338984],[10.2204582,45.5339822],[10.2204018,45.5338451]]]},"properties":{"site":"brescia","name":null,"category":"other","historic":null,"building":"yes","osm_id":165019779}},{"type":"Feature","geometry":{"type":"Polygon","coordinates":[[[10.2204072,45.5351678],[10.2203397,45.5348548],[10.2204099,45.5348484],[10.2203965,45.5347582],[10.2205141,45.5347421],[10.2205494,45.534901],[10.2205118,45.5349066],[10.2205707,45.53522],[10.2205789,45.5352636],[10.2205962,45.535264],[10.2206133,45.5352644],[10.2206437,45.5354138],[10.2206458,45.5354241],[10.2204621,45.5354407],[10.2202039,45.5354641],[10.2202023,45.5354559],[10.2201869,45.535364],[10.2204873,45.5353321],[10.2204671,45.5352282],[10.2204551,45.5351662],[10.2204072,45.5351678]]]},"properties":{"site":"brescia","name":null,"category":"other","historic":null,"building":"yes","osm_id":165019780}},{"type":"Feature","geometry":{"type":"Polygon","coordinates":[[[10.2199378,45.5346586],[10.2198278,45.534187],[10.2197474,45.5339484],[10.2198815,45.5339202],[10.2199754,45.5341964],[10.2200299,45.5341862],[10.2203317,45.5341296],[10.2203804,45.534249],[10.2204501,45.5345083],[10.2203348,45.5345214],[10.2202865,45.5342753],[10.2200696,45.5343122],[10.2200102,45.5343223],[10.2200719,45.5346473],[10.2199378,45.5346586]]]},"properties":{"site":"brescia","name":"INPS","category":"other","historic":null,"building":"yes","osm_id":165019782}},{"type":"Feature","geometry":{"type":"Polygon","coordinates":[[[10.2231082,45.533349],[10.223096,45.533508],[10.2230894,45.5335933],[10.2230826,45.5336817],[10.2230664,45.5338931],[10.2230492,45.5341175],[10.223014,45.5343138],[10.2228878,45.5343043],[10.222896,45.5342331],[10.2229066,45.5341183],[10.2227917,45.5341043],[10.2228105,45.5339879],[10.2228748,45.5339916],[10.2228782,45.5339117],[10.2228779,45.5338929],[10.2228775,45.5338657],[10.2225583,45.5338695],[10.22251,45.5335906],[10.2226243,45.5335814],[10.2226228,45.5335602],[10.2228398,45.5335383],[10.2230108,45.5335221],[10.2230104,45.533513],[10.2230101,45.533504],[10.2228536,45.533516],[10.2226285,45.533539],[10.2225045,45.5335587],[10.2224882,45.5334645],[10.2228181,45.5333706],[10.2231082,45.533349]]]},"properties":{"site":"brescia","name":null,"category":"other","historic":null,"building":"yes","osm_id":165019784}},{"type":"Feature","geometry":{"type":"Polygon","coordinates":[[[10.2240997,45.5339904],[10.2240901,45.5339288],[10.2240784,45.5338531],[10.2240475,45.5338533],[10.2240097,45.5337419],[10.2245949,45.5337185],[10.2246035,45.5338148],[10.2241938,45.5338422],[10.2242064,45.5339833],[10.2241504,45.5339865],[10.2240997,45.5339904]]]},"properties":{"site":"brescia","name":null,"category":"other","historic":null,"building":"yes","osm_id":165019787}},{"type":"Feature","geometry":{"type":"Polygon","coordinates":[[[10.2189722,45.5345835],[10.219409,45.5345261],[10.2194757,45.5347933],[10.219372,45.5348061],[10.2193263,45.5346229],[10.2191087,45.5346475],[10.2191591,45.5348325],[10.2190389,45.5348473],[10.2189722,45.5345835]]]},"properties":{"site":"brescia","name":null,"category":"other","historic":null,"building":"yes","osm_id":165019788}},{"type":"Feature","geometry":{"type":"Polygon","coordinates":[[[10.2239316,45.5337045],[10.2240369,45.5337029],[10.2240334,45.5335964],[10.2237941,45.5336019],[10.2237674,45.5336034],[10.2237695,45.5336638],[10.2239302,45.5336612],[10.2239316,45.5337045]]]},"properties":{"site":"brescia","name":null,"category":"other","historic":null,"building":"yes","osm_id":165019789}},{"type":"Feature","geometry":{"type":"Polygon","coordinates":[[[10.2233672,45.5342943],[10.2232772,45.5342984],[10.2232759,45.5343573],[10.223274,45.5344386],[10.2231183,45.5344377],[10.2231349,45.5343541],[10.2231701,45.5341767],[10.2233629,45.5341699],[10.2233672,45.5342943]]]},"properties":{"site":"brescia","name":null,"category":"other","historic":null,"building":"yes","osm_id":165019790}},{"type":"Feature","geometry":{"type":"Polygon","coordinates":[[[10.2210027,45.5349657],[10.2210447,45.5349602],[10.2212647,45.5349311],[10.2212322,45.5348105],[10.2209703,45.5348451],[10.2209743,45.5348603],[10.2210027,45.5349657]]]},"properties":{"site":"brescia","name":null,"category":"other","historic":null,"building":"yes","osm_id":165019791}},{"type":"Feature","geometry":{"type":"Polygon","coordinates":[[[10.2206486,45.5344726],[10.2210134,45.5344294],[10.2212356,45.5344096],[10.2210613,45.5337426],[10.220898,45.533768],[10.2209379,45.5338884],[10.220962,45.5338835],[10.2210697,45.5342734],[10.2207076,45.5343091],[10.2206428,45.5340094],[10.2209271,45.5339568],[10.2209054,45.5338984],[10.2204582,45.5339822],[10.2206486,45.5344726]]]},"properties":{"site":"brescia","name":null,"category":"other","historic":null,"building":"yes","osm_id":165019792}},{"type":"Feature","geometry":{"type":"Polygon","coordinates":[[[10.2188889,45.5344703],[10.2187702,45.5341209],[10.2187598,45.5340913],[10.2193074,45.5339966],[10.2195881,45.5339469],[10.2196065,45.5339437],[10.2196606,45.5340938],[10.2197619,45.5343747],[10.2195004,45.5344209],[10.2194947,45.5344053],[10.2194853,45.5343792],[10.2190841,45.5344502],[10.2190794,45.534437],[10.2189277,45.5344638],[10.2188889,45.5344703]]]},"properties":{"site":"brescia","name":null,"category":"other","historic":null,"building":"yes","osm_id":165019793}},{"type":"Feature","geometry":{"type":"Polygon","coordinates":[[[10.220839,45.534978],[10.2208172,45.5348793],[10.2209743,45.5348603],[10.2209703,45.5348451],[10.2212322,45.5348105],[10.2212647,45.5349311],[10.2210447,45.5349602],[10.2210509,45.5350081],[10.2212709,45.5349761],[10.2213004,45.5350776],[10.2210858,45.5351039],[10.2210915,45.5351328],[10.2210992,45.5351715],[10.2213073,45.5351425],[10.2213175,45.5352003],[10.2213617,45.5351949],[10.2213674,45.5352542],[10.2214624,45.5352399],[10.2213134,45.5346688],[10.2212356,45.5344096],[10.2210134,45.5344294],[10.2210697,45.5346981],[10.2207157,45.5347469],[10.2207425,45.5348559],[10.2206781,45.5349273],[10.2206781,45.5350081],[10.2207597,45.5349928],[10.220839,45.534978]]]},"properties":{"site":"brescia","name":null,"category":"other","historic":null,"building":"yes","osm_id":165019794}},{"type":"Feature","geometry":{"type":"Polygon","coordinates":[[[10.2225261,45.5342885],[10.2225273,45.5342588],[10.2225322,45.5341422],[10.2225422,45.5339014],[10.2228782,45.5339117],[10.2228748,45.5339916],[10.2228105,45.5339879],[10.2227156,45.5339805],[10.2227135,45.5341008],[10.2227917,45.5341043],[10.222794,45.5341446],[10.2226839,45.5341403],[10.222679,45.534219],[10.222896,45.5342331],[10.2228878,45.5343043],[10.2225261,45.5342885]]]},"properties":{"site":"brescia","name":null,"category":"other","historic":null,"building":"yes","osm_id":165019796}},{"type":"Feature","geometry":{"type":"Polygon","coordinates":[[[10.2243495,45.5335643],[10.2244165,45.5335621],[10.2244089,45.5334493],[10.2243419,45.5334515],[10.2243495,45.5335643]]]},"properties":{"site":"brescia","name":null,"category":"other","historic":null,"building":"yes","osm_id":165019798}},{"type":"Feature","geometry":{"type":"Polygon","coordinates":[[[10.2231433,45.5350176],[10.223241,45.5350158],[10.2233163,45.5351116],[10.2231116,45.5351364],[10.2229794,45.5351286],[10.2229971,45.5348839],[10.2230186,45.534586],[10.2230865,45.5345891],[10.2232275,45.5345914],[10.2232172,45.5346554],[10.2231903,45.5346549],[10.2231864,45.5347668],[10.2232153,45.5347764],[10.2232066,45.5349567],[10.2231433,45.5350176]]]},"properties":{"site":"brescia","name":"Palazzo Martinengo Colleoni di Malpaga","category":"other","historic":null,"building":"palace","osm_id":165023118}},{"type":"Feature","geometry":{"type":"Polygon","coordinates":[[[10.2247785,45.534931],[10.2246616,45.5349438],[10.2241695,45.5349978],[10.2238101,45.5350373],[10.2237624,45.5350425],[10.2237252,45.5348923],[10.224017,45.5348538],[10.2239913,45.5347158],[10.2241561,45.5346954],[10.2241878,45.5348484],[10.2242994,45.5348367],[10.2242754,45.5346761],[10.2244024,45.5346598],[10.2244379,45.5348658],[10.2245819,45.5348521],[10.224874,45.5348033],[10.2249016,45.5348902],[10.2248554,45.5349055],[10.2247785,45.534931]]]},"properties":{"site":"brescia","name":null,"category":"other","historic":null,"building":"yes","osm_id":165023119}},{"type":"Feature","geometry":{"type":"Polygon","coordinates":[[[10.2275776,45.5343119],[10.2275633,45.5342679],[10.2275016,45.5342359],[10.2276089,45.5341119],[10.2277055,45.5341457],[10.2277375,45.5342398],[10.2277266,45.534254],[10.2277158,45.5342681],[10.2276445,45.5342804],[10.2275776,45.5343119]]]},"properties":{"site":"brescia","name":null,"category":"other","historic":null,"building":"yes","osm_id":165319705}},{"type":"Feature","geometry":{"type":"Polygon","coordinates":[[[10.2286925,45.5335689],[10.2289527,45.5335032],[10.2290707,45.5337305],[10.2288078,45.5337981],[10.2287837,45.5338601],[10.2287883,45.5338867],[10.2292102,45.5337718],[10.2290224,45.5334355],[10.228655,45.5335295],[10.2286925,45.5335689]]]},"properties":{"site":"brescia","name":null,"category":"other","historic":null,"building":"yes","osm_id":165319706}},{"type":"Feature","geometry":{"type":"Polygon","coordinates":[[[10.2253098,45.5345666],[10.2252964,45.5345438],[10.2253341,45.5345404],[10.2253314,45.5345174],[10.225377,45.5345148],[10.2253745,45.534493],[10.225407,45.5344904],[10.2254492,45.5345667],[10.2256559,45.5344978],[10.2256314,45.5344256],[10.2257156,45.5344136],[10.225724,45.5344321],[10.2257624,45.534521],[10.225739,45.5345288],[10.225502,45.5346077],[10.2252337,45.534697],[10.2250521,45.5347574],[10.2250309,45.5346977],[10.2249927,45.5345898],[10.2249867,45.534573],[10.2250542,45.5345653],[10.2250884,45.5346483],[10.2253098,45.5345666]]]},"properties":{"site":"brescia","name":null,"category":"other","historic":null,"building":"apartments","osm_id":165319708}},{"type":"Feature","geometry":{"type":"Polygon","coordinates":[[[10.2265214,45.5329867],[10.2267049,45.5329763],[10.2266929,45.5328722],[10.2265094,45.5328826],[10.2265214,45.5329867]]]},"properties":{"site":"brescia","name":null,"category":"other","historic":null,"building":"yes","osm_id":165319712}},{"type":"Feature","geometry":{"type":"Polygon","coordinates":[[[10.2279078,45.5350292],[10.2278842,45.534924],[10.2279225,45.5349203],[10.2281256,45.5349007],[10.2281629,45.5348995],[10.2283594,45.5348717],[10.2283652,45.5349019],[10.2285237,45.5348897],[10.2285887,45.5348847],[10.2287795,45.53487],[10.2287933,45.5349688],[10.2283446,45.5350033],[10.2283373,45.5349623],[10.2281419,45.53498],[10.2281639,45.5350804],[10.2284749,45.5350534],[10.228503,45.5352106],[10.2287051,45.5351914],[10.2286779,45.5350337],[10.2287997,45.535023],[10.2288136,45.5351007],[10.2288341,45.5352153],[10.2288403,45.5352499],[10.2284295,45.5352859],[10.2284034,45.5351402],[10.228117,45.5351654],[10.228087,45.5350148],[10.2279078,45.5350292]]]},"properties":{"site":"brescia","name":null,"category":"other","historic":null,"building":"yes","osm_id":165319714}},{"type":"Feature","geometry":{"type":"Polygon","coordinates":[[[10.2258252,45.5331199],[10.2258091,45.5329527],[10.2263885,45.5328925],[10.2264019,45.5330522],[10.2265333,45.5330466],[10.2265575,45.5331838],[10.2268632,45.5331537],[10.226823,45.5328662],[10.2271851,45.5328437],[10.2271529,45.5329714],[10.2270215,45.5329714],[10.2270134,45.5331349],[10.2271663,45.5331405],[10.2271878,45.5330861],[10.2271529,45.5330842],[10.22722,45.5328399],[10.2273568,45.5328324],[10.2273326,45.5329264],[10.2272951,45.5329264],[10.2272575,45.5330842],[10.2275767,45.533103],[10.2276089,45.5329827],[10.2277752,45.5329902],[10.2276464,45.5332289],[10.2275382,45.5332388],[10.2271826,45.5332714],[10.227139,45.5332754],[10.2270708,45.5332817],[10.2264068,45.5333426],[10.2263357,45.5333491],[10.2263198,45.5333506],[10.2261983,45.5333617],[10.2260908,45.5333716],[10.2260774,45.5332458],[10.2263025,45.5332276],[10.226308,45.5332608],[10.2264361,45.5332479],[10.226426,45.5331762],[10.2263468,45.5331823],[10.2263398,45.5330955],[10.2258252,45.5331199]]]},"properties":{"site":"brescia","name":null,"category":"other","historic":null,"building":"yes","osm_id":165319717}},{"type":"Feature","geometry":{"type":"Polygon","coordinates":[[[10.2252534,45.5330841],[10.2252342,45.5329978],[10.2255025,45.5329747],[10.2255615,45.5332528],[10.2258941,45.5332171],[10.2259162,45.5333676],[10.2257341,45.5333874],[10.2254703,45.5334162],[10.2254511,45.5333136],[10.2254167,45.5331307],[10.2253201,45.5331438],[10.2253043,45.5330794],[10.2252868,45.5330812],[10.2252534,45.5330841]]]},"properties":{"site":"brescia","name":null,"category":"other","historic":null,"building":"yes","osm_id":165319721}},{"type":"Feature","geometry":{"type":"Polygon","coordinates":[[[10.2287166,45.5328958],[10.2289983,45.532877],[10.2291538,45.5328488],[10.2292397,45.5329973],[10.2293201,45.5329597],[10.2292209,45.5327474],[10.2286978,45.5327737],[10.2287166,45.5328958]]]},"properties":{"site":"brescia","name":null,"category":"other","historic":null,"building":"yes","osm_id":165319737}},{"type":"Feature","geometry":{"type":"Polygon","coordinates":[[[10.228471,45.5335829],[10.228655,45.5335295],[10.2286925,45.5335689],[10.2288078,45.5337981],[10.2287837,45.5338601],[10.2287883,45.5338867],[10.228714,45.5339085],[10.228658,45.5339249],[10.2285478,45.5337233],[10.228471,45.5335829]]]},"properties":{"site":"brescia","name":null,"category":"other","historic":null,"building":"yes","osm_id":165319739}},{"type":"Feature","geometry":{"type":"Polygon","coordinates":[[[10.2249542,45.5342171],[10.224937,45.5340677],[10.2250375,45.5340585],[10.2250521,45.5341591],[10.2251206,45.5341542],[10.2251059,45.5340522],[10.225135,45.5340496],[10.2252115,45.5340431],[10.2252338,45.5341976],[10.2249542,45.5342171]]]},"properties":{"site":"brescia","name":null,"category":"other","historic":null,"building":"church","osm_id":165319740}},{"type":"Feature","geometry":{"type":"Polygon","coordinates":[[[10.2265831,45.5335854],[10.2266892,45.533577],[10.226726,45.5338103],[10.2266272,45.5338187],[10.2266174,45.5336785],[10.2265831,45.5335854]]]},"properties":{"site":"brescia","name":null,"category":"other","historic":null,"building":"yes","osm_id":165319741}},{"type":"Feature","geometry":{"type":"Polygon","coordinates":[[[10.2275204,45.5335276],[10.2276277,45.5333153],[10.2277476,45.5333032],[10.2280369,45.5332741],[10.2281216,45.5332656],[10.2281883,45.5332589],[10.228277,45.5334206],[10.2284306,45.5337008],[10.2285262,45.5338752],[10.228376,45.5339109],[10.2281427,45.5334675],[10.2281883,45.5334543],[10.228131,45.5333362],[10.227676,45.5333735],[10.2276009,45.5335351],[10.2275204,45.5335276]]]},"properties":{"site":"brescia","name":null,"category":"other","historic":null,"building":"yes","osm_id":165319742}},{"type":"Feature","geometry":{"type":"Polygon","coordinates":[[[10.226345,45.5337609],[10.2263574,45.533876],[10.22642,45.5338727],[10.2264077,45.5337577],[10.226345,45.5337609]]]},"properties":{"site":"brescia","name":null,"category":"other","historic":null,"building":"yes","osm_id":165319743}},{"type":"Feature","geometry":{"type":"Polygon","coordinates":[[[10.2274185,45.5341814],[10.2271073,45.533956],[10.2271875,45.5338529],[10.2272696,45.5337474],[10.2273576,45.5336343],[10.2273836,45.5336009],[10.2275097,45.5335764],[10.2275553,45.5336741],[10.2274506,45.5336929],[10.2274213,45.5337437],[10.2273943,45.5337906],[10.2274426,45.5338207],[10.227287,45.5339184],[10.2275445,45.5340969],[10.2274185,45.5341814]]]},"properties":{"site":"brescia","name":null,"category":"other","historic":null,"building":"yes","osm_id":165319745}},{"type":"Feature","geometry":{"type":"Polygon","coordinates":[[[10.2264395,45.5351058],[10.2263191,45.5347864],[10.2263042,45.5347467],[10.2263697,45.53473],[10.2266406,45.5346568],[10.2266755,45.5347263],[10.2264287,45.5348052],[10.2264958,45.5349574],[10.2267479,45.5349067],[10.2266862,45.5347545],[10.2268266,45.5347244],[10.2268637,45.5348046],[10.2268093,45.5348157],[10.2267873,45.5347707],[10.2267533,45.534777],[10.2267962,45.5349029],[10.2273273,45.5347902],[10.227346,45.5348278],[10.2275687,45.5347751],[10.2274694,45.5345666],[10.22765,45.5345355],[10.2277229,45.5347608],[10.2277624,45.5348826],[10.2275842,45.5349052],[10.2273648,45.534933],[10.2272426,45.5349584],[10.226962,45.5350167],[10.226868,45.5350363],[10.226718,45.5350675],[10.2266277,45.5350863],[10.2265789,45.5350964],[10.2265469,45.5350986],[10.2264395,45.5351058]]]},"properties":{"site":"brescia","name":null,"category":"other","historic":null,"building":"yes","osm_id":165319751}},{"type":"Feature","geometry":{"type":"Polygon","coordinates":[[[10.2249029,45.5338062],[10.2248813,45.533643],[10.2248693,45.5335519],[10.2250095,45.5335371],[10.2250632,45.5335315],[10.2252265,45.5335143],[10.2253013,45.5335064],[10.225317,45.5335783],[10.2253288,45.5336273],[10.2251414,45.5336368],[10.2251431,45.5336594],[10.2250388,45.5336686],[10.2250465,45.5337396],[10.2251416,45.5337303],[10.2251445,45.5337529],[10.2251254,45.533756],[10.225129,45.533785],[10.2249029,45.5338062]]]},"properties":{"site":"brescia","name":null,"category":"other","historic":null,"building":"apartments","osm_id":165319753}},{"type":"Feature","geometry":{"type":"Polygon","coordinates":[[[10.229159,45.5346942],[10.2301917,45.5345909],[10.2300924,45.5340948],[10.2292374,45.5341946],[10.2292559,45.5342826],[10.2300034,45.5341903],[10.2300742,45.5345025],[10.2296601,45.5345443],[10.2296493,45.5345011],[10.229308,45.5345214],[10.2291506,45.5345466],[10.2291188,45.5345533],[10.229159,45.5346942]]]},"properties":{"site":"brescia","name":null,"category":"other","historic":null,"building":"yes","osm_id":165319754}},{"type":"Feature","geometry":{"type":"Polygon","coordinates":[[[10.2257841,45.5344076],[10.225724,45.5344321],[10.2257156,45.5344136],[10.2256314,45.5344256],[10.2255349,45.5344393],[10.2255353,45.5344187],[10.2255258,45.5343991],[10.2255105,45.5343558],[10.2253754,45.5339486],[10.2254346,45.5339398],[10.2254965,45.5339307],[10.2254197,45.5336382],[10.2254015,45.5335687],[10.225317,45.5335783],[10.2253013,45.5335064],[10.2253313,45.5335031],[10.2253562,45.5335004],[10.2254808,45.5334867],[10.2255805,45.5334757],[10.2256182,45.5334716],[10.225682,45.5334646],[10.2257296,45.5334594],[10.2259099,45.5334396],[10.2260049,45.5334292],[10.2260242,45.533427],[10.2260829,45.5334206],[10.2261229,45.5337507],[10.2260114,45.5337601],[10.225963,45.5337642],[10.2259562,45.5337244],[10.2259254,45.5335415],[10.2255022,45.5335851],[10.2255785,45.5339139],[10.225915,45.5338646],[10.2260277,45.5338481],[10.2260608,45.5340498],[10.2259496,45.5340655],[10.225931,45.5339982],[10.2256188,45.534051],[10.2256961,45.5342737],[10.2257373,45.5342669],[10.2257786,45.5343911],[10.2257841,45.5344076]]]},"properties":{"site":"brescia","name":null,"category":"other","historic":null,"building":"yes","osm_id":165319756}},{"type":"Feature","geometry":{"type":"Polygon","coordinates":[[[10.2269491,45.5344971],[10.2267881,45.5343374],[10.226705,45.5343712],[10.226646,45.5343036],[10.2266994,45.5342735],[10.2268203,45.5342053],[10.2268793,45.534172],[10.2269375,45.5341142],[10.227044,45.5340084],[10.227059,45.5339935],[10.2271476,45.5340631],[10.2271476,45.5341138],[10.2268525,45.5342735],[10.2269249,45.5343543],[10.22711,45.5342697],[10.2272012,45.5343768],[10.2269491,45.5344971]]]},"properties":{"site":"brescia","name":null,"category":"other","historic":null,"building":"yes","osm_id":165319759}},{"type":"Feature","geometry":{"type":"Polygon","coordinates":[[[10.2271202,45.533468],[10.227179,45.5334623],[10.2272773,45.5334526],[10.2273419,45.5333776],[10.2271701,45.533393],[10.2271585,45.5333282],[10.2275204,45.5332898],[10.2273295,45.5335295],[10.2272056,45.5335387],[10.2271309,45.5335442],[10.2271298,45.5335359],[10.2271202,45.533468]]]},"properties":{"site":"brescia","name":null,"category":"other","historic":null,"building":"apartments","osm_id":165319766}},{"type":"Feature","geometry":{"type":"Polygon","coordinates":[[[10.2284464,45.533533],[10.2283096,45.5332778],[10.2282847,45.5332314],[10.2287202,45.5331154],[10.2287008,45.5330804],[10.2289072,45.5330229],[10.2290092,45.5331995],[10.2292184,45.5331469],[10.229272,45.5332408],[10.2294544,45.5331957],[10.2294759,45.5332558],[10.2290252,45.5333761],[10.22886,45.5334155],[10.2286282,45.5334814],[10.2284464,45.533533]]]},"properties":{"site":"brescia","name":null,"category":"other","historic":null,"building":"yes","osm_id":165319768}},{"type":"Feature","geometry":{"type":"Polygon","coordinates":[[[10.2150142,45.5369841],[10.2153366,45.536799],[10.2152549,45.5367239],[10.215065,45.5368229],[10.214972,45.536735],[10.215163,45.5366359],[10.2151117,45.5365904],[10.2147042,45.5367849],[10.2148597,45.5368848],[10.2150142,45.5369841]]]},"properties":{"site":"brescia","name":null,"category":"other","historic":null,"building":"apartments","osm_id":165325032}},{"type":"Feature","geometry":{"type":"Polygon","coordinates":[[[10.2216471,45.536118],[10.2216761,45.5361124],[10.221693,45.5361459],[10.2216531,45.5361358],[10.2215603,45.5361683],[10.2215363,45.5362008],[10.2215175,45.5361937],[10.2215591,45.5361461],[10.2215865,45.5361347],[10.2216471,45.536118]]]},"properties":{"site":"brescia","name":null,"category":"other","historic":null,"building":"yes","osm_id":165325033}},{"type":"Feature","geometry":{"type":"Polygon","coordinates":[[[10.2192801,45.5370329],[10.2190851,45.537048],[10.219077,45.5369973],[10.2189336,45.5370086],[10.2189215,45.5369394],[10.2189061,45.5368507],[10.2191325,45.5368337],[10.2191408,45.5368869],[10.219032,45.5368974],[10.2190384,45.5369384],[10.219131,45.5369313],[10.2191401,45.5369894],[10.2192726,45.5369792],[10.2192801,45.5370329]]]},"properties":{"site":"brescia","name":null,"category":"other","historic":null,"building":"yes","osm_id":165325034}},{"type":"Feature","geometry":{"type":"Polygon","coordinates":[[[10.2223296,45.5354917],[10.2222894,45.5353118],[10.2223259,45.5353081],[10.222398,45.5353009],[10.222459,45.5352947],[10.2224931,45.5352913],[10.222634,45.5352771],[10.2226826,45.5352722],[10.2228707,45.5352621],[10.2229108,45.5353812],[10.2229262,45.535427],[10.2229342,45.5354508],[10.2229366,45.535462],[10.2229533,45.5355383],[10.2229684,45.5356077],[10.2229692,45.5356114],[10.2228158,45.5356153],[10.2227985,45.5356133],[10.2227546,45.5356124],[10.2227551,45.5356058],[10.2227562,45.5355892],[10.2227601,45.5355323],[10.2227737,45.5354255],[10.2227193,45.5354257],[10.2227167,45.5353538],[10.22262,45.5353717],[10.2226267,45.5354327],[10.2225272,45.5354376],[10.2225248,45.5354121],[10.2223918,45.5354231],[10.2224053,45.5354848],[10.2223296,45.5354917]]]},"properties":{"site":"brescia","name":null,"category":"other","historic":null,"building":"yes","osm_id":165325036}},{"type":"Feature","geometry":{"type":"Polygon","coordinates":[[[10.2198547,45.536735],[10.2198667,45.5367729],[10.2198804,45.5367707],[10.2199245,45.5368218],[10.2199701,45.5368016],[10.2199397,45.5367697],[10.2199944,45.5367452],[10.2200187,45.536775],[10.2200425,45.5367649],[10.2200916,45.5367441],[10.2200141,45.5366377],[10.2200662,45.5366261],[10.2200498,45.5365671],[10.2201778,45.5365375],[10.2202053,45.5365805],[10.2202846,45.5365506],[10.2203074,45.5365791],[10.2204441,45.5365227],[10.2204609,45.5365387],[10.2204986,45.5365222],[10.2204472,45.5364655],[10.2205152,45.5364405],[10.220538,45.5364321],[10.2205873,45.5364831],[10.2206722,45.536449],[10.2206128,45.5363705],[10.2205934,45.5363418],[10.2205581,45.5362896],[10.220511,45.5363009],[10.2204928,45.5362637],[10.2205399,45.5362524],[10.2204837,45.5361124],[10.2206179,45.5360758],[10.2206499,45.5360671],[10.2206576,45.5360804],[10.2206768,45.5361137],[10.2206851,45.536128],[10.220693,45.5361418],[10.2207044,45.5361615],[10.2208626,45.5364354],[10.2208846,45.5364736],[10.220898,45.5364968],[10.220912,45.536521],[10.2207376,45.5365699],[10.2206706,45.5366047],[10.2205879,45.5366357],[10.2205131,45.5366637],[10.2204995,45.5366688],[10.2204675,45.5366808],[10.2204481,45.536688],[10.220238,45.5367667],[10.2198951,45.5369172],[10.2198081,45.5368413],[10.2197735,45.5367858],[10.2197625,45.5367478],[10.2198547,45.536735]]]},"properties":{"site":"brescia","name":null,"category":"other","historic":null,"building":"yes","osm_id":165325037}},{"type":"Feature","geometry":{"type":"Polygon","coordinates":[[[10.2206521,45.5359448],[10.2206205,45.5358709],[10.2205823,45.5357814],[10.2207135,45.5357602],[10.2209767,45.5357158],[10.2209373,45.5355665],[10.2209821,45.5355626],[10.2210277,45.5356956],[10.2210499,45.5357605],[10.2210872,45.5358697],[10.2209373,45.5358975],[10.2209218,45.5358505],[10.2210116,45.5358359],[10.2209884,45.5357604],[10.2207273,45.5358005],[10.2207581,45.5358907],[10.2206613,45.535909],[10.2206751,45.5359403],[10.2206521,45.5359448]]]},"properties":{"site":"brescia","name":null,"category":"other","historic":null,"building":"yes","osm_id":165325038}},{"type":"Feature","geometry":{"type":"Polygon","coordinates":[[[10.2178156,45.5371705],[10.2177677,45.5370545],[10.2180863,45.5370124],[10.2180978,45.537045],[10.2180538,45.5370522],[10.2180727,45.5371058],[10.2179822,45.5371213],[10.2179933,45.5371558],[10.2179638,45.5371583],[10.2178664,45.5371671],[10.2178156,45.5371705]]]},"properties":{"site":"brescia","name":null,"category":"other","historic":null,"building":"apartments","osm_id":165325039}},{"type":"Feature","geometry":{"type":"Polygon","coordinates":[[[10.2236462,45.5359364],[10.2236941,45.5359272],[10.2237527,45.5359164],[10.2239019,45.5358888],[10.2239525,45.5358794],[10.2239405,45.5358474],[10.223986,45.535839],[10.2239671,45.5357889],[10.2240471,45.5357741],[10.2240343,45.5357401],[10.2235958,45.5358212],[10.2236462,45.5359364]]]},"properties":{"site":"brescia","name":null,"category":"other","historic":null,"building":"yes","osm_id":165325040}},{"type":"Feature","geometry":{"type":"Polygon","coordinates":[[[10.217613,45.5361634],[10.2175592,45.5361707],[10.2175897,45.5362814],[10.2176178,45.5362776],[10.2177984,45.5362532],[10.2178619,45.5362446],[10.2179313,45.5362352],[10.2179008,45.5361245],[10.2178091,45.5361369],[10.217613,45.5361634]]]},"properties":{"site":"brescia","name":null,"category":"other","historic":null,"building":"yes","osm_id":165325041}},{"type":"Feature","geometry":{"type":"Polygon","coordinates":[[[10.2177357,45.5369508],[10.2178358,45.5369363],[10.217844,45.536964],[10.217887,45.5369578],[10.217897,45.5369919],[10.2183234,45.536931],[10.2182883,45.5368134],[10.2182548,45.5368167],[10.2181525,45.5368269],[10.2181617,45.536867],[10.2178791,45.5369149],[10.217857,45.5368425],[10.2180749,45.536805],[10.2180583,45.5367558],[10.2178311,45.5367881],[10.2177808,45.5367914],[10.2176871,45.536805],[10.2177357,45.5369508]]]},"properties":{"site":"brescia","name":null,"category":"other","historic":null,"building":"apartments","osm_id":165325042}},{"type":"Feature","geometry":{"type":"Polygon","coordinates":[[[10.2237905,45.5360228],[10.223782,45.5359981],[10.2236964,45.5360132],[10.2237014,45.536027],[10.2236341,45.5360382],[10.2236577,45.536108],[10.2237677,45.5360898],[10.2237843,45.5361388],[10.2240249,45.5360989],[10.2239799,45.5359618],[10.2239289,45.5359701],[10.2239382,45.5359984],[10.2237905,45.5360228]]]},"properties":{"site":"brescia","name":null,"category":"other","historic":null,"building":"yes","osm_id":165325043}},{"type":"Feature","geometry":{"type":"Polygon","coordinates":[[[10.2179071,45.5365586],[10.2176075,45.5365854],[10.2175424,45.5363744],[10.2176384,45.536364],[10.217819,45.5363436],[10.2178772,45.536337],[10.2178821,45.5363617],[10.2178911,45.5364065],[10.2177613,45.5364197],[10.2177724,45.5364663],[10.2178922,45.5364573],[10.2179071,45.5365586]]]},"properties":{"site":"brescia","name":null,"category":"other","historic":null,"building":"yes","osm_id":165325044}},{"type":"Feature","geometry":{"type":"Polygon","coordinates":[[[10.2146739,45.5367347],[10.2146244,45.5367023],[10.2145017,45.5366218],[10.2144719,45.5366023],[10.2144345,45.5365778],[10.2143895,45.5365483],[10.2143326,45.5365111],[10.2142778,45.5364751],[10.214239,45.5364497],[10.2142002,45.5364243],[10.2141635,45.5364002],[10.2140964,45.5363562],[10.2140374,45.5363176],[10.2140173,45.5363044],[10.2140014,45.5362905],[10.2139715,45.5362644],[10.2139341,45.5362317],[10.2139011,45.5362029],[10.2138687,45.5361746],[10.2138295,45.5361404],[10.2137921,45.5361077],[10.2138694,45.5360544],[10.2143103,45.5360504],[10.2153436,45.5359505],[10.2156395,45.5363707],[10.2150991,45.5365468],[10.2150427,45.5364792],[10.2149603,45.5365168],[10.2150159,45.5365807],[10.2146739,45.5367347]]]},"properties":{"site":"brescia","name":null,"category":"other","historic":null,"building":"apartments","osm_id":165325046}},{"type":"Feature","geometry":{"type":"Polygon","coordinates":[[[10.2169632,45.5376102],[10.2171671,45.5375426],[10.2170973,45.5374562],[10.2170249,45.5374749],[10.2167889,45.5372589],[10.2168747,45.5372213],[10.2167728,45.537133],[10.2165314,45.5372495],[10.2169632,45.5376102]]]},"properties":{"site":"brescia","name":null,"category":"other","historic":null,"building":"apartments","osm_id":165325047}},{"type":"Feature","geometry":{"type":"Polygon","coordinates":[[[10.2183675,45.5369248],[10.2187407,45.5368879],[10.2187109,45.5367447],[10.2186334,45.5367523],[10.2186295,45.5367334],[10.2185707,45.5367392],[10.2185804,45.536787],[10.2184633,45.5367986],[10.2184515,45.5367402],[10.2183326,45.536752],[10.2183675,45.5369248]]]},"properties":{"site":"brescia","name":null,"category":"other","historic":null,"building":"yes","osm_id":165325048}},{"type":"Feature","geometry":{"type":"Polygon","coordinates":[[[10.2201945,45.5359087],[10.2199254,45.535941],[10.219806,45.5359554],[10.2197352,45.5359626],[10.2197103,45.5358567],[10.2197413,45.5358531],[10.219728,45.5357969],[10.2198675,45.5357808],[10.2198858,45.5358587],[10.220017,45.5358435],[10.2200079,45.5358047],[10.2199347,45.5358131],[10.2199255,45.5357741],[10.2201581,45.5357478],[10.2201815,45.5358499],[10.2201945,45.5359087]]]},"properties":{"site":"brescia","name":null,"category":"other","historic":null,"building":"yes","osm_id":165325050}},{"type":"Feature","geometry":{"type":"Polygon","coordinates":[[[10.2172341,45.5375144],[10.2174541,45.5374317],[10.2173065,45.5371105],[10.217041,45.5371988],[10.2172341,45.5375144]]]},"properties":{"site":"brescia","name":null,"category":"other","historic":null,"building":"apartments","osm_id":165325051}},{"type":"Feature","geometry":{"type":"Polygon","coordinates":[[[10.2163624,45.5366971],[10.2163114,45.5366088],[10.2164938,45.5365638],[10.216459,45.536498],[10.216375,45.5365133],[10.2163543,45.5364529],[10.2169525,45.5363383],[10.2170383,45.5365694],[10.2172422,45.5365224],[10.2171241,45.5361316],[10.2172207,45.5361129],[10.2171617,45.5359193],[10.2169525,45.5359438],[10.2169739,45.5360189],[10.2166789,45.5360678],[10.2167111,45.536173],[10.2165582,45.5362012],[10.2164724,45.5359532],[10.2161934,45.5360039],[10.2162712,45.5362481],[10.2161559,45.5362632],[10.2161907,45.5363364],[10.2160915,45.5363533],[10.2161425,45.5364548],[10.2162417,45.5364341],[10.2162819,45.5365149],[10.2161183,45.5365619],[10.2161076,45.5365299],[10.2159306,45.5365882],[10.2156972,45.5362519],[10.2158984,45.5361842],[10.2159815,45.5362951],[10.2161049,45.5362538],[10.2160352,45.5360133],[10.215893,45.5360283],[10.2159225,45.5361129],[10.2156395,45.536184],[10.2154707,45.5359516],[10.2159547,45.5358977],[10.2167245,45.5357822],[10.2172546,45.535717],[10.2175506,45.5366502],[10.2170437,45.5367648],[10.2166199,45.5368381],[10.2161881,45.5369677],[10.2161425,45.5368907],[10.21629,45.5368418],[10.2162229,45.5367385],[10.2163624,45.5366971]]]},"properties":{"site":"brescia","name":null,"category":"other","historic":null,"building":"yes","osm_id":165325052}},{"type":"Feature","geometry":{"type":"Polygon","coordinates":[[[10.2223486,45.5355911],[10.2223338,45.5355112],[10.222502,45.5355003],[10.2224964,45.5354687],[10.2225317,45.535467],[10.2225272,45.5354376],[10.2226267,45.5354327],[10.2226292,45.5354578],[10.2226654,45.5354554],[10.2226644,45.5355312],[10.2227601,45.5355323],[10.2227562,45.5355892],[10.2226304,45.5355826],[10.2223486,45.5355911]]]},"properties":{"site":"brescia","name":null,"category":"other","historic":null,"building":"yes","osm_id":165325053}},{"type":"Feature","geometry":{"type":"Polygon","coordinates":[[[10.2199126,45.5363056],[10.2200555,45.5362846],[10.2200241,45.5361799],[10.2199897,45.5361849],[10.2199111,45.5361965],[10.2198855,45.5361113],[10.2199742,45.5360983],[10.2199996,45.5360945],[10.2199711,45.5359996],[10.2198272,45.5360208],[10.2199126,45.5363056]]]},"properties":{"site":"brescia","name":null,"category":"other","historic":null,"building":"yes","osm_id":165325056}},{"type":"Feature","geometry":{"type":"Polygon","coordinates":[[[10.2202404,45.5364167],[10.2202029,45.5363217],[10.2201491,45.5363321],[10.2201339,45.5362935],[10.2204053,45.5362406],[10.2204435,45.5363373],[10.2204582,45.5363746],[10.2202404,45.5364167]]]},"properties":{"site":"brescia","name":null,"category":"other","historic":null,"building":"yes","osm_id":165325057}},{"type":"Feature","geometry":{"type":"Polygon","coordinates":[[[10.2173105,45.5370172],[10.2173681,45.5370055],[10.2174169,45.5369926],[10.2173658,45.5368692],[10.2174307,45.5368543],[10.2174893,45.5368409],[10.2175062,45.5368794],[10.2175771,45.5368641],[10.2176151,45.5368574],[10.217577,45.5367387],[10.2172187,45.5368142],[10.2173105,45.5370172]]]},"properties":{"site":"brescia","name":null,"category":"other","historic":null,"building":"apartments","osm_id":165325060}},{"type":"Feature","geometry":{"type":"Polygon","coordinates":[[[10.2165004,45.5371764],[10.2167094,45.5370862],[10.2165928,45.5369536],[10.2163838,45.5370438],[10.2165004,45.5371764]]]},"properties":{"site":"brescia","name":null,"category":"other","historic":null,"building":"apartments","osm_id":165325062}},{"type":"Feature","geometry":{"type":"Polygon","coordinates":[[[10.2220123,45.5358305],[10.2224175,45.535767],[10.222454,45.5357613],[10.2225361,45.5357485],[10.2225403,45.5357068],[10.222597,45.5357049],[10.2225998,45.5356739],[10.2227936,45.5356783],[10.2227985,45.5356133],[10.2227546,45.5356124],[10.2223545,45.5356133],[10.2223595,45.5356528],[10.2220802,45.5356985],[10.2220765,45.5356909],[10.2219344,45.5357147],[10.2219255,45.535689],[10.221882,45.5356971],[10.2218543,45.5356351],[10.221805,45.5356435],[10.2217714,45.5355191],[10.2218864,45.5355087],[10.2219022,45.5355705],[10.2220183,45.5355543],[10.2219658,45.5353537],[10.2216048,45.5353971],[10.2216502,45.5355036],[10.221685,45.5355852],[10.2218036,45.5358632],[10.2220123,45.5358305]]]},"properties":{"site":"brescia","name":null,"category":"other","historic":null,"building":"yes","osm_id":165325067}},{"type":"Feature","geometry":{"type":"Polygon","coordinates":[[[10.2156704,45.5372927],[10.2156069,45.5372668],[10.2155576,45.5372467],[10.2155094,45.5372269],[10.215407,45.5371851],[10.2153807,45.5371744],[10.2151601,45.5370399],[10.215091,45.5369977],[10.2158152,45.5365807],[10.2158447,45.5366258],[10.2156382,45.5367385],[10.2157669,45.5368531],[10.2159225,45.5367591],[10.2159654,45.5368343],[10.2158474,45.5369001],[10.2159252,45.5369865],[10.2160325,45.536932],[10.2160674,45.5369808],[10.2159064,45.5370541],[10.2156704,45.5372927]]]},"properties":{"site":"brescia","name":null,"category":"other","historic":null,"building":"apartments","osm_id":165325068}},{"type":"Feature","geometry":{"type":"Polygon","coordinates":[[[10.2232749,45.5356926],[10.2233424,45.5357996],[10.2234201,45.535777],[10.2234248,45.5357873],[10.2234412,45.5358229],[10.223464,45.5358623],[10.2235958,45.5358212],[10.2236462,45.5359364],[10.2234853,45.5359607],[10.2234676,45.5359214],[10.2233003,45.5359306],[10.2231681,45.5359398],[10.2231535,45.5358652],[10.223151,45.5358526],[10.2232933,45.535821],[10.22329,45.5358146],[10.2232853,45.5358056],[10.2231555,45.5358328],[10.223132,45.5357551],[10.2232749,45.5356926]]]},"properties":{"site":"brescia","name":null,"category":"other","historic":null,"building":"yes","osm_id":165325069}},{"type":"Feature","geometry":{"type":"Polygon","coordinates":[[[10.2169954,45.5371311],[10.2167942,45.5368907],[10.2171718,45.536823],[10.217277,45.5370616],[10.2169954,45.5371311]]]},"properties":{"site":"brescia","name":null,"category":"other","historic":null,"building":"apartments","osm_id":165325072}},{"type":"Feature","geometry":{"type":"Polygon","coordinates":[[[10.2157003,45.5381443],[10.2156736,45.5380968],[10.2157651,45.5380734],[10.215782,45.5380684],[10.2158012,45.5381005],[10.2159381,45.5380603],[10.2159173,45.5380255],[10.2160108,45.5379959],[10.2159847,45.5379521],[10.2160067,45.5379457],[10.215995,45.5379262],[10.2160656,45.5379085],[10.2160859,45.5379033],[10.2161911,45.5378761],[10.2162799,45.5378394],[10.2163748,45.5378001],[10.2163895,45.537794],[10.2164686,45.5378394],[10.2164486,45.5378369],[10.2165363,45.5378883],[10.2161479,45.5380482],[10.2157285,45.5382108],[10.2157003,45.5381443]]]},"properties":{"site":"brescia","name":null,"category":"other","historic":null,"building":"yes","osm_id":165325495}},{"type":"Feature","geometry":{"type":"Polygon","coordinates":[[[10.21818,45.5383316],[10.2178247,45.538435],[10.2178053,45.5384198],[10.2177706,45.5383927],[10.2177223,45.5383548],[10.2176838,45.5383247],[10.2176393,45.5382898],[10.2178231,45.5382308],[10.2182604,45.5381594],[10.2182804,45.5383085],[10.21818,45.5383316]]]},"properties":{"site":"brescia","name":null,"category":"other","historic":null,"building":"yes","osm_id":165325496}},{"type":"Feature","geometry":{"type":"Polygon","coordinates":[[[10.2151656,45.5372499],[10.2149451,45.5373951],[10.214798,45.5372965],[10.2147728,45.5373128],[10.2147206,45.5372762],[10.2147453,45.5372598],[10.2147227,45.5372428],[10.2149466,45.5370994],[10.214891,45.5370613],[10.2145707,45.5372194],[10.2136534,45.5373773],[10.2137446,45.5377267],[10.214914,45.537505],[10.2149237,45.5374977],[10.214982,45.5374536],[10.215011,45.5374312],[10.215208,45.537279],[10.2151823,45.5372613],[10.2151656,45.5372499]]]},"properties":{"site":"brescia","name":null,"category":"other","historic":null,"building":"yes","osm_id":165325502}},{"type":"Feature","geometry":{"type":"Polygon","coordinates":[[[10.2117212,45.5381008],[10.2111798,45.5382243],[10.2110198,45.5378042],[10.210987,45.5377434],[10.2108883,45.5377584],[10.2110339,45.5382639],[10.2111462,45.5382435],[10.2111909,45.5383642],[10.2112451,45.5383543],[10.211254,45.5383784],[10.2117556,45.5382719],[10.2118344,45.5385301],[10.2111415,45.5386408],[10.2111769,45.5387817],[10.2112561,45.5387698],[10.2112481,45.5387381],[10.2114218,45.538712],[10.2114317,45.5387442],[10.2115417,45.5387276],[10.2115319,45.5386954],[10.211954,45.5386319],[10.2119643,45.5386628],[10.2120475,45.5386503],[10.2120245,45.5385826],[10.2118814,45.5381615],[10.2118644,45.5381115],[10.2117327,45.5381373],[10.2117212,45.5381008]]]},"properties":{"site":"brescia","name":null,"category":"other","historic":null,"building":"yes","osm_id":165325506}},{"type":"Feature","geometry":{"type":"Polygon","coordinates":[[[10.2137564,45.5385841],[10.21352,45.538622],[10.2134976,45.5385535],[10.2134653,45.5384547],[10.2136071,45.538432],[10.2136326,45.5385102],[10.2137273,45.5384951],[10.2137564,45.5385841]]]},"properties":{"site":"brescia","name":null,"category":"other","historic":null,"building":"yes","osm_id":165325510}},{"type":"Feature","geometry":{"type":"Polygon","coordinates":[[[10.2122228,45.5388159],[10.2122023,45.5387581],[10.2121895,45.5387221],[10.212177,45.538687],[10.2121607,45.5386412],[10.2121427,45.5385906],[10.2121231,45.5385355],[10.2121116,45.5385032],[10.2119992,45.5381869],[10.2119371,45.5380122],[10.2119227,45.5379715],[10.2119118,45.537941],[10.2118985,45.5379035],[10.2118856,45.5378672],[10.2118758,45.5378397],[10.2118719,45.5378259],[10.2118551,45.5377659],[10.2118392,45.5377092],[10.2118261,45.5376622],[10.2118121,45.5376124],[10.2117902,45.537546],[10.2117469,45.5373795],[10.2128286,45.537258],[10.2128514,45.5373148],[10.2128664,45.5373521],[10.2129182,45.5374811],[10.2129452,45.5375481],[10.2129647,45.5375968],[10.2129945,45.5376708],[10.2130425,45.5377904],[10.2131138,45.5379676],[10.2131721,45.5381127],[10.2132973,45.5384243],[10.213313,45.5384635],[10.2133302,45.5385061],[10.2133466,45.5385471],[10.2133687,45.538602],[10.2133846,45.5386416],[10.213251,45.5386668],[10.2131238,45.5383578],[10.2131104,45.5383252],[10.2127733,45.5383857],[10.2127455,45.5383096],[10.2130813,45.5382495],[10.2130445,45.5381486],[10.2126719,45.5382151],[10.2126486,45.538151],[10.2129839,45.5380914],[10.2129357,45.537958],[10.2126651,45.538006],[10.2125838,45.5377802],[10.2128558,45.5377321],[10.2128213,45.537636],[10.2125521,45.5376833],[10.2125054,45.5375526],[10.2119668,45.537647],[10.2121936,45.5382822],[10.2125089,45.538227],[10.2125438,45.5383248],[10.2122312,45.5383794],[10.2122664,45.5384784],[10.2122789,45.5385135],[10.2122912,45.5385482],[10.2123127,45.5386086],[10.213035,45.5384826],[10.213104,45.5386822],[10.2122228,45.5388159]]]},"properties":{"site":"brescia","name":null,"category":"other","historic":null,"building":"yes","osm_id":165325511}},{"type":"Feature","geometry":{"type":"Polygon","coordinates":[[[10.213648,45.5372983],[10.2144527,45.5371668],[10.214796,45.5370278],[10.2147577,45.5369956],[10.214694,45.5369421],[10.2146602,45.5369137],[10.2146291,45.5368875],[10.2145814,45.5368474],[10.2140718,45.5370316],[10.2139377,45.5370917],[10.2136104,45.5371405],[10.213648,45.5372983]]]},"properties":{"site":"brescia","name":null,"category":"other","historic":null,"building":"yes","osm_id":165325513}},{"type":"Feature","geometry":{"type":"Polygon","coordinates":[[[10.212602,45.5365655],[10.2123137,45.5365514],[10.2123157,45.5365693],[10.2121836,45.5365674],[10.2120555,45.5365923],[10.2120984,45.5367121],[10.2120897,45.5367107],[10.2120944,45.5367248],[10.2119871,45.5367421],[10.2120133,45.5368079],[10.2123774,45.5367351],[10.2124397,45.5369108],[10.2121581,45.5369629],[10.2121608,45.5369751],[10.2120629,45.5369873],[10.2120823,45.53707],[10.2119576,45.5370864],[10.2119737,45.5371508],[10.2119891,45.5371494],[10.2119932,45.5371696],[10.2120186,45.5371663],[10.2120253,45.5371987],[10.2119194,45.5372128],[10.2119261,45.5372348],[10.2117833,45.5372499],[10.2117739,45.5372109],[10.2118101,45.5372067],[10.2117182,45.536774],[10.211564,45.5367882],[10.2116026,45.536923],[10.2116344,45.537034],[10.2116898,45.5372129],[10.2117229,45.5373199],[10.211961,45.5372917],[10.2119569,45.5372752],[10.2122104,45.5372405],[10.2122151,45.5372588],[10.2124438,45.5372306],[10.2124411,45.5372193],[10.212824,45.5371686],[10.212773,45.5370379],[10.2127294,45.5369263],[10.2127462,45.536922],[10.2126592,45.5367068],[10.212602,45.5365655]]]},"properties":{"site":"brescia","name":null,"category":"other","historic":"yes","building":"yes","osm_id":165329317}},{"type":"Feature","geometry":{"type":"Polygon","coordinates":[[[10.2217092,45.5371246],[10.2215973,45.5371427],[10.2214774,45.5371486],[10.2214744,45.5371322],[10.2214584,45.5370436],[10.2214574,45.5370381],[10.2214552,45.5370257],[10.2214321,45.5370291],[10.2213675,45.5370387],[10.2212372,45.537058],[10.2211685,45.5370682],[10.2210938,45.5370793],[10.2209844,45.5370955],[10.2209631,45.5370498],[10.2209073,45.5370301],[10.2208512,45.5370441],[10.2208405,45.5370306],[10.2209333,45.5370012],[10.2209269,45.5369862],[10.221062,45.5369606],[10.221052,45.5369417],[10.221242,45.5369075],[10.2212323,45.5368811],[10.2212532,45.5368773],[10.2212728,45.5369307],[10.221364,45.5369177],[10.2213597,45.5368968],[10.2214039,45.5368898],[10.2213882,45.5368139],[10.2214509,45.5368067],[10.2214439,45.5367744],[10.2215109,45.5367667],[10.2215222,45.5368189],[10.2215585,45.5369872],[10.2215691,45.5370362],[10.2215763,45.5370694],[10.2216917,45.5370544],[10.2217092,45.5371246]]]},"properties":{"site":"brescia","name":null,"category":"other","historic":null,"building":"yes","osm_id":165329320}},{"type":"Feature","geometry":{"type":"Polygon","coordinates":[[[10.2179781,45.5375104],[10.2188009,45.5373083],[10.2187931,45.5372188],[10.2187625,45.5372247],[10.2187685,45.5372822],[10.2186661,45.5373079],[10.2186452,45.5372629],[10.2184222,45.5373177],[10.2183351,45.5373398],[10.2183574,45.5373813],[10.2182458,45.5374107],[10.2182236,45.5373693],[10.2180889,45.5374047],[10.2180586,45.537348],[10.217917,45.5373859],[10.2179781,45.5375104]]]},"properties":{"site":"brescia","name":null,"category":"other","historic":null,"building":"yes","osm_id":165329321}},{"type":"Feature","geometry":{"type":"Polygon","coordinates":[[[10.2193216,45.5375871],[10.2193336,45.5376504],[10.2193397,45.537683],[10.2190654,45.5377085],[10.2190231,45.537485],[10.2192975,45.5374595],[10.2193094,45.5375226],[10.2191222,45.53754],[10.2191417,45.5376431],[10.2192657,45.5376317],[10.2192583,45.537593],[10.2193216,45.5375871]]]},"properties":{"site":"brescia","name":null,"category":"other","historic":null,"building":"yes","osm_id":165329323}},{"type":"Feature","geometry":{"type":"Polygon","coordinates":[[[10.2122023,45.5360339],[10.2120548,45.5356338],[10.2119314,45.5355999],[10.211943,45.5355825],[10.2120065,45.5354872],[10.2121261,45.5355238],[10.2121781,45.5355398],[10.2122632,45.5357584],[10.2123632,45.5360152],[10.2122023,45.5360339]]]},"properties":{"site":"brescia","name":"Palazzo Facchi","category":"other","historic":null,"building":"palace","osm_id":165329325}},{"type":"Feature","geometry":{"type":"Polygon","coordinates":[[[10.2205283,45.5375434],[10.2207514,45.5374567],[10.2207955,45.5375167],[10.2207436,45.5375338],[10.2208034,45.5376286],[10.2210513,45.5375677],[10.221031,45.5375339],[10.2210855,45.5375148],[10.2210342,45.537432],[10.220986,45.5374478],[10.2209419,45.5373879],[10.2210513,45.5373432],[10.2211468,45.5373103],[10.2212535,45.5375136],[10.2213729,45.5377475],[10.2213861,45.5377733],[10.2213393,45.537782],[10.2213277,45.5377553],[10.2212893,45.5377603],[10.2212247,45.5376262],[10.2210309,45.5376766],[10.220754,45.5377357],[10.220741,45.5377384],[10.2207212,45.5376983],[10.2206651,45.5377119],[10.2205975,45.5376086],[10.2205549,45.5376233],[10.2205361,45.5375865],[10.2205251,45.5375649],[10.2205283,45.5375434]]]},"properties":{"site":"brescia","name":null,"category":"other","historic":null,"building":"yes","osm_id":165329328}},{"type":"Feature","geometry":{"type":"Polygon","coordinates":[[[10.2235399,45.5367421],[10.2235446,45.5367665],[10.2235618,45.5368569],[10.2235254,45.5368601],[10.2233662,45.5368742],[10.223358,45.5368286],[10.2233455,45.5367594],[10.2233945,45.5367549],[10.2235399,45.5367421]]]},"properties":{"site":"brescia","name":null,"category":"other","historic":null,"building":"apartments","osm_id":165329330}},{"type":"Feature","geometry":{"type":"Polygon","coordinates":[[[10.2194528,45.5372912],[10.2196019,45.5372783],[10.2195879,45.5371992],[10.2197351,45.5371864],[10.21974,45.5372138],[10.2199268,45.5371969],[10.2198984,45.5370486],[10.2194182,45.5370961],[10.2194463,45.5372546],[10.2194528,45.5372912]]]},"properties":{"site":"brescia","name":null,"category":"other","historic":null,"building":"yes","osm_id":165329332}},{"type":"Feature","geometry":{"type":"Polygon","coordinates":[[[10.2120145,45.5357052],[10.2117758,45.5360659],[10.2116498,45.5360772],[10.2116283,45.5360076],[10.211713,45.535876],[10.2117738,45.5357817],[10.2118509,45.5356619],[10.2118989,45.53565],[10.2119716,45.5356319],[10.2120145,45.5357052]]]},"properties":{"site":"brescia","name":null,"category":"other","historic":null,"building":"yes","osm_id":165329333}},{"type":"Feature","geometry":{"type":"Polygon","coordinates":[[[10.2206943,45.5368836],[10.2206098,45.5367822],[10.2206008,45.5367713],[10.2206755,45.5367374],[10.2207974,45.5367084],[10.220858,45.5367017],[10.2208661,45.5367224],[10.2208865,45.5367749],[10.22089,45.5367854],[10.2208503,45.5367932],[10.2207206,45.5368242],[10.2207388,45.5368648],[10.2207258,45.5368686],[10.2206943,45.5368836]]]},"properties":{"site":"brescia","name":null,"category":"other","historic":null,"building":"yes","osm_id":165329334}},{"type":"Feature","geometry":{"type":"Polygon","coordinates":[[[10.2189887,45.5373637],[10.2189469,45.5371393],[10.2191808,45.5371185],[10.2191842,45.5371374],[10.2189707,45.5371564],[10.2189779,45.537196],[10.2191128,45.537184],[10.2191375,45.5373204],[10.2190549,45.5373278],[10.2190597,45.537357],[10.2189887,45.5373637]]]},"properties":{"site":"brescia","name":null,"category":"other","historic":null,"building":"yes","osm_id":165329335}},{"type":"Feature","geometry":{"type":"Polygon","coordinates":[[[10.2184137,45.537806],[10.2183388,45.5376589],[10.2183327,45.5376469],[10.2188246,45.5375538],[10.2188281,45.5375677],[10.2188684,45.5377265],[10.2184137,45.537806]]]},"properties":{"site":"brescia","name":"Palazzo Beretta","category":"other","historic":"yes","building":"palace","osm_id":165329337}},{"type":"Feature","geometry":{"type":"Polygon","coordinates":[[[10.2177178,45.5375336],[10.2177348,45.5375676],[10.2175977,45.5376031],[10.2175286,45.5374875],[10.2176771,45.5374535],[10.2177178,45.5375336]]]},"properties":{"site":"brescia","name":null,"category":"other","historic":null,"building":"yes","osm_id":165329339}},{"type":"Feature","geometry":{"type":"Polygon","coordinates":[[[10.2222273,45.5383254],[10.2221819,45.5381881],[10.2221537,45.5381069],[10.2221208,45.5379825],[10.2220228,45.5379935],[10.2219112,45.5379859],[10.2218925,45.5379026],[10.2218879,45.537879],[10.2219656,45.5378662],[10.2219917,45.5378629],[10.2220482,45.5378556],[10.2220867,45.5378507],[10.2221417,45.5378437],[10.2221498,45.5378755],[10.2221838,45.5378712],[10.2221965,45.537923],[10.222353,45.5379042],[10.2224387,45.5383024],[10.2222273,45.5383254]]]},"properties":{"site":"brescia","name":null,"category":"other","historic":null,"building":"yes","osm_id":165329340}},{"type":"Feature","geometry":{"type":"Polygon","coordinates":[[[10.228006,45.5379517],[10.2281373,45.5379377],[10.2282051,45.5379305],[10.228203,45.5378259],[10.2281244,45.5378267],[10.2281229,45.5377593],[10.2280238,45.5377576],[10.228006,45.5379517]]]},"properties":{"site":"brescia","name":null,"category":"other","historic":null,"building":"apartments","osm_id":165329975}},{"type":"Feature","geometry":{"type":"Polygon","coordinates":[[[10.2258779,45.5381661],[10.2258732,45.5381026],[10.2258248,45.5381081],[10.2258155,45.5380665],[10.2258967,45.5380578],[10.2258904,45.5380239],[10.2259234,45.538022],[10.2259139,45.5379604],[10.2257156,45.5379748],[10.2257429,45.5380387],[10.2257508,45.5380572],[10.2257547,45.5380693],[10.2257687,45.5381126],[10.2257845,45.5381799],[10.2258013,45.5382915],[10.2258124,45.5382918],[10.2259155,45.5382942],[10.2260967,45.538281],[10.2260961,45.538272],[10.2260919,45.5382033],[10.2259951,45.5382065],[10.2259904,45.5381584],[10.2258779,45.5381661]]]},"properties":{"site":"brescia","name":null,"category":"other","historic":null,"building":"apartments","osm_id":165329977}},{"type":"Feature","geometry":{"type":"Polygon","coordinates":[[[10.2296946,45.5377168],[10.2300274,45.5376613],[10.2300239,45.537565],[10.230018,45.5374924],[10.2301675,45.5374801],[10.2301603,45.537426],[10.2300921,45.537428],[10.2300903,45.5373727],[10.2300508,45.5373727],[10.2300508,45.5374029],[10.2299016,45.5374104],[10.2298837,45.537204],[10.2303813,45.5372732],[10.2303616,45.5373248],[10.2304766,45.5373374],[10.2304927,45.5372909],[10.2305628,45.5373029],[10.2305786,45.5372556],[10.2304968,45.5372426],[10.2304736,45.537239],[10.2304423,45.537234],[10.2301739,45.5371748],[10.2301458,45.5371686],[10.2300536,45.5371549],[10.2300173,45.5371495],[10.2297753,45.5371136],[10.2296392,45.5371066],[10.2296946,45.5377168]]]},"properties":{"site":"brescia","name":null,"category":"other","historic":null,"building":"apartments","osm_id":165329978}},{"type":"Feature","geometry":{"type":"Polygon","coordinates":[[[10.2280569,45.5367117],[10.2280647,45.5367725],[10.2276591,45.5368018],[10.2271444,45.5368824],[10.2270574,45.5365064],[10.2271948,45.5364868],[10.2272042,45.5365294],[10.2271729,45.5365326],[10.2272084,45.5367249],[10.2275743,45.5366931],[10.227592,45.5367209],[10.2276857,45.5366961],[10.2277065,45.5366537],[10.2278793,45.5366433],[10.2279698,45.5366383],[10.2279804,45.5367153],[10.2280569,45.5367117]]]},"properties":{"site":"brescia","name":null,"category":"other","historic":null,"building":"yes","osm_id":165329979}},{"type":"Feature","geometry":{"type":"Polygon","coordinates":[[[10.2276533,45.5390647],[10.2276905,45.5392165],[10.227594,45.5392281],[10.2275569,45.5390763],[10.2276533,45.5390647]]]},"properties":{"site":"brescia","name":null,"category":"other","historic":null,"building":"yes","osm_id":165329983}},{"type":"Feature","geometry":{"type":"Polygon","coordinates":[[[10.2287554,45.5367165],[10.2287392,45.5366352],[10.2287343,45.5366101],[10.2288842,45.5365991],[10.2288839,45.5365614],[10.2289418,45.5365597],[10.2289454,45.5365707],[10.2289534,45.5365951],[10.2289707,45.5366477],[10.2289862,45.5366951],[10.2289286,45.5367],[10.2287554,45.5367165]]]},"properties":{"site":"brescia","name":null,"category":"other","historic":null,"building":"yes","osm_id":165329985}},{"type":"Feature","geometry":{"type":"Polygon","coordinates":[[[10.2278016,45.5384342],[10.2276017,45.5384578],[10.2275787,45.5383607],[10.2274533,45.5383768],[10.2274161,45.5382025],[10.2274628,45.5381954],[10.2274266,45.538102],[10.2274499,45.538098],[10.2276041,45.5380713],[10.2276616,45.5380614],[10.2277381,45.5380482],[10.2277685,45.5381822],[10.2277147,45.5381896],[10.2276394,45.5382014],[10.2276309,45.5381659],[10.2275831,45.538173],[10.2276396,45.5383709],[10.227783,45.5383516],[10.2277946,45.5383963],[10.2278016,45.5384342]]]},"properties":{"site":"brescia","name":null,"category":"other","historic":null,"building":"yes","osm_id":165329987}},{"type":"Feature","geometry":{"type":"Polygon","coordinates":[[[10.2297777,45.5386647],[10.2298411,45.5389937],[10.230215,45.5389139],[10.2303919,45.5388762],[10.2303775,45.5387754],[10.2302778,45.5387866],[10.2299825,45.5388264],[10.2299658,45.538725],[10.2299462,45.538648],[10.2297777,45.5386647]]]},"properties":{"site":"brescia","name":null,"category":"other","historic":null,"building":"apartments","osm_id":165329989}},{"type":"Feature","geometry":{"type":"Polygon","coordinates":[[[10.2286026,45.5392409],[10.2285774,45.5391816],[10.2285679,45.5391591],[10.2286737,45.5391348],[10.2286617,45.5390643],[10.2289699,45.5390204],[10.2290211,45.5391724],[10.2286026,45.5392409]]]},"properties":{"site":"brescia","name":"Palazzo Maggi","category":"other","historic":null,"building":"apartments","osm_id":165329992}},{"type":"Feature","geometry":{"type":"Polygon","coordinates":[[[10.2293601,45.5386029],[10.2292992,45.5386104],[10.2292505,45.5386164],[10.2291278,45.5386316],[10.2291358,45.5387263],[10.2293869,45.5386958],[10.2293601,45.5386029]]]},"properties":{"site":"brescia","name":null,"category":"other","historic":null,"building":"apartments","osm_id":165329994}},{"type":"Feature","geometry":{"type":"Polygon","coordinates":[[[10.2283804,45.5386993],[10.2284025,45.5387419],[10.2284251,45.5387924],[10.2281254,45.5388495],[10.2275962,45.5388778],[10.227602,45.5387979],[10.2280101,45.5387625],[10.2279723,45.5385717],[10.2281084,45.5385468],[10.2281469,45.538748],[10.2283804,45.5386993]]]},"properties":{"site":"brescia","name":null,"category":"other","historic":null,"building":"yes","osm_id":165329995}},{"type":"Feature","geometry":{"type":"Polygon","coordinates":[[[10.2257242,45.5383371],[10.2260166,45.5383165],[10.2260458,45.5384665],[10.2260613,45.5385309],[10.2260713,45.5385725],[10.2261329,45.5385688],[10.2261505,45.5386786],[10.2259497,45.5386921],[10.2259585,45.5388081],[10.2261523,45.5387945],[10.2261954,45.5389828],[10.226013,45.5390192],[10.2257335,45.5390452],[10.2256996,45.5388593],[10.2257004,45.5388408],[10.2257039,45.5387632],[10.2257549,45.5386272],[10.2257588,45.5385193],[10.2257242,45.5383371]]]},"properties":{"site":"brescia","name":null,"category":"other","historic":null,"building":"yes","osm_id":165329996}},{"type":"Feature","geometry":{"type":"Polygon","coordinates":[[[10.2259775,45.5360802],[10.2259313,45.5360841],[10.2259285,45.5360644],[10.225557,45.536088],[10.2255304,45.5360762],[10.2254058,45.5360853],[10.2252739,45.5360949],[10.2252758,45.5361114],[10.2252431,45.5361156],[10.2252003,45.5361177],[10.2251722,45.5359645],[10.2259756,45.5359246],[10.2259756,45.5360638],[10.2259775,45.5360802]]]},"properties":{"site":"brescia","name":null,"category":"other","historic":null,"building":"apartments","osm_id":165329997}},{"type":"Feature","geometry":{"type":"Polygon","coordinates":[[[10.2288313,45.5373366],[10.2289865,45.5373285],[10.2289758,45.5372221],[10.2289642,45.5371077],[10.22895,45.5371084],[10.228808,45.5371158],[10.2288119,45.5371528],[10.2288273,45.537298],[10.2288313,45.5373366]]]},"properties":{"site":"brescia","name":null,"category":"other","historic":null,"building":"apartments","osm_id":165329998}},{"type":"Feature","geometry":{"type":"Polygon","coordinates":[[[10.2252153,45.5383568],[10.2252508,45.5383532],[10.2254875,45.5383296],[10.2255133,45.538327],[10.2255655,45.5383218],[10.2255878,45.5383195],[10.2256418,45.5383141],[10.2256683,45.5383115],[10.2256979,45.5383085],[10.225747,45.5383036],[10.2257437,45.5382715],[10.2257368,45.5382049],[10.2257265,45.5381057],[10.2257239,45.5380808],[10.2257218,45.5380608],[10.225157,45.5381088],[10.2252153,45.5383568]]]},"properties":{"site":"brescia","name":null,"category":"other","historic":null,"building":"apartments","osm_id":165329999}},{"type":"Feature","geometry":{"type":"Polygon","coordinates":[[[10.2268862,45.5362546],[10.226881,45.5362205],[10.2268754,45.5361833],[10.2268905,45.5361822],[10.2269058,45.5361811],[10.226892,45.5360899],[10.2268899,45.536076],[10.2269371,45.5360725],[10.2269325,45.536042],[10.2270915,45.5360302],[10.2271071,45.5361337],[10.2270244,45.5361399],[10.2270401,45.5362431],[10.2268862,45.5362546]]]},"properties":{"site":"brescia","name":null,"category":"other","historic":null,"building":"yes","osm_id":165330001}},{"type":"Feature","geometry":{"type":"Polygon","coordinates":[[[10.2275177,45.5374433],[10.2275433,45.5376032],[10.2274022,45.5376205],[10.2274203,45.537695],[10.227481,45.5379192],[10.2276585,45.5378886],[10.2276447,45.5378476],[10.227674,45.537826],[10.2277376,45.5378248],[10.2277427,45.5378765],[10.2279009,45.5378693],[10.2279061,45.5378308],[10.2279558,45.5378302],[10.2279214,45.5379651],[10.2278933,45.53797],[10.2275862,45.5380235],[10.227379,45.5380596],[10.227318,45.5377436],[10.227281,45.5375514],[10.2272659,45.5374733],[10.2273905,45.5374584],[10.2275177,45.5374433]]]},"properties":{"site":"brescia","name":null,"category":"other","historic":null,"building":"apartments","osm_id":165330002}},{"type":"Feature","geometry":{"type":"Polygon","coordinates":[[[10.2304657,45.5364842],[10.2304624,45.5363971],[10.2302987,45.5364071],[10.2303069,45.5365089],[10.2304657,45.5364842]]]},"properties":{"site":"brescia","name":null,"category":"other","historic":null,"building":"yes","osm_id":165330003}},{"type":"Feature","geometry":{"type":"Polygon","coordinates":[[[10.2291464,45.5365281],[10.2291453,45.5365016],[10.2291933,45.5364997],[10.2292005,45.5365712],[10.2292211,45.5365714],[10.2292826,45.5365698],[10.22934,45.5365725],[10.2293202,45.5365009],[10.229308,45.5364567],[10.2292588,45.5364563],[10.2291745,45.5364554],[10.2291163,45.5364549],[10.2290683,45.5364544],[10.2289863,45.5364535],[10.2289535,45.5364532],[10.2289835,45.5365535],[10.2291464,45.5365281]]]},"properties":{"site":"brescia","name":null,"category":"other","historic":null,"building":"apartments","osm_id":165330004}},{"type":"Feature","geometry":{"type":"Polygon","coordinates":[[[10.2254012,45.5377717],[10.2254189,45.5378451],[10.2252134,45.537852],[10.2252071,45.5378027],[10.2251378,45.5378043],[10.2251034,45.5378062],[10.2251053,45.5378177],[10.2251337,45.5379893],[10.2253395,45.5379843],[10.2254807,45.5379706],[10.2256459,45.5379406],[10.2255932,45.5377507],[10.225419,45.5377682],[10.2254012,45.5377717]]]},"properties":{"site":"brescia","name":null,"category":"other","historic":null,"building":"yes","osm_id":165330005}},{"type":"Feature","geometry":{"type":"Polygon","coordinates":[[[10.2267033,45.538005],[10.2267095,45.5378796],[10.2267606,45.5378757],[10.2269014,45.537865],[10.2269105,45.5379238],[10.2267666,45.5379332],[10.2267563,45.5380236],[10.2268844,45.5380236],[10.2268859,45.5379842],[10.2269796,45.5379711],[10.2269846,45.5380037],[10.22704,45.5379945],[10.2270483,45.5380498],[10.2271147,45.5380332],[10.2271105,45.5379813],[10.2271748,45.5379722],[10.2271829,45.5380192],[10.227281,45.5380093],[10.2273164,45.5380063],[10.2273117,45.5379777],[10.2273095,45.5379639],[10.2272973,45.5378892],[10.2271359,45.5379053],[10.2271339,45.5378901],[10.2269703,45.5379032],[10.2269581,45.5378233],[10.2269533,45.5377907],[10.2268693,45.5377968],[10.2268556,45.5377048],[10.2267448,45.5377136],[10.2267134,45.5377157],[10.226722,45.5377717],[10.2264175,45.5377948],[10.226423,45.5378176],[10.2263367,45.5378279],[10.2263443,45.5378914],[10.2263786,45.5378893],[10.2265861,45.5378737],[10.2265861,45.5380006],[10.2267033,45.538005]]]},"properties":{"site":"brescia","name":null,"category":"other","historic":null,"building":"yes","osm_id":165330006}},{"type":"Feature","geometry":{"type":"Polygon","coordinates":[[[10.2253147,45.5373195],[10.225024,45.5373384],[10.2250291,45.5372601],[10.2251447,45.5372563],[10.2251433,45.5372115],[10.2252052,45.5372099],[10.2252052,45.5372573],[10.2252962,45.5372538],[10.2253147,45.5373195]]]},"properties":{"site":"brescia","name":null,"category":"other","historic":null,"building":"apartments","osm_id":165330007}},{"type":"Feature","geometry":{"type":"Polygon","coordinates":[[[10.2230128,45.5397439],[10.2236949,45.5396493],[10.2236707,45.5395436],[10.2235121,45.5395241],[10.223474,45.5395194],[10.2233948,45.5395097],[10.2233117,45.5394995],[10.2231486,45.5395161],[10.2229562,45.5395356],[10.2230128,45.5397439]]]},"properties":{"site":"brescia","name":null,"category":"other","historic":null,"building":"apartments","osm_id":165331088}},{"type":"Feature","geometry":{"type":"Polygon","coordinates":[[[10.2231108,45.5393424],[10.2229486,45.5390683],[10.2230947,45.5390418],[10.2231216,45.5391733],[10.2232342,45.5391583],[10.2232235,45.5390455],[10.2237867,45.5390155],[10.2238833,45.5394852],[10.2236832,45.5394596],[10.223556,45.5394433],[10.2234855,45.5394343],[10.2234119,45.5394249],[10.2233254,45.5394138],[10.2232347,45.5393836],[10.2231108,45.5393424]]]},"properties":{"site":"brescia","name":null,"category":"other","historic":null,"building":"yes","osm_id":165331089}},{"type":"Feature","geometry":{"type":"Polygon","coordinates":[[[10.2240002,45.5395987],[10.2239455,45.5393158],[10.2239231,45.5391892],[10.2241332,45.5391653],[10.2241677,45.5393425],[10.2242133,45.5395785],[10.2240002,45.5395987]]]},"properties":{"site":"brescia","name":null,"category":"other","historic":null,"building":"apartments","osm_id":165331090}},{"type":"Feature","geometry":{"type":"Polygon","coordinates":[[[10.226745,45.5388772],[10.2267215,45.5388823],[10.2265678,45.5389151],[10.2265054,45.5387167],[10.2266789,45.5386854],[10.226717,45.5387958],[10.226745,45.5388772]]]},"properties":{"site":"brescia","name":null,"category":"other","historic":null,"building":"yes","osm_id":165331091}},{"type":"Feature","geometry":{"type":"Polygon","coordinates":[[[10.2202914,45.5382498],[10.2202586,45.5380843],[10.2202795,45.5380828],[10.2203196,45.5380799],[10.2206281,45.5380415],[10.2206414,45.5381101],[10.2206742,45.538107],[10.2206803,45.5381367],[10.2206472,45.5381397],[10.2205,45.5381514],[10.2204629,45.5381544],[10.220418,45.538158],[10.2204126,45.5381308],[10.2203661,45.5381353],[10.22038,45.5382053],[10.2204263,45.5382007],[10.2204208,45.5382206],[10.2204355,45.5382362],[10.2203106,45.538248],[10.2202914,45.5382498]]]},"properties":{"site":"brescia","name":null,"category":"other","historic":null,"building":"yes","osm_id":165331092}},{"type":"Feature","geometry":{"type":"Polygon","coordinates":[[[10.2199534,45.5389921],[10.2199361,45.5388879],[10.220107,45.5388726],[10.2201234,45.5389799],[10.2203069,45.5389667],[10.2202687,45.5387747],[10.2202538,45.5387757],[10.2198304,45.5388135],[10.219836,45.538844],[10.2197349,45.5388527],[10.2197656,45.5390064],[10.2199351,45.5389934],[10.2199534,45.5389921]]]},"properties":{"site":"brescia","name":null,"category":"other","historic":null,"building":"yes","osm_id":165331093}},{"type":"Feature","geometry":{"type":"Polygon","coordinates":[[[10.227356,45.5381332],[10.2274956,45.5387725],[10.2275074,45.5388824],[10.2272661,45.5388416],[10.2271782,45.5388031],[10.2265549,45.5383555],[10.2265238,45.5382973],[10.2265341,45.5382836],[10.2265527,45.5382719],[10.226861,45.5382415],[10.2269201,45.5382357],[10.2271441,45.538183],[10.227356,45.5381332]]]},"properties":{"site":"brescia","name":null,"category":"other","historic":null,"building":"apartments","osm_id":165331094}},{"type":"Feature","geometry":{"type":"Polygon","coordinates":[[[10.2186839,45.539757],[10.2186535,45.5396657],[10.2186266,45.539585],[10.2185898,45.5394746],[10.2185865,45.5394648],[10.218575,45.5394329],[10.2185551,45.539379],[10.2185419,45.5393403],[10.2185265,45.5392951],[10.2185031,45.5392331],[10.2186793,45.5391979],[10.2188001,45.5391903],[10.2187927,45.5391282],[10.2188856,45.5391247],[10.2188923,45.539173],[10.2189626,45.5391719],[10.2189613,45.539136],[10.2190937,45.5391331],[10.2191603,45.5393952],[10.2192377,45.5396763],[10.2190163,45.5397086],[10.2189311,45.539721],[10.2187841,45.5397424],[10.2186839,45.539757]]]},"properties":{"site":"brescia","name":null,"category":"other","historic":null,"building":"apartments","osm_id":165331095}},{"type":"Feature","geometry":{"type":"Polygon","coordinates":[[[10.2192801,45.5395654],[10.219261,45.5395007],[10.2194382,45.5394865],[10.2194577,45.5395654],[10.2194203,45.5395647],[10.2193726,45.5395624],[10.2192801,45.5395654]]]},"properties":{"site":"brescia","name":null,"category":"other","historic":null,"building":"apartments","osm_id":165331097}},{"type":"Feature","geometry":{"type":"Polygon","coordinates":[[[10.2229016,45.5390117],[10.2228212,45.5387938],[10.2228862,45.5387832],[10.2231913,45.5387337],[10.2232235,45.5388351],[10.2234917,45.5388539],[10.2235024,45.5390005],[10.2232235,45.5390042],[10.2229016,45.5390117]]]},"properties":{"site":"brescia","name":null,"category":"other","historic":null,"building":"apartments","osm_id":165331099}},{"type":"Feature","geometry":{"type":"Polygon","coordinates":[[[10.2153808,45.5402136],[10.2153871,45.5402426],[10.2154157,45.5402395],[10.2154227,45.5402718],[10.2155292,45.5402604],[10.2154998,45.5401254],[10.21535,45.5401414],[10.2153069,45.5399448],[10.2151372,45.5399623],[10.2151962,45.5402333],[10.2152184,45.5402309],[10.2153808,45.5402136]]]},"properties":{"site":"brescia","name":null,"category":"other","historic":null,"building":"yes","osm_id":165504398}},{"type":"Feature","geometry":{"type":"Polygon","coordinates":[[[10.2143358,45.539516],[10.2143861,45.5396496],[10.2145332,45.5396153],[10.2144499,45.5394401],[10.214516,45.5394288],[10.2145239,45.5394502],[10.2145689,45.5395661],[10.214663,45.5395522],[10.2146815,45.5396144],[10.2145663,45.5396329],[10.2145992,45.5397053],[10.2142963,45.5397685],[10.2142882,45.5397464],[10.2142114,45.5395376],[10.2143358,45.539516]]]},"properties":{"site":"brescia","name":null,"category":"other","historic":null,"building":"yes","osm_id":165504399}},{"type":"Feature","geometry":{"type":"Polygon","coordinates":[[[10.2167817,45.540684],[10.2167738,45.5406387],[10.2167689,45.5406109],[10.2167638,45.5405814],[10.216718,45.5403185],[10.2166696,45.5400412],[10.2168466,45.5400168],[10.2168761,45.5401239],[10.2170907,45.5401032],[10.2170567,45.5399521],[10.216662,45.5400164],[10.2166551,45.5399618],[10.2166474,45.5399004],[10.2166739,45.5398949],[10.2167288,45.5398841],[10.2167913,45.5398718],[10.2168431,45.5398616],[10.2168835,45.5398536],[10.2169191,45.5398466],[10.2169257,45.5398453],[10.216944,45.5398417],[10.2171321,45.5398047],[10.2171631,45.539921],[10.2172049,45.5402434],[10.2172144,45.5402953],[10.2172226,45.5403402],[10.2172489,45.5404841],[10.2172624,45.5405724],[10.2172785,45.5406781],[10.2172336,45.5406786],[10.2171572,45.5406795],[10.2171009,45.5406802],[10.2170419,45.5406809],[10.2169856,45.5406816],[10.2169185,45.5406824],[10.2168501,45.5406832],[10.2167817,45.540684]]]},"properties":{"site":"brescia","name":null,"category":"other","historic":null,"building":"yes","osm_id":165504401}},{"type":"Feature","geometry":{"type":"Polygon","coordinates":[[[10.2141896,45.5403111],[10.2141761,45.5402783],[10.2141114,45.5401212],[10.2140779,45.5400398],[10.2139299,45.5396805],[10.2138793,45.5395577],[10.2138741,45.539545],[10.2139639,45.5395271],[10.21398,45.5395668],[10.2140894,45.5395451],[10.2140785,45.5395181],[10.2140327,45.5395273],[10.2140275,45.5395144],[10.2141265,45.5394947],[10.2141777,45.5396234],[10.2140683,45.5396471],[10.2141499,45.5398437],[10.2142703,45.5398191],[10.2143302,45.5399736],[10.2142641,45.5399872],[10.2143017,45.5400808],[10.2142225,45.5400963],[10.2142681,45.5402192],[10.2142968,45.5402889],[10.2141896,45.5403111]]]},"properties":{"site":"brescia","name":null,"category":"other","historic":null,"building":"yes","osm_id":165504402}},{"type":"Feature","geometry":{"type":"Polygon","coordinates":[[[10.2130046,45.5411455],[10.2133749,45.5410157],[10.2129086,45.5400459],[10.2127208,45.5395396],[10.2126764,45.5395436],[10.2124312,45.5395659],[10.212473,45.5396876],[10.2125152,45.5398104],[10.2125461,45.5399003],[10.2125858,45.5400159],[10.2126451,45.5401885],[10.2127382,45.5404595],[10.2127724,45.5405592],[10.212815,45.5406832],[10.2128242,45.54071],[10.2128381,45.5407505],[10.2128461,45.5407737],[10.2128612,45.5408091],[10.2128722,45.540835],[10.2128861,45.5408676],[10.2128996,45.5408992],[10.2129467,45.5410098],[10.2129565,45.5410328],[10.2129763,45.5410792],[10.2130046,45.5411455]]]},"properties":{"site":"brescia","name":null,"category":"other","historic":null,"building":"yes","osm_id":165504403}},{"type":"Feature","geometry":{"type":"Polygon","coordinates":[[[10.2167457,45.5393802],[10.2167331,45.5393062],[10.2167213,45.5392365],[10.2167064,45.5391489],[10.2167968,45.5391407],[10.2168811,45.539133],[10.2169267,45.5391289],[10.2169627,45.5391256],[10.2170813,45.5391148],[10.2171209,45.5391112],[10.2171668,45.5393341],[10.2171746,45.5393721],[10.2171813,45.539405],[10.217187,45.5394326],[10.2171948,45.5394703],[10.2172114,45.5395171],[10.2171014,45.5395302],[10.2170612,45.5393217],[10.2167457,45.5393802]]]},"properties":{"site":"brescia","name":null,"category":"other","historic":null,"building":"yes","osm_id":165504405}},{"type":"Feature","geometry":{"type":"Polygon","coordinates":[[[10.2174229,45.5392324],[10.2175431,45.5392067],[10.2175138,45.539118],[10.2174808,45.5391227],[10.2173525,45.5391408],[10.2172644,45.5391533],[10.2172643,45.5391775],[10.217407,45.5391536],[10.2174229,45.5392324]]]},"properties":{"site":"brescia","name":null,"category":"other","historic":null,"building":"yes","osm_id":165504406}},{"type":"Feature","geometry":{"type":"Polygon","coordinates":[[[10.2168503,45.5398266],[10.2167689,45.5394855],[10.216758,45.5394479],[10.2167539,45.5394174],[10.2167457,45.5393802],[10.2170418,45.5393495],[10.2170741,45.5394792],[10.2168748,45.5395035],[10.2168858,45.5395475],[10.2169614,45.5395383],[10.2170005,45.5396954],[10.217114,45.5396816],[10.2170828,45.539556],[10.2172033,45.5395413],[10.2172167,45.5395951],[10.2172303,45.5396497],[10.2172384,45.5396823],[10.2171506,45.539693],[10.2171654,45.5397523],[10.2171739,45.5397804],[10.2170877,45.5397933],[10.2170078,45.5398046],[10.2169301,45.5398161],[10.2168503,45.5398266]]]},"properties":{"site":"brescia","name":null,"category":"other","historic":null,"building":"yes","osm_id":165504407}},{"type":"Feature","geometry":{"type":"Polygon","coordinates":[[[10.2172596,45.5398928],[10.2173122,45.5398951],[10.2174589,45.5398909],[10.2175314,45.5398916],[10.2176346,45.5398926],[10.2177438,45.5398937],[10.2177776,45.5399005],[10.2178493,45.539915],[10.2179114,45.5399276],[10.2182266,45.5399172],[10.2182468,45.5398843],[10.2183144,45.5398807],[10.2185445,45.5398684],[10.2187094,45.5398454],[10.2186759,45.5398022],[10.2185004,45.539818],[10.2183886,45.5398281],[10.2183057,45.5398355],[10.2182995,45.5398148],[10.2182897,45.5397825],[10.2182809,45.5397533],[10.2182763,45.5397378],[10.2183061,45.5397322],[10.2182709,45.5396279],[10.2182181,45.5396332],[10.218125,45.5396427],[10.2179645,45.5396589],[10.2178759,45.5396679],[10.2178051,45.539675],[10.2177495,45.5396806],[10.2176979,45.5396859],[10.2176315,45.5396926],[10.2175125,45.5397046],[10.2172677,45.5397294],[10.2172657,45.5397696],[10.2172616,45.5398523],[10.2172596,45.5398928]]]},"properties":{"site":"brescia","name":null,"category":"other","historic":null,"building":"yes","osm_id":165504408}},{"type":"Feature","geometry":{"type":"Polygon","coordinates":[[[10.2172927,45.5396961],[10.2172871,45.5396661],[10.2172726,45.5395893],[10.2172458,45.5394465],[10.2173565,45.5394288],[10.2174311,45.5394169],[10.2175398,45.5393996],[10.2176289,45.5393853],[10.2176708,45.5393787],[10.2177171,45.5393703],[10.2177767,45.5393607],[10.2178407,45.5393503],[10.2178737,45.539345],[10.2179249,45.5393367],[10.2179174,45.5393231],[10.2179115,45.5393123],[10.2179919,45.539301],[10.2179973,45.5393348],[10.2181046,45.5393198],[10.2180831,45.5392522],[10.2180161,45.5392672],[10.218,45.5392127],[10.2178457,45.5392631],[10.2178351,45.5392319],[10.2178187,45.5391838],[10.2178062,45.5391471],[10.2179468,45.5391172],[10.2179824,45.5391514],[10.218234,45.5390739],[10.218356,45.5390144],[10.2183871,45.5390891],[10.2184069,45.5391368],[10.2184213,45.5391714],[10.2184326,45.5391984],[10.2184374,45.53921],[10.2184471,45.5392334],[10.2184667,45.5392804],[10.2184785,45.5393233],[10.2184889,45.5393611],[10.2184963,45.5393881],[10.2185101,45.5394385],[10.2185271,45.5395004],[10.2185377,45.539539],[10.2184294,45.5395593],[10.2184082,45.5395633],[10.2182857,45.5395819],[10.2182216,45.5395917],[10.2181687,45.5395997],[10.2180568,45.539612],[10.2179592,45.5396228],[10.2178912,45.5396303],[10.2178342,45.5396366],[10.2177784,45.5396427],[10.2176721,45.5396544],[10.217551,45.5396678],[10.2174876,45.5396748],[10.2173911,45.5396853],[10.2172927,45.5396961]]]},"properties":{"site":"brescia","name":null,"category":"other","historic":null,"building":"yes","osm_id":165504409}},{"type":"Feature","geometry":{"type":"Polygon","coordinates":[[[10.2134911,45.5410028],[10.2136865,45.5409509],[10.2137982,45.5409212],[10.2139231,45.540888],[10.213755,45.5405291],[10.2137334,45.5405342],[10.2136917,45.5404307],[10.2135174,45.5404682],[10.2135631,45.5405744],[10.213527,45.5405826],[10.2133077,45.5406327],[10.2134911,45.5410028]]]},"properties":{"site":"brescia","name":null,"category":"other","historic":null,"building":"yes","osm_id":165504410}},{"type":"Feature","geometry":{"type":"Polygon","coordinates":[[[10.2183876,45.5397862],[10.2183776,45.5397576],[10.2183659,45.5397242],[10.2183259,45.5396096],[10.2183713,45.5396005],[10.2184282,45.5395891],[10.2185659,45.5395614],[10.2185771,45.5395894],[10.2185857,45.5396107],[10.2185942,45.5396318],[10.2186487,45.5397672],[10.2185968,45.5397636],[10.21857,45.5396716],[10.2184682,45.5396949],[10.2184615,45.5397753],[10.2183876,45.5397862]]]},"properties":{"site":"brescia","name":null,"category":"other","historic":null,"building":"yes","osm_id":165504411}},{"type":"Feature","geometry":{"type":"Polygon","coordinates":[[[10.2181592,45.5403634],[10.2183866,45.540352],[10.2184124,45.5406063],[10.2184796,45.5405851],[10.2186569,45.5405538],[10.2186961,45.540547],[10.2188395,45.5405221],[10.218836,45.540466],[10.2188328,45.540416],[10.2189575,45.5404019],[10.2189421,45.5403573],[10.2189033,45.5402451],[10.2188675,45.5401412],[10.2188466,45.5400808],[10.2188356,45.5400582],[10.2188155,45.5400167],[10.2187844,45.5399529],[10.2187456,45.5398731],[10.218566,45.5399201],[10.2182789,45.5399238],[10.2182507,45.5399633],[10.2179992,45.5399744],[10.2180099,45.5400961],[10.2176543,45.5401579],[10.2176454,45.5401263],[10.2179611,45.5400719],[10.2179496,45.5399767],[10.2178826,45.5399789],[10.2178136,45.5399811],[10.2177611,45.5399616],[10.2177049,45.5399408],[10.2176359,45.5399405],[10.2175528,45.53994],[10.2174641,45.5399396],[10.2173207,45.5399445],[10.2172611,45.5399435],[10.2172698,45.5399895],[10.2172778,45.5400318],[10.2172864,45.5400777],[10.2172954,45.5401254],[10.2173155,45.5402318],[10.2173286,45.5403012],[10.2173498,45.5404135],[10.2173588,45.5404615],[10.2173693,45.5405171],[10.2173774,45.5405602],[10.2173858,45.5406043],[10.2173965,45.5406612],[10.2174748,45.5406555],[10.2175983,45.5406466],[10.2176978,45.5406394],[10.2177833,45.5406332],[10.2178369,45.5406293],[10.2179094,45.5406241],[10.2179779,45.5406191],[10.2180709,45.5406124],[10.2181216,45.5406087],[10.218081,45.540284],[10.2181542,45.540284],[10.2181592,45.5403634]]]},"properties":{"site":"brescia","name":null,"category":"other","historic":null,"building":"apartments","osm_id":165504412}},{"type":"Feature","geometry":{"type":"Polygon","coordinates":[[[10.2119205,45.5414802],[10.2119108,45.541449],[10.2118971,45.5414051],[10.2118882,45.5413766],[10.211881,45.5413536],[10.211864,45.5412989],[10.2118514,45.5412584],[10.211838,45.5412154],[10.2118255,45.5411753],[10.2118106,45.5411277],[10.2118012,45.5410974],[10.2117841,45.5410426],[10.2117583,45.5409599],[10.2116842,45.5407221],[10.2116793,45.5407063],[10.211973,45.5406424],[10.2119012,45.5404472],[10.2116364,45.5404883],[10.2115741,45.540248],[10.2115424,45.5401189],[10.2115248,45.5400351],[10.2115081,45.539968],[10.211487,45.5398948],[10.2114653,45.5398379],[10.2114551,45.5397992],[10.2114209,45.5396691],[10.2114111,45.5396317],[10.2115797,45.5396173],[10.2118769,45.5395919],[10.2120375,45.5395782],[10.2122466,45.5395603],[10.2122788,45.5397068],[10.2116619,45.5397594],[10.211737,45.5401051],[10.2118818,45.5400788],[10.2120481,45.5405635],[10.2123053,45.5412807],[10.2123444,45.5413631],[10.2123221,45.5413692],[10.2122941,45.541377],[10.2122593,45.5413866],[10.212207,45.5414011],[10.212131,45.541422],[10.2120038,45.5414572],[10.2119205,45.5414802]]]},"properties":{"site":"brescia","name":null,"category":"other","historic":null,"building":"yes","osm_id":165504413}},{"type":"Feature","geometry":{"type":"Polygon","coordinates":[[[10.2172918,45.5394029],[10.2175158,45.5393694],[10.2178187,45.5393241],[10.2177858,45.5391989],[10.2173965,45.5392588],[10.2172866,45.5392359],[10.2172643,45.5391775],[10.2172644,45.5391533],[10.2171691,45.5391664],[10.2172078,45.539311],[10.2172304,45.5393089],[10.2172555,45.5393065],[10.2172635,45.5393277],[10.2172756,45.5393599],[10.2172862,45.5393881],[10.2172918,45.5394029]]]},"properties":{"site":"brescia","name":null,"category":"other","historic":null,"building":"yes","osm_id":165504414}},{"type":"Feature","geometry":{"type":"Polygon","coordinates":[[[10.212503,45.5413121],[10.2125244,45.5413052],[10.2125729,45.5412895],[10.2126176,45.541276],[10.2126551,45.5412648],[10.2127025,45.5412511],[10.2127507,45.5412336],[10.2128,45.5412188],[10.2128494,45.5412023],[10.2128791,45.5411929],[10.2128567,45.5411309],[10.2128423,45.5410912],[10.2128299,45.5410572],[10.2128184,45.5410254],[10.212802,45.5409801],[10.2127588,45.5408607],[10.2127311,45.5407843],[10.2127035,45.5407081],[10.2126891,45.5406684],[10.2126775,45.5406363],[10.2126661,45.5406048],[10.2126405,45.5405421],[10.2126353,45.5405198],[10.2126198,45.5404736],[10.2125878,45.5403886],[10.2125729,45.5403475],[10.2125591,45.5403095],[10.212547,45.540276],[10.2125343,45.5402411],[10.2125215,45.5402055],[10.2125101,45.5401742],[10.2124936,45.5401287],[10.2124541,45.5400196],[10.2124091,45.5398955],[10.2123821,45.5398208],[10.2123627,45.5397673],[10.2122317,45.5397906],[10.2124281,45.5403326],[10.2121061,45.5404091],[10.212503,45.5413121]]]},"properties":{"site":"brescia","name":null,"category":"other","historic":null,"building":"yes","osm_id":165504415}},{"type":"Feature","geometry":{"type":"Polygon","coordinates":[[[10.2166575,45.5398642],[10.2166492,45.5398282],[10.2166362,45.5397716],[10.2166079,45.5396487],[10.2166,45.5396143],[10.216577,45.5395146],[10.2165574,45.5394295],[10.2165395,45.5393413],[10.2165162,45.5392505],[10.2164986,45.5391739],[10.2166519,45.5391566],[10.2166882,45.5393149],[10.2166247,45.5393221],[10.2166433,45.5394027],[10.2167081,45.5393954],[10.2167264,45.5394775],[10.2167443,45.5395574],[10.216808,45.539843],[10.216787,45.539846],[10.2167419,45.5398523],[10.2166972,45.5398586],[10.2166575,45.5398642]]]},"properties":{"site":"brescia","name":null,"category":"other","historic":null,"building":"yes","osm_id":165504416}},{"type":"Feature","geometry":{"type":"Polygon","coordinates":[[[10.213413,45.5402669],[10.2132785,45.5402957],[10.2131469,45.5403239],[10.2131003,45.5402171],[10.2132386,45.5401875],[10.2132506,45.5402151],[10.2133339,45.5401973],[10.2133125,45.5401482],[10.213357,45.5401387],[10.213413,45.5402669]]]},"properties":{"site":"brescia","name":null,"category":"other","historic":null,"building":"yes","osm_id":165504417}},{"type":"Feature","geometry":{"type":"Polygon","coordinates":[[[10.2219312,45.5402366],[10.2219118,45.5401254],[10.2220831,45.5401134],[10.2220687,45.5400045],[10.2218904,45.5400255],[10.2218676,45.5399249],[10.2221789,45.5398765],[10.2222626,45.5398635],[10.2223077,45.5398565],[10.2223531,45.5398827],[10.2224118,45.5401353],[10.2222853,45.5401528],[10.2222775,45.5401125],[10.2222489,45.5401152],[10.222245,45.5400967],[10.2222333,45.5400415],[10.2222575,45.5400381],[10.2222455,45.5399795],[10.2221721,45.5399891],[10.2221793,45.5400459],[10.2221863,45.5401015],[10.2221933,45.5401569],[10.2221723,45.5401735],[10.2221377,45.5401817],[10.2221265,45.5402682],[10.222046,45.5402633],[10.2220446,45.5402351],[10.2219312,45.5402366]]]},"properties":{"site":"brescia","name":null,"category":"other","historic":null,"building":"yes","osm_id":165511139}},{"type":"Feature","geometry":{"type":"Polygon","coordinates":[[[10.2250599,45.5405058],[10.2253281,45.5405433],[10.2253254,45.5404062],[10.2252074,45.5404099],[10.225194,45.5404644],[10.2250894,45.5404795],[10.2250599,45.5405058]]]},"properties":{"site":"brescia","name":null,"category":"other","historic":null,"building":"yes","osm_id":165511141}},{"type":"Feature","geometry":{"type":"Polygon","coordinates":[[[10.2256982,45.5405508],[10.2257438,45.5404588],[10.2259048,45.5404325],[10.2257921,45.5403761],[10.2258538,45.5402784],[10.2260255,45.5403273],[10.2260067,45.5405997],[10.2256982,45.5405508]]]},"properties":{"site":"brescia","name":null,"category":"other","historic":null,"building":"yes","osm_id":165511142}},{"type":"Feature","geometry":{"type":"Polygon","coordinates":[[[10.2241513,45.5403306],[10.2243021,45.5403305],[10.2242908,45.5401907],[10.2241386,45.540191],[10.2241513,45.5403306]]]},"properties":{"site":"brescia","name":null,"category":"other","historic":null,"building":"yes","osm_id":165511143}},{"type":"Feature","geometry":{"type":"Polygon","coordinates":[[[10.2235286,45.5406366],[10.2235281,45.540601],[10.2235274,45.5405425],[10.223703,45.5405413],[10.223704,45.540612],[10.2238077,45.5406113],[10.2238061,45.5404863],[10.2240192,45.540485],[10.2240197,45.5405243],[10.2243535,45.5405222],[10.2243532,45.5404995],[10.2244684,45.5404987],[10.2244687,45.5405193],[10.2244697,45.5405984],[10.2243833,45.540599],[10.2243837,45.5406303],[10.2242575,45.5406312],[10.2242586,45.5407205],[10.2241206,45.5407214],[10.2241185,45.5405616],[10.2239591,45.5405627],[10.2239601,45.5406338],[10.2235286,45.5406366]]]},"properties":{"site":"brescia","name":null,"category":"other","historic":null,"building":"yes","osm_id":165511144}},{"type":"Feature","geometry":{"type":"Polygon","coordinates":[[[10.2292702,45.5408246],[10.2292586,45.5406979],[10.2300565,45.540662],[10.2300978,45.5411125],[10.2304623,45.5410961],[10.2304601,45.5410722],[10.2305866,45.5410665],[10.2305995,45.5412073],[10.2299537,45.5412364],[10.2299132,45.5407954],[10.2297034,45.5408049],[10.2297098,45.5408745],[10.2296039,45.5408793],[10.2295975,45.5408099],[10.2292702,45.5408246]]]},"properties":{"site":"brescia","name":null,"category":"other","historic":null,"building":"yes","osm_id":165511145}},{"type":"Feature","geometry":{"type":"Polygon","coordinates":[[[10.2289006,45.5408451],[10.2288729,45.5406304],[10.2289943,45.5406227],[10.2290053,45.5407078],[10.2292139,45.5406945],[10.2292307,45.5408242],[10.2289006,45.5408451]]]},"properties":{"site":"brescia","name":null,"category":"other","historic":null,"building":"yes","osm_id":165511146}},{"type":"Feature","geometry":{"type":"Polygon","coordinates":[[[10.2282426,45.5409673],[10.2282803,45.5409209],[10.2282276,45.5408999],[10.2283039,45.5408059],[10.2284722,45.5408729],[10.2283581,45.5410133],[10.2282426,45.5409673]]]},"properties":{"site":"brescia","name":null,"category":"other","historic":null,"building":"yes","osm_id":165511150}},{"type":"Feature","geometry":{"type":"Polygon","coordinates":[[[10.2272357,45.5399546],[10.2272287,45.5398789],[10.2270284,45.5398855],[10.2270299,45.539927],[10.2270059,45.5400018],[10.2271038,45.5400212],[10.2272158,45.5400351],[10.2272357,45.5399546]]]},"properties":{"site":"brescia","name":null,"category":"other","historic":null,"building":"yes","osm_id":165511151}},{"type":"Feature","geometry":{"type":"Polygon","coordinates":[[[10.2285393,45.5412863],[10.228309,45.5411424],[10.2284132,45.5410606],[10.2286435,45.5412044],[10.2285393,45.5412863]]]},"properties":{"site":"brescia","name":null,"category":"other","historic":null,"building":"yes","osm_id":165511152}},{"type":"Feature","geometry":{"type":"Polygon","coordinates":[[[10.2263464,45.5398498],[10.2264232,45.539843],[10.2263954,45.5396902],[10.2263933,45.5396904],[10.226348,45.5396944],[10.2263388,45.5396439],[10.2262726,45.5396498],[10.2260927,45.5396658],[10.226117,45.5398001],[10.2262125,45.5397916],[10.2262435,45.5399619],[10.2262785,45.5399588],[10.2263648,45.5399511],[10.2263464,45.5398498]]]},"properties":{"site":"brescia","name":"Palazzo Maggi Gambara","category":"other","historic":"yes","building":"palace","osm_id":165511153}},{"type":"Feature","geometry":{"type":"Polygon","coordinates":[[[10.2255674,45.5401455],[10.2255456,45.5400186],[10.2255449,45.5400148],[10.2256022,45.5400103],[10.2256261,45.5400084],[10.2256493,45.5400065],[10.2257576,45.5399979],[10.2257899,45.5399953],[10.2258222,45.5399927],[10.2259336,45.5399838],[10.2259569,45.5399819],[10.2259799,45.5399801],[10.2260201,45.5399769],[10.226043,45.5401043],[10.2259098,45.5401159],[10.2259134,45.5401389],[10.2257156,45.5401571],[10.2257102,45.5401333],[10.2255674,45.5401455]]]},"properties":{"site":"brescia","name":"Capitolium","category":"temple","historic":null,"building":"yes","osm_id":165511154}},{"type":"Feature","geometry":{"type":"Polygon","coordinates":[[[10.2280264,45.5403761],[10.2278785,45.5401567],[10.2280875,45.540139],[10.22808,45.5402897],[10.2284877,45.5403123],[10.2284716,45.5400605],[10.2286487,45.5400267],[10.2287559,45.5404099],[10.2288257,45.5407368],[10.2287238,45.5407519],[10.2287077,45.5406579],[10.2285575,45.5406692],[10.2284716,45.5405865],[10.2286755,45.5405602],[10.2286487,45.5404325],[10.2282195,45.5404212],[10.2285896,45.5408007],[10.228536,45.5408458],[10.2280264,45.5403761]]]},"properties":{"site":"brescia","name":null,"category":"other","historic":null,"building":"yes","osm_id":165511155}},{"type":"Feature","geometry":{"type":"Polygon","coordinates":[[[10.224667,45.5395841],[10.2248566,45.5395631],[10.224882,45.5396755],[10.2246923,45.5396964],[10.224667,45.5395841]]]},"properties":{"site":"brescia","name":"Palazzo Uggeri","category":"other","historic":"yes","building":"palace","osm_id":165511156}},{"type":"Feature","geometry":{"type":"Polygon","coordinates":[[[10.2198382,45.5401666],[10.2196679,45.5401793],[10.2196527,45.5401193],[10.2196498,45.540108],[10.2196354,45.5400356],[10.2196576,45.5400324],[10.2198106,45.5400106],[10.2198382,45.5401666]]]},"properties":{"site":"brescia","name":null,"category":"other","historic":null,"building":"apartments","osm_id":165511157}},{"type":"Feature","geometry":{"type":"Polygon","coordinates":[[[10.2270555,45.5398583],[10.2270413,45.5397025],[10.2271971,45.5396956],[10.22721,45.5398375],[10.2272113,45.5398513],[10.2270555,45.5398583]]]},"properties":{"site":"brescia","name":null,"category":"other","historic":null,"building":"yes","osm_id":165511158}},{"type":"Feature","geometry":{"type":"Polygon","coordinates":[[[10.2291744,45.5411952],[10.2291475,45.5409566],[10.228831,45.5409717],[10.228646,45.5407988],[10.2287543,45.5407919],[10.2288525,45.540904],[10.2293105,45.5408816],[10.2293447,45.5411861],[10.2291744,45.5411952]]]},"properties":{"site":"brescia","name":null,"category":"other","historic":null,"building":"yes","osm_id":165511159}},{"type":"Feature","geometry":{"type":"Polygon","coordinates":[[[10.2254461,45.5405696],[10.2254595,45.5405208],[10.2253737,45.540517],[10.2253844,45.5404588],[10.2256365,45.5404682],[10.2256124,45.540594],[10.2255657,45.5405872],[10.2254461,45.5405696]]]},"properties":{"site":"brescia","name":null,"category":"other","historic":null,"building":"yes","osm_id":165511162}},{"type":"Feature","geometry":{"type":"Polygon","coordinates":[[[10.2240777,45.5404346],[10.2241075,45.5404363],[10.2245797,45.5404682],[10.2245261,45.5404005],[10.2241522,45.5403544],[10.2241192,45.5403503],[10.2240884,45.5403479],[10.2240777,45.5404346]]]},"properties":{"site":"brescia","name":null,"category":"other","historic":null,"building":"yes","osm_id":165511164}},{"type":"Feature","geometry":{"type":"Polygon","coordinates":[[[10.2227773,45.5403517],[10.2227344,45.5402146],[10.2227756,45.5402082],[10.2228234,45.5402007],[10.2229141,45.5401864],[10.2229731,45.5403673],[10.2229749,45.5403735],[10.2227773,45.5403517]]]},"properties":{"site":"brescia","name":null,"category":"other","historic":null,"building":"yes","osm_id":165511169}},{"type":"Feature","geometry":{"type":"Polygon","coordinates":[[[10.2278493,45.5401012],[10.2277739,45.5399661],[10.2278075,45.5399633],[10.2278405,45.5399606],[10.2283872,45.5399044],[10.2284028,45.5399613],[10.2284139,45.5400017],[10.2284264,45.540046],[10.2278493,45.5401012]]]},"properties":{"site":"brescia","name":null,"category":"other","historic":null,"building":"yes","osm_id":165511171}},{"type":"Feature","geometry":{"type":"Polygon","coordinates":[[[10.2274192,45.5398164],[10.2274164,45.5397926],[10.2274581,45.5397902],[10.2274519,45.5397377],[10.227388,45.5397414],[10.2273839,45.5397067],[10.2276484,45.5396915],[10.2276596,45.5398014],[10.2274192,45.5398164]]]},"properties":{"site":"brescia","name":null,"category":"other","historic":null,"building":"yes","osm_id":165511172}},{"type":"Feature","geometry":{"type":"Polygon","coordinates":[[[10.2288599,45.5415838],[10.2287759,45.5415221],[10.2288605,45.5414656],[10.2287891,45.5414131],[10.2289351,45.5413156],[10.2290906,45.5414298],[10.2288599,45.5415838]]]},"properties":{"site":"brescia","name":null,"category":"other","historic":null,"building":"yes","osm_id":165511173}},{"type":"Feature","geometry":{"type":"Polygon","coordinates":[[[10.227083,45.5396542],[10.2270072,45.539657],[10.2266063,45.5396718],[10.2266001,45.5395904],[10.2265452,45.5395924],[10.2263953,45.5395979],[10.2263872,45.5394902],[10.22649,45.5394864],[10.2265891,45.5394828],[10.2266557,45.5394803],[10.2266606,45.5395457],[10.2267384,45.5395428],[10.226733,45.53947],[10.2270682,45.5394576],[10.227077,45.5395742],[10.227083,45.5396542]]]},"properties":{"site":"brescia","name":null,"category":"other","historic":null,"building":"apartments","osm_id":165511175}},{"type":"Feature","geometry":{"type":"Polygon","coordinates":[[[10.227629,45.5410919],[10.2277527,45.541002],[10.2279221,45.5411164],[10.2277984,45.5412063],[10.227629,45.5410919]]]},"properties":{"site":"brescia","name":null,"category":"other","historic":null,"building":"yes","osm_id":165511176}},{"type":"Feature","geometry":{"type":"Polygon","coordinates":[[[10.2228524,45.540564],[10.2227082,45.5405895],[10.222721,45.5404062],[10.2229463,45.540425],[10.222957,45.5404964],[10.2228444,45.5405039],[10.2228524,45.540564]]]},"properties":{"site":"brescia","name":null,"category":"other","historic":null,"building":"yes","osm_id":165511596}},{"type":"Feature","geometry":{"type":"Polygon","coordinates":[[[10.2203794,45.5420462],[10.2204679,45.5420425],[10.2204921,45.5420932],[10.2204572,45.5420988],[10.2204786,45.5421608],[10.2207093,45.5421157],[10.2206557,45.542003],[10.2206047,45.5420049],[10.2205967,45.5419786],[10.2205564,45.5419786],[10.2205537,45.5419316],[10.2204679,45.5419354],[10.220476,45.5419992],[10.2204196,45.5420105],[10.2203499,45.5418865],[10.2200468,45.5419598],[10.2200817,45.5420425],[10.2202077,45.5420162],[10.2202319,45.5420781],[10.2199932,45.5420988],[10.2199268,45.5421143],[10.2196311,45.5421833],[10.2195747,45.5420425],[10.2195721,45.5419501],[10.219571,45.5419136],[10.219568,45.5418544],[10.2195671,45.5418074],[10.2195654,45.5417175],[10.2195739,45.5417154],[10.219632,45.5417011],[10.2198809,45.5416397],[10.2199021,45.541635],[10.2200031,45.5416125],[10.2201374,45.5415827],[10.2201555,45.5416467],[10.2201621,45.5416724],[10.220236,45.5416589],[10.2203083,45.5416479],[10.2203258,45.5416954],[10.220382,45.5416869],[10.2204545,45.5416724],[10.2205645,45.5419016],[10.2206154,45.5419091],[10.2206154,45.5419354],[10.2206744,45.541926],[10.2206235,45.5418114],[10.220767,45.5417757],[10.2209547,45.5421308],[10.220476,45.5422153],[10.2204545,45.5421909],[10.2198027,45.542343],[10.2197714,45.5423186],[10.2197334,45.5422889],[10.2196847,45.542251],[10.2199475,45.5421758],[10.219961,45.542204],[10.2204009,45.5421044],[10.2203794,45.5420462]]]},"properties":{"site":"brescia","name":null,"category":"other","historic":null,"building":"yes","osm_id":165511597}},{"type":"Feature","geometry":{"type":"Polygon","coordinates":[[[10.2202672,45.5435899],[10.220228,45.5435954],[10.2201917,45.5435069],[10.2202303,45.543498],[10.2202181,45.5434716],[10.220188,45.5434069],[10.2202345,45.5433939],[10.2202717,45.5433837],[10.2203472,45.5433631],[10.2203579,45.5433913],[10.2204599,45.5433744],[10.2204401,45.5433395],[10.2203444,45.5431985],[10.2203739,45.5432127],[10.2205185,45.543179],[10.2205323,45.5432166],[10.2210696,45.5430386],[10.2214954,45.5428958],[10.2217053,45.543172],[10.2215376,45.5432066],[10.2214934,45.5431276],[10.2213477,45.5431658],[10.2215006,45.5433856],[10.2211894,45.5434758],[10.2211492,45.5433969],[10.2213128,45.5433518],[10.2212672,45.5432842],[10.221117,45.5433349],[10.2210821,45.5432785],[10.2210205,45.5433011],[10.221066,45.5433894],[10.2209614,45.5434157],[10.2208837,45.5432729],[10.2207674,45.5433082],[10.220841,45.543436],[10.2202672,45.5435899]]]},"properties":{"site":"brescia","name":null,"category":"other","historic":null,"building":"yes","osm_id":165511598}},{"type":"Feature","geometry":{"type":"Polygon","coordinates":[[[10.2196778,45.5411897],[10.2195712,45.5412063],[10.2195782,45.5412706],[10.2195824,45.5412936],[10.2194517,45.5412994],[10.2194532,45.5412825],[10.2194573,45.5412373],[10.2194661,45.5411932],[10.2194757,45.5411452],[10.2194874,45.5410868],[10.2196334,45.5410804],[10.2196778,45.5411897]]]},"properties":{"site":"brescia","name":null,"category":"other","historic":null,"building":"yes","osm_id":165511599}},{"type":"Feature","geometry":{"type":"Polygon","coordinates":[[[10.2202557,45.5404582],[10.2200866,45.5404625],[10.220042,45.540479],[10.2199769,45.5404974],[10.2199808,45.5405978],[10.2199154,45.5405993],[10.2199176,45.540647],[10.2199693,45.5406459],[10.219971,45.5406823],[10.2200093,45.5406815],[10.2201528,45.5406783],[10.2202611,45.5406757],[10.2203085,45.5406751],[10.2203062,45.5405835],[10.2202588,45.540584],[10.2202557,45.5404582]]]},"properties":{"site":"brescia","name":null,"category":"other","historic":null,"building":"yes","osm_id":165511600}},{"type":"Feature","geometry":{"type":"Polygon","coordinates":[[[10.2218001,45.5438375],[10.2216346,45.5435346],[10.2218734,45.5434439],[10.2216909,45.543232],[10.2217437,45.5432029],[10.2220863,45.5435537],[10.222261,45.5437647],[10.2224333,45.5439763],[10.2223007,45.5440171],[10.2223119,45.5440304],[10.2219431,45.5441352],[10.221898,45.5439465],[10.222021,45.5439241],[10.222028,45.5439949],[10.2222843,45.543947],[10.2221297,45.5437536],[10.2218001,45.5438375]]]},"properties":{"site":"brescia","name":null,"category":"other","historic":null,"building":"apartments","osm_id":165511601}},{"type":"Feature","geometry":{"type":"Polygon","coordinates":[[[10.2203274,45.5437648],[10.2202892,45.5436527],[10.2203979,45.5436308],[10.2204863,45.5436144],[10.2207013,45.5435716],[10.2207599,45.5436882],[10.2203274,45.5437648]]]},"properties":{"site":"brescia","name":null,"category":"other","historic":null,"building":"yes","osm_id":165511602}},{"type":"Feature","geometry":{"type":"Polygon","coordinates":[[[10.2196738,45.5407726],[10.2197116,45.5409403],[10.2198409,45.5409197],[10.2198277,45.5408765],[10.2197954,45.5408816],[10.2197902,45.5408591],[10.2198136,45.5408555],[10.2198056,45.5408301],[10.2197766,45.540687],[10.2198721,45.5406811],[10.2199035,45.5408177],[10.2199591,45.540977],[10.2197528,45.5410082],[10.2197557,45.5410191],[10.2197213,45.5410242],[10.2195491,45.5410498],[10.2195457,45.5410326],[10.2195393,45.5409997],[10.2195311,45.5409571],[10.2195246,45.5409236],[10.2195187,45.5408934],[10.2195061,45.5408285],[10.2194984,45.5407891],[10.2196738,45.5407726]]]},"properties":{"site":"brescia","name":null,"category":"other","historic":null,"building":"yes","osm_id":165511604}},{"type":"Feature","geometry":{"type":"Polygon","coordinates":[[[10.2205848,45.5417804],[10.2205244,45.5416631],[10.2206999,45.5416416],[10.2207404,45.541744],[10.2205848,45.5417804]]]},"properties":{"site":"brescia","name":null,"category":"other","historic":null,"building":"apartments","osm_id":165511606}},{"type":"Feature","geometry":{"type":"Polygon","coordinates":[[[10.2219565,45.5404419],[10.2219543,45.5403268],[10.221983,45.5402999],[10.2221647,45.5403098],[10.2226593,45.5403742],[10.2226405,45.5404926],[10.2224922,45.5404887],[10.2224344,45.5404745],[10.2221341,45.540467],[10.222119,45.5405646],[10.2219512,45.5405715],[10.2219565,45.5404419]]]},"properties":{"site":"brescia","name":null,"category":"other","historic":null,"building":"yes","osm_id":165511607}},{"type":"Feature","geometry":{"type":"Polygon","coordinates":[[[10.2213481,45.5419133],[10.2212286,45.5416854],[10.2213817,45.5416461],[10.2214176,45.5417146],[10.2217524,45.5416285],[10.2218288,45.5417743],[10.2216201,45.541828],[10.2216014,45.5417924],[10.2214627,45.5418281],[10.2214884,45.5418772],[10.2213481,45.5419133]]]},"properties":{"site":"brescia","name":null,"category":"other","historic":null,"building":"yes","osm_id":165511608}},{"type":"Feature","geometry":{"type":"Polygon","coordinates":[[[10.2210942,45.5427279],[10.2209756,45.5425472],[10.2209432,45.5425049],[10.2207615,45.5422732],[10.220567,45.5423029],[10.2205397,45.5422323],[10.2209576,45.542155],[10.2209931,45.5422188],[10.2209039,45.5422417],[10.2209185,45.5422696],[10.2209971,45.5422494],[10.2212857,45.5426597],[10.2210942,45.5427279]]]},"properties":{"site":"brescia","name":null,"category":"other","historic":null,"building":"yes","osm_id":165511613}},{"type":"Feature","geometry":{"type":"Polygon","coordinates":[[[10.2171056,45.5419749],[10.2174141,45.5419129],[10.217404,45.5418771],[10.217386,45.5418137],[10.2173686,45.5417523],[10.2173551,45.5417044],[10.2172214,45.5417336],[10.2172612,45.5418415],[10.2171941,45.5418584],[10.2171807,45.5418303],[10.2170037,45.5418735],[10.2170118,45.5418941],[10.2170681,45.5419862],[10.2171056,45.5419749]]]},"properties":{"site":"brescia","name":null,"category":"other","historic":null,"building":"yes","osm_id":165725156}},{"type":"Feature","geometry":{"type":"Polygon","coordinates":[[[10.2166282,45.5420557],[10.2166052,45.5420144],[10.2165731,45.541957],[10.2165463,45.541909],[10.2165212,45.5418642],[10.2164942,45.5418159],[10.2164722,45.5417764],[10.2164499,45.5417365],[10.2164266,45.5416981],[10.2164074,45.5416635],[10.2163848,45.5416229],[10.2163431,45.5415479],[10.2162849,45.5414545],[10.2166575,45.5413865],[10.2166899,45.5414733],[10.2164981,45.5415184],[10.2165397,45.5416029],[10.2166188,45.5415832],[10.2166409,45.5416241],[10.2167381,45.5416029],[10.2167784,45.5416668],[10.2168864,45.5416414],[10.2168696,45.5416123],[10.2169668,45.5415888],[10.216942,45.541541],[10.2170923,45.5415081],[10.2170815,45.5414865],[10.2170064,45.5414996],[10.2169903,45.5414451],[10.2171754,45.5414151],[10.2172354,45.5414163],[10.2172692,45.541417],[10.2173551,45.5417044],[10.2172214,45.5417336],[10.2171485,45.5417495],[10.2170949,45.5416292],[10.2168455,45.5416912],[10.216875,45.541757],[10.2170127,45.5417273],[10.2170252,45.5417795],[10.2168911,45.5418134],[10.216942,45.5419092],[10.2170118,45.5418941],[10.2170681,45.5419862],[10.2166825,45.5420471],[10.2166282,45.5420557]]]},"properties":{"site":"brescia","name":null,"category":"other","historic":null,"building":"yes","osm_id":165725159}},{"type":"Feature","geometry":{"type":"Polygon","coordinates":[[[10.2174481,45.5418915],[10.2173955,45.5417008],[10.2176474,45.5416497],[10.2179765,45.5415829],[10.2183279,45.5415086],[10.2184936,45.541487],[10.2185206,45.5415079],[10.2185499,45.5415067],[10.218617,45.5416005],[10.2184602,45.5416464],[10.2182882,45.5416823],[10.2180466,45.5417566],[10.2179294,45.5417797],[10.2177738,45.5417977],[10.2177197,45.5418133],[10.2176683,45.5418281],[10.2175971,45.5418486],[10.217538,45.5418656],[10.2174481,45.5418915]]]},"properties":{"site":"brescia","name":null,"category":"other","historic":null,"building":"yes","osm_id":165725161}},{"type":"Feature","geometry":{"type":"Polygon","coordinates":[[[10.2186385,45.5415367],[10.2185554,45.5413481],[10.2187471,45.5413174],[10.2187577,45.5413553],[10.2186553,45.54137],[10.2186707,45.5414085],[10.2187687,45.5413944],[10.218774,45.5414132],[10.2190073,45.5413832],[10.2189937,45.541274],[10.2191277,45.5412646],[10.2191785,45.541485],[10.2190566,45.5414967],[10.2190042,45.5415017],[10.2189049,45.5415112],[10.218738,45.5415272],[10.2186385,45.5415367]]]},"properties":{"site":"brescia","name":null,"category":"other","historic":null,"building":"yes","osm_id":165725162}},{"type":"Feature","geometry":{"type":"Polygon","coordinates":[[[10.2153716,45.5422591],[10.2153638,45.5422271],[10.2153534,45.5421845],[10.2153381,45.5421216],[10.215303,45.5419773],[10.2152903,45.5419252],[10.2152789,45.5418785],[10.2152673,45.5418307],[10.2152423,45.5417478],[10.2152229,45.5416538],[10.2152114,45.5416119],[10.2152011,45.5415729],[10.215189,45.541523],[10.2151778,45.5414761],[10.2151713,45.5414488],[10.2151644,45.5414197],[10.2151573,45.5413899],[10.2151409,45.5413212],[10.2151189,45.541229],[10.2150859,45.5410903],[10.2150735,45.5410385],[10.2150619,45.5409896],[10.2150486,45.5409338],[10.2150326,45.5408667],[10.2150122,45.5407829],[10.2151047,45.5407805],[10.2152094,45.5407808],[10.2152763,45.540779],[10.2153112,45.5407781],[10.2153756,45.5407764],[10.2154292,45.540775],[10.215468,45.540774],[10.2155111,45.5407729],[10.2155929,45.5407707],[10.2156652,45.5407688],[10.215735,45.540767],[10.2157672,45.5409123],[10.2157731,45.5409323],[10.215779,45.540951],[10.2157856,45.5409763],[10.2157905,45.540998],[10.2157958,45.5410287],[10.2158126,45.541059],[10.215819,45.5410675],[10.2158409,45.5411296],[10.2162519,45.5421009],[10.2161676,45.5421167],[10.2159857,45.5421508],[10.2158874,45.5421692],[10.2157511,45.541834],[10.2159818,45.5418002],[10.2159281,45.5417025],[10.2158262,45.5417175],[10.2157297,45.5414545],[10.2158262,45.541447],[10.2157082,45.5411803],[10.2155526,45.5412028],[10.2155956,45.5413531],[10.2153917,45.5413756],[10.2154561,45.5415485],[10.2155848,45.5415372],[10.2156116,45.5416462],[10.2154346,45.5416649],[10.21544,45.5417514],[10.2153702,45.5417589],[10.2153756,45.5418227],[10.2156492,45.5417852],[10.2158155,45.5421759],[10.2157579,45.5421867],[10.2157035,45.5421969],[10.2155951,45.5422172],[10.2153716,45.5422591]]]},"properties":{"site":"brescia","name":null,"category":"other","historic":null,"building":"yes","osm_id":165725163}},{"type":"Feature","geometry":{"type":"Polygon","coordinates":[[[10.2163385,45.5421083],[10.2160059,45.5413569],[10.2158825,45.5410506],[10.2159523,45.5410375],[10.2160075,45.5411391],[10.216019,45.5411604],[10.2160314,45.5411832],[10.2160495,45.5412167],[10.2160671,45.541249],[10.2160892,45.5412868],[10.2161077,45.5413216],[10.2161337,45.5413691],[10.2161615,45.5414196],[10.216187,45.5414647],[10.2162094,45.5415074],[10.2162256,45.5415417],[10.21624,45.5415683],[10.2162574,45.5416004],[10.2162746,45.5416321],[10.2162913,45.5416629],[10.2163576,45.5417852],[10.2163734,45.5418089],[10.2163859,45.5418376],[10.2164006,45.5418657],[10.2164155,45.5418969],[10.2164311,45.5419282],[10.216446,45.5419623],[10.2164577,45.5419858],[10.2164746,45.5420195],[10.2165048,45.5420801],[10.2164391,45.5420912],[10.2163964,45.5420985],[10.2163665,45.5421036],[10.2163385,45.5421083]]]},"properties":{"site":"brescia","name":null,"category":"other","historic":null,"building":"yes","osm_id":165725164}},{"type":"Feature","geometry":{"type":"Polygon","coordinates":[[[10.2178261,45.5410728],[10.218159,45.5410288],[10.2181796,45.5410261],[10.2181558,45.5409253],[10.2180877,45.5409301],[10.2180749,45.5408588],[10.217805,45.5408777],[10.2177959,45.5408327],[10.2176552,45.5408454],[10.2176509,45.5408458],[10.2174685,45.5408631],[10.2174621,45.540833],[10.2173995,45.5408395],[10.2173944,45.5408155],[10.2173286,45.5408223],[10.2172848,45.5408257],[10.217292,45.5408913],[10.2171554,45.5409135],[10.2171485,45.5408744],[10.2171429,45.5408422],[10.2171436,45.5408286],[10.2171477,45.5407498],[10.2172266,45.5407387],[10.2172867,45.5407302],[10.2173493,45.5407214],[10.2174425,45.5407076],[10.2175284,45.5406968],[10.2176043,45.5406865],[10.217636,45.5406849],[10.2176501,45.540683],[10.2177105,45.5406795],[10.2177629,45.5406764],[10.2178231,45.5406728],[10.2178621,45.5406705],[10.2179038,45.5406681],[10.2179494,45.5406654],[10.2180403,45.540664],[10.2180846,45.5406623],[10.2181289,45.5406607],[10.218169,45.5406592],[10.2181989,45.5406581],[10.2183608,45.5411197],[10.2184725,45.5413709],[10.218487,45.5414562],[10.2184033,45.541465],[10.21838,45.5414675],[10.2183175,45.5414795],[10.2182442,45.5414939],[10.2181845,45.5415074],[10.2181227,45.5415172],[10.2180645,45.5415271],[10.2180106,45.5415388],[10.2179722,45.5415475],[10.2179172,45.5415567],[10.2178708,45.5415679],[10.2178188,45.5415765],[10.2177679,45.5415864],[10.2177217,45.5415949],[10.2176866,45.5416016],[10.2176497,45.5416087],[10.2175753,45.5416229],[10.2175108,45.5416353],[10.2174016,45.5416562],[10.2173933,45.5416269],[10.2173831,45.5415909],[10.2173701,45.541545],[10.2173622,45.5415168],[10.2173586,45.5415042],[10.2174956,45.5414858],[10.2175012,45.5415025],[10.2175118,45.5415342],[10.2182756,45.5413988],[10.218195,45.5411747],[10.2181096,45.5411863],[10.2180976,45.5411402],[10.2180294,45.5411477],[10.2179413,45.5411592],[10.2178393,45.5411701],[10.2178241,45.5411091],[10.2178261,45.5410728]]]},"properties":{"site":"brescia","name":null,"category":"other","historic":null,"building":"yes","osm_id":165725165}},{"type":"Feature","geometry":{"type":"Polygon","coordinates":[[[10.2162849,45.5414545],[10.2162813,45.5414369],[10.2162525,45.541385],[10.2162237,45.5413334],[10.2161923,45.5412769],[10.2161763,45.5412481],[10.2161582,45.5412156],[10.2161402,45.5411832],[10.2161199,45.5411513],[10.2161016,45.5411178],[10.2160886,45.5410938],[10.2160634,45.5410475],[10.2160432,45.5410104],[10.2160336,45.5409928],[10.2160279,45.5409823],[10.2160235,45.5409742],[10.2160129,45.5409548],[10.2160018,45.5409344],[10.2159921,45.5409165],[10.2159761,45.5408872],[10.2159281,45.5407989],[10.2160034,45.5407968],[10.2160487,45.5407956],[10.2160945,45.5407943],[10.216179,45.5407927],[10.2162205,45.5407919],[10.2162635,45.5407911],[10.2163037,45.5407903],[10.2163546,45.5407893],[10.2164498,45.5407875],[10.2165463,45.5407856],[10.2166375,45.5407838],[10.2167113,45.5407828],[10.2167904,45.540781],[10.216832,45.5407801],[10.2168587,45.5407787],[10.2168867,45.5407773],[10.2169164,45.5407758],[10.2169606,45.5407735],[10.217025,45.5407702],[10.2170869,45.540767],[10.2170988,45.5408217],[10.2171059,45.5408548],[10.217116,45.5409013],[10.2171258,45.5409463],[10.2171354,45.5409908],[10.2171435,45.5410282],[10.2171533,45.5410732],[10.2171652,45.5411282],[10.2171802,45.5411974],[10.2171886,45.541236],[10.2171395,45.5412441],[10.2171162,45.5412479],[10.2171256,45.5412745],[10.2171371,45.541307],[10.2171491,45.5413408],[10.2171613,45.5413753],[10.2171754,45.5414151],[10.2169903,45.5414451],[10.2167462,45.5410319],[10.2166523,45.541045],[10.216706,45.5411784],[10.2165263,45.5412197],[10.2165558,45.541261],[10.2164244,45.5412873],[10.2164592,45.5413719],[10.2168186,45.5412967],[10.2168401,45.5413531],[10.2166575,45.5413865],[10.2162849,45.5414545]]]},"properties":{"site":"brescia","name":null,"category":"other","historic":null,"building":"apartments","osm_id":165725166}},{"type":"Feature","geometry":{"type":"Polygon","coordinates":[[[10.2150369,45.5423486],[10.2150788,45.5423409],[10.215118,45.5423336],[10.2152114,45.5423164],[10.2152549,45.5423084],[10.2152917,45.5423016],[10.2152515,45.5421194],[10.2151805,45.5421302],[10.2151979,45.5421908],[10.2151147,45.542204],[10.2151013,45.5421438],[10.2149618,45.5421664],[10.215,45.542259],[10.2150369,45.5423486]]]},"properties":{"site":"brescia","name":null,"category":"other","historic":null,"building":"yes","osm_id":166493067}},{"type":"Feature","geometry":{"type":"Polygon","coordinates":[[[10.2149055,45.5420199],[10.2149363,45.5420999],[10.2149572,45.5421543],[10.2149618,45.5421664],[10.2151013,45.5421438],[10.2151805,45.5421302],[10.2152515,45.5421194],[10.2152381,45.5420649],[10.215112,45.5420856],[10.2150691,45.5419673],[10.2151442,45.5419503],[10.2151523,45.5419898],[10.215214,45.5419823],[10.2151764,45.541847],[10.2151187,45.5418581],[10.2150289,45.5418752],[10.2150017,45.5417952],[10.2149722,45.5417086],[10.2149323,45.5415915],[10.2149082,45.5415464],[10.2150772,45.5415145],[10.2150592,45.5414641],[10.2150423,45.5414168],[10.214876,45.5414469],[10.2148358,45.5413079],[10.214758,45.5413229],[10.2147526,45.5412816],[10.2149297,45.5412534],[10.2149323,45.5412741],[10.2150289,45.5412553],[10.2150185,45.5412053],[10.2150054,45.5411418],[10.2149941,45.5410875],[10.2149827,45.5410324],[10.2149666,45.540955],[10.2149561,45.540904],[10.2149497,45.5408735],[10.2149323,45.5407894],[10.2148987,45.5407945],[10.2148414,45.5408033],[10.2147718,45.5408139],[10.2146901,45.5408264],[10.2146481,45.5408328],[10.2146042,45.5408395],[10.2145505,45.5408477],[10.2145089,45.5408541],[10.2144898,45.540857],[10.2145679,45.5410733],[10.2146123,45.5411963],[10.2146265,45.5412358],[10.2146433,45.5412822],[10.2146722,45.5413623],[10.2146872,45.5414046],[10.2147075,45.5414619],[10.2147526,45.541589],[10.2147922,45.5417007],[10.2148543,45.5418755],[10.2149055,45.5420199]]]},"properties":{"site":"brescia","name":null,"category":"other","historic":null,"building":"yes","osm_id":166493068}},{"type":"Feature","geometry":{"type":"Polygon","coordinates":[[[10.2151335,45.5416761],[10.2151505,45.5417438],[10.2151764,45.541847],[10.2151187,45.5418581],[10.2150959,45.5417785],[10.2150017,45.5417952],[10.2149722,45.5417086],[10.2151335,45.5416761]]]},"properties":{"site":"brescia","name":null,"category":"other","historic":null,"building":"yes","osm_id":166493069}},{"type":"Feature","geometry":{"type":"Polygon","coordinates":[[[10.2130387,45.5412891],[10.2130896,45.5413919],[10.2131047,45.5414222],[10.2131197,45.5414525],[10.2131649,45.5415437],[10.2131814,45.5415771],[10.2132269,45.5416688],[10.2133162,45.541849],[10.2133316,45.5418801],[10.2133468,45.5419107],[10.2133525,45.5419222],[10.2136288,45.541847],[10.2135564,45.5416667],[10.2136583,45.541569],[10.2135831,45.5415857],[10.2134383,45.5416178],[10.2133632,45.5414375],[10.2134866,45.5414093],[10.2134571,45.5413436],[10.2133579,45.5413717],[10.2133364,45.5413285],[10.213445,45.5413032],[10.2134732,45.5412966],[10.2134028,45.5411673],[10.2132938,45.541208],[10.2132649,45.5412172],[10.2132309,45.541228],[10.2131958,45.5412366],[10.2131579,45.5412493],[10.2131449,45.5412536],[10.2131108,45.541265],[10.2130713,45.5412782],[10.2130387,45.5412891]]]},"properties":{"site":"brescia","name":null,"category":"other","historic":null,"building":"yes","osm_id":166498443}},{"type":"Feature","geometry":{"type":"Polygon","coordinates":[[[10.2139882,45.5417644],[10.2138299,45.5413361],[10.2138543,45.5413308],[10.2138978,45.5413213],[10.2139215,45.5413161],[10.2141515,45.5412658],[10.2142029,45.5412546],[10.2143288,45.5412271],[10.214361,45.5413135],[10.2142403,45.541336],[10.2143315,45.5415371],[10.2142162,45.5415596],[10.2142645,45.5416723],[10.2143181,45.541661],[10.2143422,45.5417099],[10.2142055,45.5417399],[10.2142591,45.5418602],[10.2143503,45.5418414],[10.2143637,45.5418752],[10.2142671,45.5418977],[10.2143235,45.5420443],[10.2145552,45.5419954],[10.2147687,45.5419503],[10.214803,45.542017],[10.2141223,45.5420988],[10.2139882,45.5417644]]]},"properties":{"site":"brescia","name":null,"category":"other","historic":null,"building":"yes","osm_id":166498444}},{"type":"Feature","geometry":{"type":"Polygon","coordinates":[[[10.2137978,45.5412233],[10.213736,45.541058],[10.2137821,45.5410455],[10.2138216,45.5410349],[10.2138639,45.5410234],[10.2139202,45.5410082],[10.2139708,45.5409945],[10.2140546,45.5409719],[10.2142961,45.5409066],[10.2143476,45.5408927],[10.2144443,45.5411122],[10.2144635,45.5411556],[10.2144817,45.541197],[10.2143288,45.5412271],[10.214294,45.54112],[10.2141035,45.5411613],[10.2141515,45.5412658],[10.2139215,45.5413161],[10.2138801,45.5412011],[10.2138207,45.5412171],[10.2137978,45.5412233]]]},"properties":{"site":"brescia","name":null,"category":"other","historic":null,"building":"yes","osm_id":166498445}},{"type":"Feature","geometry":{"type":"Polygon","coordinates":[[[10.2134207,45.5424488],[10.2128243,45.5425854],[10.2127889,45.5425093],[10.2127187,45.5423584],[10.212763,45.5423486],[10.2132244,45.5422468],[10.2131901,45.5421732],[10.2131852,45.5421629],[10.213365,45.5421217],[10.2134239,45.5422479],[10.2135127,45.5424383],[10.2134251,45.5424583],[10.2134207,45.5424488]]]},"properties":{"site":"brescia","name":null,"category":"other","historic":null,"building":"yes","osm_id":166498446}},{"type":"Feature","geometry":{"type":"Polygon","coordinates":[[[10.2145059,45.5418884],[10.2145552,45.5419954],[10.2147687,45.5419503],[10.2147595,45.5419262],[10.2146783,45.5417132],[10.2146355,45.5416006],[10.2146008,45.5415097],[10.2145679,45.5414232],[10.2145377,45.5413439],[10.21452,45.5412975],[10.2144817,45.541197],[10.2143288,45.5412271],[10.214361,45.5413135],[10.21442,45.5415108],[10.2143315,45.5415371],[10.214376,45.5416464],[10.2143181,45.541661],[10.2143422,45.5417099],[10.2144274,45.5416895],[10.214478,45.5418098],[10.2143503,45.5418414],[10.2143637,45.5418752],[10.2144442,45.5418545],[10.2144603,45.5418959],[10.2145059,45.5418884]]]},"properties":{"site":"brescia","name":null,"category":"other","historic":null,"building":"yes","osm_id":166498447}},{"type":"Feature","geometry":{"type":"Polygon","coordinates":[[[10.2135403,45.5415164],[10.2134866,45.5414093],[10.2134571,45.5413436],[10.213445,45.5413032],[10.2134732,45.5412966],[10.2134028,45.5411673],[10.2135,45.5411425],[10.2136771,45.5415408],[10.2136583,45.541569],[10.2135831,45.5415857],[10.2135403,45.5415164]]]},"properties":{"site":"brescia","name":null,"category":"other","historic":null,"building":"yes","osm_id":166498448}},{"type":"Feature","geometry":{"type":"Polygon","coordinates":[[[10.2136905,45.5426304],[10.2136655,45.5425781],[10.2136503,45.5425462],[10.2136365,45.5425172],[10.2136232,45.5424893],[10.2136144,45.542471],[10.213606,45.5424533],[10.2135975,45.5424355],[10.213587,45.5424135],[10.2135773,45.5423933],[10.2135687,45.5423752],[10.2135309,45.5422961],[10.2134679,45.542164],[10.2134113,45.5420454],[10.213384,45.5419882],[10.2133665,45.5419515],[10.2133525,45.5419222],[10.2136288,45.541847],[10.2136449,45.5418733],[10.2135671,45.5418902],[10.2135832,45.5419447],[10.21365,45.5419317],[10.2137039,45.5420274],[10.213602,45.5420518],[10.2136529,45.5421889],[10.2137436,45.5421665],[10.2139211,45.5425872],[10.2138771,45.5425954],[10.2137765,45.5426143],[10.2136905,45.5426304]]]},"properties":{"site":"brescia","name":null,"category":"other","historic":null,"building":"yes","osm_id":166498449}},{"type":"Feature","geometry":{"type":"Polygon","coordinates":[[[10.2139775,45.5425515],[10.2140773,45.5425316],[10.2141947,45.5425083],[10.2140489,45.5420922],[10.2140097,45.5419804],[10.213897,45.5420086],[10.2138769,45.5419492],[10.2137414,45.5419748],[10.2138729,45.5423279],[10.2140284,45.5423016],[10.2140606,45.5423824],[10.2139238,45.5424068],[10.2139775,45.5425515]]]},"properties":{"site":"brescia","name":null,"category":"other","historic":null,"building":"yes","osm_id":166498450}},{"type":"Feature","geometry":{"type":"Polygon","coordinates":[[[10.2142779,45.5424989],[10.2141539,45.5421801],[10.2141223,45.5420988],[10.214803,45.542017],[10.2148793,45.5422162],[10.2149094,45.5422947],[10.214939,45.5423689],[10.2148774,45.5423819],[10.2147813,45.5424022],[10.2146078,45.5424388],[10.2145836,45.5423524],[10.2146829,45.5423336],[10.21464,45.5421908],[10.2144898,45.5422133],[10.2145515,45.5424482],[10.2145187,45.5424541],[10.2144609,45.5424644],[10.2144287,45.5424701],[10.2143395,45.542486],[10.2143021,45.5424927],[10.2142779,45.5424989]]]},"properties":{"site":"brescia","name":null,"category":"other","historic":null,"building":"yes","osm_id":166498451}},{"type":"Feature","geometry":{"type":"Polygon","coordinates":[[[10.2137227,45.5419203],[10.2139748,45.5418771],[10.2139671,45.5418569],[10.2139155,45.541722],[10.2138977,45.5416755],[10.2138849,45.5416419],[10.2138611,45.5415796],[10.2138501,45.5415508],[10.2138326,45.5415051],[10.2138263,45.5414876],[10.2138122,45.5414482],[10.2137969,45.5414054],[10.2137704,45.5413316],[10.2137484,45.5412701],[10.2137057,45.541151],[10.2136771,45.5410712],[10.2136402,45.5410789],[10.2135783,45.5410919],[10.2135429,45.5410993],[10.2137332,45.5415385],[10.2137602,45.5416009],[10.2136717,45.5416066],[10.2136261,45.5416573],[10.2137227,45.5419203]]]},"properties":{"site":"brescia","name":null,"category":"other","historic":null,"building":"yes","osm_id":166498452}},{"type":"Feature","geometry":{"type":"Polygon","coordinates":[[[10.2178091,45.5361369],[10.2179008,45.5361245],[10.2178432,45.5358825],[10.2177958,45.5356833],[10.2173399,45.5357207],[10.2175424,45.5363744],[10.2176384,45.536364],[10.2176178,45.5362776],[10.2175897,45.5362814],[10.2175592,45.5361707],[10.217613,45.5361634],[10.2175201,45.5358602],[10.2175093,45.5358257],[10.217773,45.5357849],[10.2177839,45.5358194],[10.2177401,45.5358262],[10.2178091,45.5361369]]]},"properties":{"site":"brescia","name":null,"category":"other","historic":null,"building":"yes","osm_id":168430461}},{"type":"Feature","geometry":{"type":"Polygon","coordinates":[[[10.2235478,45.5357548],[10.2234494,45.5357803],[10.2234248,45.5357873],[10.2234412,45.5358229],[10.2235667,45.53579],[10.2235478,45.5357548]]]},"properties":{"site":"brescia","name":null,"category":"other","historic":null,"building":"yes","osm_id":168430466}},{"type":"Feature","geometry":{"type":"Polygon","coordinates":[[[10.2240639,45.5351981],[10.2240926,45.5352514],[10.2241174,45.5352943],[10.2241739,45.5352794],[10.224298,45.5352467],[10.2243711,45.5352158],[10.2243552,45.5351667],[10.2243442,45.5351329],[10.2243167,45.535136],[10.2240639,45.5351981]]]},"properties":{"site":"brescia","name":null,"category":"other","historic":null,"building":"yes","osm_id":168430467}},{"type":"Feature","geometry":{"type":"Polygon","coordinates":[[[10.2181284,45.5321478],[10.2183535,45.5320991],[10.2184731,45.5320704],[10.2184274,45.5319497],[10.2186717,45.5318977],[10.218744,45.532073],[10.2186567,45.5321618],[10.2186564,45.5322287],[10.2187061,45.5323555],[10.2182584,45.5324535],[10.2181284,45.5321478]]]},"properties":{"site":"brescia","name":null,"category":"other","historic":null,"building":"yes","osm_id":168874146}},{"type":"Feature","geometry":{"type":"Polygon","coordinates":[[[10.2188492,45.5349288],[10.2188583,45.5349502],[10.2189152,45.5350831],[10.2188037,45.5351065],[10.2187469,45.5349738],[10.2187377,45.5349522],[10.2188492,45.5349288]]]},"properties":{"site":"brescia","name":null,"category":"other","historic":null,"building":"yes","osm_id":168874147}},{"type":"Feature","geometry":{"type":"Polygon","coordinates":[[[10.2185539,45.5345121],[10.2185865,45.5345841],[10.2185927,45.5345977],[10.2187049,45.5345728],[10.2186987,45.5345592],[10.2186667,45.5344886],[10.2185539,45.5345121]]]},"properties":{"site":"brescia","name":null,"category":"other","historic":null,"building":"yes","osm_id":168874148}},{"type":"Feature","geometry":{"type":"Polygon","coordinates":[[[10.2180517,45.5323913],[10.217906,45.53242],[10.2178681,45.5323256],[10.2180117,45.5322973],[10.2180517,45.5323913]]]},"properties":{"site":"brescia","name":null,"category":"other","historic":null,"building":"yes","osm_id":168874149}},{"type":"Feature","geometry":{"type":"Polygon","coordinates":[[[10.2182584,45.5324535],[10.2181757,45.5324707],[10.2180929,45.532488],[10.2180517,45.5323913],[10.2180117,45.5322973],[10.2179628,45.5321824],[10.2181284,45.5321478],[10.2182584,45.5324535]]]},"properties":{"site":"brescia","name":null,"category":"other","historic":null,"building":"yes","osm_id":168874150}},{"type":"Feature","geometry":{"type":"Polygon","coordinates":[[[10.218439,45.5421785],[10.2185868,45.5424709],[10.2186198,45.5424605],[10.2186539,45.5424495],[10.2187168,45.5424274],[10.2187663,45.5424678],[10.2188075,45.5424471],[10.2188843,45.5425298],[10.2186927,45.5426071],[10.2186375,45.5426294],[10.2185839,45.5425111],[10.2185081,45.542532],[10.2185061,45.542528],[10.2184846,45.5424904],[10.2184095,45.5425073],[10.2183505,45.5424509],[10.2182996,45.542466],[10.2181628,45.5425054],[10.2181508,45.5424857],[10.2181315,45.5424538],[10.2181171,45.5424284],[10.2181005,45.5423991],[10.218083,45.5423681],[10.2180555,45.5423194],[10.2182057,45.5422875],[10.2183022,45.5424059],[10.2183934,45.5423814],[10.2183559,45.54228],[10.2182593,45.5423025],[10.2182191,45.542233],[10.2183351,45.5422043],[10.218439,45.5421785]]]},"properties":{"site":"brescia","name":null,"category":"other","historic":null,"building":"yes","osm_id":169737044}},{"type":"Feature","geometry":{"type":"Polygon","coordinates":[[[10.2189027,45.5420774],[10.2188986,45.5420668],[10.218888,45.5420391],[10.2188774,45.5420116],[10.2188655,45.5419805],[10.2188496,45.5419389],[10.2188381,45.541909],[10.2188266,45.5418791],[10.2188144,45.5418474],[10.2188045,45.5418217],[10.2187776,45.5417515],[10.2187555,45.5416939],[10.2188181,45.5416816],[10.2189701,45.5416517],[10.2190482,45.5416364],[10.2191129,45.5416237],[10.2191766,45.5416112],[10.2191862,45.5416862],[10.2191927,45.5417371],[10.2191123,45.5417446],[10.2190962,45.5416995],[10.2189406,45.5417239],[10.2190077,45.5418554],[10.219064,45.5418517],[10.2190559,45.5417803],[10.2191682,45.5417715],[10.2192008,45.541769],[10.2191998,45.5417819],[10.2191978,45.5418072],[10.2191961,45.5418281],[10.2191945,45.5418486],[10.2191928,45.5418702],[10.2191907,45.5418965],[10.2191883,45.5419266],[10.2191861,45.5419548],[10.219184,45.5419811],[10.2191823,45.5420026],[10.2191801,45.5420299],[10.2191779,45.5420581],[10.2191758,45.5420843],[10.2191732,45.5421173],[10.2191713,45.542141],[10.2191737,45.5421539],[10.2191803,45.5421887],[10.2191854,45.5422157],[10.2191957,45.5422703],[10.2191994,45.5422899],[10.2191543,45.5423305],[10.2191303,45.5423522],[10.2191017,45.542378],[10.2190564,45.5424188],[10.2190291,45.5424434],[10.2189594,45.5423814],[10.2189352,45.542295],[10.2189648,45.5422499],[10.2189579,45.5422341],[10.218947,45.5422094],[10.2189344,45.5421807],[10.2189231,45.5421552],[10.2189111,45.5421278],[10.2190077,45.542109],[10.2190211,45.5421654],[10.2190425,45.5422199],[10.2191096,45.5422405],[10.2191096,45.5420414],[10.2189027,45.5420774]]]},"properties":{"site":"brescia","name":null,"category":"other","historic":null,"building":"yes","osm_id":169737047}},{"type":"Feature","geometry":{"type":"Polygon","coordinates":[[[10.2183985,45.5430208],[10.2183229,45.5429714],[10.2181992,45.5430112],[10.2182093,45.5430306],[10.2182205,45.5430524],[10.2181749,45.5430667],[10.2181436,45.5430771],[10.2181265,45.543047],[10.2180953,45.542992],[10.2180582,45.5429267],[10.2180906,45.5429143],[10.2181448,45.5428934],[10.2181869,45.5428772],[10.2182374,45.5428578],[10.2182847,45.5428396],[10.2184101,45.5427914],[10.2184536,45.5427747],[10.2185026,45.5427559],[10.2185496,45.5427378],[10.2186079,45.5427922],[10.2185731,45.5428162],[10.2184181,45.5429455],[10.218457,45.5429787],[10.2184123,45.5430124],[10.2183985,45.5430208]]]},"properties":{"site":"brescia","name":null,"category":"other","historic":null,"building":"yes","osm_id":169737049}},{"type":"Feature","geometry":{"type":"Polygon","coordinates":[[[10.217865,45.5437584],[10.217818,45.5437198],[10.2177387,45.5436547],[10.2176532,45.5435846],[10.2175625,45.5435101],[10.2174439,45.5434128],[10.2173744,45.5433182],[10.2172589,45.543161],[10.2173201,45.5431414],[10.2173992,45.5431161],[10.2174636,45.5430954],[10.2176146,45.543047],[10.2177346,45.5430085],[10.2179356,45.542944],[10.2179911,45.5429262],[10.2180794,45.5430541],[10.2180974,45.5430802],[10.2181144,45.5431049],[10.2181257,45.5431225],[10.2181406,45.5431458],[10.2181535,45.5431659],[10.218167,45.5431869],[10.2181783,45.5432045],[10.2181918,45.5432256],[10.2182015,45.5432406],[10.2182088,45.543252],[10.2182137,45.5432596],[10.2181078,45.543301],[10.2180153,45.5431892],[10.2179039,45.5432292],[10.2179643,45.5433057],[10.2178677,45.543347],[10.2178463,45.5433226],[10.2176183,45.5434128],[10.2176612,45.5434541],[10.2177344,45.5434208],[10.2177685,45.5434635],[10.2180716,45.5433301],[10.2182191,45.5432681],[10.2182303,45.5432846],[10.2183022,45.5433902],[10.2182838,45.5434063],[10.2182038,45.5434763],[10.2181842,45.5434935],[10.218148,45.5434748],[10.2181202,45.5435069],[10.2180024,45.5436432],[10.2179193,45.5437129],[10.217865,45.5437584]]]},"properties":{"site":"brescia","name":null,"category":"other","historic":null,"building":"yes","osm_id":169737055}},{"type":"Feature","geometry":{"type":"Polygon","coordinates":[[[10.2196836,45.5438344],[10.219677,45.5438024],[10.2196727,45.5437818],[10.2195985,45.5437862],[10.2195463,45.5437892],[10.2194907,45.5437925],[10.2192092,45.543809],[10.2192473,45.5439015],[10.2196836,45.5438344]]]},"properties":{"site":"brescia","name":null,"category":"other","historic":null,"building":"yes","osm_id":169737056}},{"type":"Feature","geometry":{"type":"Polygon","coordinates":[[[10.2191863,45.5432505],[10.2191662,45.5432631],[10.2191984,45.5432877],[10.2191279,45.5433345],[10.2191669,45.5433693],[10.2193016,45.5433335],[10.2194551,45.5432824],[10.2194063,45.543215],[10.2192833,45.5432848],[10.2192129,45.5432332],[10.2191863,45.5432505]]]},"properties":{"site":"brescia","name":null,"category":"other","historic":null,"building":"yes","osm_id":169737057}},{"type":"Feature","geometry":{"type":"Polygon","coordinates":[[[10.2192141,45.5427905],[10.2190992,45.5427218],[10.2190074,45.542667],[10.219064,45.542626],[10.2189521,45.5425518],[10.2190564,45.5424827],[10.2191074,45.5424488],[10.2191494,45.542421],[10.2191845,45.5423977],[10.2192619,45.5423464],[10.219293,45.5423573],[10.2193907,45.5423914],[10.2194334,45.5424063],[10.2192681,45.5425177],[10.2192795,45.5425233],[10.219365,45.542672],[10.2192141,45.5427905]]]},"properties":{"site":"brescia","name":null,"category":"other","historic":null,"building":"yes","osm_id":169737058}},{"type":"Feature","geometry":{"type":"Polygon","coordinates":[[[10.2187985,45.5448385],[10.2187842,45.5448079],[10.2187705,45.5447787],[10.218758,45.5447519],[10.2187431,45.5447201],[10.2187263,45.5446843],[10.2186216,45.5444607],[10.2188053,45.5444047],[10.2190579,45.5443375],[10.2190701,45.5443689],[10.2187824,45.5444441],[10.2189304,45.5447245],[10.2189916,45.5448404],[10.218972,45.5448447],[10.2188967,45.544861],[10.218844,45.5448725],[10.2188163,45.5448785],[10.2187985,45.5448385]]]},"properties":{"site":"brescia","name":null,"category":"other","historic":null,"building":"yes","osm_id":169737062}},{"type":"Feature","geometry":{"type":"Polygon","coordinates":[[[10.2189916,45.5448404],[10.2190587,45.544827],[10.219117,45.5448153],[10.2191651,45.5448057],[10.2192087,45.544797],[10.219285,45.5447817],[10.2193442,45.5447699],[10.2194124,45.5447562],[10.2194985,45.544739],[10.2194717,45.5446845],[10.2193429,45.5447127],[10.2191632,45.5444328],[10.2190774,45.5444572],[10.2190667,45.5444234],[10.2189352,45.5444572],[10.2190345,45.5445943],[10.2189379,45.5446169],[10.2190023,45.5447052],[10.2189304,45.5447245],[10.2189916,45.5448404]]]},"properties":{"site":"brescia","name":null,"category":"other","historic":null,"building":"apartments","osm_id":169737065}},{"type":"Feature","geometry":{"type":"Polygon","coordinates":[[[10.2192639,45.5422246],[10.2192655,45.5421689],[10.2192672,45.5421097],[10.2192689,45.5420524],[10.2192705,45.541997],[10.2192719,45.541951],[10.2192733,45.5419021],[10.2192751,45.5418408],[10.2192732,45.5417258],[10.2193369,45.5417208],[10.219383,45.5417172],[10.2193939,45.5417164],[10.2194052,45.5417623],[10.2194133,45.5417957],[10.2194189,45.5418184],[10.2194272,45.5418445],[10.2194323,45.5418658],[10.2194373,45.5418881],[10.2194402,45.5419202],[10.219443,45.5419521],[10.2194454,45.5419788],[10.2194485,45.5420188],[10.2194508,45.5420597],[10.2194574,45.5421131],[10.2194775,45.5421841],[10.2194904,45.5422299],[10.2194209,45.5422283],[10.2193325,45.5422262],[10.2192639,45.5422246]]]},"properties":{"site":"brescia","name":null,"category":"other","historic":null,"building":"yes","osm_id":169737067}},{"type":"Feature","geometry":{"type":"Polygon","coordinates":[[[10.2190189,45.5437819],[10.2192441,45.5437641],[10.2192965,45.5437599],[10.219338,45.5437566],[10.2193968,45.5437519],[10.2194439,45.5437482],[10.2194944,45.5437442],[10.2195656,45.5437386],[10.2196662,45.5437306],[10.2196646,45.5436954],[10.2196615,45.5436274],[10.2196599,45.5435912],[10.2194681,45.5436077],[10.2192615,45.5436256],[10.2191958,45.5436312],[10.2191249,45.5436373],[10.2190619,45.5436428],[10.218984,45.5436495],[10.2190189,45.5437819]]]},"properties":{"site":"brescia","name":null,"category":"other","historic":null,"building":"yes","osm_id":169737068}},{"type":"Feature","geometry":{"type":"Polygon","coordinates":[[[10.2198999,45.5444736],[10.2199009,45.5444767],[10.2199225,45.5445466],[10.2199316,45.5445762],[10.2197616,45.5446072],[10.2196999,45.5446185],[10.2196282,45.5446316],[10.21954,45.5446476],[10.2194717,45.5446601],[10.2192759,45.5442618],[10.2191981,45.5442938],[10.2191878,45.544275],[10.2190897,45.5440964],[10.2193002,45.5440401],[10.2192656,45.5439476],[10.219705,45.5438636],[10.219726,45.5439171],[10.2197345,45.5439387],[10.2197415,45.5439615],[10.2197476,45.5439814],[10.2197666,45.5440431],[10.2197742,45.5440679],[10.2197891,45.5441179],[10.2198141,45.5442021],[10.219825,45.5442388],[10.2198306,45.5442576],[10.2198372,45.5442779],[10.2198498,45.544317],[10.2198609,45.5443513],[10.2198802,45.5443971],[10.2198836,45.5444214],[10.2198887,45.5444373],[10.2196636,45.5444745],[10.2196769,45.5445088],[10.2198999,45.5444736]]]},"properties":{"site":"brescia","name":null,"category":"other","historic":null,"building":"yes","osm_id":169737069}},{"type":"Feature","geometry":{"type":"Polygon","coordinates":[[[10.2182942,45.5427665],[10.2182174,45.5426139],[10.218191,45.5425614],[10.2181783,45.5425362],[10.2181628,45.5425054],[10.2182996,45.542466],[10.21838,45.5425674],[10.2185081,45.542532],[10.2185839,45.5425111],[10.2186375,45.5426294],[10.2186023,45.5426434],[10.2185763,45.5426538],[10.2185337,45.5426708],[10.2184912,45.5426878],[10.218455,45.5427023],[10.218417,45.5427174],[10.2183839,45.5427307],[10.2183426,45.5427472],[10.2182942,45.5427665]]]},"properties":{"site":"brescia","name":null,"category":"other","historic":null,"building":"yes","osm_id":169737072}},{"type":"Feature","geometry":{"type":"Polygon","coordinates":[[[10.2186539,45.5424495],[10.21864,45.5424163],[10.2186291,45.5423903],[10.2186173,45.542362],[10.2186077,45.5423393],[10.218596,45.5423113],[10.2185834,45.5422811],[10.218572,45.542254],[10.2185577,45.5422198],[10.2185454,45.5421873],[10.2185297,45.542154],[10.2185166,45.5421166],[10.2184944,45.5420789],[10.2184802,45.5420394],[10.2184618,45.5419961],[10.2184461,45.541959],[10.2184284,45.5419171],[10.2184127,45.5418801],[10.2183964,45.5418417],[10.218372,45.541784],[10.2184082,45.5417766],[10.2184656,45.5417648],[10.2185181,45.541754],[10.218563,45.5417447],[10.2186139,45.5417343],[10.2186643,45.5417239],[10.2186819,45.5417761],[10.2186961,45.5418183],[10.2187071,45.5418509],[10.2187185,45.5418846],[10.2187291,45.5419158],[10.2187398,45.5419478],[10.2187505,45.5419795],[10.2187617,45.5420127],[10.2187828,45.542075],[10.218803,45.5421248],[10.2188114,45.5421599],[10.2188192,45.542183],[10.2188307,45.5422169],[10.2188425,45.5422522],[10.2188494,45.5422725],[10.2188487,45.5422842],[10.2188466,45.5423218],[10.2188441,45.5423645],[10.2188698,45.5423963],[10.2188955,45.5424282],[10.2189487,45.5424941],[10.2189185,45.5425108],[10.2188843,45.5425298],[10.2188075,45.5424471],[10.2187663,45.5424678],[10.2187168,45.5424274],[10.2186539,45.5424495]]]},"properties":{"site":"brescia","name":null,"category":"other","historic":null,"building":"yes","osm_id":169737074}},{"type":"Feature","geometry":{"type":"Polygon","coordinates":[[[10.2178034,45.5418817],[10.2178288,45.5418769],[10.2178727,45.5418685],[10.2179182,45.5418599],[10.2179633,45.5418499],[10.2180046,45.5418415],[10.2180524,45.5418319],[10.2180984,45.5418226],[10.218147,45.5418127],[10.218197,45.5418026],[10.2182674,45.5417897],[10.218439,45.5421785],[10.2183351,45.5422043],[10.2182808,45.5420658],[10.2181561,45.542094],[10.2182063,45.5422058],[10.2181708,45.5422142],[10.2182057,45.5422875],[10.2180555,45.5423194],[10.2178034,45.5418817]]]},"properties":{"site":"brescia","name":null,"category":"other","historic":null,"building":"yes","osm_id":169737076}},{"type":"Feature","geometry":{"type":"Polygon","coordinates":[[[10.2187153,45.5436419],[10.2186643,45.5435367],[10.2192276,45.5434278],[10.2197533,45.5432381],[10.2197855,45.5433057],[10.2197814,45.5433151],[10.2197708,45.5433392],[10.2197551,45.543375],[10.219733,45.5434255],[10.2197246,45.5434447],[10.2196809,45.5435443],[10.2195589,45.5435566],[10.2195188,45.5435607],[10.2194825,45.5435644],[10.2194415,45.5435685],[10.2194007,45.5435726],[10.2193584,45.5435769],[10.2193174,45.543581],[10.21927,45.5435852],[10.2191614,45.543597],[10.2189661,45.5436166],[10.2189353,45.5436197],[10.2189038,45.5436229],[10.2188732,45.5436269],[10.2188375,45.5436299],[10.2187956,45.5436338],[10.2187153,45.5436419]]]},"properties":{"site":"brescia","name":null,"category":"other","historic":null,"building":"yes","osm_id":169737078}},{"type":"Feature","geometry":{"type":"Polygon","coordinates":[[[10.2182057,45.5427928],[10.2180729,45.5428349],[10.2179944,45.5428598],[10.2177726,45.5429176],[10.2175847,45.5429685],[10.2174802,45.5428789],[10.2177846,45.5427891],[10.2176973,45.5426268],[10.2177363,45.5426163],[10.2177926,45.542605],[10.2177712,45.5425618],[10.2178972,45.5425261],[10.2177953,45.542327],[10.2177366,45.5423402],[10.2176787,45.5423533],[10.2176317,45.5422574],[10.2175673,45.5421109],[10.2176767,45.5420882],[10.217652,45.5420449],[10.2175489,45.542069],[10.2174962,45.5419541],[10.2176043,45.5419259],[10.2177229,45.5418949],[10.2178429,45.5421087],[10.2178722,45.542161],[10.2178979,45.5422068],[10.2180528,45.5424829],[10.2182057,45.5427928]]]},"properties":{"site":"brescia","name":null,"category":"other","historic":null,"building":"yes","osm_id":169737700}},{"type":"Feature","geometry":{"type":"Polygon","coordinates":[[[10.2339223,45.5315301],[10.2339272,45.5316357],[10.2339641,45.5316349],[10.2339654,45.5316627],[10.2339315,45.5316634],[10.2339355,45.5317487],[10.2340658,45.5317458],[10.2340644,45.5317157],[10.2341771,45.5317131],[10.2341717,45.5315981],[10.2340871,45.5316],[10.2340836,45.5315264],[10.2339223,45.5315301]]]},"properties":{"site":"brescia","name":null,"category":"other","historic":null,"building":"apartments","osm_id":172073322}},{"type":"Feature","geometry":{"type":"Polygon","coordinates":[[[10.2341101,45.5314764],[10.2339229,45.53147],[10.2338955,45.531005],[10.2352231,45.5310679],[10.2352581,45.5311106],[10.2352079,45.531197],[10.235153,45.5311767],[10.2350876,45.5311778],[10.2350876,45.5311596],[10.2340614,45.5311191],[10.2340493,45.5313026],[10.2345654,45.5313271],[10.2345654,45.5312919],[10.2346917,45.531293],[10.2346872,45.5313409],[10.2347115,45.5313409],[10.2347115,45.5314273],[10.2346917,45.5314263],[10.2346902,45.5314977],[10.2345989,45.5314977],[10.2345989,45.5314711],[10.2345578,45.5314679],[10.2345578,45.5314177],[10.2345304,45.5314188],[10.2345319,45.5314337],[10.2341239,45.5314145],[10.2341223,45.531438],[10.2341101,45.5314764]]]},"properties":{"site":"brescia","name":null,"category":"other","historic":null,"building":"apartments","osm_id":172073325}},{"type":"Feature","geometry":{"type":"Polygon","coordinates":[[[10.2340066,45.5319403],[10.2341832,45.5319403],[10.2341832,45.5318347],[10.2340066,45.5318347],[10.2340066,45.5319403]]]},"properties":{"site":"brescia","name":null,"category":"other","historic":null,"building":"yes","osm_id":172073326}},{"type":"Feature","geometry":{"type":"Polygon","coordinates":[[[10.2341427,45.5323132],[10.2343198,45.5322951],[10.2342939,45.5321714],[10.2341169,45.5321896],[10.2341427,45.5323132]]]},"properties":{"site":"brescia","name":null,"category":"other","historic":null,"building":"yes","osm_id":172073327}},{"type":"Feature","geometry":{"type":"Polygon","coordinates":[[[10.2344416,45.5319463],[10.2346439,45.5319463],[10.2346439,45.5318438],[10.2344416,45.5318438],[10.2344416,45.5319463]]]},"properties":{"site":"brescia","name":null,"category":"other","historic":null,"building":"yes","osm_id":172073328}},{"type":"Feature","geometry":{"type":"Polygon","coordinates":[[[10.2339593,45.5320338],[10.2339593,45.5321062],[10.2342133,45.5321062],[10.2342133,45.5320338],[10.2339593,45.5320338]]]},"properties":{"site":"brescia","name":null,"category":"other","historic":null,"building":"yes","osm_id":172073330}},{"type":"Feature","geometry":{"type":"Polygon","coordinates":[[[10.2343468,45.5320368],[10.234342,45.5321126],[10.2346059,45.5321217],[10.234608,45.5320928],[10.2346396,45.5320459],[10.2343468,45.5320368]]]},"properties":{"site":"brescia","name":null,"category":"other","historic":null,"building":"yes","osm_id":172073331}},{"type":"Feature","geometry":{"type":"Polygon","coordinates":[[[10.2343375,45.5315965],[10.2343335,45.531721],[10.2343497,45.5317213],[10.2343482,45.5317665],[10.2344731,45.5317685],[10.2344749,45.5317128],[10.2347878,45.5317178],[10.2347915,45.5316037],[10.2343375,45.5315965]]]},"properties":{"site":"brescia","name":null,"category":"other","historic":null,"building":"yes","osm_id":172073332}},{"type":"Feature","geometry":{"type":"Polygon","coordinates":[[[10.2348147,45.5315071],[10.2349793,45.5315092],[10.234983,45.5313694],[10.2350082,45.5313697],[10.2350101,45.5312983],[10.2348426,45.5312961],[10.2348407,45.5313677],[10.2348184,45.5313675],[10.2348147,45.5315071]]]},"properties":{"site":"brescia","name":null,"category":"other","historic":null,"building":"yes","osm_id":172073333}},{"type":"Feature","geometry":{"type":"Polygon","coordinates":[[[10.2317111,45.5322153],[10.2317573,45.5318035],[10.2318168,45.5318104],[10.2321899,45.5318729],[10.2324932,45.5319264],[10.2324885,45.5319435],[10.2325632,45.5319509],[10.2325422,45.5320049],[10.2324698,45.5319967],[10.2324593,45.5320327],[10.2321382,45.531991],[10.2321231,45.5320441],[10.2325446,45.5320581],[10.2325341,45.5321227],[10.2325621,45.5321333],[10.2325551,45.532166],[10.2325095,45.5321709],[10.2321593,45.5321758],[10.2317111,45.5322153]]]},"properties":{"site":"brescia","name":null,"category":"other","historic":null,"building":"yes","osm_id":172163012}},{"type":"Feature","geometry":{"type":"Polygon","coordinates":[[[10.231834,45.5310487],[10.2320222,45.5310542],[10.2320288,45.5309423],[10.2318406,45.5309368],[10.231834,45.5310487]]]},"properties":{"site":"brescia","name":null,"category":"other","historic":null,"building":"yes","osm_id":172163013}},{"type":"Feature","geometry":{"type":"Polygon","coordinates":[[[10.2325553,45.5320115],[10.2329331,45.5320844],[10.2329634,45.5320073],[10.2325856,45.5319344],[10.2325553,45.5320115]]]},"properties":{"site":"brescia","name":null,"category":"other","historic":null,"building":"yes","osm_id":172163014}},{"type":"Feature","geometry":{"type":"Polygon","coordinates":[[[10.2331184,45.5321608],[10.2332678,45.5322033],[10.2333727,45.532022],[10.2332233,45.5319795],[10.2331184,45.5321608]]]},"properties":{"site":"brescia","name":null,"category":"other","historic":null,"building":"yes","osm_id":172163015}},{"type":"Feature","geometry":{"type":"Polygon","coordinates":[[[10.2327157,45.5313286],[10.232894,45.5313338],[10.2329007,45.5312222],[10.2327223,45.531217],[10.2327157,45.5313286]]]},"properties":{"site":"brescia","name":null,"category":"other","historic":null,"building":"yes","osm_id":172163016}},{"type":"Feature","geometry":{"type":"Polygon","coordinates":[[[10.2318102,45.5314521],[10.2320339,45.5314601],[10.2320433,45.5313325],[10.2318196,45.5313245],[10.2318102,45.5314521]]]},"properties":{"site":"brescia","name":null,"category":"other","historic":null,"building":"yes","osm_id":172163019}},{"type":"Feature","geometry":{"type":"Polygon","coordinates":[[[10.2328676,45.531944],[10.2330394,45.5319702],[10.233079,45.531843],[10.2329173,45.5318167],[10.2328676,45.531944]]]},"properties":{"site":"brescia","name":null,"category":"other","historic":null,"building":"yes","osm_id":172163020}},{"type":"Feature","geometry":{"type":"Polygon","coordinates":[[[10.2318079,45.5316107],[10.232025,45.5316173],[10.2320309,45.5315226],[10.2318137,45.531516],[10.2318079,45.5316107]]]},"properties":{"site":"brescia","name":null,"category":"other","historic":null,"building":"yes","osm_id":172163021}},{"type":"Feature","geometry":{"type":"Polygon","coordinates":[[[10.2335761,45.5318909],[10.2337723,45.5318862],[10.233763,45.5316964],[10.2335667,45.5317011],[10.2335761,45.5318909]]]},"properties":{"site":"brescia","name":null,"category":"other","historic":null,"building":"yes","osm_id":172163022}},{"type":"Feature","geometry":{"type":"Polygon","coordinates":[[[10.233562,45.5316455],[10.2337488,45.531643],[10.2337441,45.5314713],[10.2335574,45.5314738],[10.233562,45.5316455]]]},"properties":{"site":"brescia","name":null,"category":"other","historic":null,"building":"apartments","osm_id":172163023}},{"type":"Feature","geometry":{"type":"Polygon","coordinates":[[[10.2335574,45.5314018],[10.2337302,45.5313942],[10.2337116,45.5311848],[10.2335387,45.5311924],[10.2335574,45.5314018]]]},"properties":{"site":"brescia","name":null,"category":"other","historic":null,"building":"yes","osm_id":172163024}},{"type":"Feature","geometry":{"type":"Polygon","coordinates":[[[10.2330086,45.5324962],[10.2331121,45.5325006],[10.2331191,45.5324204],[10.2330156,45.532416],[10.2330086,45.5324962]]]},"properties":{"site":"brescia","name":null,"category":"other","historic":null,"building":"yes","osm_id":172163025}},{"type":"Feature","geometry":{"type":"Polygon","coordinates":[[[10.2335375,45.5320782],[10.2337215,45.5320691],[10.2337105,45.5319467],[10.2335394,45.5319557],[10.2335375,45.5320782]]]},"properties":{"site":"brescia","name":null,"category":"other","historic":null,"building":"yes","osm_id":172163027}},{"type":"Feature","geometry":{"type":"Polygon","coordinates":[[[10.2332606,45.5311713],[10.2334196,45.5311759],[10.2334291,45.5310163],[10.2332701,45.5310117],[10.2332606,45.5311713]]]},"properties":{"site":"brescia","name":null,"category":"other","historic":null,"building":"yes","osm_id":172163029}},{"type":"Feature","geometry":{"type":"Polygon","coordinates":[[[10.2333355,45.5324913],[10.2333455,45.5323865],[10.2331704,45.5323783],[10.2331604,45.5324831],[10.2333355,45.5324913]]]},"properties":{"site":"brescia","name":null,"category":"other","historic":null,"building":"yes","osm_id":172163031}},{"type":"Feature","geometry":{"type":"Polygon","coordinates":[[[10.2318168,45.5318104],[10.2320045,45.5318157],[10.2320243,45.5316884],[10.231839,45.5316743],[10.2318168,45.5318104]]]},"properties":{"site":"brescia","name":null,"category":"other","historic":null,"building":"yes","osm_id":172163032}},{"type":"Feature","geometry":{"type":"Polygon","coordinates":[[[10.233025,45.5323293],[10.2331246,45.5323576],[10.2331914,45.5322422],[10.2330918,45.5322139],[10.233025,45.5323293]]]},"properties":{"site":"brescia","name":null,"category":"other","historic":null,"building":"yes","osm_id":172163033}},{"type":"Feature","geometry":{"type":"Polygon","coordinates":[[[10.2332388,45.5319292],[10.2333927,45.5319696],[10.2335561,45.5316718],[10.2333742,45.5316757],[10.2332388,45.5319292]]]},"properties":{"site":"brescia","name":null,"category":"other","historic":null,"building":"yes","osm_id":172163034}},{"type":"Feature","geometry":{"type":"Polygon","coordinates":[[[10.231835,45.5312619],[10.2320784,45.5312659],[10.2320824,45.5311462],[10.2318182,45.5311418],[10.2318159,45.5312086],[10.2318368,45.5312089],[10.231835,45.5312619]]]},"properties":{"site":"brescia","name":null,"category":"other","historic":null,"building":"yes","osm_id":172163035}},{"type":"Feature","geometry":{"type":"Polygon","coordinates":[[[10.2333719,45.5323534],[10.233464,45.5323547],[10.2334671,45.5322446],[10.2335279,45.5322455],[10.2335292,45.532198],[10.2333764,45.5321959],[10.2333719,45.5323534]]]},"properties":{"site":"brescia","name":null,"category":"other","historic":null,"building":"yes","osm_id":172163038}},{"type":"Feature","geometry":{"type":"Polygon","coordinates":[[[10.2335497,45.5324271],[10.2335447,45.532323],[10.2337429,45.5323236],[10.233752,45.5324242],[10.2336876,45.5324624],[10.233572,45.5324635],[10.2335728,45.5324265],[10.2335497,45.5324271]]]},"properties":{"site":"brescia","name":null,"category":"other","historic":null,"building":"yes","osm_id":172163039}},{"type":"Feature","geometry":{"type":"Polygon","coordinates":[[[10.2175035,45.5444505],[10.2175017,45.5445446],[10.2174998,45.5446415],[10.2174176,45.5446575],[10.2170169,45.5447354],[10.2166584,45.5448051],[10.2165996,45.544683],[10.2165753,45.5446327],[10.2167406,45.5445987],[10.2167741,45.5446864],[10.2171393,45.5446028],[10.2171161,45.5445247],[10.2173822,45.5444732],[10.2175035,45.5444505]]]},"properties":{"site":"brescia","name":null,"category":"other","historic":null,"building":"apartments","osm_id":185947593}},{"type":"Feature","geometry":{"type":"Polygon","coordinates":[[[10.2185333,45.5453573],[10.2184697,45.5451961],[10.2188114,45.5451301],[10.218875,45.5452913],[10.2185333,45.5453573]]]},"properties":{"site":"brescia","name":null,"category":"other","historic":null,"building":"yes","osm_id":185947594}},{"type":"Feature","geometry":{"type":"Polygon","coordinates":[[[10.2158429,45.5449598],[10.215835,45.5449254],[10.2158223,45.5448701],[10.2158091,45.5448287],[10.2158044,45.5447873],[10.2157981,45.5447525],[10.2157902,45.5447187],[10.215764,45.5446062],[10.2157241,45.5444351],[10.2156759,45.5442286],[10.2156496,45.5441157],[10.2156377,45.5440648],[10.2156128,45.5439578],[10.2156032,45.5439168],[10.2155993,45.5438999],[10.2156011,45.5438793],[10.2156057,45.5438259],[10.2156139,45.5437312],[10.2156175,45.5437209],[10.215645,45.5436432],[10.2157416,45.5435905],[10.2157758,45.5436266],[10.2158025,45.5436548],[10.2158278,45.5436816],[10.2158525,45.5437076],[10.21588,45.5437367],[10.2159108,45.5437693],[10.215953,45.5438138],[10.2159859,45.5438485],[10.2160206,45.5438852],[10.2160527,45.5439191],[10.2161487,45.5440205],[10.2163629,45.5444268],[10.2163952,45.5444881],[10.21642,45.5445352],[10.2164426,45.5445782],[10.2164622,45.5446153],[10.2164748,45.5446392],[10.2164881,45.5446644],[10.2165022,45.5446911],[10.2165173,45.5447197],[10.2165293,45.5447426],[10.2165416,45.5447658],[10.216554,45.5447895],[10.216563,45.5448065],[10.2165725,45.5448245],[10.216514,45.5448353],[10.2164644,45.5448445],[10.2164103,45.5448546],[10.216361,45.5448637],[10.2162713,45.5448804],[10.2161962,45.5448943],[10.2161261,45.5449073],[10.2160607,45.5449194],[10.2160217,45.5449266],[10.2159877,45.544933],[10.2159427,45.5449413],[10.2158429,45.5449598]]]},"properties":{"site":"brescia","name":null,"category":"other","historic":null,"building":"yes","osm_id":185947595}},{"type":"Feature","geometry":{"type":"Polygon","coordinates":[[[10.2167566,45.5457435],[10.2170424,45.5456892],[10.2170106,45.5456073],[10.2167249,45.5456615],[10.2167566,45.5457435]]]},"properties":{"site":"brescia","name":null,"category":"other","historic":null,"building":"yes","osm_id":185947596}},{"type":"Feature","geometry":{"type":"Polygon","coordinates":[[[10.2175675,45.544621],[10.2175778,45.5444919],[10.2175961,45.5444163],[10.2176333,45.5443415],[10.2176786,45.5442504],[10.2177338,45.5441394],[10.2177857,45.5440352],[10.2178129,45.5439805],[10.217842,45.543922],[10.2178546,45.5438966],[10.2180101,45.5439679],[10.2179814,45.5440664],[10.2179383,45.5442142],[10.2179143,45.5442967],[10.2179028,45.5443361],[10.2179028,45.5444138],[10.2179028,45.5445115],[10.2179028,45.5445766],[10.2176944,45.5446042],[10.2175675,45.544621]]]},"properties":{"site":"brescia","name":null,"category":"other","historic":null,"building":"yes","osm_id":185947597}},{"type":"Feature","geometry":{"type":"Polygon","coordinates":[[[10.2132833,45.5441966],[10.2131766,45.5440004],[10.2130588,45.5437838],[10.2133109,45.5437237],[10.2133911,45.5438744],[10.2135247,45.5441252],[10.2134894,45.5441357],[10.2133158,45.544187],[10.2132833,45.5441966]]]},"properties":{"site":"brescia","name":null,"category":"other","historic":null,"building":"yes","osm_id":185947598}},{"type":"Feature","geometry":{"type":"Polygon","coordinates":[[[10.2181524,45.5454809],[10.2181113,45.5453755],[10.21825,45.5453489],[10.218291,45.5454543],[10.2181524,45.5454809]]]},"properties":{"site":"brescia","name":null,"category":"other","historic":null,"building":"yes","osm_id":185947600}},{"type":"Feature","geometry":{"type":"Polygon","coordinates":[[[10.2177332,45.5454215],[10.2180362,45.5453643],[10.218086,45.5454937],[10.2177829,45.5455508],[10.2177332,45.5454215]]]},"properties":{"site":"brescia","name":null,"category":"other","historic":null,"building":"yes","osm_id":185947601}},{"type":"Feature","geometry":{"type":"Polygon","coordinates":[[[10.2144964,45.5442685],[10.2144743,45.5442261],[10.2143516,45.5439905],[10.2144884,45.5439529],[10.2146681,45.5439012],[10.2147984,45.5438687],[10.2148873,45.5438459],[10.214982,45.5438163],[10.2150914,45.5437868],[10.2151963,45.5437563],[10.2152885,45.543728],[10.2153977,45.5436974],[10.2154402,45.5439018],[10.215474,45.5440645],[10.2154781,45.5440844],[10.2154902,45.5441255],[10.2155056,45.5441782],[10.2155657,45.5443833],[10.2156509,45.5446728],[10.2156712,45.5447419],[10.2153762,45.5447907],[10.2152528,45.5442422],[10.2148934,45.5443286],[10.2149471,45.54443],[10.2148612,45.5444526],[10.2150543,45.5449147],[10.2156873,45.5447982],[10.2156991,45.5448449],[10.2157143,45.5449054],[10.215728,45.5449597],[10.2157356,45.5449898],[10.2156778,45.5450012],[10.2156365,45.5450094],[10.2156033,45.5450159],[10.2155609,45.5450243],[10.2155127,45.5450338],[10.215446,45.545047],[10.2153971,45.5450567],[10.215342,45.5450676],[10.2153026,45.5450754],[10.2152528,45.5450852],[10.2151907,45.5450975],[10.2151494,45.5451056],[10.2151131,45.5451128],[10.2150633,45.5451227],[10.2149229,45.5451504],[10.2148976,45.5450982],[10.2148727,45.5450467],[10.2148096,45.5449161],[10.2147436,45.5447797],[10.2147201,45.544731],[10.2146921,45.5446731],[10.2146756,45.5446391],[10.2146609,45.5446087],[10.214634,45.544553],[10.2146055,45.5444832],[10.2145845,45.5444368],[10.2145537,45.544378],[10.2145341,45.5443405],[10.2144964,45.5442685]]]},"properties":{"site":"brescia","name":null,"category":"other","historic":null,"building":"yes","osm_id":185947602}},{"type":"Feature","geometry":{"type":"Polygon","coordinates":[[[10.2143033,45.5438928],[10.2142121,45.5437162],[10.2145645,45.5436229],[10.2146309,45.5436053],[10.2147265,45.54358],[10.2148679,45.5435426],[10.2149925,45.5435096],[10.2150937,45.5434828],[10.2151587,45.5434656],[10.2153333,45.5434194],[10.215403,45.5435997],[10.2147692,45.5437686],[10.2145943,45.5438152],[10.2145451,45.5438283],[10.214513,45.5438369],[10.2143033,45.5438928]]]},"properties":{"site":"brescia","name":"Gruppo GDF Brescia","category":"other","historic":null,"building":"yes","osm_id":185947605}},{"type":"Feature","geometry":{"type":"Polygon","coordinates":[[[10.2154996,45.5435547],[10.2154925,45.5435242],[10.2154795,45.5434686],[10.2154619,45.5433935],[10.2154513,45.543348],[10.215725,45.5432799],[10.2158053,45.54326],[10.2168063,45.543011],[10.2168407,45.5430024],[10.2166905,45.5426454],[10.2164082,45.5421565],[10.2164696,45.5421457],[10.2165175,45.5421384],[10.2165523,45.542133],[10.2166194,45.5422618],[10.2171143,45.5430963],[10.2168843,45.5431616],[10.2168593,45.5431687],[10.2168311,45.5431767],[10.2168002,45.5431855],[10.2167677,45.5431963],[10.2167302,45.5432057],[10.2167021,45.5432143],[10.2166515,45.5432304],[10.216596,45.5432459],[10.2165308,45.5432656],[10.2163845,45.5433035],[10.2163097,45.5433247],[10.2162467,45.5433426],[10.2160198,45.5434069],[10.2159656,45.5434219],[10.215895,45.5434425],[10.2158426,45.5434573],[10.2157992,45.5434697],[10.2157553,45.5434821],[10.2157115,45.5434945],[10.2156651,45.5435077],[10.2156012,45.5435259],[10.2155446,45.5435419],[10.2154996,45.5435547]]]},"properties":{"site":"brescia","name":null,"category":"other","historic":null,"building":"yes","osm_id":185947606}},{"type":"Feature","geometry":{"type":"Polygon","coordinates":[[[10.2172341,45.5455693],[10.217187,45.5454404],[10.2175572,45.5453739],[10.2176043,45.5455028],[10.2172341,45.5455693]]]},"properties":{"site":"brescia","name":null,"category":"other","historic":null,"building":"yes","osm_id":185947607}},{"type":"Feature","geometry":{"type":"Polygon","coordinates":[[[10.2160209,45.5453543],[10.216005,45.5453093],[10.2159904,45.5452679],[10.2159415,45.5451293],[10.2159125,45.5450469],[10.2166252,45.5449237],[10.2166646,45.5450354],[10.2163782,45.5450849],[10.2164471,45.5452806],[10.2161881,45.5453254],[10.2160209,45.5453543]]]},"properties":{"site":"brescia","name":null,"category":"other","historic":null,"building":"yes","osm_id":185947609}},{"type":"Feature","geometry":{"type":"Polygon","coordinates":[[[10.2190079,45.5453317],[10.2189704,45.545219],[10.2191916,45.5451767],[10.2191367,45.5450312],[10.2196951,45.5449867],[10.2196799,45.5448941],[10.2198172,45.544887],[10.2198188,45.5448982],[10.2198348,45.5450072],[10.2198358,45.545014],[10.2198733,45.5450092],[10.2198781,45.5450327],[10.219882,45.5450516],[10.2197002,45.5450869],[10.219738,45.5451957],[10.2190079,45.5453317]]]},"properties":{"site":"brescia","name":null,"category":"other","historic":null,"building":"yes","osm_id":185947610}},{"type":"Feature","geometry":{"type":"Polygon","coordinates":[[[10.2168541,45.5451861],[10.2167588,45.5448769],[10.2173981,45.5447803],[10.2174271,45.5449521],[10.217439,45.5450224],[10.217449,45.5450817],[10.2172164,45.5451225],[10.2169668,45.5451663],[10.2168541,45.5451861]]]},"properties":{"site":"brescia","name":null,"category":"other","historic":null,"building":"apartments","osm_id":185947612}},{"type":"Feature","geometry":{"type":"Polygon","coordinates":[[[10.2169681,45.5435414],[10.2173193,45.5434164],[10.2174,45.5435115],[10.2174148,45.543529],[10.2172302,45.5435735],[10.2171574,45.5436102],[10.2171278,45.5435854],[10.2170088,45.5436066],[10.2169681,45.5435414]]]},"properties":{"site":"brescia","name":null,"category":"other","historic":null,"building":"yes","osm_id":185947613}},{"type":"Feature","geometry":{"type":"Polygon","coordinates":[[[10.2175703,45.5450612],[10.2175449,45.5448479],[10.2175327,45.5447456],[10.2185198,45.5445202],[10.2185451,45.5445875],[10.2185592,45.5446253],[10.2185734,45.544663],[10.2186577,45.5448686],[10.218429,45.5449091],[10.2183546,45.5449223],[10.2183029,45.5449314],[10.2182304,45.5449443],[10.2181692,45.5449551],[10.2181061,45.5449663],[10.2180475,45.5449767],[10.2179926,45.5449864],[10.2179362,45.5449964],[10.2178838,45.5450057],[10.2178255,45.545016],[10.2177722,45.5450254],[10.2177148,45.5450356],[10.2176618,45.545045],[10.2175975,45.5450564],[10.2175703,45.5450612]]]},"properties":{"site":"brescia","name":null,"category":"other","historic":null,"building":"apartments","osm_id":185947615}},{"type":"Feature","geometry":{"type":"Polygon","coordinates":[[[10.2353065,45.5447538],[10.2352972,45.5449567],[10.2353382,45.5449576],[10.2353345,45.5450379],[10.235481,45.5450412],[10.2354908,45.5448264],[10.2354349,45.5448252],[10.235438,45.5447568],[10.2353065,45.5447538]]]},"properties":{"site":"brescia","name":null,"category":"other","historic":null,"building":"house","osm_id":185994926}},{"type":"Feature","geometry":{"type":"Polygon","coordinates":[[[10.2249386,45.5315357],[10.2248434,45.5314458],[10.2246922,45.5314545],[10.2245927,45.5314601],[10.2246034,45.5314834],[10.2246335,45.5317424],[10.2247691,45.5317347],[10.2248156,45.5317321],[10.2248045,45.531637],[10.2248891,45.5316321],[10.2248901,45.5316414],[10.22509,45.53163],[10.2250781,45.5315277],[10.2249386,45.5315357]]]},"properties":{"site":"brescia","name":null,"category":"other","historic":null,"building":"yes","osm_id":188115976}},{"type":"Feature","geometry":{"type":"Polygon","coordinates":[[[10.22272,45.5385689],[10.2228177,45.5385554],[10.2229041,45.5385438],[10.2232575,45.5384859],[10.2232415,45.5384331],[10.2232245,45.5384361],[10.2230909,45.5384601],[10.2230902,45.538453],[10.2228681,45.5384926],[10.2228697,45.5384982],[10.2227621,45.5385153],[10.2227579,45.5385001],[10.2227551,45.53849],[10.2227162,45.5384953],[10.2226881,45.5383937],[10.2225829,45.538408],[10.2226305,45.538581],[10.22272,45.5385689]]]},"properties":{"site":"brescia","name":null,"category":"other","historic":null,"building":"yes","osm_id":188408781}},{"type":"Feature","geometry":{"type":"Polygon","coordinates":[[[10.2225342,45.5382322],[10.2225829,45.538408],[10.2226881,45.5383937],[10.2226394,45.5382179],[10.2226319,45.5382189],[10.2225342,45.5382322]]]},"properties":{"site":"brescia","name":null,"category":"other","historic":null,"building":"yes","osm_id":188408782}},{"type":"Feature","geometry":{"type":"Polygon","coordinates":[[[10.2229041,45.5385438],[10.2228177,45.5385554],[10.2228419,45.5386434],[10.2227441,45.5386566],[10.22272,45.5385689],[10.2226305,45.538581],[10.2226719,45.5387316],[10.2229456,45.5386947],[10.2229113,45.53857],[10.2229041,45.5385438]]]},"properties":{"site":"brescia","name":null,"category":"other","historic":null,"building":"yes","osm_id":188408783}},{"type":"Feature","geometry":{"type":"Polygon","coordinates":[[[10.2280654,45.5405958],[10.2281861,45.5407061],[10.2282784,45.5406565],[10.2281578,45.5405462],[10.2280654,45.5405958]]]},"properties":{"site":"brescia","name":null,"category":"other","historic":null,"building":"yes","osm_id":194829799}},{"type":"Feature","geometry":{"type":"Polygon","coordinates":[[[10.2150884,45.5377416],[10.2150257,45.5377494],[10.2149996,45.5376746],[10.2149768,45.5376502],[10.2149454,45.5376377],[10.2148993,45.5376457],[10.2148773,45.537666],[10.2148731,45.5376943],[10.2148908,45.5377647],[10.2147933,45.5377776],[10.2147113,45.5377884],[10.2147272,45.5378456],[10.2148087,45.5378349],[10.2148537,45.5378282],[10.2148893,45.5379471],[10.2149549,45.5381673],[10.2149865,45.5382758],[10.2151549,45.538251],[10.2153087,45.5382283],[10.2152455,45.5380275],[10.2153226,45.5380168],[10.2152678,45.5379245],[10.2152504,45.5379273],[10.2152142,45.5378108],[10.2151887,45.5378135],[10.2151796,45.5377728],[10.2151004,45.5377853],[10.2150884,45.5377416]]]},"properties":{"site":"brescia","name":"Chiesa di San Francesco d'Assisi","category":"medieval","historic":null,"building":"church","osm_id":197010555}},{"type":"Feature","geometry":{"type":"Polygon","coordinates":[[[10.2151656,45.5372499],[10.2149466,45.5370994],[10.2147227,45.5372428],[10.2147453,45.5372598],[10.2147206,45.5372762],[10.2147728,45.5373128],[10.214798,45.5372965],[10.2149451,45.5373951],[10.2151656,45.5372499]]]},"properties":{"site":"brescia","name":"Chiesa di Santa Maria dei Miracoli","category":"medieval","historic":null,"building":"church","osm_id":197018140}},{"type":"Feature","geometry":{"type":"Polygon","coordinates":[[[10.211717,45.5394973],[10.211797,45.5394928],[10.2120612,45.5394778],[10.2121658,45.5394719],[10.2122284,45.5394683],[10.2122076,45.5393578],[10.2122516,45.5393519],[10.2122283,45.5392724],[10.2122013,45.5392296],[10.2121596,45.5392362],[10.2117923,45.5392932],[10.2118299,45.5394286],[10.2117134,45.5394636],[10.211717,45.5394973]]]},"properties":{"site":"brescia","name":"Chiesa dei Santi Cosma e Damiano","category":"medieval","historic":null,"building":"church","osm_id":197018426}},{"type":"Feature","geometry":{"type":"Polygon","coordinates":[[[10.2129399,45.5368738],[10.2129666,45.5369948],[10.2129922,45.5371108],[10.2138112,45.5370051],[10.2137954,45.5369309],[10.2138442,45.5369242],[10.2138572,45.5368812],[10.2138254,45.5368428],[10.2137727,45.5368485],[10.213754,45.5367726],[10.21353,45.5367986],[10.2129399,45.5368738]]]},"properties":{"site":"brescia","name":"Chiesa dei Santi Nazaro e Celso","category":"medieval","historic":null,"building":"church","osm_id":197018961}},{"type":"Feature","geometry":{"type":"Polygon","coordinates":[[[10.2185093,45.5391389],[10.2186694,45.5391328],[10.2187927,45.5391282],[10.2188856,45.5391247],[10.2189749,45.5391213],[10.2189734,45.5391013],[10.2191065,45.5391001],[10.219102,45.5389843],[10.2190062,45.5389851],[10.2189703,45.5389852],[10.21897,45.5389643],[10.2185261,45.5389639],[10.2185011,45.5389638],[10.2185056,45.5390599],[10.2185093,45.5391389]]]},"properties":{"site":"brescia","name":"Chiesa di Sant'Agata","category":"medieval","historic":null,"building":"church","osm_id":197021033}},{"type":"Feature","geometry":{"type":"Polygon","coordinates":[[[10.2180548,45.5413461],[10.21807,45.5413528],[10.2180812,45.5413625],[10.2180874,45.5413744],[10.2180877,45.5413869],[10.2180822,45.5413989],[10.2180714,45.541409],[10.217927,45.5414289],[10.2179298,45.5414388],[10.2177744,45.5414598],[10.2177717,45.54145],[10.2174956,45.5414858],[10.2173586,45.5415042],[10.2173351,45.5414093],[10.2173028,45.5412785],[10.2177532,45.541229],[10.2177441,45.5411819],[10.2178393,45.5411701],[10.2179413,45.5411592],[10.2180294,45.5411477],[10.2180976,45.5411402],[10.2181096,45.5411863],[10.2181547,45.5412137],[10.2181638,45.5412506],[10.218136,45.541289],[10.2180431,45.5413027],[10.2180548,45.5413461]]]},"properties":{"site":"brescia","name":"Chiesa di San Giovanni Evangelista","category":"medieval","historic":null,"building":"church","osm_id":197021227}},{"type":"Feature","geometry":{"type":"Polygon","coordinates":[[[10.2205815,45.5404543],[10.2205925,45.5408974],[10.220522,45.5408983],[10.2202666,45.5409014],[10.2202611,45.5406757],[10.2203085,45.5406751],[10.2203062,45.5405835],[10.2202588,45.540584],[10.2202557,45.5404582],[10.2205815,45.5404543]]]},"properties":{"site":"brescia","name":"Chiesa Convento di San Giuseppe","category":"medieval","historic":null,"building":"church","osm_id":197021678}},{"type":"Feature","geometry":{"type":"Polygon","coordinates":[[[10.2197016,45.5357994],[10.219728,45.5357969],[10.2198675,45.5357808],[10.2199255,45.5357741],[10.2201581,45.5357478],[10.2202157,45.5357411],[10.2202049,45.5356857],[10.2202931,45.5356756],[10.2202823,45.5356352],[10.2203561,45.5356288],[10.2203452,45.5355063],[10.2203344,45.5355067],[10.2202013,45.5355114],[10.2201647,45.5355127],[10.2200471,45.5355289],[10.2196484,45.535584],[10.2197016,45.5357994]]]},"properties":{"site":"brescia","name":"Chiesa di San Lorenzo","category":"medieval","historic":null,"building":"church","osm_id":197021759}},{"type":"Feature","geometry":{"type":"Polygon","coordinates":[[[10.2249867,45.534573],[10.2250542,45.5345653],[10.2252964,45.5345438],[10.2253341,45.5345404],[10.2253314,45.5345174],[10.225377,45.5345148],[10.2253745,45.534493],[10.225407,45.5344904],[10.2254796,45.5344846],[10.2255052,45.5344744],[10.2255244,45.5344587],[10.2255349,45.5344393],[10.2255353,45.5344187],[10.2255258,45.5343991],[10.2255105,45.5343558],[10.2254595,45.5343111],[10.225349,45.5343336],[10.2252568,45.5343415],[10.224949,45.5343676],[10.2249867,45.534573]]]},"properties":{"site":"brescia","name":"Chiesa di Sant'Angela Merici","category":"medieval","historic":null,"building":"church","osm_id":197021863}},{"type":"Feature","geometry":{"type":"Polygon","coordinates":[[[10.2276788,45.5369357],[10.2278725,45.5369217],[10.2280531,45.5369087],[10.2280604,45.5369583],[10.2282426,45.5369451],[10.2282156,45.5367616],[10.2280647,45.5367725],[10.2276591,45.5368018],[10.2276788,45.5369357]]]},"properties":{"site":"brescia","name":"Chiesa di Santa Maria in Calchera","category":"medieval","historic":null,"building":"church","osm_id":197022138}},{"type":"Feature","geometry":{"type":"Polygon","coordinates":[[[10.226117,45.5376245],[10.2260247,45.5376355],[10.2260401,45.5376989],[10.2261325,45.5376878],[10.2261715,45.5378477],[10.2263367,45.5378279],[10.226423,45.5378176],[10.2264175,45.5377948],[10.2263706,45.5376026],[10.2263593,45.5375563],[10.2262979,45.5375636],[10.226278,45.5374821],[10.2262311,45.5374877],[10.2262217,45.5374492],[10.2261919,45.5374494],[10.2261634,45.5374564],[10.2261396,45.5374695],[10.2261231,45.5374873],[10.2261462,45.5375818],[10.2261078,45.5375864],[10.226117,45.5376245]]]},"properties":{"site":"brescia","name":"Chiesa di San Clemente","category":"medieval","historic":null,"building":"church","osm_id":197023894}},{"type":"Feature","geometry":{"type":"Polygon","coordinates":[[[10.2134207,45.5424488],[10.2128243,45.5425854],[10.2127823,45.5425947],[10.2128007,45.5426313],[10.2127697,45.5426449],[10.2127556,45.5426782],[10.2127676,45.5427111],[10.2128065,45.5427341],[10.2128481,45.5427341],[10.2128887,45.5427162],[10.2128759,45.542688],[10.2129765,45.5426656],[10.2130089,45.5427369],[10.2130218,45.5427708],[10.2135179,45.5426687],[10.2134251,45.5424583],[10.2134207,45.5424488]]]},"properties":{"site":"brescia","name":"Chiesa di Santa Maria delle Grazie","category":"medieval","historic":null,"building":"church","osm_id":197024554}},{"type":"Feature","geometry":{"type":"Polygon","coordinates":[[[10.2191881,45.5431203],[10.2192772,45.5431877],[10.2193137,45.5431978],[10.2193583,45.5431921],[10.2193958,45.5431676],[10.2194034,45.5431382],[10.2193994,45.543121],[10.2194723,45.5430911],[10.2195205,45.543072],[10.2194297,45.5429876],[10.2193252,45.5429255],[10.2188648,45.5426063],[10.2187402,45.5426965],[10.2186079,45.5427922],[10.2190655,45.5431182],[10.2191247,45.5430763],[10.2191881,45.5431203]]]},"properties":{"site":"brescia","name":"Chiesa di Santa Maria del Carmine","category":"medieval","historic":null,"building":"church","osm_id":197029298}},{"type":"Feature","geometry":{"type":"Polygon","coordinates":[[[10.2353892,45.5469841],[10.235515,45.5470725],[10.2354443,45.5471364],[10.2354974,45.5471683],[10.2354206,45.5472376],[10.2352677,45.5471505],[10.235381,45.5470509],[10.2353392,45.5470266],[10.2353892,45.5469841]]]},"properties":{"site":"brescia","name":null,"category":"other","historic":null,"building":"house","osm_id":197172792}},{"type":"Feature","geometry":{"type":"Polygon","coordinates":[[[10.235376,45.5469273],[10.2354172,45.5469717],[10.2355454,45.5469133],[10.2355043,45.546869],[10.235376,45.5469273]]]},"properties":{"site":"brescia","name":null,"category":"other","historic":null,"building":"yes","osm_id":197172891}},{"type":"Feature","geometry":{"type":"Polygon","coordinates":[[[10.2350337,45.5469893],[10.2349253,45.5471118],[10.23499,45.5471399],[10.2350984,45.5470174],[10.2350337,45.5469893]]]},"properties":{"site":"brescia","name":null,"category":"other","historic":null,"building":"yes","osm_id":197172892}},{"type":"Feature","geometry":{"type":"Polygon","coordinates":[[[10.2340605,45.5426111],[10.2342138,45.5425019],[10.2340891,45.542416],[10.2339357,45.5425251],[10.2340605,45.5426111]]]},"properties":{"site":"brescia","name":null,"category":"other","historic":null,"building":"yes","osm_id":197177367}},{"type":"Feature","geometry":{"type":"Polygon","coordinates":[[[10.2160251,45.5382819],[10.2159854,45.5382961],[10.2159994,45.5383153],[10.2160816,45.5384282],[10.2162252,45.538377],[10.2161427,45.5382635],[10.2161291,45.5382448],[10.2160867,45.5382599],[10.2160663,45.5382319],[10.2160047,45.5382538],[10.2160251,45.5382819]]]},"properties":{"site":"brescia","name":null,"category":"other","historic":null,"building":"yes","osm_id":197428670}},{"type":"Feature","geometry":{"type":"Polygon","coordinates":[[[10.2173271,45.5441696],[10.217385,45.5443167],[10.2174057,45.5443693],[10.2174133,45.5443887],[10.217433,45.5444388],[10.2173739,45.5444502],[10.2173322,45.5443441],[10.2173238,45.5443229],[10.216768,45.5444301],[10.2167153,45.5442961],[10.2168002,45.5442798],[10.2168183,45.5443258],[10.2172471,45.5442431],[10.2172259,45.5441889],[10.2173271,45.5441696]]]},"properties":{"site":"brescia","name":null,"category":"other","historic":null,"building":"yes","osm_id":197428671}},{"type":"Feature","geometry":{"type":"Polygon","coordinates":[[[10.2174148,45.543529],[10.2174382,45.5435368],[10.2175342,45.5436377],[10.2175022,45.543655],[10.2175194,45.5436769],[10.2173931,45.5437457],[10.2173611,45.5437345],[10.2171659,45.5438446],[10.2170522,45.5437595],[10.2172191,45.5436664],[10.2171574,45.5436102],[10.2172302,45.5435735],[10.2174148,45.543529]]]},"properties":{"site":"brescia","name":null,"category":"other","historic":null,"building":"yes","osm_id":197428672}},{"type":"Feature","geometry":{"type":"Polygon","coordinates":[[[10.2125883,45.5419787],[10.2126882,45.541951],[10.2126791,45.5419357],[10.2131237,45.5418183],[10.2131421,45.5418562],[10.2131599,45.541893],[10.213236,45.5418737],[10.213234,45.541869],[10.2132555,45.5418648],[10.2133101,45.5419848],[10.2133716,45.5421201],[10.213365,45.5421217],[10.2131852,45.5421629],[10.2131901,45.5421732],[10.2131526,45.5421832],[10.2130485,45.542],[10.2128253,45.5420588],[10.2128045,45.5420231],[10.2126359,45.5420709],[10.2126297,45.5420573],[10.2125883,45.5419787]]]},"properties":{"site":"brescia","name":null,"category":"other","historic":null,"building":"yes","osm_id":197428673}},{"type":"Feature","geometry":{"type":"Polygon","coordinates":[[[10.2168158,45.5384269],[10.2166882,45.5384678],[10.2165429,45.5382831],[10.2164006,45.5381023],[10.2163171,45.5381315],[10.216262,45.5381512],[10.2162866,45.5381851],[10.2162514,45.5381976],[10.2162668,45.5382187],[10.2161427,45.5382635],[10.2161291,45.5382448],[10.2160867,45.5382599],[10.2160663,45.5382319],[10.2160047,45.5382538],[10.2160251,45.5382819],[10.2159854,45.5382961],[10.2159994,45.5383153],[10.2159079,45.5383483],[10.2160545,45.538523],[10.215983,45.5385501],[10.2156475,45.5383788],[10.2157303,45.538272],[10.2163173,45.5380547],[10.2165131,45.5379817],[10.216648,45.5379229],[10.2166812,45.5379085],[10.2167727,45.5379645],[10.2168162,45.5379911],[10.2168719,45.5380252],[10.2169014,45.5380432],[10.2169349,45.5380637],[10.2170042,45.5381061],[10.2170358,45.5381254],[10.2170867,45.5381566],[10.2171268,45.5381811],[10.2168158,45.5384269]]]},"properties":{"site":"brescia","name":null,"category":"other","historic":null,"building":"yes","osm_id":197428674}},{"type":"Feature","geometry":{"type":"Polygon","coordinates":[[[10.2171101,45.5438959],[10.2172095,45.5438767],[10.2172971,45.5440999],[10.2171986,45.5441188],[10.2171464,45.5439829],[10.2171101,45.5438959]]]},"properties":{"site":"brescia","name":null,"category":"other","historic":null,"building":"yes","osm_id":197428676}},{"type":"Feature","geometry":{"type":"Polygon","coordinates":[[[10.2171464,45.5439829],[10.2168081,45.5440521],[10.2166756,45.5437343],[10.2168991,45.5436886],[10.2169954,45.5439194],[10.2171101,45.5438959],[10.2171464,45.5439829]]]},"properties":{"site":"brescia","name":null,"category":"other","historic":null,"building":"yes","osm_id":197428677}},{"type":"Feature","geometry":{"type":"Polygon","coordinates":[[[10.2120281,45.5417472],[10.2120076,45.5417036],[10.2119927,45.5416717],[10.211955,45.541591],[10.2120116,45.5415783],[10.2120659,45.5417028],[10.2120522,45.5417058],[10.212058,45.5417196],[10.2120694,45.5417378],[10.2120281,45.5417472]]]},"properties":{"site":"brescia","name":null,"category":"other","historic":null,"building":"yes","osm_id":197428678}},{"type":"Feature","geometry":{"type":"Polygon","coordinates":[[[10.2172259,45.5441889],[10.2171986,45.5441188],[10.2172971,45.5440999],[10.2175427,45.544053],[10.217559,45.5440947],[10.2175701,45.5441231],[10.2173271,45.5441696],[10.2172259,45.5441889]]]},"properties":{"site":"brescia","name":null,"category":"other","historic":null,"building":"yes","osm_id":197428679}},{"type":"Feature","geometry":{"type":"Polygon","coordinates":[[[10.2163522,45.5383378],[10.2165075,45.5382824],[10.216441,45.538191],[10.21643,45.538176],[10.2163661,45.5381988],[10.216377,45.5382139],[10.2162867,45.5382461],[10.2163522,45.5383378]]]},"properties":{"site":"brescia","name":null,"category":"other","historic":null,"building":"yes","osm_id":197428680}},{"type":"Feature","geometry":{"type":"Polygon","coordinates":[[[10.216377,45.5382139],[10.2163661,45.5381988],[10.2163171,45.5381315],[10.216262,45.5381512],[10.2162866,45.5381851],[10.2162514,45.5381976],[10.2162668,45.5382187],[10.2162867,45.5382461],[10.216377,45.5382139]]]},"properties":{"site":"brescia","name":null,"category":"other","historic":null,"building":"yes","osm_id":197428681}},{"type":"Feature","geometry":{"type":"Polygon","coordinates":[[[10.2173322,45.5443441],[10.2167865,45.5444497],[10.2168281,45.5445552],[10.2168654,45.5445479],[10.2168747,45.5445715],[10.2171161,45.5445247],[10.2173822,45.5444732],[10.2173739,45.5444502],[10.2173322,45.5443441]]]},"properties":{"site":"brescia","name":null,"category":"other","historic":null,"building":"yes","osm_id":197428682}},{"type":"Feature","geometry":{"type":"Polygon","coordinates":[[[10.2163209,45.5390938],[10.2162535,45.5390949],[10.2162033,45.5390957],[10.2161423,45.5390967],[10.2160625,45.5390981],[10.2159827,45.5390994],[10.2159224,45.5391004],[10.2158553,45.5391015],[10.2157789,45.5391027],[10.2157038,45.539104],[10.2156301,45.5391052],[10.2155578,45.5391064],[10.2155456,45.5390329],[10.215537,45.5389808],[10.2155294,45.5389355],[10.2155207,45.5388827],[10.2155137,45.5388407],[10.2155081,45.538807],[10.2154902,45.5386988],[10.2154846,45.5386652],[10.2154787,45.5386294],[10.2154668,45.538558],[10.2155352,45.5384878],[10.2155571,45.5384653],[10.2157819,45.5385736],[10.215724,45.5386345],[10.2156636,45.5386414],[10.2156714,45.5386809],[10.2157785,45.5386686],[10.215798,45.5387914],[10.2158194,45.5387914],[10.2158174,45.5389005],[10.2156831,45.5389073],[10.2156889,45.5389673],[10.2160433,45.5389591],[10.2160005,45.5388664],[10.2159829,45.5388705],[10.215909,45.53873],[10.2159245,45.5387259],[10.2158914,45.5386689],[10.215923,45.5386216],[10.2159508,45.5386124],[10.2159768,45.5386065],[10.215995,45.5386136],[10.2160584,45.5386381],[10.216104,45.538716],[10.2163209,45.5390938]]]},"properties":{"site":"brescia","name":null,"category":"other","historic":null,"building":"yes","osm_id":197428683}},{"type":"Feature","geometry":{"type":"Polygon","coordinates":[[[10.2176095,45.538269],[10.2175617,45.5382428],[10.2174879,45.5382024],[10.2175186,45.5381779],[10.2177612,45.5380758],[10.2179528,45.5380231],[10.2180217,45.5379802],[10.2182484,45.5379313],[10.218273,45.5381364],[10.2180598,45.5381682],[10.2177745,45.5382088],[10.2176095,45.538269]]]},"properties":{"site":"brescia","name":null,"category":"other","historic":null,"building":"yes","osm_id":197532536}},{"type":"Feature","geometry":{"type":"Polygon","coordinates":[[[10.2176313,45.538546],[10.2175236,45.5385919],[10.2174044,45.5386427],[10.2172949,45.5386614],[10.2172579,45.5385523],[10.2169672,45.5386606],[10.2168808,45.5385612],[10.2172897,45.5382337],[10.2173727,45.5382859],[10.2174638,45.5383433],[10.2175204,45.5383789],[10.2175711,45.5384108],[10.2176277,45.5384464],[10.2176842,45.5384819],[10.2177312,45.5385115],[10.2177655,45.5385335],[10.2176812,45.5385806],[10.2176313,45.538546]]]},"properties":{"site":"brescia","name":null,"category":"other","historic":null,"building":"yes","osm_id":197532538}},{"type":"Feature","geometry":{"type":"Polygon","coordinates":[[[10.2180548,45.5387655],[10.2180694,45.5388035],[10.2181033,45.5388922],[10.2179263,45.5389278],[10.2179068,45.5388596],[10.2177277,45.5387123],[10.2176634,45.5387273],[10.2176809,45.5387655],[10.2174843,45.5388064],[10.217422,45.5386836],[10.2175524,45.5386523],[10.2176812,45.5385806],[10.2177655,45.5385335],[10.217776,45.5385418],[10.2178101,45.5385688],[10.2178654,45.5386125],[10.2179398,45.5386726],[10.2180083,45.5387279],[10.2180548,45.5387655]]]},"properties":{"site":"brescia","name":"Palazzo Victoria","category":"other","historic":null,"building":"apartments","osm_id":197532540}},{"type":"Feature","geometry":{"type":"Polygon","coordinates":[[[10.2180782,45.5383941],[10.2180865,45.5384229],[10.2182678,45.5383854],[10.2183157,45.5387245],[10.2181892,45.5387434],[10.2181216,45.5386843],[10.2180155,45.5385914],[10.2179379,45.5385235],[10.2178905,45.538482],[10.2178603,45.5384556],[10.2180782,45.5383941]]]},"properties":{"site":"brescia","name":"Condominio Cordusio","category":"other","historic":null,"building":"apartments","osm_id":197532543}},{"type":"Feature","geometry":{"type":"Polygon","coordinates":[[[10.2282847,45.5332314],[10.228223,45.5331226],[10.2282625,45.5331117],[10.2282432,45.5330786],[10.2283,45.5330636],[10.2285843,45.5329884],[10.2286078,45.5330277],[10.2286633,45.5330129],[10.2287008,45.5330804],[10.2287202,45.5331154],[10.2282847,45.5332314]]]},"properties":{"site":"brescia","name":"Chiesa di San Gaetano","category":"medieval","historic":null,"building":"church","osm_id":197679621}},{"type":"Feature","geometry":{"type":"Polygon","coordinates":[[[10.2208818,45.5400822],[10.2207412,45.5401092],[10.2207841,45.5402228],[10.2209279,45.5401963],[10.2209151,45.5401646],[10.2209118,45.5401565],[10.2209084,45.540148],[10.2208818,45.5400822]]]},"properties":{"site":"brescia","name":"Chiesa di Santa Rita","category":"medieval","historic":null,"building":"church","osm_id":197679858}},{"type":"Feature","geometry":{"type":"Polygon","coordinates":[[[10.2258884,45.5394259],[10.2260365,45.5394159],[10.2261586,45.5394077],[10.226188,45.5393988],[10.226212,45.5393839],[10.2262283,45.5393647],[10.2262354,45.5393428],[10.2262326,45.5393205],[10.2262201,45.5392999],[10.2261991,45.5392829],[10.2261718,45.5392713],[10.2261406,45.5392662],[10.2258682,45.5392958],[10.2258735,45.5393204],[10.2258884,45.5394259]]]},"properties":{"site":"brescia","name":"Chiesa di San Zeno al Foro","category":"medieval","historic":null,"building":"church","osm_id":197997302}},{"type":"Feature","geometry":{"type":"Polygon","coordinates":[[[10.2262782,45.5390672],[10.2262041,45.5390942],[10.2262428,45.5392107],[10.2263181,45.539198],[10.2263063,45.539156],[10.2262782,45.5390672]]]},"properties":{"site":"brescia","name":null,"category":"other","historic":null,"building":"yes","osm_id":197997699}},{"type":"Feature","geometry":{"type":"Polygon","coordinates":[[[10.2227301,45.5406811],[10.2228861,45.5406634],[10.22289,45.5406798],[10.2229643,45.5406675],[10.2229337,45.540547],[10.2228524,45.540564],[10.2227082,45.5405895],[10.2227301,45.5406811]]]},"properties":{"site":"brescia","name":"Chiesa di Santa Maria delle Consolazioni","category":"medieval","historic":null,"building":"church","osm_id":198092855}},{"type":"Feature","geometry":{"type":"Polygon","coordinates":[[[10.2229337,45.540547],[10.2230026,45.5405339],[10.2231018,45.5406786],[10.223008,45.5407105],[10.2230001,45.5406902],[10.222972,45.5406981],[10.2229643,45.5406675],[10.2229337,45.540547]]]},"properties":{"site":"brescia","name":null,"category":"other","historic":null,"building":"yes","osm_id":198092856}},{"type":"Feature","geometry":{"type":"Polygon","coordinates":[[[10.2140612,45.5385461],[10.2145294,45.5384782],[10.2144888,45.5383468],[10.2144676,45.5383498],[10.21446,45.5383237],[10.214411,45.5383307],[10.2144435,45.5384429],[10.2140492,45.5384958],[10.2140612,45.5385461]]]},"properties":{"site":"brescia","name":null,"category":"other","historic":null,"building":"yes","osm_id":198435486}},{"type":"Feature","geometry":{"type":"Polygon","coordinates":[[[10.2145222,45.5380026],[10.2145854,45.53822],[10.2149549,45.5381673],[10.2149865,45.5382758],[10.2144888,45.5383468],[10.2144676,45.5383498],[10.21446,45.5383237],[10.214411,45.5383307],[10.2140156,45.5383871],[10.2139896,45.5382977],[10.2144323,45.5382345],[10.2143711,45.5380242],[10.2145222,45.5380026]]]},"properties":{"site":"brescia","name":null,"category":"other","historic":null,"building":"yes","osm_id":198435487}},{"type":"Feature","geometry":{"type":"Polygon","coordinates":[[[10.2201815,45.5358499],[10.2202224,45.5358457],[10.220232,45.5358859],[10.2204407,45.5358519],[10.2203561,45.5356288],[10.2203452,45.5355063],[10.2204411,45.5355033],[10.2204445,45.5355258],[10.2204499,45.5355618],[10.2204567,45.5356064],[10.2204583,45.5356173],[10.2204643,45.5356336],[10.220476,45.5356652],[10.2204945,45.5357152],[10.2205067,45.5357481],[10.2205587,45.5358887],[10.2205627,45.5358994],[10.2205662,45.5359089],[10.22057,45.5359193],[10.2205751,45.535933],[10.2203232,45.5359832],[10.2203072,45.5359469],[10.2202079,45.5359577],[10.220201,45.5359325],[10.2201945,45.5359087],[10.2201815,45.5358499]]]},"properties":{"site":"brescia","name":null,"category":"other","historic":null,"building":"yes","osm_id":198435488}},{"type":"Feature","geometry":{"type":"Polygon","coordinates":[[[10.2132513,45.5371797],[10.2129373,45.5372156],[10.2129887,45.537338],[10.2130199,45.5374121],[10.2133158,45.5373603],[10.2132513,45.5371797]]]},"properties":{"site":"brescia","name":null,"category":"other","historic":null,"building":"yes","osm_id":198435489}},{"type":"Feature","geometry":{"type":"Polygon","coordinates":[[[10.2133158,45.5373603],[10.2135566,45.5373258],[10.2135272,45.5371332],[10.2132513,45.5371797],[10.2133158,45.5373603]]]},"properties":{"site":"brescia","name":null,"category":"other","historic":null,"building":"yes","osm_id":198435491}},{"type":"Feature","geometry":{"type":"Polygon","coordinates":[[[10.2318451,45.5426297],[10.2318898,45.5426218],[10.231895,45.5426363],[10.231999,45.5426182],[10.2319429,45.5424615],[10.2318979,45.5424694],[10.2318948,45.5424607],[10.2317912,45.5424788],[10.2318088,45.5425282],[10.2318451,45.5426297]]]},"properties":{"site":"brescia","name":null,"category":"other","historic":null,"building":"apartments","osm_id":199831875}},{"type":"Feature","geometry":{"type":"Polygon","coordinates":[[[10.2314126,45.5431724],[10.2315755,45.5432096],[10.231634,45.5430841],[10.2314712,45.5430468],[10.2314126,45.5431724]]]},"properties":{"site":"brescia","name":null,"category":"other","historic":null,"building":"apartments","osm_id":199831877}},{"type":"Feature","geometry":{"type":"Polygon","coordinates":[[[10.2328535,45.5429262],[10.2331343,45.5429937],[10.233195,45.5428698],[10.2331002,45.542847],[10.2330844,45.5428793],[10.2328984,45.5428346],[10.2328535,45.5429262]]]},"properties":{"site":"brescia","name":null,"category":"other","historic":null,"building":"apartments","osm_id":199831879}},{"type":"Feature","geometry":{"type":"Polygon","coordinates":[[[10.2315421,45.5428781],[10.2317096,45.5429169],[10.2317401,45.5428523],[10.2317138,45.5428462],[10.2317467,45.5427765],[10.2316054,45.5427438],[10.2315421,45.5428781]]]},"properties":{"site":"brescia","name":null,"category":"other","historic":null,"building":"apartments","osm_id":199831880}},{"type":"Feature","geometry":{"type":"Polygon","coordinates":[[[10.2317729,45.5424013],[10.231835,45.5424019],[10.2318348,45.5423693],[10.231888,45.5423695],[10.2318899,45.5423266],[10.2318158,45.5423257],[10.2318146,45.542346],[10.2317729,45.5423457],[10.2317729,45.5424013]]]},"properties":{"site":"brescia","name":null,"category":"other","historic":null,"building":"yes","osm_id":199831884}},{"type":"Feature","geometry":{"type":"Polygon","coordinates":[[[10.2318734,45.5431025],[10.2319602,45.5430737],[10.2319524,45.5430632],[10.2319926,45.5430489],[10.2320536,45.5430064],[10.2319765,45.5428959],[10.2318451,45.5429416],[10.2318097,45.5430172],[10.2318734,45.5431025]]]},"properties":{"site":"brescia","name":null,"category":"other","historic":null,"building":"yes","osm_id":199831885}},{"type":"Feature","geometry":{"type":"Polygon","coordinates":[[[10.2315743,45.5426746],[10.2317132,45.5427064],[10.2317367,45.5426561],[10.2317,45.5426477],[10.231736,45.5425705],[10.2316601,45.5425532],[10.2316503,45.5425741],[10.231624,45.5425681],[10.2315743,45.5426746]]]},"properties":{"site":"brescia","name":null,"category":"other","historic":null,"building":"apartments","osm_id":199831886}},{"type":"Feature","geometry":{"type":"Polygon","coordinates":[[[10.2325096,45.5430626],[10.2326592,45.5429237],[10.2325639,45.5428733],[10.2325104,45.542923],[10.2324051,45.5428673],[10.2323183,45.5429478],[10.2323713,45.5429758],[10.2323619,45.5429845],[10.2325096,45.5430626]]]},"properties":{"site":"brescia","name":null,"category":"other","historic":null,"building":"apartments","osm_id":199831887}},{"type":"Feature","geometry":{"type":"Polygon","coordinates":[[[10.2260633,45.5474325],[10.22626,45.5474586],[10.2262769,45.5474928],[10.2264572,45.5474486],[10.2262979,45.5470997],[10.2261769,45.5471421],[10.22599,45.5472872],[10.2260633,45.5474325]]]},"properties":{"site":"brescia","name":"Chiesa di Santa Maria Crocifissa di Rosa","category":"medieval","historic":null,"building":"church","osm_id":200594339}},{"type":"Feature","geometry":{"type":"Polygon","coordinates":[[[10.2253989,45.5462236],[10.2253118,45.546028],[10.2254503,45.5459977],[10.2255871,45.5459677],[10.2256408,45.5460872],[10.2255369,45.5461101],[10.2255707,45.5461843],[10.2253989,45.5462236]]]},"properties":{"site":"brescia","name":null,"category":"other","historic":null,"building":"apartments","osm_id":200622098}},{"type":"Feature","geometry":{"type":"Polygon","coordinates":[[[10.2263824,45.5468985],[10.2265097,45.5468732],[10.2267091,45.5468336],[10.2264224,45.5461191],[10.2262226,45.5461585],[10.2260909,45.5461844],[10.2261415,45.5463019],[10.226223,45.5462857],[10.2262714,45.546276],[10.226323,45.5462658],[10.2263688,45.546379],[10.2263194,45.5463888],[10.226272,45.5463982],[10.22619,45.5464145],[10.2262476,45.5465482],[10.2263177,45.5465343],[10.2263729,45.5465233],[10.2264151,45.5465149],[10.2264984,45.5467207],[10.2264513,45.54673],[10.2263994,45.5467403],[10.2263244,45.5467552],[10.2263648,45.5468549],[10.2263824,45.5468985]]]},"properties":{"site":"brescia","name":null,"category":"other","historic":null,"building":"apartments","osm_id":200622100}},{"type":"Feature","geometry":{"type":"Polygon","coordinates":[[[10.2257357,45.546088],[10.2256953,45.5459958],[10.2258094,45.5459716],[10.2259277,45.5459459],[10.2259546,45.5460056],[10.2259683,45.5460386],[10.2257357,45.546088]]]},"properties":{"site":"brescia","name":null,"category":"other","historic":null,"building":"apartments","osm_id":200622101}},{"type":"Feature","geometry":{"type":"Polygon","coordinates":[[[10.2260321,45.5460078],[10.2260246,45.5459901],[10.2259977,45.5459304],[10.2259819,45.5458937],[10.2261321,45.5458613],[10.226126,45.5458497],[10.2261943,45.5458347],[10.2263008,45.5458114],[10.2263886,45.5460329],[10.2262505,45.5460631],[10.2262094,45.5459696],[10.2260321,45.5460078]]]},"properties":{"site":"brescia","name":null,"category":"other","historic":null,"building":"apartments","osm_id":200622102}},{"type":"Feature","geometry":{"type":"Polygon","coordinates":[[[10.2257563,45.5391324],[10.2257712,45.5391375],[10.2258946,45.5391182],[10.2260276,45.5390905],[10.226013,45.5390192],[10.2257335,45.5390452],[10.2257563,45.5391324]]]},"properties":{"site":"brescia","name":"Foro Romano","category":"forum","historic":"archaeological_site","building":null,"osm_id":201768189}},{"type":"Feature","geometry":{"type":"Polygon","coordinates":[[[10.2271244,45.5378112],[10.2269581,45.5378233],[10.2269533,45.5377907],[10.2268693,45.5377968],[10.2268556,45.5377048],[10.2269474,45.5376981],[10.2269518,45.5377278],[10.2270298,45.5377221],[10.2270322,45.537738],[10.2270376,45.5377742],[10.227118,45.5377684],[10.2271244,45.5378112]]]},"properties":{"site":"brescia","name":null,"category":"other","historic":null,"building":"yes","osm_id":201768190}},{"type":"Feature","geometry":{"type":"Polygon","coordinates":[[[10.2269156,45.5382017],[10.2268255,45.538213],[10.2267295,45.5382251],[10.2267264,45.5381343],[10.2267119,45.5381358],[10.2265265,45.5381551],[10.2265406,45.538235],[10.2264913,45.5382471],[10.2264242,45.5380564],[10.2264118,45.5380212],[10.2264789,45.5380116],[10.2266005,45.5380059],[10.2266052,45.5380453],[10.2267816,45.5380507],[10.2267832,45.5380639],[10.2268878,45.5380617],[10.2268925,45.5380781],[10.2269156,45.5382017]]]},"properties":{"site":"brescia","name":null,"category":"other","historic":null,"building":"apartments","osm_id":201768191}},{"type":"Feature","geometry":{"type":"Polygon","coordinates":[[[10.2271359,45.5379053],[10.2271339,45.5378901],[10.2271244,45.5378112],[10.227118,45.5377684],[10.2270376,45.5377742],[10.2270322,45.537738],[10.2270946,45.5377328],[10.2270868,45.5376498],[10.2270749,45.5375737],[10.2271665,45.5375687],[10.2271541,45.5374514],[10.2269322,45.5374714],[10.2269309,45.5373962],[10.2271942,45.5373681],[10.2272339,45.5375688],[10.2272719,45.537761],[10.227278,45.5377917],[10.2272863,45.5378335],[10.2272954,45.5378796],[10.2272973,45.5378892],[10.2271359,45.5379053]]]},"properties":{"site":"brescia","name":null,"category":"other","historic":null,"building":"yes","osm_id":201768192}},{"type":"Feature","geometry":{"type":"Polygon","coordinates":[[[10.2260967,45.538281],[10.2261292,45.5382778],[10.2262568,45.5382652],[10.2263524,45.5382557],[10.226402,45.5382508],[10.2264425,45.5382468],[10.2264105,45.5381299],[10.2261497,45.5381639],[10.2261294,45.5380457],[10.2263768,45.5380242],[10.2263455,45.5379236],[10.2260279,45.5379484],[10.2260403,45.5380129],[10.2259234,45.538022],[10.2258904,45.5380239],[10.2258967,45.5380578],[10.2259058,45.5380989],[10.2258732,45.5381026],[10.2258779,45.5381661],[10.2259904,45.5381584],[10.2259951,45.5382065],[10.2260919,45.5382033],[10.2260961,45.538272],[10.2260967,45.538281]]]},"properties":{"site":"brescia","name":null,"category":"other","historic":null,"building":"apartments","osm_id":201768193}},{"type":"Feature","geometry":{"type":"Polygon","coordinates":[[[10.2267799,45.5373995],[10.2267032,45.5374015],[10.2267079,45.5374901],[10.2267846,45.5374881],[10.2267799,45.5373995]]]},"properties":{"site":"brescia","name":null,"category":"other","historic":null,"building":"yes","osm_id":201768194}},{"type":"Feature","geometry":{"type":"Polygon","coordinates":[[[10.2263861,45.5379225],[10.2264118,45.5380212],[10.2264789,45.5380116],[10.2264621,45.5379091],[10.2263861,45.5379225]]]},"properties":{"site":"brescia","name":null,"category":"other","historic":null,"building":"yes","osm_id":201768196}},{"type":"Feature","geometry":{"type":"Polygon","coordinates":[[[10.2260614,45.5377917],[10.2260903,45.5379221],[10.2257111,45.5379496],[10.2257032,45.5379191],[10.2256689,45.537786],[10.2256471,45.5377017],[10.225632,45.5376433],[10.2256275,45.5376257],[10.2255788,45.5374371],[10.2255576,45.537355],[10.22559,45.5373522],[10.2256753,45.537345],[10.2256852,45.5374027],[10.225762,45.5373962],[10.225752,45.5373385],[10.2263403,45.5372887],[10.226346,45.53737],[10.2264218,45.5373658],[10.2264183,45.5374197],[10.2264809,45.537415],[10.2265029,45.5374134],[10.2265049,45.5374249],[10.2265236,45.5375085],[10.2267079,45.5374901],[10.2267202,45.5375565],[10.2267448,45.5377136],[10.2267134,45.5377157],[10.2266751,45.5377195],[10.226648,45.5375701],[10.2263706,45.5376026],[10.2263593,45.5375563],[10.2263307,45.5374357],[10.2262788,45.5374424],[10.2262217,45.5374492],[10.2261919,45.5374494],[10.2261634,45.5374564],[10.2261396,45.5374695],[10.2260356,45.5374751],[10.2260262,45.5374105],[10.22587,45.537428],[10.2259028,45.5375179],[10.2257888,45.5375343],[10.2257747,45.5374938],[10.2256967,45.5375015],[10.2257154,45.5375693],[10.2258544,45.5375583],[10.2258731,45.5375966],[10.2259325,45.5376437],[10.2258474,45.537656],[10.2258505,45.5377545],[10.2260358,45.537735],[10.2260614,45.5377917]]]},"properties":{"site":"brescia","name":null,"category":"other","historic":null,"building":"yes","osm_id":201768197}},{"type":"Feature","geometry":{"type":"Polygon","coordinates":[[[10.2265049,45.5374249],[10.2265029,45.5374134],[10.2264803,45.5372764],[10.2266339,45.5372639],[10.2266585,45.5374125],[10.2265049,45.5374249]]]},"properties":{"site":"brescia","name":null,"category":"other","historic":null,"building":"apartments","osm_id":201768198}},{"type":"Feature","geometry":{"type":"Polygon","coordinates":[[[10.2271829,45.5380192],[10.227281,45.5380093],[10.2272907,45.5381011],[10.2270774,45.5381659],[10.2269156,45.5382017],[10.2268925,45.5380781],[10.2270483,45.5380498],[10.2271147,45.5380332],[10.2271829,45.5380192]]]},"properties":{"site":"brescia","name":null,"category":"other","historic":null,"building":"apartments","osm_id":201768200}},{"type":"Feature","geometry":{"type":"Polygon","coordinates":[[[10.2267202,45.5375565],[10.2269194,45.5375411],[10.2269263,45.5375852],[10.2270749,45.5375737],[10.2270868,45.5376498],[10.2269407,45.537661],[10.2269474,45.5376981],[10.2268556,45.5377048],[10.2267448,45.5377136],[10.2267202,45.5375565]]]},"properties":{"site":"brescia","name":null,"category":"other","historic":null,"building":"yes","osm_id":201768201}},{"type":"Feature","geometry":{"type":"Polygon","coordinates":[[[10.2282423,45.5365276],[10.2282208,45.536522],[10.227932,45.5365254],[10.2279289,45.5364603],[10.2281504,45.5364547],[10.2284451,45.5364473],[10.2284715,45.5366137],[10.2283781,45.5366159],[10.2283754,45.5365582],[10.2283402,45.5365218],[10.2282423,45.5365276]]]},"properties":{"site":"brescia","name":null,"category":"other","historic":null,"building":"apartments","osm_id":201771085}},{"type":"Feature","geometry":{"type":"Polygon","coordinates":[[[10.2285406,45.537049],[10.2282766,45.5370836],[10.2282609,45.5369953],[10.2281276,45.5370059],[10.228143,45.5371011],[10.2278981,45.5371206],[10.2278894,45.5370132],[10.2280502,45.5370007],[10.228044,45.5369599],[10.2280604,45.5369583],[10.2282426,45.5369451],[10.2282873,45.536941],[10.2283106,45.5369391],[10.2283228,45.5369381],[10.2283284,45.5369732],[10.2284477,45.5369637],[10.2285258,45.5369575],[10.2285406,45.537049]]]},"properties":{"site":"brescia","name":null,"category":"other","historic":null,"building":"apartments","osm_id":201771086}},{"type":"Feature","geometry":{"type":"Polygon","coordinates":[[[10.228344,45.5367527],[10.2283493,45.5367813],[10.2284348,45.5367734],[10.2284403,45.536803],[10.2285001,45.5367975],[10.2284892,45.5367394],[10.228344,45.5367527]]]},"properties":{"site":"brescia","name":null,"category":"other","historic":null,"building":"yes","osm_id":201771087}},{"type":"Feature","geometry":{"type":"Polygon","coordinates":[[[10.2279364,45.53657],[10.2277203,45.536578],[10.2277253,45.536644],[10.2276144,45.5366481],[10.2275951,45.5366488],[10.2275816,45.5364703],[10.2277737,45.5364648],[10.2279289,45.5364603],[10.227932,45.5365254],[10.2279364,45.53657]]]},"properties":{"site":"brescia","name":null,"category":"other","historic":null,"building":"yes","osm_id":201771088}},{"type":"Feature","geometry":{"type":"Polygon","coordinates":[[[10.2285001,45.5367975],[10.2285258,45.5369575],[10.2284477,45.5369637],[10.2284303,45.5368359],[10.2283023,45.5368484],[10.2282961,45.5368172],[10.2284403,45.536803],[10.2285001,45.5367975]]]},"properties":{"site":"brescia","name":null,"category":"other","historic":null,"building":"yes","osm_id":201771089}},{"type":"Feature","geometry":{"type":"Polygon","coordinates":[[[10.228273,45.5367576],[10.2282554,45.5366256],[10.2282423,45.5365276],[10.2283402,45.5365218],[10.2283754,45.5365582],[10.2283781,45.5366159],[10.2284715,45.5366137],[10.2284892,45.5367394],[10.228344,45.5367527],[10.228273,45.5367576]]]},"properties":{"site":"brescia","name":null,"category":"other","historic":null,"building":"yes","osm_id":201771090}},{"type":"Feature","geometry":{"type":"Polygon","coordinates":[[[10.2275626,45.5386322],[10.2279062,45.5385906],[10.2278664,45.538476],[10.2274795,45.5385395],[10.2275099,45.5386558],[10.2275522,45.5388803],[10.2275962,45.5388778],[10.227602,45.5387979],[10.2275626,45.5386322]]]},"properties":{"site":"brescia","name":null,"category":"other","historic":null,"building":"yes","osm_id":201832025}},{"type":"Feature","geometry":{"type":"Polygon","coordinates":[[[10.2266315,45.5391033],[10.2266274,45.5390686],[10.2269803,45.5390073],[10.2269855,45.5390208],[10.2270906,45.5390032],[10.22708,45.5389638],[10.2271152,45.5389581],[10.2271401,45.5389414],[10.2271164,45.5388649],[10.2266959,45.538959],[10.2266875,45.5389609],[10.2266319,45.5389729],[10.2265783,45.5389845],[10.226561,45.5389882],[10.226546,45.5389914],[10.2264761,45.5390065],[10.226493,45.5391227],[10.2265875,45.5391095],[10.2266315,45.5391033]]]},"properties":{"site":"brescia","name":null,"category":"other","historic":null,"building":"yes","osm_id":201832026}},{"type":"Feature","geometry":{"type":"Polygon","coordinates":[[[10.2278664,45.538476],[10.2279062,45.5385906],[10.2279723,45.5385717],[10.2281084,45.5385468],[10.2280904,45.5384985],[10.2283877,45.5384413],[10.2284485,45.5386296],[10.2283693,45.5386425],[10.2283804,45.5386993],[10.2284025,45.5387419],[10.2286132,45.5386554],[10.2284927,45.5383355],[10.2278664,45.538476]]]},"properties":{"site":"brescia","name":null,"category":"other","historic":null,"building":"yes","osm_id":201832027}},{"type":"Feature","geometry":{"type":"Polygon","coordinates":[[[10.226903,45.5394354],[10.2271663,45.5394229],[10.2275515,45.5394045],[10.2275453,45.5393424],[10.2274667,45.5393469],[10.2274524,45.5392254],[10.2274209,45.5392272],[10.2274154,45.5391743],[10.2273066,45.5391886],[10.2272974,45.539277],[10.2271545,45.5392858],[10.2271378,45.5391827],[10.2270633,45.5391874],[10.2270791,45.5393009],[10.2269727,45.5393069],[10.2269763,45.5393377],[10.226897,45.5393427],[10.226903,45.5394354]]]},"properties":{"site":"brescia","name":null,"category":"other","historic":null,"building":"apartments","osm_id":201832028}},{"type":"Feature","geometry":{"type":"Polygon","coordinates":[[[10.2262615,45.5384812],[10.2260613,45.5385309],[10.2260458,45.5384665],[10.2262298,45.5384207],[10.2262615,45.5384812]]]},"properties":{"site":"brescia","name":null,"category":"other","historic":null,"building":"yes","osm_id":201832029}},{"type":"Feature","geometry":{"type":"Polygon","coordinates":[[[10.2263108,45.5392633],[10.2262854,45.5393529],[10.226415,45.5393463],[10.2264072,45.5392613],[10.2263108,45.5392633]]]},"properties":{"site":"brescia","name":null,"category":"other","historic":null,"building":"yes","osm_id":201832030}},{"type":"Feature","geometry":{"type":"Polygon","coordinates":[[[10.226013,45.5390192],[10.2260276,45.5390905],[10.2262055,45.5390547],[10.2261954,45.5389828],[10.226013,45.5390192]]]},"properties":{"site":"brescia","name":null,"category":"other","historic":null,"building":"yes","osm_id":201832031}},{"type":"Feature","geometry":{"type":"Polygon","coordinates":[[[10.226764,45.53857],[10.2266776,45.5384992],[10.2265784,45.5385584],[10.2266345,45.5386246],[10.226764,45.53857]]]},"properties":{"site":"brescia","name":null,"category":"other","historic":null,"building":"yes","osm_id":201832034}},{"type":"Feature","geometry":{"type":"Polygon","coordinates":[[[10.2275453,45.5393424],[10.2275423,45.5391601],[10.2274154,45.5391743],[10.2274209,45.5392272],[10.2274524,45.5392254],[10.2274667,45.5393469],[10.2275453,45.5393424]]]},"properties":{"site":"brescia","name":null,"category":"other","historic":null,"building":"yes","osm_id":201832035}},{"type":"Feature","geometry":{"type":"Polygon","coordinates":[[[10.226745,45.5388772],[10.226717,45.5387958],[10.2270468,45.5387414],[10.2271537,45.5388275],[10.2269846,45.5388674],[10.2267309,45.5389167],[10.2267215,45.5388823],[10.226745,45.5388772]]]},"properties":{"site":"brescia","name":null,"category":"other","historic":null,"building":"apartments","osm_id":201832036}},{"type":"Feature","geometry":{"type":"Polygon","coordinates":[[[10.2262283,45.5393647],[10.226212,45.5393839],[10.226188,45.5393988],[10.2261586,45.5394077],[10.2260365,45.5394159],[10.2260379,45.5394329],[10.2262865,45.5394364],[10.2262873,45.5393613],[10.2262283,45.5393647]]]},"properties":{"site":"brescia","name":null,"category":"other","historic":null,"building":"yes","osm_id":201832037}},{"type":"Feature","geometry":{"type":"Polygon","coordinates":[[[10.2264593,45.5385774],[10.2263652,45.5384269],[10.2264096,45.5383729],[10.2261477,45.5383952],[10.2261343,45.5383132],[10.2261422,45.5383128],[10.2261698,45.5383116],[10.2261818,45.538311],[10.2262382,45.5383085],[10.2264276,45.5382998],[10.2264995,45.5383666],[10.2266549,45.538483],[10.2265222,45.5385597],[10.2264593,45.5385774]]]},"properties":{"site":"brescia","name":null,"category":"other","historic":null,"building":"apartments","osm_id":201832038}},{"type":"Feature","geometry":{"type":"Polygon","coordinates":[[[10.2275423,45.5391601],[10.2275218,45.5390702],[10.2275,45.5390672],[10.2275147,45.5388999],[10.2273569,45.5388759],[10.2272897,45.5388656],[10.227319,45.5389747],[10.2272661,45.5389953],[10.2273066,45.5391886],[10.2274154,45.5391743],[10.2275423,45.5391601]]]},"properties":{"site":"brescia","name":null,"category":"other","historic":null,"building":"yes","osm_id":201832040}},{"type":"Feature","geometry":{"type":"Polygon","coordinates":[[[10.2261618,45.5390967],[10.2257619,45.5391664],[10.2257855,45.5393245],[10.2258735,45.5393204],[10.2258682,45.5392958],[10.2261406,45.5392662],[10.2261718,45.5392713],[10.2261601,45.5392158],[10.2261971,45.5392096],[10.2261618,45.5390967]]]},"properties":{"site":"brescia","name":null,"category":"other","historic":null,"building":"yes","osm_id":201832041}},{"type":"Feature","geometry":{"type":"Polygon","coordinates":[[[10.2262043,45.5365471],[10.22568,45.5366095],[10.2254424,45.5366443],[10.2254603,45.5366819],[10.2255676,45.5366706],[10.2255711,45.5366819],[10.2262111,45.5365942],[10.2262043,45.5365471]]]},"properties":{"site":"brescia","name":null,"category":"other","historic":null,"building":"yes","osm_id":202574014}},{"type":"Feature","geometry":{"type":"Polygon","coordinates":[[[10.2265323,45.5371591],[10.2265271,45.5371156],[10.2265073,45.536955],[10.2264823,45.5368661],[10.2264287,45.5366294],[10.2263107,45.5366344],[10.2263661,45.5369124],[10.2262611,45.5369206],[10.226251,45.5368547],[10.2262111,45.5365942],[10.2262043,45.5365471],[10.2264363,45.5365418],[10.2264358,45.5365869],[10.2264859,45.5365844],[10.226478,45.5365368],[10.226925,45.5365161],[10.2269389,45.5365672],[10.2270186,45.5365609],[10.2270319,45.5366073],[10.2270363,45.5366282],[10.2268896,45.536638],[10.2268824,45.5365717],[10.2265323,45.5365944],[10.2265824,45.536831],[10.2266092,45.5369162],[10.2266432,45.5371528],[10.2265323,45.5371591]]]},"properties":{"site":"brescia","name":null,"category":"other","historic":null,"building":"yes","osm_id":202574015}},{"type":"Feature","geometry":{"type":"Polygon","coordinates":[[[10.2223807,45.537129],[10.2222589,45.5371469],[10.2222801,45.537218],[10.222402,45.5372002],[10.2223807,45.537129]]]},"properties":{"site":"brescia","name":null,"category":"other","historic":null,"building":"apartments","osm_id":202574016}},{"type":"Feature","geometry":{"type":"Polygon","coordinates":[[[10.2228786,45.5368992],[10.2230394,45.53688],[10.2230585,45.5369582],[10.2228977,45.5369774],[10.2228786,45.5368992]]]},"properties":{"site":"brescia","name":null,"category":"other","historic":null,"building":"yes","osm_id":202574017}},{"type":"Feature","geometry":{"type":"Polygon","coordinates":[[[10.2229042,45.5370012],[10.2229065,45.537001],[10.2229157,45.5370368],[10.2228563,45.5370448],[10.222847,45.5370085],[10.2229042,45.5370012]]]},"properties":{"site":"brescia","name":null,"category":"other","historic":null,"building":"yes","osm_id":202574018}},{"type":"Feature","geometry":{"type":"Polygon","coordinates":[[[10.226056,45.5369295],[10.2261515,45.5369197],[10.2261896,45.5371012],[10.2260941,45.5371111],[10.226056,45.5369295]]]},"properties":{"site":"brescia","name":null,"category":"other","historic":null,"building":"yes","osm_id":202574019}},{"type":"Feature","geometry":{"type":"Polygon","coordinates":[[[10.2256603,45.5367618],[10.2256956,45.5368949],[10.2256626,45.5368991],[10.2255886,45.5369088],[10.2255729,45.5368496],[10.2255894,45.5368475],[10.2255698,45.5367735],[10.2256024,45.5367693],[10.2256603,45.5367618]]]},"properties":{"site":"brescia","name":null,"category":"other","historic":null,"building":"yes","osm_id":202574020}},{"type":"Feature","geometry":{"type":"Polygon","coordinates":[[[10.2225875,45.5370625],[10.2225614,45.5369365],[10.2228786,45.5368992],[10.2228977,45.5369774],[10.2229042,45.5370012],[10.222847,45.5370085],[10.2227965,45.5370151],[10.2228042,45.5370507],[10.2226151,45.5370701],[10.2225875,45.5370625]]]},"properties":{"site":"brescia","name":null,"category":"other","historic":null,"building":"yes","osm_id":202574021}},{"type":"Feature","geometry":{"type":"Polygon","coordinates":[[[10.2260903,45.5340751],[10.2261121,45.534072],[10.2261462,45.534236],[10.226117,45.5342451],[10.2261062,45.534226],[10.226064,45.5342363],[10.2260776,45.5342823],[10.2260023,45.5343115],[10.2259496,45.5340655],[10.2260608,45.5340498],[10.2260848,45.5340473],[10.2260903,45.5340751]]]},"properties":{"site":"brescia","name":null,"category":"other","historic":null,"building":"yes","osm_id":202589322}},{"type":"Feature","geometry":{"type":"Polygon","coordinates":[[[10.2268946,45.5338506],[10.2268532,45.5338391],[10.2268437,45.5337937],[10.226921,45.5337907],[10.2269763,45.5337133],[10.2269485,45.5336995],[10.2269454,45.5336692],[10.2269949,45.5336601],[10.226969,45.5335534],[10.2270379,45.5335459],[10.2271298,45.5335359],[10.2271309,45.5335442],[10.2272056,45.5335387],[10.2272058,45.5335473],[10.2271288,45.5335535],[10.2271362,45.5335987],[10.2272541,45.5336191],[10.2270156,45.5339021],[10.2268946,45.5338506]]]},"properties":{"site":"brescia","name":null,"category":"other","historic":null,"building":"yes","osm_id":202589323}},{"type":"Feature","geometry":{"type":"Polygon","coordinates":[[[10.2268545,45.5334444],[10.226856,45.5334572],[10.2268441,45.5334582],[10.2267836,45.5334633],[10.2267877,45.5334993],[10.2267593,45.5335019],[10.2266907,45.5335082],[10.2266847,45.5334537],[10.2266046,45.53346],[10.2266129,45.5335188],[10.2264796,45.5335295],[10.2264779,45.5335056],[10.226266,45.5335195],[10.22618,45.5335251],[10.2261635,45.5334209],[10.2263638,45.5334022],[10.2267998,45.5333616],[10.2268969,45.5333526],[10.2271585,45.5333282],[10.2271701,45.533393],[10.2271731,45.5334136],[10.2270187,45.5334285],[10.2268545,45.5334444]]]},"properties":{"site":"brescia","name":null,"category":"other","historic":null,"building":"apartments","osm_id":202589324}},{"type":"Feature","geometry":{"type":"Polygon","coordinates":[[[10.2251254,45.533756],[10.2251445,45.5337529],[10.2253825,45.5337328],[10.2253603,45.533645],[10.2254197,45.5336382],[10.2254965,45.5339307],[10.2254346,45.5339398],[10.2254065,45.5338232],[10.2252766,45.5338393],[10.2252796,45.533864],[10.225193,45.5338743],[10.2251871,45.5338393],[10.2250644,45.5338512],[10.2250694,45.5338797],[10.2251495,45.5338729],[10.2251671,45.5339896],[10.225129,45.5339927],[10.225135,45.5340496],[10.2251059,45.5340522],[10.2250375,45.5340585],[10.224937,45.5340677],[10.2249363,45.5340616],[10.2249319,45.534024],[10.2249248,45.5339637],[10.224923,45.5339484],[10.224916,45.5338886],[10.224912,45.533855],[10.2249094,45.5338325],[10.2251324,45.5338077],[10.225129,45.533785],[10.2251254,45.533756]]]},"properties":{"site":"brescia","name":null,"category":"other","historic":null,"building":"apartments","osm_id":202589325}},{"type":"Feature","geometry":{"type":"Polygon","coordinates":[[[10.226249,45.534204],[10.22645,45.5341358],[10.2264676,45.5341612],[10.2262666,45.5342295],[10.226249,45.534204]]]},"properties":{"site":"brescia","name":null,"category":"other","historic":null,"building":"yes","osm_id":202589326}},{"type":"Feature","geometry":{"type":"Polygon","coordinates":[[[10.2263387,45.5337003],[10.226345,45.5337609],[10.2264077,45.5337577],[10.2264333,45.5337564],[10.2264271,45.5336958],[10.2263387,45.5337003]]]},"properties":{"site":"brescia","name":null,"category":"other","historic":null,"building":"yes","osm_id":202589328}},{"type":"Feature","geometry":{"type":"Polygon","coordinates":[[[10.226249,45.534204],[10.2261462,45.534236],[10.226117,45.5342451],[10.2261343,45.534272],[10.2262666,45.5342295],[10.226249,45.534204]]]},"properties":{"site":"brescia","name":null,"category":"other","historic":null,"building":"yes","osm_id":202589329}},{"type":"Feature","geometry":{"type":"Polygon","coordinates":[[[10.225915,45.5338646],[10.2258819,45.5337338],[10.2259562,45.5337244],[10.225963,45.5337642],[10.2260114,45.5337601],[10.2260277,45.5338481],[10.225915,45.5338646]]]},"properties":{"site":"brescia","name":null,"category":"other","historic":null,"building":"yes","osm_id":202589330}},{"type":"Feature","geometry":{"type":"Polygon","coordinates":[[[10.2268516,45.5335067],[10.2267611,45.5335136],[10.2267593,45.5335019],[10.2267877,45.5334993],[10.2267836,45.5334633],[10.2268441,45.5334582],[10.2268516,45.5335067]]]},"properties":{"site":"brescia","name":null,"category":"other","historic":null,"building":"yes","osm_id":202589331}},{"type":"Feature","geometry":{"type":"Polygon","coordinates":[[[10.2262579,45.5336645],[10.2262492,45.5336094],[10.2261945,45.5336136],[10.22618,45.5335251],[10.226266,45.5335195],[10.2262884,45.5336621],[10.2262579,45.5336645]]]},"properties":{"site":"brescia","name":null,"category":"other","historic":null,"building":"yes","osm_id":202589332}},{"type":"Feature","geometry":{"type":"Polygon","coordinates":[[[10.2271202,45.533468],[10.2271298,45.5335359],[10.2270379,45.5335459],[10.2270187,45.5334285],[10.2271731,45.5334136],[10.227179,45.5334623],[10.2271202,45.533468]]]},"properties":{"site":"brescia","name":null,"category":"other","historic":null,"building":"yes","osm_id":202589333}},{"type":"Feature","geometry":{"type":"Polygon","coordinates":[[[10.2275483,45.5390359],[10.2275378,45.5389112],[10.2281212,45.5388795],[10.2281658,45.5390313],[10.228171,45.539049],[10.2282462,45.5393049],[10.2281728,45.5393184],[10.2278454,45.5393784],[10.2278346,45.5393366],[10.2278025,45.5392114],[10.2280631,45.5391713],[10.228025,45.5390435],[10.2276823,45.5390494],[10.2276793,45.5390306],[10.2275483,45.5390359]]]},"properties":{"site":"brescia","name":null,"category":"other","historic":null,"building":"apartments","osm_id":202816488}},{"type":"Feature","geometry":{"type":"Polygon","coordinates":[[[10.2309783,45.5376038],[10.2311006,45.5376045],[10.2311192,45.5377094],[10.2311291,45.5377651],[10.2311472,45.5378603],[10.2311533,45.5378921],[10.2311574,45.5379184],[10.2311361,45.5379201],[10.2310774,45.5379267],[10.2310674,45.5379278],[10.2310638,45.53791],[10.2310212,45.5379149],[10.2309817,45.5377394],[10.2309783,45.5376038]]]},"properties":{"site":"brescia","name":null,"category":"other","historic":null,"building":"apartments","osm_id":202816489}},{"type":"Feature","geometry":{"type":"Polygon","coordinates":[[[10.2274831,45.5371913],[10.2280436,45.5371431],[10.2280574,45.5372816],[10.2279267,45.5372925],[10.2279267,45.5373563],[10.2280299,45.5373539],[10.2280041,45.5374611],[10.2278528,45.5374659],[10.2278476,45.537337],[10.2277084,45.537343],[10.227717,45.5374382],[10.227741,45.537437],[10.2277427,45.5374695],[10.2275622,45.5374695],[10.2275674,45.5374442],[10.2275192,45.537437],[10.2275043,45.5373052],[10.2274831,45.5371913]]]},"properties":{"site":"brescia","name":null,"category":"other","historic":null,"building":"apartments","osm_id":202816490}},{"type":"Feature","geometry":{"type":"Polygon","coordinates":[[[10.2293869,45.5386958],[10.229659,45.5386573],[10.2296322,45.5385644],[10.2296169,45.5385666],[10.2295725,45.5385728],[10.2295522,45.5385757],[10.229436,45.5385922],[10.2294201,45.5385944],[10.2293601,45.5386029],[10.2293869,45.5386958]]]},"properties":{"site":"brescia","name":null,"category":"other","historic":null,"building":"apartments","osm_id":202816493}},{"type":"Feature","geometry":{"type":"Polygon","coordinates":[[[10.229702,45.5388049],[10.2297124,45.5388331],[10.2296593,45.5388422],[10.2296489,45.538814],[10.229702,45.5388049]]]},"properties":{"site":"brescia","name":null,"category":"other","historic":null,"building":"apartments","osm_id":202816495}},{"type":"Feature","geometry":{"type":"Polygon","coordinates":[[[10.2276394,45.5382014],[10.2277147,45.5381896],[10.227748,45.5382936],[10.2276727,45.5383054],[10.2276394,45.5382014]]]},"properties":{"site":"brescia","name":null,"category":"other","historic":null,"building":"yes","osm_id":202816497}},{"type":"Feature","geometry":{"type":"Polygon","coordinates":[[[10.2272659,45.5374733],[10.2272558,45.5374197],[10.2272434,45.537354],[10.2273733,45.5373422],[10.2273905,45.5374584],[10.2272659,45.5374733]]]},"properties":{"site":"brescia","name":null,"category":"other","historic":null,"building":"yes","osm_id":202816498}},{"type":"Feature","geometry":{"type":"Polygon","coordinates":[[[10.2307543,45.5383525],[10.2309482,45.5383385],[10.230916,45.5381266],[10.2309084,45.5379235],[10.2309058,45.5379014],[10.2307002,45.5379203],[10.2307543,45.5383525]]]},"properties":{"site":"brescia","name":"Caserma Giuseppe Masotti","category":"barracks","historic":null,"building":"yes","osm_id":202816499}},{"type":"Feature","geometry":{"type":"Polygon","coordinates":[[[10.2278454,45.5393784],[10.2278346,45.5393366],[10.227622,45.5393496],[10.2276281,45.539393],[10.2278454,45.5393784]]]},"properties":{"site":"brescia","name":null,"category":"other","historic":null,"building":"yes","osm_id":202816500}},{"type":"Feature","geometry":{"type":"Polygon","coordinates":[[[10.2309455,45.5388069],[10.2306941,45.5388384],[10.2307005,45.5387308],[10.2309842,45.5387258],[10.2309455,45.5388069]]]},"properties":{"site":"brescia","name":null,"category":"other","historic":null,"building":"apartments","osm_id":202816501}},{"type":"Feature","geometry":{"type":"Polygon","coordinates":[[[10.230533,45.5377426],[10.2305217,45.5376972],[10.2301889,45.5377465],[10.230224,45.5379284],[10.230943,45.5378479],[10.2308945,45.5376572],[10.2306144,45.5376875],[10.2306242,45.537731],[10.230533,45.5377426]]]},"properties":{"site":"brescia","name":"Caserma Giuseppe Masotti","category":"barracks","historic":null,"building":"yes","osm_id":202816502}},{"type":"Feature","geometry":{"type":"Polygon","coordinates":[[[10.2274022,45.5376205],[10.2274203,45.537695],[10.2276437,45.5376685],[10.2276256,45.5375939],[10.2275433,45.5376032],[10.2274022,45.5376205]]]},"properties":{"site":"brescia","name":null,"category":"other","historic":null,"building":"yes","osm_id":202816503}},{"type":"Feature","geometry":{"type":"Polygon","coordinates":[[[10.2272434,45.537354],[10.2272177,45.5372155],[10.2274831,45.5371913],[10.2275043,45.5373052],[10.2273687,45.5373176],[10.2273733,45.5373422],[10.2272434,45.537354]]]},"properties":{"site":"brescia","name":null,"category":"other","historic":null,"building":"apartments","osm_id":202816507}},{"type":"Feature","geometry":{"type":"Polygon","coordinates":[[[10.2303398,45.5386397],[10.2303775,45.5387754],[10.2302778,45.5387866],[10.2302461,45.5386826],[10.2302373,45.5386536],[10.2302611,45.5386504],[10.2303398,45.5386397]]]},"properties":{"site":"brescia","name":null,"category":"other","historic":null,"building":"apartments","osm_id":202816508}},{"type":"Feature","geometry":{"type":"Polygon","coordinates":[[[10.2288732,45.5385569],[10.2290658,45.5385154],[10.2290599,45.5384334],[10.2289443,45.5384541],[10.2288896,45.5382699],[10.2287902,45.538286],[10.2288732,45.5385569]]]},"properties":{"site":"brescia","name":null,"category":"other","historic":null,"building":"yes","osm_id":202816509}},{"type":"Feature","geometry":{"type":"Polygon","coordinates":[[[10.2294423,45.5387199],[10.2296669,45.5386875],[10.229702,45.5388049],[10.2296489,45.538814],[10.2296188,45.5388194],[10.2295994,45.5387512],[10.2294576,45.5387717],[10.2294423,45.5387199]]]},"properties":{"site":"brescia","name":null,"category":"other","historic":null,"building":"apartments","osm_id":202816510}},{"type":"Feature","geometry":{"type":"Polygon","coordinates":[[[10.2309964,45.5379896],[10.2310786,45.5379881],[10.2310774,45.5379267],[10.2310674,45.5379278],[10.2310638,45.53791],[10.2310212,45.5379149],[10.2309976,45.537917],[10.2309964,45.5379896]]]},"properties":{"site":"brescia","name":"Caserma Giuseppe Masotti","category":"barracks","historic":null,"building":"yes","osm_id":202816511}},{"type":"Feature","geometry":{"type":"Polygon","coordinates":[[[10.2299658,45.538725],[10.2302461,45.5386826],[10.2302373,45.5386536],[10.2302611,45.5386504],[10.2302486,45.5386099],[10.2299462,45.538648],[10.2299658,45.538725]]]},"properties":{"site":"brescia","name":null,"category":"other","historic":null,"building":"yes","osm_id":202816513}},{"type":"Feature","geometry":{"type":"Polygon","coordinates":[[[10.2302426,45.5384117],[10.2302528,45.5385409],[10.2307814,45.5384949],[10.2307833,45.5385082],[10.2308611,45.5385029],[10.2308572,45.5384746],[10.2309222,45.5384701],[10.2309152,45.5384198],[10.2309528,45.5384173],[10.2309437,45.5383515],[10.2302426,45.5384117]]]},"properties":{"site":"brescia","name":"Caserma Giuseppe Masotti","category":"barracks","historic":null,"building":"yes","osm_id":202816514}},{"type":"Feature","geometry":{"type":"Polygon","coordinates":[[[10.2188125,45.5434539],[10.2186968,45.5434746],[10.2186348,45.543432],[10.2187024,45.5433838],[10.2188125,45.5434539]]]},"properties":{"site":"brescia","name":null,"category":"other","historic":null,"building":"yes","osm_id":203881664}},{"type":"Feature","geometry":{"type":"Polygon","coordinates":[[[10.2195651,45.5431765],[10.2194063,45.543215],[10.2194551,45.5432824],[10.2196201,45.5432379],[10.2195651,45.5431765]]]},"properties":{"site":"brescia","name":null,"category":"other","historic":null,"building":"yes","osm_id":203881665}},{"type":"Feature","geometry":{"type":"Polygon","coordinates":[[[10.2190471,45.5431539],[10.2187967,45.5429755],[10.2187149,45.5429172],[10.2185731,45.5428162],[10.2186079,45.5427922],[10.2190655,45.5431182],[10.2190819,45.5431299],[10.2190471,45.5431539]]]},"properties":{"site":"brescia","name":null,"category":"other","historic":null,"building":"yes","osm_id":203881667}},{"type":"Feature","geometry":{"type":"Polygon","coordinates":[[[10.2195684,45.5424272],[10.2195841,45.5424484],[10.2196169,45.5424927],[10.2196406,45.5425247],[10.2194756,45.5425981],[10.219365,45.542672],[10.2192795,45.5425233],[10.219376,45.5424766],[10.2194374,45.5424584],[10.2194669,45.5424497],[10.2194859,45.5424441],[10.2195405,45.5424329],[10.2195684,45.5424272]]]},"properties":{"site":"brescia","name":null,"category":"other","historic":null,"building":"yes","osm_id":203881668}},{"type":"Feature","geometry":{"type":"Polygon","coordinates":[[[10.2196201,45.5432379],[10.2197181,45.5432161],[10.2197384,45.5432116],[10.2196414,45.5431164],[10.2196162,45.5431279],[10.2195928,45.5431386],[10.2195205,45.543072],[10.2194723,45.5430911],[10.2195651,45.5431765],[10.2196201,45.5432379]]]},"properties":{"site":"brescia","name":null,"category":"other","historic":null,"building":"yes","osm_id":203881669}},{"type":"Feature","geometry":{"type":"Polygon","coordinates":[[[10.2183657,45.5431979],[10.2181749,45.5430667],[10.2182205,45.5430524],[10.2182093,45.5430306],[10.2182712,45.5429933],[10.2184281,45.5431053],[10.2184571,45.5431259],[10.2184205,45.5431547],[10.2183775,45.5431886],[10.2183657,45.5431979]]]},"properties":{"site":"brescia","name":null,"category":"other","historic":null,"building":"yes","osm_id":203881670}},{"type":"Feature","geometry":{"type":"Polygon","coordinates":[[[10.2268244,45.531854],[10.2269431,45.5318314],[10.2269199,45.5317407],[10.2267976,45.5317506],[10.2268244,45.531854]]]},"properties":{"site":"brescia","name":null,"category":"other","historic":null,"building":"yes","osm_id":205486731}},{"type":"Feature","geometry":{"type":"Polygon","coordinates":[[[10.2264177,45.5319057],[10.2262951,45.5319137],[10.2262715,45.5318231],[10.2263909,45.5318023],[10.2264177,45.5319057]]]},"properties":{"site":"brescia","name":null,"category":"other","historic":null,"building":"yes","osm_id":205486732}},{"type":"Feature","geometry":{"type":"Polygon","coordinates":[[[10.2265025,45.5315778],[10.2264045,45.5315886],[10.2263835,45.5314952],[10.2268633,45.5314422],[10.2268843,45.5315356],[10.2266336,45.5315633],[10.2265025,45.5315778]]]},"properties":{"site":"brescia","name":null,"category":"other","historic":null,"building":"yes","osm_id":205486734}},{"type":"Feature","geometry":{"type":"Polygon","coordinates":[[[10.2266286,45.531772],[10.2267976,45.5317506],[10.2268244,45.531854],[10.2264177,45.5319057],[10.2263909,45.5318023],[10.2265596,45.5317808],[10.2266286,45.531772]]]},"properties":{"site":"brescia","name":null,"category":"other","historic":null,"building":"yes","osm_id":205486736}},{"type":"Feature","geometry":{"type":"Polygon","coordinates":[[[10.2289835,45.5365535],[10.2289891,45.5365696],[10.2290051,45.5366158],[10.2290124,45.5366368],[10.229165,45.5366167],[10.2291722,45.5366681],[10.229234,45.5366641],[10.2292211,45.5365714],[10.2292005,45.5365712],[10.2291933,45.5364997],[10.2291453,45.5365016],[10.2291464,45.5365281],[10.2289835,45.5365535]]]},"properties":{"site":"brescia","name":null,"category":"other","historic":null,"building":"apartments","osm_id":205490212}},{"type":"Feature","geometry":{"type":"Polygon","coordinates":[[[10.2288027,45.5365656],[10.228797,45.5364977],[10.2287089,45.5365066],[10.228603,45.5365174],[10.2286016,45.5364918],[10.2284962,45.5364947],[10.2284965,45.5364478],[10.2285251,45.5364479],[10.2286815,45.5364486],[10.2289119,45.5364495],[10.2289343,45.5365321],[10.2289418,45.5365597],[10.2288839,45.5365614],[10.2288027,45.5365656]]]},"properties":{"site":"brescia","name":null,"category":"other","historic":null,"building":"yes","osm_id":205490214}},{"type":"Feature","geometry":{"type":"Polygon","coordinates":[[[10.2284962,45.5364947],[10.2285061,45.5366256],[10.2286337,45.5366147],[10.2286357,45.536644],[10.2287392,45.5366352],[10.2287343,45.5366101],[10.2287067,45.5366128],[10.228701,45.5365665],[10.2287165,45.5365646],[10.2287089,45.5365066],[10.228603,45.5365174],[10.2286016,45.5364918],[10.2284962,45.5364947]]]},"properties":{"site":"brescia","name":null,"category":"other","historic":null,"building":"yes","osm_id":205490215}},{"type":"Feature","geometry":{"type":"Polygon","coordinates":[[[10.22934,45.5365725],[10.229341,45.5365765],[10.2293431,45.536585],[10.2293451,45.5365934],[10.2293487,45.5366079],[10.2294064,45.5368426],[10.2293187,45.5368718],[10.2291071,45.5369022],[10.2290851,45.5368333],[10.2293068,45.5368017],[10.2293015,45.536762],[10.2292946,45.5367022],[10.2292222,45.5367015],[10.2291722,45.5366681],[10.229234,45.5366641],[10.2292909,45.5366611],[10.2292826,45.5365698],[10.22934,45.5365725]]]},"properties":{"site":"brescia","name":null,"category":"other","historic":null,"building":"yes","osm_id":205490216}},{"type":"Feature","geometry":{"type":"Polygon","coordinates":[[[10.2290851,45.5368333],[10.2290701,45.5367927],[10.2290502,45.5367391],[10.2290273,45.536677],[10.229024,45.5366681],[10.2290163,45.5366473],[10.2290124,45.5366368],[10.229165,45.5366167],[10.2291722,45.5366681],[10.2292222,45.5367015],[10.2292294,45.536764],[10.2293015,45.536762],[10.2293068,45.5368017],[10.2290851,45.5368333]]]},"properties":{"site":"brescia","name":null,"category":"other","historic":null,"building":"apartments","osm_id":205490218}},{"type":"Feature","geometry":{"type":"Polygon","coordinates":[[[10.2306966,45.5375686],[10.2308961,45.537551],[10.2308915,45.5373342],[10.2308907,45.5372956],[10.2306532,45.5372652],[10.2305786,45.5372556],[10.2305628,45.5373029],[10.2305475,45.5373623],[10.2306904,45.5373864],[10.2306817,45.5374025],[10.2307357,45.5374051],[10.2308314,45.5374076],[10.2308278,45.5374579],[10.2307268,45.5374595],[10.230684,45.5374592],[10.2306966,45.5375686]]]},"properties":{"site":"brescia","name":null,"category":"other","historic":null,"building":"yes","osm_id":205832853}},{"type":"Feature","geometry":{"type":"Polygon","coordinates":[[[10.230684,45.5374592],[10.2306713,45.5374602],[10.230537,45.5374711],[10.2305327,45.5375173],[10.2304615,45.5375119],[10.2304645,45.5374769],[10.2304336,45.5374795],[10.2302198,45.5375084],[10.2302252,45.5375273],[10.2300239,45.537565],[10.2300274,45.5376613],[10.2303355,45.5376152],[10.2304595,45.5375989],[10.2306966,45.5375686],[10.230684,45.5374592]]]},"properties":{"site":"brescia","name":null,"category":"other","historic":null,"building":"apartments","osm_id":205832854}},{"type":"Feature","geometry":{"type":"Polygon","coordinates":[[[10.2305578,45.5369651],[10.2307173,45.5369515],[10.2307156,45.5370931],[10.2308157,45.5370918],[10.2308175,45.5369442],[10.2308491,45.5369429],[10.2308421,45.5368026],[10.230814,45.5368026],[10.2307946,45.5367079],[10.2306787,45.5367202],[10.2306927,45.5368322],[10.2305768,45.536842],[10.2305733,45.5368949],[10.23051,45.5368974],[10.2305094,45.5369154],[10.2304803,45.536915],[10.2304556,45.5369146],[10.2304523,45.5370157],[10.2304503,45.5370968],[10.2305539,45.5370982],[10.230555,45.5370616],[10.2305578,45.5369651]]]},"properties":{"site":"brescia","name":null,"category":"other","historic":null,"building":"apartments","osm_id":205832856}},{"type":"Feature","geometry":{"type":"Polygon","coordinates":[[[10.2304259,45.536665],[10.2307968,45.5365569],[10.2308493,45.5366933],[10.2308757,45.536804],[10.2308777,45.5368784],[10.2308835,45.5370932],[10.2308868,45.5372144],[10.2307105,45.5372114],[10.2306116,45.5371976],[10.2305973,45.5371956],[10.2305535,45.5371851],[10.2304447,45.537159],[10.2303848,45.5371446],[10.2303668,45.5371403],[10.230314,45.5371276],[10.2302127,45.5371033],[10.2302227,45.5370514],[10.2303398,45.5370502],[10.2303416,45.5370169],[10.2304523,45.5370157],[10.2304503,45.5370968],[10.2305539,45.5370982],[10.230555,45.5370616],[10.2307156,45.5370931],[10.2308157,45.5370918],[10.2308175,45.5369442],[10.2308491,45.5369429],[10.2308421,45.5368026],[10.230814,45.5368026],[10.2307946,45.5367079],[10.2306787,45.5367202],[10.2306781,45.5367089],[10.230447,45.5367641],[10.2304259,45.536665]]]},"properties":{"site":"brescia","name":null,"category":"other","historic":null,"building":"apartments","osm_id":205832857}},{"type":"Feature","geometry":{"type":"Polygon","coordinates":[[[10.2300874,45.5372923],[10.2302204,45.5373024],[10.2302096,45.5373842],[10.2301485,45.5373842],[10.2301503,45.5373678],[10.2300838,45.5373641],[10.2300874,45.5372923]]]},"properties":{"site":"brescia","name":null,"category":"other","historic":null,"building":"yes","osm_id":205832858}},{"type":"Feature","geometry":{"type":"Polygon","coordinates":[[[10.2306713,45.5374602],[10.2306658,45.5374264],[10.2306817,45.5374025],[10.2307357,45.5374051],[10.2307268,45.5374226],[10.2307268,45.5374595],[10.230684,45.5374592],[10.2306713,45.5374602]]]},"properties":{"site":"brescia","name":null,"category":"other","historic":null,"building":"yes","osm_id":205832859}},{"type":"Feature","geometry":{"type":"Polygon","coordinates":[[[10.2305327,45.5375173],[10.230537,45.5374711],[10.2305475,45.5373623],[10.2305628,45.5373029],[10.2304927,45.5372909],[10.2304766,45.5373374],[10.2304645,45.5374769],[10.2304615,45.5375119],[10.2305327,45.5375173]]]},"properties":{"site":"brescia","name":null,"category":"other","historic":null,"building":"yes","osm_id":205832860}},{"type":"Feature","geometry":{"type":"Polygon","coordinates":[[[10.2304803,45.536915],[10.2304556,45.5369146],[10.2303574,45.5369173],[10.2303556,45.5368643],[10.2302028,45.5368791],[10.2300048,45.5369062],[10.2299542,45.536793],[10.2304259,45.536665],[10.230447,45.5367641],[10.2304803,45.536915]]]},"properties":{"site":"brescia","name":null,"category":"other","historic":null,"building":"apartments","osm_id":205832861}},{"type":"Feature","geometry":{"type":"Polygon","coordinates":[[[10.2294154,45.5365249],[10.2296228,45.5365156],[10.2296239,45.536532],[10.2297155,45.5365293],[10.2297167,45.5365708],[10.2296183,45.5365734],[10.2296188,45.5365988],[10.2295239,45.536603],[10.2295324,45.53669],[10.2294388,45.5367034],[10.2294304,45.5366391],[10.229428,45.5366211],[10.2294253,45.5366002],[10.2294228,45.5365811],[10.2294169,45.5365364],[10.2294154,45.5365249]]]},"properties":{"site":"brescia","name":null,"category":"other","historic":null,"building":"yes","osm_id":206418517}},{"type":"Feature","geometry":{"type":"Polygon","coordinates":[[[10.2302505,45.5364048],[10.2298344,45.5363916],[10.2298378,45.5364883],[10.2300216,45.5364816],[10.2301054,45.5364756],[10.2301136,45.5365416],[10.2301849,45.5365373],[10.2301893,45.5365577],[10.2302688,45.5365444],[10.2302644,45.5365137],[10.2302505,45.5364048]]]},"properties":{"site":"brescia","name":null,"category":"other","historic":null,"building":"apartments","osm_id":206418518}},{"type":"Feature","geometry":{"type":"Polygon","coordinates":[[[10.2296757,45.5366144],[10.2295913,45.5366184],[10.2295958,45.5366869],[10.229609,45.5367921],[10.2298643,45.5367434],[10.2302778,45.5366295],[10.2302688,45.5365444],[10.2301893,45.5365577],[10.2300369,45.5365793],[10.2298776,45.5366022],[10.2298747,45.5365452],[10.2298218,45.5365465],[10.2298249,45.5366075],[10.2297265,45.5366109],[10.2297249,45.5365903],[10.2296739,45.5365923],[10.2296757,45.5366144]]]},"properties":{"site":"brescia","name":null,"category":"other","historic":null,"building":"apartments","osm_id":206418519}},{"type":"Feature","geometry":{"type":"Polygon","coordinates":[[[10.2302505,45.5364048],[10.2302987,45.5364071],[10.2303069,45.5365089],[10.2302644,45.5365137],[10.2302505,45.5364048]]]},"properties":{"site":"brescia","name":null,"category":"other","historic":null,"building":"yes","osm_id":206418520}},{"type":"Feature","geometry":{"type":"Polygon","coordinates":[[[10.2304657,45.5364842],[10.2305506,45.5364729],[10.2305558,45.5365552],[10.2304739,45.5365784],[10.2304657,45.5364842]]]},"properties":{"site":"brescia","name":null,"category":"other","historic":null,"building":"apartments","osm_id":206418521}},{"type":"Feature","geometry":{"type":"Polygon","coordinates":[[[10.2294527,45.5368277],[10.229609,45.5367921],[10.2295958,45.5366869],[10.2295324,45.53669],[10.2294388,45.5367034],[10.2294527,45.5368277]]]},"properties":{"site":"brescia","name":null,"category":"other","historic":null,"building":"apartments","osm_id":206418522}},{"type":"Feature","geometry":{"type":"Polygon","coordinates":[[[10.2305558,45.5365552],[10.2307584,45.5364944],[10.2307336,45.5363837],[10.2304624,45.5363971],[10.2304657,45.5364842],[10.2305506,45.5364729],[10.2305558,45.5365552]]]},"properties":{"site":"brescia","name":null,"category":"other","historic":null,"building":"yes","osm_id":206418525}},{"type":"Feature","geometry":{"type":"Polygon","coordinates":[[[10.2302778,45.5366295],[10.2304739,45.5365784],[10.2304657,45.5364842],[10.2303069,45.5365089],[10.2302644,45.5365137],[10.2302688,45.5365444],[10.2302778,45.5366295]]]},"properties":{"site":"brescia","name":null,"category":"other","historic":null,"building":"apartments","osm_id":206418526}},{"type":"Feature","geometry":{"type":"Polygon","coordinates":[[[10.2296022,45.5363973],[10.2298344,45.5363916],[10.2298378,45.5364883],[10.2298383,45.5365155],[10.2297331,45.5365168],[10.2297327,45.5365009],[10.229603,45.5365009],[10.2296022,45.5363973]]]},"properties":{"site":"brescia","name":null,"category":"other","historic":null,"building":"apartments","osm_id":206418527}},{"type":"Feature","geometry":{"type":"Polygon","coordinates":[[[10.224682,45.5370921],[10.2248857,45.5370737],[10.2249278,45.5370699],[10.2249392,45.5371415],[10.2249605,45.5371415],[10.2249538,45.5371886],[10.2248316,45.5372007],[10.2248283,45.5371808],[10.2246949,45.5371918],[10.2246926,45.5371741],[10.224682,45.5370921]]]},"properties":{"site":"brescia","name":null,"category":"other","historic":null,"building":"yes","osm_id":206422185}},{"type":"Feature","geometry":{"type":"Polygon","coordinates":[[[10.2246251,45.5369522],[10.2246313,45.5370975],[10.224682,45.5370921],[10.2246926,45.5371741],[10.224569,45.5371813],[10.2245643,45.5371347],[10.2244961,45.5371369],[10.2244866,45.5370692],[10.224281,45.5370806],[10.2242785,45.5369636],[10.2245051,45.5369192],[10.2245189,45.53696],[10.2246251,45.5369522]]]},"properties":{"site":"brescia","name":null,"category":"other","historic":null,"building":"yes","osm_id":206422186}},{"type":"Feature","geometry":{"type":"Polygon","coordinates":[[[10.2249278,45.5370699],[10.2249392,45.5371415],[10.2249605,45.5371415],[10.2249749,45.5370735],[10.2249939,45.5370484],[10.2250134,45.5370099],[10.2249072,45.5369922],[10.2248857,45.5370737],[10.2249278,45.5370699]]]},"properties":{"site":"brescia","name":null,"category":"other","historic":null,"building":"yes","osm_id":206422187}},{"type":"Feature","geometry":{"type":"Polygon","coordinates":[[[10.2246251,45.5368445],[10.2246544,45.5368395],[10.2248385,45.5368082],[10.224922,45.5367939],[10.2249646,45.5367867],[10.2249704,45.5367857],[10.2249906,45.5367852],[10.2250431,45.5367839],[10.2250609,45.5368834],[10.2250134,45.5370099],[10.2249072,45.5369922],[10.2249341,45.5369122],[10.2248612,45.5369156],[10.2246251,45.5369522],[10.2246251,45.5368445]]]},"properties":{"site":"brescia","name":null,"category":"other","historic":null,"building":"apartments","osm_id":206422188}},{"type":"Feature","geometry":{"type":"Polygon","coordinates":[[[10.2239135,45.5339547],[10.2239179,45.5339911],[10.2238847,45.5339924],[10.2238832,45.533973],[10.2238636,45.5339737],[10.2238717,45.5340786],[10.2238735,45.5341043],[10.2241123,45.5340888],[10.2240997,45.5339904],[10.2240901,45.5339288],[10.2239135,45.5339547]]]},"properties":{"site":"brescia","name":null,"category":"other","historic":null,"building":"yes","osm_id":208090963}},{"type":"Feature","geometry":{"type":"Polygon","coordinates":[[[10.2242157,45.5341313],[10.2243666,45.5341219],[10.2243736,45.5341774],[10.224381,45.5343113],[10.2244736,45.5343081],[10.2244794,45.5343884],[10.2243394,45.5343932],[10.2243371,45.5343792],[10.2243353,45.5343357],[10.2242241,45.5343394],[10.2242224,45.5342968],[10.2242734,45.5342958],[10.2242643,45.534168],[10.2242172,45.5341696],[10.224217,45.5341629],[10.2242157,45.5341313]]]},"properties":{"site":"brescia","name":null,"category":"other","historic":null,"building":"yes","osm_id":208090964}},{"type":"Feature","geometry":{"type":"Polygon","coordinates":[[[10.2234083,45.5343759],[10.2235099,45.534377],[10.2235103,45.5342905],[10.2234871,45.5342911],[10.2234802,45.5341681],[10.2236607,45.5341623],[10.2236611,45.5343058],[10.2236984,45.5343056],[10.2237849,45.5343078],[10.2237849,45.5342915],[10.2238286,45.5342905],[10.2238286,45.5343446],[10.2237441,45.5343445],[10.2237412,45.5343905],[10.2238752,45.5343905],[10.2238767,45.5343446],[10.2239623,45.5343446],[10.2239615,45.5344412],[10.2234066,45.5344383],[10.2234083,45.5343759]]]},"properties":{"site":"brescia","name":null,"category":"other","historic":null,"building":"yes","osm_id":208090965}},{"type":"Feature","geometry":{"type":"Polygon","coordinates":[[[10.2233339,45.5341247],[10.2231711,45.5341215],[10.223191,45.533771],[10.2233934,45.533761],[10.2236538,45.533762],[10.2236597,45.5338423],[10.2237237,45.5338402],[10.2237267,45.533886],[10.2238546,45.5338777],[10.2238526,45.5338473],[10.2238736,45.5338463],[10.2238981,45.5339462],[10.2237481,45.5339577],[10.223743,45.533913],[10.2236718,45.5339159],[10.2236703,45.5338837],[10.2236267,45.5338844],[10.2236309,45.5339328],[10.2233419,45.5339438],[10.2233409,45.5340366],[10.223327,45.5340362],[10.2233339,45.5341247]]]},"properties":{"site":"brescia","name":null,"category":"other","historic":null,"building":"yes","osm_id":208090966}},{"type":"Feature","geometry":{"type":"Polygon","coordinates":[[[10.2248235,45.5340889],[10.224835,45.5342503],[10.2248428,45.5343603],[10.2248613,45.5344463],[10.2248727,45.5344994],[10.2249002,45.5344943],[10.2249363,45.5346123],[10.2248299,45.5346268],[10.2248122,45.5346292],[10.22479,45.5345616],[10.2248074,45.5345581],[10.2247979,45.5345232],[10.2246381,45.5345448],[10.2246256,45.5345018],[10.2245955,45.5345038],[10.2245933,45.5344855],[10.224692,45.5344758],[10.2246571,45.534391],[10.2246119,45.5343982],[10.2246003,45.5343369],[10.2246746,45.5343329],[10.2246673,45.5342574],[10.2246239,45.5342593],[10.2246153,45.5342274],[10.2246033,45.5341639],[10.2245591,45.5341658],[10.2245521,45.5341104],[10.2248235,45.5340889]]]},"properties":{"site":"brescia","name":null,"category":"other","historic":null,"building":"yes","osm_id":208090967}},{"type":"Feature","geometry":{"type":"Polygon","coordinates":[[[10.2241493,45.5343833],[10.2241522,45.5344608],[10.2240387,45.5344597],[10.2240021,45.5344598],[10.2240027,45.5344518],[10.2240036,45.5344414],[10.2239615,45.5344412],[10.2239623,45.5343446],[10.2238767,45.5343446],[10.2238286,45.5343446],[10.2238286,45.5342905],[10.2237849,45.5342915],[10.2237697,45.5342211],[10.2236969,45.5342221],[10.2236872,45.5341589],[10.2238192,45.5341487],[10.2238425,45.5342344],[10.2241207,45.5342395],[10.2241207,45.534217],[10.2241528,45.534216],[10.2241528,45.534164],[10.224217,45.5341629],[10.2242172,45.5341696],[10.2242224,45.5342968],[10.2242241,45.5343394],[10.2243353,45.5343357],[10.2243371,45.5343792],[10.2241493,45.5343833]]]},"properties":{"site":"brescia","name":null,"category":"other","historic":null,"building":"yes","osm_id":208090968}},{"type":"Feature","geometry":{"type":"Polygon","coordinates":[[[10.2240475,45.5338533],[10.2240901,45.5339288],[10.2240784,45.5338531],[10.2240475,45.5338533]]]},"properties":{"site":"brescia","name":null,"category":"other","historic":null,"building":"yes","osm_id":208090969}},{"type":"Feature","geometry":{"type":"Polygon","coordinates":[[[10.2234871,45.5342911],[10.2233672,45.5342943],[10.2233629,45.5341699],[10.2234802,45.5341681],[10.2234871,45.5342911]]]},"properties":{"site":"brescia","name":null,"category":"other","historic":null,"building":"yes","osm_id":208090970}},{"type":"Feature","geometry":{"type":"Polygon","coordinates":[[[10.2244985,45.5342406],[10.2246153,45.5342274],[10.2246239,45.5342593],[10.2245122,45.5342743],[10.2244985,45.5342406]]]},"properties":{"site":"brescia","name":null,"category":"other","historic":null,"building":"yes","osm_id":208090971}},{"type":"Feature","geometry":{"type":"Polygon","coordinates":[[[10.2243736,45.5341774],[10.2245591,45.5341658],[10.2245521,45.5341104],[10.2243666,45.5341219],[10.2243736,45.5341774]]]},"properties":{"site":"brescia","name":null,"category":"other","historic":null,"building":"yes","osm_id":208090972}},{"type":"Feature","geometry":{"type":"Polygon","coordinates":[[[10.2241401,45.5341386],[10.223915,45.534147],[10.2239175,45.5341808],[10.2241427,45.5341724],[10.2241401,45.5341386]]]},"properties":{"site":"brescia","name":null,"category":"other","historic":null,"building":"yes","osm_id":208090973}},{"type":"Feature","geometry":{"type":"Polygon","coordinates":[[[10.2236338,45.533996],[10.2237182,45.5339926],[10.223727,45.5341159],[10.2236359,45.5341247],[10.2236354,45.5340729],[10.2236338,45.533996]]]},"properties":{"site":"brescia","name":null,"category":"other","historic":null,"building":"yes","osm_id":208090974}},{"type":"Feature","geometry":{"type":"Polygon","coordinates":[[[10.2234066,45.5344383],[10.223274,45.5344386],[10.2232759,45.5343573],[10.2234087,45.5343589],[10.2234083,45.5343759],[10.2234066,45.5344383]]]},"properties":{"site":"brescia","name":null,"category":"other","historic":null,"building":"yes","osm_id":208090975}},{"type":"Feature","geometry":{"type":"Polygon","coordinates":[[[10.2242359,45.5339811],[10.2242424,45.5340318],[10.2241569,45.5340372],[10.2241504,45.5339865],[10.2242064,45.5339833],[10.2242359,45.5339811]]]},"properties":{"site":"brescia","name":null,"category":"other","historic":null,"building":"yes","osm_id":208090976}},{"type":"Feature","geometry":{"type":"Polygon","coordinates":[[[10.2236984,45.5343056],[10.2236969,45.5342221],[10.2237697,45.5342211],[10.2237849,45.5342915],[10.2237849,45.5343078],[10.2236984,45.5343056]]]},"properties":{"site":"brescia","name":null,"category":"other","historic":null,"building":"yes","osm_id":208090977}},{"type":"Feature","geometry":{"type":"Polygon","coordinates":[[[10.2237164,45.5339793],[10.2238636,45.5339737],[10.2238717,45.5340786],[10.2238194,45.5340806],[10.2238218,45.5341123],[10.223727,45.5341159],[10.2237182,45.5339926],[10.2237164,45.5339793]]]},"properties":{"site":"brescia","name":null,"category":"other","historic":null,"building":"yes","osm_id":208090978}},{"type":"Feature","geometry":{"type":"Polygon","coordinates":[[[10.2246208,45.533958],[10.224633,45.5340575],[10.2246341,45.5340743],[10.2248288,45.5340634],[10.224788,45.5337068],[10.2245949,45.5337185],[10.2246035,45.5338148],[10.2246208,45.533958]]]},"properties":{"site":"brescia","name":null,"category":"other","historic":null,"building":"yes","osm_id":208090979}},{"type":"Feature","geometry":{"type":"Polygon","coordinates":[[[10.2241569,45.5340372],[10.2242424,45.5340318],[10.2242359,45.5339811],[10.2246208,45.533958],[10.224633,45.5340575],[10.2241123,45.5340888],[10.2240997,45.5339904],[10.2241504,45.5339865],[10.2241569,45.5340372]]]},"properties":{"site":"brescia","name":null,"category":"other","historic":null,"building":"yes","osm_id":208090980}},{"type":"Feature","geometry":{"type":"Polygon","coordinates":[[[10.2236538,45.533762],[10.223851,45.5337509],[10.2238736,45.5338463],[10.2238526,45.5338473],[10.2237994,45.5338498],[10.223798,45.5338359],[10.2237237,45.5338402],[10.2236597,45.5338423],[10.2236538,45.533762]]]},"properties":{"site":"brescia","name":null,"category":"other","historic":null,"building":"yes","osm_id":208090981}},{"type":"Feature","geometry":{"type":"Polygon","coordinates":[[[10.2235037,45.534726],[10.2235021,45.5347415],[10.2235173,45.534741],[10.2236417,45.5347367],[10.2236358,45.5346172],[10.2235316,45.5346185],[10.2235297,45.5345628],[10.223513,45.5345634],[10.2235131,45.5345707],[10.2234936,45.5345707],[10.2234903,45.5347249],[10.2235037,45.534726]]]},"properties":{"site":"brescia","name":null,"category":"other","historic":null,"building":"yes","osm_id":208112469}},{"type":"Feature","geometry":{"type":"Polygon","coordinates":[[[10.2240387,45.5344597],[10.2240021,45.5344598],[10.2237696,45.534462],[10.2237754,45.5345577],[10.2238341,45.534556],[10.2238341,45.5345879],[10.2236768,45.5345985],[10.2236787,45.5346144],[10.2236358,45.5346172],[10.2236417,45.5347367],[10.2236427,45.5347578],[10.2236974,45.5347559],[10.2237185,45.5347551],[10.2237166,45.5347379],[10.2239781,45.5347166],[10.2240179,45.5346888],[10.2239762,45.5344897],[10.2240368,45.5344883],[10.2240387,45.5344597]]]},"properties":{"site":"brescia","name":null,"category":"other","historic":null,"building":"yes","osm_id":208112470}},{"type":"Feature","geometry":{"type":"Polygon","coordinates":[[[10.223083,45.5344592],[10.2235098,45.5344697],[10.2235139,45.5345382],[10.223513,45.5345634],[10.2235131,45.5345707],[10.2234936,45.5345707],[10.2234601,45.5345707],[10.2234544,45.534722],[10.2234903,45.5347249],[10.2235037,45.534726],[10.2235021,45.5347415],[10.223498,45.5347817],[10.2232251,45.5347724],[10.2232251,45.5347578],[10.2232005,45.5347565],[10.2232043,45.5347021],[10.2232687,45.5347034],[10.2232744,45.5346543],[10.2232172,45.5346554],[10.2232275,45.5345914],[10.2230865,45.5345891],[10.223083,45.5344592]]]},"properties":{"site":"brescia","name":null,"category":"other","historic":null,"building":"yes","osm_id":208112471}},{"type":"Feature","geometry":{"type":"Polygon","coordinates":[[[10.223241,45.5350158],[10.2231433,45.5350176],[10.2232066,45.5349567],[10.2232359,45.5349554],[10.2232398,45.5349737],[10.223241,45.5350158]]]},"properties":{"site":"brescia","name":null,"category":"other","historic":null,"building":"yes","osm_id":208112472}},{"type":"Feature","geometry":{"type":"Polygon","coordinates":[[[10.2245556,45.5348363],[10.2245291,45.5347673],[10.2245546,45.5347618],[10.2245982,45.5347525],[10.2246204,45.5348288],[10.2245556,45.5348363]]]},"properties":{"site":"brescia","name":null,"category":"other","historic":null,"building":"yes","osm_id":208112473}},{"type":"Feature","geometry":{"type":"Polygon","coordinates":[[[10.2235098,45.5344697],[10.2237696,45.534462],[10.2237754,45.5345577],[10.2236614,45.534561],[10.2236597,45.5345339],[10.2235139,45.5345382],[10.2235098,45.5344697]]]},"properties":{"site":"brescia","name":null,"category":"other","historic":null,"building":"yes","osm_id":208112474}},{"type":"Feature","geometry":{"type":"Polygon","coordinates":[[[10.2235476,45.5349124],[10.2236259,45.5349044],[10.2237252,45.5348923],[10.2236974,45.5347559],[10.2236427,45.5347578],[10.2236417,45.5347367],[10.2235173,45.534741],[10.2235476,45.5349124]]]},"properties":{"site":"brescia","name":null,"category":"other","historic":null,"building":"yes","osm_id":208112475}},{"type":"Feature","geometry":{"type":"Polygon","coordinates":[[[10.2232398,45.5349737],[10.2236328,45.534931],[10.2236259,45.5349044],[10.2237252,45.5348923],[10.2237624,45.5350425],[10.2233163,45.5351116],[10.223241,45.5350158],[10.2232398,45.5349737]]]},"properties":{"site":"brescia","name":null,"category":"other","historic":null,"building":"yes","osm_id":208112476}},{"type":"Feature","geometry":{"type":"Polygon","coordinates":[[[10.2245434,45.5347269],[10.2246704,45.5346986],[10.2246197,45.5345826],[10.2247637,45.5345548],[10.2248122,45.5346678],[10.2248616,45.5347827],[10.2246204,45.5348288],[10.2245982,45.5347525],[10.2245546,45.5347618],[10.2245434,45.5347269]]]},"properties":{"site":"brescia","name":null,"category":"other","historic":null,"building":"apartments","osm_id":208112477}},{"type":"Feature","geometry":{"type":"Polygon","coordinates":[[[10.2186218,45.5384416],[10.2186135,45.5383877],[10.2186023,45.5383144],[10.2185182,45.5383207],[10.2185332,45.5384458],[10.2184737,45.5384493],[10.2185032,45.5386452],[10.2187354,45.5386264],[10.2187635,45.5386242],[10.2187591,45.5385998],[10.2187523,45.5385615],[10.2186905,45.5385663],[10.2186377,45.5385704],[10.2186314,45.5385264],[10.2186992,45.538522],[10.2186966,45.5385051],[10.2187425,45.5385017],[10.2187307,45.5384351],[10.2187049,45.5384366],[10.2186218,45.5384416]]]},"properties":{"site":"brescia","name":null,"category":"other","historic":null,"building":"yes","osm_id":208115877}},{"type":"Feature","geometry":{"type":"Polygon","coordinates":[[[10.2187203,45.5383055],[10.2188265,45.5382983],[10.2189511,45.5382874],[10.2189726,45.5382845],[10.2188982,45.5378765],[10.2188955,45.5378618],[10.2188729,45.5378658],[10.2186678,45.5379018],[10.2186822,45.5380065],[10.218776,45.5380021],[10.2187996,45.5381758],[10.2187303,45.5381789],[10.2187306,45.5381974],[10.2187088,45.5381977],[10.2187203,45.5383055]]]},"properties":{"site":"brescia","name":null,"category":"other","historic":null,"building":"yes","osm_id":208115878}},{"type":"Feature","geometry":{"type":"Polygon","coordinates":[[[10.2190456,45.5383427],[10.2189621,45.5383492],[10.2189511,45.5382874],[10.2188265,45.5382983],[10.2188388,45.5383675],[10.218849,45.5384248],[10.2189771,45.5384136],[10.2190061,45.5385766],[10.219011,45.5386042],[10.21909,45.5385978],[10.2190512,45.538375],[10.2190456,45.5383427]]]},"properties":{"site":"brescia","name":null,"category":"other","historic":null,"building":"yes","osm_id":208115879}},{"type":"Feature","geometry":{"type":"Polygon","coordinates":[[[10.2184207,45.5379502],[10.2186678,45.5379018],[10.2186822,45.5380065],[10.2186205,45.5380121],[10.2186407,45.5382],[10.2187088,45.5381977],[10.2187203,45.5383055],[10.2186023,45.5383144],[10.2185182,45.5383207],[10.2184589,45.5383251],[10.2184207,45.5379502]]]},"properties":{"site":"brescia","name":null,"category":"other","historic":null,"building":"yes","osm_id":208115880}},{"type":"Feature","geometry":{"type":"Polygon","coordinates":[[[10.2244881,45.5332197],[10.2244805,45.5331546],[10.2244595,45.5331552],[10.2244595,45.5331783],[10.2244215,45.5331798],[10.2244212,45.5331562],[10.2243819,45.5331573],[10.2243856,45.5331812],[10.2243079,45.5331865],[10.2243174,45.5333101],[10.2244919,45.5333127],[10.2244881,45.5332197]]]},"properties":{"site":"brescia","name":null,"category":"other","historic":null,"building":"yes","osm_id":208401268}},{"type":"Feature","geometry":{"type":"Polygon","coordinates":[[[10.2237695,45.5336638],[10.2237674,45.5336034],[10.2236021,45.5336124],[10.2235981,45.5336633],[10.2234957,45.5336594],[10.2234991,45.533616],[10.2234365,45.5336183],[10.2234377,45.5335596],[10.2233571,45.5335624],[10.2233577,45.5336433],[10.2233992,45.5336424],[10.223401,45.5337169],[10.2237709,45.533707],[10.2237695,45.5336638]]]},"properties":{"site":"brescia","name":null,"category":"other","historic":null,"building":"yes","osm_id":208401269}},{"type":"Feature","geometry":{"type":"Polygon","coordinates":[[[10.2247372,45.5335427],[10.2247304,45.533472],[10.2247159,45.5333207],[10.2245163,45.5333301],[10.2245376,45.5335521],[10.2247372,45.5335427]]]},"properties":{"site":"brescia","name":null,"category":"other","historic":null,"building":"apartments","osm_id":208401270}},{"type":"Feature","geometry":{"type":"Polygon","coordinates":[[[10.2242339,45.5331053],[10.2242927,45.5330962],[10.2243079,45.5331865],[10.2242415,45.5331918],[10.2242339,45.5331053]]]},"properties":{"site":"brescia","name":null,"category":"other","historic":null,"building":"yes","osm_id":208401271}},{"type":"Feature","geometry":{"type":"Polygon","coordinates":[[[10.2237709,45.533707],[10.2239316,45.5337045],[10.2239302,45.5336612],[10.2237695,45.5336638],[10.2237709,45.533707]]]},"properties":{"site":"brescia","name":null,"category":"other","historic":null,"building":"yes","osm_id":208401272}},{"type":"Feature","geometry":{"type":"Polygon","coordinates":[[[10.2233371,45.5335641],[10.2232877,45.5335662],[10.2232892,45.5335831],[10.2233386,45.533581],[10.2233371,45.5335641]]]},"properties":{"site":"brescia","name":null,"category":"other","historic":null,"building":"yes","osm_id":208401274}},{"type":"Feature","geometry":{"type":"Polygon","coordinates":[[[10.224562,45.533051],[10.2246607,45.5330364],[10.2246758,45.5331347],[10.2246417,45.533136],[10.2245582,45.53314],[10.224562,45.533051]]]},"properties":{"site":"brescia","name":null,"category":"other","historic":null,"building":"apartments","osm_id":208401275}},{"type":"Feature","geometry":{"type":"Polygon","coordinates":[[[10.2242927,45.5330962],[10.2243079,45.5331865],[10.2243856,45.5331812],[10.2243819,45.5331573],[10.2243667,45.5330869],[10.2242927,45.5330962]]]},"properties":{"site":"brescia","name":null,"category":"other","historic":null,"building":"yes","osm_id":208401276}},{"type":"Feature","geometry":{"type":"Polygon","coordinates":[[[10.2236032,45.5335993],[10.2235008,45.5335953],[10.2234991,45.533616],[10.2234957,45.5336594],[10.2235981,45.5336633],[10.2236021,45.5336124],[10.2236032,45.5335993]]]},"properties":{"site":"brescia","name":null,"category":"other","historic":null,"building":"yes","osm_id":208401277}},{"type":"Feature","geometry":{"type":"Polygon","coordinates":[[[10.2244786,45.5330656],[10.2243667,45.5330869],[10.2243819,45.5331573],[10.2244212,45.5331562],[10.2244595,45.5331552],[10.2244805,45.5331546],[10.2244786,45.5330656]]]},"properties":{"site":"brescia","name":null,"category":"other","historic":null,"building":"yes","osm_id":208401278}},{"type":"Feature","geometry":{"type":"Polygon","coordinates":[[[10.2232737,45.5335678],[10.2232094,45.5335702],[10.2232085,45.5335908],[10.2232075,45.5336136],[10.2232062,45.5336435],[10.2232039,45.5336948],[10.2232027,45.5337214],[10.223401,45.5337169],[10.2233992,45.5336424],[10.2233577,45.5336433],[10.223274,45.5336451],[10.2232737,45.5335678]]]},"properties":{"site":"brescia","name":null,"category":"other","historic":null,"building":"yes","osm_id":208401279}},{"type":"Feature","geometry":{"type":"Polygon","coordinates":[[[10.2240369,45.5337029],[10.224351,45.5337024],[10.2246486,45.5336887],[10.224646,45.5336335],[10.2243632,45.5336423],[10.224364,45.5335911],[10.2240334,45.5335964],[10.2240369,45.5337029]]]},"properties":{"site":"brescia","name":null,"category":"other","historic":null,"building":"yes","osm_id":208401280}},{"type":"Feature","geometry":{"type":"Polygon","coordinates":[[[10.2245149,45.5335525],[10.2245219,45.5336259],[10.2246473,45.5336202],[10.224646,45.5336335],[10.2246486,45.5336887],[10.2247502,45.5336836],[10.2247372,45.5335427],[10.2245376,45.5335521],[10.2245149,45.5335525]]]},"properties":{"site":"brescia","name":null,"category":"other","historic":null,"building":"apartments","osm_id":208401281}},{"type":"Feature","geometry":{"type":"Polygon","coordinates":[[[10.2244919,45.5333127],[10.224691,45.5333021],[10.2246873,45.5332575],[10.2246856,45.5332369],[10.2246796,45.5331652],[10.2246474,45.5331706],[10.2246417,45.533136],[10.2245582,45.53314],[10.2245601,45.5332184],[10.2244881,45.5332197],[10.2244919,45.5333127]]]},"properties":{"site":"brescia","name":null,"category":"other","historic":null,"building":"apartments","osm_id":208401282}},{"type":"Feature","geometry":{"type":"Polygon","coordinates":[[[10.2232737,45.5335678],[10.2232877,45.5335662],[10.2232892,45.5335831],[10.2233386,45.533581],[10.2233371,45.5335641],[10.2233571,45.5335624],[10.2233577,45.5336433],[10.223274,45.5336451],[10.2232737,45.5335678]]]},"properties":{"site":"brescia","name":null,"category":"other","historic":null,"building":"yes","osm_id":208401283}},{"type":"Feature","geometry":{"type":"Polygon","coordinates":[[[10.2242638,45.5357725],[10.2242148,45.5356968],[10.2241878,45.535634],[10.224278,45.535609],[10.2244779,45.5355653],[10.2245031,45.5356264],[10.2242887,45.5356753],[10.2243134,45.5357185],[10.2243308,45.5357157],[10.2243469,45.5357551],[10.2242638,45.5357725]]]},"properties":{"site":"brescia","name":null,"category":"other","historic":null,"building":"yes","osm_id":211542850}},{"type":"Feature","geometry":{"type":"Polygon","coordinates":[[[10.2233902,45.5354105],[10.2232075,45.5354323],[10.2232414,45.5355718],[10.223262,45.5356563],[10.2232685,45.5356782],[10.2231208,45.5357142],[10.223105,45.5357208],[10.2230905,45.5356665],[10.2230691,45.535586],[10.2230589,45.5355477],[10.2230568,45.53554],[10.2230223,45.5354104],[10.2232767,45.5353814],[10.2232704,45.5353481],[10.2233749,45.5353348],[10.2233902,45.5354105]]]},"properties":{"site":"brescia","name":null,"category":"other","historic":null,"building":"apartments","osm_id":211542851}},{"type":"Feature","geometry":{"type":"Polygon","coordinates":[[[10.2235478,45.5357548],[10.2236363,45.5357283],[10.2235568,45.5355979],[10.2235034,45.5356139],[10.2234877,45.5355883],[10.223262,45.5356563],[10.2232685,45.5356782],[10.2232749,45.5356926],[10.2233424,45.5357996],[10.2234201,45.535777],[10.2234248,45.5357873],[10.2234494,45.5357803],[10.2234086,45.5357133],[10.2235049,45.5356845],[10.2235478,45.5357548]]]},"properties":{"site":"brescia","name":null,"category":"other","historic":null,"building":"yes","osm_id":211542852}},{"type":"Feature","geometry":{"type":"Polygon","coordinates":[[[10.2238373,45.5355196],[10.2240337,45.5354427],[10.2240532,45.5354682],[10.2240915,45.5354539],[10.22412,45.5354912],[10.2240817,45.5355055],[10.2240855,45.5355105],[10.2244556,45.5354715],[10.2244779,45.5355653],[10.224278,45.535609],[10.2241613,45.5356157],[10.2239988,45.5356694],[10.2239669,45.5356263],[10.2239314,45.5356382],[10.2238373,45.5355196]]]},"properties":{"site":"brescia","name":null,"category":"other","historic":null,"building":"yes","osm_id":211542854}},{"type":"Feature","geometry":{"type":"Polygon","coordinates":[[[10.2239156,45.5352527],[10.2238292,45.535265],[10.2238213,45.5352387],[10.2237394,45.5352507],[10.2237503,45.535287],[10.2236513,45.5352996],[10.2233749,45.5353348],[10.2232704,45.5353481],[10.2232485,45.5353509],[10.2232073,45.5351874],[10.2239527,45.5350857],[10.2239564,45.5350987],[10.2239751,45.5351641],[10.2239881,45.5352088],[10.2239933,45.5352266],[10.2239122,45.5352397],[10.2239156,45.5352527]]]},"properties":{"site":"brescia","name":"Chiesa di Sant'Alessandro","category":"medieval","historic":null,"building":"church","osm_id":211542855}},{"type":"Feature","geometry":{"type":"Polygon","coordinates":[[[10.2237843,45.5361388],[10.223211,45.5362362],[10.2232091,45.5362284],[10.2231794,45.5361091],[10.2231749,45.5360909],[10.2231628,45.5360425],[10.2233515,45.5360158],[10.2233528,45.5360273],[10.2233583,45.5360749],[10.2233327,45.5360786],[10.2233414,45.5361177],[10.2234211,45.5361082],[10.2234117,45.536059],[10.2234889,45.5360482],[10.2234805,45.5360019],[10.2236157,45.5359898],[10.2236341,45.5360382],[10.2236577,45.536108],[10.2237677,45.5360898],[10.2237843,45.5361388]]]},"properties":{"site":"brescia","name":null,"category":"other","historic":null,"building":"apartments","osm_id":211542856}},{"type":"Feature","geometry":{"type":"Polygon","coordinates":[[[10.2243951,45.5352033],[10.2244993,45.5351721],[10.2244952,45.5351495],[10.224489,45.5351158],[10.2245533,45.5351082],[10.2245567,45.5351249],[10.2246591,45.5351147],[10.2247638,45.5351025],[10.2248008,45.5350984],[10.2248222,45.5352008],[10.2245741,45.5352261],[10.2246231,45.5354546],[10.2248701,45.5354298],[10.2248898,45.5355237],[10.2247568,45.5355398],[10.2244779,45.5355653],[10.2244556,45.5354715],[10.2243951,45.5352033]]]},"properties":{"site":"brescia","name":null,"category":"other","historic":null,"building":"yes","osm_id":211542858}},{"type":"Feature","geometry":{"type":"Polygon","coordinates":[[[10.2250631,45.5355059],[10.2250673,45.5355541],[10.2249523,45.5355671],[10.2249456,45.5355186],[10.2250631,45.5355059]]]},"properties":{"site":"brescia","name":null,"category":"other","historic":null,"building":"yes","osm_id":211542859}},{"type":"Feature","geometry":{"type":"Polygon","coordinates":[[[10.2243552,45.5351667],[10.2244952,45.5351495],[10.224489,45.5351158],[10.2243442,45.5351329],[10.2243552,45.5351667]]]},"properties":{"site":"brescia","name":null,"category":"other","historic":null,"building":"yes","osm_id":211542860}},{"type":"Feature","geometry":{"type":"Polygon","coordinates":[[[10.2241174,45.5352943],[10.2241739,45.5352794],[10.2242103,45.5353447],[10.2241538,45.5353596],[10.2241174,45.5352943]]]},"properties":{"site":"brescia","name":null,"category":"other","historic":null,"building":"yes","osm_id":211542862}},{"type":"Feature","geometry":{"type":"Polygon","coordinates":[[[10.2237968,45.5354088],[10.2238134,45.5354726],[10.2237137,45.5355022],[10.2236934,45.5354364],[10.2237968,45.5354088]]]},"properties":{"site":"brescia","name":null,"category":"other","historic":null,"building":"yes","osm_id":211542863}},{"type":"Feature","geometry":{"type":"Polygon","coordinates":[[[10.223132,45.5357551],[10.2231273,45.5357379],[10.2231252,45.5357302],[10.2231208,45.5357142],[10.2232685,45.5356782],[10.2232749,45.5356926],[10.223132,45.5357551]]]},"properties":{"site":"brescia","name":null,"category":"other","historic":null,"building":"yes","osm_id":211542864}},{"type":"Feature","geometry":{"type":"Polygon","coordinates":[[[10.2249611,45.535772],[10.2250968,45.5357634],[10.2250984,45.5357758],[10.2251131,45.5358898],[10.2249774,45.5358983],[10.2249611,45.535772]]]},"properties":{"site":"brescia","name":null,"category":"other","historic":null,"building":"yes","osm_id":211542865}},{"type":"Feature","geometry":{"type":"Polygon","coordinates":[[[10.2247951,45.5356512],[10.224647,45.5356609],[10.2246616,45.535704],[10.2246902,45.5357022],[10.2248023,45.5356948],[10.2247951,45.5356512]]]},"properties":{"site":"brescia","name":null,"category":"other","historic":null,"building":"yes","osm_id":211542867}},{"type":"Feature","geometry":{"type":"Polygon","coordinates":[[[10.2232075,45.5354323],[10.2233902,45.5354105],[10.2236031,45.5353851],[10.223637,45.5355246],[10.2232414,45.5355718],[10.2232075,45.5354323]]]},"properties":{"site":"brescia","name":null,"category":"other","historic":null,"building":"yes","osm_id":211542868}},{"type":"Feature","geometry":{"type":"Polygon","coordinates":[[[10.2239289,45.5359701],[10.2239019,45.5358888],[10.2239525,45.5358794],[10.2239596,45.5359009],[10.2239799,45.5359618],[10.2239289,45.5359701]]]},"properties":{"site":"brescia","name":null,"category":"other","historic":null,"building":"yes","osm_id":211542869}},{"type":"Feature","geometry":{"type":"Polygon","coordinates":[[[10.2246528,45.5350837],[10.2246591,45.5351147],[10.2245567,45.5351249],[10.2245533,45.5351082],[10.2245504,45.5350938],[10.2246528,45.5350837]]]},"properties":{"site":"brescia","name":null,"category":"other","historic":null,"building":"yes","osm_id":211542870}},{"type":"Feature","geometry":{"type":"Polygon","coordinates":[[[10.2237137,45.5355022],[10.223637,45.5355246],[10.2236031,45.5353851],[10.2236742,45.5353741],[10.2236934,45.5354364],[10.2237137,45.5355022]]]},"properties":{"site":"brescia","name":null,"category":"other","historic":null,"building":"yes","osm_id":211542872}},{"type":"Feature","geometry":{"type":"Polygon","coordinates":[[[10.2239751,45.5351641],[10.2240525,45.5351509],[10.2240558,45.5351213],[10.2240254,45.5350881],[10.2239564,45.5350987],[10.2239751,45.5351641]]]},"properties":{"site":"brescia","name":null,"category":"other","historic":null,"building":"yes","osm_id":211542875}},{"type":"Feature","geometry":{"type":"Polygon","coordinates":[[[10.2237394,45.5352507],[10.2237503,45.535287],[10.2237556,45.5353046],[10.2238374,45.5352926],[10.2238292,45.535265],[10.2238213,45.5352387],[10.2237394,45.5352507]]]},"properties":{"site":"brescia","name":null,"category":"other","historic":null,"building":"yes","osm_id":211542876}},{"type":"Feature","geometry":{"type":"Polygon","coordinates":[[[10.2237527,45.5359164],[10.223782,45.5359981],[10.2236964,45.5360132],[10.2236872,45.5359876],[10.2237141,45.5359829],[10.2236941,45.5359272],[10.2237527,45.5359164]]]},"properties":{"site":"brescia","name":null,"category":"other","historic":null,"building":"yes","osm_id":211542877}},{"type":"Feature","geometry":{"type":"Polygon","coordinates":[[[10.2240249,45.5360989],[10.2241921,45.5360683],[10.2241529,45.5359684],[10.2240618,45.5359844],[10.2240265,45.5358882],[10.2239596,45.5359009],[10.2239799,45.5359618],[10.2240249,45.5360989]]]},"properties":{"site":"brescia","name":null,"category":"other","historic":null,"building":"yes","osm_id":211542878}},{"type":"Feature","geometry":{"type":"Polygon","coordinates":[[[10.2231628,45.5360425],[10.2231626,45.5359826],[10.2231625,45.5359688],[10.2232927,45.5359523],[10.223455,45.5359733],[10.2234579,45.5360245],[10.2233528,45.5360273],[10.2233515,45.5360158],[10.2231628,45.5360425]]]},"properties":{"site":"brescia","name":null,"category":"other","historic":null,"building":"yes","osm_id":211542880}},{"type":"Feature","geometry":{"type":"Polygon","coordinates":[[[10.2238374,45.5352926],[10.2240926,45.5352514],[10.2240639,45.5351981],[10.2239881,45.5352088],[10.2239933,45.5352266],[10.2239122,45.5352397],[10.2239156,45.5352527],[10.2238292,45.535265],[10.2238374,45.5352926]]]},"properties":{"site":"brescia","name":null,"category":"other","historic":null,"building":"yes","osm_id":211542881}},{"type":"Feature","geometry":{"type":"Polygon","coordinates":[[[10.2240471,45.5357741],[10.2240864,45.5358773],[10.2240265,45.5358882],[10.2239596,45.5359009],[10.2239525,45.5358794],[10.2239405,45.5358474],[10.223986,45.535839],[10.2239671,45.5357889],[10.2240471,45.5357741]]]},"properties":{"site":"brescia","name":null,"category":"other","historic":null,"building":"yes","osm_id":211542882}},{"type":"Feature","geometry":{"type":"Polygon","coordinates":[[[10.2243167,45.535136],[10.2242947,45.5350416],[10.2246342,45.5350028],[10.2246528,45.5350837],[10.2245504,45.5350938],[10.2245533,45.5351082],[10.224489,45.5351158],[10.2243442,45.5351329],[10.2243167,45.535136]]]},"properties":{"site":"brescia","name":null,"category":"other","historic":null,"building":"yes","osm_id":211542884}},{"type":"Feature","geometry":{"type":"Polygon","coordinates":[[[10.2248008,45.5350984],[10.2248703,45.5350913],[10.2249741,45.5350806],[10.2250154,45.5352781],[10.2250631,45.5355059],[10.2249456,45.5355186],[10.2248898,45.5355237],[10.2248701,45.5354298],[10.2248222,45.5352008],[10.2248008,45.5350984]]]},"properties":{"site":"brescia","name":null,"category":"other","historic":null,"building":"yes","osm_id":211542885}},{"type":"Feature","geometry":{"type":"Polygon","coordinates":[[[10.2237503,45.535287],[10.2236513,45.5352996],[10.2236639,45.5353405],[10.2236742,45.5353741],[10.2236934,45.5354364],[10.2237968,45.5354088],[10.2237664,45.5353331],[10.2238442,45.5353212],[10.2238374,45.5352926],[10.2237556,45.5353046],[10.2237503,45.535287]]]},"properties":{"site":"brescia","name":null,"category":"other","historic":null,"building":"yes","osm_id":211542886}},{"type":"Feature","geometry":{"type":"Polygon","coordinates":[[[10.2240685,45.5364381],[10.2241663,45.5364231],[10.2242119,45.5364161],[10.2242292,45.5364906],[10.224318,45.5364756],[10.2243318,45.536527],[10.224303,45.5365324],[10.2242216,45.5365474],[10.2242467,45.5366238],[10.224124,45.5366431],[10.2240685,45.5364381]]]},"properties":{"site":"brescia","name":null,"category":"other","historic":null,"building":"yes","osm_id":212403274}},{"type":"Feature","geometry":{"type":"Polygon","coordinates":[[[10.2234144,45.5362618],[10.223569,45.5362232],[10.2238124,45.5361803],[10.2238491,45.5363272],[10.2237568,45.5363401],[10.22365,45.536357],[10.2235893,45.5363636],[10.2235974,45.5364002],[10.2234738,45.5364136],[10.2234466,45.5364165],[10.2234144,45.5362618]]]},"properties":{"site":"brescia","name":null,"category":"other","historic":null,"building":"yes","osm_id":212403275}},{"type":"Feature","geometry":{"type":"Polygon","coordinates":[[[10.2247823,45.5366061],[10.2247598,45.5365207],[10.2248124,45.5365139],[10.2248312,45.5365115],[10.2248386,45.5365394],[10.2249419,45.536526],[10.2249095,45.5363957],[10.2248909,45.5363382],[10.2249646,45.5363249],[10.2249794,45.5363809],[10.2250161,45.53652],[10.2250399,45.5365169],[10.2250542,45.5365709],[10.2247823,45.5366061]]]},"properties":{"site":"brescia","name":null,"category":"other","historic":null,"building":"yes","osm_id":212403276}},{"type":"Feature","geometry":{"type":"Polygon","coordinates":[[[10.22426,45.5367743],[10.2241026,45.5368081],[10.2238886,45.536854],[10.2237279,45.5368733],[10.2236822,45.5367503],[10.2237834,45.5367337],[10.223831,45.5367259],[10.2238625,45.5367211],[10.2239085,45.5367919],[10.2240033,45.5367726],[10.2239789,45.5367222],[10.2241717,45.5366922],[10.2241748,45.536704],[10.2242237,45.5366986],[10.2242539,45.5367603],[10.22426,45.5367743]]]},"properties":{"site":"brescia","name":null,"category":"other","historic":null,"building":"apartments","osm_id":212403277}},{"type":"Feature","geometry":{"type":"Polygon","coordinates":[[[10.2247002,45.5360208],[10.2249696,45.53598],[10.2251303,45.5359661],[10.225144,45.5361365],[10.2251685,45.5361387],[10.2251781,45.5362283],[10.2251849,45.5362912],[10.2250747,45.5363058],[10.2250706,45.5362609],[10.2249573,45.5362716],[10.2249471,45.5362245],[10.2249374,45.5361859],[10.2250568,45.5361751],[10.2250553,45.5360883],[10.2249282,45.5360979],[10.2249267,45.5360701],[10.2248808,45.5360744],[10.2248793,45.5360518],[10.2247247,45.5360722],[10.2247002,45.5360208]]]},"properties":{"site":"brescia","name":null,"category":"other","historic":null,"building":"yes","osm_id":212403278}},{"type":"Feature","geometry":{"type":"Polygon","coordinates":[[[10.2241191,45.5361387],[10.2244482,45.5360733],[10.2244742,45.5361334],[10.2243909,45.5361517],[10.2243485,45.5361612],[10.2243548,45.5361945],[10.2243227,45.536202],[10.2243251,45.5362996],[10.2244029,45.536284],[10.2245813,45.5362481],[10.224857,45.5361821],[10.2249337,45.5361638],[10.2249374,45.5361859],[10.2249471,45.5362245],[10.2248691,45.5362395],[10.2248767,45.5362759],[10.2247895,45.5362942],[10.2248044,45.536352],[10.2247684,45.5363577],[10.2246655,45.5363789],[10.2246609,45.5363456],[10.2246395,45.536351],[10.2246242,45.5362931],[10.2245374,45.5363104],[10.2242841,45.536361],[10.2242645,45.5363649],[10.2242535,45.5363266],[10.2242308,45.536247],[10.2241834,45.5362513],[10.2241359,45.5362566],[10.2241191,45.5361387]]]},"properties":{"site":"brescia","name":null,"category":"other","historic":null,"building":"yes","osm_id":212403279}},{"type":"Feature","geometry":{"type":"Polygon","coordinates":[[[10.2238801,45.5364544],[10.2238491,45.5363272],[10.2237568,45.5363401],[10.2237882,45.5364657],[10.2238801,45.5364544]]]},"properties":{"site":"brescia","name":null,"category":"other","historic":null,"building":"yes","osm_id":212403280}},{"type":"Feature","geometry":{"type":"Polygon","coordinates":[[[10.2245553,45.5363649],[10.2246395,45.536351],[10.2246242,45.5362931],[10.2245374,45.5363104],[10.2245553,45.5363649]]]},"properties":{"site":"brescia","name":null,"category":"other","historic":null,"building":"yes","osm_id":212403281}},{"type":"Feature","geometry":{"type":"Polygon","coordinates":[[[10.2249646,45.5363249],[10.2249794,45.5363809],[10.225085,45.5363636],[10.2250747,45.5363058],[10.2249646,45.5363249]]]},"properties":{"site":"brescia","name":null,"category":"other","historic":null,"building":"yes","osm_id":212403282}},{"type":"Feature","geometry":{"type":"Polygon","coordinates":[[[10.2243361,45.5366096],[10.224303,45.5365324],[10.2242216,45.5365474],[10.2242467,45.5366238],[10.2243361,45.5366096]]]},"properties":{"site":"brescia","name":null,"category":"other","historic":null,"building":"yes","osm_id":212403283}},{"type":"Feature","geometry":{"type":"Polygon","coordinates":[[[10.2250542,45.5365709],[10.2251104,45.5365641],[10.2250966,45.5365105],[10.2251104,45.5365083],[10.225085,45.5363636],[10.2250747,45.5363058],[10.2251849,45.5362912],[10.2251926,45.5364435],[10.2252255,45.5366138],[10.225119,45.5366283],[10.2247515,45.5366783],[10.2245865,45.5367007],[10.2242539,45.5367603],[10.2242237,45.5366986],[10.2241748,45.536704],[10.2241717,45.5366922],[10.2239789,45.5367222],[10.2240033,45.5367726],[10.2239085,45.5367919],[10.2238625,45.5367211],[10.2238488,45.5366847],[10.2238187,45.5365795],[10.2239075,45.5365665],[10.2239428,45.5366717],[10.224124,45.5366431],[10.2242467,45.5366238],[10.2243361,45.5366096],[10.2243547,45.5366528],[10.2245253,45.5366289],[10.2245154,45.5365733],[10.2245374,45.5365707],[10.2245004,45.5364304],[10.2245247,45.536425],[10.224612,45.536407],[10.2246458,45.5365365],[10.2246754,45.5365331],[10.2246939,45.5365897],[10.2247245,45.5365876],[10.224697,45.5365115],[10.2246693,45.5363951],[10.2246655,45.5363789],[10.2247684,45.5363577],[10.224787,45.5364152],[10.2248124,45.5365139],[10.2247598,45.5365207],[10.2247823,45.5366061],[10.2250542,45.5365709]]]},"properties":{"site":"brescia","name":null,"category":"other","historic":null,"building":"apartments","osm_id":212403284}},{"type":"Feature","geometry":{"type":"Polygon","coordinates":[[[10.224787,45.5364152],[10.2249095,45.5363957],[10.2248909,45.5363382],[10.2248044,45.536352],[10.2247684,45.5363577],[10.224787,45.5364152]]]},"properties":{"site":"brescia","name":null,"category":"other","historic":null,"building":"yes","osm_id":212403285}},{"type":"Feature","geometry":{"type":"Polygon","coordinates":[[[10.2232522,45.5364419],[10.2232443,45.5364077],[10.2232216,45.536309],[10.2234144,45.5362618],[10.2234466,45.5364165],[10.2233333,45.5364301],[10.2232522,45.5364419]]]},"properties":{"site":"brescia","name":null,"category":"other","historic":null,"building":"yes","osm_id":212403286}},{"type":"Feature","geometry":{"type":"Polygon","coordinates":[[[10.2247385,45.5361022],[10.224818,45.5360867],[10.2248808,45.5360744],[10.2248793,45.5360518],[10.2247247,45.5360722],[10.2247385,45.5361022]]]},"properties":{"site":"brescia","name":null,"category":"other","historic":null,"building":"yes","osm_id":212403287}},{"type":"Feature","geometry":{"type":"Polygon","coordinates":[[[10.2246471,45.5363992],[10.2246693,45.5363951],[10.2246655,45.5363789],[10.2246609,45.5363456],[10.2246395,45.536351],[10.2246471,45.5363992]]]},"properties":{"site":"brescia","name":null,"category":"other","historic":null,"building":"yes","osm_id":212403288}},{"type":"Feature","geometry":{"type":"Polygon","coordinates":[[[10.2236822,45.5367503],[10.2236925,45.5367302],[10.22372,45.5367217],[10.2237598,45.5367195],[10.2237834,45.5367337],[10.2236822,45.5367503]]]},"properties":{"site":"brescia","name":null,"category":"other","historic":null,"building":"yes","osm_id":212403289}},{"type":"Feature","geometry":{"type":"Polygon","coordinates":[[[10.2235893,45.5363636],[10.2235974,45.5364002],[10.2236131,45.5364716],[10.2236738,45.536465],[10.22365,45.536357],[10.2235893,45.5363636]]]},"properties":{"site":"brescia","name":null,"category":"other","historic":null,"building":"yes","osm_id":212403290}},{"type":"Feature","geometry":{"type":"Polygon","coordinates":[[[10.2248909,45.5363382],[10.2249646,45.5363249],[10.2249573,45.5362716],[10.2249471,45.5362245],[10.2248691,45.5362395],[10.2248767,45.5362759],[10.2248909,45.5363382]]]},"properties":{"site":"brescia","name":null,"category":"other","historic":null,"building":"yes","osm_id":212403291}},{"type":"Feature","geometry":{"type":"Polygon","coordinates":[[[10.224857,45.5361821],[10.224818,45.5360867],[10.2248808,45.5360744],[10.2249267,45.5360701],[10.2249282,45.5360979],[10.2249337,45.5361638],[10.224857,45.5361821]]]},"properties":{"site":"brescia","name":null,"category":"other","historic":null,"building":"yes","osm_id":212403292}},{"type":"Feature","geometry":{"type":"Polygon","coordinates":[[[10.2237279,45.5368733],[10.2236486,45.5368822],[10.2235292,45.5368811],[10.2235254,45.5368601],[10.2235618,45.5368569],[10.2235446,45.5367665],[10.2236822,45.5367503],[10.2237279,45.5368733]]]},"properties":{"site":"brescia","name":null,"category":"other","historic":null,"building":"apartments","osm_id":212403293}},{"type":"Feature","geometry":{"type":"Polygon","coordinates":[[[10.2233333,45.5364301],[10.2233497,45.5365009],[10.2233655,45.5365695],[10.2233676,45.5365807],[10.2233831,45.5366623],[10.2233915,45.5367067],[10.2233945,45.5367549],[10.2235399,45.5367421],[10.2234738,45.5364136],[10.2234466,45.5364165],[10.2233333,45.5364301]]]},"properties":{"site":"brescia","name":null,"category":"other","historic":null,"building":"yes","osm_id":212403294}},{"type":"Feature","geometry":{"type":"Polygon","coordinates":[[[10.2244482,45.5360733],[10.2247002,45.5360208],[10.2247247,45.5360722],[10.2247385,45.5361022],[10.224674,45.5361152],[10.2246633,45.5360895],[10.2244742,45.5361334],[10.2244482,45.5360733]]]},"properties":{"site":"brescia","name":null,"category":"other","historic":null,"building":"yes","osm_id":212403295}},{"type":"Feature","geometry":{"type":"Polygon","coordinates":[[[10.2245155,45.5364003],[10.2245629,45.5363906],[10.2245553,45.5363649],[10.2246395,45.536351],[10.2246471,45.5363992],[10.224612,45.536407],[10.2245247,45.536425],[10.2245155,45.5364003]]]},"properties":{"site":"brescia","name":null,"category":"other","historic":null,"building":"yes","osm_id":212403296}},{"type":"Feature","geometry":{"type":"Polygon","coordinates":[[[10.2243909,45.5361517],[10.2243485,45.5361612],[10.2243548,45.5361945],[10.2243227,45.536202],[10.2243251,45.5362996],[10.2244029,45.536284],[10.2243955,45.5361903],[10.2243909,45.5361517]]]},"properties":{"site":"brescia","name":null,"category":"other","historic":null,"building":"yes","osm_id":212403297}},{"type":"Feature","geometry":{"type":"Polygon","coordinates":[[[10.2236435,45.5366605],[10.2238011,45.5366348],[10.223831,45.5367259],[10.2238625,45.5367211],[10.2238488,45.5366847],[10.2238187,45.5365795],[10.2236312,45.5366112],[10.2236435,45.5366605]]]},"properties":{"site":"brescia","name":null,"category":"other","historic":null,"building":"yes","osm_id":212403298}},{"type":"Feature","geometry":{"type":"Polygon","coordinates":[[[10.2241359,45.5362566],[10.2241663,45.5364231],[10.2242119,45.5364161],[10.2242936,45.5364035],[10.2242841,45.536361],[10.2242645,45.5363649],[10.2242535,45.5363266],[10.2242002,45.5363306],[10.2241834,45.5362513],[10.2241359,45.5362566]]]},"properties":{"site":"brescia","name":null,"category":"other","historic":null,"building":"yes","osm_id":212403299}},{"type":"Feature","geometry":{"type":"Polygon","coordinates":[[[10.2252035,45.5370591],[10.225084,45.5370532],[10.2251326,45.5369384],[10.2251461,45.5369064],[10.2252372,45.5369129],[10.2253753,45.5368893],[10.2253804,45.5369931],[10.2253613,45.5369951],[10.2252945,45.5369966],[10.2252945,45.537032],[10.2252942,45.5370603],[10.2252035,45.5370591]]]},"properties":{"site":"brescia","name":null,"category":"other","historic":null,"building":"yes","osm_id":212460056}},{"type":"Feature","geometry":{"type":"Polygon","coordinates":[[[10.2249891,45.5374076],[10.2249772,45.5374093],[10.2249471,45.5374135],[10.224977,45.5375471],[10.2250065,45.5375431],[10.2250224,45.5375409],[10.2250614,45.5375387],[10.2251179,45.5375354],[10.225121,45.5375773],[10.2251263,45.5376494],[10.225199,45.5376482],[10.2251905,45.5375384],[10.2252037,45.5375367],[10.2251981,45.5375005],[10.2251791,45.5373909],[10.2249891,45.5374076]]]},"properties":{"site":"brescia","name":null,"category":"other","historic":null,"building":"apartments","osm_id":212460058}},{"type":"Feature","geometry":{"type":"Polygon","coordinates":[[[10.2250915,45.5378277],[10.2251053,45.5378177],[10.2251034,45.5378062],[10.2251378,45.5378043],[10.2251357,45.537759],[10.2251341,45.5377059],[10.2253214,45.5377026],[10.2253197,45.5376554],[10.2252893,45.5376574],[10.2252879,45.5376467],[10.225199,45.5376482],[10.2251263,45.5376494],[10.2250782,45.537665],[10.2250915,45.5378277]]]},"properties":{"site":"brescia","name":null,"category":"other","historic":null,"building":"yes","osm_id":212460060}},{"type":"Feature","geometry":{"type":"Polygon","coordinates":[[[10.2253804,45.5369931],[10.2254023,45.5370933],[10.2254165,45.5371435],[10.2253366,45.5371488],[10.2253467,45.537183],[10.2253618,45.5372019],[10.2254376,45.537196],[10.2254649,45.5373097],[10.2253147,45.5373195],[10.2252962,45.5372538],[10.2252861,45.5372078],[10.2252052,45.5372099],[10.2251433,45.5372115],[10.2251076,45.5372125],[10.2251109,45.5371157],[10.2252035,45.5371146],[10.225202,45.5370807],[10.2252035,45.5370591],[10.2252942,45.5370603],[10.2252945,45.537032],[10.2253669,45.5370308],[10.2253613,45.5369951],[10.2253804,45.5369931]]]},"properties":{"site":"brescia","name":null,"category":"other","historic":null,"building":"yes","osm_id":212460064}},{"type":"Feature","geometry":{"type":"Polygon","coordinates":[[[10.2251647,45.5368556],[10.2251885,45.5367663],[10.2251933,45.5367483],[10.2252497,45.5367432],[10.2252977,45.5367389],[10.2253381,45.5368309],[10.2251647,45.5368556]]]},"properties":{"site":"brescia","name":null,"category":"other","historic":null,"building":"yes","osm_id":212460065}},{"type":"Feature","geometry":{"type":"Polygon","coordinates":[[[10.2250693,45.5375769],[10.2250782,45.537665],[10.2251263,45.5376494],[10.225121,45.5375773],[10.2250693,45.5375769]]]},"properties":{"site":"brescia","name":null,"category":"other","historic":null,"building":"yes","osm_id":212460066}},{"type":"Feature","geometry":{"type":"Polygon","coordinates":[[[10.2251357,45.537759],[10.225205,45.5377575],[10.2252071,45.5378027],[10.2251378,45.5378043],[10.2251357,45.537759]]]},"properties":{"site":"brescia","name":null,"category":"other","historic":null,"building":"yes","osm_id":212460067}},{"type":"Feature","geometry":{"type":"Polygon","coordinates":[[[10.2251647,45.5368556],[10.2251461,45.5369064],[10.2252372,45.5369129],[10.2253753,45.5368893],[10.2253381,45.5368309],[10.2251647,45.5368556]]]},"properties":{"site":"brescia","name":null,"category":"other","historic":null,"building":"yes","osm_id":212460068}},{"type":"Feature","geometry":{"type":"Polygon","coordinates":[[[10.2253214,45.5377026],[10.225405,45.5376997],[10.2254001,45.537676],[10.2254178,45.5376743],[10.225412,45.5376493],[10.2253197,45.5376554],[10.2253214,45.5377026]]]},"properties":{"site":"brescia","name":null,"category":"other","historic":null,"building":"yes","osm_id":212460069}},{"type":"Feature","geometry":{"type":"Polygon","coordinates":[[[10.225279,45.5375807],[10.2252664,45.5374948],[10.2253762,45.5374871],[10.2253781,45.5375005],[10.2253831,45.5375354],[10.2253968,45.5375344],[10.2254017,45.5375726],[10.225279,45.5375807]]]},"properties":{"site":"brescia","name":null,"category":"other","historic":null,"building":"yes","osm_id":212460071}},{"type":"Feature","geometry":{"type":"Polygon","coordinates":[[[10.2255413,45.5374866],[10.2255129,45.5373633],[10.2251791,45.5373909],[10.2251981,45.5375005],[10.2252664,45.5374948],[10.2253762,45.5374871],[10.2253781,45.5375005],[10.2255413,45.5374866]]]},"properties":{"site":"brescia","name":null,"category":"other","historic":null,"building":"apartments","osm_id":212460072}},{"type":"Feature","geometry":{"type":"Polygon","coordinates":[[[10.2253781,45.5375005],[10.2253831,45.5375354],[10.2253968,45.5375344],[10.2254835,45.5375276],[10.2254976,45.537612],[10.2255634,45.5376054],[10.2255525,45.5375466],[10.2255413,45.5374866],[10.2253781,45.5375005]]]},"properties":{"site":"brescia","name":null,"category":"other","historic":null,"building":"apartments","osm_id":212460073}},{"type":"Feature","geometry":{"type":"Polygon","coordinates":[[[10.225279,45.5375807],[10.2254017,45.5375726],[10.2254082,45.537621],[10.225412,45.5376493],[10.2253197,45.5376554],[10.2252893,45.5376574],[10.2252879,45.5376467],[10.225279,45.5375807]]]},"properties":{"site":"brescia","name":null,"category":"other","historic":null,"building":"yes","osm_id":212460074}},{"type":"Feature","geometry":{"type":"Polygon","coordinates":[[[10.2250319,45.5372105],[10.2250325,45.5372025],[10.225036,45.5371529],[10.2250386,45.5371173],[10.2250428,45.5371105],[10.2250605,45.5370819],[10.225202,45.5370807],[10.2252035,45.5371146],[10.2251109,45.5371157],[10.2251076,45.5372125],[10.2250319,45.5372105]]]},"properties":{"site":"brescia","name":null,"category":"other","historic":null,"building":"apartments","osm_id":212460075}},{"type":"Feature","geometry":{"type":"Polygon","coordinates":[[[10.2254082,45.537621],[10.225412,45.5376493],[10.2254178,45.5376743],[10.2254001,45.537676],[10.225405,45.5376997],[10.225419,45.5377682],[10.2255932,45.5377507],[10.2255734,45.5376541],[10.2255634,45.5376054],[10.2254976,45.537612],[10.2254082,45.537621]]]},"properties":{"site":"brescia","name":null,"category":"other","historic":null,"building":"apartments","osm_id":212460076}},{"type":"Feature","geometry":{"type":"Polygon","coordinates":[[[10.2193218,45.5401263],[10.2191967,45.5401425],[10.2191748,45.5401454],[10.2191558,45.5400731],[10.2191972,45.5400678],[10.2191892,45.5400375],[10.2191829,45.5400138],[10.2192886,45.5400009],[10.2192947,45.5400239],[10.2193022,45.5400521],[10.2193218,45.5401263]]]},"properties":{"site":"brescia","name":null,"category":"other","historic":null,"building":"yes","osm_id":214392497}},{"type":"Feature","geometry":{"type":"Polygon","coordinates":[[[10.2200369,45.5400785],[10.2200058,45.5400839],[10.2200133,45.5401142],[10.2199569,45.5401231],[10.219966,45.5401511],[10.2199697,45.5401727],[10.2198733,45.5401893],[10.2198458,45.5400842],[10.21984,45.5400064],[10.2201217,45.5399662],[10.2201389,45.5400276],[10.2200265,45.5400444],[10.2200369,45.5400785]]]},"properties":{"site":"brescia","name":null,"category":"other","historic":null,"building":"apartments","osm_id":214392501}},{"type":"Feature","geometry":{"type":"Polygon","coordinates":[[[10.221079,45.5399133],[10.2214614,45.5395708],[10.2214991,45.5397157],[10.2214193,45.5397295],[10.2213381,45.5397435],[10.2213508,45.5397766],[10.2213065,45.5397848],[10.2213203,45.5398212],[10.2212271,45.5398385],[10.2212412,45.5398759],[10.2211991,45.5398837],[10.2212327,45.5399707],[10.2213963,45.5399396],[10.2214086,45.5399704],[10.2212757,45.5399934],[10.2212339,45.5400006],[10.2211881,45.5400085],[10.2211375,45.5400172],[10.221079,45.5399133]]]},"properties":{"site":"brescia","name":null,"category":"other","historic":null,"building":"yes","osm_id":214392502}},{"type":"Feature","geometry":{"type":"Polygon","coordinates":[[[10.2214086,45.5399704],[10.2214591,45.539961],[10.2214688,45.5399592],[10.2215356,45.5399468],[10.2216207,45.539931],[10.2217158,45.5399133],[10.2216836,45.5397766],[10.2216782,45.5397538],[10.2215988,45.539764],[10.2216049,45.5397889],[10.2216092,45.5398065],[10.2215632,45.5398153],[10.2215591,45.5397977],[10.221488,45.5398079],[10.2214338,45.5397878],[10.2214385,45.5398065],[10.2214211,45.5398107],[10.2214587,45.5398314],[10.2214796,45.539887],[10.2213831,45.539907],[10.2213963,45.5399396],[10.2214086,45.5399704]]]},"properties":{"site":"brescia","name":null,"category":"other","historic":null,"building":"apartments","osm_id":214392503}},{"type":"Feature","geometry":{"type":"Polygon","coordinates":[[[10.2222333,45.5400415],[10.2221793,45.5400459],[10.2221863,45.5401015],[10.222245,45.5400967],[10.2222333,45.5400415]]]},"properties":{"site":"brescia","name":null,"category":"other","historic":null,"building":"yes","osm_id":214392504}},{"type":"Feature","geometry":{"type":"Polygon","coordinates":[[[10.2201389,45.5400276],[10.2200265,45.5400444],[10.2200369,45.5400785],[10.2200486,45.540117],[10.2201611,45.5401002],[10.2201389,45.5400276]]]},"properties":{"site":"brescia","name":null,"category":"other","historic":null,"building":"yes","osm_id":214392507}},{"type":"Feature","geometry":{"type":"Polygon","coordinates":[[[10.222511,45.5398284],[10.2225145,45.5398599],[10.2223531,45.5398827],[10.2223077,45.5398565],[10.2223373,45.5398525],[10.2223951,45.5398446],[10.222511,45.5398284]]]},"properties":{"site":"brescia","name":null,"category":"other","historic":null,"building":"yes","osm_id":214392508}},{"type":"Feature","geometry":{"type":"Polygon","coordinates":[[[10.2223951,45.5398446],[10.2223869,45.539816],[10.2223783,45.5397856],[10.2224943,45.5397695],[10.222503,45.5398003],[10.222511,45.5398284],[10.2223951,45.5398446]]]},"properties":{"site":"brescia","name":null,"category":"other","historic":null,"building":"yes","osm_id":214392510}},{"type":"Feature","geometry":{"type":"Polygon","coordinates":[[[10.2194653,45.5394806],[10.2197738,45.5394511],[10.2198031,45.5396011],[10.2196678,45.539614],[10.2196644,45.5395969],[10.2196386,45.5395993],[10.2196323,45.5395669],[10.2194849,45.539581],[10.2194653,45.5394806]]]},"properties":{"site":"brescia","name":null,"category":"other","historic":null,"building":"yes","osm_id":214392511}},{"type":"Feature","geometry":{"type":"Polygon","coordinates":[[[10.2197602,45.5402463],[10.2198419,45.5402369],[10.2198645,45.5402343],[10.2198546,45.5401919],[10.2198428,45.5401933],[10.2197502,45.5402039],[10.2197602,45.5402463]]]},"properties":{"site":"brescia","name":null,"category":"other","historic":null,"building":"yes","osm_id":214392512}},{"type":"Feature","geometry":{"type":"Polygon","coordinates":[[[10.2212412,45.5398759],[10.2212623,45.5399301],[10.2213831,45.539907],[10.2213963,45.5399396],[10.2212327,45.5399707],[10.2211991,45.5398837],[10.2212412,45.5398759]]]},"properties":{"site":"brescia","name":null,"category":"other","historic":null,"building":"yes","osm_id":214392513}},{"type":"Feature","geometry":{"type":"Polygon","coordinates":[[[10.2213674,45.5398207],[10.2213508,45.5397766],[10.2213381,45.5397435],[10.2214193,45.5397295],[10.2214338,45.5397878],[10.2214385,45.5398065],[10.2214211,45.5398107],[10.2213674,45.5398207]]]},"properties":{"site":"brescia","name":null,"category":"other","historic":null,"building":"yes","osm_id":214392515}},{"type":"Feature","geometry":{"type":"Polygon","coordinates":[[[10.219916,45.5403059],[10.2199862,45.5402848],[10.2201666,45.5402307],[10.2201959,45.5402219],[10.2201611,45.5401002],[10.2200486,45.540117],[10.2200533,45.5401371],[10.219966,45.5401511],[10.2199697,45.5401727],[10.2198733,45.5401893],[10.219916,45.5403059]]]},"properties":{"site":"brescia","name":null,"category":"other","historic":null,"building":"yes","osm_id":214392516}},{"type":"Feature","geometry":{"type":"Polygon","coordinates":[[[10.2213508,45.5397766],[10.2213065,45.5397848],[10.2213203,45.5398212],[10.2212271,45.5398385],[10.2212412,45.5398759],[10.2214323,45.5398405],[10.2214211,45.5398107],[10.2213674,45.5398207],[10.2213508,45.5397766]]]},"properties":{"site":"brescia","name":null,"category":"other","historic":null,"building":"yes","osm_id":214392517}},{"type":"Feature","geometry":{"type":"Polygon","coordinates":[[[10.2203176,45.5399898],[10.2202586,45.5400005],[10.2202793,45.540057],[10.2202153,45.5400685],[10.2201939,45.5400103],[10.2201547,45.5400173],[10.220139,45.5399638],[10.2202991,45.5399409],[10.2203176,45.5399898]]]},"properties":{"site":"brescia","name":null,"category":"other","historic":null,"building":"apartments","osm_id":214392518}},{"type":"Feature","geometry":{"type":"Polygon","coordinates":[[[10.2203176,45.5399898],[10.2203855,45.5401713],[10.220344,45.5401819],[10.220211,45.5402159],[10.2201547,45.5400173],[10.2201939,45.5400103],[10.2202153,45.5400685],[10.2202793,45.540057],[10.2202586,45.5400005],[10.2203176,45.5399898]]]},"properties":{"site":"brescia","name":null,"category":"other","historic":null,"building":"yes","osm_id":214392519}},{"type":"Feature","geometry":{"type":"Polygon","coordinates":[[[10.219861,45.5403203],[10.2197214,45.5403627],[10.2197051,45.5403067],[10.2196942,45.5402696],[10.2196828,45.5402302],[10.2196679,45.5401793],[10.2198382,45.5401666],[10.2198428,45.5401933],[10.2197502,45.5402039],[10.2197602,45.5402463],[10.2198419,45.5402369],[10.219861,45.5403203]]]},"properties":{"site":"brescia","name":null,"category":"other","historic":null,"building":"yes","osm_id":214392521}},{"type":"Feature","geometry":{"type":"Polygon","coordinates":[[[10.2192813,45.5395963],[10.219371,45.5395846],[10.2193726,45.5395624],[10.2194203,45.5395647],[10.2194249,45.5395777],[10.2194475,45.5395811],[10.2194621,45.5396823],[10.219289,45.5396719],[10.2192813,45.5395963]]]},"properties":{"site":"brescia","name":"Casa Vender","category":"other","historic":null,"building":"apartments","osm_id":214392522}},{"type":"Feature","geometry":{"type":"Polygon","coordinates":[[[10.2214614,45.5395708],[10.2215931,45.53948],[10.2216282,45.5395929],[10.2216393,45.5396287],[10.2216468,45.5396528],[10.2216699,45.5397271],[10.2216782,45.5397538],[10.2215988,45.539764],[10.2216049,45.5397889],[10.2215591,45.5397977],[10.2215494,45.5397649],[10.2215139,45.5397688],[10.2214991,45.5397157],[10.2214614,45.5395708]]]},"properties":{"site":"brescia","name":null,"category":"other","historic":null,"building":"yes","osm_id":214392523}},{"type":"Feature","geometry":{"type":"Polygon","coordinates":[[[10.2358205,45.5413361],[10.2359462,45.5413858],[10.2360249,45.5412883],[10.2358992,45.5412385],[10.2358205,45.5413361]]]},"properties":{"site":"brescia","name":null,"category":"other","historic":null,"building":"yes","osm_id":218368909}},{"type":"Feature","geometry":{"type":"Polygon","coordinates":[[[10.2358894,45.5416827],[10.2361193,45.5416037],[10.2360516,45.541507],[10.2358216,45.541586],[10.2358894,45.5416827]]]},"properties":{"site":"brescia","name":null,"category":"other","historic":null,"building":"yes","osm_id":218369526}},{"type":"Feature","geometry":{"type":"Polygon","coordinates":[[[10.2194091,45.5374492],[10.2192975,45.5374595],[10.2193094,45.5375226],[10.2194211,45.5375123],[10.2194091,45.5374492]]]},"properties":{"site":"brescia","name":null,"category":"other","historic":null,"building":"yes","osm_id":219807801}},{"type":"Feature","geometry":{"type":"Polygon","coordinates":[[[10.2194143,45.5372958],[10.2194072,45.5372566],[10.2194001,45.5372175],[10.2192722,45.5372289],[10.2192864,45.5373072],[10.2194143,45.5372958]]]},"properties":{"site":"brescia","name":null,"category":"other","historic":null,"building":"yes","osm_id":219807805}},{"type":"Feature","geometry":{"type":"Polygon","coordinates":[[[10.2189779,45.537196],[10.2191128,45.537184],[10.2191914,45.537177],[10.2191842,45.5371374],[10.2189707,45.5371564],[10.2189779,45.537196]]]},"properties":{"site":"brescia","name":null,"category":"other","historic":null,"building":"yes","osm_id":219807808}},{"type":"Feature","geometry":{"type":"Polygon","coordinates":[[[10.2190673,45.5373969],[10.2191503,45.5373892],[10.2191375,45.5373204],[10.2190549,45.5373278],[10.2190597,45.537357],[10.2190673,45.5373969]]]},"properties":{"site":"brescia","name":null,"category":"other","historic":null,"building":"yes","osm_id":219807811}},{"type":"Feature","geometry":{"type":"Polygon","coordinates":[[[10.2193094,45.5375226],[10.2193216,45.5375871],[10.2193336,45.5376504],[10.2194452,45.5376401],[10.2194233,45.5375239],[10.2194211,45.5375123],[10.2193094,45.5375226]]]},"properties":{"site":"brescia","name":null,"category":"other","historic":null,"building":"yes","osm_id":219807815}},{"type":"Feature","geometry":{"type":"Polygon","coordinates":[[[10.2191581,45.5374307],[10.2194343,45.5374056],[10.2194143,45.5372958],[10.2192864,45.5373072],[10.2191375,45.5373204],[10.2191503,45.5373892],[10.2191581,45.5374307]]]},"properties":{"site":"brescia","name":null,"category":"other","historic":null,"building":"yes","osm_id":219807819}},{"type":"Feature","geometry":{"type":"Polygon","coordinates":[[[10.2194233,45.5375239],[10.2194786,45.537518],[10.2195338,45.537512],[10.2195182,45.5374385],[10.2199498,45.5373953],[10.2199761,45.537573],[10.2195021,45.5376331],[10.2194452,45.5376401],[10.2194233,45.5375239]]]},"properties":{"site":"brescia","name":null,"category":"other","historic":null,"building":"yes","osm_id":219807823}},{"type":"Feature","geometry":{"type":"Polygon","coordinates":[[[10.2192019,45.5372351],[10.2192722,45.5372289],[10.2194001,45.5372175],[10.219379,45.5371008],[10.2191808,45.5371185],[10.2191842,45.5371374],[10.2191914,45.537177],[10.2192019,45.5372351]]]},"properties":{"site":"brescia","name":null,"category":"other","historic":null,"building":"yes","osm_id":219807825}},{"type":"Feature","geometry":{"type":"Polygon","coordinates":[[[10.2199268,45.5371969],[10.21974,45.5372138],[10.2197242,45.5372152],[10.2197333,45.5372668],[10.2197422,45.5373171],[10.2198826,45.5373049],[10.2199419,45.5373001],[10.2199268,45.5371969]]]},"properties":{"site":"brescia","name":null,"category":"other","historic":null,"building":"yes","osm_id":219807830}},{"type":"Feature","geometry":{"type":"Polygon","coordinates":[[[10.219472,45.5373995],[10.2198929,45.5373629],[10.2198826,45.5373049],[10.2197422,45.5373171],[10.2197333,45.5372668],[10.2196019,45.5372783],[10.2194528,45.5372912],[10.219472,45.5373995]]]},"properties":{"site":"brescia","name":null,"category":"other","historic":null,"building":"yes","osm_id":219807834}},{"type":"Feature","geometry":{"type":"Polygon","coordinates":[[[10.2203883,45.5371005],[10.2204474,45.5371669],[10.2204562,45.537163],[10.2204902,45.5372012],[10.2204814,45.5372051],[10.2205337,45.5372639],[10.2205422,45.5372602],[10.2205644,45.5372505],[10.220419,45.5370871],[10.2203967,45.5370968],[10.2203883,45.5371005]]]},"properties":{"site":"brescia","name":null,"category":"other","historic":null,"building":"yes","osm_id":219919189}},{"type":"Feature","geometry":{"type":"Polygon","coordinates":[[[10.2209631,45.5370498],[10.2209844,45.5370955],[10.2210153,45.537162],[10.2209877,45.5372059],[10.2209273,45.5372214],[10.2208658,45.5372013],[10.220845,45.5371633],[10.220842,45.5370868],[10.2208512,45.5370441],[10.2209073,45.5370301],[10.2209631,45.5370498]]]},"properties":{"site":"brescia","name":null,"category":"other","historic":null,"building":"yes","osm_id":219919190}},{"type":"Feature","geometry":{"type":"Polygon","coordinates":[[[10.2216473,45.5372653],[10.2216953,45.5372575],[10.2217939,45.5372415],[10.2217529,45.5371175],[10.2217092,45.5371246],[10.2215973,45.5371427],[10.2216166,45.5372011],[10.221471,45.5372238],[10.2214962,45.5372984],[10.2215054,45.5372969],[10.22165,45.5372735],[10.2216473,45.5372653]]]},"properties":{"site":"brescia","name":null,"category":"other","historic":null,"building":"yes","osm_id":219919191}},{"type":"Feature","geometry":{"type":"Polygon","coordinates":[[[10.2210478,45.5377637],[10.2210309,45.5376766],[10.220754,45.5377357],[10.2207662,45.537798],[10.220767,45.5378018],[10.2207957,45.5377989],[10.2209994,45.537778],[10.2210127,45.5378416],[10.2210322,45.5378396],[10.2211402,45.5378259],[10.2211257,45.5377558],[10.2210478,45.5377637]]]},"properties":{"site":"brescia","name":null,"category":"other","historic":null,"building":"yes","osm_id":219919192}},{"type":"Feature","geometry":{"type":"Polygon","coordinates":[[[10.220388,45.5377057],[10.220445,45.5377017],[10.2204412,45.5376749],[10.2203851,45.5376788],[10.2203774,45.537607],[10.2203707,45.5375445],[10.2203397,45.5375474],[10.2203274,45.5375054],[10.220264,45.5375115],[10.2201647,45.5375217],[10.220145,45.5375237],[10.2201461,45.5375286],[10.2201817,45.5376975],[10.2201871,45.5377234],[10.2202058,45.5377218],[10.220388,45.5377057]]]},"properties":{"site":"brescia","name":null,"category":"other","historic":null,"building":"yes","osm_id":219919193}},{"type":"Feature","geometry":{"type":"Polygon","coordinates":[[[10.2216618,45.5370295],[10.2216545,45.5369802],[10.2216447,45.5369137],[10.2216494,45.5369137],[10.2216361,45.5368369],[10.2217012,45.53683],[10.2217832,45.5368213],[10.2218082,45.5369628],[10.2217903,45.536987],[10.2217604,45.536992],[10.2217632,45.5370169],[10.2216618,45.5370295]]]},"properties":{"site":"brescia","name":null,"category":"other","historic":null,"building":"yes","osm_id":219919194}},{"type":"Feature","geometry":{"type":"Polygon","coordinates":[[[10.2221184,45.5370513],[10.2220931,45.5369308],[10.2218805,45.5369611],[10.2218783,45.536953],[10.2218082,45.5369628],[10.2217903,45.536987],[10.2217986,45.53701],[10.2218713,45.536999],[10.2218765,45.537016],[10.2219291,45.5370095],[10.2219771,45.5370022],[10.2219976,45.5370689],[10.2221184,45.5370513]]]},"properties":{"site":"brescia","name":null,"category":"other","historic":null,"building":"yes","osm_id":219919196}},{"type":"Feature","geometry":{"type":"Polygon","coordinates":[[[10.2205891,45.5377906],[10.2205143,45.5377975],[10.2205093,45.5377708],[10.2204072,45.5377803],[10.2204135,45.5378137],[10.2202278,45.5378288],[10.2202093,45.5378303],[10.2201918,45.5377465],[10.2201871,45.5377234],[10.2202058,45.5377218],[10.220388,45.5377057],[10.2203968,45.5377448],[10.2205977,45.5377261],[10.2206043,45.5377612],[10.2205839,45.5377631],[10.2205891,45.5377906]]]},"properties":{"site":"brescia","name":null,"category":"other","historic":null,"building":"yes","osm_id":219919198}},{"type":"Feature","geometry":{"type":"Polygon","coordinates":[[[10.2203397,45.5375474],[10.2203274,45.5375054],[10.220264,45.5375115],[10.2202505,45.5374615],[10.2202992,45.5374575],[10.2202967,45.5374424],[10.2203645,45.5374376],[10.220358,45.5374065],[10.2203519,45.5373232],[10.2204382,45.5373228],[10.2204526,45.5373636],[10.2205115,45.5375317],[10.2203707,45.5375445],[10.2203397,45.5375474]]]},"properties":{"site":"brescia","name":null,"category":"other","historic":null,"building":"yes","osm_id":219919199}},{"type":"Feature","geometry":{"type":"Polygon","coordinates":[[[10.2222872,45.5376437],[10.2223173,45.5377616],[10.2223275,45.5378001],[10.2222883,45.5378048],[10.2222414,45.5378104],[10.222171,45.5378189],[10.2221838,45.5378712],[10.2221498,45.5378755],[10.2221417,45.5378437],[10.2221358,45.5378205],[10.222132,45.5378055],[10.2221311,45.5378022],[10.2221276,45.5377896],[10.2221259,45.5377837],[10.2221505,45.5377802],[10.2221533,45.5377798],[10.2221314,45.537703],[10.2221544,45.5377],[10.2221446,45.5376618],[10.2222872,45.5376437]]]},"properties":{"site":"brescia","name":null,"category":"other","historic":null,"building":"apartments","osm_id":219919201}},{"type":"Feature","geometry":{"type":"Polygon","coordinates":[[[10.2202098,45.5371104],[10.2203502,45.5370448],[10.2203967,45.5370968],[10.2203883,45.5371005],[10.2204474,45.5371669],[10.2204562,45.537163],[10.2204902,45.5372012],[10.2204814,45.5372051],[10.2205337,45.5372639],[10.2205422,45.5372602],[10.2205791,45.5373048],[10.2205279,45.5373228],[10.2204382,45.5373228],[10.2203519,45.5373232],[10.2202814,45.5373257],[10.2202098,45.5371104]]]},"properties":{"site":"brescia","name":null,"category":"other","historic":null,"building":"yes","osm_id":219919203}},{"type":"Feature","geometry":{"type":"Polygon","coordinates":[[[10.2208107,45.5379639],[10.2207995,45.5379096],[10.2207871,45.5379109],[10.2207801,45.5378771],[10.2207763,45.5378673],[10.2206239,45.5378787],[10.2206218,45.5378666],[10.2206038,45.5378682],[10.220529,45.5378748],[10.2205006,45.5378772],[10.2205028,45.5378893],[10.2204301,45.5378959],[10.2203919,45.537899],[10.2203989,45.5379323],[10.2204117,45.5380122],[10.2208107,45.5379639]]]},"properties":{"site":"brescia","name":null,"category":"other","historic":null,"building":"apartments","osm_id":219919205}},{"type":"Feature","geometry":{"type":"Polygon","coordinates":[[[10.2207801,45.5378771],[10.2207871,45.5379109],[10.2207995,45.5379096],[10.2208107,45.5379639],[10.2209268,45.5379521],[10.2209286,45.5379607],[10.2210546,45.537948],[10.2210405,45.5378794],[10.2210322,45.5378396],[10.2210127,45.5378416],[10.220978,45.5378451],[10.2209748,45.5378297],[10.220836,45.5378438],[10.2208416,45.5378708],[10.2208114,45.5378739],[10.2207801,45.5378771]]]},"properties":{"site":"brescia","name":null,"category":"other","historic":null,"building":"yes","osm_id":219919207}},{"type":"Feature","geometry":{"type":"Polygon","coordinates":[[[10.2213259,45.5379039],[10.2214123,45.5378927],[10.2214274,45.5378738],[10.2214418,45.5378556],[10.2214223,45.537781],[10.2213932,45.5377868],[10.2213861,45.5377733],[10.2213393,45.537782],[10.2213277,45.5377553],[10.2212893,45.5377603],[10.2212015,45.537771],[10.2212134,45.5378165],[10.221172,45.5378218],[10.2211823,45.5378611],[10.2210405,45.5378794],[10.2210546,45.537948],[10.2213283,45.5379127],[10.2213259,45.5379039]]]},"properties":{"site":"brescia","name":null,"category":"other","historic":null,"building":"yes","osm_id":219919211}},{"type":"Feature","geometry":{"type":"Polygon","coordinates":[[[10.2215733,45.5374554],[10.2214892,45.5374698],[10.2214633,45.5373938],[10.2213406,45.5374144],[10.2213666,45.5374904],[10.2212912,45.5375026],[10.2212234,45.5372886],[10.2212028,45.5372278],[10.2212924,45.5372085],[10.2214546,45.5371736],[10.221471,45.5372238],[10.2212986,45.5372557],[10.2213228,45.5373365],[10.2215073,45.5373042],[10.2215166,45.5373026],[10.2215209,45.5373143],[10.2215515,45.5373966],[10.2215687,45.5374429],[10.2215733,45.5374554]]]},"properties":{"site":"brescia","name":null,"category":"other","historic":null,"building":"yes","osm_id":219919213}},{"type":"Feature","geometry":{"type":"Polygon","coordinates":[[[10.2220561,45.5372446],[10.2221511,45.537234],[10.222142,45.5371942],[10.2221526,45.537193],[10.2221184,45.5370513],[10.2219976,45.5370689],[10.2219428,45.5370764],[10.2219603,45.5371528],[10.2219218,45.5371571],[10.2219329,45.5372056],[10.2219203,45.537207],[10.2219344,45.5372683],[10.221945,45.5372671],[10.2220087,45.5372599],[10.2220374,45.5373853],[10.2220873,45.5373807],[10.2220561,45.5372446]]]},"properties":{"site":"brescia","name":null,"category":"other","historic":null,"building":"yes","osm_id":219919215}},{"type":"Feature","geometry":{"type":"Polygon","coordinates":[[[10.2216473,45.5372653],[10.22165,45.5372735],[10.2215054,45.5372969],[10.2215073,45.5373042],[10.2215166,45.5373026],[10.2215209,45.5373143],[10.2216422,45.5372989],[10.221683,45.5373939],[10.2215515,45.5373966],[10.2215687,45.5374429],[10.2216062,45.5374422],[10.2216067,45.5374546],[10.2216073,45.5374674],[10.2216522,45.5374655],[10.221774,45.5374641],[10.2217631,45.5374085],[10.2218591,45.5373963],[10.2218424,45.5373313],[10.2217416,45.5373441],[10.2217156,45.5372834],[10.2217041,45.5372852],[10.2216953,45.5372575],[10.2216473,45.5372653]]]},"properties":{"site":"brescia","name":null,"category":"other","historic":null,"building":"yes","osm_id":219919218}},{"type":"Feature","geometry":{"type":"Polygon","coordinates":[[[10.2210029,45.5366849],[10.2212922,45.536653],[10.2212969,45.5366749],[10.2213082,45.536727],[10.2214592,45.53671],[10.2214478,45.5366563],[10.2214442,45.5366394],[10.2220048,45.5365712],[10.2220102,45.5365932],[10.2220156,45.5366166],[10.2218512,45.5366323],[10.2218676,45.5367153],[10.2218695,45.536731],[10.2218225,45.536735],[10.2218211,45.5367729],[10.2217784,45.5367759],[10.2217784,45.5367998],[10.2216964,45.5368059],[10.2215222,45.5368189],[10.2215109,45.5367667],[10.2214439,45.5367744],[10.2210076,45.5368138],[10.2210133,45.5368398],[10.2208737,45.5368547],[10.2208503,45.5367932],[10.22089,45.5367854],[10.2208865,45.5367749],[10.2210229,45.5367635],[10.2210084,45.5367063],[10.2210029,45.5366849]]]},"properties":{"site":"brescia","name":null,"category":"other","historic":null,"building":"yes","osm_id":219919219}},{"type":"Feature","geometry":{"type":"Polygon","coordinates":[[[10.221774,45.5374641],[10.221868,45.5374631],[10.2218708,45.537476],[10.2219902,45.5374644],[10.2219986,45.5375088],[10.2220032,45.5375319],[10.2219777,45.5375339],[10.2219877,45.5375758],[10.2218708,45.5375888],[10.2218609,45.5375499],[10.2216628,45.5375718],[10.2216614,45.5375449],[10.2215332,45.5375539],[10.2215359,45.5375848],[10.2215403,45.5376366],[10.22166,45.5376287],[10.221666,45.5376477],[10.2216839,45.5377046],[10.2216999,45.5377554],[10.2218908,45.5377305],[10.2219181,45.5378061],[10.2218484,45.5378163],[10.2217873,45.5378252],[10.2217276,45.537834],[10.2215277,45.5378632],[10.2215033,45.5378492],[10.2214788,45.5378351],[10.2214655,45.5377734],[10.2214447,45.5376771],[10.2214434,45.5376495],[10.221442,45.5376193],[10.2214402,45.5375799],[10.221438,45.5375327],[10.2214365,45.5375003],[10.2216555,45.5374964],[10.2216522,45.5374655],[10.221774,45.5374641]]]},"properties":{"site":"brescia","name":null,"category":"other","historic":null,"building":"yes","osm_id":219919220}},{"type":"Feature","geometry":{"type":"Polygon","coordinates":[[[10.2217784,45.5367998],[10.2217832,45.5368213],[10.2217012,45.53683],[10.2216964,45.5368059],[10.2217784,45.5367998]]]},"properties":{"site":"brescia","name":null,"category":"other","historic":null,"building":"yes","osm_id":219919221}},{"type":"Feature","geometry":{"type":"Polygon","coordinates":[[[10.2218604,45.537621],[10.221666,45.5376477],[10.2216839,45.5377046],[10.2218764,45.5376783],[10.2218604,45.537621]]]},"properties":{"site":"brescia","name":null,"category":"other","historic":null,"building":"yes","osm_id":219919222}},{"type":"Feature","geometry":{"type":"Polygon","coordinates":[[[10.2205891,45.5377906],[10.2205143,45.5377975],[10.220529,45.5378748],[10.2206038,45.5378682],[10.2205891,45.5377906]]]},"properties":{"site":"brescia","name":null,"category":"other","historic":null,"building":"yes","osm_id":219919223}},{"type":"Feature","geometry":{"type":"Polygon","coordinates":[[[10.2210029,45.5366849],[10.220858,45.5367017],[10.2208661,45.5367224],[10.2208865,45.5367749],[10.2210229,45.5367635],[10.2210084,45.5367063],[10.2210029,45.5366849]]]},"properties":{"site":"brescia","name":null,"category":"other","historic":null,"building":"yes","osm_id":219919224}},{"type":"Feature","geometry":{"type":"Polygon","coordinates":[[[10.2216614,45.5375449],[10.2215332,45.5375539],[10.2215359,45.5375848],[10.2216628,45.5375718],[10.2216614,45.5375449]]]},"properties":{"site":"brescia","name":null,"category":"other","historic":null,"building":"yes","osm_id":219919225}},{"type":"Feature","geometry":{"type":"Polygon","coordinates":[[[10.2220374,45.5373853],[10.2220087,45.5372599],[10.221945,45.5372671],[10.2219764,45.5373909],[10.2220374,45.5373853]]]},"properties":{"site":"brescia","name":null,"category":"other","historic":null,"building":"yes","osm_id":219919227}},{"type":"Feature","geometry":{"type":"Polygon","coordinates":[[[10.2205093,45.5377708],[10.2204072,45.5377803],[10.2204135,45.5378137],[10.2205143,45.5377975],[10.2205093,45.5377708]]]},"properties":{"site":"brescia","name":null,"category":"other","historic":null,"building":"yes","osm_id":219919229}},{"type":"Feature","geometry":{"type":"Polygon","coordinates":[[[10.2212922,45.536653],[10.2212969,45.5366749],[10.2213082,45.536727],[10.2214592,45.53671],[10.2214478,45.5366563],[10.2214442,45.5366394],[10.2212922,45.536653]]]},"properties":{"site":"brescia","name":null,"category":"other","historic":null,"building":"apartments","osm_id":219919230}},{"type":"Feature","geometry":{"type":"Polygon","coordinates":[[[10.2220617,45.5367954],[10.2220423,45.5367204],[10.2219123,45.5367372],[10.2219255,45.5368156],[10.2220617,45.5367954]]]},"properties":{"site":"brescia","name":null,"category":"other","historic":null,"building":"yes","osm_id":219919232}},{"type":"Feature","geometry":{"type":"Polygon","coordinates":[[[10.2216618,45.5370295],[10.2216545,45.5369802],[10.2215585,45.5369872],[10.2215691,45.5370362],[10.2216618,45.5370295]]]},"properties":{"site":"brescia","name":null,"category":"other","historic":null,"building":"yes","osm_id":219919233}},{"type":"Feature","geometry":{"type":"Polygon","coordinates":[[[10.2219771,45.5370022],[10.2219291,45.5370095],[10.2219428,45.5370764],[10.2219976,45.5370689],[10.2219771,45.5370022]]]},"properties":{"site":"brescia","name":null,"category":"other","historic":null,"building":"yes","osm_id":219919234}},{"type":"Feature","geometry":{"type":"Polygon","coordinates":[[[10.2218764,45.5376783],[10.2216839,45.5377046],[10.2216999,45.5377554],[10.2218908,45.5377305],[10.2218764,45.5376783]]]},"properties":{"site":"brescia","name":null,"category":"other","historic":null,"building":"yes","osm_id":219919235}},{"type":"Feature","geometry":{"type":"Polygon","coordinates":[[[10.2220331,45.5375675],[10.2220423,45.5376174],[10.2221093,45.5376113],[10.2221001,45.5375615],[10.2220331,45.5375675]]]},"properties":{"site":"brescia","name":null,"category":"other","historic":null,"building":"yes","osm_id":219919236}},{"type":"Feature","geometry":{"type":"Polygon","coordinates":[[[10.2209419,45.5373879],[10.220986,45.5374478],[10.2207955,45.5375167],[10.2207514,45.5374567],[10.2209419,45.5373879]]]},"properties":{"site":"brescia","name":null,"category":"other","historic":null,"building":"yes","osm_id":219919237}},{"type":"Feature","geometry":{"type":"Polygon","coordinates":[[[10.2223275,45.5378001],[10.2222883,45.5378048],[10.2222414,45.5378104],[10.222171,45.5378189],[10.2221838,45.5378712],[10.2221965,45.537923],[10.222353,45.5379042],[10.2223275,45.5378001]]]},"properties":{"site":"brescia","name":null,"category":"other","historic":null,"building":"apartments","osm_id":219919238}},{"type":"Feature","geometry":{"type":"Polygon","coordinates":[[[10.2202321,45.5373275],[10.2202814,45.5373257],[10.2203519,45.5373232],[10.220358,45.5374065],[10.2202383,45.5374108],[10.2202321,45.5373275]]]},"properties":{"site":"brescia","name":null,"category":"other","historic":null,"building":"yes","osm_id":219919239}},{"type":"Feature","geometry":{"type":"Polygon","coordinates":[[[10.2210322,45.5378396],[10.2210405,45.5378794],[10.2211823,45.5378611],[10.221172,45.5378218],[10.2211402,45.5378259],[10.2210322,45.5378396]]]},"properties":{"site":"brescia","name":null,"category":"other","historic":null,"building":"yes","osm_id":219919240}},{"type":"Feature","geometry":{"type":"Polygon","coordinates":[[[10.2221716,45.5372316],[10.2221511,45.537234],[10.2220561,45.5372446],[10.2220873,45.5373807],[10.2222087,45.5373675],[10.2221716,45.5372316]]]},"properties":{"site":"brescia","name":null,"category":"other","historic":null,"building":"yes","osm_id":219919241}},{"type":"Feature","geometry":{"type":"Polygon","coordinates":[[[10.2213406,45.5374144],[10.2213666,45.5374904],[10.2214307,45.5374796],[10.221452,45.537476],[10.2214892,45.5374698],[10.2214633,45.5373938],[10.2213406,45.5374144]]]},"properties":{"site":"brescia","name":null,"category":"other","historic":null,"building":"yes","osm_id":219919242}},{"type":"Feature","geometry":{"type":"Polygon","coordinates":[[[10.2203077,45.538021],[10.2204117,45.5380122],[10.2203989,45.5379323],[10.2202518,45.5379445],[10.2202317,45.5379462],[10.2202538,45.538059],[10.2202586,45.5380843],[10.2202795,45.5380828],[10.2203196,45.5380799],[10.220314,45.5380521],[10.2203077,45.538021]]]},"properties":{"site":"brescia","name":null,"category":"other","historic":null,"building":"apartments","osm_id":219919243}},{"type":"Feature","geometry":{"type":"Polygon","coordinates":[[[10.2205115,45.5375317],[10.2205283,45.5375434],[10.2205251,45.5375649],[10.2205361,45.5375865],[10.2203774,45.537607],[10.2203707,45.5375445],[10.2205115,45.5375317]]]},"properties":{"site":"brescia","name":null,"category":"other","historic":null,"building":"yes","osm_id":219919244}},{"type":"Feature","geometry":{"type":"Polygon","coordinates":[[[10.2218446,45.5368261],[10.2218783,45.536953],[10.2218805,45.5369611],[10.2220931,45.5369308],[10.2220617,45.5367954],[10.2219255,45.5368156],[10.2218446,45.5368261]]]},"properties":{"site":"brescia","name":null,"category":"other","historic":null,"building":"yes","osm_id":219919245}},{"type":"Feature","geometry":{"type":"Polygon","coordinates":[[[10.2219072,45.5367115],[10.2219123,45.5367372],[10.2220423,45.5367204],[10.2220156,45.5366166],[10.2218512,45.5366323],[10.2218676,45.5367153],[10.2219072,45.5367115]]]},"properties":{"site":"brescia","name":null,"category":"other","historic":null,"building":"yes","osm_id":219919246}},{"type":"Feature","geometry":{"type":"Polygon","coordinates":[[[10.2200701,45.5371251],[10.2200581,45.5370544],[10.2200519,45.5370176],[10.2201231,45.5369857],[10.2206008,45.5367713],[10.2206098,45.5367822],[10.2206943,45.5368836],[10.2203502,45.5370448],[10.2202098,45.5371104],[10.2200923,45.5371228],[10.2200701,45.5371251]]]},"properties":{"site":"brescia","name":null,"category":"other","historic":null,"building":"yes","osm_id":219919247}},{"type":"Feature","geometry":{"type":"Polygon","coordinates":[[[10.221996,45.5377229],[10.2219674,45.537639],[10.2218886,45.5376522],[10.2219073,45.5377072],[10.2219399,45.5378028],[10.2219481,45.5378014],[10.2220828,45.537779],[10.2220638,45.5377124],[10.221996,45.5377229]]]},"properties":{"site":"brescia","name":null,"category":"other","historic":null,"building":"yes","osm_id":219919248}},{"type":"Feature","geometry":{"type":"Polygon","coordinates":[[[10.2204135,45.5378137],[10.2204301,45.5378959],[10.2203919,45.537899],[10.2203989,45.5379323],[10.2202518,45.5379445],[10.2202317,45.5379462],[10.2202093,45.5378303],[10.2202278,45.5378288],[10.2204135,45.5378137]]]},"properties":{"site":"brescia","name":null,"category":"other","historic":null,"building":"yes","osm_id":219919249}},{"type":"Feature","geometry":{"type":"Polygon","coordinates":[[[10.2206836,45.537806],[10.2207662,45.537798],[10.220754,45.5377357],[10.220741,45.5377384],[10.2207212,45.5376983],[10.2206651,45.5377119],[10.2206836,45.537806]]]},"properties":{"site":"brescia","name":null,"category":"other","historic":null,"building":"yes","osm_id":219919250}},{"type":"Feature","geometry":{"type":"Polygon","coordinates":[[[10.2221314,45.537703],[10.2220638,45.5377124],[10.2220828,45.537779],[10.222091,45.5378079],[10.2221311,45.5378022],[10.2221259,45.5377837],[10.2221533,45.5377798],[10.2221314,45.537703]]]},"properties":{"site":"brescia","name":null,"category":"other","historic":null,"building":"apartments","osm_id":219919251}},{"type":"Feature","geometry":{"type":"Polygon","coordinates":[[[10.2207258,45.5368686],[10.2207388,45.5368648],[10.2207206,45.5368242],[10.2208503,45.5367932],[10.2208737,45.5368547],[10.2209152,45.5369589],[10.2207923,45.5369885],[10.2207258,45.5368686]]]},"properties":{"site":"brescia","name":null,"category":"other","historic":null,"building":"yes","osm_id":219919252}},{"type":"Feature","geometry":{"type":"Polygon","coordinates":[[[10.2202505,45.5374615],[10.220264,45.5375115],[10.2201647,45.5375217],[10.220145,45.5375237],[10.220127,45.5374349],[10.2201484,45.537434],[10.2202402,45.5374302],[10.2202943,45.537428],[10.2202967,45.5374424],[10.2202992,45.5374575],[10.2202505,45.5374615]]]},"properties":{"site":"brescia","name":null,"category":"other","historic":null,"building":"yes","osm_id":219919253}},{"type":"Feature","geometry":{"type":"Polygon","coordinates":[[[10.2220741,45.537478],[10.2220785,45.5375014],[10.2220202,45.5375068],[10.2220331,45.5375675],[10.2222608,45.5375468],[10.2222087,45.5373675],[10.2220873,45.5373807],[10.222105,45.5374751],[10.2220741,45.537478]]]},"properties":{"site":"brescia","name":null,"category":"other","historic":null,"building":"yes","osm_id":219919254}},{"type":"Feature","geometry":{"type":"Polygon","coordinates":[[[10.2207957,45.5377989],[10.2208114,45.5378739],[10.2208416,45.5378708],[10.220836,45.5378438],[10.2209748,45.5378297],[10.220978,45.5378451],[10.2210127,45.5378416],[10.2209994,45.537778],[10.2207957,45.5377989]]]},"properties":{"site":"brescia","name":null,"category":"other","historic":null,"building":"yes","osm_id":219919255}},{"type":"Feature","geometry":{"type":"Polygon","coordinates":[[[10.220127,45.5374349],[10.2201484,45.537434],[10.2202402,45.5374302],[10.2202383,45.5374108],[10.2202321,45.5373275],[10.2202814,45.5373257],[10.2202098,45.5371104],[10.2200923,45.5371228],[10.2200701,45.5371251],[10.2201146,45.5373719],[10.220127,45.5374349]]]},"properties":{"site":"brescia","name":null,"category":"other","historic":null,"building":"yes","osm_id":219919256}},{"type":"Feature","geometry":{"type":"Polygon","coordinates":[[[10.2221001,45.5375615],[10.2221093,45.5376113],[10.2220423,45.5376174],[10.2220638,45.5377124],[10.2221314,45.537703],[10.2221544,45.5377],[10.2221446,45.5376618],[10.2222872,45.5376437],[10.2222608,45.5375468],[10.2221001,45.5375615]]]},"properties":{"site":"brescia","name":null,"category":"other","historic":null,"building":"yes","osm_id":219919257}},{"type":"Feature","geometry":{"type":"Polygon","coordinates":[[[10.2219764,45.5373909],[10.2219902,45.5374644],[10.2219986,45.5375088],[10.2220202,45.5375068],[10.2220785,45.5375014],[10.2220741,45.537478],[10.222105,45.5374751],[10.2220873,45.5373807],[10.2220374,45.5373853],[10.2219764,45.5373909]]]},"properties":{"site":"brescia","name":null,"category":"other","historic":null,"building":"yes","osm_id":219919258}},{"type":"Feature","geometry":{"type":"Polygon","coordinates":[[[10.2218036,45.5358632],[10.221903,45.5360989],[10.2221301,45.5360585],[10.222135,45.5360809],[10.2222266,45.5360643],[10.2224141,45.5360323],[10.2224126,45.5360269],[10.2225572,45.535992],[10.2225461,45.5359067],[10.2225413,45.5358809],[10.2228151,45.5358584],[10.2229012,45.5358434],[10.2229262,45.535839],[10.2229247,45.5358266],[10.2229148,45.5357465],[10.2229138,45.5357388],[10.2228223,45.5357411],[10.2227781,45.5357417],[10.2227796,45.5357709],[10.222462,45.5357914],[10.222454,45.5357613],[10.2224175,45.535767],[10.2224219,45.5357828],[10.2223478,45.5357947],[10.2223632,45.5358445],[10.2223895,45.5359297],[10.222061,45.5359913],[10.2220321,45.5358958],[10.2220123,45.5358305],[10.2218036,45.5358632]]]},"properties":{"site":"brescia","name":null,"category":"other","historic":null,"building":"yes","osm_id":221052315}},{"type":"Feature","geometry":{"type":"Polygon","coordinates":[[[10.2221301,45.5360585],[10.221903,45.5360989],[10.2219111,45.5361173],[10.222028,45.5363846],[10.2225116,45.5363235],[10.2225611,45.5363171],[10.2231372,45.5362442],[10.2231334,45.5362286],[10.2231179,45.5361658],[10.2231024,45.5361027],[10.2230964,45.5360783],[10.2230827,45.5360791],[10.2230643,45.5360035],[10.2229882,45.536016],[10.2228333,45.5360645],[10.2225359,45.5362238],[10.2225272,45.5362043],[10.2225204,45.5361892],[10.2227273,45.5360755],[10.2228001,45.5360432],[10.222908,45.5360102],[10.2229024,45.5359957],[10.2229952,45.5359739],[10.2229902,45.5359645],[10.222932,45.5358555],[10.2228182,45.5358745],[10.2226311,45.5358919],[10.2225461,45.5359067],[10.2225572,45.535992],[10.2225987,45.5360724],[10.2225226,45.5360956],[10.2225143,45.5360801],[10.2222639,45.536145],[10.2222266,45.5360643],[10.222135,45.5360809],[10.2221301,45.5360585]]]},"properties":{"site":"brescia","name":null,"category":"other","historic":null,"building":"yes","osm_id":221052318}},{"type":"Feature","geometry":{"type":"Polygon","coordinates":[[[10.2229692,45.5356114],[10.2229746,45.535715],[10.2229757,45.5357372],[10.2229138,45.5357388],[10.2228223,45.5357411],[10.2228158,45.5356153],[10.2229692,45.5356114]]]},"properties":{"site":"brescia","name":null,"category":"other","historic":null,"building":"yes","osm_id":221052322}},{"type":"Feature","geometry":{"type":"Polygon","coordinates":[[[10.2220321,45.5358958],[10.2223632,45.5358445],[10.2223478,45.5357947],[10.2224219,45.5357828],[10.2224175,45.535767],[10.2220123,45.5358305],[10.2220321,45.5358958]]]},"properties":{"site":"brescia","name":null,"category":"other","historic":null,"building":"yes","osm_id":221052324}},{"type":"Feature","geometry":{"type":"Polygon","coordinates":[[[10.2220291,45.5355958],[10.2220804,45.5355885],[10.2220608,45.5355065],[10.2222916,45.5354789],[10.2222578,45.5353172],[10.222175,45.5353275],[10.2219884,45.5353509],[10.2219658,45.5353537],[10.2220183,45.5355543],[10.2220291,45.5355958]]]},"properties":{"site":"brescia","name":null,"category":"other","historic":null,"building":"yes","osm_id":221052325}},{"type":"Feature","geometry":{"type":"Polygon","coordinates":[[[10.2211995,45.5355369],[10.2211814,45.5354405],[10.2212955,45.5354307],[10.2212924,45.5354225],[10.2215075,45.5354023],[10.2215104,45.5354092],[10.221624,45.535677],[10.2214877,45.5357021],[10.2214602,45.5356327],[10.2214152,45.5355205],[10.2212139,45.5355352],[10.2211995,45.5355369]]]},"properties":{"site":"brescia","name":null,"category":"other","historic":null,"building":"yes","osm_id":222155196}},{"type":"Feature","geometry":{"type":"Polygon","coordinates":[[[10.2214953,45.5363673],[10.2215582,45.5363572],[10.2215698,45.5363695],[10.2216364,45.5363595],[10.2216539,45.5363418],[10.2217189,45.5363329],[10.2217453,45.5364174],[10.221749,45.5364295],[10.2215492,45.5364551],[10.2215159,45.5364395],[10.2214953,45.5363673]]]},"properties":{"site":"brescia","name":null,"category":"other","historic":null,"building":"yes","osm_id":222155197}},{"type":"Feature","geometry":{"type":"Polygon","coordinates":[[[10.2215865,45.5361347],[10.2215125,45.535959],[10.2214945,45.5359161],[10.2215457,45.5359049],[10.2214645,45.5357066],[10.2214877,45.5357021],[10.221624,45.535677],[10.221635,45.5357042],[10.2216602,45.5357666],[10.2217983,45.5361079],[10.2217277,45.5361252],[10.221705,45.5360655],[10.221633,45.5360789],[10.2216471,45.536118],[10.2215865,45.5361347]]]},"properties":{"site":"brescia","name":null,"category":"other","historic":null,"building":"yes","osm_id":222155198}},{"type":"Feature","geometry":{"type":"Polygon","coordinates":[[[10.221297,45.5357398],[10.2213873,45.5359374],[10.2214945,45.5359161],[10.2215125,45.535959],[10.2214047,45.5359796],[10.2214491,45.5360996],[10.2214204,45.5361063],[10.2213415,45.5361214],[10.2213012,45.5360009],[10.2212073,45.5357371],[10.2212276,45.535733],[10.2212357,45.5357524],[10.221297,45.5357398]]]},"properties":{"site":"brescia","name":null,"category":"other","historic":null,"building":"yes","osm_id":222155199}},{"type":"Feature","geometry":{"type":"Polygon","coordinates":[[[10.2211299,45.5355433],[10.22103,45.5355563],[10.2209821,45.5355626],[10.2210277,45.5356956],[10.2211812,45.5356749],[10.2211299,45.5355433]]]},"properties":{"site":"brescia","name":null,"category":"other","historic":null,"building":"yes","osm_id":222155200}},{"type":"Feature","geometry":{"type":"Polygon","coordinates":[[[10.2211118,45.5354469],[10.2211299,45.5355433],[10.2211995,45.5355369],[10.2211814,45.5354405],[10.2211681,45.5354417],[10.2211118,45.5354469]]]},"properties":{"site":"brescia","name":null,"category":"other","historic":null,"building":"yes","osm_id":222155201}},{"type":"Feature","geometry":{"type":"Polygon","coordinates":[[[10.2210499,45.5357605],[10.2210277,45.5356956],[10.2211812,45.5356749],[10.2211884,45.5356919],[10.2212073,45.5357371],[10.2210499,45.5357605]]]},"properties":{"site":"brescia","name":null,"category":"other","historic":null,"building":"yes","osm_id":222155202}},{"type":"Feature","geometry":{"type":"Polygon","coordinates":[[[10.2213467,45.5361353],[10.2211879,45.5361622],[10.2211397,45.5360294],[10.2213012,45.5360009],[10.2213415,45.5361214],[10.2213467,45.5361353]]]},"properties":{"site":"brescia","name":null,"category":"other","historic":null,"building":"yes","osm_id":222155203}},{"type":"Feature","geometry":{"type":"Polygon","coordinates":[[[10.2211492,45.536228],[10.221208,45.5362175],[10.2211879,45.5361622],[10.2211397,45.5360294],[10.2210794,45.536041],[10.2211492,45.536228]]]},"properties":{"site":"brescia","name":null,"category":"other","historic":null,"building":"yes","osm_id":222155204}},{"type":"Feature","geometry":{"type":"Polygon","coordinates":[[[10.2218347,45.5363134],[10.221776,45.5363278],[10.2217526,45.5362809],[10.2218112,45.5362665],[10.221818,45.5362801],[10.2218347,45.5363134]]]},"properties":{"site":"brescia","name":null,"category":"other","historic":null,"building":"yes","osm_id":222155205}},{"type":"Feature","geometry":{"type":"Polygon","coordinates":[[[10.2205091,45.5355033],[10.2206958,45.5354847],[10.2209615,45.5354582],[10.2209821,45.5355626],[10.2209373,45.5355665],[10.2206482,45.5355929],[10.2205219,45.535606],[10.2205091,45.5355033]]]},"properties":{"site":"brescia","name":null,"category":"other","historic":null,"building":"yes","osm_id":222155206}},{"type":"Feature","geometry":{"type":"Polygon","coordinates":[[[10.2213012,45.5360009],[10.2212073,45.5357371],[10.2210499,45.5357605],[10.2210872,45.5358697],[10.2211261,45.5359832],[10.2211397,45.5360294],[10.2213012,45.5360009]]]},"properties":{"site":"brescia","name":null,"category":"other","historic":null,"building":"yes","osm_id":222155207}},{"type":"Feature","geometry":{"type":"Polygon","coordinates":[[[10.2217983,45.5361079],[10.2218324,45.5361866],[10.2217352,45.5362051],[10.221693,45.5361459],[10.2217328,45.5361356],[10.2217277,45.5361252],[10.2217983,45.5361079]]]},"properties":{"site":"brescia","name":null,"category":"other","historic":null,"building":"yes","osm_id":222155208}},{"type":"Feature","geometry":{"type":"Polygon","coordinates":[[[10.2214557,45.5361968],[10.2214204,45.5361063],[10.2213415,45.5361214],[10.2213467,45.5361353],[10.2213654,45.5361828],[10.2213767,45.5362119],[10.2214557,45.5361968]]]},"properties":{"site":"brescia","name":null,"category":"other","historic":null,"building":"yes","osm_id":222155209}},{"type":"Feature","geometry":{"type":"Polygon","coordinates":[[[10.221297,45.5357398],[10.2212699,45.5356751],[10.2211884,45.5356919],[10.2212073,45.5357371],[10.2212276,45.535733],[10.2212357,45.5357524],[10.221297,45.5357398]]]},"properties":{"site":"brescia","name":null,"category":"other","historic":null,"building":"yes","osm_id":222155210}},{"type":"Feature","geometry":{"type":"Polygon","coordinates":[[[10.2214602,45.5356327],[10.2212686,45.53567],[10.2212699,45.5356751],[10.221297,45.5357398],[10.2214645,45.5357066],[10.2214877,45.5357021],[10.2214602,45.5356327]]]},"properties":{"site":"brescia","name":null,"category":"other","historic":null,"building":"yes","osm_id":222155211}},{"type":"Feature","geometry":{"type":"Polygon","coordinates":[[[10.2215444,45.5363318],[10.2216364,45.5363095],[10.2216539,45.5363418],[10.2216364,45.5363595],[10.2215698,45.5363695],[10.2215582,45.5363572],[10.2215444,45.5363318]]]},"properties":{"site":"brescia","name":null,"category":"other","historic":null,"building":"yes","osm_id":222155212}},{"type":"Feature","geometry":{"type":"Polygon","coordinates":[[[10.2211995,45.5355369],[10.2212139,45.5355352],[10.2212686,45.53567],[10.2212699,45.5356751],[10.2211884,45.5356919],[10.2211812,45.5356749],[10.2211299,45.5355433],[10.2211995,45.5355369]]]},"properties":{"site":"brescia","name":null,"category":"other","historic":null,"building":"yes","osm_id":222155213}},{"type":"Feature","geometry":{"type":"Polygon","coordinates":[[[10.2217453,45.5364174],[10.2219251,45.5363995],[10.2218648,45.5362695],[10.221818,45.5362801],[10.2218347,45.5363134],[10.221776,45.5363278],[10.2217189,45.5363329],[10.2217453,45.5364174]]]},"properties":{"site":"brescia","name":null,"category":"other","historic":null,"building":"yes","osm_id":222155214}},{"type":"Feature","geometry":{"type":"Polygon","coordinates":[[[10.2205823,45.5357814],[10.2205606,45.5357217],[10.2205348,45.5356507],[10.2205219,45.535606],[10.2206482,45.5355929],[10.2206585,45.5356422],[10.2206843,45.53564],[10.2207135,45.5357602],[10.2205823,45.5357814]]]},"properties":{"site":"brescia","name":null,"category":"other","historic":null,"building":"yes","osm_id":222155215}},{"type":"Feature","geometry":{"type":"Polygon","coordinates":[[[10.2214557,45.5361968],[10.2214638,45.5362118],[10.2215175,45.5361937],[10.2215591,45.5361461],[10.2215296,45.5360801],[10.2214491,45.5360996],[10.2214204,45.5361063],[10.2214557,45.5361968]]]},"properties":{"site":"brescia","name":null,"category":"other","historic":null,"building":"yes","osm_id":222155216}},{"type":"Feature","geometry":{"type":"Polygon","coordinates":[[[10.221485,45.5362614],[10.2212474,45.536307],[10.221208,45.5362175],[10.2213654,45.5361828],[10.2213767,45.5362119],[10.2214557,45.5361968],[10.2214638,45.5362118],[10.221485,45.5362614]]]},"properties":{"site":"brescia","name":null,"category":"other","historic":null,"building":"yes","osm_id":222155217}},{"type":"Feature","geometry":{"type":"Polygon","coordinates":[[[10.2218324,45.5361866],[10.2218648,45.5362695],[10.221818,45.5362801],[10.2218112,45.5362665],[10.2217526,45.5362809],[10.2217356,45.5362513],[10.2217442,45.5362176],[10.2217352,45.5362051],[10.2218324,45.5361866]]]},"properties":{"site":"brescia","name":null,"category":"other","historic":null,"building":"yes","osm_id":222155218}},{"type":"Feature","geometry":{"type":"Polygon","coordinates":[[[10.220967,45.5362239],[10.2208831,45.5360808],[10.2210794,45.536041],[10.2211397,45.5360294],[10.2211261,45.5359832],[10.2207048,45.5360644],[10.2207142,45.5360805],[10.2207292,45.536106],[10.2208212,45.5362629],[10.2209422,45.536231],[10.220967,45.5362239]]]},"properties":{"site":"brescia","name":null,"category":"other","historic":null,"building":"yes","osm_id":222155219}},{"type":"Feature","geometry":{"type":"Polygon","coordinates":[[[10.2207581,45.5358907],[10.2207726,45.5359255],[10.2209373,45.5358975],[10.2210872,45.5358697],[10.2211261,45.5359832],[10.2207048,45.5360644],[10.2206991,45.5360514],[10.2206521,45.5359448],[10.2206751,45.5359403],[10.2206613,45.535909],[10.2207581,45.5358907]]]},"properties":{"site":"brescia","name":null,"category":"other","historic":null,"building":"yes","osm_id":222155220}},{"type":"Feature","geometry":{"type":"Polygon","coordinates":[[[10.2216428,45.5362838],[10.2216649,45.536276],[10.2217356,45.5362513],[10.2217442,45.5362176],[10.2217352,45.5362051],[10.221693,45.5361459],[10.2216531,45.5361358],[10.2215603,45.5361683],[10.2215363,45.5362008],[10.2215875,45.5362725],[10.2216428,45.5362838]]]},"properties":{"site":"brescia","name":"Chiesa di San Luca","category":"medieval","historic":null,"building":"church","osm_id":222155221}},{"type":"Feature","geometry":{"type":"Polygon","coordinates":[[[10.2200299,45.5404579],[10.220042,45.540479],[10.2199769,45.5404974],[10.2199393,45.540508],[10.2199182,45.5404712],[10.2197818,45.5405097],[10.2197703,45.5404896],[10.219965,45.5404347],[10.2199539,45.5404152],[10.2199982,45.5404027],[10.2200299,45.5404579]]]},"properties":{"site":"brescia","name":null,"category":"other","historic":null,"building":"yes","osm_id":228690896}},{"type":"Feature","geometry":{"type":"Polygon","coordinates":[[[10.2199539,45.5404152],[10.219965,45.5404347],[10.2197703,45.5404896],[10.2197818,45.5405097],[10.2197351,45.5405228],[10.2197393,45.5405355],[10.2196842,45.5405463],[10.2196446,45.5404475],[10.2197382,45.5404178],[10.2199946,45.5403408],[10.2200883,45.5403123],[10.2201208,45.5403681],[10.2199982,45.5404027],[10.2199539,45.5404152]]]},"properties":{"site":"brescia","name":null,"category":"other","historic":null,"building":"yes","osm_id":228690897}},{"type":"Feature","geometry":{"type":"Polygon","coordinates":[[[10.2197293,45.5405581],[10.2197613,45.5406512],[10.2196489,45.5406608],[10.2196738,45.5407726],[10.2194984,45.5407891],[10.2195031,45.5407599],[10.2195112,45.5407091],[10.2195177,45.5406743],[10.2195262,45.5406284],[10.2195309,45.5406029],[10.2195724,45.5406011],[10.2195765,45.5406411],[10.2196617,45.5406374],[10.219712,45.5406265],[10.2196914,45.5405668],[10.2197293,45.5405581]]]},"properties":{"site":"brescia","name":null,"category":"other","historic":null,"building":"yes","osm_id":228690898}},{"type":"Feature","geometry":{"type":"Polygon","coordinates":[[[10.2197239,45.5414473],[10.2196669,45.5414681],[10.2196969,45.5415474],[10.2198012,45.5415295],[10.219825,45.5415255],[10.2198448,45.5415899],[10.2196229,45.5416331],[10.2195592,45.5415579],[10.2195199,45.5415115],[10.2194924,45.5414642],[10.2194681,45.5414224],[10.2194588,45.5413527],[10.2194517,45.5412994],[10.2195824,45.5412936],[10.2195782,45.5412706],[10.2196145,45.5412677],[10.2197239,45.5414473]]]},"properties":{"site":"brescia","name":null,"category":"other","historic":null,"building":"yes","osm_id":228690899}},{"type":"Feature","geometry":{"type":"Polygon","coordinates":[[[10.2197613,45.5406512],[10.2198579,45.5406408],[10.2198246,45.5405418],[10.2197293,45.5405581],[10.2197613,45.5406512]]]},"properties":{"site":"brescia","name":null,"category":"other","historic":null,"building":"yes","osm_id":228690901}},{"type":"Feature","geometry":{"type":"Polygon","coordinates":[[[10.2204065,45.5403151],[10.2204434,45.5403142],[10.220553,45.5403115],[10.2205471,45.5403794],[10.2205435,45.5404201],[10.2203947,45.5404026],[10.2204065,45.5403151]]]},"properties":{"site":"brescia","name":null,"category":"other","historic":null,"building":"yes","osm_id":228690902}},{"type":"Feature","geometry":{"type":"Polygon","coordinates":[[[10.2196848,45.5412903],[10.2197897,45.5412722],[10.2197619,45.5411931],[10.2196569,45.5412112],[10.2196848,45.5412903]]]},"properties":{"site":"brescia","name":null,"category":"other","historic":null,"building":"yes","osm_id":228690903}},{"type":"Feature","geometry":{"type":"Polygon","coordinates":[[[10.2204024,45.5402194],[10.2203356,45.5402394],[10.2203803,45.5403224],[10.2204065,45.5403151],[10.2204363,45.5402967],[10.2204024,45.5402194]]]},"properties":{"site":"brescia","name":null,"category":"other","historic":null,"building":"yes","osm_id":228690904}},{"type":"Feature","geometry":{"type":"Polygon","coordinates":[[[10.2197239,45.5414473],[10.2197431,45.541481],[10.2197752,45.5414756],[10.2198012,45.5415295],[10.2196969,45.5415474],[10.2196669,45.5414681],[10.2197239,45.5414473]]]},"properties":{"site":"brescia","name":null,"category":"other","historic":null,"building":"yes","osm_id":228690905}},{"type":"Feature","geometry":{"type":"Polygon","coordinates":[[[10.2202401,45.5402656],[10.2203356,45.5402394],[10.2203803,45.5403224],[10.2203761,45.5403493],[10.2203253,45.5403628],[10.220289,45.5403453],[10.2202401,45.5402656]]]},"properties":{"site":"brescia","name":null,"category":"other","historic":null,"building":"yes","osm_id":228690906}},{"type":"Feature","geometry":{"type":"Polygon","coordinates":[[[10.2197393,45.5405355],[10.2198415,45.540528],[10.2199393,45.540508],[10.2199182,45.5404712],[10.2197818,45.5405097],[10.2197351,45.5405228],[10.2197393,45.5405355]]]},"properties":{"site":"brescia","name":null,"category":"other","historic":null,"building":"yes","osm_id":228690907}},{"type":"Feature","geometry":{"type":"Polygon","coordinates":[[[10.2197897,45.5412722],[10.2196848,45.5412903],[10.2197157,45.5413641],[10.2197524,45.5413556],[10.219822,45.5413395],[10.2198177,45.5413305],[10.2197897,45.5412722]]]},"properties":{"site":"brescia","name":null,"category":"other","historic":null,"building":"yes","osm_id":228690908}},{"type":"Feature","geometry":{"type":"Polygon","coordinates":[[[10.220245,45.5403963],[10.2200596,45.5404494],[10.2200299,45.5404579],[10.2199982,45.5404027],[10.2201208,45.5403681],[10.2200883,45.5403123],[10.2201807,45.5402859],[10.220245,45.5403963]]]},"properties":{"site":"brescia","name":null,"category":"other","historic":null,"building":"yes","osm_id":228690909}},{"type":"Feature","geometry":{"type":"Polygon","coordinates":[[[10.2196334,45.5410804],[10.2198439,45.5410495],[10.2198673,45.5411489],[10.219797,45.541158],[10.2198009,45.5411713],[10.2196778,45.5411897],[10.2196334,45.5410804]]]},"properties":{"site":"brescia","name":null,"category":"other","historic":null,"building":"yes","osm_id":228690910}},{"type":"Feature","geometry":{"type":"Polygon","coordinates":[[[10.2201807,45.5402859],[10.2202401,45.5402656],[10.220289,45.5403453],[10.2203253,45.5403628],[10.2203761,45.5403493],[10.2203803,45.5403224],[10.2204065,45.5403151],[10.2203947,45.5404026],[10.220245,45.5403963],[10.2201807,45.5402859]]]},"properties":{"site":"brescia","name":null,"category":"other","historic":null,"building":"yes","osm_id":228690911}},{"type":"Feature","geometry":{"type":"Polygon","coordinates":[[[10.2196842,45.5405463],[10.2196446,45.5404475],[10.2195661,45.5404767],[10.2195485,45.5404919],[10.2195438,45.5405213],[10.2195309,45.5406029],[10.2195724,45.5406011],[10.2195765,45.5406411],[10.2196617,45.5406374],[10.219637,45.5405572],[10.2196842,45.5405463]]]},"properties":{"site":"brescia","name":null,"category":"other","historic":null,"building":"apartments","osm_id":228690912}},{"type":"Feature","geometry":{"type":"Polygon","coordinates":[[[10.2284549,45.5362892],[10.2284023,45.5362896],[10.2283991,45.5364022],[10.2284683,45.536402],[10.2286513,45.5364014],[10.2287189,45.5364011],[10.2287355,45.5364011],[10.2287479,45.536401],[10.2287667,45.536401],[10.2287897,45.5364009],[10.2288009,45.5363104],[10.2286994,45.536287],[10.2286983,45.5362155],[10.2286297,45.536216],[10.2286301,45.5362469],[10.2284543,45.5362481],[10.2284549,45.5362892]]]},"properties":{"site":"brescia","name":null,"category":"other","historic":null,"building":"apartments","osm_id":228831779}},{"type":"Feature","geometry":{"type":"Polygon","coordinates":[[[10.2273922,45.5359271],[10.2273979,45.5360167],[10.2274193,45.5360153],[10.2274173,45.5359842],[10.2275611,45.5359802],[10.2275576,45.5359013],[10.227543,45.5359019],[10.2275376,45.5358165],[10.2274701,45.5358186],[10.2273377,45.5358227],[10.2272954,45.535824],[10.2273021,45.5359299],[10.2273922,45.5359271]]]},"properties":{"site":"brescia","name":null,"category":"other","historic":null,"building":"apartments","osm_id":228831780}},{"type":"Feature","geometry":{"type":"Polygon","coordinates":[[[10.2256467,45.5365495],[10.225319,45.5366152],[10.2252808,45.5365066],[10.2252472,45.536411],[10.2253832,45.5364087],[10.2254704,45.5364072],[10.2254712,45.5364456],[10.2254814,45.5365415],[10.2255852,45.5365209],[10.2255767,45.5364445],[10.225634,45.5364439],[10.2256467,45.5365495]]]},"properties":{"site":"brescia","name":null,"category":"other","historic":null,"building":"yes","osm_id":228831781}},{"type":"Feature","geometry":{"type":"Polygon","coordinates":[[[10.2283991,45.5364022],[10.2283588,45.5363997],[10.2282233,45.5363913],[10.2281176,45.5363848],[10.2279994,45.5363775],[10.2279947,45.536222],[10.2281034,45.5362212],[10.2281046,45.5362624],[10.2282093,45.5362609],[10.2282068,45.5361767],[10.228272,45.5361757],[10.2282751,45.5362913],[10.2284023,45.5362896],[10.2283991,45.5364022]]]},"properties":{"site":"brescia","name":null,"category":"other","historic":null,"building":"apartments","osm_id":228831782}},{"type":"Feature","geometry":{"type":"Polygon","coordinates":[[[10.2260666,45.5361629],[10.2260031,45.5361666],[10.2260041,45.5361744],[10.2260158,45.536273],[10.2260177,45.5362956],[10.2260962,45.5362911],[10.2260824,45.5361792],[10.2261335,45.5361761],[10.2261284,45.5361363],[10.2260638,45.5361401],[10.2260666,45.5361629]]]},"properties":{"site":"brescia","name":null,"category":"other","historic":null,"building":"yes","osm_id":228831783}},{"type":"Feature","geometry":{"type":"Polygon","coordinates":[[[10.2287897,45.5364009],[10.2288009,45.5363104],[10.228835,45.5361712],[10.2288788,45.5361675],[10.2288686,45.5361088],[10.2288889,45.5361078],[10.2288979,45.5361543],[10.229045,45.5361465],[10.2290876,45.5362557],[10.2291456,45.5362584],[10.2292094,45.5363989],[10.2291521,45.5363992],[10.2287897,45.5364009]]]},"properties":{"site":"brescia","name":null,"category":"other","historic":null,"building":"yes","osm_id":228831784}},{"type":"Feature","geometry":{"type":"Polygon","coordinates":[[[10.2284113,45.5360018],[10.2284207,45.5360917],[10.2285928,45.536074],[10.2285974,45.5361004],[10.2286446,45.5360952],[10.2286258,45.5359994],[10.2284989,45.5360125],[10.2284795,45.5359201],[10.2284061,45.5359202],[10.2283486,45.5359217],[10.228366,45.5360042],[10.2284113,45.5360018]]]},"properties":{"site":"brescia","name":null,"category":"other","historic":null,"building":"yes","osm_id":228831785}},{"type":"Feature","geometry":{"type":"Polygon","coordinates":[[[10.2273597,45.5362758],[10.2273583,45.536263],[10.2273395,45.536118],[10.2272519,45.5361235],[10.2272394,45.5360253],[10.2273979,45.5360167],[10.2274193,45.5360153],[10.2275622,45.5360054],[10.2275635,45.536036],[10.227567,45.536068],[10.2275189,45.5360708],[10.2275436,45.5362643],[10.2273597,45.5362758]]]},"properties":{"site":"brescia","name":null,"category":"other","historic":null,"building":"yes","osm_id":228831786}},{"type":"Feature","geometry":{"type":"Polygon","coordinates":[[[10.2288831,45.5358422],[10.2288993,45.53585],[10.2289182,45.535859],[10.2289388,45.5358688],[10.2289567,45.5358774],[10.2289844,45.535909],[10.229023,45.5361011],[10.2288889,45.5361078],[10.2288686,45.5361088],[10.228863,45.5360767],[10.2288598,45.5360684],[10.228901,45.5360647],[10.2288939,45.5360119],[10.2288634,45.5359516],[10.2288921,45.5359478],[10.2288905,45.535929],[10.2288831,45.5358422]]]},"properties":{"site":"brescia","name":null,"category":"other","historic":null,"building":"apartments","osm_id":228831787}},{"type":"Feature","geometry":{"type":"Polygon","coordinates":[[[10.2279031,45.5362227],[10.2278946,45.5361313],[10.2277802,45.5361365],[10.2276988,45.5361402],[10.2276201,45.5361438],[10.2276286,45.5362353],[10.2275995,45.5362366],[10.2276039,45.5362846],[10.227682,45.536281],[10.22768,45.5362597],[10.2278721,45.5362509],[10.2278741,45.5362722],[10.2279396,45.5362692],[10.2279351,45.5362213],[10.2279031,45.5362227]]]},"properties":{"site":"brescia","name":null,"category":"other","historic":null,"building":"yes","osm_id":228831788}},{"type":"Feature","geometry":{"type":"Polygon","coordinates":[[[10.2275793,45.5363791],[10.2275403,45.5363803],[10.2274444,45.5363832],[10.2274083,45.5363843],[10.2273329,45.5363867],[10.2272989,45.5363877],[10.2269108,45.5364199],[10.2268898,45.5362755],[10.2268862,45.5362546],[10.2270401,45.5362431],[10.2270428,45.5362692],[10.2272784,45.5362554],[10.2272794,45.5362673],[10.2273583,45.536263],[10.2273597,45.5362758],[10.2275436,45.5362643],[10.2275683,45.5362625],[10.2275705,45.536286],[10.2275793,45.5363791]]]},"properties":{"site":"brescia","name":null,"category":"other","historic":null,"building":"yes","osm_id":228831789}},{"type":"Feature","geometry":{"type":"Polygon","coordinates":[[[10.226529,45.536454],[10.2259735,45.5365036],[10.2259653,45.5364413],[10.2261007,45.5364345],[10.2260959,45.5363877],[10.2261276,45.5363864],[10.2261147,45.53629],[10.2261473,45.536288],[10.2261335,45.5361761],[10.2261284,45.5361363],[10.2261248,45.5361222],[10.2262042,45.5361175],[10.2262439,45.5363626],[10.2264646,45.5363403],[10.2264591,45.5363064],[10.2265066,45.5363027],[10.226529,45.536454]]]},"properties":{"site":"brescia","name":null,"category":"other","historic":null,"building":"yes","osm_id":228831790}},{"type":"Feature","geometry":{"type":"Polygon","coordinates":[[[10.2279314,45.5360834],[10.227836,45.5360844],[10.2278342,45.5360316],[10.2278571,45.5360298],[10.2278548,45.5359811],[10.2279033,45.5359805],[10.2279015,45.5359113],[10.2278529,45.535912],[10.227847,45.5358064],[10.2280727,45.5358054],[10.2281744,45.5358049],[10.2281851,45.5358049],[10.2282177,45.5358048],[10.2282249,45.5359252],[10.2282249,45.5359453],[10.2281621,45.5359465],[10.2281621,45.5359302],[10.2280796,45.5359327],[10.2280921,45.5360496],[10.228128,45.5360483],[10.228137,45.5361501],[10.2279378,45.5361577],[10.2279314,45.5360834]]]},"properties":{"site":"brescia","name":null,"category":"other","historic":null,"building":"apartments","osm_id":228831791}},{"type":"Feature","geometry":{"type":"Polygon","coordinates":[[[10.2258332,45.5363472],[10.2258323,45.5363634],[10.2256324,45.5363677],[10.2256083,45.536368],[10.2256091,45.5364058],[10.2254704,45.5364072],[10.2254847,45.5363094],[10.2255165,45.5363108],[10.2255179,45.5362558],[10.225487,45.5362577],[10.2254842,45.5362273],[10.2255039,45.5362263],[10.2255025,45.5362214],[10.2258277,45.5362116],[10.2258263,45.5361831],[10.2260041,45.5361744],[10.2260158,45.536273],[10.2259643,45.5362742],[10.2259661,45.53629],[10.2257619,45.5362964],[10.2257653,45.5363493],[10.2258332,45.5363472]]]},"properties":{"site":"brescia","name":null,"category":"other","historic":null,"building":"yes","osm_id":228831792}},{"type":"Feature","geometry":{"type":"Polygon","coordinates":[[[10.2265066,45.5363027],[10.2264802,45.5361362],[10.2265479,45.5361323],[10.2265731,45.536282],[10.2267256,45.53627],[10.2267097,45.536124],[10.2266957,45.5359998],[10.2268751,45.5359861],[10.2268706,45.5359296],[10.2266885,45.5359366],[10.2266854,45.5359141],[10.2266791,45.5358572],[10.2267803,45.5358533],[10.2269184,45.5358479],[10.2269325,45.536042],[10.2269371,45.5360725],[10.2268899,45.536076],[10.226892,45.5360899],[10.2268267,45.5360968],[10.2268365,45.5361744],[10.2268889,45.5361705],[10.2268905,45.5361822],[10.2268754,45.5361833],[10.226881,45.5362205],[10.2268127,45.5362264],[10.2268197,45.5362824],[10.2268898,45.5362755],[10.2269108,45.5364199],[10.226529,45.536454],[10.2265066,45.5363027]]]},"properties":{"site":"brescia","name":null,"category":"other","historic":null,"building":"yes","osm_id":228831793}},{"type":"Feature","geometry":{"type":"Polygon","coordinates":[[[10.2258062,45.5365204],[10.2256467,45.5365495],[10.225634,45.5364439],[10.2257884,45.5364178],[10.2258062,45.5365204]]]},"properties":{"site":"brescia","name":null,"category":"other","historic":null,"building":"apartments","osm_id":228831794}},{"type":"Feature","geometry":{"type":"Polygon","coordinates":[[[10.2276296,45.5361098],[10.2276971,45.5361081],[10.2276932,45.5360338],[10.2276256,45.5360349],[10.2276296,45.5361098]]]},"properties":{"site":"brescia","name":null,"category":"other","historic":null,"building":"yes","osm_id":228831795}},{"type":"Feature","geometry":{"type":"Polygon","coordinates":[[[10.22768,45.5362597],[10.2278721,45.5362509],[10.2278741,45.5362722],[10.227682,45.536281],[10.22768,45.5362597]]]},"properties":{"site":"brescia","name":null,"category":"other","historic":null,"building":"yes","osm_id":228831796}},{"type":"Feature","geometry":{"type":"Polygon","coordinates":[[[10.2254847,45.5363094],[10.2253992,45.536308],[10.2253832,45.5364087],[10.2254704,45.5364072],[10.2254847,45.5363094]]]},"properties":{"site":"brescia","name":null,"category":"other","historic":null,"building":"yes","osm_id":228831797}},{"type":"Feature","geometry":{"type":"Polygon","coordinates":[[[10.2287807,45.5358029],[10.2288451,45.5358276],[10.2288831,45.5358422],[10.2288905,45.535929],[10.228816,45.5359295],[10.2288117,45.5358991],[10.2287807,45.5358029]]]},"properties":{"site":"brescia","name":null,"category":"other","historic":null,"building":"apartments","osm_id":228831798}},{"type":"Feature","geometry":{"type":"Polygon","coordinates":[[[10.229036,45.5361003],[10.229045,45.5361465],[10.2288979,45.5361543],[10.2288889,45.5361078],[10.229023,45.5361011],[10.229036,45.5361003]]]},"properties":{"site":"brescia","name":null,"category":"other","historic":null,"building":"yes","osm_id":228831799}},{"type":"Feature","geometry":{"type":"Polygon","coordinates":[[[10.2261437,45.5359115],[10.2261289,45.5359427],[10.226147,45.5360501],[10.2259756,45.5360638],[10.2259756,45.5359246],[10.2260381,45.5359197],[10.2261437,45.5359115]]]},"properties":{"site":"brescia","name":null,"category":"other","historic":null,"building":"apartments","osm_id":228831800}},{"type":"Feature","geometry":{"type":"Polygon","coordinates":[[[10.2283953,45.5358041],[10.2284616,45.5358038],[10.2285781,45.5358034],[10.2285953,45.5359201],[10.2284795,45.5359201],[10.2284061,45.5359202],[10.2283953,45.5358041]]]},"properties":{"site":"brescia","name":null,"category":"other","historic":null,"building":"apartments","osm_id":228831801}},{"type":"Feature","geometry":{"type":"Polygon","coordinates":[[[10.2264802,45.5361362],[10.2263689,45.5361449],[10.2263954,45.5363114],[10.2264591,45.5363064],[10.2265066,45.5363027],[10.2264802,45.5361362]]]},"properties":{"site":"brescia","name":null,"category":"other","historic":null,"building":"yes","osm_id":228831802}},{"type":"Feature","geometry":{"type":"Polygon","coordinates":[[[10.2260256,45.5363913],[10.2260959,45.5363877],[10.2261007,45.5364345],[10.2259653,45.5364413],[10.2259605,45.5363946],[10.2260256,45.5363913]]]},"properties":{"site":"brescia","name":null,"category":"other","historic":null,"building":"yes","osm_id":228831803}},{"type":"Feature","geometry":{"type":"Polygon","coordinates":[[[10.2277802,45.5361365],[10.2277748,45.5360325],[10.2276932,45.5360338],[10.2276971,45.5361081],[10.2276988,45.5361402],[10.2277802,45.5361365]]]},"properties":{"site":"brescia","name":null,"category":"other","historic":null,"building":"yes","osm_id":228831804}},{"type":"Feature","geometry":{"type":"Polygon","coordinates":[[[10.2282177,45.5358048],[10.2282507,45.5358047],[10.2283953,45.5358041],[10.2284061,45.5359202],[10.2283486,45.5359217],[10.2282249,45.5359252],[10.2282177,45.5358048]]]},"properties":{"site":"brescia","name":null,"category":"other","historic":null,"building":"apartments","osm_id":228831805}},{"type":"Feature","geometry":{"type":"Polygon","coordinates":[[[10.2260962,45.5362911],[10.2260824,45.5361792],[10.2261335,45.5361761],[10.2261473,45.536288],[10.2261147,45.53629],[10.2260962,45.5362911]]]},"properties":{"site":"brescia","name":null,"category":"other","historic":null,"building":"yes","osm_id":228831806}},{"type":"Feature","geometry":{"type":"Polygon","coordinates":[[[10.226625,45.5361284],[10.2265479,45.5361323],[10.2264802,45.5361362],[10.2264546,45.5359267],[10.2266084,45.5359183],[10.226625,45.5361284]]]},"properties":{"site":"brescia","name":null,"category":"other","historic":null,"building":"yes","osm_id":228831807}},{"type":"Feature","geometry":{"type":"Polygon","coordinates":[[[10.2253581,45.5362767],[10.2254043,45.5362749],[10.2254352,45.5362737],[10.2254311,45.5362216],[10.2253931,45.536223],[10.225354,45.5362245],[10.2253581,45.5362767]]]},"properties":{"site":"brescia","name":null,"category":"other","historic":null,"building":"yes","osm_id":228831808}},{"type":"Feature","geometry":{"type":"Polygon","coordinates":[[[10.2283274,45.5361778],[10.2284292,45.5361726],[10.2284228,45.5361114],[10.228379,45.5361137],[10.2283755,45.5360804],[10.2283175,45.5360834],[10.2283274,45.5361778]]]},"properties":{"site":"brescia","name":null,"category":"other","historic":null,"building":"yes","osm_id":228831809}},{"type":"Feature","geometry":{"type":"Polygon","coordinates":[[[10.2266854,45.5359141],[10.2266084,45.5359183],[10.2264546,45.5359267],[10.2264477,45.5358646],[10.2264704,45.5358634],[10.2266785,45.535852],[10.2266791,45.5358572],[10.2266854,45.5359141]]]},"properties":{"site":"brescia","name":null,"category":"other","historic":null,"building":"apartments","osm_id":228831810}},{"type":"Feature","geometry":{"type":"Polygon","coordinates":[[[10.2266084,45.5359183],[10.2266854,45.5359141],[10.2266885,45.5359366],[10.2266957,45.5359998],[10.2267097,45.536124],[10.226625,45.5361284],[10.2266084,45.5359183]]]},"properties":{"site":"brescia","name":null,"category":"other","historic":null,"building":"yes","osm_id":228831811}},{"type":"Feature","geometry":{"type":"Polygon","coordinates":[[[10.225417,45.5362116],[10.2254058,45.5360853],[10.2252739,45.5360949],[10.2252758,45.5361114],[10.2252431,45.5361156],[10.2252481,45.5361729],[10.2252521,45.5362187],[10.2253903,45.5362116],[10.225417,45.5362116]]]},"properties":{"site":"brescia","name":null,"category":"other","historic":null,"building":"yes","osm_id":228831812}},{"type":"Feature","geometry":{"type":"Polygon","coordinates":[[[10.2259661,45.53629],[10.2259662,45.5362977],[10.2259699,45.5363426],[10.2259064,45.5363452],[10.2258332,45.5363472],[10.2257653,45.5363493],[10.2257619,45.5362964],[10.2259661,45.53629]]]},"properties":{"site":"brescia","name":null,"category":"other","historic":null,"building":"yes","osm_id":228831814}},{"type":"Feature","geometry":{"type":"Polygon","coordinates":[[[10.2256324,45.5363677],[10.225634,45.5364439],[10.2255767,45.5364445],[10.2254712,45.5364456],[10.2254704,45.5364072],[10.2256091,45.5364058],[10.2256083,45.536368],[10.2256324,45.5363677]]]},"properties":{"site":"brescia","name":null,"category":"other","historic":null,"building":"yes","osm_id":228831815}},{"type":"Feature","geometry":{"type":"Polygon","coordinates":[[[10.2259106,45.5363963],[10.2259064,45.5363452],[10.2259699,45.5363426],[10.2259662,45.5362977],[10.2260177,45.5362956],[10.2260256,45.5363913],[10.2259605,45.5363946],[10.2259106,45.5363963]]]},"properties":{"site":"brescia","name":null,"category":"other","historic":null,"building":"yes","osm_id":228831816}},{"type":"Feature","geometry":{"type":"Polygon","coordinates":[[[10.2259605,45.5363946],[10.2259653,45.5364413],[10.2259735,45.5365036],[10.2258062,45.5365204],[10.2257884,45.5364178],[10.2257856,45.536404],[10.2259106,45.5363963],[10.2259605,45.5363946]]]},"properties":{"site":"brescia","name":null,"category":"other","historic":null,"building":"apartments","osm_id":228831817}},{"type":"Feature","geometry":{"type":"Polygon","coordinates":[[[10.228835,45.5361712],[10.2286603,45.5361861],[10.2286446,45.5360952],[10.2287664,45.5360849],[10.2288372,45.5360789],[10.228863,45.5360767],[10.2288686,45.5361088],[10.2288788,45.5361675],[10.228835,45.5361712]]]},"properties":{"site":"brescia","name":null,"category":"other","historic":null,"building":"yes","osm_id":228831818}},{"type":"Feature","geometry":{"type":"Polygon","coordinates":[[[10.2279994,45.5363775],[10.2279824,45.5363776],[10.2277641,45.5363784],[10.2275793,45.5363791],[10.2275705,45.536286],[10.2276039,45.5362846],[10.227682,45.536281],[10.2278741,45.5362722],[10.2279396,45.5362692],[10.2279351,45.5362213],[10.2279947,45.536222],[10.2279994,45.5363775]]]},"properties":{"site":"brescia","name":null,"category":"other","historic":null,"building":"yes","osm_id":228831819}},{"type":"Feature","geometry":{"type":"Polygon","coordinates":[[[10.2287807,45.5358029],[10.2288117,45.5358991],[10.228816,45.5359295],[10.2288372,45.5360789],[10.2287664,45.5360849],[10.2287449,45.5359519],[10.2286032,45.5359645],[10.2285953,45.5359201],[10.2285781,45.5358034],[10.2287807,45.5358029]]]},"properties":{"site":"brescia","name":null,"category":"other","historic":null,"building":"apartments","osm_id":228831820}},{"type":"Feature","geometry":{"type":"Polygon","coordinates":[[[10.2252472,45.536411],[10.2252521,45.5362187],[10.2253903,45.5362116],[10.2253931,45.536223],[10.225354,45.5362245],[10.2253581,45.5362767],[10.2254043,45.5362749],[10.2253992,45.536308],[10.2253832,45.5364087],[10.2252472,45.536411]]]},"properties":{"site":"brescia","name":null,"category":"other","historic":null,"building":"yes","osm_id":228831821}},{"type":"Feature","geometry":{"type":"Polygon","coordinates":[[[10.2275635,45.536036],[10.2276024,45.5360353],[10.2275972,45.5359168],[10.2278529,45.535912],[10.227847,45.5358064],[10.2277077,45.5358094],[10.2275537,45.5358128],[10.2275576,45.5359013],[10.2275611,45.5359802],[10.2275622,45.5360054],[10.2275635,45.536036]]]},"properties":{"site":"brescia","name":null,"category":"other","historic":null,"building":"apartments","osm_id":228831822}},{"type":"Feature","geometry":{"type":"Polygon","coordinates":[[[10.2284113,45.5360018],[10.228366,45.5360042],[10.2282408,45.5360106],[10.2282489,45.536087],[10.2283175,45.5360834],[10.2283755,45.5360804],[10.228379,45.5361137],[10.2284228,45.5361114],[10.2284207,45.5360917],[10.2284113,45.5360018]]]},"properties":{"site":"brescia","name":null,"category":"other","historic":null,"building":"yes","osm_id":228831823}},{"type":"Feature","geometry":{"type":"Polygon","coordinates":[[[10.2276024,45.5360353],[10.2276256,45.5360349],[10.2276932,45.5360338],[10.2277748,45.5360325],[10.2278342,45.5360316],[10.2278571,45.5360298],[10.2278548,45.5359811],[10.2278529,45.535912],[10.2275972,45.5359168],[10.2276024,45.5360353]]]},"properties":{"site":"brescia","name":null,"category":"other","historic":null,"building":"yes","osm_id":228831824}},{"type":"Feature","geometry":{"type":"Polygon","coordinates":[[[10.2190777,45.5365361],[10.2188682,45.5365506],[10.21884,45.536351],[10.2191071,45.5363325],[10.2191126,45.5363713],[10.2190426,45.5363761],[10.2189773,45.5363807],[10.2189943,45.5365011],[10.2190596,45.5364966],[10.219132,45.5364916],[10.2191377,45.536532],[10.2190777,45.5365361]]]},"properties":{"site":"brescia","name":null,"category":"other","historic":null,"building":"yes","osm_id":229888828}},{"type":"Feature","geometry":{"type":"Polygon","coordinates":[[[10.2192855,45.5367468],[10.219281,45.5367255],[10.2191792,45.536736],[10.219187,45.5367729],[10.2191731,45.5367744],[10.2191755,45.5367856],[10.2192415,45.5367788],[10.2192475,45.5368074],[10.2192754,45.5368045],[10.2192693,45.5367758],[10.2193034,45.5367723],[10.2192977,45.5367455],[10.2192855,45.5367468]]]},"properties":{"site":"brescia","name":null,"category":"other","historic":null,"building":"yes","osm_id":229888829}},{"type":"Feature","geometry":{"type":"Polygon","coordinates":[[[10.2197299,45.5367964],[10.2197691,45.5368529],[10.2198081,45.5368413],[10.2198951,45.5369172],[10.2198497,45.5369369],[10.2197622,45.5369606],[10.2196513,45.5369923],[10.2195564,45.5370116],[10.2195274,45.5368571],[10.2195746,45.5368529],[10.2195989,45.5368859],[10.2196764,45.5368529],[10.21966,45.5368173],[10.2197299,45.5367964]]]},"properties":{"site":"brescia","name":null,"category":"other","historic":null,"building":"yes","osm_id":229888830}},{"type":"Feature","geometry":{"type":"Polygon","coordinates":[[[10.2196379,45.5368239],[10.2196216,45.5367921],[10.2195437,45.5368047],[10.219485,45.5365521],[10.2194127,45.5364128],[10.2194829,45.5363928],[10.2195869,45.5363693],[10.2196504,45.5363557],[10.2196732,45.5364398],[10.2196149,45.5364523],[10.219686,45.5366715],[10.2197174,45.5367557],[10.2197299,45.5367964],[10.21966,45.5368173],[10.2196379,45.5368239]]]},"properties":{"site":"brescia","name":null,"category":"other","historic":null,"building":"yes","osm_id":229888831}},{"type":"Feature","geometry":{"type":"Polygon","coordinates":[[[10.2194221,45.5365084],[10.2194874,45.536717],[10.2194606,45.5367206],[10.2194008,45.5367287],[10.2194001,45.5367191],[10.2193415,45.5367242],[10.2193189,45.5367262],[10.2193128,45.5366921],[10.2192748,45.536696],[10.2191729,45.5367063],[10.2191012,45.5367136],[10.219094,45.5366593],[10.2193629,45.5366304],[10.2193569,45.5365708],[10.2190854,45.5365942],[10.2190777,45.5365361],[10.2191377,45.536532],[10.2194221,45.5365084]]]},"properties":{"site":"brescia","name":null,"category":"other","historic":null,"building":"yes","osm_id":229888832}},{"type":"Feature","geometry":{"type":"Polygon","coordinates":[[[10.2197174,45.5367557],[10.219686,45.5366715],[10.2197111,45.5366683],[10.2198665,45.536647],[10.2197605,45.5363544],[10.2199203,45.5363309],[10.220002,45.5363167],[10.2200275,45.5364145],[10.2199928,45.5364206],[10.2199983,45.536443],[10.220079,45.536432],[10.2201072,45.5365228],[10.2199983,45.5365388],[10.2200029,45.5365548],[10.2199236,45.5365674],[10.2199448,45.536635],[10.2199968,45.5366282],[10.2200195,45.5367114],[10.2198547,45.536735],[10.2197625,45.5367478],[10.2197174,45.5367557]]]},"properties":{"site":"brescia","name":null,"category":"other","historic":null,"building":"yes","osm_id":229888833}},{"type":"Feature","geometry":{"type":"Polygon","coordinates":[[[10.2187674,45.5357466],[10.2187503,45.5356423],[10.2189539,45.5356259],[10.218971,45.5357302],[10.2187674,45.5357466]]]},"properties":{"site":"brescia","name":null,"category":"other","historic":null,"building":"yes","osm_id":229888834}},{"type":"Feature","geometry":{"type":"Polygon","coordinates":[[[10.2190851,45.537048],[10.2189417,45.5370593],[10.2189336,45.5370086],[10.219077,45.5369973],[10.2190851,45.537048]]]},"properties":{"site":"brescia","name":null,"category":"other","historic":null,"building":"yes","osm_id":229888835}},{"type":"Feature","geometry":{"type":"Polygon","coordinates":[[[10.2201128,45.5363503],[10.2201457,45.536435],[10.2201865,45.5364271],[10.2201532,45.5363425],[10.2201128,45.5363503]]]},"properties":{"site":"brescia","name":null,"category":"other","historic":null,"building":"yes","osm_id":229888836}},{"type":"Feature","geometry":{"type":"Polygon","coordinates":[[[10.2192726,45.5369792],[10.2191401,45.5369894],[10.219131,45.5369313],[10.2192648,45.5369228],[10.2192726,45.5369792]]]},"properties":{"site":"brescia","name":null,"category":"other","historic":null,"building":"yes","osm_id":229888837}},{"type":"Feature","geometry":{"type":"Polygon","coordinates":[[[10.2204633,45.5362791],[10.2204451,45.5362329],[10.2204312,45.5362356],[10.2204495,45.5362818],[10.2204633,45.5362791]]]},"properties":{"site":"brescia","name":null,"category":"other","historic":null,"building":"yes","osm_id":229888838}},{"type":"Feature","geometry":{"type":"Polygon","coordinates":[[[10.2190241,45.5359181],[10.2190287,45.5359724],[10.2191498,45.5359673],[10.2191453,45.535913],[10.2190241,45.5359181]]]},"properties":{"site":"brescia","name":null,"category":"other","historic":null,"building":"yes","osm_id":229888839}},{"type":"Feature","geometry":{"type":"Polygon","coordinates":[[[10.219281,45.5367255],[10.2192748,45.536696],[10.2191729,45.5367063],[10.2191792,45.536736],[10.219281,45.5367255]]]},"properties":{"site":"brescia","name":null,"category":"other","historic":null,"building":"yes","osm_id":229888840}},{"type":"Feature","geometry":{"type":"Polygon","coordinates":[[[10.219275,45.535897],[10.2191995,45.5359018],[10.21921,45.5359825],[10.2192855,45.5359777],[10.219275,45.535897]]]},"properties":{"site":"brescia","name":null,"category":"other","historic":null,"building":"yes","osm_id":229888841}},{"type":"Feature","geometry":{"type":"Polygon","coordinates":[[[10.2201532,45.5363425],[10.2201865,45.5364271],[10.2202404,45.5364167],[10.2202029,45.5363217],[10.2201491,45.5363321],[10.2201532,45.5363425]]]},"properties":{"site":"brescia","name":null,"category":"other","historic":null,"building":"yes","osm_id":229888842}},{"type":"Feature","geometry":{"type":"Polygon","coordinates":[[[10.2189539,45.5356259],[10.218971,45.5357302],[10.2190013,45.5357275],[10.2191153,45.5357175],[10.2190984,45.5356132],[10.218998,45.535622],[10.2189539,45.5356259]]]},"properties":{"site":"brescia","name":null,"category":"other","historic":null,"building":"yes","osm_id":229888843}},{"type":"Feature","geometry":{"type":"Polygon","coordinates":[[[10.2189943,45.5365011],[10.2190596,45.5364966],[10.2190583,45.5364872],[10.2190426,45.5363761],[10.2189773,45.5363807],[10.2189943,45.5365011]]]},"properties":{"site":"brescia","name":null,"category":"other","historic":null,"building":"yes","osm_id":229888844}},{"type":"Feature","geometry":{"type":"Polygon","coordinates":[[[10.2204053,45.5362406],[10.2204435,45.5363373],[10.2204694,45.5363323],[10.2204495,45.5362818],[10.2204312,45.5362356],[10.2204053,45.5362406]]]},"properties":{"site":"brescia","name":null,"category":"other","historic":null,"building":"yes","osm_id":229888845}},{"type":"Feature","geometry":{"type":"Polygon","coordinates":[[[10.2192855,45.5359777],[10.219275,45.535897],[10.219382,45.5358861],[10.2193782,45.5359553],[10.2193767,45.5359681],[10.2192855,45.5359777]]]},"properties":{"site":"brescia","name":null,"category":"other","historic":null,"building":"yes","osm_id":229888846}},{"type":"Feature","geometry":{"type":"Polygon","coordinates":[[[10.2192801,45.5370329],[10.219414,45.5370233],[10.2193986,45.5369133],[10.2192648,45.5369228],[10.2192726,45.5369792],[10.2192801,45.5370329]]]},"properties":{"site":"brescia","name":null,"category":"other","historic":null,"building":"yes","osm_id":229888847}},{"type":"Feature","geometry":{"type":"Polygon","coordinates":[[[10.2189061,45.5368507],[10.2191325,45.5368337],[10.2191208,45.536757],[10.219107,45.536758],[10.218894,45.5367752],[10.2189002,45.5368137],[10.2189039,45.5368369],[10.2189061,45.5368507]]]},"properties":{"site":"brescia","name":null,"category":"other","historic":null,"building":"yes","osm_id":229888848}},{"type":"Feature","geometry":{"type":"Polygon","coordinates":[[[10.2194829,45.5363928],[10.2194799,45.5363694],[10.2194145,45.5363758],[10.21941,45.5363385],[10.2193635,45.5363426],[10.2193609,45.5363155],[10.2191071,45.5363325],[10.21884,45.536351],[10.2188284,45.5362461],[10.2188103,45.5360828],[10.2188049,45.536034],[10.2187937,45.5359332],[10.2187886,45.5358969],[10.2187714,45.5357749],[10.2187707,45.5357698],[10.2187674,45.5357466],[10.218971,45.5357302],[10.2190013,45.5357275],[10.2190089,45.5358031],[10.2191199,45.5357967],[10.2191172,45.5357291],[10.2191425,45.5357271],[10.2191489,45.5358014],[10.2192674,45.5357963],[10.2192641,45.535758],[10.219223,45.5357598],[10.2192195,45.535721],[10.2193596,45.5357098],[10.2193716,45.535807],[10.219382,45.5358861],[10.219275,45.535897],[10.2191995,45.5359018],[10.2191837,45.5359042],[10.2191776,45.5358468],[10.2189633,45.5358585],[10.2189679,45.5359213],[10.2190241,45.5359181],[10.2190287,45.5359724],[10.2190332,45.5359926],[10.2189588,45.5359968],[10.2189633,45.5360394],[10.2191594,45.5360277],[10.2191624,45.5360777],[10.2192931,45.5360703],[10.2192855,45.5359777],[10.2193767,45.5359681],[10.2193782,45.5359553],[10.2194374,45.5359511],[10.2194414,45.5360342],[10.2194442,45.5360616],[10.2194808,45.5360598],[10.2194853,45.5361039],[10.219424,45.536107],[10.219428,45.5361465],[10.2194187,45.536147],[10.2194277,45.5362345],[10.2194346,45.5362341],[10.2194388,45.5362746],[10.2195081,45.5362711],[10.2195121,45.5363104],[10.2195805,45.5363069],[10.2195869,45.5363693],[10.2194829,45.5363928]]]},"properties":{"site":"brescia","name":null,"category":"other","historic":null,"building":"yes","osm_id":229888849}},{"type":"Feature","geometry":{"type":"Polygon","coordinates":[[[10.2194084,45.5364573],[10.2194221,45.5365084],[10.2191377,45.536532],[10.219132,45.5364916],[10.2190596,45.5364966],[10.2190583,45.5364872],[10.2194084,45.5364573]]]},"properties":{"site":"brescia","name":null,"category":"other","historic":null,"building":"yes","osm_id":229888850}},{"type":"Feature","geometry":{"type":"Polygon","coordinates":[[[10.2195564,45.5370116],[10.219414,45.5370233],[10.2193986,45.5369133],[10.2194734,45.5369089],[10.2194656,45.5368623],[10.2195274,45.5368571],[10.2195564,45.5370116]]]},"properties":{"site":"brescia","name":null,"category":"other","historic":null,"building":"yes","osm_id":229888851}},{"type":"Feature","geometry":{"type":"Polygon","coordinates":[[[10.2201128,45.5363503],[10.2201532,45.5363425],[10.2201491,45.5363321],[10.2201339,45.5362935],[10.2201022,45.5362997],[10.2200935,45.5363014],[10.2201128,45.5363503]]]},"properties":{"site":"brescia","name":null,"category":"other","historic":null,"building":"yes","osm_id":229888852}},{"type":"Feature","geometry":{"type":"Polygon","coordinates":[[[10.2194715,45.536797],[10.2194606,45.5367206],[10.2194008,45.5367287],[10.2194001,45.5367191],[10.2193415,45.5367242],[10.2193533,45.536807],[10.2194715,45.536797]]]},"properties":{"site":"brescia","name":null,"category":"other","historic":null,"building":"yes","osm_id":229888853}},{"type":"Feature","geometry":{"type":"Polygon","coordinates":[[[10.2199397,45.5367697],[10.2199182,45.5367433],[10.2200109,45.5367263],[10.2200425,45.5367649],[10.2200187,45.536775],[10.2199944,45.5367452],[10.2199397,45.5367697]]]},"properties":{"site":"brescia","name":null,"category":"other","historic":null,"building":"yes","osm_id":229888854}},{"type":"Feature","geometry":{"type":"Polygon","coordinates":[[[10.2194656,45.5368623],[10.2193156,45.536875],[10.2193046,45.5368111],[10.2193533,45.536807],[10.2194715,45.536797],[10.2195164,45.5367932],[10.2195274,45.5368571],[10.2194656,45.5368623]]]},"properties":{"site":"brescia","name":null,"category":"other","historic":null,"building":"yes","osm_id":229888855}},{"type":"Feature","geometry":{"type":"Polygon","coordinates":[[[10.2200549,45.5361735],[10.2201022,45.5362997],[10.2201339,45.5362935],[10.2204053,45.5362406],[10.2204312,45.5362356],[10.2203469,45.5360263],[10.2201449,45.5360659],[10.2200242,45.5360896],[10.2200549,45.5361735]]]},"properties":{"site":"brescia","name":null,"category":"other","historic":null,"building":"yes","osm_id":229888856}},{"type":"Feature","geometry":{"type":"Polygon","coordinates":[[[10.2190777,45.5365361],[10.2190854,45.5365942],[10.219094,45.5366593],[10.2191012,45.5367136],[10.219107,45.536758],[10.218894,45.5367752],[10.2188682,45.5365506],[10.2190777,45.5365361]]]},"properties":{"site":"brescia","name":null,"category":"other","historic":null,"building":"yes","osm_id":229888857}},{"type":"Feature","geometry":{"type":"Polygon","coordinates":[[[10.2200242,45.5360896],[10.2199996,45.5360945],[10.2199742,45.5360983],[10.2199888,45.5361383],[10.2199736,45.536141],[10.2199897,45.5361849],[10.2200241,45.5361799],[10.2200549,45.5361735],[10.2200242,45.5360896]]]},"properties":{"site":"brescia","name":null,"category":"other","historic":null,"building":"yes","osm_id":229888858}},{"type":"Feature","geometry":{"type":"Polygon","coordinates":[[[10.2194126,45.5359284],[10.2195357,45.5359167],[10.2195099,45.5358379],[10.2194734,45.5356634],[10.2193538,45.5356738],[10.2193596,45.5357098],[10.2193716,45.535807],[10.219405,45.5358039],[10.2194126,45.5359284]]]},"properties":{"site":"brescia","name":null,"category":"other","historic":null,"building":"yes","osm_id":229888859}},{"type":"Feature","geometry":{"type":"Polygon","coordinates":[[[10.2190984,45.5356132],[10.2193409,45.5355939],[10.2193538,45.5356738],[10.2193596,45.5357098],[10.2192195,45.535721],[10.2191425,45.5357271],[10.2191172,45.5357291],[10.2191153,45.5357175],[10.2190984,45.5356132]]]},"properties":{"site":"brescia","name":null,"category":"other","historic":null,"building":"yes","osm_id":229888860}},{"type":"Feature","geometry":{"type":"Polygon","coordinates":[[[10.2204582,45.5363746],[10.220527,45.5363579],[10.2205934,45.5363418],[10.2206128,45.5363705],[10.220485,45.536403],[10.2205152,45.5364405],[10.2204472,45.5364655],[10.2203475,45.5365085],[10.2202805,45.5365241],[10.2202404,45.5364167],[10.2204582,45.5363746]]]},"properties":{"site":"brescia","name":null,"category":"other","historic":null,"building":"yes","osm_id":229888861}},{"type":"Feature","geometry":{"type":"Polygon","coordinates":[[[10.218582,45.536545],[10.2185991,45.5366309],[10.218534,45.5366373],[10.218545,45.5366914],[10.2185543,45.5367408],[10.2185707,45.5367392],[10.2186295,45.5367334],[10.2186334,45.5367523],[10.2187109,45.5367447],[10.2186693,45.5365364],[10.218582,45.536545]]]},"properties":{"site":"brescia","name":null,"category":"other","historic":null,"building":"yes","osm_id":232523942}},{"type":"Feature","geometry":{"type":"Polygon","coordinates":[[[10.2177996,45.5366187],[10.217639,45.5366419],[10.2176871,45.536805],[10.2177808,45.5367914],[10.2177665,45.5367441],[10.2177498,45.5366852],[10.2178164,45.5366759],[10.217806,45.5366403],[10.2179216,45.5366317],[10.2179161,45.5366079],[10.2177996,45.5366187]]]},"properties":{"site":"brescia","name":null,"category":"other","historic":null,"building":"apartments","osm_id":232523943}},{"type":"Feature","geometry":{"type":"Polygon","coordinates":[[[10.2182145,45.5357174],[10.2182318,45.5357938],[10.2182612,45.5357909],[10.2183025,45.5357868],[10.2182978,45.5357743],[10.2184059,45.5357678],[10.2184523,45.5357633],[10.2184469,45.5357324],[10.2184158,45.5357354],[10.2184119,45.5357159],[10.2182145,45.5357174]]]},"properties":{"site":"brescia","name":null,"category":"other","historic":null,"building":"yes","osm_id":232523944}},{"type":"Feature","geometry":{"type":"Polygon","coordinates":[[[10.2179369,45.5366983],[10.2178546,45.5367129],[10.2178109,45.5367191],[10.217816,45.5367372],[10.2178311,45.5367881],[10.2180583,45.5367558],[10.2180403,45.536695],[10.2181581,45.5366865],[10.2181405,45.536595],[10.2179161,45.5366079],[10.2179216,45.5366317],[10.2179369,45.5366983]]]},"properties":{"site":"brescia","name":null,"category":"other","historic":null,"building":"yes","osm_id":232523945}},{"type":"Feature","geometry":{"type":"Polygon","coordinates":[[[10.2177958,45.5356833],[10.2181763,45.5356588],[10.2181954,45.5357998],[10.2181329,45.5358047],[10.2181277,45.5357767],[10.2180562,45.5357806],[10.2180418,45.5356934],[10.2178905,45.5357056],[10.2179166,45.5358645],[10.2179194,45.5358777],[10.2178834,45.53588],[10.2178432,45.5358825],[10.2177958,45.5356833]]]},"properties":{"site":"brescia","name":null,"category":"other","historic":null,"building":"yes","osm_id":232523946}},{"type":"Feature","geometry":{"type":"Polygon","coordinates":[[[10.2181242,45.5360904],[10.2181465,45.5360883],[10.2181542,45.5361328],[10.218382,45.5361108],[10.2183794,45.5360977],[10.2183963,45.5360961],[10.2183875,45.5360525],[10.2183825,45.5360271],[10.2183447,45.5360309],[10.2182572,45.5360394],[10.2182457,45.5359822],[10.2182336,45.5359834],[10.2181053,45.535996],[10.2181242,45.5360904]]]},"properties":{"site":"brescia","name":null,"category":"other","historic":null,"building":"yes","osm_id":232523947}},{"type":"Feature","geometry":{"type":"Polygon","coordinates":[[[10.2186675,45.5362558],[10.2186172,45.5360041],[10.2184971,45.5360159],[10.2185024,45.5360421],[10.2184314,45.5360491],[10.2183875,45.5360525],[10.2183963,45.5360961],[10.2183794,45.5360977],[10.218382,45.5361108],[10.2183898,45.5361439],[10.2183995,45.5361925],[10.218405,45.5362257],[10.2184159,45.5362805],[10.2186675,45.5362558]]]},"properties":{"site":"brescia","name":null,"category":"other","historic":null,"building":"yes","osm_id":232523948}},{"type":"Feature","geometry":{"type":"Polygon","coordinates":[[[10.2181698,45.5362313],[10.2181728,45.5362485],[10.218405,45.5362257],[10.2183995,45.5361925],[10.2182249,45.5362096],[10.2182152,45.5361611],[10.2183898,45.5361439],[10.218382,45.5361108],[10.2181542,45.5361328],[10.2181559,45.5361547],[10.2181469,45.5361741],[10.2181463,45.5361944],[10.2181542,45.5362141],[10.2181698,45.5362313]]]},"properties":{"site":"brescia","name":null,"category":"other","historic":null,"building":"yes","osm_id":232523949}},{"type":"Feature","geometry":{"type":"Polygon","coordinates":[[[10.2180861,45.5364435],[10.2180787,45.5364107],[10.2180611,45.536412],[10.21805,45.5363448],[10.2181852,45.5363304],[10.2181973,45.5363989],[10.2181184,45.5364056],[10.2181276,45.5364625],[10.2182757,45.5364497],[10.2184172,45.5364374],[10.2185534,45.5364255],[10.2185726,45.5365053],[10.218101,45.5365448],[10.2180861,45.5364435]]]},"properties":{"site":"brescia","name":null,"category":"other","historic":null,"building":"yes","osm_id":232523950}},{"type":"Feature","geometry":{"type":"Polygon","coordinates":[[[10.2180508,45.5359171],[10.2180888,45.5359133],[10.2181022,45.5359803],[10.2180642,45.535984],[10.2180672,45.5359996],[10.2181053,45.535996],[10.2182336,45.5359834],[10.218229,45.5359605],[10.2182153,45.5359618],[10.2182014,45.5358924],[10.2182134,45.5358912],[10.2182098,45.535873],[10.2181978,45.5358742],[10.218189,45.53583],[10.2180663,45.5358421],[10.218068,45.5358523],[10.2180383,45.5358547],[10.2180508,45.5359171]]]},"properties":{"site":"brescia","name":null,"category":"other","historic":null,"building":"yes","osm_id":232523951}},{"type":"Feature","geometry":{"type":"Polygon","coordinates":[[[10.2184523,45.5357633],[10.2184059,45.5357678],[10.218421,45.5358436],[10.2184675,45.5358391],[10.2184523,45.5357633]]]},"properties":{"site":"brescia","name":null,"category":"other","historic":null,"building":"yes","osm_id":232523952}},{"type":"Feature","geometry":{"type":"Polygon","coordinates":[[[10.2181728,45.5362485],[10.218184,45.5363044],[10.2184159,45.5362805],[10.218405,45.5362257],[10.2181728,45.5362485]]]},"properties":{"site":"brescia","name":null,"category":"other","historic":null,"building":"yes","osm_id":232523953}},{"type":"Feature","geometry":{"type":"Polygon","coordinates":[[[10.2183044,45.5366086],[10.2183862,45.5366008],[10.2183806,45.5365717],[10.2182988,45.5365795],[10.2183044,45.5366086]]]},"properties":{"site":"brescia","name":null,"category":"other","historic":null,"building":"yes","osm_id":232523954}},{"type":"Feature","geometry":{"type":"Polygon","coordinates":[[[10.217819,45.5363436],[10.2177984,45.5362532],[10.2178619,45.5362446],[10.2178772,45.536337],[10.217819,45.5363436]]]},"properties":{"site":"brescia","name":null,"category":"other","historic":null,"building":"yes","osm_id":232523955}},{"type":"Feature","geometry":{"type":"Polygon","coordinates":[[[10.2182612,45.5357909],[10.2182721,45.5358452],[10.2183134,45.5358412],[10.2183025,45.5357868],[10.2182612,45.5357909]]]},"properties":{"site":"brescia","name":null,"category":"other","historic":null,"building":"yes","osm_id":232523956}},{"type":"Feature","geometry":{"type":"Polygon","coordinates":[[[10.2182318,45.5357938],[10.2182545,45.5359073],[10.2182839,45.5359044],[10.2182612,45.5357909],[10.2182318,45.5357938]]]},"properties":{"site":"brescia","name":null,"category":"other","historic":null,"building":"yes","osm_id":232523957}},{"type":"Feature","geometry":{"type":"Polygon","coordinates":[[[10.2182249,45.5362096],[10.2183995,45.5361925],[10.2183898,45.5361439],[10.2182152,45.5361611],[10.2182249,45.5362096]]]},"properties":{"site":"brescia","name":null,"category":"other","historic":null,"building":"yes","osm_id":232523958}},{"type":"Feature","geometry":{"type":"Polygon","coordinates":[[[10.2182041,45.535659],[10.2183996,45.5356544],[10.2184119,45.5357159],[10.2182145,45.5357174],[10.2182041,45.535659]]]},"properties":{"site":"brescia","name":null,"category":"other","historic":null,"building":"yes","osm_id":232523959}},{"type":"Feature","geometry":{"type":"Polygon","coordinates":[[[10.2185543,45.5367408],[10.218545,45.5366914],[10.218488,45.5366963],[10.2184957,45.5367363],[10.2184974,45.536746],[10.2185543,45.5367408]]]},"properties":{"site":"brescia","name":null,"category":"other","historic":null,"building":"yes","osm_id":232523960}},{"type":"Feature","geometry":{"type":"Polygon","coordinates":[[[10.2177401,45.5358262],[10.2175201,45.5358602],[10.2175093,45.5358257],[10.217773,45.5357849],[10.2177839,45.5358194],[10.2177401,45.5358262]]]},"properties":{"site":"brescia","name":null,"category":"other","historic":null,"building":"yes","osm_id":232523961}},{"type":"Feature","geometry":{"type":"Polygon","coordinates":[[[10.2179539,45.5363557],[10.2179313,45.5362352],[10.2178619,45.5362446],[10.2178772,45.536337],[10.2178821,45.5363617],[10.2179539,45.5363557]]]},"properties":{"site":"brescia","name":null,"category":"other","historic":null,"building":"yes","osm_id":232523962}},{"type":"Feature","geometry":{"type":"Polygon","coordinates":[[[10.2180651,45.5362843],[10.2180275,45.536269],[10.217964,45.5362753],[10.2179754,45.536331],[10.2180726,45.5363212],[10.2180651,45.5362843]]]},"properties":{"site":"brescia","name":null,"category":"other","historic":null,"building":"yes","osm_id":232523963}},{"type":"Feature","geometry":{"type":"Polygon","coordinates":[[[10.2180642,45.535984],[10.2181022,45.5359803],[10.2180888,45.5359133],[10.2180508,45.5359171],[10.2180567,45.5359437],[10.2180642,45.535984]]]},"properties":{"site":"brescia","name":null,"category":"other","historic":null,"building":"yes","osm_id":232523964}},{"type":"Feature","geometry":{"type":"Polygon","coordinates":[[[10.2184052,45.5358452],[10.2183134,45.5358412],[10.2182721,45.5358452],[10.2182839,45.5359044],[10.2184125,45.5359105],[10.2184052,45.5358452]]]},"properties":{"site":"brescia","name":null,"category":"other","historic":null,"building":"yes","osm_id":232523965}},{"type":"Feature","geometry":{"type":"Polygon","coordinates":[[[10.218101,45.5365448],[10.2179071,45.5365586],[10.2178922,45.5364573],[10.2179214,45.5364552],[10.2180861,45.5364435],[10.218101,45.5365448]]]},"properties":{"site":"brescia","name":null,"category":"other","historic":null,"building":"yes","osm_id":232523966}},{"type":"Feature","geometry":{"type":"Polygon","coordinates":[[[10.2185753,45.5357512],[10.2185009,45.5357585],[10.2184523,45.5357633],[10.2184675,45.5358391],[10.2184748,45.5359044],[10.2185949,45.5358926],[10.2185753,45.5357512]]]},"properties":{"site":"brescia","name":null,"category":"other","historic":null,"building":"yes","osm_id":232523967}},{"type":"Feature","geometry":{"type":"Polygon","coordinates":[[[10.2179339,45.5361328],[10.2179383,45.5361547],[10.2179999,45.5361486],[10.2180133,45.5361251],[10.2179905,45.5360114],[10.2179112,45.5360192],[10.2179339,45.5361328]]]},"properties":{"site":"brescia","name":null,"category":"other","historic":null,"building":"yes","osm_id":232523968}},{"type":"Feature","geometry":{"type":"Polygon","coordinates":[[[10.2177357,45.5369508],[10.2178358,45.5369363],[10.217844,45.536964],[10.217887,45.5369578],[10.217897,45.5369919],[10.2177539,45.5370126],[10.2177357,45.5369508]]]},"properties":{"site":"brescia","name":null,"category":"other","historic":null,"building":"apartments","osm_id":232523969}},{"type":"Feature","geometry":{"type":"Polygon","coordinates":[[[10.218421,45.5358436],[10.2184052,45.5358452],[10.2184125,45.5359105],[10.2184401,45.5359078],[10.2184748,45.5359044],[10.2184675,45.5358391],[10.218421,45.5358436]]]},"properties":{"site":"brescia","name":null,"category":"other","historic":null,"building":"yes","osm_id":232523970}},{"type":"Feature","geometry":{"type":"Polygon","coordinates":[[[10.218631,45.5362887],[10.2185235,45.5363015],[10.2185366,45.5363557],[10.2185534,45.5364255],[10.2185726,45.5365053],[10.2186802,45.5364925],[10.218631,45.5362887]]]},"properties":{"site":"brescia","name":null,"category":"other","historic":null,"building":"yes","osm_id":232523971}},{"type":"Feature","geometry":{"type":"Polygon","coordinates":[[[10.2178164,45.5366759],[10.217843,45.5366722],[10.2178546,45.5367129],[10.2178109,45.5367191],[10.217816,45.5367372],[10.2177665,45.5367441],[10.2177498,45.5366852],[10.2178164,45.5366759]]]},"properties":{"site":"brescia","name":null,"category":"other","historic":null,"building":"yes","osm_id":232523972}},{"type":"Feature","geometry":{"type":"Polygon","coordinates":[[[10.2178905,45.5357056],[10.2180418,45.5356934],[10.2180562,45.5357806],[10.2180663,45.5358421],[10.218068,45.5358523],[10.2180383,45.5358547],[10.2179166,45.5358645],[10.2178905,45.5357056]]]},"properties":{"site":"brescia","name":"Chiesa dell'Adorazione","category":"medieval","historic":null,"building":"yes","osm_id":232523973}},{"type":"Feature","geometry":{"type":"Polygon","coordinates":[[[10.2178922,45.5364573],[10.2178911,45.5364065],[10.2178821,45.5363617],[10.2179539,45.5363557],[10.217965,45.5364149],[10.2179198,45.5364185],[10.2179214,45.5364552],[10.2178922,45.5364573]]]},"properties":{"site":"brescia","name":null,"category":"other","historic":null,"building":"yes","osm_id":232523974}},{"type":"Feature","geometry":{"type":"Polygon","coordinates":[[[10.2183996,45.5356544],[10.2184119,45.5357159],[10.2184158,45.5357354],[10.2184469,45.5357324],[10.2184947,45.5357277],[10.2185009,45.5357585],[10.2185753,45.5357512],[10.2185529,45.5356394],[10.2183996,45.5356544]]]},"properties":{"site":"brescia","name":null,"category":"other","historic":null,"building":"yes","osm_id":232523975}},{"type":"Feature","geometry":{"type":"Polygon","coordinates":[[[10.2181852,45.5363304],[10.2185235,45.5363015],[10.2185366,45.5363557],[10.2184048,45.5363673],[10.2184172,45.5364374],[10.2182757,45.5364497],[10.2182656,45.5363929],[10.2181973,45.5363989],[10.2181852,45.5363304]]]},"properties":{"site":"brescia","name":null,"category":"other","historic":null,"building":"yes","osm_id":232523976}},{"type":"Feature","geometry":{"type":"Polygon","coordinates":[[[10.2182467,45.536585],[10.2181405,45.536595],[10.2181581,45.5366865],[10.2181726,45.5367621],[10.2181469,45.5367645],[10.2181525,45.5367933],[10.2182485,45.5367843],[10.2182548,45.5368167],[10.2182883,45.5368134],[10.2182467,45.536585]]]},"properties":{"site":"brescia","name":null,"category":"other","historic":null,"building":"yes","osm_id":232523977}},{"type":"Feature","geometry":{"type":"Polygon","coordinates":[[[10.2184971,45.5360159],[10.2186172,45.5360041],[10.2185949,45.5358926],[10.2184748,45.5359044],[10.2184401,45.5359078],[10.218445,45.5359321],[10.2184088,45.5359357],[10.2184314,45.5360491],[10.2185024,45.5360421],[10.2184971,45.5360159]]]},"properties":{"site":"brescia","name":null,"category":"other","historic":null,"building":"yes","osm_id":232523978}},{"type":"Feature","geometry":{"type":"Polygon","coordinates":[[[10.2179166,45.5358645],[10.2179194,45.5358777],[10.2178834,45.53588],[10.2179112,45.5360192],[10.2179905,45.5360114],[10.2179795,45.5359508],[10.2180567,45.5359437],[10.2180508,45.5359171],[10.2180383,45.5358547],[10.2179166,45.5358645]]]},"properties":{"site":"brescia","name":null,"category":"other","historic":null,"building":"yes","osm_id":232523979}},{"type":"Feature","geometry":{"type":"Polygon","coordinates":[[[10.2184515,45.5367402],[10.2184957,45.5367363],[10.218488,45.5366963],[10.2184191,45.5367028],[10.2184049,45.5366291],[10.218392,45.5366304],[10.2183862,45.5366008],[10.2183044,45.5366086],[10.2183326,45.536752],[10.2184515,45.5367402]]]},"properties":{"site":"brescia","name":null,"category":"other","historic":null,"building":"yes","osm_id":232523980}},{"type":"Feature","geometry":{"type":"Polygon","coordinates":[[[10.2177748,45.5375199],[10.2177178,45.5375336],[10.2176771,45.5374535],[10.217825,45.5374183],[10.2178407,45.5374293],[10.217858,45.537426],[10.2178895,45.5374766],[10.2179005,45.5375118],[10.2178847,45.5375162],[10.2178879,45.5375294],[10.217793,45.5375533],[10.2177748,45.5375199]]]},"properties":{"site":"brescia","name":"Chiesa di Santa Maria al Mercato del Lino","category":"medieval","historic":null,"building":"church","osm_id":232805599}},{"type":"Feature","geometry":{"type":"Polygon","coordinates":[[[10.2180889,45.5374047],[10.2182236,45.5373693],[10.2183,45.5373492],[10.2182697,45.5372926],[10.2180586,45.537348],[10.2180889,45.5374047]]]},"properties":{"site":"brescia","name":null,"category":"other","historic":null,"building":"apartments","osm_id":232805600}},{"type":"Feature","geometry":{"type":"Polygon","coordinates":[[[10.2183929,45.5372612],[10.2186925,45.5371882],[10.2187205,45.5372445],[10.2186452,45.5372629],[10.2184222,45.5373177],[10.2183929,45.5372612]]]},"properties":{"site":"brescia","name":null,"category":"other","historic":null,"building":"apartments","osm_id":232805601}},{"type":"Feature","geometry":{"type":"Polygon","coordinates":[[[10.2182236,45.5373693],[10.2183,45.5373492],[10.2183351,45.5373398],[10.2183574,45.5373813],[10.2182458,45.5374107],[10.2182236,45.5373693]]]},"properties":{"site":"brescia","name":null,"category":"other","historic":null,"building":"yes","osm_id":232805602}},{"type":"Feature","geometry":{"type":"Polygon","coordinates":[[[10.2183,45.5373492],[10.2183351,45.5373398],[10.2184222,45.5373177],[10.2183929,45.5372612],[10.2182697,45.5372926],[10.2183,45.5373492]]]},"properties":{"site":"brescia","name":null,"category":"other","historic":null,"building":"apartments","osm_id":232805603}},{"type":"Feature","geometry":{"type":"Polygon","coordinates":[[[10.2186925,45.5371882],[10.2187534,45.5371722],[10.2187912,45.5371807],[10.2187931,45.5372188],[10.2187625,45.5372247],[10.2187685,45.5372822],[10.2186661,45.5373079],[10.2186452,45.5372629],[10.2187205,45.5372445],[10.2186925,45.5371882]]]},"properties":{"site":"brescia","name":null,"category":"other","historic":null,"building":"apartments","osm_id":232805606}},{"type":"Feature","geometry":{"type":"Polygon","coordinates":[[[10.2203901,45.5385511],[10.2204922,45.5385421],[10.2205246,45.5385393],[10.2205781,45.5385346],[10.220567,45.5384728],[10.2205188,45.538477],[10.2204605,45.5384821],[10.2204556,45.5384544],[10.2204532,45.5384413],[10.2204137,45.5384448],[10.2203717,45.5384485],[10.2203901,45.5385511]]]},"properties":{"site":"brescia","name":null,"category":"other","historic":null,"building":"yes","osm_id":235299799}},{"type":"Feature","geometry":{"type":"Polygon","coordinates":[[[10.220721,45.538103],[10.2206742,45.538107],[10.2206803,45.5381367],[10.2206888,45.5381793],[10.220779,45.5381725],[10.2207872,45.5382258],[10.2207071,45.5382319],[10.220723,45.5383333],[10.2208008,45.5383281],[10.2209631,45.5383171],[10.2209128,45.538006],[10.2207043,45.538032],[10.220721,45.538103]]]},"properties":{"site":"brescia","name":null,"category":"other","historic":null,"building":"yes","osm_id":235299801}},{"type":"Feature","geometry":{"type":"Polygon","coordinates":[[[10.2205934,45.5383851],[10.2205095,45.5383925],[10.2205025,45.5383536],[10.2204619,45.5383572],[10.2204652,45.5383758],[10.2204696,45.5384],[10.2204067,45.5384056],[10.2204137,45.5384448],[10.2204532,45.5384413],[10.2204556,45.5384544],[10.2205135,45.5384493],[10.2205188,45.538477],[10.220567,45.5384728],[10.2205781,45.5385346],[10.2205863,45.5385803],[10.2206989,45.5385723],[10.2206895,45.5385041],[10.2206616,45.5383553],[10.2205893,45.5383617],[10.2205934,45.5383851]]]},"properties":{"site":"brescia","name":null,"category":"other","historic":null,"building":"yes","osm_id":235299803}},{"type":"Feature","geometry":{"type":"Polygon","coordinates":[[[10.2205863,45.5385803],[10.2205781,45.5385346],[10.2205246,45.5385393],[10.2205328,45.538585],[10.2205863,45.5385803]]]},"properties":{"site":"brescia","name":null,"category":"other","historic":null,"building":"yes","osm_id":235299806}},{"type":"Feature","geometry":{"type":"Polygon","coordinates":[[[10.2206943,45.5383733],[10.220712,45.5385026],[10.220824,45.538495],[10.2208061,45.5383658],[10.2206943,45.5383733]]]},"properties":{"site":"brescia","name":null,"category":"other","historic":null,"building":"yes","osm_id":235299807}},{"type":"Feature","geometry":{"type":"Polygon","coordinates":[[[10.2204696,45.5384],[10.2204652,45.5383758],[10.2204024,45.5383813],[10.2204067,45.5384056],[10.2204696,45.5384]]]},"properties":{"site":"brescia","name":null,"category":"other","historic":null,"building":"yes","osm_id":235299809}},{"type":"Feature","geometry":{"type":"Polygon","coordinates":[[[10.2205003,45.5385873],[10.2205328,45.538585],[10.2205246,45.5385393],[10.2204922,45.5385421],[10.2205003,45.5385873]]]},"properties":{"site":"brescia","name":null,"category":"other","historic":null,"building":"yes","osm_id":235299810}},{"type":"Feature","geometry":{"type":"Polygon","coordinates":[[[10.2204767,45.5381934],[10.2205058,45.538191],[10.2205,45.5381514],[10.2204629,45.5381544],[10.2204682,45.5381906],[10.2204767,45.5381934]]]},"properties":{"site":"brescia","name":null,"category":"other","historic":null,"building":"yes","osm_id":235299812}},{"type":"Feature","geometry":{"type":"Polygon","coordinates":[[[10.220418,45.538158],[10.2204629,45.5381544],[10.2204682,45.5381906],[10.2204489,45.5381899],[10.2204263,45.5382007],[10.220418,45.538158]]]},"properties":{"site":"brescia","name":null,"category":"other","historic":null,"building":"yes","osm_id":235299814}},{"type":"Feature","geometry":{"type":"Polygon","coordinates":[[[10.2205,45.5381514],[10.2205058,45.538191],[10.2205578,45.5381863],[10.2206536,45.5381787],[10.2206472,45.5381397],[10.2205,45.5381514]]]},"properties":{"site":"brescia","name":null,"category":"other","historic":null,"building":"yes","osm_id":235299815}},{"type":"Feature","geometry":{"type":"Polygon","coordinates":[[[10.2204126,45.5381308],[10.2203661,45.5381353],[10.22038,45.5382053],[10.2204263,45.5382007],[10.220418,45.538158],[10.2204126,45.5381308]]]},"properties":{"site":"brescia","name":null,"category":"other","historic":null,"building":"yes","osm_id":235299816}},{"type":"Feature","geometry":{"type":"Polygon","coordinates":[[[10.2207043,45.538032],[10.220721,45.538103],[10.2206742,45.538107],[10.2206414,45.5381101],[10.2206281,45.5380415],[10.2207043,45.538032]]]},"properties":{"site":"brescia","name":null,"category":"other","historic":null,"building":"apartments","osm_id":235299817}},{"type":"Feature","geometry":{"type":"Polygon","coordinates":[[[10.2206989,45.5385723],[10.2207482,45.5385688],[10.2208333,45.5385627],[10.220824,45.538495],[10.220712,45.5385026],[10.2206895,45.5385041],[10.2206989,45.5385723]]]},"properties":{"site":"brescia","name":null,"category":"other","historic":null,"building":"yes","osm_id":235299818}},{"type":"Feature","geometry":{"type":"Polygon","coordinates":[[[10.2205003,45.5385873],[10.2204922,45.5385421],[10.2203901,45.5385511],[10.2203717,45.5384485],[10.2203496,45.5384506],[10.2203354,45.5384519],[10.2203608,45.5385997],[10.2203781,45.5385982],[10.2204513,45.5385917],[10.2205003,45.5385873]]]},"properties":{"site":"brescia","name":null,"category":"other","historic":null,"building":"apartments","osm_id":235299819}},{"type":"Feature","geometry":{"type":"Polygon","coordinates":[[[10.2208008,45.5383281],[10.2208061,45.5383658],[10.220824,45.538495],[10.2208333,45.5385627],[10.2209956,45.5385517],[10.2209631,45.5383171],[10.2208008,45.5383281]]]},"properties":{"site":"brescia","name":null,"category":"other","historic":null,"building":"yes","osm_id":235299820}},{"type":"Feature","geometry":{"type":"Polygon","coordinates":[[[10.2204877,45.5382292],[10.2204928,45.5382097],[10.2204767,45.5381934],[10.2204682,45.5381906],[10.2204489,45.5381899],[10.2204263,45.5382007],[10.2204208,45.5382206],[10.2204355,45.5382362],[10.2204644,45.5382404],[10.2204877,45.5382292]]]},"properties":{"site":"brescia","name":null,"category":"other","historic":null,"building":"yes","osm_id":235299821}},{"type":"Feature","geometry":{"type":"Polygon","coordinates":[[[10.2319049,45.5391932],[10.2318975,45.5392675],[10.2319592,45.5392705],[10.2320423,45.5392745],[10.2321064,45.5392776],[10.2321075,45.5392669],[10.2321137,45.5392033],[10.2320473,45.5392001],[10.2319641,45.5391961],[10.2319049,45.5391932]]]},"properties":{"site":"brescia","name":null,"category":"other","historic":null,"building":"roof","osm_id":236587262}},{"type":"Feature","geometry":{"type":"Polygon","coordinates":[[[10.2180208,45.5372256],[10.2180128,45.5372066],[10.2180011,45.5371789],[10.217946,45.5371899],[10.2179416,45.5371773],[10.2179674,45.5371726],[10.2179638,45.5371583],[10.2178664,45.5371671],[10.217885,45.5372119],[10.2178958,45.5372097],[10.2179138,45.5372455],[10.2180208,45.5372256]]]},"properties":{"site":"brescia","name":null,"category":"other","historic":null,"building":"yes","osm_id":237494081}},{"type":"Feature","geometry":{"type":"Polygon","coordinates":[[[10.2174881,45.5373326],[10.2175153,45.5373184],[10.2175402,45.5373126],[10.2175358,45.5373032],[10.2176445,45.5372775],[10.2176249,45.5372306],[10.2175738,45.5372425],[10.2175714,45.5372374],[10.2175524,45.5372415],[10.2174973,45.5372543],[10.217447,45.5372656],[10.2174881,45.5373326]]]},"properties":{"site":"brescia","name":null,"category":"other","historic":null,"building":"yes","osm_id":237494082}},{"type":"Feature","geometry":{"type":"Polygon","coordinates":[[[10.2176752,45.5370832],[10.2176648,45.5370572],[10.2176206,45.5369459],[10.2176366,45.5369433],[10.2176151,45.5368574],[10.2175771,45.5368641],[10.2175933,45.5369],[10.21758,45.5369028],[10.2176398,45.5370375],[10.2175232,45.5370629],[10.2175449,45.5371123],[10.2175678,45.5371081],[10.2176752,45.5370832]]]},"properties":{"site":"brescia","name":null,"category":"other","historic":null,"building":"yes","osm_id":237494083}},{"type":"Feature","geometry":{"type":"Polygon","coordinates":[[[10.2174983,45.5371342],[10.2175036,45.5370939],[10.2174755,45.5370326],[10.217443,45.5370401],[10.2174293,45.5370067],[10.2174175,45.537009],[10.2174539,45.5370977],[10.2174463,45.5371119],[10.2173654,45.5371287],[10.2173879,45.5371694],[10.2174519,45.5371558],[10.2174701,45.5371968],[10.2175252,45.5371839],[10.2174983,45.5371342]]]},"properties":{"site":"brescia","name":null,"category":"other","historic":null,"building":"apartments","osm_id":237494084}},{"type":"Feature","geometry":{"type":"Polygon","coordinates":[[[10.2180423,45.5372766],[10.2183715,45.5372001],[10.2183294,45.5371054],[10.2183176,45.537079],[10.2182581,45.5370916],[10.2182548,45.5370837],[10.2181555,45.5371055],[10.2181781,45.5371584],[10.2181223,45.5371701],[10.2181279,45.537182],[10.2180767,45.5371928],[10.2180128,45.5372066],[10.2180208,45.5372256],[10.2180423,45.5372766]]]},"properties":{"site":"brescia","name":null,"category":"other","historic":null,"building":"apartments","osm_id":237494085}},{"type":"Feature","geometry":{"type":"Polygon","coordinates":[[[10.2175527,45.537339],[10.2175278,45.5373448],[10.2175153,45.5373184],[10.2174881,45.5373326],[10.2175327,45.5374327],[10.2178169,45.5373586],[10.217727,45.5371709],[10.2177167,45.5371735],[10.2176116,45.5371983],[10.2176146,45.5372062],[10.2176249,45.5372306],[10.2176445,45.5372775],[10.2175358,45.5373032],[10.2175402,45.5373126],[10.2175527,45.537339]]]},"properties":{"site":"brescia","name":null,"category":"other","historic":null,"building":"apartments","osm_id":237494086}},{"type":"Feature","geometry":{"type":"Polygon","coordinates":[[[10.2180863,45.5370124],[10.2182871,45.5369825],[10.2184644,45.5369597],[10.2184779,45.5369982],[10.2185262,45.5369927],[10.2185172,45.5369542],[10.2186298,45.536943],[10.2186405,45.5369784],[10.218693,45.5369735],[10.2187117,45.5370169],[10.2187364,45.5371183],[10.218662,45.5371358],[10.218634,45.5370022],[10.2185666,45.5370053],[10.2185711,45.5370407],[10.2185105,45.5370478],[10.2184633,45.5370543],[10.2184666,45.5370638],[10.2184152,45.5370708],[10.2184061,45.5370457],[10.2183557,45.5370547],[10.2183705,45.5370956],[10.2183294,45.5371054],[10.2183176,45.537079],[10.2182581,45.5370916],[10.2182548,45.5370837],[10.2182451,45.5370525],[10.2181374,45.5370683],[10.2181452,45.5370942],[10.2180727,45.5371058],[10.2180538,45.5370522],[10.2180978,45.537045],[10.2180863,45.5370124]]]},"properties":{"site":"brescia","name":null,"category":"other","historic":null,"building":"apartments","osm_id":237494087}},{"type":"Feature","geometry":{"type":"Polygon","coordinates":[[[10.217447,45.5372656],[10.2174973,45.5372543],[10.2174701,45.5371968],[10.2174116,45.5372103],[10.217447,45.5372656]]]},"properties":{"site":"brescia","name":null,"category":"other","historic":null,"building":"apartments","osm_id":237494088}},{"type":"Feature","geometry":{"type":"Polygon","coordinates":[[[10.2174635,45.5369282],[10.2175087,45.5370302],[10.2176016,45.53701],[10.2175563,45.536908],[10.2174635,45.5369282]]]},"properties":{"site":"brescia","name":null,"category":"other","historic":null,"building":"yes","osm_id":237494089}},{"type":"Feature","geometry":{"type":"Polygon","coordinates":[[[10.2186796,45.536938],[10.2186298,45.536943],[10.2186405,45.5369784],[10.218693,45.5369735],[10.2186796,45.536938]]]},"properties":{"site":"brescia","name":null,"category":"other","historic":null,"building":"yes","osm_id":237494090}},{"type":"Feature","geometry":{"type":"Polygon","coordinates":[[[10.2181555,45.5371055],[10.2180997,45.5371172],[10.2181223,45.5371701],[10.2181781,45.5371584],[10.2181555,45.5371055]]]},"properties":{"site":"brescia","name":null,"category":"other","historic":null,"building":"yes","osm_id":237494091}},{"type":"Feature","geometry":{"type":"Polygon","coordinates":[[[10.2173879,45.5371694],[10.2174116,45.5372103],[10.2174701,45.5371968],[10.2174519,45.5371558],[10.2173879,45.5371694]]]},"properties":{"site":"brescia","name":null,"category":"other","historic":null,"building":"yes","osm_id":237494092}},{"type":"Feature","geometry":{"type":"Polygon","coordinates":[[[10.2181223,45.5371701],[10.2180997,45.5371172],[10.218049,45.5371278],[10.2180767,45.5371928],[10.2181279,45.537182],[10.2181223,45.5371701]]]},"properties":{"site":"brescia","name":null,"category":"other","historic":null,"building":"yes","osm_id":237494093}},{"type":"Feature","geometry":{"type":"Polygon","coordinates":[[[10.2174973,45.5372543],[10.2175524,45.5372415],[10.2175398,45.5372149],[10.2175252,45.5371839],[10.2174701,45.5371968],[10.2174973,45.5372543]]]},"properties":{"site":"brescia","name":null,"category":"other","historic":null,"building":"yes","osm_id":237494094}},{"type":"Feature","geometry":{"type":"Polygon","coordinates":[[[10.2176146,45.5372062],[10.2175626,45.5372188],[10.2175714,45.5372374],[10.2175738,45.5372425],[10.2176249,45.5372306],[10.2176146,45.5372062]]]},"properties":{"site":"brescia","name":null,"category":"other","historic":null,"building":"yes","osm_id":237494095}},{"type":"Feature","geometry":{"type":"Polygon","coordinates":[[[10.2177167,45.5371735],[10.2176752,45.5370832],[10.2175678,45.5371081],[10.2176009,45.5371781],[10.2176116,45.5371983],[10.2177167,45.5371735]]]},"properties":{"site":"brescia","name":null,"category":"other","historic":null,"building":"apartments","osm_id":237494096}},{"type":"Feature","geometry":{"type":"Polygon","coordinates":[[[10.2187488,45.5369312],[10.2187595,45.5369958],[10.2187779,45.5371065],[10.2187364,45.5371183],[10.2187117,45.5370169],[10.218693,45.5369735],[10.2186796,45.536938],[10.2187488,45.5369312]]]},"properties":{"site":"brescia","name":null,"category":"other","historic":null,"building":"yes","osm_id":237494097}},{"type":"Feature","geometry":{"type":"Polygon","coordinates":[[[10.2176116,45.5371983],[10.2175398,45.5372149],[10.2175524,45.5372415],[10.2175714,45.5372374],[10.2175626,45.5372188],[10.2176146,45.5372062],[10.2176116,45.5371983]]]},"properties":{"site":"brescia","name":null,"category":"other","historic":null,"building":"yes","osm_id":237494098}},{"type":"Feature","geometry":{"type":"Polygon","coordinates":[[[10.21758,45.5369028],[10.2175563,45.536908],[10.2176016,45.53701],[10.2175087,45.5370302],[10.2175232,45.5370629],[10.2176398,45.5370375],[10.21758,45.5369028]]]},"properties":{"site":"brescia","name":null,"category":"other","historic":null,"building":"yes","osm_id":237494099}},{"type":"Feature","geometry":{"type":"Polygon","coordinates":[[[10.2175678,45.5371081],[10.2175449,45.5371123],[10.217511,45.5371213],[10.2175391,45.5371807],[10.2175441,45.5371913],[10.2176009,45.5371781],[10.2175678,45.5371081]]]},"properties":{"site":"brescia","name":null,"category":"other","historic":null,"building":"yes","osm_id":237494100}},{"type":"Feature","geometry":{"type":"Polygon","coordinates":[[[10.2173654,45.5371287],[10.2174463,45.5371119],[10.2174075,45.5370221],[10.217378,45.5370283],[10.2173681,45.5370055],[10.2173105,45.5370172],[10.2173654,45.5371287]]]},"properties":{"site":"brescia","name":null,"category":"other","historic":null,"building":"apartments","osm_id":237494101}},{"type":"Feature","geometry":{"type":"Polygon","coordinates":[[[10.2175252,45.5371839],[10.2175398,45.5372149],[10.2176116,45.5371983],[10.2176009,45.5371781],[10.2175441,45.5371913],[10.2175391,45.5371807],[10.2175252,45.5371839]]]},"properties":{"site":"brescia","name":null,"category":"other","historic":null,"building":"yes","osm_id":237494102}},{"type":"Feature","geometry":{"type":"Polygon","coordinates":[[[10.2174635,45.5369282],[10.2175563,45.536908],[10.21758,45.5369028],[10.2175933,45.5369],[10.2175771,45.5368641],[10.2175062,45.5368794],[10.2174893,45.5368409],[10.2174307,45.5368543],[10.2174635,45.5369282]]]},"properties":{"site":"brescia","name":null,"category":"other","historic":null,"building":"yes","osm_id":237494103}},{"type":"Feature","geometry":{"type":"Polygon","coordinates":[[[10.2178802,45.5373131],[10.2178156,45.5371705],[10.2178664,45.5371671],[10.217885,45.5372119],[10.2178958,45.5372097],[10.2179138,45.5372455],[10.2180208,45.5372256],[10.2180423,45.5372766],[10.2178802,45.5373131]]]},"properties":{"site":"brescia","name":null,"category":"other","historic":null,"building":"apartments","osm_id":237494104}},{"type":"Feature","geometry":{"type":"Polygon","coordinates":[[[10.2184644,45.5371814],[10.218662,45.5371358],[10.218634,45.5370022],[10.2185666,45.5370053],[10.2185711,45.5370407],[10.2185105,45.5370478],[10.2185262,45.5370887],[10.218478,45.5370982],[10.2184353,45.5371067],[10.2184644,45.5371814]]]},"properties":{"site":"brescia","name":null,"category":"other","historic":null,"building":"apartments","osm_id":237494105}},{"type":"Feature","geometry":{"type":"Polygon","coordinates":[[[10.2183715,45.5372001],[10.2184644,45.5371814],[10.2184353,45.5371067],[10.218478,45.5370982],[10.2184666,45.5370638],[10.2184152,45.5370708],[10.2184209,45.5370866],[10.2183705,45.5370956],[10.2183294,45.5371054],[10.2183715,45.5372001]]]},"properties":{"site":"brescia","name":null,"category":"other","historic":null,"building":"apartments","osm_id":237494106}},{"type":"Feature","geometry":{"type":"Polygon","coordinates":[[[10.2201772,45.5451247],[10.220194,45.5451579],[10.2202775,45.5451373],[10.2202608,45.545104],[10.2202135,45.5451168],[10.2201772,45.5451247]]]},"properties":{"site":"brescia","name":null,"category":"other","historic":null,"building":"yes","osm_id":239291049}},{"type":"Feature","geometry":{"type":"Polygon","coordinates":[[[10.2202609,45.5450024],[10.2202741,45.5450282],[10.2202777,45.5450357],[10.2203612,45.545015],[10.2203444,45.5449818],[10.2202609,45.5450024]]]},"properties":{"site":"brescia","name":null,"category":"other","historic":null,"building":"yes","osm_id":239291050}},{"type":"Feature","geometry":{"type":"Polygon","coordinates":[[[10.2154713,45.5367271],[10.2156996,45.5366062],[10.2156876,45.5365922],[10.2154978,45.5366915],[10.2153795,45.536566],[10.215296,45.5366074],[10.2152734,45.536583],[10.215163,45.5366359],[10.214972,45.536735],[10.215065,45.5368229],[10.2152549,45.5367239],[10.2153897,45.536652],[10.2154713,45.5367271]]]},"properties":{"site":"brescia","name":null,"category":"other","historic":null,"building":"apartments","osm_id":243206343}},{"type":"Feature","geometry":{"type":"Polygon","coordinates":[[[10.2153366,45.536799],[10.2154713,45.5367271],[10.2153897,45.536652],[10.2152549,45.5367239],[10.2153366,45.536799]]]},"properties":{"site":"brescia","name":null,"category":"other","historic":null,"building":"apartments","osm_id":243206344}},{"type":"Feature","geometry":{"type":"Polygon","coordinates":[[[10.2151117,45.5365904],[10.2152265,45.536538],[10.2153308,45.5365039],[10.2153795,45.536566],[10.215296,45.5366074],[10.2152734,45.536583],[10.215163,45.5366359],[10.2151117,45.5365904]]]},"properties":{"site":"brescia","name":null,"category":"other","historic":null,"building":"apartments","osm_id":243206345}},{"type":"Feature","geometry":{"type":"Polygon","coordinates":[[[10.2154978,45.5366915],[10.2156876,45.5365922],[10.2157656,45.5365514],[10.2157187,45.5364892],[10.2157361,45.5364831],[10.2156804,45.5364027],[10.2153308,45.5365039],[10.2153795,45.536566],[10.2154978,45.5366915]]]},"properties":{"site":"brescia","name":null,"category":"other","historic":null,"building":"apartments","osm_id":243206346}},{"type":"Feature","geometry":{"type":"Polygon","coordinates":[[[10.2204608,45.5386441],[10.2204565,45.5386202],[10.2204513,45.5385917],[10.2203781,45.5385982],[10.2203608,45.5385997],[10.2203661,45.5386291],[10.2203703,45.5386521],[10.2203897,45.5386504],[10.2204608,45.5386441]]]},"properties":{"site":"brescia","name":"Arco del Granarolo","category":"other","historic":null,"building":"bridge","osm_id":246379826}},{"type":"Feature","geometry":{"type":"Polygon","coordinates":[[[10.2138112,45.5370051],[10.2137954,45.5369309],[10.2138442,45.5369242],[10.2138572,45.5368812],[10.2138254,45.5368428],[10.2137727,45.5368485],[10.213754,45.5367726],[10.21353,45.5367986],[10.2134569,45.5366421],[10.2136981,45.5365776],[10.2136855,45.5365607],[10.213929,45.5364829],[10.2138833,45.5364362],[10.2137453,45.5364887],[10.213434,45.5365932],[10.2134093,45.5365403],[10.2131055,45.5365919],[10.2131008,45.5365468],[10.2133261,45.5365055],[10.2132725,45.5364041],[10.2127253,45.5364905],[10.2127153,45.5364632],[10.2127053,45.5364356],[10.2126949,45.5364074],[10.2126845,45.5363789],[10.2126712,45.5363423],[10.2126588,45.5363085],[10.2126453,45.5362714],[10.2126293,45.5362277],[10.2126159,45.536191],[10.2127629,45.5361786],[10.2127253,45.5361147],[10.2130901,45.5360659],[10.2132296,45.5359682],[10.2132927,45.5359634],[10.2133897,45.5360179],[10.2134267,45.5360387],[10.2134774,45.5360672],[10.213519,45.5360906],[10.2135548,45.5361107],[10.2135863,45.5361333],[10.2136382,45.5361715],[10.2136794,45.5362009],[10.2137284,45.5362352],[10.2137866,45.5362789],[10.2138413,45.5363172],[10.2139816,45.5364171],[10.2140994,45.5365009],[10.2141715,45.5365614],[10.2142052,45.5365874],[10.214235,45.5366118],[10.214271,45.5366412],[10.2143169,45.5366749],[10.2143577,45.5367021],[10.2144367,45.5367525],[10.2144772,45.5367783],[10.2140319,45.5369653],[10.2138889,45.5370253],[10.2138112,45.5370051]]]},"properties":{"site":"brescia","name":null,"category":"other","historic":null,"building":"yes","osm_id":247022184}},{"type":"Feature","geometry":{"type":"Polygon","coordinates":[[[10.2295571,45.5460955],[10.2297899,45.5461532],[10.2298407,45.5460525],[10.2296078,45.5459949],[10.2295571,45.5460955]]]},"properties":{"site":"brescia","name":null,"category":"other","historic":null,"building":"roof","osm_id":247104043}},{"type":"Feature","geometry":{"type":"Polygon","coordinates":[[[10.2297553,45.5461843],[10.2298586,45.5462107],[10.2298846,45.5461607],[10.2298473,45.5461512],[10.2298972,45.5460553],[10.2298311,45.5460384],[10.2297553,45.5461843]]]},"properties":{"site":"brescia","name":null,"category":"other","historic":null,"building":"yes","osm_id":247104044}},{"type":"Feature","geometry":{"type":"Polygon","coordinates":[[[10.2335412,45.5321864],[10.2335375,45.5320782],[10.2337215,45.5320691],[10.2337252,45.53218],[10.2335412,45.5321864]]]},"properties":{"site":"brescia","name":null,"category":"other","historic":null,"building":"house","osm_id":251425042}},{"type":"Feature","geometry":{"type":"Polygon","coordinates":[[[10.2327788,45.5351022],[10.2328399,45.53501],[10.2328745,45.5349578],[10.2328879,45.5349376],[10.2329266,45.5349536],[10.2330342,45.5348029],[10.2330533,45.5347762],[10.2330767,45.5347847],[10.2331861,45.5346298],[10.2332081,45.5346356],[10.2333038,45.534488],[10.2334611,45.5345388],[10.2333686,45.5346852],[10.2333387,45.534679],[10.23323,45.5348485],[10.2332085,45.534842],[10.2331038,45.5350112],[10.2330819,45.5350036],[10.2329797,45.5351724],[10.2327788,45.5351022]]]},"properties":{"site":"brescia","name":null,"category":"other","historic":null,"building":"apartments","osm_id":251834922}},{"type":"Feature","geometry":{"type":"Polygon","coordinates":[[[10.2187635,45.5386242],[10.219011,45.5386042],[10.2190061,45.5385766],[10.2189771,45.5384136],[10.218849,45.5384248],[10.2187307,45.5384351],[10.2187425,45.5385017],[10.2188016,45.5384966],[10.2188122,45.5385563],[10.2187523,45.5385615],[10.2187591,45.5385998],[10.2187635,45.5386242]]]},"properties":{"site":"brescia","name":"Torre della Vittoria","category":"other","historic":null,"building":"tower","osm_id":255658509}},{"type":"Feature","geometry":{"type":"Polygon","coordinates":[[[10.2199823,45.5390651],[10.2200008,45.5391619],[10.22023,45.5391449],[10.2202435,45.5392166],[10.2200176,45.5392352],[10.2200248,45.5392692],[10.2199446,45.5392765],[10.2199561,45.539339],[10.2204004,45.5392982],[10.2203483,45.5390274],[10.2199823,45.5390651]]]},"properties":{"site":"brescia","name":null,"category":"other","historic":null,"building":"yes","osm_id":255658511}},{"type":"Feature","geometry":{"type":"Polygon","coordinates":[[[10.2184737,45.5384493],[10.2184589,45.5383251],[10.2185182,45.5383207],[10.2185332,45.5384458],[10.2184737,45.5384493]]]},"properties":{"site":"brescia","name":null,"category":"other","historic":null,"building":"yes","osm_id":255658513}},{"type":"Feature","geometry":{"type":"Polygon","coordinates":[[[10.2197105,45.5386539],[10.2197125,45.5386658],[10.2197163,45.5386928],[10.2197242,45.538732],[10.2197351,45.538731],[10.2198141,45.5387239],[10.2198,45.5386464],[10.2197246,45.5386532],[10.2197105,45.5386539]]]},"properties":{"site":"brescia","name":"Torre della Rivoluzione","category":"other","historic":null,"building":"tower","osm_id":255658516}},{"type":"Feature","geometry":{"type":"Polygon","coordinates":[[[10.2201621,45.5382248],[10.2201487,45.5382261],[10.2200837,45.5382325],[10.2200937,45.5382822],[10.2201586,45.5382758],[10.2201721,45.5382745],[10.2201621,45.5382248]]]},"properties":{"site":"brescia","name":null,"category":"other","historic":null,"building":"yes","osm_id":255658517}},{"type":"Feature","geometry":{"type":"Polygon","coordinates":[[[10.2201901,45.5383691],[10.2201776,45.5383704],[10.2201464,45.5383735],[10.2201118,45.5383769],[10.2201217,45.5384266],[10.2201554,45.5384233],[10.2201875,45.5384202],[10.2202001,45.5384189],[10.2201901,45.5383691]]]},"properties":{"site":"brescia","name":null,"category":"other","historic":null,"building":"yes","osm_id":255658518}},{"type":"Feature","geometry":{"type":"Polygon","coordinates":[[[10.2200176,45.5392352],[10.220008,45.5391931],[10.219802,45.5392207],[10.2198257,45.5393507],[10.2199561,45.539339],[10.2199446,45.5392765],[10.2200248,45.5392692],[10.2200176,45.5392352]]]},"properties":{"site":"brescia","name":null,"category":"other","historic":null,"building":"yes","osm_id":255658519}},{"type":"Feature","geometry":{"type":"Polygon","coordinates":[[[10.2197656,45.5390064],[10.2197706,45.5390351],[10.219802,45.5392207],[10.220008,45.5391931],[10.2200008,45.5391619],[10.2199823,45.5390651],[10.2199473,45.5390679],[10.2199395,45.5390223],[10.2199351,45.5389934],[10.2197656,45.5390064]]]},"properties":{"site":"brescia","name":null,"category":"other","historic":null,"building":"yes","osm_id":255658520}},{"type":"Feature","geometry":{"type":"Polygon","coordinates":[[[10.2263078,45.5467829],[10.2262267,45.5467997],[10.2262001,45.5467382],[10.2261816,45.5466952],[10.2261609,45.5466468],[10.2260749,45.546665],[10.2260213,45.5466766],[10.2260419,45.5467248],[10.2260597,45.546766],[10.226087,45.5468293],[10.226022,45.5468428],[10.225991,45.5468493],[10.2259991,45.5468683],[10.2260236,45.5469261],[10.2260437,45.5469722],[10.2260756,45.5469655],[10.2261581,45.5469481],[10.2263824,45.5468985],[10.2263648,45.5468549],[10.2263404,45.5468598],[10.2263078,45.5467829]]]},"properties":{"site":"brescia","name":null,"category":"other","historic":null,"building":"apartments","osm_id":256050064}},{"type":"Feature","geometry":{"type":"Polygon","coordinates":[[[10.2261019,45.5476557],[10.2263012,45.5476097],[10.2264167,45.5478541],[10.2263043,45.5478801],[10.2262175,45.5479003],[10.2261019,45.5476557]]]},"properties":{"site":"brescia","name":null,"category":"other","historic":null,"building":"yes","osm_id":256050068}},{"type":"Feature","geometry":{"type":"Polygon","coordinates":[[[10.2269573,45.5479932],[10.2266589,45.5472453],[10.2265456,45.5469612],[10.2267234,45.5469264],[10.2271351,45.5479584],[10.2269573,45.5479932]]]},"properties":{"site":"brescia","name":null,"category":"other","historic":null,"building":"yes","osm_id":256050070}},{"type":"Feature","geometry":{"type":"Polygon","coordinates":[[[10.2259991,45.5468683],[10.2258956,45.546891],[10.2258397,45.5467673],[10.2258176,45.5467185],[10.2256484,45.546756],[10.2257173,45.5469083],[10.2257724,45.5470301],[10.2259416,45.5469925],[10.2260437,45.5469722],[10.2260236,45.5469261],[10.2259991,45.5468683]]]},"properties":{"site":"brescia","name":null,"category":"other","historic":null,"building":"apartments","osm_id":256050073}},{"type":"Feature","geometry":{"type":"Polygon","coordinates":[[[10.2255212,45.5464863],[10.2255821,45.5466171],[10.2256484,45.546756],[10.2258176,45.5467185],[10.2257961,45.5466684],[10.2257758,45.5466246],[10.2259487,45.5465855],[10.2258999,45.5464797],[10.2257265,45.5465189],[10.2256585,45.546373],[10.2258311,45.5463331],[10.2257845,45.5462343],[10.2256125,45.5462741],[10.2255878,45.5462212],[10.2255805,45.5462053],[10.2255707,45.5461843],[10.2253989,45.5462236],[10.225408,45.5462433],[10.2254624,45.54636],[10.2255212,45.5464863]]]},"properties":{"site":"brescia","name":null,"category":"other","historic":null,"building":"apartments","osm_id":256053308}},{"type":"Feature","geometry":{"type":"Polygon","coordinates":[[[10.2116616,45.5420851],[10.2118769,45.5425511],[10.2118482,45.5425576],[10.2118767,45.5426191],[10.2119269,45.5426077],[10.2119999,45.5427656],[10.2120035,45.5427734],[10.2121736,45.5427349],[10.2120686,45.5425076],[10.2120222,45.5425181],[10.2119877,45.5424434],[10.2119575,45.542378],[10.2120035,45.5423675],[10.2118086,45.5419458],[10.2113903,45.5420462],[10.2114307,45.5421375],[10.2116616,45.5420851]]]},"properties":{"site":"brescia","name":null,"category":"other","historic":null,"building":"yes","osm_id":256444560}},{"type":"Feature","geometry":{"type":"Polygon","coordinates":[[[10.2123258,45.5433205],[10.2123128,45.5433234],[10.2123518,45.5434091],[10.2123648,45.5434062],[10.2123843,45.5434489],[10.2123713,45.5434518],[10.2124087,45.543534],[10.2124217,45.543531],[10.2124438,45.5435795],[10.2124308,45.5435824],[10.2124702,45.5436688],[10.2124832,45.5436659],[10.2125033,45.5437099],[10.2124902,45.5437128],[10.2125294,45.5437986],[10.2125424,45.5437957],[10.212554,45.5438212],[10.2126812,45.5437928],[10.2124393,45.5432621],[10.2123121,45.5432905],[10.2123258,45.5433205]]]},"properties":{"site":"brescia","name":null,"category":"other","historic":null,"building":"yes","osm_id":256444563}},{"type":"Feature","geometry":{"type":"Polygon","coordinates":[[[10.2120913,45.5429632],[10.2120674,45.5429117],[10.2118411,45.5429585],[10.211867,45.5430146],[10.2120913,45.5429632]]]},"properties":{"site":"brescia","name":null,"category":"other","historic":null,"building":"yes","osm_id":256444564}},{"type":"Feature","geometry":{"type":"Polygon","coordinates":[[[10.2121719,45.5430658],[10.2122317,45.5431827],[10.2123985,45.5431409],[10.2123387,45.5430239],[10.2121719,45.5430658]]]},"properties":{"site":"brescia","name":null,"category":"other","historic":null,"building":"yes","osm_id":256444565}},{"type":"Feature","geometry":{"type":"Polygon","coordinates":[[[10.2119999,45.5427656],[10.2117758,45.5428173],[10.2118411,45.5429585],[10.2120674,45.5429117],[10.2119999,45.5427656]]]},"properties":{"site":"brescia","name":null,"category":"other","historic":null,"building":"yes","osm_id":256444566}},{"type":"Feature","geometry":{"type":"Polygon","coordinates":[[[10.2122002,45.5427924],[10.2121619,45.5428011],[10.2122078,45.5429006],[10.2120761,45.5429305],[10.2120913,45.5429632],[10.2122614,45.5429247],[10.2122002,45.5427924]]]},"properties":{"site":"brescia","name":null,"category":"other","historic":null,"building":"yes","osm_id":256444569}},{"type":"Feature","geometry":{"type":"Polygon","coordinates":[[[10.2121619,45.5428011],[10.2122002,45.5427924],[10.2121736,45.5427349],[10.2120035,45.5427734],[10.2120674,45.5429117],[10.2120761,45.5429305],[10.2122078,45.5429006],[10.2121619,45.5428011]]]},"properties":{"site":"brescia","name":null,"category":"other","historic":null,"building":"yes","osm_id":256444570}},{"type":"Feature","geometry":{"type":"Polygon","coordinates":[[[10.2316624,45.5473655],[10.2316664,45.5473126],[10.2317443,45.5473155],[10.2317464,45.5472875],[10.2318565,45.5472915],[10.2318538,45.547327],[10.2318951,45.5473285],[10.2318908,45.5473855],[10.231745,45.5473801],[10.2317458,45.5473686],[10.2316624,45.5473655]]]},"properties":{"site":"brescia","name":null,"category":"other","historic":null,"building":"yes","osm_id":256726225}},{"type":"Feature","geometry":{"type":"Polygon","coordinates":[[[10.2331351,45.5472123],[10.2330416,45.547104],[10.2332014,45.5470403],[10.2331988,45.5469675],[10.2332988,45.5469639],[10.2333053,45.5470185],[10.233356,45.5470203],[10.2333625,45.5471031],[10.2332845,45.547104],[10.2333001,45.5471477],[10.2331351,45.5472123]]]},"properties":{"site":"brescia","name":null,"category":"other","historic":null,"building":"yes","osm_id":256726226}},{"type":"Feature","geometry":{"type":"Polygon","coordinates":[[[10.2326763,45.547687],[10.2326322,45.5475819],[10.2323425,45.5476415],[10.2323866,45.5477467],[10.2326763,45.547687]]]},"properties":{"site":"brescia","name":null,"category":"other","historic":null,"building":"yes","osm_id":256726228}},{"type":"Feature","geometry":{"type":"Polygon","coordinates":[[[10.2315684,45.5475926],[10.2315407,45.5474855],[10.2318321,45.5474485],[10.2318598,45.5475556],[10.2315684,45.5475926]]]},"properties":{"site":"brescia","name":null,"category":"other","historic":null,"building":"yes","osm_id":256726230}},{"type":"Feature","geometry":{"type":"Polygon","coordinates":[[[10.2311493,45.5468188],[10.2311664,45.5467205],[10.2314406,45.546744],[10.2314235,45.5468422],[10.2311493,45.5468188]]]},"properties":{"site":"brescia","name":null,"category":"other","historic":null,"building":"yes","osm_id":256726231}},{"type":"Feature","geometry":{"type":"Polygon","coordinates":[[[10.2309665,45.5471592],[10.2309996,45.5470373],[10.2312091,45.5470652],[10.2311902,45.5471347],[10.2311621,45.547131],[10.2311518,45.5471688],[10.2310823,45.5471595],[10.2310783,45.5471741],[10.2309665,45.5471592]]]},"properties":{"site":"brescia","name":null,"category":"other","historic":null,"building":"yes","osm_id":256726232}},{"type":"Feature","geometry":{"type":"Polygon","coordinates":[[[10.231041,45.5469639],[10.2310641,45.5468695],[10.2313463,45.5469034],[10.2313232,45.5469978],[10.231041,45.5469639]]]},"properties":{"site":"brescia","name":null,"category":"other","historic":null,"building":"yes","osm_id":256726233}},{"type":"Feature","geometry":{"type":"Polygon","coordinates":[[[10.2305269,45.5476761],[10.2305243,45.5475515],[10.2307485,45.5475492],[10.2307511,45.5476738],[10.2305269,45.5476761]]]},"properties":{"site":"brescia","name":null,"category":"other","historic":null,"building":"yes","osm_id":256726236}},{"type":"Feature","geometry":{"type":"Polygon","coordinates":[[[10.2309815,45.5473846],[10.2309751,45.547302],[10.2311612,45.5472949],[10.2311662,45.5473593],[10.2311089,45.5473614],[10.2311103,45.5473796],[10.2309815,45.5473846]]]},"properties":{"site":"brescia","name":null,"category":"other","historic":null,"building":"yes","osm_id":256726237}},{"type":"Feature","geometry":{"type":"Polygon","coordinates":[[[10.231616,45.5470219],[10.2316277,45.546929],[10.231907,45.5469427],[10.231894,45.5470364],[10.231616,45.5470219]]]},"properties":{"site":"brescia","name":null,"category":"other","historic":null,"building":"yes","osm_id":256726238}},{"type":"Feature","geometry":{"type":"Polygon","coordinates":[[[10.2319926,45.5472007],[10.2320108,45.5470223],[10.232155,45.5470314],[10.2321342,45.5472089],[10.2319926,45.5472007]]]},"properties":{"site":"brescia","name":null,"category":"other","historic":null,"building":"yes","osm_id":256726239}},{"type":"Feature","geometry":{"type":"Polygon","coordinates":[[[10.2315347,45.5471075],[10.2318112,45.5471239],[10.2318007,45.5472106],[10.2315243,45.5471942],[10.2315347,45.5471075]]]},"properties":{"site":"brescia","name":null,"category":"other","historic":null,"building":"yes","osm_id":256726240}},{"type":"Feature","geometry":{"type":"Polygon","coordinates":[[[10.2313074,45.5473966],[10.2312943,45.547305],[10.2315708,45.5472855],[10.2315839,45.5473771],[10.2313074,45.5473966]]]},"properties":{"site":"brescia","name":null,"category":"other","historic":null,"building":"yes","osm_id":256726241}},{"type":"Feature","geometry":{"type":"Polygon","coordinates":[[[10.2316916,45.546769],[10.2319513,45.5467828],[10.2319418,45.5468708],[10.231682,45.546857],[10.2316916,45.546769]]]},"properties":{"site":"brescia","name":null,"category":"other","historic":null,"building":"yes","osm_id":256726242}},{"type":"Feature","geometry":{"type":"Polygon","coordinates":[[[10.2252385,45.5455204],[10.225296,45.5452842],[10.225469,45.5453049],[10.2254115,45.545541],[10.2252385,45.5455204]]]},"properties":{"site":"brescia","name":null,"category":"other","historic":null,"building":"yes","osm_id":256726243}},{"type":"Feature","geometry":{"type":"Polygon","coordinates":[[[10.2326988,45.5470156],[10.2329821,45.5468518],[10.233099,45.546931],[10.2329548,45.5470402],[10.2327781,45.5471103],[10.2326988,45.5470156]]]},"properties":{"site":"brescia","name":null,"category":"other","historic":null,"building":"yes","osm_id":256726245}},{"type":"Feature","geometry":{"type":"Polygon","coordinates":[[[10.2320831,45.5469053],[10.2321612,45.5468521],[10.2322659,45.5467808],[10.2323637,45.5468512],[10.2322597,45.546922],[10.2321809,45.5469757],[10.2320831,45.5469053]]]},"properties":{"site":"brescia","name":null,"category":"other","historic":null,"building":"yes","osm_id":256726246}},{"type":"Feature","geometry":{"type":"Polygon","coordinates":[[[10.23324,45.5476464],[10.2331776,45.5475072],[10.2329242,45.5475618],[10.2329554,45.5476364],[10.2329307,45.5476646],[10.2329515,45.5477119],[10.23324,45.5476464]]]},"properties":{"site":"brescia","name":null,"category":"other","historic":null,"building":"yes","osm_id":256726247}},{"type":"Feature","geometry":{"type":"Polygon","coordinates":[[[10.2305427,45.5474163],[10.2305959,45.5474035],[10.2306999,45.5472652],[10.2308272,45.5473171],[10.2308129,45.5474499],[10.2305465,45.5474754],[10.2305427,45.5474163]]]},"properties":{"site":"brescia","name":null,"category":"other","historic":null,"building":"yes","osm_id":256726249}},{"type":"Feature","geometry":{"type":"Polygon","coordinates":[[[10.2318955,45.5480848],[10.2318822,45.5479842],[10.2320271,45.5479739],[10.2321256,45.5479236],[10.23222,45.5479982],[10.2320724,45.5480689],[10.2318955,45.5480848]]]},"properties":{"site":"brescia","name":null,"category":"other","historic":null,"building":"yes","osm_id":256726251}},{"type":"Feature","geometry":{"type":"Polygon","coordinates":[[[10.2310181,45.5476383],[10.230998,45.5475238],[10.2312851,45.5474992],[10.2313005,45.5475874],[10.2312354,45.547593],[10.2312399,45.5476193],[10.2310181,45.5476383]]]},"properties":{"site":"brescia","name":null,"category":"other","historic":null,"building":"yes","osm_id":256726254}},{"type":"Feature","geometry":{"type":"Polygon","coordinates":[[[10.2327024,45.5467837],[10.2328077,45.5467418],[10.2329389,45.5466426],[10.2328233,45.546568],[10.2327232,45.546639],[10.2327349,45.5466508],[10.2326206,45.5466945],[10.2327024,45.5467837]]]},"properties":{"site":"brescia","name":null,"category":"other","historic":null,"building":"yes","osm_id":256726255}},{"type":"Feature","geometry":{"type":"Polygon","coordinates":[[[10.2315387,45.5480512],[10.2315598,45.5479516],[10.2317377,45.5479701],[10.2317234,45.5480371],[10.2317743,45.5480424],[10.2317514,45.5481504],[10.2315806,45.5481326],[10.2315966,45.5480573],[10.2315387,45.5480512]]]},"properties":{"site":"brescia","name":null,"category":"other","historic":null,"building":"yes","osm_id":256726256}},{"type":"Feature","geometry":{"type":"Polygon","coordinates":[[[10.2311257,45.5478506],[10.2312893,45.5478394],[10.2313039,45.5479381],[10.2313385,45.5479474],[10.2312866,45.5480434],[10.2311337,45.548008],[10.2311669,45.5479549],[10.2311457,45.5479446],[10.2311257,45.5478506]]]},"properties":{"site":"brescia","name":null,"category":"other","historic":null,"building":"yes","osm_id":256726257}},{"type":"Feature","geometry":{"type":"Polygon","coordinates":[[[10.2322714,45.5470415],[10.2323509,45.5469915],[10.2323656,45.547003],[10.2324241,45.5469662],[10.2324853,45.5470139],[10.2324534,45.547034],[10.2324609,45.5470398],[10.2323549,45.5471066],[10.2322714,45.5470415]]]},"properties":{"site":"brescia","name":null,"category":"other","historic":null,"building":"yes","osm_id":256726260}},{"type":"Feature","geometry":{"type":"Polygon","coordinates":[[[10.2325828,45.5471513],[10.2326811,45.5472405],[10.2326448,45.5472571],[10.2326672,45.5472843],[10.2324303,45.5473508],[10.2324879,45.5474449],[10.2327071,45.547379],[10.2328807,45.5472833],[10.2326591,45.5471015],[10.2325828,45.5471513]]]},"properties":{"site":"brescia","name":null,"category":"other","historic":null,"building":"yes","osm_id":256726262}},{"type":"Feature","geometry":{"type":"Polygon","coordinates":[[[10.2256845,45.5458307],[10.2256044,45.5456615],[10.2253994,45.5457091],[10.2254037,45.5457182],[10.2253354,45.5457341],[10.2253203,45.5457022],[10.2253297,45.5457],[10.2253057,45.5456493],[10.2252505,45.5456621],[10.2252469,45.5456545],[10.2251472,45.5456776],[10.2252632,45.5459225],[10.2254093,45.5458907],[10.2253758,45.54582],[10.2255093,45.545789],[10.2255435,45.5458614],[10.2256845,45.5458307]]]},"properties":{"site":"brescia","name":null,"category":"other","historic":null,"building":"apartments","osm_id":256735208}},{"type":"Feature","geometry":{"type":"Polygon","coordinates":[[[10.2260912,45.5457421],[10.2260434,45.5456308],[10.2262001,45.5455979],[10.2262455,45.5457085],[10.2260912,45.5457421]]]},"properties":{"site":"brescia","name":null,"category":"other","historic":null,"building":"yes","osm_id":256735210}},{"type":"Feature","geometry":{"type":"Polygon","coordinates":[[[10.2257258,45.5456713],[10.2258976,45.5456321],[10.2259573,45.5457713],[10.2257844,45.5458089],[10.2257258,45.5456713]]]},"properties":{"site":"brescia","name":null,"category":"other","historic":null,"building":"apartments","osm_id":256735211}},{"type":"Feature","geometry":{"type":"Polygon","coordinates":[[[10.2257229,45.5455614],[10.2257604,45.5454357],[10.2259523,45.5454637],[10.2259262,45.5455516],[10.2258871,45.5455459],[10.2258758,45.5455837],[10.2257229,45.5455614]]]},"properties":{"site":"brescia","name":null,"category":"other","historic":null,"building":"yes","osm_id":256735212}},{"type":"Feature","geometry":{"type":"Polygon","coordinates":[[[10.2255348,45.5454484],[10.2255611,45.5453895],[10.2256093,45.5454001],[10.2256338,45.5453452],[10.2257268,45.5453656],[10.2256761,45.5454793],[10.2255348,45.5454484]]]},"properties":{"site":"brescia","name":null,"category":"other","historic":null,"building":"yes","osm_id":256735213}},{"type":"Feature","geometry":{"type":"Polygon","coordinates":[[[10.2260259,45.5455974],[10.2260005,45.5455414],[10.2260316,45.5453982],[10.2260477,45.5453947],[10.2260668,45.5453947],[10.2260799,45.5453989],[10.2261091,45.5454158],[10.2261463,45.5454447],[10.2261745,45.5454814],[10.2261878,45.5455019],[10.2262119,45.5455564],[10.2260259,45.5455974]]]},"properties":{"site":"brescia","name":null,"category":"other","historic":null,"building":"yes","osm_id":256735215}},{"type":"Feature","geometry":{"type":"Polygon","coordinates":[[[10.2241863,45.54601],[10.22409,45.545792],[10.2240634,45.5457317],[10.2242385,45.5456938],[10.2242822,45.5457925],[10.2242192,45.5458062],[10.2242556,45.5458885],[10.2245582,45.545823],[10.2245965,45.5459098],[10.2248261,45.54586],[10.22487,45.5459594],[10.2245387,45.5460311],[10.2244994,45.5459422],[10.2243644,45.5459718],[10.2243253,45.5459803],[10.2242888,45.5459882],[10.2241863,45.54601]]]},"properties":{"site":"brescia","name":null,"category":"other","historic":null,"building":"yes","osm_id":256742181}},{"type":"Feature","geometry":{"type":"Polygon","coordinates":[[[10.2245129,45.5454471],[10.2244923,45.5452736],[10.2244315,45.5452772],[10.2244289,45.5452556],[10.2243748,45.5452587],[10.224369,45.5452098],[10.2242619,45.5452161],[10.2242017,45.5452196],[10.2242147,45.5453287],[10.2243053,45.5453234],[10.224304,45.5453128],[10.2243913,45.5453077],[10.2243967,45.545353],[10.2241795,45.5453657],[10.2241781,45.5453531],[10.2240197,45.5453624],[10.2240305,45.5454533],[10.2241578,45.5454459],[10.2241603,45.5454676],[10.2245129,45.5454471]]]},"properties":{"site":"brescia","name":null,"category":"other","historic":null,"building":"yes","osm_id":256742184}},{"type":"Feature","geometry":{"type":"Polygon","coordinates":[[[10.2219951,45.5451608],[10.2219699,45.5449846],[10.222034,45.5449794],[10.2220269,45.544926],[10.2220232,45.5448982],[10.2220177,45.5448568],[10.2217809,45.5448807],[10.2218114,45.5451295],[10.2217442,45.5451363],[10.2217306,45.5450558],[10.2217487,45.5450527],[10.2217211,45.5448638],[10.2212552,45.5449719],[10.2212816,45.5450166],[10.2216538,45.5449458],[10.221671,45.5450525],[10.2212218,45.5450936],[10.2212316,45.5452072],[10.2219951,45.5451608]]]},"properties":{"site":"brescia","name":null,"category":"other","historic":null,"building":"yes","osm_id":256742185}},{"type":"Feature","geometry":{"type":"Polygon","coordinates":[[[10.2228761,45.5451068],[10.2228705,45.5450337],[10.2231771,45.5450113],[10.2232025,45.5449757],[10.223115,45.5449342],[10.2231075,45.5448789],[10.2230783,45.5448809],[10.2230661,45.5448374],[10.2230191,45.5448387],[10.2230153,45.5447913],[10.2231508,45.5447827],[10.2231592,45.5448163],[10.22321,45.5448104],[10.2232194,45.5448716],[10.2232495,45.544869],[10.2232655,45.5449744],[10.2232824,45.5450811],[10.2228761,45.5451068]]]},"properties":{"site":"brescia","name":null,"category":"other","historic":null,"building":"yes","osm_id":256742187}},{"type":"Feature","geometry":{"type":"Polygon","coordinates":[[[10.2233843,45.5446679],[10.223347,45.5445753],[10.2234702,45.544551],[10.2235074,45.5446436],[10.2233843,45.5446679]]]},"properties":{"site":"brescia","name":null,"category":"other","historic":null,"building":"yes","osm_id":256742190}},{"type":"Feature","geometry":{"type":"Polygon","coordinates":[[[10.2228181,45.5447662],[10.2227767,45.544669],[10.2229407,45.5446348],[10.2229821,45.544732],[10.2228181,45.5447662]]]},"properties":{"site":"brescia","name":null,"category":"other","historic":null,"building":"yes","osm_id":256742191}},{"type":"Feature","geometry":{"type":"Polygon","coordinates":[[[10.2225454,45.5451272],[10.2228392,45.5451089],[10.2228248,45.5449992],[10.2225313,45.5450178],[10.2225454,45.5451272]]]},"properties":{"site":"brescia","name":null,"category":"other","historic":null,"building":"yes","osm_id":256742192}},{"type":"Feature","geometry":{"type":"Polygon","coordinates":[[[10.2235762,45.544584],[10.2237841,45.5445407],[10.2238346,45.5446595],[10.2236267,45.5447029],[10.2235762,45.544584]]]},"properties":{"site":"brescia","name":null,"category":"other","historic":null,"building":"yes","osm_id":256742193}},{"type":"Feature","geometry":{"type":"Polygon","coordinates":[[[10.2240365,45.5446917],[10.2239949,45.5445841],[10.2241531,45.5445541],[10.2241338,45.5445039],[10.2241904,45.5444932],[10.2242513,45.544651],[10.2240365,45.5446917]]]},"properties":{"site":"brescia","name":null,"category":"other","historic":null,"building":"yes","osm_id":256742194}},{"type":"Feature","geometry":{"type":"Polygon","coordinates":[[[10.2208519,45.5447532],[10.2207945,45.5446361],[10.2210066,45.5445922],[10.2210622,45.5447064],[10.2208519,45.5447532]]]},"properties":{"site":"brescia","name":null,"category":"other","historic":null,"building":"yes","osm_id":256742195}},{"type":"Feature","geometry":{"type":"Polygon","coordinates":[[[10.2227394,45.5448881],[10.2227855,45.5448334],[10.2230648,45.5449382],[10.2230244,45.5449909],[10.2227394,45.5448881]]]},"properties":{"site":"brescia","name":null,"category":"other","historic":null,"building":"yes","osm_id":256742196}},{"type":"Feature","geometry":{"type":"Polygon","coordinates":[[[10.220682,45.5452383],[10.2206485,45.5451052],[10.2203578,45.5451673],[10.2204015,45.5452585],[10.2205265,45.5452495],[10.2205808,45.5452456],[10.220682,45.5452383]]]},"properties":{"site":"brescia","name":null,"category":"other","historic":null,"building":"apartments","osm_id":256742197}},{"type":"Feature","geometry":{"type":"Polygon","coordinates":[[[10.2212495,45.544758],[10.2212184,45.544677],[10.2219027,45.5444981],[10.2219431,45.5445856],[10.2215955,45.544675],[10.2212495,45.544758]]]},"properties":{"site":"brescia","name":null,"category":"other","historic":null,"building":"yes","osm_id":256742198}},{"type":"Feature","geometry":{"type":"Polygon","coordinates":[[[10.2237868,45.5450131],[10.2237756,45.5449165],[10.2239203,45.5449082],[10.2239327,45.545015],[10.2238851,45.5450177],[10.2238839,45.5450075],[10.2237868,45.5450131]]]},"properties":{"site":"brescia","name":null,"category":"other","historic":null,"building":"yes","osm_id":256742199}},{"type":"Feature","geometry":{"type":"Polygon","coordinates":[[[10.2233898,45.5449662],[10.2233823,45.544856],[10.2235423,45.5448507],[10.223549,45.5449487],[10.2234634,45.5449516],[10.2234642,45.5449637],[10.2233898,45.5449662]]]},"properties":{"site":"brescia","name":null,"category":"other","historic":null,"building":"yes","osm_id":256742200}},{"type":"Feature","geometry":{"type":"Polygon","coordinates":[[[10.2211888,45.5452089],[10.2210372,45.5452178],[10.2210059,45.5452196],[10.2209772,45.5452213],[10.2209349,45.5452238],[10.2208979,45.5452259],[10.2208554,45.5452284],[10.2207408,45.5452351],[10.2207243,45.5452361],[10.2206858,45.5450977],[10.2208335,45.5450645],[10.2208404,45.545131],[10.2211772,45.545109],[10.2211888,45.5452089]]]},"properties":{"site":"brescia","name":null,"category":"other","historic":null,"building":"yes","osm_id":256742201}},{"type":"Feature","geometry":{"type":"Polygon","coordinates":[[[10.2237678,45.5457579],[10.2237012,45.5456072],[10.2238486,45.5455752],[10.2238945,45.5456792],[10.2239209,45.5456734],[10.2239416,45.5457203],[10.2237678,45.5457579]]]},"properties":{"site":"brescia","name":null,"category":"other","historic":null,"building":"yes","osm_id":256742202}},{"type":"Feature","geometry":{"type":"Polygon","coordinates":[[[10.2231883,45.5446778],[10.2231419,45.5445793],[10.2232939,45.5445442],[10.2233207,45.544601],[10.223294,45.5446072],[10.2233137,45.5446488],[10.2231883,45.5446778]]]},"properties":{"site":"brescia","name":null,"category":"other","historic":null,"building":"yes","osm_id":256742203}},{"type":"Feature","geometry":{"type":"Polygon","coordinates":[[[10.2221245,45.5451536],[10.2221138,45.5450679],[10.2222798,45.5450578],[10.2222605,45.5449027],[10.2223747,45.5448958],[10.2224046,45.5451365],[10.2221245,45.5451536]]]},"properties":{"site":"brescia","name":null,"category":"other","historic":null,"building":"yes","osm_id":256742204}},{"type":"Feature","geometry":{"type":"Polygon","coordinates":[[[10.2226538,45.5441883],[10.2221826,45.5443028],[10.2221235,45.5441926],[10.222188,45.5441738],[10.2222082,45.5442087],[10.2225689,45.544125],[10.2226538,45.5441883]]]},"properties":{"site":"brescia","name":null,"category":"other","historic":null,"building":"apartments","osm_id":256742205}},{"type":"Feature","geometry":{"type":"Polygon","coordinates":[[[10.2239655,45.5469281],[10.2240628,45.5471365],[10.2240765,45.5471673],[10.2241502,45.5471511],[10.2240615,45.5469526],[10.2242831,45.5469041],[10.224311,45.5469667],[10.2241473,45.5470026],[10.2242009,45.5471225],[10.2243532,45.5470891],[10.2244132,45.5472233],[10.2241311,45.5472852],[10.2241754,45.5473855],[10.2245882,45.5472948],[10.2243802,45.5468263],[10.2243146,45.5468414],[10.2243237,45.546862],[10.2241502,45.5468995],[10.2241458,45.5468897],[10.2239655,45.5469281]]]},"properties":{"site":"brescia","name":null,"category":"other","historic":null,"building":"apartments","osm_id":256745470}},{"type":"Feature","geometry":{"type":"Polygon","coordinates":[[[10.2245591,45.547547],[10.2246881,45.5475208],[10.2247445,45.5476448],[10.224915,45.5476064],[10.2248405,45.5474191],[10.2248265,45.5474093],[10.2248116,45.5473989],[10.2247883,45.5473904],[10.2247596,45.5473842],[10.2247222,45.5473858],[10.2245107,45.5474315],[10.2245591,45.547547]]]},"properties":{"site":"brescia","name":null,"category":"other","historic":null,"building":"apartments","osm_id":256745471}},{"type":"Feature","geometry":{"type":"Polygon","coordinates":[[[10.2246998,45.5485421],[10.2245948,45.5485685],[10.2245644,45.548502],[10.2246913,45.5484736],[10.2245318,45.5481247],[10.2243474,45.548166],[10.2241121,45.5476514],[10.224167,45.5476391],[10.2241967,45.5477041],[10.2244494,45.5476475],[10.2244955,45.5477484],[10.2245585,45.5478862],[10.2246025,45.5478763],[10.2246985,45.5480863],[10.2248401,45.548396],[10.2248551,45.5484287],[10.2248725,45.5484248],[10.2249063,45.5484986],[10.2248503,45.5485139],[10.2246998,45.5485421]]]},"properties":{"site":"brescia","name":null,"category":"other","historic":null,"building":"yes","osm_id":256745473}},{"type":"Feature","geometry":{"type":"Polygon","coordinates":[[[10.2241014,45.5476439],[10.2240766,45.5475967],[10.2240776,45.5475771],[10.2240934,45.5475628],[10.2241353,45.5475465],[10.2241233,45.5475145],[10.2242465,45.5474864],[10.2242623,45.547515],[10.2242959,45.5475104],[10.2243275,45.5475131],[10.2243499,45.5475233],[10.2243624,45.5475307],[10.224396,45.5475228],[10.2244039,45.5475256],[10.224424,45.5475731],[10.2243138,45.5475965],[10.2243122,45.5475922],[10.2241582,45.5476238],[10.2241621,45.547631],[10.2241014,45.5476439]]]},"properties":{"site":"brescia","name":null,"category":"other","historic":null,"building":"yes","osm_id":256745474}},{"type":"Feature","geometry":{"type":"Polygon","coordinates":[[[10.2235437,45.5473819],[10.2234173,45.5474101],[10.2234806,45.5475421],[10.2236036,45.5475134],[10.2235437,45.5473819]]]},"properties":{"site":"brescia","name":null,"category":"other","historic":null,"building":"yes","osm_id":256745475}},{"type":"Feature","geometry":{"type":"Polygon","coordinates":[[[10.223104,45.5467538],[10.2230442,45.5466284],[10.2231815,45.5465973],[10.2232395,45.5467231],[10.223104,45.5467538]]]},"properties":{"site":"brescia","name":null,"category":"other","historic":null,"building":"yes","osm_id":256745476}},{"type":"Feature","geometry":{"type":"Polygon","coordinates":[[[10.2232795,45.5471214],[10.2234379,45.5470835],[10.2234217,45.5470496],[10.2233831,45.5469733],[10.2233675,45.5469394],[10.2232106,45.5469771],[10.2232795,45.5471214]]]},"properties":{"site":"brescia","name":null,"category":"other","historic":null,"building":"yes","osm_id":256745477}},{"type":"Feature","geometry":{"type":"Polygon","coordinates":[[[10.2249107,45.5473267],[10.2250965,45.54773],[10.2253799,45.5476659],[10.2254809,45.547641],[10.2252948,45.5472365],[10.2249107,45.5473267]]]},"properties":{"site":"brescia","name":"Penny","category":"other","historic":null,"building":"retail","osm_id":256745478}},{"type":"Feature","geometry":{"type":"Polygon","coordinates":[[[10.2231626,45.5468766],[10.223141,45.5468313],[10.223302,45.5467965],[10.2233228,45.546842],[10.2231626,45.5468766]]]},"properties":{"site":"brescia","name":null,"category":"other","historic":null,"building":"yes","osm_id":256745479}},{"type":"Feature","geometry":{"type":"Polygon","coordinates":[[[10.2238025,45.5474682],[10.2238946,45.5474477],[10.2239203,45.5474108],[10.2240447,45.547383],[10.2240919,45.5474038],[10.2241754,45.5473855],[10.2241311,45.5472852],[10.2240188,45.5473068],[10.2239784,45.5472128],[10.2238142,45.5472498],[10.2238621,45.5473572],[10.2237635,45.5473771],[10.2238025,45.5474682]]]},"properties":{"site":"brescia","name":null,"category":"other","historic":null,"building":"yes","osm_id":256745484}},{"type":"Feature","geometry":{"type":"Polygon","coordinates":[[[10.2235114,45.5453012],[10.2236258,45.5455755],[10.2237881,45.5455423],[10.2237586,45.5454717],[10.2237256,45.5454784],[10.2236931,45.5454005],[10.2237785,45.545383],[10.2237496,45.5453139],[10.2236845,45.5453272],[10.2236609,45.5452706],[10.2235114,45.5453012]]]},"properties":{"site":"brescia","name":null,"category":"other","historic":null,"building":"yes","osm_id":256746497}},{"type":"Feature","geometry":{"type":"Polygon","coordinates":[[[10.2232132,45.5456859],[10.2231732,45.5456019],[10.2232915,45.5455743],[10.2233315,45.5456583],[10.2232132,45.5456859]]]},"properties":{"site":"brescia","name":null,"category":"other","historic":null,"building":"yes","osm_id":256746500}},{"type":"Feature","geometry":{"type":"Polygon","coordinates":[[[10.2229646,45.545607],[10.2229205,45.5454949],[10.2230781,45.5454645],[10.2231222,45.5455766],[10.2229646,45.545607]]]},"properties":{"site":"brescia","name":null,"category":"other","historic":null,"building":"yes","osm_id":256746501}},{"type":"Feature","geometry":{"type":"Polygon","coordinates":[[[10.2225696,45.5456432],[10.2225082,45.5455193],[10.2226878,45.5454757],[10.2227491,45.5455996],[10.2225696,45.5456432]]]},"properties":{"site":"brescia","name":null,"category":"other","historic":null,"building":"yes","osm_id":256746502}},{"type":"Feature","geometry":{"type":"Polygon","coordinates":[[[10.2230993,45.5454522],[10.2230465,45.5453353],[10.2231758,45.5453067],[10.2232285,45.5454236],[10.2230993,45.5454522]]]},"properties":{"site":"brescia","name":null,"category":"other","historic":null,"building":"yes","osm_id":256746504}},{"type":"Feature","geometry":{"type":"Polygon","coordinates":[[[10.2226086,45.5452534],[10.2227498,45.5452447],[10.2228195,45.5454192],[10.2226812,45.5454472],[10.2226244,45.5453415],[10.2226086,45.5452534]]]},"properties":{"site":"brescia","name":null,"category":"other","historic":null,"building":"yes","osm_id":256746505}},{"type":"Feature","geometry":{"type":"Polygon","coordinates":[[[10.2225729,45.5453999],[10.2225574,45.5453635],[10.2226244,45.5453415],[10.2226086,45.5452534],[10.2225355,45.5452594],[10.2224383,45.5452674],[10.2223913,45.5452713],[10.2224662,45.5454298],[10.2225729,45.5453999]]]},"properties":{"site":"brescia","name":null,"category":"other","historic":null,"building":"yes","osm_id":256746506}},{"type":"Feature","geometry":{"type":"Polygon","coordinates":[[[10.2233533,45.5454855],[10.2232872,45.5453328],[10.2233844,45.5453122],[10.223417,45.5453876],[10.2234666,45.5453771],[10.2235,45.5454544],[10.2233533,45.5454855]]]},"properties":{"site":"brescia","name":null,"category":"other","historic":null,"building":"yes","osm_id":256746508}},{"type":"Feature","geometry":{"type":"Polygon","coordinates":[[[10.2227214,45.545958],[10.2226177,45.5457276],[10.2227558,45.5456971],[10.222799,45.5457931],[10.2229847,45.5457521],[10.2229812,45.5457443],[10.223168,45.5457031],[10.2232319,45.5458453],[10.2227214,45.545958]]]},"properties":{"site":"brescia","name":null,"category":"other","historic":null,"building":"yes","osm_id":256746509}},{"type":"Feature","geometry":{"type":"Polygon","coordinates":[[[10.2238032,45.5461674],[10.2237514,45.5460533],[10.2235355,45.5461014],[10.2235873,45.5462155],[10.2238032,45.5461674]]]},"properties":{"site":"brescia","name":null,"category":"other","historic":null,"building":"yes","osm_id":256747567}},{"type":"Feature","geometry":{"type":"Polygon","coordinates":[[[10.2233954,45.5463429],[10.2233251,45.5461847],[10.2234602,45.5461531],[10.2235305,45.5463113],[10.2233954,45.5463429]]]},"properties":{"site":"brescia","name":null,"category":"other","historic":null,"building":"yes","osm_id":256747568}},{"type":"Feature","geometry":{"type":"Polygon","coordinates":[[[10.2219876,45.5452886],[10.2218587,45.5452973],[10.2217333,45.5453057],[10.2217487,45.5453998],[10.2220078,45.5453883],[10.2219876,45.5452886]]]},"properties":{"site":"brescia","name":null,"category":"other","historic":null,"building":"yes","osm_id":256747569}},{"type":"Feature","geometry":{"type":"Polygon","coordinates":[[[10.2230097,45.5462447],[10.2229207,45.5460282],[10.2228941,45.5459635],[10.2231142,45.5459192],[10.2232297,45.5462004],[10.2230097,45.5462447]]]},"properties":{"site":"brescia","name":null,"category":"other","historic":null,"building":"yes","osm_id":256747570}},{"type":"Feature","geometry":{"type":"Polygon","coordinates":[[[10.2230697,45.5464005],[10.2230112,45.5462603],[10.2230719,45.5462479],[10.2230808,45.5462693],[10.2231304,45.5463881],[10.2230697,45.5464005]]]},"properties":{"site":"brescia","name":null,"category":"other","historic":null,"building":"yes","osm_id":256747571}},{"type":"Feature","geometry":{"type":"Polygon","coordinates":[[[10.2217832,45.5456215],[10.2217572,45.5454463],[10.2217578,45.5454369],[10.2220148,45.5454272],[10.2220556,45.5455926],[10.2217832,45.5456215]]]},"properties":{"site":"brescia","name":null,"category":"other","historic":null,"building":"yes","osm_id":256747572}},{"type":"Feature","geometry":{"type":"Polygon","coordinates":[[[10.2217333,45.5453057],[10.2216205,45.545313],[10.2214905,45.5453213],[10.2214957,45.5453627],[10.2215043,45.5454309],[10.2217495,45.5454133],[10.2217487,45.5453998],[10.2217333,45.5453057]]]},"properties":{"site":"brescia","name":null,"category":"other","historic":null,"building":"yes","osm_id":256747573}},{"type":"Feature","geometry":{"type":"Polygon","coordinates":[[[10.2220556,45.5455926],[10.2223874,45.5455555],[10.2223229,45.5454172],[10.2222915,45.5454136],[10.2220148,45.5454272],[10.2220556,45.5455926]]]},"properties":{"site":"brescia","name":null,"category":"other","historic":null,"building":"yes","osm_id":256747574}},{"type":"Feature","geometry":{"type":"Polygon","coordinates":[[[10.2234468,45.5458168],[10.2236143,45.5457808],[10.2236084,45.5457663],[10.223637,45.5457604],[10.2236079,45.5456827],[10.223593,45.5456846],[10.2235744,45.545647],[10.2234423,45.5456729],[10.2234542,45.5457016],[10.2234012,45.545713],[10.2234468,45.5458168]]]},"properties":{"site":"brescia","name":null,"category":"other","historic":null,"building":"yes","osm_id":256747575}},{"type":"Feature","geometry":{"type":"Polygon","coordinates":[[[10.2219876,45.5452886],[10.2220085,45.5452871],[10.2221238,45.5452786],[10.2221657,45.5452755],[10.2222047,45.5452727],[10.2222535,45.5452691],[10.2222915,45.5454136],[10.2220148,45.5454272],[10.2220078,45.5453883],[10.2219876,45.5452886]]]},"properties":{"site":"brescia","name":null,"category":"other","historic":null,"building":"yes","osm_id":256747576}},{"type":"Feature","geometry":{"type":"Polygon","coordinates":[[[10.2215349,45.5456362],[10.2215127,45.5454878],[10.2216286,45.5454808],[10.2216252,45.5454538],[10.2217572,45.5454463],[10.2217832,45.5456215],[10.2215349,45.5456362]]]},"properties":{"site":"brescia","name":null,"category":"other","historic":null,"building":"yes","osm_id":256747577}},{"type":"Feature","geometry":{"type":"Polygon","coordinates":[[[10.2237642,45.5459288],[10.2237039,45.5457825],[10.223308,45.5458624],[10.2233868,45.5460538],[10.2234708,45.5460369],[10.2234523,45.5459918],[10.2237642,45.5459288]]]},"properties":{"site":"brescia","name":null,"category":"other","historic":null,"building":"yes","osm_id":256747578}},{"type":"Feature","geometry":{"type":"Polygon","coordinates":[[[10.2229115,45.5461161],[10.2228754,45.5460392],[10.2229207,45.5460282],[10.2228941,45.5459635],[10.2227385,45.5459994],[10.2228056,45.5461396],[10.2229115,45.5461161]]]},"properties":{"site":"brescia","name":null,"category":"other","historic":null,"building":"yes","osm_id":256747579}},{"type":"Feature","geometry":{"type":"Polygon","coordinates":[[[10.2263046,45.5453704],[10.2262687,45.5452672],[10.2262991,45.5452595],[10.2262702,45.5451937],[10.2264099,45.5451614],[10.2263705,45.5450318],[10.2264558,45.54501],[10.2265389,45.5452105],[10.2265589,45.5452082],[10.2265822,45.5453763],[10.2263046,45.5453704]]]},"properties":{"site":"brescia","name":null,"category":"other","historic":null,"building":"yes","osm_id":256768795}},{"type":"Feature","geometry":{"type":"Polygon","coordinates":[[[10.2275257,45.5448826],[10.2273893,45.5446273],[10.227589,45.5445749],[10.2276388,45.5446682],[10.2275792,45.5446838],[10.2276207,45.5447613],[10.2277547,45.5447262],[10.227809,45.5448279],[10.2276318,45.5448744],[10.2276226,45.5448572],[10.2275257,45.5448826]]]},"properties":{"site":"brescia","name":null,"category":"other","historic":null,"building":"apartments","osm_id":256768796}},{"type":"Feature","geometry":{"type":"Polygon","coordinates":[[[10.2273757,45.5462425],[10.2272872,45.5460326],[10.2273166,45.5460265],[10.2272995,45.545986],[10.2273953,45.5459662],[10.2274124,45.5460066],[10.2274444,45.546],[10.2275347,45.5462142],[10.2275048,45.5462204],[10.2275162,45.5462473],[10.2274114,45.5462689],[10.2273983,45.5462379],[10.2273757,45.5462425]]]},"properties":{"site":"brescia","name":null,"category":"other","historic":null,"building":"yes","osm_id":256768797}},{"type":"Feature","geometry":{"type":"Polygon","coordinates":[[[10.2209715,45.5456052],[10.2212969,45.5455817],[10.2213086,45.545662],[10.2212181,45.5456712],[10.2212207,45.5457351],[10.2212155,45.5457851],[10.2212852,45.5457987],[10.2212517,45.545881],[10.2209883,45.5458321],[10.2209877,45.5457693],[10.2210477,45.545767],[10.2210554,45.5456897],[10.2209793,45.5456866],[10.2209715,45.5456052]]]},"properties":{"site":"brescia","name":null,"category":"other","historic":null,"building":"yes","osm_id":256768798}},{"type":"Feature","geometry":{"type":"Polygon","coordinates":[[[10.2272992,45.5474531],[10.2272141,45.5472727],[10.2272547,45.5472633],[10.2272143,45.5471774],[10.2274111,45.5471319],[10.2274566,45.5472285],[10.2273578,45.5472514],[10.2274023,45.5473458],[10.2275969,45.5473008],[10.2275156,45.5471284],[10.2276436,45.5470988],[10.2277363,45.5472953],[10.2278589,45.5472669],[10.2277632,45.5470638],[10.2278941,45.5470336],[10.2280139,45.5472879],[10.2273391,45.5474438],[10.2272992,45.5474531]]]},"properties":{"site":"brescia","name":"Archivio di Stato di Brescia","category":"other","historic":null,"building":"public","osm_id":256768799}},{"type":"Feature","geometry":{"type":"Polygon","coordinates":[[[10.2218768,45.5464356],[10.2218251,45.5463289],[10.2214301,45.5463995],[10.2213733,45.5463018],[10.2213255,45.5460884],[10.2211745,45.5461029],[10.2211835,45.5461382],[10.2209098,45.5461716],[10.2205987,45.5454455],[10.2209467,45.5454126],[10.2209493,45.5454629],[10.2212706,45.5454447],[10.2212819,45.5455179],[10.2214179,45.5455071],[10.2213981,45.5453691],[10.2213887,45.5453085],[10.2213239,45.5453119],[10.2212737,45.5453139],[10.221274,45.5453301],[10.2210609,45.5453412],[10.2209639,45.5453463],[10.2209612,45.545339],[10.2209411,45.5453405],[10.2207745,45.5453546],[10.2206387,45.5453643],[10.2204576,45.5453836],[10.220502,45.5455423],[10.2206499,45.5458798],[10.2208019,45.5463182],[10.2209001,45.5464942],[10.2210489,45.5464508],[10.2209525,45.5462821],[10.2211949,45.5462602],[10.2212104,45.5463504],[10.2212515,45.5464073],[10.2212789,45.5464514],[10.2210982,45.5465102],[10.2211538,45.5466106],[10.2218768,45.5464356]]]},"properties":{"site":"brescia","name":null,"category":"other","historic":null,"building":"yes","osm_id":256768802}},{"type":"Feature","geometry":{"type":"Polygon","coordinates":[[[10.2293678,45.544661],[10.2294132,45.544568],[10.2295634,45.544604],[10.229518,45.544697],[10.2293678,45.544661]]]},"properties":{"site":"brescia","name":null,"category":"other","historic":null,"building":"yes","osm_id":256768803}},{"type":"Feature","geometry":{"type":"Polygon","coordinates":[[[10.2275518,45.5466244],[10.2274534,45.54642],[10.2275888,45.5463887],[10.2276872,45.5465931],[10.2275518,45.5466244]]]},"properties":{"site":"brescia","name":null,"category":"other","historic":null,"building":"yes","osm_id":256768805}},{"type":"Feature","geometry":{"type":"Polygon","coordinates":[[[10.22942,45.545231],[10.2294971,45.5450758],[10.2296311,45.5451085],[10.229554,45.5452636],[10.22942,45.545231]]]},"properties":{"site":"brescia","name":null,"category":"other","historic":null,"building":"yes","osm_id":256768806}},{"type":"Feature","geometry":{"type":"Polygon","coordinates":[[[10.2271259,45.5464788],[10.2272509,45.546453],[10.2273423,45.5466716],[10.2272175,45.5466982],[10.2271259,45.5464788]]]},"properties":{"site":"brescia","name":null,"category":"other","historic":null,"building":"yes","osm_id":256768807}},{"type":"Feature","geometry":{"type":"Polygon","coordinates":[[[10.2268872,45.5452644],[10.2268324,45.5451433],[10.2272801,45.5450439],[10.2273349,45.5451649],[10.2268872,45.5452644]]]},"properties":{"site":"brescia","name":null,"category":"other","historic":null,"building":"apartments","osm_id":256768808}},{"type":"Feature","geometry":{"type":"Polygon","coordinates":[[[10.2281331,45.5457412],[10.2282761,45.5457082],[10.2283362,45.545836],[10.2281932,45.545869],[10.2281331,45.5457412]]]},"properties":{"site":"brescia","name":null,"category":"other","historic":null,"building":"apartments","osm_id":256768809}},{"type":"Feature","geometry":{"type":"Polygon","coordinates":[[[10.2279373,45.5452662],[10.2278376,45.5450463],[10.2280322,45.5450031],[10.2281318,45.5452229],[10.2279373,45.5452662]]]},"properties":{"site":"brescia","name":null,"category":"other","historic":null,"building":"apartments","osm_id":256768810}},{"type":"Feature","geometry":{"type":"Polygon","coordinates":[[[10.2295946,45.5447779],[10.2296562,45.5446633],[10.2298745,45.5447208],[10.2298129,45.5448355],[10.2295946,45.5447779]]]},"properties":{"site":"brescia","name":null,"category":"other","historic":null,"building":"yes","osm_id":256768811}},{"type":"Feature","geometry":{"type":"Polygon","coordinates":[[[10.2281019,45.5456818],[10.2279847,45.5454272],[10.2281216,45.5453964],[10.2282425,45.5456524],[10.2281019,45.5456818]]]},"properties":{"site":"brescia","name":null,"category":"other","historic":null,"building":"yes","osm_id":256768813}},{"type":"Feature","geometry":{"type":"Polygon","coordinates":[[[10.2272149,45.5468069],[10.2273046,45.5469947],[10.2274279,45.5469658],[10.2273382,45.546778],[10.2272149,45.5468069]]]},"properties":{"site":"brescia","name":null,"category":"other","historic":null,"building":"yes","osm_id":256768815}},{"type":"Feature","geometry":{"type":"Polygon","coordinates":[[[10.2271132,45.5464339],[10.2270261,45.5462141],[10.2271446,45.546191],[10.2272318,45.5464109],[10.2271132,45.5464339]]]},"properties":{"site":"brescia","name":null,"category":"other","historic":null,"building":"yes","osm_id":256768816}},{"type":"Feature","geometry":{"type":"Polygon","coordinates":[[[10.2277791,45.5446337],[10.2277349,45.5445527],[10.2277954,45.5445365],[10.2279215,45.5445029],[10.2279473,45.544496],[10.2279914,45.5445769],[10.2277791,45.5446337]]]},"properties":{"site":"brescia","name":null,"category":"other","historic":null,"building":"apartments","osm_id":256768817}},{"type":"Feature","geometry":{"type":"Polygon","coordinates":[[[10.2211048,45.5468585],[10.2210587,45.5467712],[10.2210386,45.5467332],[10.221188,45.5466959],[10.221253,45.5468237],[10.2211542,45.5468469],[10.2211048,45.5468585]]]},"properties":{"site":"brescia","name":null,"category":"other","historic":null,"building":"yes","osm_id":256768818}},{"type":"Feature","geometry":{"type":"Polygon","coordinates":[[[10.2214745,45.5466445],[10.2217765,45.5465771],[10.2218299,45.5466942],[10.2216789,45.5467279],[10.2215279,45.5467616],[10.2214745,45.5466445]]]},"properties":{"site":"brescia","name":null,"category":"other","historic":null,"building":"yes","osm_id":256768819}},{"type":"Feature","geometry":{"type":"Polygon","coordinates":[[[10.227883,45.546905],[10.2278298,45.5467876],[10.2280103,45.5467476],[10.2280635,45.5468649],[10.227883,45.546905]]]},"properties":{"site":"brescia","name":null,"category":"other","historic":null,"building":"yes","osm_id":256768820}},{"type":"Feature","geometry":{"type":"Polygon","coordinates":[[[10.2268472,45.5465399],[10.2269658,45.5465168],[10.2270519,45.5467335],[10.2269341,45.5467586],[10.2268472,45.5465399]]]},"properties":{"site":"brescia","name":null,"category":"other","historic":null,"building":"yes","osm_id":256768822}},{"type":"Feature","geometry":{"type":"Polygon","coordinates":[[[10.2278976,45.5458998],[10.2277973,45.5456812],[10.2279298,45.5456549],[10.2280223,45.5458725],[10.2278976,45.5458998]]]},"properties":{"site":"brescia","name":null,"category":"other","historic":null,"building":"apartments","osm_id":256768823}},{"type":"Feature","geometry":{"type":"Polygon","coordinates":[[[10.2291489,45.5451506],[10.2292301,45.544982],[10.2293682,45.5450146],[10.229287,45.5451832],[10.2291489,45.5451506]]]},"properties":{"site":"brescia","name":null,"category":"other","historic":null,"building":"yes","osm_id":256768825}},{"type":"Feature","geometry":{"type":"Polygon","coordinates":[[[10.2289471,45.5443382],[10.2288862,45.5442204],[10.2291309,45.5441583],[10.2291916,45.5442758],[10.2289471,45.5443382]]]},"properties":{"site":"brescia","name":null,"category":"other","historic":null,"building":"apartments","osm_id":256768826}},{"type":"Feature","geometry":{"type":"Polygon","coordinates":[[[10.2295801,45.5450022],[10.2296403,45.544883],[10.2297695,45.544915],[10.2297093,45.5450342],[10.2295801,45.5450022]]]},"properties":{"site":"brescia","name":null,"category":"other","historic":null,"building":"yes","osm_id":256768828}},{"type":"Feature","geometry":{"type":"Polygon","coordinates":[[[10.2224028,45.5464236],[10.2223208,45.5462274],[10.2224497,45.546201],[10.2225082,45.5463411],[10.2224671,45.5463495],[10.2224905,45.5464056],[10.2224028,45.5464236]]]},"properties":{"site":"brescia","name":null,"category":"other","historic":null,"building":"yes","osm_id":256768829}},{"type":"Feature","geometry":{"type":"Polygon","coordinates":[[[10.2279958,45.5447812],[10.2279449,45.5446894],[10.2280501,45.5446608],[10.228101,45.5447526],[10.2279958,45.5447812]]]},"properties":{"site":"brescia","name":null,"category":"other","historic":null,"building":"yes","osm_id":256768830}},{"type":"Feature","geometry":{"type":"Polygon","coordinates":[[[10.2224636,45.5461185],[10.2224209,45.5460307],[10.2225402,45.5460023],[10.2225829,45.5460901],[10.2224636,45.5461185]]]},"properties":{"site":"brescia","name":null,"category":"other","historic":null,"building":"yes","osm_id":256768831}},{"type":"Feature","geometry":{"type":"Polygon","coordinates":[[[10.2213686,45.5467993],[10.2213279,45.5467164],[10.2214501,45.546687],[10.2214908,45.5467699],[10.2213686,45.5467993]]]},"properties":{"site":"brescia","name":null,"category":"other","historic":null,"building":"yes","osm_id":256768832}},{"type":"Feature","geometry":{"type":"Polygon","coordinates":[[[10.2278225,45.5465612],[10.2279992,45.5465182],[10.2278808,45.5462551],[10.227691,45.5462931],[10.2278225,45.5465612]]]},"properties":{"site":"brescia","name":null,"category":"other","historic":null,"building":"apartments","osm_id":256768833}},{"type":"Feature","geometry":{"type":"Polygon","coordinates":[[[10.2286371,45.5444247],[10.2285808,45.5443274],[10.22877,45.5442737],[10.2288263,45.5443711],[10.2286371,45.5444247]]]},"properties":{"site":"brescia","name":null,"category":"other","historic":null,"building":"apartments","osm_id":256768834}},{"type":"Feature","geometry":{"type":"Polygon","coordinates":[[[10.2276729,45.5461908],[10.227559,45.5459462],[10.2276848,45.5459174],[10.2277987,45.5461621],[10.2276729,45.5461908]]]},"properties":{"site":"brescia","name":null,"category":"other","historic":null,"building":"apartments","osm_id":256768835}},{"type":"Feature","geometry":{"type":"Polygon","coordinates":[[[10.2279811,45.5460819],[10.2281433,45.5460454],[10.2280902,45.5459171],[10.2279204,45.5459495],[10.2279811,45.5460819]]]},"properties":{"site":"brescia","name":null,"category":"other","historic":null,"building":"apartments","osm_id":256768836}},{"type":"Feature","geometry":{"type":"Polygon","coordinates":[[[10.2289872,45.5445587],[10.2288812,45.544355],[10.2289471,45.5443382],[10.2291916,45.5442758],[10.2292377,45.5442641],[10.229278,45.5443416],[10.2292338,45.5443529],[10.2292974,45.5444753],[10.2289872,45.5445587]]]},"properties":{"site":"brescia","name":null,"category":"other","historic":null,"building":"yes","osm_id":256768837}},{"type":"Feature","geometry":{"type":"Polygon","coordinates":[[[10.2266519,45.5453478],[10.2265926,45.5451577],[10.2266941,45.5451398],[10.226769,45.5453502],[10.2267389,45.5453513],[10.2266519,45.5453478]]]},"properties":{"site":"brescia","name":null,"category":"other","historic":null,"building":"yes","osm_id":256768838}},{"type":"Feature","geometry":{"type":"Polygon","coordinates":[[[10.2259549,45.5451627],[10.2259265,45.5451075],[10.2260556,45.5450759],[10.2260905,45.5451319],[10.2259932,45.545154],[10.2259549,45.5451627]]]},"properties":{"site":"brescia","name":null,"category":"other","historic":null,"building":"yes","osm_id":256768839}},{"type":"Feature","geometry":{"type":"Polygon","coordinates":[[[10.2284041,45.545814],[10.2285052,45.5455791],[10.2286364,45.5456068],[10.2285307,45.5458407],[10.2284041,45.545814]]]},"properties":{"site":"brescia","name":null,"category":"other","historic":null,"building":"yes","osm_id":256768840}},{"type":"Feature","geometry":{"type":"Polygon","coordinates":[[[10.2220356,45.5459173],[10.2219733,45.5457247],[10.2217839,45.5457548],[10.2218462,45.5459474],[10.2220356,45.5459173]]]},"properties":{"site":"brescia","name":null,"category":"other","historic":null,"building":"yes","osm_id":256768841}},{"type":"Feature","geometry":{"type":"Polygon","coordinates":[[[10.2221147,45.5463472],[10.2220864,45.546273],[10.2222361,45.5462474],[10.2222608,45.5463165],[10.2221147,45.5463472]]]},"properties":{"site":"brescia","name":null,"category":"other","historic":null,"building":"yes","osm_id":256768842}},{"type":"Feature","geometry":{"type":"Polygon","coordinates":[[[10.2221036,45.546633],[10.2220525,45.5465188],[10.2223356,45.5464567],[10.222356,45.5465024],[10.2223867,45.5465709],[10.2221036,45.546633]]]},"properties":{"site":"brescia","name":null,"category":"other","historic":null,"building":"yes","osm_id":256768843}},{"type":"Feature","geometry":{"type":"Polygon","coordinates":[[[10.2267442,45.5462692],[10.2268278,45.5464872],[10.2269538,45.5464623],[10.2268687,45.5462452],[10.2267442,45.5462692]]]},"properties":{"site":"brescia","name":null,"category":"other","historic":null,"building":"yes","osm_id":256768844}},{"type":"Feature","geometry":{"type":"Polygon","coordinates":[[[10.2215843,45.545955],[10.2215457,45.5458022],[10.2216601,45.5457881],[10.2216986,45.5459408],[10.2215843,45.545955]]]},"properties":{"site":"brescia","name":null,"category":"other","historic":null,"building":"yes","osm_id":256768845}},{"type":"Feature","geometry":{"type":"Polygon","coordinates":[[[10.2277092,45.5454892],[10.2278687,45.5454533],[10.2279317,45.5455962],[10.2277739,45.5456303],[10.2277092,45.5454892]]]},"properties":{"site":"brescia","name":null,"category":"other","historic":null,"building":"apartments","osm_id":256768846}},{"type":"Feature","geometry":{"type":"Polygon","coordinates":[[[10.2219571,45.5461994],[10.2219158,45.546087],[10.2220602,45.546061],[10.2221015,45.5461734],[10.2219571,45.5461994]]]},"properties":{"site":"brescia","name":null,"category":"other","historic":null,"building":"yes","osm_id":256768847}},{"type":"Feature","geometry":{"type":"Polygon","coordinates":[[[10.226842,45.5457239],[10.2270018,45.5456913],[10.227136,45.5460394],[10.2269837,45.5460693],[10.2269335,45.5459495],[10.226842,45.5457239]]]},"properties":{"site":"brescia","name":null,"category":"other","historic":null,"building":"yes","osm_id":256768848}},{"type":"Feature","geometry":{"type":"Polygon","coordinates":[[[10.2215981,45.5460965],[10.221588,45.5460415],[10.2217971,45.5460197],[10.2218217,45.5461419],[10.2217889,45.5461777],[10.2215981,45.5460965]]]},"properties":{"site":"brescia","name":null,"category":"other","historic":null,"building":"yes","osm_id":256768849}},{"type":"Feature","geometry":{"type":"Polygon","coordinates":[[[10.2267033,45.5461467],[10.226554,45.5457819],[10.2266956,45.545753],[10.2267871,45.5459787],[10.2268447,45.5461184],[10.2267033,45.5461467]]]},"properties":{"site":"brescia","name":null,"category":"other","historic":null,"building":"yes","osm_id":256768850}},{"type":"Feature","geometry":{"type":"Polygon","coordinates":[[[10.2282216,45.545928],[10.2284544,45.5458749],[10.2285102,45.545886],[10.2284715,45.5459715],[10.2282591,45.5460187],[10.2282216,45.545928]]]},"properties":{"site":"brescia","name":null,"category":"other","historic":null,"building":"apartments","osm_id":256768851}},{"type":"Feature","geometry":{"type":"Polygon","coordinates":[[[10.222342,45.54613],[10.2222995,45.5460196],[10.2221703,45.546044],[10.2222026,45.5461278],[10.2222126,45.5461259],[10.2222229,45.5461525],[10.222342,45.54613]]]},"properties":{"site":"brescia","name":null,"category":"other","historic":null,"building":"yes","osm_id":256768852}},{"type":"Feature","geometry":{"type":"Polygon","coordinates":[[[10.2294359,45.5444347],[10.2294849,45.5443425],[10.2295427,45.5443575],[10.2295901,45.5442682],[10.229723,45.5443028],[10.2296266,45.5444843],[10.2294359,45.5444347]]]},"properties":{"site":"brescia","name":null,"category":"other","historic":null,"building":"yes","osm_id":256768853}},{"type":"Feature","geometry":{"type":"Polygon","coordinates":[[[10.2287799,45.5446881],[10.228649,45.5447226],[10.2287518,45.5449193],[10.2290055,45.544853],[10.2289453,45.5447404],[10.2288266,45.5447718],[10.2287799,45.5446881]]]},"properties":{"site":"brescia","name":null,"category":"other","historic":null,"building":"yes","osm_id":256768854}},{"type":"Feature","geometry":{"type":"Polygon","coordinates":[[[10.2264425,45.5456624],[10.2264009,45.5455559],[10.2265796,45.545513],[10.226657,45.5455122],[10.2267862,45.5454837],[10.22683,45.5455977],[10.2264425,45.5456624]]]},"properties":{"site":"brescia","name":null,"category":"other","historic":null,"building":"apartments","osm_id":256768855}},{"type":"Feature","geometry":{"type":"Polygon","coordinates":[[[10.2225603,45.5462831],[10.2225298,45.5461841],[10.2226789,45.5461617],[10.2227387,45.5463002],[10.2226244,45.5463219],[10.2226109,45.5462831],[10.2225603,45.5462831]]]},"properties":{"site":"brescia","name":null,"category":"other","historic":null,"building":"yes","osm_id":256768856}},{"type":"Feature","geometry":{"type":"Polygon","coordinates":[[[10.2281461,45.5466193],[10.228117,45.5467238],[10.228251,45.5467421],[10.2282006,45.5469138],[10.2283449,45.5469339],[10.2284236,45.5466572],[10.2281461,45.5466193]]]},"properties":{"site":"brescia","name":null,"category":"other","historic":null,"building":"yes","osm_id":256768857}},{"type":"Feature","geometry":{"type":"Polygon","coordinates":[[[10.2281805,45.5445805],[10.2281431,45.5445112],[10.2281016,45.5445221],[10.2280539,45.5444337],[10.2282564,45.5443802],[10.2283414,45.5445381],[10.2281805,45.5445805]]]},"properties":{"site":"brescia","name":null,"category":"other","historic":null,"building":"apartments","osm_id":256768858}},{"type":"Feature","geometry":{"type":"Polygon","coordinates":[[[10.2225538,45.5465345],[10.2225255,45.546475],[10.2226569,45.5464462],[10.2226387,45.5464085],[10.2227729,45.5463766],[10.2228158,45.5464737],[10.2225538,45.5465345]]]},"properties":{"site":"brescia","name":null,"category":"other","historic":null,"building":"yes","osm_id":256768859}},{"type":"Feature","geometry":{"type":"Polygon","coordinates":[[[10.2219933,45.5464653],[10.2219124,45.5463037],[10.2219888,45.5462849],[10.2220441,45.5463954],[10.2221082,45.5463797],[10.2221338,45.5464308],[10.2219933,45.5464653]]]},"properties":{"site":"brescia","name":null,"category":"other","historic":null,"building":"yes","osm_id":256768861}},{"type":"Feature","geometry":{"type":"Polygon","coordinates":[[[10.2282022,45.5448356],[10.2282505,45.5449382],[10.2284331,45.5448943],[10.2284589,45.544947],[10.2286042,45.5449121],[10.2285285,45.5447546],[10.2282022,45.5448356]]]},"properties":{"site":"brescia","name":null,"category":"other","historic":null,"building":"yes","osm_id":256768862}},{"type":"Feature","geometry":{"type":"Polygon","coordinates":[[[10.2282744,45.5447051],[10.2282452,45.5446456],[10.2283964,45.5446092],[10.2284392,45.5446963],[10.2283233,45.5447243],[10.2283097,45.5446966],[10.2282744,45.5447051]]]},"properties":{"site":"brescia","name":null,"category":"other","historic":null,"building":"yes","osm_id":256768864}},{"type":"Feature","geometry":{"type":"Polygon","coordinates":[[[10.2297462,45.5445136],[10.2298231,45.5443665],[10.2300015,45.5444121],[10.229943,45.544524],[10.2298697,45.5445052],[10.2298513,45.5445405],[10.2297462,45.5445136]]]},"properties":{"site":"brescia","name":null,"category":"other","historic":null,"building":"yes","osm_id":256768866}},{"type":"Feature","geometry":{"type":"Polygon","coordinates":[[[10.228795,45.5450019],[10.2290429,45.5449374],[10.2290721,45.5449859],[10.2290457,45.5449917],[10.2290721,45.5450409],[10.2290025,45.5451775],[10.2288686,45.5451426],[10.228795,45.5450019]]]},"properties":{"site":"brescia","name":null,"category":"other","historic":null,"building":"yes","osm_id":256768868}},{"type":"Feature","geometry":{"type":"Polygon","coordinates":[[[10.2285107,45.5450468],[10.2286531,45.5450139],[10.2286977,45.5451068],[10.2286503,45.5451737],[10.2283767,45.5452329],[10.2283352,45.5451415],[10.2285336,45.5450956],[10.2285107,45.5450468]]]},"properties":{"site":"brescia","name":null,"category":"other","historic":null,"building":"apartments","osm_id":256768869}},{"type":"Feature","geometry":{"type":"Polygon","coordinates":[[[10.2271578,45.5456473],[10.2275503,45.5455652],[10.2276555,45.5458121],[10.2275397,45.5458363],[10.2274855,45.5457094],[10.2273335,45.5457412],[10.2273884,45.5458699],[10.2272638,45.545896],[10.2271578,45.5456473]]]},"properties":{"site":"brescia","name":null,"category":"other","historic":null,"building":"apartments","osm_id":256768870}},{"type":"Feature","geometry":{"type":"Polygon","coordinates":[[[10.2269673,45.5469022],[10.2271006,45.5468713],[10.2271641,45.5470053],[10.2272343,45.546989],[10.227286,45.5470981],[10.2271267,45.5471352],[10.2270672,45.5470099],[10.2270232,45.5470201],[10.2269673,45.5469022]]]},"properties":{"site":"brescia","name":null,"category":"other","historic":null,"building":"yes","osm_id":256768871}},{"type":"Feature","geometry":{"type":"Polygon","coordinates":[[[10.2223351,45.5458922],[10.2222202,45.5456359],[10.2224093,45.5456165],[10.2224448,45.5456919],[10.2223893,45.5457037],[10.2224352,45.5458104],[10.2224965,45.5457973],[10.2225288,45.5458633],[10.2223351,45.5458922]]]},"properties":{"site":"brescia","name":null,"category":"other","historic":null,"building":"yes","osm_id":256768872}},{"type":"Feature","geometry":{"type":"Polygon","coordinates":[[[10.2291061,45.5448141],[10.2290054,45.5446287],[10.2292548,45.5445631],[10.2292868,45.5446162],[10.2292597,45.5446676],[10.2292068,45.5446803],[10.2292262,45.544739],[10.2292016,45.5447906],[10.2291061,45.5448141]]]},"properties":{"site":"brescia","name":null,"category":"other","historic":null,"building":"yes","osm_id":256768873}},{"type":"Feature","geometry":{"type":"Polygon","coordinates":[[[10.2292698,45.5448615],[10.2293187,45.5447631],[10.229445,45.5447938],[10.2294312,45.5448217],[10.2295463,45.5448498],[10.2294953,45.5449524],[10.2294023,45.5449297],[10.2294182,45.5448977],[10.2292698,45.5448615]]]},"properties":{"site":"brescia","name":null,"category":"other","historic":null,"building":"yes","osm_id":256768874}},{"type":"Feature","geometry":{"type":"Polygon","coordinates":[[[10.2274559,45.5467506],[10.2276744,45.5467015],[10.2278042,45.5469842],[10.2275844,45.5470337],[10.2275379,45.5469322],[10.2276129,45.5469154],[10.2275696,45.546821],[10.2274958,45.5468377],[10.2274559,45.5467506]]]},"properties":{"site":"brescia","name":null,"category":"other","historic":null,"building":"yes","osm_id":256768875}},{"type":"Feature","geometry":{"type":"Polygon","coordinates":[[[10.228233,45.5453713],[10.2287423,45.5452598],[10.2287668,45.5453181],[10.2286958,45.5454731],[10.2285907,45.5454499],[10.2285974,45.5454168],[10.2284304,45.545448],[10.2284596,45.5455177],[10.2283163,45.5455466],[10.228233,45.5453713]]]},"properties":{"site":"brescia","name":null,"category":"other","historic":null,"building":"apartments","osm_id":256768876}},{"type":"Feature","geometry":{"type":"Polygon","coordinates":[[[10.2291815,45.5455614],[10.2292582,45.5454083],[10.2294191,45.5454479],[10.2293425,45.5456009],[10.2291815,45.5455614]]]},"properties":{"site":"brescia","name":null,"category":"other","historic":null,"building":"yes","osm_id":256774730}},{"type":"Feature","geometry":{"type":"Polygon","coordinates":[[[10.2289364,45.5465856],[10.2289792,45.5464558],[10.2287749,45.5464219],[10.2287321,45.5465531],[10.2289364,45.5465856]]]},"properties":{"site":"brescia","name":null,"category":"other","historic":null,"building":"yes","osm_id":256774731}},{"type":"Feature","geometry":{"type":"Polygon","coordinates":[[[10.2287157,45.545666],[10.2287737,45.5455403],[10.2289887,45.545589],[10.2289287,45.5457141],[10.2287157,45.545666]]]},"properties":{"site":"brescia","name":null,"category":"other","historic":null,"building":"yes","osm_id":256774732}},{"type":"Feature","geometry":{"type":"Polygon","coordinates":[[[10.2286696,45.5463089],[10.2287368,45.546172],[10.2290723,45.5462529],[10.2290051,45.5463897],[10.2286696,45.5463089]]]},"properties":{"site":"brescia","name":null,"category":"other","historic":null,"building":"apartments","osm_id":256774733}},{"type":"Feature","geometry":{"type":"Polygon","coordinates":[[[10.219232,45.5414832],[10.2191725,45.5412725],[10.2193368,45.5412629],[10.219339,45.5412871],[10.2193428,45.5413274],[10.2193464,45.5413664],[10.2193533,45.5414404],[10.2193561,45.5414715],[10.219232,45.5414832]]]},"properties":{"site":"brescia","name":null,"category":"other","historic":null,"building":"apartments","osm_id":256774734}},{"type":"Feature","geometry":{"type":"Polygon","coordinates":[[[10.2290952,45.5455448],[10.2288043,45.545474],[10.2288655,45.5453411],[10.2291584,45.5454125],[10.2290952,45.5455448]]]},"properties":{"site":"brescia","name":null,"category":"other","historic":null,"building":"yes","osm_id":256774735}},{"type":"Feature","geometry":{"type":"Polygon","coordinates":[[[10.2284541,45.5464925],[10.2284869,45.5463875],[10.2286646,45.5464148],[10.2286318,45.5465197],[10.2284541,45.5464925]]]},"properties":{"site":"brescia","name":null,"category":"other","historic":null,"building":"yes","osm_id":256774736}},{"type":"Feature","geometry":{"type":"Polygon","coordinates":[[[10.2291368,45.5457826],[10.2292123,45.5456308],[10.2293718,45.5456697],[10.2292963,45.5458215],[10.2291368,45.5457826]]]},"properties":{"site":"brescia","name":null,"category":"other","historic":null,"building":"yes","osm_id":256774737}},{"type":"Feature","geometry":{"type":"Polygon","coordinates":[[[10.2289896,45.5460834],[10.2290665,45.5459309],[10.2292183,45.5459684],[10.2291414,45.5461209],[10.2289896,45.5460834]]]},"properties":{"site":"brescia","name":null,"category":"other","historic":null,"building":"apartments","osm_id":256774738}},{"type":"Feature","geometry":{"type":"Polygon","coordinates":[[[10.2280143,45.5461478],[10.2281671,45.5461118],[10.2282118,45.546203],[10.2281791,45.5462109],[10.228204,45.5462617],[10.2280839,45.5462906],[10.2280143,45.5461478]]]},"properties":{"site":"brescia","name":null,"category":"other","historic":null,"building":"apartments","osm_id":256774739}},{"type":"Feature","geometry":{"type":"Polygon","coordinates":[[[10.2285745,45.5459723],[10.2286544,45.545799],[10.2287803,45.5458271],[10.2287486,45.5458965],[10.2288842,45.5459267],[10.2288368,45.5460309],[10.2285745,45.5459723]]]},"properties":{"site":"brescia","name":null,"category":"other","historic":null,"building":"apartments","osm_id":256774740}},{"type":"Feature","geometry":{"type":"Polygon","coordinates":[[[10.2191633,45.5412227],[10.2191009,45.5408018],[10.2192735,45.5407953],[10.219339,45.5407989],[10.2193274,45.5409453],[10.2193244,45.5409839],[10.2193211,45.5410381],[10.2193185,45.54108],[10.2193153,45.5411335],[10.2193126,45.5411776],[10.2193101,45.5412188],[10.2191633,45.5412227]]]},"properties":{"site":"brescia","name":null,"category":"other","historic":null,"building":"apartments","osm_id":256774741}},{"type":"Feature","geometry":{"type":"Polygon","coordinates":[[[10.2281306,45.5463264],[10.2282522,45.5463019],[10.2282917,45.5463695],[10.2284176,45.5463904],[10.2283793,45.546502],[10.2282037,45.5464777],[10.2281624,45.5464568],[10.2281174,45.5463646],[10.2281444,45.5463607],[10.2281306,45.5463264]]]},"properties":{"site":"brescia","name":null,"category":"other","historic":null,"building":"apartments","osm_id":256774742}},{"type":"Feature","geometry":{"type":"Polygon","coordinates":[[[10.2283322,45.5461914],[10.2282843,45.5460866],[10.2284372,45.546048],[10.2286077,45.5460953],[10.2285224,45.5462737],[10.2283956,45.5462409],[10.2284205,45.5461987],[10.2283322,45.5461914]]]},"properties":{"site":"brescia","name":null,"category":"other","historic":null,"building":"apartments","osm_id":256774743}},{"type":"Feature","geometry":{"type":"Polygon","coordinates":[[[10.2301058,45.5441635],[10.2301259,45.5441262],[10.2301739,45.5440367],[10.2302029,45.5439827],[10.2300365,45.5439388],[10.2300085,45.5439911],[10.2299599,45.5440815],[10.2299394,45.5441197],[10.2301058,45.5441635]]]},"properties":{"site":"brescia","name":null,"category":"other","historic":null,"building":"roof","osm_id":256778348}},{"type":"Feature","geometry":{"type":"Polygon","coordinates":[[[10.2218213,45.5468581],[10.2221398,45.5467886],[10.2221623,45.5468346],[10.2221903,45.5468973],[10.2220773,45.5469214],[10.2221244,45.5470268],[10.222001,45.5470538],[10.2219682,45.5469805],[10.2220042,45.5469726],[10.2219894,45.5469395],[10.2218694,45.5469658],[10.2218213,45.5468581]]]},"properties":{"site":"brescia","name":null,"category":"other","historic":null,"building":"yes","osm_id":256781166}},{"type":"Feature","geometry":{"type":"Polygon","coordinates":[[[10.2231715,45.5471977],[10.2233514,45.5475683],[10.223189,45.5476053],[10.2231128,45.547444],[10.2232126,45.5474229],[10.2232014,45.5473997],[10.2231562,45.5474088],[10.2230679,45.5472215],[10.2231715,45.5471977]]]},"properties":{"site":"brescia","name":null,"category":"other","historic":null,"building":"yes","osm_id":256781167}},{"type":"Feature","geometry":{"type":"Polygon","coordinates":[[[10.223058,45.5470455],[10.2229546,45.5470677],[10.2230019,45.5471759],[10.2231054,45.5471537],[10.223058,45.5470455]]]},"properties":{"site":"brescia","name":null,"category":"other","historic":null,"building":"yes","osm_id":256781168}},{"type":"Feature","geometry":{"type":"Polygon","coordinates":[[[10.2229199,45.5469829],[10.2228857,45.5468991],[10.2230138,45.5468727],[10.223054,45.5469555],[10.2229199,45.5469829]]]},"properties":{"site":"brescia","name":null,"category":"other","historic":null,"building":"yes","osm_id":256781170}},{"type":"Feature","geometry":{"type":"Polygon","coordinates":[[[10.2228998,45.5466378],[10.2227783,45.546667],[10.2228458,45.5468068],[10.2229687,45.5467798],[10.2228998,45.5466378]]]},"properties":{"site":"brescia","name":null,"category":"other","historic":null,"building":"yes","osm_id":256781171}},{"type":"Feature","geometry":{"type":"Polygon","coordinates":[[[10.2224082,45.5473322],[10.2229726,45.5472061],[10.2228607,45.546965],[10.222295,45.5470937],[10.2223014,45.547113],[10.2224082,45.5473322]]]},"properties":{"site":"brescia","name":null,"category":"other","historic":null,"building":"yes","osm_id":256781172}},{"type":"Feature","geometry":{"type":"Polygon","coordinates":[[[10.2223504,45.5470721],[10.2228639,45.5469578],[10.222814,45.5468435],[10.2222973,45.5469621],[10.2223504,45.5470721]]]},"properties":{"site":"brescia","name":null,"category":"other","historic":null,"building":"yes","osm_id":256781173}},{"type":"Feature","geometry":{"type":"Polygon","coordinates":[[[10.2226559,45.5477267],[10.222613,45.547634],[10.222751,45.5476034],[10.2228862,45.5475714],[10.222933,45.5475614],[10.2229757,45.5476539],[10.2229608,45.5476573],[10.2227559,45.5477039],[10.2226559,45.5477267]]]},"properties":{"site":"brescia","name":null,"category":"other","historic":null,"building":"apartments","osm_id":256781174}},{"type":"Feature","geometry":{"type":"Polygon","coordinates":[[[10.2227187,45.5467236],[10.2226724,45.5466181],[10.2221197,45.5467427],[10.2221398,45.5467886],[10.2221623,45.5468346],[10.2225477,45.5467465],[10.2225534,45.5467593],[10.2227187,45.5467236]]]},"properties":{"site":"brescia","name":null,"category":"other","historic":null,"building":"yes","osm_id":256781175}},{"type":"Feature","geometry":{"type":"Polygon","coordinates":[[[10.222751,45.5476034],[10.2226077,45.5473066],[10.2229898,45.5472162],[10.2230455,45.5473316],[10.2230838,45.547411],[10.2230086,45.5474288],[10.2229681,45.5473447],[10.2227964,45.5473854],[10.2228862,45.5475714],[10.222751,45.5476034]]]},"properties":{"site":"brescia","name":null,"category":"other","historic":null,"building":"yes","osm_id":256781176}},{"type":"Feature","geometry":{"type":"Polygon","coordinates":[[[10.2238074,45.5476877],[10.2237643,45.5476002],[10.2239151,45.5475639],[10.2239581,45.5476513],[10.2238074,45.5476877]]]},"properties":{"site":"brescia","name":null,"category":"other","historic":null,"building":"yes","osm_id":256781832}},{"type":"Feature","geometry":{"type":"Polygon","coordinates":[[[10.2237758,45.547983],[10.2236327,45.5476595],[10.223519,45.5476849],[10.2236773,45.5480052],[10.2237758,45.547983]]]},"properties":{"site":"brescia","name":null,"category":"other","historic":null,"building":"yes","osm_id":256781833}},{"type":"Feature","geometry":{"type":"Polygon","coordinates":[[[10.2239507,45.5478944],[10.2238781,45.5477563],[10.2240374,45.5477152],[10.22411,45.5478532],[10.2239507,45.5478944]]]},"properties":{"site":"brescia","name":null,"category":"other","historic":null,"building":"yes","osm_id":256781840}},{"type":"Feature","geometry":{"type":"Polygon","coordinates":[[[10.2329547,45.546277],[10.2330173,45.5461348],[10.2331227,45.5461575],[10.2332025,45.5459762],[10.233335,45.5460048],[10.2332187,45.5462691],[10.2331099,45.5462456],[10.233078,45.5463181],[10.233025,45.5463067],[10.2330308,45.5462934],[10.2329547,45.546277]]]},"properties":{"site":"brescia","name":null,"category":"other","historic":null,"building":"yes","osm_id":256786538}},{"type":"Feature","geometry":{"type":"Polygon","coordinates":[[[10.2336401,45.541654],[10.2337094,45.5416018],[10.2337414,45.5416226],[10.2338473,45.5415428],[10.2338796,45.5415638],[10.233897,45.5415507],[10.2339683,45.5415971],[10.2338509,45.5416856],[10.2338757,45.5417018],[10.2338004,45.5417585],[10.2336401,45.541654]]]},"properties":{"site":"brescia","name":null,"category":"other","historic":null,"building":"apartments","osm_id":256786539}},{"type":"Feature","geometry":{"type":"Polygon","coordinates":[[[10.2305814,45.5449343],[10.2306309,45.5448324],[10.2305984,45.5448246],[10.2306326,45.5447543],[10.2306909,45.5447682],[10.2307146,45.5447195],[10.2307996,45.5447397],[10.2307465,45.5448491],[10.2307651,45.5448535],[10.2307109,45.5449651],[10.2305814,45.5449343]]]},"properties":{"site":"brescia","name":null,"category":"other","historic":null,"building":"yes","osm_id":256786540}},{"type":"Feature","geometry":{"type":"Polygon","coordinates":[[[10.2336951,45.5422227],[10.2335843,45.5421017],[10.2336368,45.5420781],[10.2335891,45.5420261],[10.2338187,45.541923],[10.2338914,45.5420024],[10.2338075,45.5420401],[10.2338391,45.5420746],[10.2337558,45.542112],[10.233824,45.5421864],[10.2337091,45.542238],[10.2336951,45.5422227]]]},"properties":{"site":"brescia","name":null,"category":"other","historic":null,"building":"apartments","osm_id":256786543}},{"type":"Feature","geometry":{"type":"Polygon","coordinates":[[[10.2346796,45.5416786],[10.2345364,45.5415514],[10.2346171,45.5415068],[10.2345771,45.5414713],[10.234662,45.5414244],[10.2346442,45.5414086],[10.2347272,45.5413627],[10.2347561,45.5413884],[10.2348143,45.5413563],[10.234957,45.5414831],[10.2348654,45.5415337],[10.234813,45.5414872],[10.2347657,45.5415133],[10.2347979,45.5415419],[10.2347272,45.541581],[10.2347767,45.541625],[10.2346796,45.5416786]]]},"properties":{"site":"brescia","name":null,"category":"other","historic":null,"building":"yes","osm_id":256786549}},{"type":"Feature","geometry":{"type":"Polygon","coordinates":[[[10.2319374,45.5450344],[10.2319886,45.544894],[10.2321631,45.5449252],[10.2321118,45.5450656],[10.2319374,45.5450344]]]},"properties":{"site":"brescia","name":null,"category":"other","historic":null,"building":"yes","osm_id":256786552}},{"type":"Feature","geometry":{"type":"Polygon","coordinates":[[[10.2335888,45.5440257],[10.2337272,45.5437454],[10.2339182,45.5437916],[10.2337798,45.5440719],[10.2335888,45.5440257]]]},"properties":{"site":"brescia","name":null,"category":"other","historic":null,"building":"yes","osm_id":256786555}},{"type":"Feature","geometry":{"type":"Polygon","coordinates":[[[10.2346527,45.5403085],[10.2345143,45.5402067],[10.2347011,45.5400821],[10.2348395,45.5401839],[10.2346527,45.5403085]]]},"properties":{"site":"brescia","name":null,"category":"other","historic":null,"building":"apartments","osm_id":256786557}},{"type":"Feature","geometry":{"type":"Polygon","coordinates":[[[10.2340919,45.541047],[10.2341684,45.5410165],[10.2341061,45.540981],[10.2343493,45.5407675],[10.2344555,45.5408184],[10.2343896,45.540875],[10.2345201,45.5409497],[10.234145,45.541091],[10.2340919,45.541047]]]},"properties":{"site":"brescia","name":null,"category":"other","historic":null,"building":"yes","osm_id":256786561}},{"type":"Feature","geometry":{"type":"Polygon","coordinates":[[[10.2315288,45.5457875],[10.231585,45.5456794],[10.2318851,45.5457558],[10.231829,45.5458639],[10.2315288,45.5457875]]]},"properties":{"site":"brescia","name":null,"category":"other","historic":null,"building":"yes","osm_id":256786563}},{"type":"Feature","geometry":{"type":"Polygon","coordinates":[[[10.2318563,45.5400311],[10.2318652,45.5399658],[10.2318726,45.5399112],[10.2318806,45.5398523],[10.2318846,45.5398228],[10.2320628,45.5398347],[10.2320344,45.540043],[10.2318563,45.5400311]]]},"properties":{"site":"brescia","name":null,"category":"other","historic":null,"building":"apartments","osm_id":256786566}},{"type":"Feature","geometry":{"type":"Polygon","coordinates":[[[10.2317222,45.5418136],[10.2317031,45.5416982],[10.2319815,45.5416755],[10.2320006,45.5417909],[10.2317222,45.5418136]]]},"properties":{"site":"brescia","name":null,"category":"other","historic":null,"building":"apartments","osm_id":256786567}},{"type":"Feature","geometry":{"type":"Polygon","coordinates":[[[10.2350241,45.5414182],[10.2349364,45.5413117],[10.2351049,45.5412436],[10.2351926,45.5413501],[10.2350241,45.5414182]]]},"properties":{"site":"brescia","name":null,"category":"other","historic":null,"building":"yes","osm_id":256786568}},{"type":"Feature","geometry":{"type":"Polygon","coordinates":[[[10.231505,45.54495],[10.2315805,45.5447998],[10.2317636,45.5448449],[10.2316881,45.5449951],[10.231505,45.54495]]]},"properties":{"site":"brescia","name":null,"category":"other","historic":null,"building":"yes","osm_id":256786569}},{"type":"Feature","geometry":{"type":"Polygon","coordinates":[[[10.2298213,45.5456372],[10.2299401,45.54542],[10.2300952,45.5454617],[10.2299764,45.5456788],[10.2298213,45.5456372]]]},"properties":{"site":"brescia","name":null,"category":"other","historic":null,"building":"apartments","osm_id":256786570}},{"type":"Feature","geometry":{"type":"Polygon","coordinates":[[[10.2320554,45.5461471],[10.2320766,45.5460316],[10.2323248,45.546054],[10.2323035,45.5461695],[10.2320554,45.5461471]]]},"properties":{"site":"brescia","name":null,"category":"other","historic":null,"building":"yes","osm_id":256786576}},{"type":"Feature","geometry":{"type":"Polygon","coordinates":[[[10.2344756,45.5425512],[10.2345842,45.5426523],[10.2347332,45.5425618],[10.234627,45.5424657],[10.2344756,45.5425512]]]},"properties":{"site":"brescia","name":null,"category":"other","historic":null,"building":"yes","osm_id":256786577}},{"type":"Feature","geometry":{"type":"Polygon","coordinates":[[[10.2315463,45.5460588],[10.231628,45.5459001],[10.2318396,45.5459535],[10.2317579,45.5461122],[10.2315463,45.5460588]]]},"properties":{"site":"brescia","name":null,"category":"other","historic":null,"building":"yes","osm_id":256786580}},{"type":"Feature","geometry":{"type":"Polygon","coordinates":[[[10.2321427,45.5400592],[10.2322212,45.5399418],[10.2324533,45.540018],[10.2323748,45.5401354],[10.2321427,45.5400592]]]},"properties":{"site":"brescia","name":null,"category":"other","historic":null,"building":"apartments","osm_id":256786581}},{"type":"Feature","geometry":{"type":"Polygon","coordinates":[[[10.2318211,45.5403827],[10.2318407,45.5401411],[10.2320293,45.5401486],[10.2320097,45.5403902],[10.2318211,45.5403827]]]},"properties":{"site":"brescia","name":null,"category":"other","historic":null,"building":"apartments","osm_id":256786583}},{"type":"Feature","geometry":{"type":"Polygon","coordinates":[[[10.2307015,45.5465023],[10.230773,45.5463594],[10.2309575,45.5464047],[10.230886,45.5465476],[10.2307015,45.5465023]]]},"properties":{"site":"brescia","name":null,"category":"other","historic":null,"building":"house","osm_id":256786584}},{"type":"Feature","geometry":{"type":"Polygon","coordinates":[[[10.233601,45.5465328],[10.2337002,45.5463888],[10.2338592,45.5464426],[10.23376,45.5465865],[10.233601,45.5465328]]]},"properties":{"site":"brescia","name":null,"category":"other","historic":null,"building":"yes","osm_id":256786585}},{"type":"Feature","geometry":{"type":"Polygon","coordinates":[[[10.2312088,45.5448953],[10.2312769,45.5447668],[10.2314575,45.5448137],[10.2313894,45.5449423],[10.2312088,45.5448953]]]},"properties":{"site":"brescia","name":null,"category":"other","historic":null,"building":"yes","osm_id":256786587}},{"type":"Feature","geometry":{"type":"Polygon","coordinates":[[[10.230002,45.5453033],[10.2301056,45.5451097],[10.2302657,45.5451518],[10.230162,45.5453454],[10.230002,45.5453033]]]},"properties":{"site":"brescia","name":null,"category":"other","historic":null,"building":"yes","osm_id":256786589}},{"type":"Feature","geometry":{"type":"Polygon","coordinates":[[[10.2313014,45.5462314],[10.2313579,45.5461331],[10.2315236,45.5461798],[10.231467,45.5462781],[10.2313014,45.5462314]]]},"properties":{"site":"brescia","name":null,"category":"other","historic":null,"building":"yes","osm_id":256786590}},{"type":"Feature","geometry":{"type":"Polygon","coordinates":[[[10.230535,45.5454146],[10.2306277,45.5452368],[10.230822,45.5452865],[10.2307293,45.5454643],[10.230535,45.5454146]]]},"properties":{"site":"brescia","name":null,"category":"other","historic":null,"building":"yes","osm_id":256786592}},{"type":"Feature","geometry":{"type":"Polygon","coordinates":[[[10.231922,45.5464394],[10.231954,45.5463245],[10.2321005,45.5463446],[10.2320685,45.5464594],[10.231922,45.5464394]]]},"properties":{"site":"brescia","name":null,"category":"other","historic":null,"building":"yes","osm_id":256786593}},{"type":"Feature","geometry":{"type":"Polygon","coordinates":[[[10.2313579,45.545205],[10.231409,45.5451114],[10.2316131,45.5451661],[10.2315619,45.5452597],[10.2313579,45.545205]]]},"properties":{"site":"brescia","name":null,"category":"other","historic":null,"building":"yes","osm_id":256786594}},{"type":"Feature","geometry":{"type":"Polygon","coordinates":[[[10.2333542,45.5452533],[10.2333961,45.5451436],[10.2335976,45.5451813],[10.2335557,45.545291],[10.2333542,45.5452533]]]},"properties":{"site":"brescia","name":null,"category":"other","historic":null,"building":"yes","osm_id":256786596}},{"type":"Feature","geometry":{"type":"Polygon","coordinates":[[[10.2325262,45.5461867],[10.2325472,45.5460857],[10.2327532,45.5461067],[10.2327322,45.5462077],[10.2325262,45.5461867]]]},"properties":{"site":"brescia","name":null,"category":"other","historic":null,"building":"yes","osm_id":256786600}},{"type":"Feature","geometry":{"type":"Polygon","coordinates":[[[10.2300666,45.5463607],[10.2301536,45.5461868],[10.2303834,45.5462432],[10.2302964,45.5464171],[10.2300666,45.5463607]]]},"properties":{"site":"brescia","name":null,"category":"other","historic":null,"building":"house","osm_id":256786608}},{"type":"Feature","geometry":{"type":"Polygon","coordinates":[[[10.2321493,45.5455641],[10.2321854,45.5454165],[10.2323413,45.5454352],[10.2323052,45.5455828],[10.2321493,45.5455641]]]},"properties":{"site":"brescia","name":null,"category":"other","historic":null,"building":"yes","osm_id":256786610}},{"type":"Feature","geometry":{"type":"Polygon","coordinates":[[[10.2332227,45.5423882],[10.2331934,45.5422553],[10.2332897,45.5422449],[10.2332944,45.5422661],[10.2333895,45.5422559],[10.2333972,45.5422906],[10.2334239,45.5422878],[10.2334408,45.5423646],[10.2333721,45.542372],[10.2333745,45.5423828],[10.2333009,45.5423907],[10.2332985,45.54238],[10.2332227,45.5423882]]]},"properties":{"site":"brescia","name":null,"category":"other","historic":null,"building":"house","osm_id":256786613}},{"type":"Feature","geometry":{"type":"Polygon","coordinates":[[[10.2303994,45.5464257],[10.230467,45.5462834],[10.2306651,45.5463295],[10.2305976,45.5464718],[10.2303994,45.5464257]]]},"properties":{"site":"brescia","name":null,"category":"other","historic":null,"building":"house","osm_id":256786614}},{"type":"Feature","geometry":{"type":"Polygon","coordinates":[[[10.2342589,45.5417077],[10.2344566,45.5415834],[10.2345959,45.5416921],[10.2343982,45.5418164],[10.2342589,45.5417077]]]},"properties":{"site":"brescia","name":"Villa Ornella","category":"villa","historic":null,"building":"house","osm_id":256786616}},{"type":"Feature","geometry":{"type":"Polygon","coordinates":[[[10.2330861,45.5457267],[10.2331246,45.5455925],[10.2333,45.5456172],[10.2332615,45.5457513],[10.2330861,45.5457267]]]},"properties":{"site":"brescia","name":null,"category":"other","historic":null,"building":"yes","osm_id":256786617}},{"type":"Feature","geometry":{"type":"Polygon","coordinates":[[[10.2326431,45.5401342],[10.2327675,45.539936],[10.2329521,45.5399928],[10.2328277,45.5401911],[10.2326431,45.5401342]]]},"properties":{"site":"brescia","name":null,"category":"other","historic":null,"building":"apartments","osm_id":256786618}},{"type":"Feature","geometry":{"type":"Polygon","coordinates":[[[10.2328864,45.5419431],[10.2328959,45.5419059],[10.2328677,45.5419024],[10.2328827,45.5418436],[10.2330327,45.5418623],[10.2330083,45.5419583],[10.2328864,45.5419431]]]},"properties":{"site":"brescia","name":null,"category":"other","historic":null,"building":"yes","osm_id":256786619}},{"type":"Feature","geometry":{"type":"Polygon","coordinates":[[[10.2334756,45.545035],[10.2334835,45.5448859],[10.2336757,45.5448909],[10.2336678,45.5450401],[10.2334756,45.545035]]]},"properties":{"site":"brescia","name":null,"category":"other","historic":null,"building":"yes","osm_id":256786620}},{"type":"Feature","geometry":{"type":"Polygon","coordinates":[[[10.2319119,45.5434565],[10.2319647,45.5432943],[10.2321449,45.5433231],[10.2320921,45.5434853],[10.2319119,45.5434565]]]},"properties":{"site":"brescia","name":null,"category":"other","historic":null,"building":"yes","osm_id":256786624}},{"type":"Feature","geometry":{"type":"Polygon","coordinates":[[[10.2317381,45.5455173],[10.2318178,45.5453743],[10.231974,45.545417],[10.2318942,45.54556],[10.2317381,45.5455173]]]},"properties":{"site":"brescia","name":null,"category":"other","historic":null,"building":"yes","osm_id":256786627}},{"type":"Feature","geometry":{"type":"Polygon","coordinates":[[[10.2343814,45.541323],[10.2342577,45.5411874],[10.2344211,45.5411143],[10.2345448,45.5412499],[10.2343814,45.541323]]]},"properties":{"site":"brescia","name":null,"category":"other","historic":null,"building":"yes","osm_id":256786630}},{"type":"Feature","geometry":{"type":"Polygon","coordinates":[[[10.2333506,45.5454287],[10.2333972,45.5453188],[10.233585,45.5453579],[10.2335383,45.5454679],[10.2333506,45.5454287]]]},"properties":{"site":"brescia","name":null,"category":"other","historic":null,"building":"yes","osm_id":256786631}},{"type":"Feature","geometry":{"type":"Polygon","coordinates":[[[10.2304699,45.5461827],[10.2305345,45.546069],[10.2307762,45.5461364],[10.2307116,45.5462501],[10.2304699,45.5461827]]]},"properties":{"site":"brescia","name":null,"category":"other","historic":null,"building":"house","osm_id":256786633}},{"type":"Feature","geometry":{"type":"Polygon","coordinates":[[[10.2341163,45.5413337],[10.2342535,45.5414837],[10.2343858,45.5414243],[10.2342486,45.5412744],[10.2341163,45.5413337]]]},"properties":{"site":"brescia","name":null,"category":"other","historic":null,"building":"apartments","osm_id":256786636}},{"type":"Feature","geometry":{"type":"Polygon","coordinates":[[[10.2325132,45.5457243],[10.2325321,45.5456171],[10.2326924,45.5456309],[10.2326735,45.5457381],[10.2325132,45.5457243]]]},"properties":{"site":"brescia","name":null,"category":"other","historic":null,"building":"yes","osm_id":256786637}},{"type":"Feature","geometry":{"type":"Polygon","coordinates":[[[10.2311391,45.5465408],[10.2312114,45.5463867],[10.2314056,45.5464314],[10.2313332,45.5465855],[10.2311391,45.5465408]]]},"properties":{"site":"brescia","name":null,"category":"other","historic":null,"building":"yes","osm_id":256786640}},{"type":"Feature","geometry":{"type":"Polygon","coordinates":[[[10.2302075,45.5448472],[10.2303423,45.5445916],[10.2305175,45.5446369],[10.2303827,45.5448925],[10.2302075,45.5448472]]]},"properties":{"site":"brescia","name":null,"category":"other","historic":null,"building":"yes","osm_id":256786644}},{"type":"Feature","geometry":{"type":"Polygon","coordinates":[[[10.2325721,45.5404513],[10.2325877,45.5402921],[10.2327636,45.5403005],[10.232748,45.5404597],[10.2325721,45.5404513]]]},"properties":{"site":"brescia","name":null,"category":"other","historic":null,"building":"apartments","osm_id":256786646}},{"type":"Feature","geometry":{"type":"Polygon","coordinates":[[[10.2322974,45.5404205],[10.2323111,45.5402765],[10.2321116,45.5402672],[10.2320979,45.5404112],[10.2322974,45.5404205]]]},"properties":{"site":"brescia","name":null,"category":"other","historic":null,"building":"apartments","osm_id":256786648}},{"type":"Feature","geometry":{"type":"Polygon","coordinates":[[[10.2335676,45.5396921],[10.2335351,45.5395937],[10.2337463,45.5395585],[10.2337809,45.5396579],[10.2335676,45.5396921]]]},"properties":{"site":"brescia","name":null,"category":"other","historic":null,"building":"apartments","osm_id":256786649}},{"type":"Feature","geometry":{"type":"Polygon","coordinates":[[[10.233213,45.5419426],[10.2331734,45.5418223],[10.2334307,45.5417808],[10.2334703,45.5419011],[10.233213,45.5419426]]]},"properties":{"site":"brescia","name":null,"category":"other","historic":null,"building":"apartments","osm_id":256786650}},{"type":"Feature","geometry":{"type":"Polygon","coordinates":[[[10.2342278,45.5419989],[10.2341069,45.5418955],[10.2342367,45.5418211],[10.2343575,45.5419246],[10.2342278,45.5419989]]]},"properties":{"site":"brescia","name":null,"category":"other","historic":null,"building":"yes","osm_id":256786653}},{"type":"Feature","geometry":{"type":"Polygon","coordinates":[[[10.2302102,45.5461164],[10.2302673,45.5460103],[10.2304757,45.5460653],[10.2304186,45.5461714],[10.2302102,45.5461164]]]},"properties":{"site":"brescia","name":null,"category":"other","historic":null,"building":"house","osm_id":256786655}},{"type":"Feature","geometry":{"type":"Polygon","coordinates":[[[10.2304162,45.5457918],[10.2305083,45.5456175],[10.2306698,45.5456593],[10.2305777,45.5458336],[10.2304162,45.5457918]]]},"properties":{"site":"brescia","name":null,"category":"other","historic":null,"building":"yes","osm_id":256786656}},{"type":"Feature","geometry":{"type":"Polygon","coordinates":[[[10.2322312,45.5453068],[10.2322825,45.5451842],[10.2324273,45.5452139],[10.2323761,45.5453365],[10.2322312,45.5453068]]]},"properties":{"site":"brescia","name":null,"category":"other","historic":null,"building":"yes","osm_id":256786657}},{"type":"Feature","geometry":{"type":"Polygon","coordinates":[[[10.2328896,45.5453457],[10.2328948,45.5451604],[10.2330612,45.5451627],[10.233056,45.545348],[10.2328896,45.5453457]]]},"properties":{"site":"brescia","name":null,"category":"other","historic":null,"building":"yes","osm_id":256786658}},{"type":"Feature","geometry":{"type":"Polygon","coordinates":[[[10.2308508,45.5462744],[10.2309123,45.5461543],[10.2310658,45.5461928],[10.2310043,45.546313],[10.2308508,45.5462744]]]},"properties":{"site":"brescia","name":null,"category":"other","historic":null,"building":"house","osm_id":256786659}},{"type":"Feature","geometry":{"type":"Polygon","coordinates":[[[10.2317298,45.5446549],[10.231764,45.5444711],[10.2319398,45.5444871],[10.2319056,45.544671],[10.2317298,45.5446549]]]},"properties":{"site":"brescia","name":null,"category":"other","historic":null,"building":"yes","osm_id":256786661}},{"type":"Feature","geometry":{"type":"Polygon","coordinates":[[[10.233517,45.5407257],[10.2336326,45.5405306],[10.2337684,45.54057],[10.2336528,45.5407652],[10.233517,45.5407257]]]},"properties":{"site":"brescia","name":null,"category":"other","historic":null,"building":"yes","osm_id":256786663}},{"type":"Feature","geometry":{"type":"Polygon","coordinates":[[[10.2333271,45.5463891],[10.2334248,45.5462138],[10.2335397,45.5462452],[10.2334999,45.5463167],[10.2335256,45.5463237],[10.233476,45.5464129],[10.2334424,45.5464037],[10.2334343,45.5464184],[10.2333271,45.5463891]]]},"properties":{"site":"brescia","name":null,"category":"other","historic":null,"building":"house","osm_id":256786665}},{"type":"Feature","geometry":{"type":"Polygon","coordinates":[[[10.2348738,45.542493],[10.2347491,45.5424017],[10.2348574,45.5423292],[10.2349821,45.5424204],[10.2348738,45.542493]]]},"properties":{"site":"brescia","name":null,"category":"other","historic":null,"building":"yes","osm_id":256786666}},{"type":"Feature","geometry":{"type":"Polygon","coordinates":[[[10.2337631,45.5407259],[10.23388,45.5405687],[10.2340792,45.5406414],[10.2339623,45.5407986],[10.2337631,45.5407259]]]},"properties":{"site":"brescia","name":null,"category":"other","historic":null,"building":"yes","osm_id":256786669}},{"type":"Feature","geometry":{"type":"Polygon","coordinates":[[[10.231945,45.5397733],[10.2320886,45.5395587],[10.2322448,45.53961],[10.2321011,45.5398246],[10.231945,45.5397733]]]},"properties":{"site":"brescia","name":null,"category":"other","historic":null,"building":"apartments","osm_id":256786671}},{"type":"Feature","geometry":{"type":"Polygon","coordinates":[[[10.2311746,45.5456126],[10.2313018,45.5453894],[10.2314595,45.5454336],[10.2313323,45.5456567],[10.2311746,45.5456126]]]},"properties":{"site":"brescia","name":null,"category":"other","historic":null,"building":"yes","osm_id":256786676}},{"type":"Feature","geometry":{"type":"Polygon","coordinates":[[[10.232821,45.5415453],[10.2328571,45.5414412],[10.2330585,45.5414754],[10.2330383,45.5415337],[10.232991,45.5415257],[10.2329751,45.5415715],[10.232821,45.5415453]]]},"properties":{"site":"brescia","name":null,"category":"other","historic":null,"building":"apartments","osm_id":256786677}},{"type":"Feature","geometry":{"type":"Polygon","coordinates":[[[10.2329584,45.5460888],[10.2330301,45.5459387],[10.2331614,45.5459695],[10.2330898,45.5461196],[10.2329584,45.5460888]]]},"properties":{"site":"brescia","name":null,"category":"other","historic":null,"building":"yes","osm_id":256786678}},{"type":"Feature","geometry":{"type":"Polygon","coordinates":[[[10.2325535,45.5419575],[10.2325552,45.5418152],[10.2327218,45.5418162],[10.23272,45.5419584],[10.2325535,45.5419575]]]},"properties":{"site":"brescia","name":null,"category":"other","historic":null,"building":"yes","osm_id":256786679}},{"type":"Feature","geometry":{"type":"Polygon","coordinates":[[[10.2330872,45.5408268],[10.2331592,45.5407189],[10.2333659,45.5407866],[10.2332938,45.5408945],[10.2330872,45.5408268]]]},"properties":{"site":"brescia","name":null,"category":"other","historic":null,"building":"apartments","osm_id":256786680}},{"type":"Feature","geometry":{"type":"Polygon","coordinates":[[[10.2335941,45.5424304],[10.2335796,45.542337],[10.2337222,45.5423288],[10.2337365,45.5424099],[10.2337103,45.5424237],[10.2335941,45.5424304]]]},"properties":{"site":"brescia","name":null,"category":"other","historic":null,"building":"yes","osm_id":256786681}},{"type":"Feature","geometry":{"type":"Polygon","coordinates":[[[10.23194,45.5466869],[10.2319461,45.546614],[10.2321725,45.5465822],[10.2321998,45.5466779],[10.2320312,45.5467034],[10.23194,45.5466869]]]},"properties":{"site":"brescia","name":null,"category":"other","historic":null,"building":"yes","osm_id":256786682}},{"type":"Feature","geometry":{"type":"Polygon","coordinates":[[[10.2334436,45.5458252],[10.2334857,45.5457457],[10.2335989,45.5457751],[10.2336403,45.5456967],[10.2337883,45.5457352],[10.2337048,45.545893],[10.2334436,45.5458252]]]},"properties":{"site":"brescia","name":null,"category":"other","historic":null,"building":"yes","osm_id":256786684}},{"type":"Feature","geometry":{"type":"Polygon","coordinates":[[[10.2324054,45.5442676],[10.2323925,45.5441487],[10.2325487,45.5441405],[10.2325363,45.5440257],[10.2327076,45.5440166],[10.2327328,45.5442503],[10.2324054,45.5442676]]]},"properties":{"site":"brescia","name":null,"category":"other","historic":null,"building":"yes","osm_id":256786693}},{"type":"Feature","geometry":{"type":"Polygon","coordinates":[[[10.2308302,45.5449692],[10.2309146,45.544812],[10.2310873,45.5448575],[10.2310287,45.5449668],[10.2309964,45.5449583],[10.2309707,45.5450062],[10.2308302,45.5449692]]]},"properties":{"site":"brescia","name":null,"category":"other","historic":null,"building":"yes","osm_id":256786697}},{"type":"Feature","geometry":{"type":"Polygon","coordinates":[[[10.2339607,45.5470812],[10.233951,45.5468629],[10.2341164,45.5468593],[10.2341224,45.5469948],[10.2340397,45.5469966],[10.2340434,45.5470794],[10.2339607,45.5470812]]]},"properties":{"site":"brescia","name":"Cascina Moretti","category":"other","historic":null,"building":"house","osm_id":256786698}},{"type":"Feature","geometry":{"type":"Polygon","coordinates":[[[10.2338671,45.5460709],[10.2338845,45.5460194],[10.2338486,45.5460135],[10.233915,45.545817],[10.2340688,45.5458425],[10.234012,45.5460106],[10.2340668,45.5460197],[10.2340398,45.5460995],[10.2338671,45.5460709]]]},"properties":{"site":"brescia","name":null,"category":"other","historic":null,"building":"yes","osm_id":256786699}},{"type":"Feature","geometry":{"type":"Polygon","coordinates":[[[10.2344162,45.5455464],[10.2344169,45.5454587],[10.2346513,45.5454596],[10.2346525,45.5453211],[10.23476,45.5453216],[10.234758,45.5455478],[10.2344162,45.5455464]]]},"properties":{"site":"brescia","name":null,"category":"other","historic":null,"building":"yes","osm_id":256786704}},{"type":"Feature","geometry":{"type":"Polygon","coordinates":[[[10.2310838,45.5451025],[10.2311465,45.5449899],[10.2313437,45.5450437],[10.2312715,45.5451734],[10.2311203,45.5451322],[10.2311298,45.5451151],[10.2310838,45.5451025]]]},"properties":{"site":"brescia","name":null,"category":"other","historic":null,"building":"yes","osm_id":256786707}},{"type":"Feature","geometry":{"type":"Polygon","coordinates":[[[10.2344316,45.5464575],[10.2343808,45.5463592],[10.2346164,45.5462994],[10.2346449,45.5463545],[10.2345708,45.5463733],[10.2345931,45.5464166],[10.2344316,45.5464575]]]},"properties":{"site":"brescia","name":null,"category":"other","historic":null,"building":"house","osm_id":256786712}},{"type":"Feature","geometry":{"type":"Polygon","coordinates":[[[10.2327757,45.5450515],[10.232779,45.5449503],[10.2328833,45.544952],[10.2328854,45.5448903],[10.2329713,45.5448917],[10.2329659,45.5450546],[10.2327757,45.5450515]]]},"properties":{"site":"brescia","name":null,"category":"other","historic":null,"building":"yes","osm_id":256786715}},{"type":"Feature","geometry":{"type":"Polygon","coordinates":[[[10.2341517,45.5399673],[10.2340931,45.5398851],[10.2341548,45.5398635],[10.2341236,45.5398198],[10.2343051,45.5397563],[10.2343949,45.5398822],[10.2341517,45.5399673]]]},"properties":{"site":"brescia","name":null,"category":"other","historic":null,"building":"yes","osm_id":256786718}},{"type":"Feature","geometry":{"type":"Polygon","coordinates":[[[10.2337362,45.5453002],[10.233716,45.5452193],[10.2338135,45.5451714],[10.2338998,45.5451628],[10.2339491,45.5451871],[10.2340265,45.5452178],[10.2339637,45.5452751],[10.2337362,45.5453002]]]},"properties":{"site":"brescia","name":null,"category":"other","historic":null,"building":"yes","osm_id":256786720}},{"type":"Feature","geometry":{"type":"Polygon","coordinates":[[[10.2309877,45.5459722],[10.2310709,45.5457915],[10.2311448,45.5458082],[10.2311772,45.5457378],[10.2312753,45.54576],[10.2311544,45.5460226],[10.2310228,45.5459929],[10.2310281,45.5459814],[10.2309877,45.5459722]]]},"properties":{"site":"brescia","name":null,"category":"other","historic":null,"building":"yes","osm_id":256786723}},{"type":"Feature","geometry":{"type":"Polygon","coordinates":[[[10.2340349,45.5455102],[10.23403,45.5453593],[10.2342354,45.545356],[10.2342398,45.5454883],[10.2341749,45.5454893],[10.234177,45.5455533],[10.234055,45.5455552],[10.2340536,45.5455099],[10.2340349,45.5455102]]]},"properties":{"site":"brescia","name":null,"category":"other","historic":null,"building":"yes","osm_id":256786725}},{"type":"Feature","geometry":{"type":"Polygon","coordinates":[[[10.2352276,45.5420959],[10.2353462,45.542223],[10.2354857,45.5421592],[10.2355335,45.5422104],[10.23564,45.5421617],[10.2355737,45.5420906],[10.235529,45.5421111],[10.2354289,45.5420038],[10.2352276,45.5420959]]]},"properties":{"site":"brescia","name":null,"category":"other","historic":null,"building":"yes","osm_id":256786726}},{"type":"Feature","geometry":{"type":"Polygon","coordinates":[[[10.2317881,45.545298],[10.2318791,45.5451457],[10.2320203,45.5451871],[10.2320038,45.5452148],[10.2320647,45.5452326],[10.2319731,45.5453862],[10.2318916,45.5453623],[10.2319089,45.5453334],[10.2317881,45.545298]]]},"properties":{"site":"brescia","name":null,"category":"other","historic":null,"building":"yes","osm_id":256786729}},{"type":"Feature","geometry":{"type":"Polygon","coordinates":[[[10.2315591,45.5464733],[10.231581,45.5464285],[10.2315386,45.5464183],[10.2315941,45.5463045],[10.2317413,45.5463398],[10.231692,45.5464407],[10.2317158,45.5464464],[10.2316877,45.5465041],[10.2315591,45.5464733]]]},"properties":{"site":"brescia","name":null,"category":"other","historic":null,"building":"yes","osm_id":256786730}},{"type":"Feature","geometry":{"type":"Polygon","coordinates":[[[10.2322607,45.5446409],[10.2323101,45.5444588],[10.232486,45.5444863],[10.2324401,45.5446707],[10.2323952,45.5446613],[10.2323789,45.5446923],[10.232305,45.5446672],[10.2323145,45.5446535],[10.2322607,45.5446409]]]},"properties":{"site":"brescia","name":null,"category":"other","historic":null,"building":"yes","osm_id":256786732}},{"type":"Feature","geometry":{"type":"Polygon","coordinates":[[[10.2324531,45.5394225],[10.2324445,45.5392495],[10.2323485,45.5392518],[10.2323419,45.5391201],[10.2327169,45.5391109],[10.2327234,45.5392413],[10.2326188,45.5392439],[10.2326276,45.5394182],[10.2324531,45.5394225]]]},"properties":{"site":"brescia","name":null,"category":"other","historic":null,"building":"apartments","osm_id":256786733}},{"type":"Feature","geometry":{"type":"Polygon","coordinates":[[[10.2324247,45.5415482],[10.2324344,45.5415004],[10.2325078,45.5415077],[10.2325286,45.5414054],[10.2327431,45.5414267],[10.2327238,45.541522],[10.232627,45.5415124],[10.232616,45.5415672],[10.2324247,45.5415482]]]},"properties":{"site":"brescia","name":null,"category":"other","historic":null,"building":"yes","osm_id":256786734}},{"type":"Feature","geometry":{"type":"Polygon","coordinates":[[[10.2320938,45.5420478],[10.2320855,45.5419395],[10.2322225,45.5419344],[10.2322162,45.5418529],[10.2323614,45.5418475],[10.2323741,45.5420137],[10.2321907,45.5420206],[10.2321924,45.5420441],[10.2320938,45.5420478]]]},"properties":{"site":"brescia","name":null,"category":"other","historic":null,"building":"apartments","osm_id":256786735}},{"type":"Feature","geometry":{"type":"Polygon","coordinates":[[[10.2300635,45.5457194],[10.2301499,45.5455654],[10.230184,45.5455748],[10.2302386,45.5454774],[10.2304197,45.5455272],[10.2303421,45.5456655],[10.2303169,45.5456586],[10.2302535,45.5457717],[10.2300635,45.5457194]]]},"properties":{"site":"brescia","name":null,"category":"other","historic":null,"building":"yes","osm_id":256786736}},{"type":"Feature","geometry":{"type":"Polygon","coordinates":[[[10.2327761,45.544387],[10.2327679,45.5442675],[10.2329253,45.5442623],[10.2329202,45.5441875],[10.2331083,45.5441812],[10.2331194,45.5443435],[10.2330603,45.5443455],[10.2330625,45.5443774],[10.2327761,45.544387]]]},"properties":{"site":"brescia","name":null,"category":"other","historic":null,"building":"yes","osm_id":256786737}},{"type":"Feature","geometry":{"type":"Polygon","coordinates":[[[10.2322564,45.5466721],[10.2322351,45.5466027],[10.2323704,45.5465823],[10.2323561,45.5465355],[10.2324217,45.5465256],[10.2324131,45.5464976],[10.2325722,45.5464737],[10.2326165,45.5466179],[10.2322564,45.5466721]]]},"properties":{"site":"brescia","name":null,"category":"other","historic":null,"building":"yes","osm_id":256786742}},{"type":"Feature","geometry":{"type":"Polygon","coordinates":[[[10.2326851,45.5447243],[10.2326905,45.5445937],[10.2328473,45.5445969],[10.2328457,45.5446375],[10.2329189,45.5446389],[10.232914,45.5447576],[10.2327459,45.5447542],[10.2327471,45.5447255],[10.2326851,45.5447243]]]},"properties":{"site":"brescia","name":null,"category":"other","historic":null,"building":"yes","osm_id":256786743}},{"type":"Feature","geometry":{"type":"Polygon","coordinates":[[[10.2332219,45.5445955],[10.2332293,45.5445586],[10.2331716,45.5445529],[10.2331868,45.5444774],[10.2333542,45.5444939],[10.2333479,45.5445251],[10.2334662,45.5445368],[10.2334499,45.544618],[10.2332219,45.5445955]]]},"properties":{"site":"brescia","name":null,"category":"other","historic":null,"building":"yes","osm_id":256786748}},{"type":"Feature","geometry":{"type":"Polygon","coordinates":[[[10.2326705,45.5389935],[10.2326468,45.5390045],[10.2326068,45.538962],[10.2328169,45.538865],[10.232881,45.5389331],[10.2326947,45.5390191],[10.2326705,45.5389935]]]},"properties":{"site":"brescia","name":null,"category":"other","historic":null,"building":"apartments","osm_id":256787300}},{"type":"Feature","geometry":{"type":"Polygon","coordinates":[[[10.2323353,45.5381114],[10.2322541,45.538019],[10.2324027,45.5379549],[10.2324839,45.5380474],[10.2323353,45.5381114]]]},"properties":{"site":"brescia","name":null,"category":"other","historic":null,"building":"yes","osm_id":256787301}},{"type":"Feature","geometry":{"type":"Polygon","coordinates":[[[10.2332143,45.5391436],[10.2331311,45.539055],[10.2333201,45.5389679],[10.2334033,45.5390566],[10.2332143,45.5391436]]]},"properties":{"site":"brescia","name":null,"category":"other","historic":null,"building":"apartments","osm_id":256787303}},{"type":"Feature","geometry":{"type":"Polygon","coordinates":[[[10.2319053,45.5390299],[10.2319152,45.5388969],[10.2320587,45.5388538],[10.2321299,45.5389673],[10.2319053,45.5390299]]]},"properties":{"site":"brescia","name":null,"category":"other","historic":null,"building":"apartments","osm_id":256787305}},{"type":"Feature","geometry":{"type":"Polygon","coordinates":[[[10.2324065,45.5388834],[10.2323489,45.5387797],[10.23255,45.538725],[10.2326075,45.5388287],[10.2324065,45.5388834]]]},"properties":{"site":"brescia","name":null,"category":"other","historic":null,"building":"apartments","osm_id":256787307}},{"type":"Feature","geometry":{"type":"Polygon","coordinates":[[[10.2321777,45.5389425],[10.2321117,45.5388293],[10.2322577,45.5387875],[10.2323238,45.5389006],[10.2321777,45.5389425]]]},"properties":{"site":"brescia","name":null,"category":"other","historic":null,"building":"apartments","osm_id":256787308}},{"type":"Feature","geometry":{"type":"Polygon","coordinates":[[[10.2328679,45.5391644],[10.2328209,45.5391071],[10.232876,45.5390849],[10.23285,45.5390531],[10.2329819,45.539],[10.233055,45.5390891],[10.2328679,45.5391644]]]},"properties":{"site":"brescia","name":null,"category":"other","historic":null,"building":"apartments","osm_id":256787309}},{"type":"Feature","geometry":{"type":"Polygon","coordinates":[[[10.2320116,45.5381894],[10.2320352,45.5380152],[10.232198,45.5380258],[10.2321779,45.5381767],[10.2321319,45.5381965],[10.2320116,45.5381894]]]},"properties":{"site":"brescia","name":null,"category":"other","historic":null,"building":"apartments","osm_id":256787314}},{"type":"Feature","geometry":{"type":"Polygon","coordinates":[[[10.2330697,45.5385894],[10.2329732,45.5384913],[10.2331043,45.538428],[10.2331763,45.5385012],[10.2331247,45.5385261],[10.2331492,45.538551],[10.2330697,45.5385894]]]},"properties":{"site":"brescia","name":null,"category":"other","historic":null,"building":"house","osm_id":256787315}},{"type":"Feature","geometry":{"type":"Polygon","coordinates":[[[10.2328751,45.5393852],[10.2328619,45.5392108],[10.232937,45.5391961],[10.233024,45.5393031],[10.232941,45.5393419],[10.2329423,45.5393769],[10.2328751,45.5393852]]]},"properties":{"site":"brescia","name":null,"category":"other","historic":null,"building":"apartments","osm_id":256787317}},{"type":"Feature","geometry":{"type":"Polygon","coordinates":[[[10.2326258,45.5384314],[10.2325494,45.5383481],[10.2326838,45.5382877],[10.2327114,45.5383177],[10.2327403,45.5383047],[10.2327891,45.538358],[10.2326258,45.5384314]]]},"properties":{"site":"brescia","name":null,"category":"other","historic":null,"building":"yes","osm_id":256787321}},{"type":"Feature","geometry":{"type":"Polygon","coordinates":[[[10.2232757,45.5478544],[10.2232223,45.5477383],[10.2234003,45.5476981],[10.2234537,45.5478143],[10.2232757,45.5478544]]]},"properties":{"site":"brescia","name":null,"category":"other","historic":null,"building":"yes","osm_id":256787811}},{"type":"Feature","geometry":{"type":"Polygon","coordinates":[[[10.2233727,45.5480068],[10.2233231,45.5478982],[10.2234893,45.547861],[10.2235388,45.5479696],[10.2233727,45.5480068]]]},"properties":{"site":"brescia","name":null,"category":"other","historic":null,"building":"yes","osm_id":256787814}},{"type":"Feature","geometry":{"type":"Polygon","coordinates":[[[10.2224251,45.5478964],[10.2224828,45.5480135],[10.2222548,45.5480685],[10.2221972,45.5479514],[10.2223808,45.5479071],[10.2224251,45.5478964]]]},"properties":{"site":"brescia","name":null,"category":"other","historic":null,"building":"apartments","osm_id":256787818}},{"type":"Feature","geometry":{"type":"Polygon","coordinates":[[[10.2229753,45.5478286],[10.2230629,45.5478077],[10.2230955,45.5478747],[10.222784,45.5479489],[10.2227238,45.5478251],[10.2228014,45.5478066],[10.2229477,45.5477718],[10.2229753,45.5478286]]]},"properties":{"site":"brescia","name":null,"category":"other","historic":null,"building":"apartments","osm_id":256787827}},{"type":"Feature","geometry":{"type":"Polygon","coordinates":[[[10.2229444,45.5479439],[10.2230298,45.5479237],[10.2231161,45.5481034],[10.2235609,45.5479986],[10.2236326,45.5481479],[10.2231436,45.5482632],[10.2230953,45.5481626],[10.2230541,45.5481723],[10.2229444,45.5479439]]]},"properties":{"site":"brescia","name":null,"category":"other","historic":null,"building":"yes","osm_id":256787830}},{"type":"Feature","geometry":{"type":"Polygon","coordinates":[[[10.2284101,45.5372471],[10.2284135,45.5372592],[10.2284371,45.5372559],[10.2284407,45.537269],[10.2284541,45.5372671],[10.2284676,45.5373146],[10.228575,45.5372997],[10.228546,45.537197],[10.2284771,45.53714],[10.2283712,45.5371568],[10.2284101,45.5372471]]]},"properties":{"site":"brescia","name":null,"category":"other","historic":null,"building":"apartments","osm_id":256983746}},{"type":"Feature","geometry":{"type":"Polygon","coordinates":[[[10.2286323,45.537072],[10.2285438,45.5370857],[10.2285074,45.5370914],[10.2284808,45.5370955],[10.2284488,45.5371004],[10.2283525,45.5371154],[10.2283131,45.5371215],[10.2282904,45.537125],[10.2283354,45.537224],[10.2283586,45.5372567],[10.2284101,45.5372471],[10.2283712,45.5371568],[10.2284771,45.53714],[10.228546,45.537197],[10.2286722,45.5371816],[10.2286651,45.5371621],[10.2286323,45.537072]]]},"properties":{"site":"brescia","name":null,"category":"other","historic":null,"building":"apartments","osm_id":256983747}},{"type":"Feature","geometry":{"type":"Polygon","coordinates":[[[10.2284136,45.5374086],[10.228369,45.537298],[10.2283586,45.5372567],[10.2284101,45.5372471],[10.2284135,45.5372592],[10.2284371,45.5372559],[10.2284407,45.537269],[10.2284541,45.5372671],[10.2284676,45.5373146],[10.228575,45.5372997],[10.2285902,45.5373511],[10.2285073,45.5373624],[10.2285144,45.5373905],[10.2284136,45.5374086]]]},"properties":{"site":"brescia","name":null,"category":"other","historic":null,"building":"yes","osm_id":256983748}},{"type":"Feature","geometry":{"type":"Polygon","coordinates":[[[10.2282051,45.5379305],[10.2282775,45.5379218],[10.2283418,45.5379142],[10.2284341,45.5379031],[10.228589,45.5378846],[10.228671,45.5378748],[10.2286259,45.5377628],[10.2286708,45.5377553],[10.2286595,45.5377266],[10.2286555,45.537716],[10.2285999,45.5377251],[10.2285601,45.5377314],[10.2285936,45.5378362],[10.2285317,45.5378444],[10.2285212,45.5378147],[10.2285102,45.537816],[10.2284984,45.5377866],[10.2284818,45.53779],[10.228429,45.5377994],[10.2284044,45.5377317],[10.2282959,45.5377508],[10.2283022,45.5377662],[10.228203,45.5377847],[10.228203,45.5378259],[10.2282051,45.5379305]]]},"properties":{"site":"brescia","name":null,"category":"other","historic":null,"building":"apartments","osm_id":256983750}},{"type":"Feature","geometry":{"type":"Polygon","coordinates":[[[10.2285673,45.5374756],[10.2288212,45.5374732],[10.2288261,45.5375227],[10.2285677,45.537529],[10.2285673,45.5374756]]]},"properties":{"site":"brescia","name":null,"category":"other","historic":null,"building":"yes","osm_id":256983751}},{"type":"Feature","geometry":{"type":"Polygon","coordinates":[[[10.2281907,45.5376843],[10.2281855,45.5377233],[10.2282795,45.5377188],[10.2282819,45.5376833],[10.2281907,45.5376843]]]},"properties":{"site":"brescia","name":null,"category":"other","historic":null,"building":"yes","osm_id":256983753}},{"type":"Feature","geometry":{"type":"Polygon","coordinates":[[[10.2285677,45.537529],[10.2284628,45.5375294],[10.2284621,45.5374537],[10.2285671,45.5374533],[10.2285673,45.5374756],[10.2285677,45.537529]]]},"properties":{"site":"brescia","name":null,"category":"other","historic":null,"building":"yes","osm_id":256983755}},{"type":"Feature","geometry":{"type":"Polygon","coordinates":[[[10.2281999,45.5376019],[10.2282044,45.5375699],[10.2282686,45.537572],[10.2282674,45.537584],[10.2282236,45.5376025],[10.2281999,45.5376019]]]},"properties":{"site":"brescia","name":null,"category":"other","historic":null,"building":"yes","osm_id":256983756}},{"type":"Feature","geometry":{"type":"Polygon","coordinates":[[[10.2288273,45.537298],[10.228654,45.537307],[10.2286581,45.5373456],[10.228807,45.5373378],[10.2288313,45.5373366],[10.2288273,45.537298]]]},"properties":{"site":"brescia","name":null,"category":"other","historic":null,"building":"yes","osm_id":256983758}},{"type":"Feature","geometry":{"type":"Polygon","coordinates":[[[10.2281229,45.5377593],[10.2281244,45.5378267],[10.228203,45.5378259],[10.228203,45.5377847],[10.2282015,45.5377585],[10.2281229,45.5377593]]]},"properties":{"site":"brescia","name":null,"category":"other","historic":null,"building":"yes","osm_id":256983760}},{"type":"Feature","geometry":{"type":"Polygon","coordinates":[[[10.2284544,45.5377137],[10.2284011,45.5377225],[10.2284044,45.5377317],[10.228429,45.5377994],[10.2284818,45.53779],[10.2284544,45.5377137]]]},"properties":{"site":"brescia","name":null,"category":"other","historic":null,"building":"yes","osm_id":256983761}},{"type":"Feature","geometry":{"type":"Polygon","coordinates":[[[10.2289865,45.5373285],[10.2288313,45.5373366],[10.228807,45.5373378],[10.2288212,45.5374732],[10.2288261,45.5375227],[10.2289979,45.5375149],[10.2289928,45.5374317],[10.2289865,45.5373285]]]},"properties":{"site":"brescia","name":null,"category":"other","historic":null,"building":"apartments","osm_id":256983762}},{"type":"Feature","geometry":{"type":"Polygon","coordinates":[[[10.2281026,45.5373032],[10.2280821,45.5374307],[10.2282539,45.5374443],[10.2282565,45.5374284],[10.2282807,45.5372928],[10.2282578,45.5372942],[10.2281026,45.5373032]]]},"properties":{"site":"brescia","name":null,"category":"other","historic":null,"building":"apartments","osm_id":256983763}},{"type":"Feature","geometry":{"type":"Polygon","coordinates":[[[10.2282519,45.5372448],[10.2282685,45.5372439],[10.2282574,45.5371502],[10.2282074,45.5371531],[10.2281542,45.5371561],[10.2281086,45.5371588],[10.2280856,45.5371601],[10.2281026,45.5373032],[10.2282578,45.5372942],[10.2282519,45.5372448]]]},"properties":{"site":"brescia","name":null,"category":"other","historic":null,"building":"apartments","osm_id":256983764}},{"type":"Feature","geometry":{"type":"Polygon","coordinates":[[[10.228679,45.5370649],[10.2286323,45.537072],[10.2286651,45.5371621],[10.2288119,45.5371528],[10.228808,45.5371158],[10.22895,45.5371084],[10.2289427,45.537049],[10.2288149,45.5370567],[10.2286899,45.5370642],[10.228679,45.5370649]]]},"properties":{"site":"brescia","name":null,"category":"other","historic":null,"building":"apartments","osm_id":256983765}},{"type":"Feature","geometry":{"type":"Polygon","coordinates":[[[10.2282959,45.5377508],[10.2282795,45.5377188],[10.2282819,45.5376833],[10.2283066,45.537683],[10.2283431,45.537676],[10.2283622,45.5377303],[10.2284011,45.5377225],[10.2284044,45.5377317],[10.2282959,45.5377508]]]},"properties":{"site":"brescia","name":null,"category":"other","historic":null,"building":"yes","osm_id":256983766}},{"type":"Feature","geometry":{"type":"Polygon","coordinates":[[[10.2287737,45.5377094],[10.2287246,45.5375662],[10.2289947,45.5375529],[10.2290111,45.5378342],[10.2288088,45.5378584],[10.228671,45.5378748],[10.2286259,45.5377628],[10.2286708,45.5377553],[10.2287846,45.5377397],[10.2287737,45.5377094]]]},"properties":{"site":"brescia","name":null,"category":"other","historic":null,"building":"apartments","osm_id":256983767}},{"type":"Feature","geometry":{"type":"Polygon","coordinates":[[[10.2281602,45.5375317],[10.2284628,45.5375294],[10.2284621,45.5374537],[10.2284618,45.5374273],[10.2282565,45.5374284],[10.2282539,45.5374443],[10.2280821,45.5374307],[10.2280723,45.5374301],[10.2280508,45.5375188],[10.2281602,45.5375317]]]},"properties":{"site":"brescia","name":null,"category":"other","historic":null,"building":"apartments","osm_id":256983768}},{"type":"Feature","geometry":{"type":"Polygon","coordinates":[[[10.2286182,45.5375713],[10.2286739,45.5377244],[10.2286595,45.5377266],[10.2286555,45.537716],[10.2285999,45.5377251],[10.2285763,45.5376624],[10.2285626,45.5376644],[10.228552,45.5376383],[10.2285289,45.5375755],[10.2286182,45.5375713]]]},"properties":{"site":"brescia","name":null,"category":"other","historic":null,"building":"yes","osm_id":256983769}},{"type":"Feature","geometry":{"type":"Polygon","coordinates":[[[10.2299644,45.5313174],[10.2302193,45.5312337],[10.230157,45.5311407],[10.2299008,45.5312249],[10.2297713,45.5312668],[10.2298586,45.5313979],[10.2298823,45.5314335],[10.2299033,45.5314651],[10.229897,45.5314934],[10.2301854,45.5315251],[10.2302188,45.5313762],[10.2299872,45.5313507],[10.2299644,45.5313174]]]},"properties":{"site":"brescia","name":null,"category":"other","historic":null,"building":"apartments","osm_id":257040642}},{"type":"Feature","geometry":{"type":"Polygon","coordinates":[[[10.2302612,45.5312957],[10.2305572,45.5313122],[10.230573,45.5311703],[10.23082,45.5311822],[10.2308403,45.5310786],[10.2305837,45.5310663],[10.23042,45.5310789],[10.2302903,45.5311019],[10.230206,45.5311258],[10.230157,45.5311407],[10.2302612,45.5312957]]]},"properties":{"site":"brescia","name":null,"category":"other","historic":null,"building":"yes","osm_id":257040643}},{"type":"Feature","geometry":{"type":"Polygon","coordinates":[[[10.2330645,45.5311744],[10.2332111,45.5311793],[10.2332222,45.5310151],[10.2330757,45.5310102],[10.2330645,45.5311744]]]},"properties":{"site":"brescia","name":null,"category":"other","historic":null,"building":"yes","osm_id":257040657}},{"type":"Feature","geometry":{"type":"Polygon","coordinates":[[[10.2327774,45.5319651],[10.2328521,45.5317127],[10.232482,45.5316908],[10.2324527,45.5319048],[10.2327774,45.5319651]]]},"properties":{"site":"brescia","name":null,"category":"other","historic":null,"building":"yes","osm_id":257040659}},{"type":"Feature","geometry":{"type":"Polygon","coordinates":[[[10.2328311,45.5315279],[10.2329129,45.5315306],[10.2329213,45.5314074],[10.2328394,45.5314047],[10.2328311,45.5315279]]]},"properties":{"site":"brescia","name":null,"category":"other","historic":null,"building":"yes","osm_id":257040660}},{"type":"Feature","geometry":{"type":"Polygon","coordinates":[[[10.2327374,45.5322882],[10.232843,45.5323032],[10.2328582,45.5322505],[10.2327526,45.5322355],[10.2327374,45.5322882]]]},"properties":{"site":"brescia","name":null,"category":"other","historic":null,"building":"yes","osm_id":257040662}},{"type":"Feature","geometry":{"type":"Polygon","coordinates":[[[10.2310213,45.5313664],[10.2312081,45.5313813],[10.2312317,45.5312361],[10.2310449,45.5312212],[10.2310213,45.5313664]]]},"properties":{"site":"brescia","name":null,"category":"other","historic":null,"building":"yes","osm_id":257040663}},{"type":"Feature","geometry":{"type":"Polygon","coordinates":[[[10.2309651,45.5316146],[10.2311203,45.5316198],[10.2311325,45.53144],[10.2309773,45.5314348],[10.2309651,45.5316146]]]},"properties":{"site":"brescia","name":null,"category":"other","historic":null,"building":"yes","osm_id":257040664}},{"type":"Feature","geometry":{"type":"Polygon","coordinates":[[[10.2324103,45.5313281],[10.2324231,45.5312135],[10.2322661,45.5312049],[10.2322532,45.5313194],[10.2324103,45.5313281]]]},"properties":{"site":"brescia","name":null,"category":"other","historic":null,"building":"yes","osm_id":257040667}},{"type":"Feature","geometry":{"type":"Polygon","coordinates":[[[10.232745,45.5311049],[10.2329274,45.5311109],[10.2329358,45.5309862],[10.2327534,45.5309801],[10.232745,45.5311049]]]},"properties":{"site":"brescia","name":null,"category":"other","historic":null,"building":"yes","osm_id":257040669}},{"type":"Feature","geometry":{"type":"Polygon","coordinates":[[[10.2316926,45.532419],[10.2319516,45.5324334],[10.2319741,45.5322554],[10.2317128,45.5322417],[10.2316926,45.532419]]]},"properties":{"site":"brescia","name":null,"category":"other","historic":null,"building":"yes","osm_id":257040671}},{"type":"Feature","geometry":{"type":"Polygon","coordinates":[[[10.2315535,45.5314647],[10.2313997,45.5314563],[10.2313858,45.5315798],[10.2315396,45.5315882],[10.2315535,45.5314647]]]},"properties":{"site":"brescia","name":null,"category":"other","historic":null,"building":"yes","osm_id":257040672}},{"type":"Feature","geometry":{"type":"Polygon","coordinates":[[[10.2330509,45.5316634],[10.2332154,45.5316689],[10.2332304,45.531447],[10.2330659,45.5314416],[10.2330509,45.5316634]]]},"properties":{"site":"brescia","name":null,"category":"other","historic":null,"building":"yes","osm_id":257040673}},{"type":"Feature","geometry":{"type":"Polygon","coordinates":[[[10.2309143,45.5319509],[10.2310693,45.5319594],[10.2310897,45.5317779],[10.2309347,45.5317693],[10.2309143,45.5319509]]]},"properties":{"site":"brescia","name":null,"category":"other","historic":null,"building":"yes","osm_id":257040674}},{"type":"Feature","geometry":{"type":"Polygon","coordinates":[[[10.2322628,45.5310797],[10.2324888,45.5310922],[10.2325033,45.5309626],[10.2322773,45.5309501],[10.2322628,45.5310797]]]},"properties":{"site":"brescia","name":null,"category":"other","historic":null,"building":"yes","osm_id":257040677}},{"type":"Feature","geometry":{"type":"Polygon","coordinates":[[[10.2290898,45.5317426],[10.2290842,45.5316207],[10.228857,45.5316258],[10.2288626,45.5317477],[10.2290898,45.5317426]]]},"properties":{"site":"brescia","name":null,"category":"other","historic":null,"building":"roof","osm_id":257040678}},{"type":"Feature","geometry":{"type":"Polygon","coordinates":[[[10.2314171,45.5311491],[10.2316268,45.5311606],[10.231645,45.5309986],[10.2314353,45.5309871],[10.2314171,45.5311491]]]},"properties":{"site":"brescia","name":null,"category":"other","historic":null,"building":"yes","osm_id":257040680}},{"type":"Feature","geometry":{"type":"Polygon","coordinates":[[[10.2326805,45.53247],[10.2328565,45.5324795],[10.2329238,45.5323445],[10.2326976,45.5323317],[10.2326805,45.53247]]]},"properties":{"site":"brescia","name":null,"category":"other","historic":null,"building":"yes","osm_id":257040683}},{"type":"Feature","geometry":{"type":"Polygon","coordinates":[[[10.230662,45.5315588],[10.2306798,45.5313998],[10.2304367,45.5313864],[10.2304189,45.5315454],[10.230662,45.5315588]]]},"properties":{"site":"brescia","name":null,"category":"other","historic":null,"building":"yes","osm_id":257040685}},{"type":"Feature","geometry":{"type":"Polygon","coordinates":[[[10.2296398,45.5317707],[10.2296719,45.5316462],[10.2294263,45.5316151],[10.2293942,45.5317396],[10.2296398,45.5317707]]]},"properties":{"site":"brescia","name":null,"category":"other","historic":null,"building":"yes","osm_id":257040686}},{"type":"Feature","geometry":{"type":"Polygon","coordinates":[[[10.2304801,45.5320571],[10.2306573,45.5320712],[10.2306911,45.5318632],[10.2305139,45.5318491],[10.2304801,45.5320571]]]},"properties":{"site":"brescia","name":null,"category":"other","historic":null,"building":"yes","osm_id":257040689}},{"type":"Feature","geometry":{"type":"Polygon","coordinates":[[[10.2313092,45.5322039],[10.2313042,45.5323733],[10.2315008,45.5323761],[10.2315057,45.5322067],[10.2313092,45.5322039]]]},"properties":{"site":"brescia","name":null,"category":"other","historic":null,"building":"apartments","osm_id":257040693}},{"type":"Feature","geometry":{"type":"Polygon","coordinates":[[[10.2327006,45.5313921],[10.2323407,45.5313723],[10.2323286,45.5314804],[10.2326885,45.5315002],[10.2327006,45.5313921]]]},"properties":{"site":"brescia","name":null,"category":"other","historic":null,"building":"yes","osm_id":257040695}},{"type":"Feature","geometry":{"type":"Polygon","coordinates":[[[10.2302929,45.5317489],[10.2306983,45.5317713],[10.2307122,45.5316476],[10.2303068,45.5316253],[10.2302929,45.5317489]]]},"properties":{"site":"brescia","name":null,"category":"other","historic":null,"building":"yes","osm_id":257040697}},{"type":"Feature","geometry":{"type":"Polygon","coordinates":[[[10.2304534,45.5323034],[10.2306413,45.5323311],[10.2306641,45.532227],[10.2304918,45.5321966],[10.2304534,45.5323034]]]},"properties":{"site":"brescia","name":null,"category":"other","historic":null,"building":"apartments","osm_id":257040699}},{"type":"Feature","geometry":{"type":"Polygon","coordinates":[[[10.2332135,45.5313455],[10.2333633,45.5313505],[10.2333712,45.5312333],[10.2332215,45.5312283],[10.2332135,45.5313455]]]},"properties":{"site":"brescia","name":null,"category":"other","historic":null,"building":"yes","osm_id":257040700}},{"type":"Feature","geometry":{"type":"Polygon","coordinates":[[[10.231024,45.5311603],[10.2312847,45.5311747],[10.2312935,45.531096],[10.2310328,45.5310817],[10.231024,45.5311603]]]},"properties":{"site":"brescia","name":null,"category":"other","historic":null,"building":"yes","osm_id":257040704}},{"type":"Feature","geometry":{"type":"Polygon","coordinates":[[[10.2328521,45.5317127],[10.2328795,45.5315346],[10.2326181,45.5315148],[10.2325907,45.531693],[10.2328521,45.5317127]]]},"properties":{"site":"brescia","name":null,"category":"other","historic":null,"building":"yes","osm_id":257040705}},{"type":"Feature","geometry":{"type":"Polygon","coordinates":[[[10.2313997,45.5318291],[10.2315749,45.5318349],[10.2315828,45.5317188],[10.2314076,45.531713],[10.2313997,45.5318291]]]},"properties":{"site":"brescia","name":null,"category":"other","historic":null,"building":"yes","osm_id":257040707}},{"type":"Feature","geometry":{"type":"Polygon","coordinates":[[[10.2315749,45.5313842],[10.2315901,45.5312484],[10.2314135,45.5312387],[10.2313983,45.5313745],[10.2315749,45.5313842]]]},"properties":{"site":"brescia","name":null,"category":"other","historic":null,"building":"yes","osm_id":257040711}},{"type":"Feature","geometry":{"type":"Polygon","coordinates":[[[10.2329861,45.5322901],[10.2328654,45.5322612],[10.2328285,45.5323369],[10.2329257,45.5323431],[10.2329861,45.5322901]]]},"properties":{"site":"brescia","name":null,"category":"other","historic":null,"building":"yes","osm_id":257040712}},{"type":"Feature","geometry":{"type":"Polygon","coordinates":[[[10.2326077,45.5322723],[10.232708,45.5322807],[10.2327172,45.5322265],[10.232617,45.532218],[10.2326077,45.5322723]]]},"properties":{"site":"brescia","name":null,"category":"other","historic":null,"building":"yes","osm_id":257040713}},{"type":"Feature","geometry":{"type":"Polygon","coordinates":[[[10.2328978,45.5321393],[10.2326358,45.5320831],[10.232595,45.5321763],[10.232857,45.5322325],[10.2328978,45.5321393]]]},"properties":{"site":"brescia","name":null,"category":"other","historic":null,"building":"yes","osm_id":257040716}},{"type":"Feature","geometry":{"type":"Polygon","coordinates":[[[10.2321423,45.5322737],[10.2321345,45.5323711],[10.2321246,45.5324424],[10.2326432,45.532469],[10.2326574,45.5322974],[10.2321423,45.5322737]]]},"properties":{"site":"brescia","name":null,"category":"other","historic":null,"building":"apartments","osm_id":257040717}},{"type":"Feature","geometry":{"type":"Polygon","coordinates":[[[10.2322288,45.5322674],[10.2325985,45.5322683],[10.2325988,45.5322009],[10.2322291,45.5321999],[10.2320165,45.5322201],[10.2320275,45.5322766],[10.2322288,45.5322674]]]},"properties":{"site":"brescia","name":null,"category":"other","historic":null,"building":"yes","osm_id":257040719}},{"type":"Feature","geometry":{"type":"Polygon","coordinates":[[[10.2321208,45.5323756],[10.2321276,45.5322784],[10.2320226,45.5322791],[10.2320231,45.5322559],[10.2319741,45.5322554],[10.2319615,45.5323742],[10.2321208,45.5323756]]]},"properties":{"site":"brescia","name":null,"category":"other","historic":null,"building":"apartments","osm_id":257040722}},{"type":"Feature","geometry":{"type":"Polygon","coordinates":[[[10.2295271,45.5314395],[10.2295728,45.5315084],[10.2297297,45.5314574],[10.2296858,45.531391],[10.2296917,45.5313892],[10.2296832,45.5313755],[10.2296342,45.5312968],[10.2292154,45.5314246],[10.2292729,45.5315171],[10.2295271,45.5314395]]]},"properties":{"site":"brescia","name":null,"category":"other","historic":null,"building":"apartments","osm_id":257040726}},{"type":"Feature","geometry":{"type":"Polygon","coordinates":[[[10.2309658,45.5321504],[10.2309493,45.532261],[10.231094,45.5322715],[10.2311104,45.5321613],[10.2311812,45.5321667],[10.2311995,45.5320484],[10.2309161,45.5320268],[10.2308977,45.5321452],[10.2309658,45.5321504]]]},"properties":{"site":"brescia","name":null,"category":"other","historic":null,"building":"apartments","osm_id":257040728}},{"type":"Feature","geometry":{"type":"Polygon","coordinates":[[[10.2296284,45.5318529],[10.2295036,45.5318337],[10.2294793,45.531911],[10.2294355,45.5318979],[10.2293854,45.53198],[10.2295552,45.5320309],[10.2295699,45.5320357],[10.2295825,45.5320347],[10.2295971,45.5320186],[10.2296284,45.5318529]]]},"properties":{"site":"brescia","name":null,"category":"other","historic":null,"building":"apartments","osm_id":257040738}},{"type":"Feature","geometry":{"type":"Polygon","coordinates":[[[10.2186392,45.5479867],[10.2187363,45.5482503],[10.2189049,45.5482199],[10.2189145,45.5482459],[10.2190917,45.5482139],[10.2190551,45.5481144],[10.218846,45.5481522],[10.2188118,45.5480593],[10.2190071,45.5480241],[10.2189713,45.5479267],[10.2186392,45.5479867]]]},"properties":{"site":"brescia","name":null,"category":"other","historic":null,"building":"yes","osm_id":257537118}},{"type":"Feature","geometry":{"type":"Polygon","coordinates":[[[10.2199751,45.5483467],[10.2200094,45.5483535],[10.220238,45.5483013],[10.220173,45.5481828],[10.2200778,45.548202],[10.2199771,45.5479637],[10.2199626,45.5479647],[10.2198785,45.5477806],[10.2197376,45.5478036],[10.2198301,45.5479973],[10.2198061,45.5480052],[10.2199751,45.5483467]]]},"properties":{"site":"brescia","name":null,"category":"other","historic":null,"building":"yes","osm_id":257537119}},{"type":"Feature","geometry":{"type":"Polygon","coordinates":[[[10.2204786,45.5469415],[10.220268,45.5463468],[10.2198478,45.5464222],[10.2198755,45.546498],[10.2199212,45.5464898],[10.2199321,45.5465195],[10.2201364,45.5464829],[10.2202919,45.5469392],[10.2202883,45.5469577],[10.2202625,45.5469666],[10.2203078,45.5470488],[10.2204606,45.5470137],[10.2204899,45.5469731],[10.2204786,45.5469415]]]},"properties":{"site":"brescia","name":null,"category":"other","historic":null,"building":"yes","osm_id":257537126}},{"type":"Feature","geometry":{"type":"Polygon","coordinates":[[[10.2190564,45.547112],[10.2188338,45.5471599],[10.2188062,45.5470971],[10.2186527,45.5471301],[10.2186819,45.5471965],[10.2187055,45.5472504],[10.2187822,45.5472338],[10.2187897,45.5472509],[10.2188397,45.5472401],[10.2188645,45.5472966],[10.2190357,45.5472597],[10.2190471,45.5472857],[10.2191253,45.5472688],[10.2190564,45.547112]]]},"properties":{"site":"brescia","name":null,"category":"other","historic":null,"building":"apartments","osm_id":257537127}},{"type":"Feature","geometry":{"type":"Polygon","coordinates":[[[10.2203428,45.5471344],[10.2204268,45.5473392],[10.2205359,45.5475877],[10.2206517,45.5477518],[10.2206301,45.5477681],[10.2209162,45.5480853],[10.2208661,45.5481047],[10.220898,45.5481452],[10.2210925,45.548098],[10.2211111,45.5480644],[10.2209851,45.5479189],[10.2207908,45.5476886],[10.220682,45.5475388],[10.2205888,45.5473124],[10.2205328,45.5471258],[10.2204792,45.5471039],[10.2203428,45.5471344]]]},"properties":{"site":"brescia","name":null,"category":"other","historic":null,"building":"yes","osm_id":257537134}},{"type":"Feature","geometry":{"type":"Polygon","coordinates":[[[10.2193849,45.547357],[10.219211,45.5473959],[10.2192272,45.5474314],[10.2189851,45.5474856],[10.2190315,45.5475872],[10.2193231,45.5475219],[10.2193742,45.5476337],[10.219361,45.5476367],[10.2193893,45.5476985],[10.2191814,45.5477451],[10.2191607,45.5476997],[10.2190833,45.5477171],[10.2190662,45.5476796],[10.2191017,45.5476716],[10.2190815,45.5476274],[10.2189252,45.5476624],[10.2189439,45.5477033],[10.2189962,45.5476916],[10.21902,45.5477437],[10.2190837,45.5478834],[10.2194308,45.5478057],[10.2195813,45.5481354],[10.2197255,45.5481031],[10.2193849,45.547357]]]},"properties":{"site":"brescia","name":null,"category":"other","historic":null,"building":"yes","osm_id":257537138}},{"type":"Feature","geometry":{"type":"Polygon","coordinates":[[[10.2189864,45.5455927],[10.2189926,45.5456111],[10.2190135,45.545667],[10.2190229,45.5456939],[10.2192914,45.545651],[10.2193002,45.5456752],[10.2194222,45.5456531],[10.2194048,45.5456085],[10.2195049,45.5455934],[10.2195153,45.5456224],[10.2197414,45.5455826],[10.2197984,45.5457461],[10.2199285,45.5457226],[10.2199415,45.5457602],[10.2199332,45.545762],[10.2200167,45.5460121],[10.2200217,45.5460119],[10.2200267,45.5460206],[10.2200438,45.5460743],[10.2197776,45.5461124],[10.2197387,45.5459983],[10.2194477,45.546048],[10.2195644,45.5463575],[10.2198668,45.5462988],[10.2198272,45.5461692],[10.2200592,45.5461316],[10.2201028,45.546257],[10.2202906,45.5462279],[10.2202731,45.546173],[10.2202507,45.5461025],[10.220236,45.5460562],[10.2202168,45.5459959],[10.2201826,45.546002],[10.2201725,45.5459709],[10.2201441,45.5458833],[10.2201198,45.5458084],[10.220107,45.5457691],[10.2200962,45.5457359],[10.2200843,45.5456991],[10.2200734,45.5456655],[10.2200619,45.5456301],[10.2199157,45.545654],[10.2199009,45.5456143],[10.2198862,45.5455751],[10.2200177,45.5455545],[10.2200084,45.5455264],[10.2199958,45.5454883],[10.2199788,45.5454366],[10.2198899,45.545449],[10.2198882,45.5454439],[10.2198343,45.5454533],[10.2198292,45.5454389],[10.2194695,45.5455016],[10.2194675,45.5454967],[10.2193595,45.5455171],[10.2193625,45.5455268],[10.2189864,45.5455927]]]},"properties":{"site":"brescia","name":null,"category":"other","historic":null,"building":"yes","osm_id":257537139}},{"type":"Feature","geometry":{"type":"Polygon","coordinates":[[[10.2194722,45.5472349],[10.2200234,45.547109],[10.2199828,45.5470009],[10.2194225,45.5471251],[10.2194722,45.5472349]]]},"properties":{"site":"brescia","name":null,"category":"other","historic":null,"building":"yes","osm_id":257537143}},{"type":"Feature","geometry":{"type":"Polygon","coordinates":[[[10.2187323,45.5464587],[10.2188791,45.5464286],[10.218795,45.5462272],[10.2186482,45.5462573],[10.2187323,45.5464587]]]},"properties":{"site":"brescia","name":null,"category":"other","historic":null,"building":"apartments","osm_id":257537149}},{"type":"Feature","geometry":{"type":"Polygon","coordinates":[[[10.2192639,45.5471024],[10.2191264,45.5471331],[10.2191973,45.5472887],[10.2193347,45.547258],[10.2192639,45.5471024]]]},"properties":{"site":"brescia","name":null,"category":"other","historic":null,"building":"yes","osm_id":257537150}},{"type":"Feature","geometry":{"type":"Polygon","coordinates":[[[10.219612,45.5470627],[10.2195645,45.5469568],[10.21937,45.5469996],[10.2194176,45.5471055],[10.219612,45.5470627]]]},"properties":{"site":"brescia","name":null,"category":"other","historic":null,"building":"yes","osm_id":257537155}},{"type":"Feature","geometry":{"type":"Polygon","coordinates":[[[10.2186969,45.5469372],[10.21859,45.5469616],[10.2186316,45.5470507],[10.2187384,45.5470262],[10.2186969,45.5469372]]]},"properties":{"site":"brescia","name":null,"category":"other","historic":null,"building":"yes","osm_id":257537157}},{"type":"Feature","geometry":{"type":"Polygon","coordinates":[[[10.218568,45.5471478],[10.2185179,45.5470334],[10.218368,45.5470656],[10.2184181,45.54718],[10.218568,45.5471478]]]},"properties":{"site":"brescia","name":null,"category":"other","historic":null,"building":"yes","osm_id":257537160}},{"type":"Feature","geometry":{"type":"Polygon","coordinates":[[[10.2186182,45.5472186],[10.2184185,45.5472628],[10.218485,45.5474103],[10.2186847,45.5473661],[10.2186182,45.5472186]]]},"properties":{"site":"brescia","name":null,"category":"other","historic":null,"building":"apartments","osm_id":257537162}},{"type":"Feature","geometry":{"type":"Polygon","coordinates":[[[10.218846,45.5468593],[10.2190351,45.5468227],[10.2189781,45.5466782],[10.218789,45.5467147],[10.218846,45.5468593]]]},"properties":{"site":"brescia","name":null,"category":"other","historic":null,"building":"yes","osm_id":257537169}},{"type":"Feature","geometry":{"type":"Polygon","coordinates":[[[10.2190905,45.5468644],[10.2189511,45.5468978],[10.2190277,45.5470546],[10.2191671,45.5470212],[10.2190905,45.5468644]]]},"properties":{"site":"brescia","name":null,"category":"other","historic":null,"building":"yes","osm_id":257537171}},{"type":"Feature","geometry":{"type":"Polygon","coordinates":[[[10.2205301,45.5481138],[10.2207132,45.548038],[10.2205081,45.547795],[10.220325,45.5478708],[10.2205301,45.5481138]]]},"properties":{"site":"brescia","name":null,"category":"other","historic":null,"building":"yes","osm_id":257537173}},{"type":"Feature","geometry":{"type":"Polygon","coordinates":[[[10.219112,45.5461452],[10.2192003,45.5463853],[10.2193595,45.5463566],[10.2192713,45.5461165],[10.219112,45.5461452]]]},"properties":{"site":"brescia","name":null,"category":"other","historic":null,"building":"apartments","osm_id":257537174}},{"type":"Feature","geometry":{"type":"Polygon","coordinates":[[[10.2193462,45.5469122],[10.2195586,45.5468654],[10.2194305,45.54658],[10.2192181,45.5466268],[10.2193462,45.5469122]]]},"properties":{"site":"brescia","name":null,"category":"other","historic":null,"building":"yes","osm_id":257537179}},{"type":"Feature","geometry":{"type":"Polygon","coordinates":[[[10.2184565,45.5469039],[10.2184211,45.5468081],[10.2182546,45.5468383],[10.21829,45.5469341],[10.2184565,45.5469039]]]},"properties":{"site":"brescia","name":null,"category":"other","historic":null,"building":"apartments","osm_id":257537183}},{"type":"Feature","geometry":{"type":"Polygon","coordinates":[[[10.2185563,45.5468713],[10.2187098,45.5468416],[10.2186653,45.5467287],[10.2185118,45.5467584],[10.2185563,45.5468713]]]},"properties":{"site":"brescia","name":null,"category":"other","historic":null,"building":"apartments","osm_id":257537188}},{"type":"Feature","geometry":{"type":"Polygon","coordinates":[[[10.2202865,45.5473911],[10.2202058,45.5471718],[10.2200579,45.5471985],[10.2201386,45.5474178],[10.2202865,45.5473911]]]},"properties":{"site":"brescia","name":null,"category":"other","historic":null,"building":"yes","osm_id":257537191}},{"type":"Feature","geometry":{"type":"Polygon","coordinates":[[[10.2200245,45.5467558],[10.2198994,45.5467789],[10.2199828,45.5470009],[10.2200234,45.547109],[10.2201469,45.5470822],[10.2200245,45.5467558]]]},"properties":{"site":"brescia","name":null,"category":"other","historic":null,"building":"yes","osm_id":257537194}},{"type":"Feature","geometry":{"type":"Polygon","coordinates":[[[10.2190931,45.5459949],[10.2196779,45.5458955],[10.2196374,45.5457786],[10.2192771,45.5458398],[10.2192212,45.5456782],[10.2190279,45.5457111],[10.2189966,45.5457164],[10.2190931,45.5459949]]]},"properties":{"site":"brescia","name":null,"category":"other","historic":null,"building":"apartments","osm_id":257537200}},{"type":"Feature","geometry":{"type":"Polygon","coordinates":[[[10.2196003,45.5473537],[10.2196282,45.5474154],[10.2196467,45.5474113],[10.2196988,45.5475262],[10.2198533,45.5474918],[10.2198224,45.5474238],[10.2199357,45.5473986],[10.2198865,45.5472901],[10.2196003,45.5473537]]]},"properties":{"site":"brescia","name":null,"category":"other","historic":null,"building":"apartments","osm_id":257537205}},{"type":"Feature","geometry":{"type":"Polygon","coordinates":[[[10.2196041,45.5466836],[10.219774,45.5466528],[10.219728,45.5465284],[10.219567,45.5465576],[10.21954,45.5464891],[10.219463,45.546504],[10.2194937,45.5465818],[10.2195616,45.5465687],[10.2196041,45.5466836]]]},"properties":{"site":"brescia","name":null,"category":"other","historic":null,"building":"yes","osm_id":257537208}},{"type":"Feature","geometry":{"type":"Polygon","coordinates":[[[10.2184778,45.5475805],[10.2185989,45.5478807],[10.2189102,45.5478191],[10.218873,45.5477268],[10.2187579,45.5477496],[10.2187143,45.5476416],[10.2188161,45.5476214],[10.2187758,45.5475215],[10.2184778,45.5475805]]]},"properties":{"site":"brescia","name":null,"category":"other","historic":null,"building":"yes","osm_id":257537209}},{"type":"Feature","geometry":{"type":"Polygon","coordinates":[[[10.2158352,45.5456508],[10.2158041,45.5456071],[10.2157549,45.5455377],[10.2150007,45.5458177],[10.2149948,45.5458024],[10.2148011,45.5458365],[10.2148071,45.5458576],[10.2142724,45.5459508],[10.2143183,45.54608],[10.2150599,45.5459576],[10.2153529,45.5458531],[10.2158352,45.5456508]]]},"properties":{"site":"brescia","name":null,"category":"other","historic":null,"building":"yes","osm_id":257836189}},{"type":"Feature","geometry":{"type":"Polygon","coordinates":[[[10.2143033,45.5453855],[10.214835,45.5452673],[10.2146811,45.5449502],[10.2146482,45.5448825],[10.2145445,45.5446687],[10.2144661,45.5445073],[10.2139718,45.5446264],[10.2140123,45.544715],[10.2143528,45.5446387],[10.2144176,45.5447806],[10.2140621,45.5448603],[10.2141091,45.5449631],[10.2144717,45.5448818],[10.2145975,45.5451569],[10.2142359,45.5452379],[10.2143033,45.5453855]]]},"properties":{"site":"brescia","name":null,"category":"other","historic":null,"building":"yes","osm_id":257836190}},{"type":"Feature","geometry":{"type":"Polygon","coordinates":[[[10.2158623,45.5454783],[10.2158623,45.5455248],[10.2158412,45.5455707],[10.2158041,45.5456071],[10.2158352,45.5456508],[10.2158723,45.5456242],[10.2159119,45.5455827],[10.2159295,45.545543],[10.2159326,45.5454978],[10.2159288,45.545457],[10.215917,45.5454094],[10.2157908,45.5454358],[10.2158106,45.5454858],[10.2158623,45.5454783]]]},"properties":{"site":"brescia","name":null,"category":"other","historic":null,"building":"yes","osm_id":257836192}},{"type":"Feature","geometry":{"type":"Polygon","coordinates":[[[10.2120826,45.5452686],[10.2118597,45.5448318],[10.2117102,45.5448692],[10.2119331,45.545306],[10.2120826,45.5452686]]]},"properties":{"site":"brescia","name":null,"category":"other","historic":null,"building":"yes","osm_id":257836202}},{"type":"Feature","geometry":{"type":"Polygon","coordinates":[[[10.2125045,45.5464679],[10.2126652,45.5464279],[10.2124386,45.5459813],[10.2122779,45.5460213],[10.2125045,45.5464679]]]},"properties":{"site":"brescia","name":null,"category":"other","historic":null,"building":"yes","osm_id":257836208}},{"type":"Feature","geometry":{"type":"Polygon","coordinates":[[[10.2121519,45.5465414],[10.2123255,45.5464991],[10.2121033,45.5460517],[10.2119298,45.546094],[10.2121519,45.5465414]]]},"properties":{"site":"brescia","name":null,"category":"other","historic":null,"building":"yes","osm_id":257836209}},{"type":"Feature","geometry":{"type":"Polygon","coordinates":[[[10.2126378,45.5454176],[10.2122465,45.5446507],[10.2120709,45.5446947],[10.2124622,45.5454616],[10.2126378,45.5454176]]]},"properties":{"site":"brescia","name":null,"category":"other","historic":null,"building":"yes","osm_id":257836212}},{"type":"Feature","geometry":{"type":"Polygon","coordinates":[[[10.2141361,45.5460519],[10.2142217,45.5460363],[10.2141705,45.5458992],[10.214085,45.5459149],[10.2141361,45.5460519]]]},"properties":{"site":"brescia","name":null,"category":"other","historic":null,"building":"yes","osm_id":257836219}},{"type":"Feature","geometry":{"type":"Polygon","coordinates":[[[10.2141713,45.5457408],[10.2135894,45.5445242],[10.2133426,45.5445821],[10.2135743,45.5450665],[10.2139245,45.5457987],[10.2141713,45.5457408]]]},"properties":{"site":"brescia","name":null,"category":"other","historic":null,"building":"yes","osm_id":257836220}},{"type":"Feature","geometry":{"type":"Polygon","coordinates":[[[10.2129135,45.5464142],[10.2131126,45.5463641],[10.2127271,45.545613],[10.2125281,45.5456632],[10.2129135,45.5464142]]]},"properties":{"site":"brescia","name":null,"category":"other","historic":null,"building":"yes","osm_id":257836236}},{"type":"Feature","geometry":{"type":"Polygon","coordinates":[[[10.2133302,45.5445599],[10.2134892,45.5445157],[10.2134519,45.54445],[10.2141928,45.5442438],[10.2142274,45.5443138],[10.214354,45.5442798],[10.2142351,45.5440322],[10.2132021,45.544314],[10.2133302,45.5445599]]]},"properties":{"site":"brescia","name":null,"category":"other","historic":null,"building":"yes","osm_id":257836240}},{"type":"Feature","geometry":{"type":"Polygon","coordinates":[[[10.2140198,45.5469742],[10.2138897,45.5469969],[10.2139644,45.547207],[10.2141559,45.5471736],[10.2141705,45.5472145],[10.2143589,45.5471816],[10.2143456,45.5471442],[10.2143686,45.547137],[10.214389,45.5471267],[10.214406,45.5471136],[10.2144189,45.5470981],[10.214427,45.5470811],[10.2144298,45.5470632],[10.2143836,45.5469333],[10.2144842,45.5469158],[10.2146325,45.5468899],[10.2148517,45.5468517],[10.2147581,45.5465884],[10.2146231,45.546612],[10.2146091,45.5465726],[10.2144333,45.5466033],[10.2144498,45.5466497],[10.2142512,45.5466843],[10.214233,45.5466874],[10.2142041,45.546606],[10.2139073,45.5466578],[10.2140198,45.5469742]]]},"properties":{"site":"brescia","name":"Complesso Leonardo Da Vinci","category":"other","historic":null,"building":"office","osm_id":257841084}},{"type":"Feature","geometry":{"type":"Polygon","coordinates":[[[10.2160436,45.5469307],[10.2160922,45.5470494],[10.2164949,45.5469683],[10.2164462,45.5468497],[10.2160436,45.5469307]]]},"properties":{"site":"brescia","name":null,"category":"other","historic":null,"building":"yes","osm_id":257841086}},{"type":"Feature","geometry":{"type":"Polygon","coordinates":[[[10.2161663,45.5464239],[10.2162435,45.546616],[10.2163454,45.5465959],[10.2162682,45.5464038],[10.2161663,45.5464239]]]},"properties":{"site":"brescia","name":null,"category":"other","historic":null,"building":"yes","osm_id":257841087}},{"type":"Feature","geometry":{"type":"Polygon","coordinates":[[[10.2148895,45.5465193],[10.2149658,45.5465537],[10.2150316,45.5465834],[10.2151111,45.5464969],[10.2149603,45.5464282],[10.2148895,45.5465193]]]},"properties":{"site":"brescia","name":null,"category":"other","historic":null,"building":"yes","osm_id":257841093}},{"type":"Feature","geometry":{"type":"Polygon","coordinates":[[[10.2152386,45.5463862],[10.2152817,45.5464982],[10.2155713,45.5464435],[10.2155281,45.5463315],[10.2152386,45.5463862]]]},"properties":{"site":"brescia","name":null,"category":"other","historic":null,"building":"yes","osm_id":257841094}},{"type":"Feature","geometry":{"type":"Polygon","coordinates":[[[10.2162073,45.5462414],[10.2160365,45.5462745],[10.2159761,45.5463379],[10.2160925,45.5463931],[10.2161484,45.5463356],[10.216237,45.5463187],[10.2162073,45.5462414]]]},"properties":{"site":"brescia","name":null,"category":"other","historic":null,"building":"yes","osm_id":257841098}},{"type":"Feature","geometry":{"type":"Polygon","coordinates":[[[10.2162849,45.546789],[10.2159983,45.5468453],[10.216029,45.5469219],[10.2164424,45.5468407],[10.2163554,45.5466236],[10.2162286,45.5466485],[10.2162849,45.546789]]]},"properties":{"site":"brescia","name":null,"category":"other","historic":null,"building":"yes","osm_id":257841101}},{"type":"Feature","geometry":{"type":"Polygon","coordinates":[[[10.2145032,45.5472223],[10.2145619,45.547369],[10.2147591,45.5473299],[10.2148835,45.5471954],[10.2148084,45.5471597],[10.2146977,45.5472769],[10.2145969,45.5472968],[10.2145659,45.54721],[10.2145032,45.5472223]]]},"properties":{"site":"brescia","name":null,"category":"other","historic":null,"building":"yes","osm_id":257841102}},{"type":"Feature","geometry":{"type":"Polygon","coordinates":[[[10.2314645,45.5354489],[10.2314671,45.5355272],[10.2314235,45.5355279],[10.2314255,45.5355854],[10.2314802,45.5355844],[10.2314814,45.5356198],[10.2316428,45.5356171],[10.2316369,45.535446],[10.2314645,45.5354489]]]},"properties":{"site":"brescia","name":"Biblioteca Largo Torrelunga","category":"library","historic":null,"building":"yes","osm_id":258016576}},{"type":"Feature","geometry":{"type":"Polygon","coordinates":[[[10.2310089,45.5368438],[10.2312175,45.5368316],[10.2312054,45.5367304],[10.2309968,45.5367426],[10.2309991,45.5367616],[10.2310089,45.5368438]]]},"properties":{"site":"brescia","name":null,"category":"other","historic":null,"building":"apartments","osm_id":258016581}},{"type":"Feature","geometry":{"type":"Polygon","coordinates":[[[10.2309958,45.5371066],[10.2311086,45.5371134],[10.2311259,45.5368804],[10.2311271,45.5368648],[10.2310117,45.5368673],[10.2310079,45.5369243],[10.2310001,45.537042],[10.2309958,45.5371066]]]},"properties":{"site":"brescia","name":null,"category":"other","historic":null,"building":"apartments","osm_id":258016583}},{"type":"Feature","geometry":{"type":"Polygon","coordinates":[[[10.2328719,45.5336616],[10.2329626,45.5337028],[10.233015,45.533646],[10.2329243,45.5336048],[10.2328719,45.5336616]]]},"properties":{"site":"brescia","name":null,"category":"other","historic":null,"building":"yes","osm_id":258016584}},{"type":"Feature","geometry":{"type":"Polygon","coordinates":[[[10.2302417,45.5359029],[10.2302822,45.5359014],[10.2302717,45.5357649],[10.2302312,45.5357664],[10.2302417,45.5359029]]]},"properties":{"site":"brescia","name":null,"category":"other","historic":null,"building":"roof","osm_id":258016585}},{"type":"Feature","geometry":{"type":"Polygon","coordinates":[[[10.2317816,45.534529],[10.2318209,45.5345602],[10.2319403,45.5344863],[10.231901,45.5344552],[10.2317816,45.534529]]]},"properties":{"site":"brescia","name":null,"category":"other","historic":null,"building":"yes","osm_id":258016586}},{"type":"Feature","geometry":{"type":"Polygon","coordinates":[[[10.2315084,45.534483],[10.2313787,45.5345665],[10.2314444,45.5346165],[10.2315411,45.5345541],[10.2315741,45.534533],[10.2315084,45.534483]]]},"properties":{"site":"brescia","name":null,"category":"other","historic":null,"building":"yes","osm_id":258016587}},{"type":"Feature","geometry":{"type":"Polygon","coordinates":[[[10.2299867,45.5357529],[10.2299888,45.5357976],[10.2299773,45.5357979],[10.2299827,45.5359112],[10.2302417,45.5359029],[10.2302312,45.5357664],[10.2300773,45.5357703],[10.2300764,45.5357508],[10.2299867,45.5357529]]]},"properties":{"site":"brescia","name":null,"category":"other","historic":null,"building":"yes","osm_id":258016588}},{"type":"Feature","geometry":{"type":"Polygon","coordinates":[[[10.2302302,45.5345264],[10.2302459,45.5345988],[10.2303942,45.5345842],[10.2305074,45.5345732],[10.2304942,45.5344995],[10.2302302,45.5345264]]]},"properties":{"site":"brescia","name":null,"category":"other","historic":null,"building":"yes","osm_id":258016590}},{"type":"Feature","geometry":{"type":"Polygon","coordinates":[[[10.2300745,45.5340572],[10.2300924,45.5340948],[10.23013,45.5341723],[10.2302328,45.534148],[10.2303445,45.5341199],[10.2302868,45.5340046],[10.2300745,45.5340572]]]},"properties":{"site":"brescia","name":null,"category":"other","historic":null,"building":"yes","osm_id":258016591}},{"type":"Feature","geometry":{"type":"Polygon","coordinates":[[[10.2309767,45.5372427],[10.2309824,45.5372018],[10.2309958,45.5371066],[10.2311086,45.5371134],[10.2310952,45.537169],[10.2311948,45.5371764],[10.2311846,45.5372437],[10.2309767,45.5372427]]]},"properties":{"site":"brescia","name":null,"category":"other","historic":null,"building":"apartments","osm_id":258016592}},{"type":"Feature","geometry":{"type":"Polygon","coordinates":[[[10.2303445,45.5341199],[10.2302328,45.534148],[10.2303511,45.5343501],[10.2303715,45.5343967],[10.2303857,45.5344697],[10.2304976,45.5344624],[10.2304881,45.5343887],[10.2304638,45.5343177],[10.2303445,45.5341199]]]},"properties":{"site":"brescia","name":null,"category":"other","historic":null,"building":"yes","osm_id":258016593}},{"type":"Feature","geometry":{"type":"Polygon","coordinates":[[[10.2325148,45.5335116],[10.2324355,45.5334078],[10.2323362,45.5334451],[10.2323223,45.5334269],[10.2321918,45.5334759],[10.2323447,45.533676],[10.2324752,45.5336271],[10.2324155,45.5335489],[10.2325148,45.5335116]]]},"properties":{"site":"brescia","name":null,"category":"other","historic":null,"building":"yes","osm_id":258016594}},{"type":"Feature","geometry":{"type":"Polygon","coordinates":[[[10.2309799,45.5375697],[10.2310466,45.5375702],[10.2310482,45.5375504],[10.2310872,45.5375492],[10.2310889,45.5375052],[10.2311334,45.5375021],[10.2311415,45.5374611],[10.2311612,45.5373618],[10.2311846,45.5372437],[10.2309767,45.5372427],[10.2309768,45.5372579],[10.2309773,45.5373057],[10.2309797,45.5375532],[10.2309799,45.5375697]]]},"properties":{"site":"brescia","name":null,"category":"other","historic":null,"building":"apartments","osm_id":258016595}},{"type":"Feature","geometry":{"type":"Polygon","coordinates":[[[10.2124894,45.5482567],[10.2125353,45.5483591],[10.2126646,45.5483307],[10.2126172,45.548225],[10.2125829,45.5481441],[10.2122289,45.5482176],[10.212209,45.5481705],[10.212562,45.5480973],[10.2124705,45.5478802],[10.2123066,45.5479128],[10.2123334,45.5479783],[10.2123456,45.5479758],[10.2123802,45.5480577],[10.2122491,45.5480849],[10.2121848,45.547937],[10.2120361,45.5479652],[10.2121988,45.5483169],[10.2124894,45.5482567]]]},"properties":{"site":"brescia","name":null,"category":"other","historic":null,"building":"yes","osm_id":258163757}},{"type":"Feature","geometry":{"type":"Polygon","coordinates":[[[10.2274252,45.5429104],[10.2275271,45.5429624],[10.2277225,45.5427581],[10.227617,45.5427088],[10.2274467,45.5428878],[10.2274252,45.5429104]]]},"properties":{"site":"brescia","name":null,"category":"other","historic":null,"building":"yes","osm_id":258631241}},{"type":"Feature","geometry":{"type":"Polygon","coordinates":[[[10.2310117,45.5368673],[10.2310089,45.5368438],[10.2312175,45.5368316],[10.2312158,45.5368782],[10.2311259,45.5368804],[10.2311271,45.5368648],[10.2310117,45.5368673]]]},"properties":{"site":"brescia","name":null,"category":"other","historic":null,"building":"apartments","osm_id":258649823}},{"type":"Feature","geometry":{"type":"Polygon","coordinates":[[[10.2331078,45.5335458],[10.233155,45.5334947],[10.2330643,45.5334535],[10.2330171,45.5335046],[10.2331078,45.5335458]]]},"properties":{"site":"brescia","name":null,"category":"other","historic":null,"building":"yes","osm_id":258748494}},{"type":"Feature","geometry":{"type":"Polygon","coordinates":[[[10.2330633,45.5335938],[10.2331078,45.5335458],[10.2330171,45.5335046],[10.2329726,45.5335526],[10.2330633,45.5335938]]]},"properties":{"site":"brescia","name":null,"category":"other","historic":null,"building":"yes","osm_id":258748495}},{"type":"Feature","geometry":{"type":"Polygon","coordinates":[[[10.2328923,45.5338015],[10.2329659,45.5338394],[10.2330379,45.5337709],[10.2329643,45.533733],[10.2328923,45.5338015]]]},"properties":{"site":"brescia","name":null,"category":"other","historic":null,"building":"yes","osm_id":258748496}},{"type":"Feature","geometry":{"type":"Polygon","coordinates":[[[10.2330731,45.5334441],[10.2331638,45.5334853],[10.2332102,45.5334352],[10.2331195,45.533394],[10.2330731,45.5334441]]]},"properties":{"site":"brescia","name":null,"category":"other","historic":null,"building":"yes","osm_id":258748497}},{"type":"Feature","geometry":{"type":"Polygon","coordinates":[[[10.2329726,45.5335526],[10.2329243,45.5336048],[10.233015,45.533646],[10.2330633,45.5335938],[10.2329726,45.5335526]]]},"properties":{"site":"brescia","name":null,"category":"other","historic":null,"building":"yes","osm_id":258748498}},{"type":"Feature","geometry":{"type":"Polygon","coordinates":[[[10.2321727,45.5365493],[10.2322854,45.5365476],[10.2322805,45.5364186],[10.2324502,45.5364126],[10.2324609,45.5365435],[10.2325987,45.5365382],[10.2325881,45.5364288],[10.232537,45.5364301],[10.2325235,45.5362998],[10.2325066,45.5363006],[10.2324582,45.5363029],[10.2323519,45.536308],[10.2322599,45.5363124],[10.2321922,45.5363156],[10.2321727,45.5365493]]]},"properties":{"site":"brescia","name":null,"category":"other","historic":null,"building":"apartments","osm_id":258768575}},{"type":"Feature","geometry":{"type":"Polygon","coordinates":[[[10.2334107,45.5372653],[10.2335756,45.5372375],[10.233509,45.5370443],[10.2333442,45.5370721],[10.2334107,45.5372653]]]},"properties":{"site":"brescia","name":null,"category":"other","historic":null,"building":"apartments","osm_id":258768576}},{"type":"Feature","geometry":{"type":"Polygon","coordinates":[[[10.2345075,45.5383649],[10.2343501,45.5384369],[10.2344487,45.5385426],[10.234606,45.5384706],[10.2345075,45.5383649]]]},"properties":{"site":"brescia","name":null,"category":"other","historic":null,"building":"yes","osm_id":258768578}},{"type":"Feature","geometry":{"type":"Polygon","coordinates":[[[10.2340638,45.5381058],[10.2342274,45.5380285],[10.2341257,45.5379229],[10.2339621,45.5380002],[10.2340638,45.5381058]]]},"properties":{"site":"brescia","name":null,"category":"other","historic":null,"building":"apartments","osm_id":258768579}},{"type":"Feature","geometry":{"type":"Polygon","coordinates":[[[10.2337205,45.5368495],[10.2339365,45.5368029],[10.2338717,45.5366556],[10.2336557,45.5367022],[10.2337205,45.5368495]]]},"properties":{"site":"brescia","name":null,"category":"other","historic":null,"building":"apartments","osm_id":258768581}},{"type":"Feature","geometry":{"type":"Polygon","coordinates":[[[10.235989,45.5407406],[10.2361374,45.5406556],[10.2362973,45.5405641],[10.2362241,45.5405014],[10.2359158,45.5406779],[10.235989,45.5407406]]]},"properties":{"site":"brescia","name":null,"category":"other","historic":null,"building":"yes","osm_id":258768583}},{"type":"Feature","geometry":{"type":"Polygon","coordinates":[[[10.2337723,45.5378212],[10.2339941,45.5377685],[10.2339317,45.5376397],[10.23371,45.5376924],[10.2337723,45.5378212]]]},"properties":{"site":"brescia","name":null,"category":"other","historic":null,"building":"apartments","osm_id":258768585}},{"type":"Feature","geometry":{"type":"Polygon","coordinates":[[[10.2348307,45.5408506],[10.2349213,45.5409131],[10.2348898,45.5409355],[10.2349425,45.5409718],[10.2350669,45.5408832],[10.2350487,45.5408707],[10.2351013,45.5408333],[10.2349761,45.5407471],[10.2348307,45.5408506]]]},"properties":{"site":"brescia","name":null,"category":"other","historic":null,"building":"yes","osm_id":258768589}},{"type":"Feature","geometry":{"type":"Polygon","coordinates":[[[10.2331725,45.5369765],[10.2331165,45.5368361],[10.2329667,45.5368653],[10.2330226,45.5370058],[10.2331725,45.5369765]]]},"properties":{"site":"brescia","name":null,"category":"other","historic":null,"building":"apartments","osm_id":258768591}},{"type":"Feature","geometry":{"type":"Polygon","coordinates":[[[10.232752,45.5368003],[10.2329864,45.5367834],[10.232963,45.5366246],[10.2327287,45.5366415],[10.232752,45.5368003]]]},"properties":{"site":"brescia","name":null,"category":"other","historic":null,"building":"yes","osm_id":258768593}},{"type":"Feature","geometry":{"type":"Polygon","coordinates":[[[10.2326633,45.5370846],[10.2328679,45.5370424],[10.232812,45.5369094],[10.2326074,45.5369516],[10.2326633,45.5370846]]]},"properties":{"site":"brescia","name":null,"category":"other","historic":null,"building":"yes","osm_id":258768594}},{"type":"Feature","geometry":{"type":"Polygon","coordinates":[[[10.2327144,45.5365328],[10.2328667,45.5365241],[10.2328475,45.5363592],[10.2326952,45.5363679],[10.2327144,45.5365328]]]},"properties":{"site":"brescia","name":null,"category":"other","historic":null,"building":"apartments","osm_id":258768597}},{"type":"Feature","geometry":{"type":"Polygon","coordinates":[[[10.2339555,45.538143],[10.2338606,45.5380448],[10.2337008,45.5381205],[10.2337957,45.5382187],[10.2339555,45.538143]]]},"properties":{"site":"brescia","name":null,"category":"other","historic":null,"building":"apartments","osm_id":258768599}},{"type":"Feature","geometry":{"type":"Polygon","coordinates":[[[10.235421,45.5409506],[10.2352775,45.5409087],[10.2352251,45.5409968],[10.2353686,45.5410387],[10.235421,45.5409506]]]},"properties":{"site":"brescia","name":null,"category":"other","historic":null,"building":"yes","osm_id":258768600}},{"type":"Feature","geometry":{"type":"Polygon","coordinates":[[[10.233552,45.536515],[10.233666,45.5366143],[10.2338878,45.5364893],[10.2337738,45.5363901],[10.233552,45.536515]]]},"properties":{"site":"brescia","name":null,"category":"other","historic":null,"building":"yes","osm_id":258768601}},{"type":"Feature","geometry":{"type":"Polygon","coordinates":[[[10.2328756,45.5373254],[10.2332275,45.5372484],[10.2331692,45.5371176],[10.2328172,45.5371946],[10.2328756,45.5373254]]]},"properties":{"site":"brescia","name":null,"category":"other","historic":null,"building":"apartments","osm_id":258768603}},{"type":"Feature","geometry":{"type":"Polygon","coordinates":[[[10.2330289,45.5375773],[10.2331405,45.5376851],[10.2334355,45.5375351],[10.233324,45.5374274],[10.2330289,45.5375773]]]},"properties":{"site":"brescia","name":null,"category":"other","historic":null,"building":"apartments","osm_id":258768605}},{"type":"Feature","geometry":{"type":"Polygon","coordinates":[[[10.2339162,45.5372417],[10.2342112,45.5371897],[10.2341587,45.5370434],[10.2338636,45.5370954],[10.2339162,45.5372417]]]},"properties":{"site":"brescia","name":null,"category":"other","historic":null,"building":"apartments","osm_id":258768606}},{"type":"Feature","geometry":{"type":"Polygon","coordinates":[[[10.233733,45.537897],[10.2336157,45.5377712],[10.2334205,45.5378605],[10.2335378,45.5379863],[10.233733,45.537897]]]},"properties":{"site":"brescia","name":null,"category":"other","historic":null,"building":"yes","osm_id":258768607}},{"type":"Feature","geometry":{"type":"Polygon","coordinates":[[[10.2330876,45.536755],[10.2332882,45.5367435],[10.233275,45.536631],[10.2330745,45.5366425],[10.2330876,45.536755]]]},"properties":{"site":"brescia","name":null,"category":"other","historic":null,"building":"apartments","osm_id":258768609}},{"type":"Feature","geometry":{"type":"Polygon","coordinates":[[[10.2321842,45.5369334],[10.2324335,45.5369483],[10.2324515,45.5368016],[10.2326008,45.5368105],[10.232621,45.5366452],[10.2322224,45.5366213],[10.2321842,45.5369334]]]},"properties":{"site":"brescia","name":null,"category":"other","historic":null,"building":"apartments","osm_id":258768610}},{"type":"Feature","geometry":{"type":"Polygon","coordinates":[[[10.2334924,45.5380838],[10.2333452,45.537926],[10.2330895,45.538043],[10.2331744,45.5381341],[10.2332876,45.5380824],[10.2333498,45.5381491],[10.2334924,45.5380838]]]},"properties":{"site":"brescia","name":null,"category":"other","historic":null,"building":"apartments","osm_id":258768611}},{"type":"Feature","geometry":{"type":"Polygon","coordinates":[[[10.2321995,45.536959],[10.2321913,45.5370506],[10.2322983,45.5371107],[10.2324271,45.5370745],[10.2323683,45.5369705],[10.2321995,45.536959]]]},"properties":{"site":"brescia","name":null,"category":"other","historic":null,"building":"apartments","osm_id":258768612}},{"type":"Feature","geometry":{"type":"Polygon","coordinates":[[[10.2340078,45.5361189],[10.2339687,45.5360657],[10.23388,45.536051],[10.2337329,45.5361096],[10.2337628,45.5361493],[10.2337605,45.5361837],[10.2337334,45.5362269],[10.2339341,45.5362954],[10.2339929,45.5362172],[10.2338793,45.5361753],[10.2338793,45.5361623],[10.2340078,45.5361189]]]},"properties":{"site":"brescia","name":null,"category":"other","historic":null,"building":"apartments","osm_id":258779438}},{"type":"Feature","geometry":{"type":"Polygon","coordinates":[[[10.2359178,45.5376705],[10.236188,45.5374906],[10.2360185,45.5373657],[10.2358071,45.5375065],[10.2358938,45.5375704],[10.235835,45.5376096],[10.2359178,45.5376705]]]},"properties":{"site":"brescia","name":null,"category":"other","historic":null,"building":"yes","osm_id":258779448}},{"type":"Feature","geometry":{"type":"Polygon","coordinates":[[[10.2350043,45.5368504],[10.2351372,45.5368229],[10.23509,45.5367113],[10.2349571,45.5367388],[10.2350043,45.5368504]]]},"properties":{"site":"brescia","name":null,"category":"other","historic":null,"building":"yes","osm_id":258779455}},{"type":"Feature","geometry":{"type":"Polygon","coordinates":[[[10.2344917,45.5389223],[10.2344491,45.5388782],[10.2343716,45.5389149],[10.2344143,45.5389591],[10.2344917,45.5389223]]]},"properties":{"site":"brescia","name":null,"category":"other","historic":null,"building":"yes","osm_id":258779456}},{"type":"Feature","geometry":{"type":"Polygon","coordinates":[[[10.2346386,45.5359605],[10.2348801,45.5358918],[10.2348076,45.5357668],[10.2345661,45.5358355],[10.2346386,45.5359605]]]},"properties":{"site":"brescia","name":null,"category":"other","historic":null,"building":"apartments","osm_id":258779459}},{"type":"Feature","geometry":{"type":"Polygon","coordinates":[[[10.2352818,45.5358316],[10.2350437,45.5359195],[10.235112,45.5360104],[10.2353502,45.5359225],[10.2352818,45.5358316]]]},"properties":{"site":"brescia","name":null,"category":"other","historic":null,"building":"apartments","osm_id":258779462}},{"type":"Feature","geometry":{"type":"Polygon","coordinates":[[[10.2342845,45.5362822],[10.2344993,45.5362212],[10.2344329,45.5361067],[10.2342182,45.5361678],[10.2342845,45.5362822]]]},"properties":{"site":"brescia","name":null,"category":"other","historic":null,"building":"apartments","osm_id":258779464}},{"type":"Feature","geometry":{"type":"Polygon","coordinates":[[[10.23552,45.5361909],[10.2356773,45.5361846],[10.2356666,45.536055],[10.2355094,45.5360613],[10.23552,45.5361909]]]},"properties":{"site":"brescia","name":null,"category":"other","historic":null,"building":"apartments","osm_id":258779472}},{"type":"Feature","geometry":{"type":"Polygon","coordinates":[[[10.2353073,45.5396743],[10.2353934,45.539649],[10.2353558,45.5395862],[10.2352697,45.5396115],[10.2353073,45.5396743]]]},"properties":{"site":"brescia","name":null,"category":"other","historic":null,"building":"yes","osm_id":258779473}},{"type":"Feature","geometry":{"type":"Polygon","coordinates":[[[10.2359803,45.5395425],[10.23574,45.5394986],[10.2356953,45.5396185],[10.2359356,45.5396624],[10.2359803,45.5395425]]]},"properties":{"site":"brescia","name":null,"category":"other","historic":null,"building":"yes","osm_id":258779474}},{"type":"Feature","geometry":{"type":"Polygon","coordinates":[[[10.2354844,45.5358143],[10.2354968,45.535925],[10.235798,45.5359086],[10.2357857,45.5357979],[10.2354844,45.5358143]]]},"properties":{"site":"brescia","name":null,"category":"other","historic":null,"building":"apartments","osm_id":258779476}},{"type":"Feature","geometry":{"type":"Polygon","coordinates":[[[10.2346618,45.5382372],[10.2348445,45.5384081],[10.2350615,45.5382942],[10.2349788,45.5382169],[10.2348898,45.5382636],[10.2347897,45.5381701],[10.2346618,45.5382372]]]},"properties":{"site":"brescia","name":null,"category":"other","historic":null,"building":"yes","osm_id":258779478}},{"type":"Feature","geometry":{"type":"Polygon","coordinates":[[[10.2351808,45.5364977],[10.2352131,45.536569],[10.2353673,45.5365348],[10.235335,45.5364635],[10.2351808,45.5364977]]]},"properties":{"site":"brescia","name":null,"category":"other","historic":null,"building":"yes","osm_id":258779479}},{"type":"Feature","geometry":{"type":"Polygon","coordinates":[[[10.2356656,45.5394129],[10.2358722,45.5394001],[10.2358456,45.5391894],[10.235639,45.5392022],[10.2356656,45.5394129]]]},"properties":{"site":"brescia","name":null,"category":"other","historic":null,"building":"yes","osm_id":258779482}},{"type":"Feature","geometry":{"type":"Polygon","coordinates":[[[10.2349957,45.5387861],[10.235119,45.5388054],[10.2351722,45.5386393],[10.2350489,45.53862],[10.2349957,45.5387861]]]},"properties":{"site":"brescia","name":null,"category":"other","historic":null,"building":"yes","osm_id":258779490}},{"type":"Feature","geometry":{"type":"Polygon","coordinates":[[[10.2350681,45.5379704],[10.2351137,45.5380909],[10.2354144,45.538035],[10.2353689,45.5379146],[10.2350681,45.5379704]]]},"properties":{"site":"brescia","name":null,"category":"other","historic":null,"building":"yes","osm_id":258779493}},{"type":"Feature","geometry":{"type":"Polygon","coordinates":[[[10.2343802,45.5360409],[10.234314,45.5359267],[10.2340984,45.535988],[10.2341646,45.5361022],[10.2343802,45.5360409]]]},"properties":{"site":"brescia","name":null,"category":"other","historic":null,"building":"apartments","osm_id":258779504}},{"type":"Feature","geometry":{"type":"Polygon","coordinates":[[[10.2348331,45.5359575],[10.2346171,45.5360189],[10.2347024,45.536166],[10.234779,45.5361442],[10.2349184,45.5361046],[10.2348331,45.5359575]]]},"properties":{"site":"brescia","name":null,"category":"other","historic":null,"building":"apartments","osm_id":258779505}},{"type":"Feature","geometry":{"type":"Polygon","coordinates":[[[10.2351496,45.5357918],[10.2350667,45.5356809],[10.2348921,45.5357449],[10.2349749,45.5358558],[10.2351496,45.5357918]]]},"properties":{"site":"brescia","name":null,"category":"other","historic":null,"building":"apartments","osm_id":258779506}},{"type":"Feature","geometry":{"type":"Polygon","coordinates":[[[10.2353895,45.5401051],[10.2352768,45.5399607],[10.2351082,45.5400252],[10.2352209,45.5401697],[10.2353895,45.5401051]]]},"properties":{"site":"brescia","name":null,"category":"other","historic":null,"building":"yes","osm_id":258779508}},{"type":"Feature","geometry":{"type":"Polygon","coordinates":[[[10.2359083,45.5402742],[10.2360731,45.5401731],[10.2359827,45.5401009],[10.235818,45.540202],[10.2359083,45.5402742]]]},"properties":{"site":"brescia","name":null,"category":"other","historic":null,"building":"yes","osm_id":258779509}},{"type":"Feature","geometry":{"type":"Polygon","coordinates":[[[10.2349894,45.5359195],[10.2349039,45.5359438],[10.2349852,45.5360841],[10.2350707,45.5360598],[10.2349894,45.5359195]]]},"properties":{"site":"brescia","name":null,"category":"other","historic":null,"building":"apartments","osm_id":258779513}},{"type":"Feature","geometry":{"type":"Polygon","coordinates":[[[10.2357605,45.5403241],[10.2356914,45.5402035],[10.2355219,45.5402511],[10.235591,45.5403717],[10.2357605,45.5403241]]]},"properties":{"site":"brescia","name":null,"category":"other","historic":null,"building":"yes","osm_id":258779516}},{"type":"Feature","geometry":{"type":"Polygon","coordinates":[[[10.2358453,45.5366881],[10.2359765,45.5366028],[10.2358245,45.5364881],[10.2356933,45.5365734],[10.2358453,45.5366881]]]},"properties":{"site":"brescia","name":null,"category":"other","historic":null,"building":"apartments","osm_id":258779518}},{"type":"Feature","geometry":{"type":"Polygon","coordinates":[[[10.2357667,45.5355591],[10.2357824,45.5356857],[10.2359538,45.5356752],[10.2359381,45.5355486],[10.2357667,45.5355591]]]},"properties":{"site":"brescia","name":null,"category":"other","historic":null,"building":"yes","osm_id":258779520}},{"type":"Feature","geometry":{"type":"Polygon","coordinates":[[[10.2351946,45.5364493],[10.2351319,45.5362557],[10.2349096,45.536291],[10.2349723,45.5364847],[10.2351946,45.5364493]]]},"properties":{"site":"brescia","name":null,"category":"other","historic":null,"building":"apartments","osm_id":258779522}},{"type":"Feature","geometry":{"type":"Polygon","coordinates":[[[10.2360537,45.5365213],[10.2361982,45.5364273],[10.2360878,45.536344],[10.2359433,45.536438],[10.2360537,45.5365213]]]},"properties":{"site":"brescia","name":null,"category":"other","historic":null,"building":"apartments","osm_id":258779527}},{"type":"Feature","geometry":{"type":"Polygon","coordinates":[[[10.2354392,45.5357035],[10.2356721,45.5356894],[10.2356589,45.5355831],[10.235426,45.5355973],[10.2354392,45.5357035]]]},"properties":{"site":"brescia","name":null,"category":"other","historic":null,"building":"apartments","osm_id":258779530}},{"type":"Feature","geometry":{"type":"Polygon","coordinates":[[[10.2349889,45.538117],[10.2351122,45.5382362],[10.235158,45.538213],[10.2350346,45.5380938],[10.2349889,45.538117]]]},"properties":{"site":"brescia","name":null,"category":"other","historic":null,"building":"yes","osm_id":258779541}},{"type":"Feature","geometry":{"type":"Polygon","coordinates":[[[10.2349958,45.5370508],[10.2350462,45.5371293],[10.2352567,45.5370631],[10.2352063,45.5369845],[10.2349958,45.5370508]]]},"properties":{"site":"brescia","name":null,"category":"other","historic":null,"building":"apartments","osm_id":258779548}},{"type":"Feature","geometry":{"type":"Polygon","coordinates":[[[10.2352913,45.5390862],[10.2350776,45.5389685],[10.2349603,45.539073],[10.235174,45.5391907],[10.2352913,45.5390862]]]},"properties":{"site":"brescia","name":null,"category":"other","historic":null,"building":"yes","osm_id":258779550}},{"type":"Feature","geometry":{"type":"Polygon","coordinates":[[[10.2354146,45.5387853],[10.2352339,45.5387414],[10.235184,45.538842],[10.2353648,45.5388859],[10.2354146,45.5387853]]]},"properties":{"site":"brescia","name":null,"category":"other","historic":null,"building":"yes","osm_id":258779553}},{"type":"Feature","geometry":{"type":"Polygon","coordinates":[[[10.2357131,45.5397974],[10.2356628,45.5397782],[10.2354969,45.539992],[10.2356438,45.5400479],[10.2357247,45.5399437],[10.2357574,45.5399562],[10.2358729,45.5398074],[10.2357436,45.5397581],[10.2357131,45.5397974]]]},"properties":{"site":"brescia","name":null,"category":"other","historic":null,"building":"yes","osm_id":258779567}},{"type":"Feature","geometry":{"type":"Polygon","coordinates":[[[10.2293584,45.536122],[10.2293607,45.5361551],[10.2300728,45.5361307],[10.2307948,45.5361059],[10.2307925,45.5360727],[10.2307848,45.5359612],[10.2300658,45.5359882],[10.2293506,45.5360151],[10.2293584,45.536122]]]},"properties":{"site":"brescia","name":"Mercato dei Grani","category":"other","historic":null,"building":"retail","osm_id":258925136}},{"type":"Feature","geometry":{"type":"Polygon","coordinates":[[[10.2123448,45.54703],[10.2123779,45.5471025],[10.2126083,45.5470509],[10.2125727,45.5469729],[10.2126494,45.5469537],[10.2125849,45.5469075],[10.2123896,45.5469511],[10.2122895,45.5467318],[10.2121228,45.5467691],[10.2122515,45.5470509],[10.2123448,45.54703]]]},"properties":{"site":"brescia","name":null,"category":"other","historic":null,"building":"yes","osm_id":258956947}},{"type":"Feature","geometry":{"type":"Polygon","coordinates":[[[10.2117898,45.5442237],[10.2120105,45.5441668],[10.2119578,45.5440665],[10.2118868,45.5439315],[10.2116661,45.5439884],[10.2117898,45.5442237]]]},"properties":{"site":"brescia","name":null,"category":"other","historic":null,"building":"apartments","osm_id":258956971}},{"type":"Feature","geometry":{"type":"Polygon","coordinates":[[[10.2128918,45.5465931],[10.2129474,45.5467057],[10.2132585,45.5466303],[10.213203,45.5465178],[10.2128918,45.5465931]]]},"properties":{"site":"brescia","name":null,"category":"other","historic":null,"building":"yes","osm_id":258956978}},{"type":"Feature","geometry":{"type":"Polygon","coordinates":[[[10.2121923,45.5445164],[10.2121608,45.5444565],[10.2121251,45.5443886],[10.2121009,45.5443425],[10.2120769,45.5442968],[10.2120566,45.5442583],[10.2118658,45.5443075],[10.2120015,45.5445656],[10.2121923,45.5445164]]]},"properties":{"site":"brescia","name":null,"category":"other","historic":null,"building":"apartments","osm_id":258956981}},{"type":"Feature","geometry":{"type":"Polygon","coordinates":[[[10.2125674,45.5477749],[10.2131014,45.5476663],[10.2130569,45.5475541],[10.2127212,45.5476254],[10.2126772,45.5475125],[10.213092,45.547423],[10.2130614,45.5473638],[10.2129593,45.5472434],[10.2129213,45.5472519],[10.2128683,45.5471358],[10.2128838,45.5471501],[10.2129538,45.5472321],[10.213362,45.5471333],[10.2134102,45.5472262],[10.2130682,45.5473241],[10.2132029,45.5474687],[10.2134955,45.5473909],[10.213542,45.5474807],[10.2133481,45.5475237],[10.2133854,45.5476063],[10.2137235,45.5475269],[10.2134393,45.5469782],[10.2129599,45.5470943],[10.2128529,45.5469929],[10.2131817,45.5469132],[10.213217,45.5469847],[10.2134153,45.5469367],[10.2133691,45.546843],[10.2132645,45.5468683],[10.2132255,45.5467893],[10.2133292,45.5467642],[10.2132767,45.5466578],[10.2132726,45.5466588],[10.2132585,45.5466303],[10.2131696,45.5466519],[10.2131837,45.5466804],[10.2131036,45.5466998],[10.2131493,45.5467921],[10.212752,45.5468884],[10.2125969,45.5467898],[10.2128754,45.5467223],[10.2128181,45.5466062],[10.2123759,45.5467163],[10.2123502,45.5467471],[10.2126521,45.5469347],[10.2126877,45.5469677],[10.2126252,45.5469817],[10.2127645,45.5472866],[10.2124815,45.5473494],[10.2124179,45.5472087],[10.212462,45.547199],[10.2124232,45.5471132],[10.2123791,45.5471229],[10.212295,45.5471416],[10.2125674,45.5477749]]]},"properties":{"site":"brescia","name":null,"category":"other","historic":null,"building":"yes","osm_id":258956990}},{"type":"Feature","geometry":{"type":"Polygon","coordinates":[[[10.2223867,45.5465709],[10.2225339,45.5465387],[10.2225033,45.5464701],[10.222356,45.5465024],[10.2223867,45.5465709]]]},"properties":{"site":"brescia","name":null,"category":"other","historic":null,"building":"yes","osm_id":259084420}},{"type":"Feature","geometry":{"type":"Polygon","coordinates":[[[10.2220232,45.5448982],[10.2221653,45.5448674],[10.2221756,45.5449365],[10.2221308,45.5449623],[10.2220625,45.5449683],[10.222057,45.5449251],[10.2220269,45.544926],[10.2220232,45.5448982]]]},"properties":{"site":"brescia","name":null,"category":"other","historic":null,"building":"yes","osm_id":259084421}},{"type":"Feature","geometry":{"type":"Polygon","coordinates":[[[10.2242888,45.5459882],[10.2243278,45.5460764],[10.2244034,45.5460601],[10.2243644,45.5459718],[10.2243253,45.5459803],[10.2242888,45.5459882]]]},"properties":{"site":"brescia","name":null,"category":"other","historic":null,"building":"roof","osm_id":259113201}},{"type":"Feature","geometry":{"type":"Polygon","coordinates":[[[10.2217099,45.5413556],[10.2218496,45.5412982],[10.2217121,45.5411409],[10.2215771,45.5411926],[10.2217099,45.5413556]]]},"properties":{"site":"brescia","name":null,"category":"other","historic":null,"building":"yes","osm_id":259115527}},{"type":"Feature","geometry":{"type":"Polygon","coordinates":[[[10.2218142,45.5411519],[10.2217475,45.5410816],[10.2216877,45.5411094],[10.2217544,45.5411797],[10.2218142,45.5411519]]]},"properties":{"site":"brescia","name":null,"category":"other","historic":null,"building":"yes","osm_id":259115528}},{"type":"Feature","geometry":{"type":"Polygon","coordinates":[[[10.221834,45.5411394],[10.2218814,45.5411918],[10.222063,45.5411061],[10.2220228,45.5410557],[10.221834,45.5411394]]]},"properties":{"site":"brescia","name":null,"category":"other","historic":null,"building":"yes","osm_id":259115529}},{"type":"Feature","geometry":{"type":"Polygon","coordinates":[[[10.2242133,45.5395785],[10.2243595,45.5395637],[10.2248991,45.5395092],[10.2248623,45.5393372],[10.2247828,45.5393455],[10.2248028,45.5394392],[10.2246843,45.5394516],[10.2246496,45.5392895],[10.2245524,45.5392997],[10.2245862,45.5394575],[10.2244339,45.5394735],[10.2244006,45.539318],[10.2241677,45.5393425],[10.2242133,45.5395785]]]},"properties":{"site":"brescia","name":"Palazzo Martinengo Cesaresco Novarino","category":"other","historic":"yes","building":"public","osm_id":259142430}},{"type":"Feature","geometry":{"type":"Polygon","coordinates":[[[10.2276729,45.5399113],[10.2276642,45.5398389],[10.2274979,45.5398486],[10.2275066,45.5399211],[10.2276729,45.5399113]]]},"properties":{"site":"brescia","name":null,"category":"other","historic":null,"building":"yes","osm_id":259175209}},{"type":"Feature","geometry":{"type":"Polygon","coordinates":[[[10.2342047,45.5377239],[10.2343262,45.5376859],[10.2342633,45.5375875],[10.2341418,45.5376256],[10.2342047,45.5377239]]]},"properties":{"site":"brescia","name":null,"category":"other","historic":null,"building":"yes","osm_id":259725097}},{"type":"Feature","geometry":{"type":"Polygon","coordinates":[[[10.2347616,45.5385445],[10.2348252,45.5385709],[10.2348591,45.5385394],[10.234925,45.5385725],[10.2349789,45.5385401],[10.2348808,45.5384741],[10.2347616,45.5385445]]]},"properties":{"site":"brescia","name":null,"category":"other","historic":null,"building":"yes","osm_id":259725099}},{"type":"Feature","geometry":{"type":"Polygon","coordinates":[[[10.2299782,45.5334378],[10.2298416,45.53319],[10.2296898,45.533228],[10.2298265,45.5334758],[10.2298504,45.53347],[10.2299782,45.5334378]]]},"properties":{"site":"brescia","name":null,"category":"other","historic":null,"building":"yes","osm_id":259782806}},{"type":"Feature","geometry":{"type":"Polygon","coordinates":[[[10.2298416,45.53319],[10.2297299,45.5329654],[10.2295175,45.5330172],[10.2296292,45.5332418],[10.2296898,45.533228],[10.2298416,45.53319]]]},"properties":{"site":"brescia","name":null,"category":"other","historic":null,"building":"yes","osm_id":259782808}},{"type":"Feature","geometry":{"type":"Polygon","coordinates":[[[10.2282022,45.5448356],[10.2281295,45.5448524],[10.2281456,45.5448867],[10.228227,45.5450597],[10.2282478,45.5451039],[10.2283205,45.5450871],[10.2282505,45.5449382],[10.2282022,45.5448356]]]},"properties":{"site":"brescia","name":null,"category":"other","historic":null,"building":"yes","osm_id":260157282}},{"type":"Feature","geometry":{"type":"Polygon","coordinates":[[[10.2281295,45.5448524],[10.2280532,45.5448705],[10.2280701,45.5449041],[10.2281456,45.5448867],[10.2281295,45.5448524]]]},"properties":{"site":"brescia","name":null,"category":"other","historic":null,"building":"yes","osm_id":260167576}},{"type":"Feature","geometry":{"type":"Polygon","coordinates":[[[10.2286011,45.5445209],[10.2286407,45.5445927],[10.228894,45.5445241],[10.2288544,45.5444523],[10.2286011,45.5445209]]]},"properties":{"site":"brescia","name":null,"category":"other","historic":null,"building":"yes","osm_id":260179639}},{"type":"Feature","geometry":{"type":"Polygon","coordinates":[[[10.2219679,45.5471914],[10.2223014,45.547113],[10.2222751,45.5470581],[10.2219416,45.5471365],[10.2219679,45.5471914]]]},"properties":{"site":"brescia","name":null,"category":"other","historic":null,"building":"yes","osm_id":260220925}},{"type":"Feature","geometry":{"type":"Polygon","coordinates":[[[10.2358625,45.5408418],[10.235923,45.5408595],[10.235968,45.5407844],[10.2359075,45.5407666],[10.2358625,45.5408418]]]},"properties":{"site":"brescia","name":null,"category":"other","historic":null,"building":"yes","osm_id":260912312}},{"type":"Feature","geometry":{"type":"Polygon","coordinates":[[[10.228685,45.5339712],[10.228658,45.5339249],[10.228714,45.5339085],[10.22874,45.5339561],[10.228685,45.5339712]]]},"properties":{"site":"brescia","name":null,"category":"other","historic":null,"building":"yes","osm_id":261162877}},{"type":"Feature","geometry":{"type":"Polygon","coordinates":[[[10.228471,45.5335829],[10.2284464,45.533533],[10.2286282,45.5334814],[10.228655,45.5335295],[10.228471,45.5335829]]]},"properties":{"site":"brescia","name":null,"category":"other","historic":null,"building":"yes","osm_id":261162878}},{"type":"Feature","geometry":{"type":"Polygon","coordinates":[[[10.228223,45.5331226],[10.2282198,45.5331159],[10.2282042,45.533083],[10.2281907,45.5330545],[10.2282676,45.5330279],[10.2283,45.5330636],[10.2282432,45.5330786],[10.2282625,45.5331117],[10.228223,45.5331226]]]},"properties":{"site":"brescia","name":null,"category":"other","historic":null,"building":"church","osm_id":261162880}},{"type":"Feature","geometry":{"type":"Polygon","coordinates":[[[10.2148182,45.5403453],[10.214804,45.5402643],[10.2147848,45.5401406],[10.2145947,45.5401575],[10.2146643,45.5403435],[10.2145355,45.5403679],[10.2145479,45.540404],[10.2145655,45.5404552],[10.2145944,45.54051],[10.2145953,45.540526],[10.2147507,45.5404999],[10.2147229,45.5404266],[10.2147017,45.5403663],[10.2148182,45.5403453]]]},"properties":{"site":"brescia","name":null,"category":"other","historic":null,"building":"yes","osm_id":262894546}},{"type":"Feature","geometry":{"type":"Polygon","coordinates":[[[10.2148212,45.5396385],[10.2148273,45.5396624],[10.2148333,45.539693],[10.2149807,45.5396776],[10.2149791,45.5396701],[10.2151348,45.5396538],[10.2151566,45.5396429],[10.2151664,45.5396262],[10.2151566,45.5395801],[10.2150479,45.5395914],[10.214953,45.5396167],[10.2148212,45.5396385]]]},"properties":{"site":"brescia","name":null,"category":"other","historic":null,"building":"yes","osm_id":262894547}},{"type":"Feature","geometry":{"type":"Polygon","coordinates":[[[10.2142968,45.5402889],[10.2143084,45.5403169],[10.2143586,45.5403068],[10.2143977,45.540448],[10.2145184,45.5404252],[10.2145347,45.5404666],[10.2145651,45.5405434],[10.2144872,45.5405588],[10.214508,45.540607],[10.2145832,45.5405924],[10.2145993,45.5406343],[10.2146344,45.540726],[10.214598,45.5407321],[10.2145566,45.540739],[10.2145208,45.5407449],[10.2144768,45.5407522],[10.2144243,45.540761],[10.2143803,45.5407683],[10.2142864,45.5405432],[10.2142259,45.540395],[10.2141896,45.5403111],[10.2142968,45.5402889]]]},"properties":{"site":"brescia","name":null,"category":"other","historic":null,"building":"yes","osm_id":262894548}},{"type":"Feature","geometry":{"type":"Polygon","coordinates":[[[10.2148182,45.5403453],[10.2147017,45.5403663],[10.2147229,45.5404266],[10.2147997,45.5404164],[10.2148315,45.5405491],[10.2147693,45.5405593],[10.2147507,45.5404999],[10.2145953,45.540526],[10.2146211,45.5405876],[10.2146771,45.540721],[10.2147085,45.5407171],[10.2147482,45.5407122],[10.2148563,45.5406989],[10.2149777,45.540684],[10.2150075,45.5406803],[10.2149608,45.5404115],[10.2148926,45.5404196],[10.2148828,45.5403555],[10.21488,45.54034],[10.2148182,45.5403453]]]},"properties":{"site":"brescia","name":null,"category":"other","historic":null,"building":"yes","osm_id":262894549}},{"type":"Feature","geometry":{"type":"Polygon","coordinates":[[[10.2155402,45.5406537],[10.2155475,45.5406534],[10.2155825,45.5406521],[10.2156891,45.5406482],[10.2157182,45.5406471],[10.2157159,45.5406306],[10.2157156,45.5405697],[10.2156916,45.5404573],[10.2156784,45.5403632],[10.2156595,45.5402284],[10.2156532,45.5401966],[10.215645,45.5401551],[10.2156345,45.5401023],[10.2156205,45.5400322],[10.2156082,45.5399699],[10.2155875,45.5398657],[10.2155801,45.5398286],[10.2154098,45.5398468],[10.2153862,45.5398494],[10.2154042,45.5399347],[10.2154648,45.5399307],[10.2154998,45.5401254],[10.2155292,45.5402604],[10.2155301,45.5402867],[10.2155351,45.5403167],[10.2155495,45.5404028],[10.2154654,45.5404116],[10.215475,45.5404606],[10.215567,45.5404518],[10.2155761,45.5404975],[10.2155788,45.5405114],[10.2155867,45.5405569],[10.2155332,45.5405606],[10.2155402,45.5406537]]]},"properties":{"site":"brescia","name":null,"category":"other","historic":null,"building":"yes","osm_id":262894550}},{"type":"Feature","geometry":{"type":"Polygon","coordinates":[[[10.2149708,45.540348],[10.2149946,45.5404808],[10.2151324,45.5404808],[10.2152228,45.5404743],[10.2152213,45.5404627],[10.2153091,45.5404571],[10.2153159,45.5405096],[10.2155761,45.5404975],[10.215567,45.5404518],[10.215475,45.5404606],[10.2154654,45.5404116],[10.2154637,45.5404009],[10.2153284,45.5404131],[10.2153138,45.5403379],[10.2155351,45.5403167],[10.2155301,45.5402867],[10.2152384,45.5403177],[10.2152567,45.5404199],[10.2151561,45.540431],[10.2151433,45.5403332],[10.2149708,45.540348]]]},"properties":{"site":"brescia","name":null,"category":"other","historic":null,"building":"yes","osm_id":262894551}},{"type":"Feature","geometry":{"type":"Polygon","coordinates":[[[10.2142114,45.5395376],[10.2141511,45.5393739],[10.214311,45.539355],[10.2145256,45.5393298],[10.2152179,45.5392481],[10.2154583,45.5392198],[10.2155087,45.5394419],[10.2155309,45.5395397],[10.215535,45.5395576],[10.2153782,45.5395745],[10.2153739,45.5395578],[10.2153517,45.5394734],[10.2152868,45.5394817],[10.2152709,45.5394325],[10.215341,45.5394234],[10.2153238,45.5393655],[10.21499,45.5394079],[10.2149993,45.5394393],[10.2149171,45.5394507],[10.2148537,45.5394595],[10.2148591,45.5394767],[10.2147664,45.5394888],[10.2147912,45.539579],[10.2147014,45.539593],[10.2146458,45.5394316],[10.2145239,45.5394502],[10.214516,45.5394288],[10.2144499,45.5394401],[10.2143133,45.5394576],[10.2143358,45.539516],[10.2142114,45.5395376]]]},"properties":{"site":"brescia","name":null,"category":"other","historic":null,"building":"yes","osm_id":262894552}},{"type":"Feature","geometry":{"type":"Polygon","coordinates":[[[10.2154042,45.5399347],[10.2153862,45.5398494],[10.215289,45.5398595],[10.2153069,45.5399448],[10.2154042,45.5399347]]]},"properties":{"site":"brescia","name":null,"category":"other","historic":null,"building":"yes","osm_id":262894554}},{"type":"Feature","geometry":{"type":"Polygon","coordinates":[[[10.2151372,45.5399623],[10.2153069,45.5399448],[10.215289,45.5398595],[10.2152177,45.5398669],[10.2151189,45.5398779],[10.2151372,45.5399623]]]},"properties":{"site":"brescia","name":null,"category":"other","historic":null,"building":"yes","osm_id":262894555}},{"type":"Feature","geometry":{"type":"Polygon","coordinates":[[[10.2149489,45.5395542],[10.2149342,45.5395556],[10.214953,45.5396167],[10.2150479,45.5395914],[10.2149993,45.5394393],[10.2149171,45.5394507],[10.2149489,45.5395542]]]},"properties":{"site":"brescia","name":null,"category":"other","historic":null,"building":"yes","osm_id":262894556}},{"type":"Feature","geometry":{"type":"Polygon","coordinates":[[[10.2153159,45.5405096],[10.2153091,45.5404571],[10.2152213,45.5404627],[10.2152228,45.5404743],[10.2152298,45.5405274],[10.2153177,45.5405234],[10.2153159,45.5405096]]]},"properties":{"site":"brescia","name":null,"category":"other","historic":null,"building":"yes","osm_id":262894557}},{"type":"Feature","geometry":{"type":"Polygon","coordinates":[[[10.2142681,45.5402192],[10.2142968,45.5402889],[10.2143084,45.5403169],[10.2143586,45.5403068],[10.2144637,45.5402856],[10.2144235,45.5401878],[10.2142681,45.5402192]]]},"properties":{"site":"brescia","name":null,"category":"other","historic":null,"building":"yes","osm_id":262894558}},{"type":"Feature","geometry":{"type":"Polygon","coordinates":[[[10.2148828,45.5403555],[10.2149708,45.540348],[10.2151433,45.5403332],[10.2151264,45.5402367],[10.214804,45.5402643],[10.2148182,45.5403453],[10.21488,45.54034],[10.2148828,45.5403555]]]},"properties":{"site":"brescia","name":null,"category":"other","historic":null,"building":"yes","osm_id":262894559}},{"type":"Feature","geometry":{"type":"Polygon","coordinates":[[[10.2147893,45.5396671],[10.2148185,45.5398066],[10.2148399,45.5399066],[10.2148781,45.5399026],[10.2148619,45.5398273],[10.2148333,45.539693],[10.2148273,45.5396624],[10.2147893,45.5396671]]]},"properties":{"site":"brescia","name":null,"category":"other","historic":null,"building":"yes","osm_id":262894560}},{"type":"Feature","geometry":{"type":"Polygon","coordinates":[[[10.2138741,45.539545],[10.2138504,45.5394874],[10.213821,45.5394161],[10.2139728,45.5393929],[10.2141015,45.5393733],[10.2141394,45.5394737],[10.214146,45.5394911],[10.2141265,45.5394947],[10.2140275,45.5395144],[10.2139639,45.5395271],[10.2138741,45.539545]]]},"properties":{"site":"brescia","name":null,"category":"other","historic":null,"building":"yes","osm_id":262894561}},{"type":"Feature","geometry":{"type":"Polygon","coordinates":[[[10.2147832,45.5396432],[10.2148212,45.5396385],[10.214953,45.5396167],[10.2149342,45.5395556],[10.2147912,45.539579],[10.2147014,45.539593],[10.2147281,45.5396768],[10.2147893,45.5396671],[10.2147832,45.5396432]]]},"properties":{"site":"brescia","name":null,"category":"other","historic":null,"building":"yes","osm_id":262894562}},{"type":"Feature","geometry":{"type":"Polygon","coordinates":[[[10.2155301,45.5402867],[10.2155292,45.5402604],[10.2154227,45.5402718],[10.2154157,45.5402395],[10.2153871,45.5402426],[10.2153808,45.5402136],[10.2152184,45.5402309],[10.2152384,45.5403177],[10.2155301,45.5402867]]]},"properties":{"site":"brescia","name":null,"category":"other","historic":null,"building":"yes","osm_id":262894563}},{"type":"Feature","geometry":{"type":"Polygon","coordinates":[[[10.2150271,45.5405367],[10.215045,45.5406733],[10.2151339,45.5406698],[10.2152035,45.5406671],[10.215272,45.5406643],[10.2153243,45.5406622],[10.2153725,45.5406603],[10.2154274,45.5406582],[10.2154725,45.5406564],[10.2155134,45.5406548],[10.2155402,45.5406537],[10.2155332,45.5405606],[10.2155867,45.5405569],[10.2155788,45.5405114],[10.2153177,45.5405234],[10.2152298,45.5405274],[10.2150271,45.5405367]]]},"properties":{"site":"brescia","name":null,"category":"other","historic":null,"building":"yes","osm_id":262894564}},{"type":"Feature","geometry":{"type":"Polygon","coordinates":[[[10.215459,45.5397648],[10.2154267,45.5397757],[10.2154109,45.5397879],[10.2154026,45.5398126],[10.2154098,45.5398468],[10.2155801,45.5398286],[10.2155918,45.5398277],[10.2155758,45.5397526],[10.215459,45.5397648]]]},"properties":{"site":"brescia","name":null,"category":"other","historic":null,"building":"yes","osm_id":262894565}},{"type":"Feature","geometry":{"type":"Polygon","coordinates":[[[10.2150093,45.5398118],[10.2148619,45.5398273],[10.2148781,45.5399026],[10.2151189,45.5398779],[10.2152177,45.5398669],[10.2152091,45.5398265],[10.2151893,45.5398115],[10.2151582,45.5398038],[10.2150109,45.5398192],[10.2150093,45.5398118]]]},"properties":{"site":"brescia","name":null,"category":"other","historic":null,"building":"yes","osm_id":262894566}},{"type":"Feature","geometry":{"type":"Polygon","coordinates":[[[10.2146615,45.5396923],[10.2146881,45.5397684],[10.2146458,45.539774],[10.214668,45.5398274],[10.2148185,45.5398066],[10.2148399,45.5399066],[10.2143754,45.539974],[10.2143615,45.5399379],[10.2143476,45.5399018],[10.2143353,45.5398699],[10.214318,45.5398248],[10.2142963,45.5397685],[10.2145992,45.5397053],[10.2146615,45.5396923]]]},"properties":{"site":"brescia","name":null,"category":"other","historic":null,"building":"yes","osm_id":262894567}},{"type":"Feature","geometry":{"type":"Polygon","coordinates":[[[10.2153739,45.5395578],[10.2153487,45.5395601],[10.2153588,45.5396071],[10.2153764,45.5396206],[10.2153977,45.5396292],[10.2154311,45.5396305],[10.2155472,45.5396184],[10.215535,45.5395576],[10.2153782,45.5395745],[10.2153739,45.5395578]]]},"properties":{"site":"brescia","name":null,"category":"other","historic":null,"building":"yes","osm_id":262894568}},{"type":"Feature","geometry":{"type":"Polygon","coordinates":[[[10.2130522,45.5394888],[10.213093,45.5394847],[10.2131449,45.5394795],[10.2134009,45.5394634],[10.2134829,45.5394583],[10.2135767,45.5394429],[10.2136487,45.539431],[10.2136824,45.5395285],[10.2135137,45.5395618],[10.213545,45.5396594],[10.2135604,45.5397076],[10.2134834,45.5397174],[10.2134387,45.5395749],[10.2132253,45.5395941],[10.2131898,45.5395982],[10.213094,45.5396093],[10.2130522,45.5394888]]]},"properties":{"site":"brescia","name":null,"category":"other","historic":null,"building":"yes","osm_id":262896708}},{"type":"Feature","geometry":{"type":"Polygon","coordinates":[[[10.2140903,45.5403182],[10.2140727,45.5403219],[10.2140808,45.540341],[10.2140328,45.540351],[10.2140247,45.5403319],[10.2135407,45.5404325],[10.2134795,45.5402881],[10.213831,45.540215],[10.2137462,45.5400148],[10.2133981,45.5400872],[10.2133383,45.539946],[10.2138846,45.5398325],[10.2139813,45.5400608],[10.2140903,45.5403182]]]},"properties":{"site":"brescia","name":"Palazzo Bargnani","category":"other","historic":null,"building":"palace","osm_id":262896710}},{"type":"Feature","geometry":{"type":"Polygon","coordinates":[[[10.2139076,45.5407233],[10.2139806,45.5407059],[10.2139757,45.5406961],[10.2139916,45.5406923],[10.2139662,45.540639],[10.2140277,45.5406246],[10.214021,45.5406105],[10.2140423,45.5406055],[10.2140333,45.5405869],[10.2139505,45.5406063],[10.213907,45.5405151],[10.2138126,45.5405365],[10.2139076,45.5407233]]]},"properties":{"site":"brescia","name":null,"category":"other","historic":null,"building":"yes","osm_id":262896712}},{"type":"Feature","geometry":{"type":"Polygon","coordinates":[[[10.2141061,45.5406152],[10.214219,45.5405887],[10.2141886,45.5405243],[10.2141575,45.5404583],[10.2139898,45.5404963],[10.2140333,45.5405869],[10.2140423,45.5406055],[10.214021,45.5406105],[10.2140277,45.5406246],[10.214053,45.5406773],[10.2140737,45.5407205],[10.2141183,45.5407101],[10.2141023,45.5406768],[10.2141323,45.5406698],[10.2141061,45.5406152]]]},"properties":{"site":"brescia","name":null,"category":"other","historic":null,"building":"yes","osm_id":262896714}},{"type":"Feature","geometry":{"type":"Polygon","coordinates":[[[10.214219,45.5405887],[10.2142424,45.5406367],[10.2143136,45.5407829],[10.2142685,45.5407948],[10.2141595,45.5408233],[10.214106,45.5408375],[10.2140198,45.5408603],[10.2139757,45.540872],[10.2139233,45.5407623],[10.2139994,45.5407437],[10.2139806,45.5407059],[10.2139757,45.5406961],[10.2139916,45.5406923],[10.214053,45.5406773],[10.2140737,45.5407205],[10.2141183,45.5407101],[10.2141023,45.5406768],[10.2141323,45.5406698],[10.2141061,45.5406152],[10.214219,45.5405887]]]},"properties":{"site":"brescia","name":null,"category":"other","historic":null,"building":"yes","osm_id":262896716}},{"type":"Feature","geometry":{"type":"Polygon","coordinates":[[[10.2136487,45.539431],[10.2137322,45.5394182],[10.2137434,45.5394499],[10.2137653,45.5395116],[10.2137833,45.5395625],[10.2137993,45.5396076],[10.2138166,45.5396564],[10.2138725,45.5398143],[10.2133238,45.5399214],[10.2132075,45.5396157],[10.2133003,45.5396022],[10.2134027,45.5398457],[10.2136305,45.5397992],[10.213606,45.5397123],[10.2135642,45.5397194],[10.2135604,45.5397076],[10.213545,45.5396594],[10.2136896,45.5396315],[10.2136622,45.5395547],[10.2136896,45.5395507],[10.2136824,45.5395285],[10.2136487,45.539431]]]},"properties":{"site":"brescia","name":null,"category":"other","historic":null,"building":"yes","osm_id":262896718}},{"type":"Feature","geometry":{"type":"Polygon","coordinates":[[[10.213094,45.5396093],[10.2131128,45.5396638],[10.2132014,45.539655],[10.2132786,45.5398578],[10.2132536,45.5398607],[10.2131707,45.5398705],[10.2130565,45.539884],[10.2129336,45.5398996],[10.212892,45.539806],[10.2129692,45.5397953],[10.2131243,45.5397752],[10.2131133,45.5397332],[10.213064,45.5397396],[10.2130349,45.5396194],[10.2128993,45.5396355],[10.2129325,45.5397537],[10.2128672,45.5397621],[10.2127842,45.5395152],[10.2129324,45.5395006],[10.2130303,45.539491],[10.2130522,45.5394888],[10.213094,45.5396093]]]},"properties":{"site":"brescia","name":null,"category":"other","historic":null,"building":"yes","osm_id":262896722}},{"type":"Feature","geometry":{"type":"Polygon","coordinates":[[[10.213144,45.5401036],[10.2130242,45.5401208],[10.2129336,45.5398996],[10.2130565,45.539884],[10.213144,45.5401036]]]},"properties":{"site":"brescia","name":null,"category":"other","historic":null,"building":"yes","osm_id":262896725}},{"type":"Feature","geometry":{"type":"Polygon","coordinates":[[[10.2139898,45.5404963],[10.2141575,45.5404583],[10.2141263,45.5403908],[10.2141087,45.5403528],[10.213941,45.5403908],[10.2139898,45.5404963]]]},"properties":{"site":"brescia","name":null,"category":"other","historic":null,"building":"yes","osm_id":262896728}},{"type":"Feature","geometry":{"type":"Polygon","coordinates":[[[10.2132785,45.5402957],[10.2133801,45.5404871],[10.2132496,45.5405195],[10.2131469,45.5403239],[10.2132785,45.5402957]]]},"properties":{"site":"brescia","name":null,"category":"other","historic":null,"building":"yes","osm_id":262896730}},{"type":"Feature","geometry":{"type":"Polygon","coordinates":[[[10.2131133,45.5397332],[10.213064,45.5397396],[10.2129581,45.5397533],[10.2129692,45.5397953],[10.2131243,45.5397752],[10.2131133,45.5397332]]]},"properties":{"site":"brescia","name":null,"category":"other","historic":null,"building":"yes","osm_id":262896732}},{"type":"Feature","geometry":{"type":"Polygon","coordinates":[[[10.2133443,45.5400788],[10.2132822,45.5399293],[10.2132536,45.5398607],[10.2131707,45.5398705],[10.2132256,45.5400024],[10.213182,45.5400113],[10.2132206,45.5401041],[10.2133443,45.5400788]]]},"properties":{"site":"brescia","name":null,"category":"other","historic":null,"building":"yes","osm_id":262896737}},{"type":"Feature","geometry":{"type":"Polygon","coordinates":[[[10.2159679,45.5375984],[10.2160264,45.5376257],[10.2160867,45.5376537],[10.2161615,45.5376886],[10.2162673,45.5377378],[10.2163514,45.537777],[10.2163278,45.5377971],[10.2163075,45.5378077],[10.2162507,45.5378375],[10.2161345,45.5377863],[10.2159792,45.5377179],[10.2159525,45.5377338],[10.2159145,45.5377194],[10.2158682,45.5377431],[10.2158052,45.5376834],[10.2159679,45.5375984]]]},"properties":{"site":"brescia","name":null,"category":"other","historic":null,"building":"yes","osm_id":263866290}},{"type":"Feature","geometry":{"type":"Polygon","coordinates":[[[10.2156485,45.5374219],[10.2156647,45.5374291],[10.21571,45.5374493],[10.2157583,45.5374708],[10.2157856,45.5374829],[10.2158381,45.5375082],[10.2158438,45.5375088],[10.2157985,45.5375407],[10.2158783,45.5375791],[10.2158423,45.5376116],[10.2157682,45.5376591],[10.2157754,45.5376663],[10.2156541,45.537721],[10.2155873,45.5376396],[10.2156572,45.537613],[10.2154845,45.5375273],[10.2156485,45.5374219]]]},"properties":{"site":"brescia","name":null,"category":"other","historic":null,"building":"yes","osm_id":263866292}},{"type":"Feature","geometry":{"type":"Polygon","coordinates":[[[10.2154575,45.5375852],[10.2155287,45.5376624],[10.2154073,45.5377095],[10.2153881,45.5376852],[10.2153439,45.5377017],[10.2153768,45.5377471],[10.2154239,45.5377309],[10.2154557,45.5377721],[10.215332,45.5378171],[10.2152477,45.537686],[10.2152667,45.53768],[10.2152263,45.5376184],[10.2152871,45.5375956],[10.2153526,45.537632],[10.2154575,45.5375852]]]},"properties":{"site":"brescia","name":null,"category":"other","historic":null,"building":"yes","osm_id":263866295}},{"type":"Feature","geometry":{"type":"Polygon","coordinates":[[[10.2157219,45.5379304],[10.215614,45.5379715],[10.2156489,45.5380312],[10.2155368,45.5380579],[10.2155708,45.5381191],[10.2156736,45.5380968],[10.2157003,45.5381443],[10.2156226,45.5381606],[10.2156482,45.5382386],[10.2154862,45.5382898],[10.2154539,45.5382143],[10.2154387,45.5381788],[10.2154085,45.5381084],[10.2153879,45.5380602],[10.2153668,45.5380109],[10.2153518,45.5379759],[10.2153342,45.5379404],[10.2153093,45.5378903],[10.2154526,45.5378384],[10.2155081,45.5379075],[10.2156572,45.5378481],[10.2156937,45.5378946],[10.2157219,45.5379304]]]},"properties":{"site":"brescia","name":null,"category":"other","historic":null,"building":"yes","osm_id":263866300}},{"type":"Feature","geometry":{"type":"Polygon","coordinates":[[[10.2158866,45.5379229],[10.2158292,45.5378518],[10.2158062,45.5378613],[10.2157723,45.5378197],[10.2156941,45.5378491],[10.2157219,45.5378836],[10.2156937,45.5378946],[10.2156572,45.5378481],[10.2156431,45.5378303],[10.2155996,45.5377749],[10.2158052,45.5376834],[10.2158682,45.5377431],[10.2158813,45.5377554],[10.2158257,45.5377778],[10.215873,45.5378347],[10.2159104,45.5378194],[10.2159773,45.5378965],[10.2158866,45.5379229]]]},"properties":{"site":"brescia","name":null,"category":"other","historic":null,"building":"yes","osm_id":263866303}},{"type":"Feature","geometry":{"type":"Polygon","coordinates":[[[10.2158925,45.5379533],[10.2158771,45.5379578],[10.2158946,45.5379871],[10.2158567,45.5379983],[10.2158462,45.5379808],[10.2157301,45.5380148],[10.2157651,45.5380734],[10.215782,45.5380684],[10.2158012,45.5381005],[10.2159381,45.5380603],[10.2159173,45.5380255],[10.2160108,45.5379959],[10.2159847,45.5379521],[10.2160067,45.5379457],[10.215995,45.5379262],[10.2159773,45.5378965],[10.2158866,45.5379229],[10.2158762,45.537926],[10.2158925,45.5379533]]]},"properties":{"site":"brescia","name":null,"category":"other","historic":null,"building":"yes","osm_id":263866304}},{"type":"Feature","geometry":{"type":"Polygon","coordinates":[[[10.215532,45.5378014],[10.2155769,45.5378567],[10.2156431,45.5378303],[10.2155996,45.5377749],[10.215532,45.5378014]]]},"properties":{"site":"brescia","name":null,"category":"other","historic":null,"building":"yes","osm_id":263866306}},{"type":"Feature","geometry":{"type":"Polygon","coordinates":[[[10.2160187,45.5378151],[10.2161345,45.5377863],[10.2162507,45.5378375],[10.2160632,45.5378714],[10.2160187,45.5378151]]]},"properties":{"site":"brescia","name":null,"category":"other","historic":null,"building":"yes","osm_id":263866308}},{"type":"Feature","geometry":{"type":"Polygon","coordinates":[[[10.2153562,45.5374877],[10.2155069,45.5373924],[10.2155558,45.5374026],[10.2156149,45.5374149],[10.2156485,45.5374219],[10.2154845,45.5375273],[10.2154294,45.5375582],[10.2153562,45.5374877]]]},"properties":{"site":"brescia","name":null,"category":"other","historic":null,"building":"yes","osm_id":263866310}},{"type":"Feature","geometry":{"type":"Polygon","coordinates":[[[10.2159111,45.5378195],[10.2159936,45.5377835],[10.2160187,45.5378151],[10.2160632,45.5378714],[10.2160476,45.5378759],[10.2159773,45.5378965],[10.2159111,45.5378195]]]},"properties":{"site":"brescia","name":null,"category":"other","historic":null,"building":"yes","osm_id":263866311}},{"type":"Feature","geometry":{"type":"Polygon","coordinates":[[[10.2158423,45.5376116],[10.2158611,45.5376248],[10.215918,45.5375994],[10.2159173,45.5375442],[10.2158438,45.5375088],[10.2157985,45.5375407],[10.2158783,45.5375791],[10.2158423,45.5376116]]]},"properties":{"site":"brescia","name":null,"category":"other","historic":null,"building":"yes","osm_id":263866313}},{"type":"Feature","geometry":{"type":"Polygon","coordinates":[[[10.2151354,45.5376278],[10.2152136,45.5375993],[10.2152263,45.5376184],[10.2152871,45.5375956],[10.2152373,45.5375428],[10.2151075,45.5375891],[10.2151354,45.5376278]]]},"properties":{"site":"brescia","name":null,"category":"other","historic":null,"building":"yes","osm_id":263866316}},{"type":"Feature","geometry":{"type":"Polygon","coordinates":[[[10.2154575,45.5375852],[10.2153526,45.537632],[10.2152871,45.5375956],[10.2152373,45.5375428],[10.2153562,45.5374877],[10.2154294,45.5375582],[10.2154575,45.5375852]]]},"properties":{"site":"brescia","name":null,"category":"other","historic":null,"building":"yes","osm_id":263866318}},{"type":"Feature","geometry":{"type":"Polygon","coordinates":[[[10.2154073,45.5377095],[10.2155287,45.5376624],[10.2155873,45.5376396],[10.2156541,45.537721],[10.2154793,45.5378024],[10.2154557,45.5377721],[10.2154239,45.5377309],[10.2154073,45.5377095]]]},"properties":{"site":"brescia","name":null,"category":"other","historic":null,"building":"yes","osm_id":263866319}},{"type":"Feature","geometry":{"type":"Polygon","coordinates":[[[10.2150796,45.537554],[10.2150597,45.5375277],[10.2150354,45.5374956],[10.2150937,45.5374552],[10.2151382,45.5374243],[10.215255,45.5373202],[10.2152893,45.5373312],[10.2153593,45.5373535],[10.2154248,45.5373744],[10.2154586,45.5373852],[10.2153901,45.5374322],[10.2152513,45.5375035],[10.2151804,45.5375158],[10.2150796,45.537554]]]},"properties":{"site":"brescia","name":null,"category":"other","historic":null,"building":"yes","osm_id":263866322}},{"type":"Feature","geometry":{"type":"Polygon","coordinates":[[[10.215332,45.5378171],[10.2154557,45.5377721],[10.2154793,45.5378024],[10.2152969,45.537873],[10.2152456,45.5377952],[10.2152177,45.5377528],[10.2151994,45.5377249],[10.2151354,45.5376278],[10.2152136,45.5375993],[10.2152263,45.5376184],[10.2152667,45.53768],[10.2152477,45.537686],[10.215332,45.5378171]]]},"properties":{"site":"brescia","name":null,"category":"other","historic":null,"building":"yes","osm_id":263866324}},{"type":"Feature","geometry":{"type":"Polygon","coordinates":[[[10.2167469,45.535693],[10.2169158,45.5356666],[10.2168317,45.5354028],[10.2167291,45.5354189],[10.2166645,45.535429],[10.2167043,45.5355565],[10.2167469,45.535693]]]},"properties":{"site":"brescia","name":"Chiesa di Sant'Orsola","category":"medieval","historic":null,"building":"church","osm_id":273787633}},{"type":"Feature","geometry":{"type":"Polygon","coordinates":[[[10.2154264,45.5382122],[10.2153758,45.538117],[10.2153226,45.5380168],[10.2152455,45.5380275],[10.2153087,45.5382283],[10.2153721,45.5382196],[10.2154264,45.5382122]]]},"properties":{"site":"brescia","name":null,"category":"other","historic":null,"building":"house","osm_id":287308835}},{"type":"Feature","geometry":{"type":"Polygon","coordinates":[[[10.2212416,45.539559],[10.2212514,45.5395592],[10.221261,45.5394729],[10.2212678,45.5394167],[10.2214493,45.5393786],[10.2214839,45.539467],[10.2214902,45.5394926],[10.2213066,45.5396472],[10.2212456,45.5396395],[10.2212365,45.5396383],[10.2212416,45.539559]]]},"properties":{"site":"brescia","name":null,"category":"other","historic":null,"building":"yes","osm_id":288079130}},{"type":"Feature","geometry":{"type":"Polygon","coordinates":[[[10.2178866,45.5438064],[10.2180361,45.5438844],[10.2181671,45.5439527],[10.2183629,45.5438457],[10.218446,45.5439004],[10.2185684,45.5437508],[10.2186796,45.5436962],[10.2186387,45.5436584],[10.2186131,45.5436347],[10.2185909,45.5436142],[10.218569,45.543594],[10.2185467,45.5435734],[10.218516,45.5435449],[10.2184844,45.5435157],[10.2184528,45.5434865],[10.2183583,45.5433992],[10.2183166,45.5434352],[10.2182743,45.5434717],[10.2182319,45.5435083],[10.218199,45.5435367],[10.2181385,45.5435889],[10.2180476,45.5436674],[10.2180156,45.543695],[10.2178866,45.5438064]]]},"properties":{"site":"brescia","name":null,"category":"other","historic":null,"building":"apartments","osm_id":292085732}},{"type":"Feature","geometry":{"type":"Polygon","coordinates":[[[10.2166178,45.5350117],[10.2165091,45.534708],[10.2165481,45.5347004],[10.2165648,45.534747],[10.216657,45.5350048],[10.2166178,45.5350117]]]},"properties":{"site":"brescia","name":null,"category":"other","historic":null,"building":"roof","osm_id":292109684}},{"type":"Feature","geometry":{"type":"Polygon","coordinates":[[[10.2161129,45.5346296],[10.2159128,45.5346689],[10.21592,45.5346868],[10.2159288,45.5347088],[10.2161288,45.5346693],[10.2161204,45.5346483],[10.2161129,45.5346296]]]},"properties":{"site":"brescia","name":null,"category":"other","historic":null,"building":"yes","osm_id":292109685}},{"type":"Feature","geometry":{"type":"Polygon","coordinates":[[[10.2164049,45.5345644],[10.2164142,45.5345876],[10.2164235,45.5346111],[10.2165173,45.5345925],[10.2166128,45.5345737],[10.2166035,45.5345503],[10.2165942,45.5345272],[10.2164049,45.5345644]]]},"properties":{"site":"brescia","name":null,"category":"other","historic":null,"building":"roof","osm_id":292109686}},{"type":"Feature","geometry":{"type":"Polygon","coordinates":[[[10.2129222,45.5336141],[10.2131379,45.5335647],[10.2130948,45.5334724],[10.2128791,45.5335218],[10.2129021,45.5335713],[10.2129222,45.5336141]]]},"properties":{"site":"brescia","name":null,"category":"other","historic":null,"building":"yes","osm_id":292372349}},{"type":"Feature","geometry":{"type":"Polygon","coordinates":[[[10.2271024,45.5394792],[10.2271312,45.5394786],[10.2273403,45.5394739],[10.2273786,45.539473],[10.227538,45.5394694],[10.2275835,45.5394684],[10.2276191,45.5396444],[10.2271108,45.5396605],[10.2271088,45.5396181],[10.2271075,45.5395891],[10.2271024,45.5394792]]]},"properties":{"site":"brescia","name":null,"category":"other","historic":null,"building":"apartments","osm_id":306323805}},{"type":"Feature","geometry":{"type":"Polygon","coordinates":[[[10.2224207,45.5336538],[10.2223911,45.5334893],[10.2211453,45.5337042],[10.2212171,45.5340004],[10.2216303,45.5339522],[10.2216084,45.533876],[10.2213943,45.5339033],[10.2213513,45.5337417],[10.2214904,45.53372],[10.2215069,45.5337662],[10.2220081,45.5336806],[10.2220273,45.5337323],[10.2221104,45.5337192],[10.2221016,45.5336929],[10.2222533,45.5336689],[10.2224207,45.5336538]]]},"properties":{"site":"brescia","name":null,"category":"other","historic":null,"building":"apartments","osm_id":307082373}},{"type":"Feature","geometry":{"type":"Polygon","coordinates":[[[10.2355922,45.5407034],[10.2354804,45.5406706],[10.235402,45.5408016],[10.2355137,45.5408345],[10.2355922,45.5407034]]]},"properties":{"site":"brescia","name":null,"category":"other","historic":null,"building":"yes","osm_id":311039836}},{"type":"Feature","geometry":{"type":"Polygon","coordinates":[[[10.223833,45.5399731],[10.2237619,45.5399846],[10.223772,45.5400223],[10.2237457,45.5400265],[10.2237924,45.5401966],[10.2236154,45.5402004],[10.2236181,45.5404071],[10.2240777,45.5404346],[10.2240884,45.5403479],[10.2241038,45.5401983],[10.2240645,45.5401652],[10.2240125,45.5399445],[10.2239984,45.5398434],[10.223912,45.5398558],[10.2238041,45.5398714],[10.223833,45.5399731]]]},"properties":{"site":"brescia","name":null,"category":"other","historic":null,"building":"yes","osm_id":321470729}},{"type":"Feature","geometry":{"type":"Polygon","coordinates":[[[10.2233525,45.5401187],[10.2233291,45.5401214],[10.2233435,45.5401901],[10.2233123,45.5401936],[10.2233192,45.5402727],[10.2235095,45.5402747],[10.223523,45.5404062],[10.2232172,45.5403893],[10.2232055,45.540356],[10.2231882,45.5402994],[10.2231137,45.5400674],[10.2231901,45.5400566],[10.2232192,45.540142],[10.2232596,45.5401343],[10.2232469,45.540084],[10.2233411,45.540072],[10.2233525,45.5401187]]]},"properties":{"site":"brescia","name":null,"category":"other","historic":null,"building":"yes","osm_id":321470730}},{"type":"Feature","geometry":{"type":"Polygon","coordinates":[[[10.2236724,45.53969],[10.2237035,45.5396854],[10.2239418,45.5396503],[10.2239448,45.5396605],[10.2239984,45.5398434],[10.223912,45.5398558],[10.2238041,45.5398714],[10.2237119,45.539829],[10.2236896,45.5397534],[10.2236755,45.5397002],[10.2236724,45.53969]]]},"properties":{"site":"brescia","name":"Chiesa di Santa Maria della Carità","category":"medieval","historic":null,"building":"church","osm_id":321475460}},{"type":"Feature","geometry":{"type":"Polygon","coordinates":[[[10.2247273,45.5426951],[10.2246326,45.5426805],[10.2245618,45.5426831],[10.2245446,45.5426837],[10.2244695,45.5427068],[10.2245054,45.5428731],[10.2245384,45.5430257],[10.2245511,45.5430848],[10.2246139,45.5430814],[10.2246275,45.5431469],[10.2247578,45.5431007],[10.2247273,45.5426951]]]},"properties":{"site":"brescia","name":"Grande Miglio","category":"other","historic":"yes","building":"yes","osm_id":324995910}},{"type":"Feature","geometry":{"type":"Polygon","coordinates":[[[10.234243,45.5335498],[10.2342747,45.5334483],[10.2346393,45.5336163],[10.2345844,45.5336839],[10.2345028,45.5336466],[10.2344811,45.5336501],[10.234243,45.5335498]]]},"properties":{"site":"brescia","name":null,"category":"other","historic":null,"building":"yes","osm_id":328152516}},{"type":"Feature","geometry":{"type":"Polygon","coordinates":[[[10.2347137,45.5337948],[10.2346276,45.5339478],[10.2347618,45.5339939],[10.2348588,45.5338262],[10.2347137,45.5337948]]]},"properties":{"site":"brescia","name":null,"category":"other","historic":null,"building":"apartments","osm_id":328152589}},{"type":"Feature","geometry":{"type":"Polygon","coordinates":[[[10.2252319,45.5396651],[10.2252464,45.5396639],[10.2253634,45.5396572],[10.2253718,45.5396567],[10.225373,45.5396635],[10.2253739,45.5396687],[10.2253745,45.5396722],[10.2253776,45.53969],[10.2253782,45.5396937],[10.225379,45.5396984],[10.2253819,45.5397172],[10.2253829,45.5397233],[10.2253834,45.5397262],[10.2253886,45.5397594],[10.2254672,45.5397543],[10.225473,45.5397539],[10.22548,45.5397535],[10.2255574,45.5397484],[10.2255586,45.5397556],[10.2255635,45.5397843],[10.2254921,45.53979],[10.2254864,45.5397904],[10.2254778,45.5397911],[10.2254695,45.5397917],[10.2254646,45.5397921],[10.2254966,45.5400107],[10.2253588,45.540019],[10.2253817,45.5401225],[10.2254836,45.5401131],[10.225489,45.5401544],[10.2252744,45.540177],[10.2252718,45.5401451],[10.2248802,45.5401901],[10.2248372,45.5400455],[10.2252503,45.5400286],[10.2252262,45.5398633],[10.2249625,45.5399085],[10.2249585,45.5398855],[10.2249538,45.5398582],[10.2249261,45.5396982],[10.2250603,45.5396831],[10.2252125,45.5396672],[10.2252319,45.5396651]]]},"properties":{"site":"brescia","name":null,"category":"other","historic":null,"building":"yes","osm_id":328659268}},{"type":"Feature","geometry":{"type":"Polygon","coordinates":[[[10.2247918,45.5399302],[10.224793,45.5399394],[10.2248079,45.5400486],[10.2247105,45.5400605],[10.2247219,45.5400938],[10.2245214,45.540126],[10.2245368,45.5401714],[10.224797,45.5401357],[10.2248104,45.5401995],[10.224569,45.5402333],[10.2246441,45.5404081],[10.2250384,45.540363],[10.2250625,45.5404663],[10.2249365,45.540487],[10.2247805,45.5404655],[10.2247227,45.5404575],[10.2246513,45.5404476],[10.2245504,45.540337],[10.2244738,45.5402633],[10.2244966,45.5402465],[10.2244464,45.540183],[10.2243726,45.5402078],[10.2242805,45.5401385],[10.2242223,45.5401577],[10.2241184,45.5401375],[10.224078,45.5399531],[10.2241942,45.5399442],[10.2241978,45.5399681],[10.2243139,45.5399638],[10.2243287,45.5399632],[10.2243429,45.540061],[10.2243648,45.5400589],[10.2243635,45.5400498],[10.2244025,45.5400467],[10.2243988,45.5400182],[10.2244214,45.5400169],[10.2244195,45.5399999],[10.2244622,45.5399954],[10.2244569,45.5399677],[10.2244957,45.5399632],[10.2244995,45.5399775],[10.2245022,45.5399875],[10.2245164,45.5399851],[10.2245778,45.5399745],[10.2246003,45.5399706],[10.2245981,45.5399603],[10.2247271,45.5399378],[10.2247918,45.5399302]]]},"properties":{"site":"brescia","name":null,"category":"other","historic":null,"building":"yes","osm_id":328659269}},{"type":"Feature","geometry":{"type":"Polygon","coordinates":[[[10.218224,45.5390011],[10.2183444,45.5389777],[10.2183362,45.5389572],[10.2183281,45.5389367],[10.2182078,45.5389601],[10.218224,45.5390011]]]},"properties":{"site":"brescia","name":null,"category":"other","historic":null,"building":"yes","osm_id":354342757}},{"type":"Feature","geometry":{"type":"Polygon","coordinates":[[[10.2337086,45.5412487],[10.233805,45.541271],[10.2338109,45.5412586],[10.233885,45.5412751],[10.2338952,45.5412436],[10.2339039,45.5412166],[10.2339015,45.5411564],[10.2338062,45.5411342],[10.2337815,45.5411779],[10.2337474,45.5411696],[10.2337086,45.5412487]]]},"properties":{"site":"brescia","name":null,"category":"other","historic":null,"building":"apartments","osm_id":368670638}},{"type":"Feature","geometry":{"type":"Polygon","coordinates":[[[10.2340053,45.5396148],[10.2341403,45.5395937],[10.2340956,45.5394365],[10.2339567,45.5394556],[10.2340053,45.5396148]]]},"properties":{"site":"brescia","name":null,"category":"other","historic":null,"building":"apartments","osm_id":368690981}},{"type":"Feature","geometry":{"type":"Polygon","coordinates":[[[10.2202234,45.5395762],[10.2204843,45.5395419],[10.2205023,45.5395395],[10.2204632,45.5394059],[10.2204454,45.5394078],[10.220175,45.539437],[10.2202234,45.5395762]]]},"properties":{"site":"brescia","name":"Monte di Pietà nuovo","category":"other","historic":null,"building":"yes","osm_id":369570419}},{"type":"Feature","geometry":{"type":"Polygon","coordinates":[[[10.217505,45.5377525],[10.2176049,45.5377073],[10.2174621,45.5375233],[10.2168881,45.5378314],[10.2169444,45.5378708],[10.21699,45.5379028],[10.2174353,45.537666],[10.217505,45.5377525]]]},"properties":{"site":"brescia","name":null,"category":"other","historic":null,"building":"yes","osm_id":369570420}},{"type":"Feature","geometry":{"type":"Polygon","coordinates":[[[10.2314126,45.5431724],[10.2313471,45.5431574],[10.2314057,45.5430318],[10.2314712,45.5430468],[10.2314126,45.5431724]]]},"properties":{"site":"brescia","name":"Abitare","category":"other","historic":null,"building":"retail","osm_id":396084978}},{"type":"Feature","geometry":{"type":"Polygon","coordinates":[[[10.214053,45.5392841],[10.2139456,45.5389732],[10.2142193,45.5389354],[10.2142295,45.53897],[10.2142425,45.5390143],[10.2143121,45.5392513],[10.2142029,45.5392651],[10.214053,45.5392841]]]},"properties":{"site":"brescia","name":null,"category":"other","historic":null,"building":"house","osm_id":400760189}},{"type":"Feature","geometry":{"type":"Polygon","coordinates":[[[10.2143121,45.5392513],[10.2142425,45.5390143],[10.2144196,45.5389913],[10.2145008,45.5390996],[10.2145837,45.5392161],[10.2143121,45.5392513]]]},"properties":{"site":"brescia","name":null,"category":"other","historic":null,"building":"house","osm_id":400760190}},{"type":"Feature","geometry":{"type":"Polygon","coordinates":[[[10.2145837,45.5392161],[10.2145008,45.5390996],[10.2145762,45.5390871],[10.2147472,45.5390588],[10.2147977,45.5391887],[10.2145837,45.5392161]]]},"properties":{"site":"brescia","name":null,"category":"other","historic":null,"building":"house","osm_id":400760191}},{"type":"Feature","geometry":{"type":"Polygon","coordinates":[[[10.2147977,45.5391887],[10.2153334,45.53912],[10.2152731,45.5390627],[10.2151554,45.5390848],[10.2150319,45.5387677],[10.2149353,45.5387875],[10.2148586,45.5388032],[10.2147355,45.5388283],[10.2146525,45.5388453],[10.2146761,45.5388986],[10.2147087,45.5389719],[10.2147472,45.5390588],[10.2147977,45.5391887]]]},"properties":{"site":"brescia","name":null,"category":"other","historic":null,"building":"house","osm_id":400760193}},{"type":"Feature","geometry":{"type":"Polygon","coordinates":[[[10.2228948,45.5417676],[10.223986,45.5418553],[10.2240222,45.5416346],[10.2229309,45.5415469],[10.2228948,45.5417676]]]},"properties":{"site":"brescia","name":"Serbatoio Fossa","category":"other","historic":null,"building":"service","osm_id":401085429}},{"type":"Feature","geometry":{"type":"Polygon","coordinates":[[[10.2250757,45.5446916],[10.2256955,45.5445298],[10.2254561,45.54408],[10.2248363,45.5442417],[10.2250757,45.5446916]]]},"properties":{"site":"brescia","name":"Serbatoio Montagnola","category":"other","historic":null,"building":"service","osm_id":401085430}},{"type":"Feature","geometry":{"type":"Polygon","coordinates":[[[10.2149994,45.5317904],[10.2149959,45.5317817],[10.2144878,45.5319049],[10.2117929,45.5325593],[10.2117993,45.5325882],[10.2118163,45.5326214],[10.2118541,45.532612],[10.2118686,45.5326399],[10.212218,45.532551],[10.2122675,45.5325389],[10.2123051,45.5325298],[10.2123018,45.5325231],[10.212343,45.5325131],[10.2129161,45.5323713],[10.2129473,45.5323636],[10.2134491,45.5322394],[10.2134911,45.5322291],[10.2135184,45.5322224],[10.2135554,45.5322133],[10.2144726,45.53199],[10.2145633,45.5319674],[10.2150279,45.5318517],[10.2149994,45.5317904]]]},"properties":{"site":"brescia","name":null,"category":"other","historic":null,"building":"roof","osm_id":407800501}},{"type":"Feature","geometry":{"type":"Polygon","coordinates":[[[10.2152564,45.5328816],[10.2152909,45.532874],[10.2152311,45.5327404],[10.2151965,45.532748],[10.2152564,45.5328816]]]},"properties":{"site":"brescia","name":null,"category":"other","historic":null,"building":"yes","osm_id":408934375}},{"type":"Feature","geometry":{"type":"Polygon","coordinates":[[[10.2190538,45.5404732],[10.2191052,45.5404644],[10.2190756,45.5403791],[10.2190242,45.5403878],[10.2190538,45.5404732]]]},"properties":{"site":"brescia","name":"Bresciaoggi","category":"other","historic":null,"building":"kiosk","osm_id":428502595}},{"type":"Feature","geometry":{"type":"Polygon","coordinates":[[[10.2191815,45.5351916],[10.2195085,45.5351563],[10.2195302,45.535154],[10.2194842,45.5348779],[10.2190634,45.5349292],[10.2191815,45.5351916]]]},"properties":{"site":"brescia","name":null,"category":"other","historic":null,"building":"yes","osm_id":482248126}},{"type":"Feature","geometry":{"type":"Polygon","coordinates":[[[10.2182201,45.5441924],[10.2182422,45.5442048],[10.2182563,45.5442475],[10.218202,45.5442527],[10.2181912,45.5442302],[10.2182201,45.5441924]]]},"properties":{"site":"brescia","name":null,"category":"other","historic":null,"building":"yes","osm_id":482871248}},{"type":"Feature","geometry":{"type":"Polygon","coordinates":[[[10.2180585,45.5445382],[10.2179582,45.5445579],[10.2179686,45.5444048],[10.2180424,45.5444048],[10.2180424,45.5444795],[10.2180585,45.5445382]]]},"properties":{"site":"brescia","name":null,"category":"other","historic":null,"building":"yes","osm_id":482871249}},{"type":"Feature","geometry":{"type":"Polygon","coordinates":[[[10.2179903,45.5442629],[10.2180019,45.5442158],[10.2180052,45.5442023],[10.2180758,45.5442108],[10.2180799,45.5441942],[10.2181253,45.5441997],[10.2181063,45.5442769],[10.2179903,45.5442629]]]},"properties":{"site":"brescia","name":null,"category":"other","historic":null,"building":"yes","osm_id":482871250}},{"type":"Feature","geometry":{"type":"Polygon","coordinates":[[[10.2180585,45.5445382],[10.2181413,45.5445202],[10.2183385,45.5444773],[10.2184601,45.5444509],[10.2184443,45.5444245],[10.2184288,45.5443981],[10.2184084,45.5443651],[10.2183899,45.5443336],[10.2183587,45.5442812],[10.2183173,45.5442118],[10.2182559,45.544135],[10.2182094,45.5441872],[10.2182201,45.5441924],[10.2182422,45.5442048],[10.2182563,45.5442475],[10.218202,45.5442527],[10.2182449,45.5443372],[10.2181725,45.5443565],[10.2179805,45.5443163],[10.2179686,45.5444048],[10.2180424,45.5444048],[10.2180424,45.5444795],[10.2180585,45.5445382]]]},"properties":{"site":"brescia","name":null,"category":"other","historic":null,"building":"yes","osm_id":482871251}},{"type":"Feature","geometry":{"type":"Polygon","coordinates":[[[10.2182094,45.5441872],[10.2182559,45.544135],[10.2182079,45.5441141],[10.2181615,45.5441663],[10.2182094,45.5441872]]]},"properties":{"site":"brescia","name":null,"category":"other","historic":null,"building":"yes","osm_id":482871252}},{"type":"Feature","geometry":{"type":"Polygon","coordinates":[[[10.2180499,45.5440388],[10.2180284,45.5441173],[10.2180052,45.5442023],[10.2180758,45.5442108],[10.2180799,45.5441942],[10.2181253,45.5441997],[10.2181063,45.5442769],[10.2179903,45.5442629],[10.2179805,45.5443163],[10.2181725,45.5443565],[10.2182449,45.5443372],[10.218202,45.5442527],[10.2181912,45.5442302],[10.2182201,45.5441924],[10.2182094,45.5441872],[10.2181615,45.5441663],[10.2182079,45.5441141],[10.2181926,45.5441068],[10.2181205,45.5440725],[10.2180499,45.5440388]]]},"properties":{"site":"brescia","name":null,"category":"other","historic":null,"building":"yes","osm_id":482871253}},{"type":"Feature","geometry":{"type":"Polygon","coordinates":[[[10.2206101,45.5397419],[10.2206346,45.5397391],[10.2206696,45.5397352],[10.2206592,45.5396898],[10.2206239,45.5396938],[10.2205997,45.5396966],[10.2206012,45.5397034],[10.2206051,45.5397203],[10.2206101,45.5397419]]]},"properties":{"site":"brescia","name":"Torre dell'Orologio","category":"other","historic":"yes","building":"tower","osm_id":530660863}},{"type":"Feature","geometry":{"type":"Polygon","coordinates":[[[10.2240707,45.53992],[10.2240472,45.539813],[10.2240402,45.5397807],[10.2240138,45.5396604],[10.224667,45.5395841],[10.2246923,45.5396964],[10.2247066,45.5397591],[10.2248821,45.5397387],[10.2248886,45.539768],[10.2249123,45.5398745],[10.2248887,45.5398913],[10.224822,45.5399087],[10.2245867,45.5399452],[10.2245814,45.5399193],[10.2243067,45.5399426],[10.2242991,45.5398712],[10.2241889,45.5398775],[10.2241927,45.5399235],[10.2241034,45.5399209],[10.2240707,45.53992]]]},"properties":{"site":"brescia","name":"Palazzo Maggi di Gradella","category":"other","historic":"yes","building":"apartments","osm_id":543102373}},{"type":"Feature","geometry":{"type":"Polygon","coordinates":[[[10.221983,45.5402999],[10.2219388,45.5402736],[10.221917,45.5402693],[10.2219132,45.5403201],[10.221935,45.5403236],[10.2219543,45.5403268],[10.221983,45.5402999]]]},"properties":{"site":"brescia","name":null,"category":"other","historic":null,"building":"yes","osm_id":551326395}},{"type":"Feature","geometry":{"type":"Polygon","coordinates":[[[10.214688,45.5479648],[10.2147692,45.5479495],[10.2147212,45.5478243],[10.2146399,45.5478395],[10.214688,45.5479648]]]},"properties":{"site":"brescia","name":null,"category":"other","historic":"yes","building":"yes","osm_id":554107717}},{"type":"Feature","geometry":{"type":"Polygon","coordinates":[[[10.2184862,45.5465081],[10.218663,45.5464734],[10.2186101,45.5463411],[10.2184333,45.5463758],[10.2184862,45.5465081]]]},"properties":{"site":"brescia","name":null,"category":"other","historic":null,"building":"apartments","osm_id":554113607}},{"type":"Feature","geometry":{"type":"Polygon","coordinates":[[[10.2157483,45.5428525],[10.2159168,45.5428203],[10.2158536,45.542658],[10.2157775,45.5424625],[10.215599,45.5424966],[10.2156497,45.5426267],[10.2154623,45.5426625],[10.215496,45.5427491],[10.2156933,45.5427114],[10.2157483,45.5428525]]]},"properties":{"site":"brescia","name":null,"category":"other","historic":null,"building":"yes","osm_id":557019833}},{"type":"Feature","geometry":{"type":"Polygon","coordinates":[[[10.2155638,45.5432641],[10.216083,45.5431364],[10.2160186,45.5430032],[10.2159713,45.5430144],[10.2158907,45.5428477],[10.2157583,45.5428791],[10.21586,45.5430894],[10.2155255,45.5431678],[10.2155638,45.5432641]]]},"properties":{"site":"brescia","name":null,"category":"other","historic":null,"building":"yes","osm_id":557019834}},{"type":"Feature","geometry":{"type":"Polygon","coordinates":[[[10.2154103,45.5432941],[10.2155638,45.5432641],[10.2155255,45.5431678],[10.2154819,45.5430582],[10.2155899,45.5430371],[10.2155497,45.5429362],[10.2154564,45.5429545],[10.2154141,45.5428479],[10.2152481,45.5428783],[10.2152644,45.5429201],[10.2153685,45.5431869],[10.2154103,45.5432941]]]},"properties":{"site":"brescia","name":null,"category":"other","historic":null,"building":"yes","osm_id":557019835}},{"type":"Feature","geometry":{"type":"Polygon","coordinates":[[[10.2152315,45.5428608],[10.215278,45.5428527],[10.2154675,45.5428195],[10.2154139,45.5426016],[10.2151559,45.542653],[10.215166,45.5426806],[10.2151795,45.542718],[10.2151913,45.5427504],[10.2152092,45.5427995],[10.2152315,45.5428608]]]},"properties":{"site":"brescia","name":null,"category":"other","historic":null,"building":"yes","osm_id":557019836}},{"type":"Feature","geometry":{"type":"Polygon","coordinates":[[[10.215059,45.5424099],[10.2151454,45.5426243],[10.2151541,45.5426459],[10.2154271,45.5425919],[10.2153932,45.5425077],[10.2152937,45.5425274],[10.2152705,45.5424697],[10.2153675,45.5424505],[10.2153604,45.5424328],[10.2153295,45.5423564],[10.2152195,45.5423781],[10.215059,45.5424099]]]},"properties":{"site":"brescia","name":null,"category":"other","historic":null,"building":"yes","osm_id":557019837}},{"type":"Feature","geometry":{"type":"Polygon","coordinates":[[[10.2154369,45.542428],[10.2154634,45.542495],[10.2157551,45.5424384],[10.2156918,45.5422784],[10.2156047,45.5422953],[10.2154671,45.5423219],[10.2153652,45.5423417],[10.2153908,45.5424166],[10.2153975,45.5424364],[10.2154369,45.542428]]]},"properties":{"site":"brescia","name":null,"category":"other","historic":null,"building":"yes","osm_id":557019838}},{"type":"Feature","geometry":{"type":"Polygon","coordinates":[[[10.216237,45.5430891],[10.2165096,45.5430248],[10.2167807,45.5429608],[10.2167238,45.54283],[10.2161747,45.5429572],[10.216237,45.5430891]]]},"properties":{"site":"brescia","name":null,"category":"other","historic":null,"building":"yes","osm_id":557019839}},{"type":"Feature","geometry":{"type":"Polygon","coordinates":[[[10.2161009,45.5431171],[10.2162011,45.5430931],[10.2161725,45.5430345],[10.2162031,45.5430271],[10.2161324,45.5428824],[10.2162392,45.5428569],[10.2161831,45.5427421],[10.2161077,45.5427601],[10.216069,45.542681],[10.2159069,45.5427199],[10.2159543,45.5428169],[10.2160638,45.5430412],[10.2161009,45.5431171]]]},"properties":{"site":"brescia","name":null,"category":"other","historic":null,"building":"yes","osm_id":557019840}},{"type":"Feature","geometry":{"type":"Polygon","coordinates":[[[10.2159046,45.5427001],[10.2160259,45.5426739],[10.2159706,45.5425483],[10.2159511,45.5425525],[10.2159416,45.542531],[10.2158398,45.5425529],[10.2158692,45.5426311],[10.2159046,45.5427001]]]},"properties":{"site":"brescia","name":null,"category":"other","historic":null,"building":"yes","osm_id":557019841}},{"type":"Feature","geometry":{"type":"Polygon","coordinates":[[[10.2157528,45.5424014],[10.2159371,45.5423682],[10.2159294,45.5423471],[10.2161361,45.5423098],[10.2160985,45.5422075],[10.2159879,45.5422275],[10.2158467,45.542253],[10.2157074,45.5422781],[10.2157528,45.5424014]]]},"properties":{"site":"brescia","name":null,"category":"other","historic":null,"building":"yes","osm_id":557019842}},{"type":"Feature","geometry":{"type":"Polygon","coordinates":[[[10.2163124,45.5426166],[10.216579,45.5425566],[10.2165282,45.5424458],[10.2164102,45.5424724],[10.216444,45.5425463],[10.216385,45.5425595],[10.2163557,45.5424957],[10.2162662,45.5425158],[10.2163124,45.5426166]]]},"properties":{"site":"brescia","name":null,"category":"other","historic":null,"building":"yes","osm_id":557019843}},{"type":"Feature","geometry":{"type":"Polygon","coordinates":[[[10.2162383,45.5424776],[10.2162927,45.5424647],[10.2162793,45.5424371],[10.2163239,45.5424266],[10.2162926,45.5423617],[10.2163826,45.5423404],[10.216415,45.5424077],[10.2164769,45.5423946],[10.216361,45.5421641],[10.2162395,45.542185],[10.2161453,45.542201],[10.2161231,45.5422064],[10.2162383,45.5424776]]]},"properties":{"site":"brescia","name":null,"category":"other","historic":null,"building":"yes","osm_id":557019844}},{"type":"Feature","geometry":{"type":"Polygon","coordinates":[[[10.2163086,45.5426397],[10.2164379,45.5426089],[10.2165158,45.5427694],[10.2162433,45.5428342],[10.2162201,45.5427864],[10.2163633,45.5427524],[10.2163086,45.5426397]]]},"properties":{"site":"brescia","name":null,"category":"other","historic":null,"building":"yes","osm_id":557019845}},{"type":"Feature","geometry":{"type":"Polygon","coordinates":[[[10.2162298,45.5427083],[10.2163138,45.5426908],[10.2161534,45.5423141],[10.2160467,45.5423363],[10.2160743,45.5424011],[10.2159957,45.5424175],[10.2159781,45.5423763],[10.2158706,45.5423988],[10.2159032,45.5424753],[10.2158661,45.542483],[10.2158551,45.5424573],[10.2157954,45.5424692],[10.2158248,45.5425387],[10.2159848,45.5425053],[10.2159906,45.5425189],[10.2161362,45.5424885],[10.2162298,45.5427083]]]},"properties":{"site":"brescia","name":null,"category":"other","historic":null,"building":"yes","osm_id":557019846}},{"type":"Feature","geometry":{"type":"Polygon","coordinates":[[[10.2236714,45.5315608],[10.2239605,45.5314953],[10.2238955,45.5313546],[10.2236065,45.5314202],[10.2236714,45.5315608]]]},"properties":{"site":"brescia","name":null,"category":"other","historic":null,"building":"yes","osm_id":557977150}},{"type":"Feature","geometry":{"type":"Polygon","coordinates":[[[10.2321355,45.5340657],[10.2322147,45.5340083],[10.2321694,45.5339776],[10.2320902,45.534035],[10.2321355,45.5340657]]]},"properties":{"site":"brescia","name":null,"category":"other","historic":null,"building":"yes","osm_id":562205835}},{"type":"Feature","geometry":{"type":"Polygon","coordinates":[[[10.230808,45.5390136],[10.2309745,45.5390031],[10.2310044,45.5388393],[10.2307986,45.5388668],[10.2308051,45.538969],[10.230808,45.5390136]]]},"properties":{"site":"brescia","name":null,"category":"other","historic":null,"building":"apartments","osm_id":575307051}},{"type":"Feature","geometry":{"type":"Polygon","coordinates":[[[10.230346,45.5390319],[10.2305039,45.5390102],[10.2308051,45.538969],[10.2307986,45.5388668],[10.2303422,45.5389363],[10.230346,45.5390319]]]},"properties":{"site":"brescia","name":"Palazzo Giordani","category":"other","historic":"yes","building":"palace","osm_id":575307052}},{"type":"Feature","geometry":{"type":"Polygon","coordinates":[[[10.2307968,45.5391092],[10.2308024,45.5391603],[10.2303535,45.5391904],[10.230346,45.5390319],[10.2305039,45.5390102],[10.2305019,45.5391312],[10.2307968,45.5391092]]]},"properties":{"site":"brescia","name":null,"category":"other","historic":null,"building":"house","osm_id":575307054}},{"type":"Feature","geometry":{"type":"Polygon","coordinates":[[[10.2252191,45.5395307],[10.2252464,45.5396639],[10.2253634,45.5396572],[10.2253718,45.5396567],[10.225402,45.5396548],[10.2253981,45.5396038],[10.2254468,45.5396007],[10.2254499,45.539638],[10.2255189,45.5396347],[10.2255199,45.5396432],[10.2256089,45.5396394],[10.2255936,45.5394887],[10.2255608,45.5394924],[10.2254575,45.539504],[10.2253847,45.5395121],[10.2252971,45.539522],[10.2252584,45.5395263],[10.2252345,45.539529],[10.2252191,45.5395307]]]},"properties":{"site":"brescia","name":null,"category":"other","historic":null,"building":"apartments","osm_id":575307055}},{"type":"Feature","geometry":{"type":"Polygon","coordinates":[[[10.2314813,45.5376502],[10.2315962,45.5376503],[10.2315964,45.5376029],[10.231533,45.5376028],[10.2315332,45.5375534],[10.2314816,45.5375533],[10.2314813,45.5376502]]]},"properties":{"site":"brescia","name":null,"category":"other","historic":null,"building":"yes","osm_id":578098239}},{"type":"Feature","geometry":{"type":"Polygon","coordinates":[[[10.2226356,45.5405239],[10.2226273,45.5406142],[10.2225408,45.5406361],[10.2224829,45.5406506],[10.2224508,45.54057],[10.2225437,45.5405622],[10.2225323,45.5405235],[10.2226356,45.5405239]]]},"properties":{"site":"brescia","name":null,"category":"other","historic":null,"building":"yes","osm_id":584145746}},{"type":"Feature","geometry":{"type":"Polygon","coordinates":[[[10.2317756,45.5353857],[10.2318562,45.5353879],[10.2318613,45.5352945],[10.2317807,45.5352924],[10.2317756,45.5353857]]]},"properties":{"site":"brescia","name":null,"category":"other","historic":null,"building":"roof","osm_id":584423171}},{"type":"Feature","geometry":{"type":"Polygon","coordinates":[[[10.2145762,45.5390871],[10.2145278,45.5389966],[10.2147087,45.5389719],[10.2146761,45.5388986],[10.2144045,45.5389365],[10.2144196,45.5389913],[10.2145008,45.5390996],[10.2145762,45.5390871]]]},"properties":{"site":"brescia","name":null,"category":"other","historic":null,"building":"yes","osm_id":590149597}},{"type":"Feature","geometry":{"type":"Polygon","coordinates":[[[10.2153334,45.53912],[10.2154934,45.5390999],[10.2154806,45.5390403],[10.215464,45.538963],[10.2154381,45.5388417],[10.2154119,45.5387197],[10.2153927,45.5386302],[10.2153777,45.53856],[10.2153696,45.5385223],[10.2153758,45.5385029],[10.2153889,45.5384622],[10.215402,45.5384214],[10.2135757,45.5387186],[10.2136868,45.5390156],[10.2139456,45.5389732],[10.2142193,45.5389354],[10.2142295,45.53897],[10.2143314,45.5389534],[10.2142831,45.5387998],[10.2142489,45.538805],[10.2142328,45.5387674],[10.2143186,45.5387505],[10.2143347,45.5387712],[10.2146056,45.5387298],[10.2146525,45.5388453],[10.2147355,45.5388283],[10.2146941,45.5386923],[10.2148229,45.5386716],[10.2148586,45.5388032],[10.2149353,45.5387875],[10.2149034,45.5386904],[10.2152359,45.5386359],[10.215295,45.538835],[10.2152225,45.5388482],[10.2151984,45.538758],[10.2150938,45.5387749],[10.2151551,45.5389961],[10.2152516,45.5389802],[10.2152731,45.5390627],[10.2153334,45.53912]]]},"properties":{"site":"brescia","name":null,"category":"other","historic":null,"building":"yes","osm_id":590149599}},{"type":"Feature","geometry":{"type":"Polygon","coordinates":[[[10.2327384,45.5385948],[10.2328352,45.5386856],[10.2329163,45.5386431],[10.2329379,45.5386633],[10.2330103,45.5386254],[10.232892,45.5385144],[10.2327384,45.5385948]]]},"properties":{"site":"brescia","name":null,"category":"other","historic":null,"building":"house","osm_id":590828042}},{"type":"Feature","geometry":{"type":"Polygon","coordinates":[[[10.2124252,45.5315342],[10.2123709,45.5314177],[10.212468,45.5313937],[10.2124278,45.5313069],[10.2126232,45.5312613],[10.2126649,45.531349],[10.2125339,45.5313813],[10.21256,45.5314353],[10.2151854,45.5307911],[10.2152129,45.5308467],[10.2124252,45.5315342]]]},"properties":{"site":"brescia","name":null,"category":"other","historic":null,"building":"roof","osm_id":619352033}},{"type":"Feature","geometry":{"type":"Polygon","coordinates":[[[10.2237105,45.5329211],[10.2236622,45.5327634],[10.2237216,45.5327544],[10.2237699,45.5329122],[10.2237105,45.5329211]]]},"properties":{"site":"brescia","name":null,"category":"other","historic":null,"building":"yes","osm_id":656336687}},{"type":"Feature","geometry":{"type":"Polygon","coordinates":[[[10.2173476,45.5339388],[10.2173316,45.5338971],[10.2174022,45.5338838],[10.2174181,45.5339255],[10.2173476,45.5339388]]]},"properties":{"site":"brescia","name":null,"category":"other","historic":null,"building":"yes","osm_id":656360038}},{"type":"Feature","geometry":{"type":"Polygon","coordinates":[[[10.2158695,45.5326233],[10.2158843,45.5326565],[10.2159775,45.5328719],[10.2157254,45.5329284],[10.2156566,45.5327748],[10.2156949,45.5327667],[10.2156673,45.5327029],[10.2155273,45.5327326],[10.2155495,45.5327839],[10.2155779,45.532845],[10.2156841,45.5330679],[10.2161956,45.5329488],[10.2160507,45.5325881],[10.2158695,45.5326233]]]},"properties":{"site":"brescia","name":null,"category":"other","historic":null,"building":"yes","osm_id":657583130}},{"type":"Feature","geometry":{"type":"Polygon","coordinates":[[[10.2156673,45.5327029],[10.2158843,45.5326565],[10.2158695,45.5326233],[10.2157965,45.532438],[10.2154783,45.5325054],[10.2155502,45.5326719],[10.2155034,45.5326818],[10.2155273,45.5327326],[10.2156673,45.5327029]]]},"properties":{"site":"brescia","name":null,"category":"other","historic":null,"building":"yes","osm_id":657583132}},{"type":"Feature","geometry":{"type":"Polygon","coordinates":[[[10.2155495,45.5327839],[10.2153551,45.5328248],[10.2153589,45.532893],[10.2155779,45.532845],[10.2155495,45.5327839]]]},"properties":{"site":"brescia","name":null,"category":"other","historic":null,"building":"yes","osm_id":657583135}},{"type":"Feature","geometry":{"type":"Polygon","coordinates":[[[10.2149036,45.5316205],[10.2148781,45.5315703],[10.2120128,45.5322739],[10.2120396,45.5323261],[10.2149036,45.5316205]]]},"properties":{"site":"brescia","name":null,"category":"other","historic":null,"building":"roof","osm_id":657642954}},{"type":"Feature","geometry":{"type":"Polygon","coordinates":[[[10.2149089,45.5315031],[10.2148814,45.5314434],[10.2122797,45.5320935],[10.2123028,45.5321411],[10.2149089,45.5315031]]]},"properties":{"site":"brescia","name":null,"category":"other","historic":null,"building":"roof","osm_id":657642956}},{"type":"Feature","geometry":{"type":"Polygon","coordinates":[[[10.2163803,45.5306271],[10.2164061,45.5306847],[10.2125474,45.531654],[10.2125239,45.5316028],[10.212646,45.5315544],[10.21555,45.5308264],[10.2163803,45.5306271]]]},"properties":{"site":"brescia","name":null,"category":"other","historic":null,"building":"roof","osm_id":657662562}},{"type":"Feature","geometry":{"type":"Polygon","coordinates":[[[10.2125697,45.5317711],[10.2126094,45.5318259],[10.215635,45.5310616],[10.2161969,45.530939],[10.2167393,45.5308403],[10.2167342,45.530826],[10.2167123,45.5307646],[10.2161647,45.5308718],[10.2156028,45.5309954],[10.2125697,45.5317711]]]},"properties":{"site":"brescia","name":null,"category":"other","historic":null,"building":"roof","osm_id":657662565}},{"type":"Feature","geometry":{"type":"Polygon","coordinates":[[[10.2242988,45.5387883],[10.2244355,45.538774],[10.2244078,45.5386524],[10.2244429,45.538642],[10.2244521,45.5386951],[10.2248382,45.5386213],[10.2248419,45.5386403],[10.2249612,45.5386223],[10.2249565,45.5385942],[10.2248826,45.5385773],[10.2248678,45.5384958],[10.2247224,45.5385182],[10.2246997,45.5385217],[10.2242323,45.5385825],[10.2242639,45.5386803],[10.2242912,45.5387647],[10.2242988,45.5387883]]]},"properties":{"site":"brescia","name":null,"category":"other","historic":null,"building":"yes","osm_id":660170591}},{"type":"Feature","geometry":{"type":"Polygon","coordinates":[[[10.225088,45.5389986],[10.2250583,45.5387253],[10.2248816,45.5387399],[10.2249322,45.5390097],[10.225088,45.5389986]]]},"properties":{"site":"brescia","name":null,"category":"other","historic":null,"building":"yes","osm_id":660170592}},{"type":"Feature","geometry":{"type":"Polygon","coordinates":[[[10.2247246,45.5388489],[10.2248609,45.5388324],[10.2248643,45.5387286],[10.2247052,45.5387339],[10.2247246,45.5388489]]]},"properties":{"site":"brescia","name":null,"category":"other","historic":null,"building":"yes","osm_id":660170593}},{"type":"Feature","geometry":{"type":"Polygon","coordinates":[[[10.2241427,45.5387812],[10.2241545,45.5387789],[10.2242491,45.5387601],[10.2242598,45.538758],[10.2242038,45.5385886],[10.2241606,45.5385997],[10.2240241,45.538635],[10.2240104,45.5386385],[10.2240484,45.5387218],[10.2240511,45.5387277],[10.2241198,45.5387152],[10.2241427,45.5387812]]]},"properties":{"site":"brescia","name":null,"category":"other","historic":null,"building":"yes","osm_id":660170594}},{"type":"Feature","geometry":{"type":"Polygon","coordinates":[[[10.2241805,45.538884],[10.2241579,45.5387928],[10.2240027,45.5387936],[10.2239925,45.5387268],[10.2240484,45.5387218],[10.2240104,45.5386385],[10.2239062,45.538654],[10.2238643,45.5386603],[10.2238246,45.5386662],[10.2238678,45.538914],[10.2241805,45.538884]]]},"properties":{"site":"brescia","name":null,"category":"other","historic":null,"building":"yes","osm_id":660170595}},{"type":"Feature","geometry":{"type":"Polygon","coordinates":[[[10.2248678,45.5384958],[10.2248826,45.5385773],[10.2251611,45.5385299],[10.2251448,45.5384727],[10.2252541,45.5384681],[10.2252395,45.538379],[10.2252015,45.5383869],[10.2251792,45.5383915],[10.2251549,45.5383966],[10.225135,45.5384007],[10.2249935,45.5384511],[10.2249281,45.5384743],[10.2248678,45.5384958]]]},"properties":{"site":"brescia","name":null,"category":"other","historic":null,"building":"yes","osm_id":660170596}},{"type":"Feature","geometry":{"type":"Polygon","coordinates":[[[10.2251463,45.5387203],[10.2252387,45.5387093],[10.225326,45.5386984],[10.22527,45.5385101],[10.2251722,45.5385306],[10.2251104,45.5385715],[10.2251463,45.5387203]]]},"properties":{"site":"brescia","name":null,"category":"other","historic":null,"building":"yes","osm_id":660170597}},{"type":"Feature","geometry":{"type":"Polygon","coordinates":[[[10.22534,45.5389085],[10.2254391,45.5388946],[10.2254172,45.5388121],[10.2253666,45.5386935],[10.225326,45.5386984],[10.2252387,45.5387093],[10.2252474,45.5387388],[10.2252857,45.5387337],[10.22534,45.5389085]]]},"properties":{"site":"brescia","name":null,"category":"other","historic":null,"building":"yes","osm_id":660170598}},{"type":"Feature","geometry":{"type":"Polygon","coordinates":[[[10.2243523,45.5390465],[10.2243106,45.5388886],[10.2243078,45.538878],[10.2243714,45.538846],[10.2244083,45.5388469],[10.2244058,45.5388148],[10.224444,45.5388139],[10.2244478,45.538878],[10.2245114,45.5388772],[10.2244885,45.5387925],[10.2245114,45.5387898],[10.2246043,45.5389939],[10.2243523,45.5390465]]]},"properties":{"site":"brescia","name":null,"category":"other","historic":null,"building":"yes","osm_id":660170599}},{"type":"Feature","geometry":{"type":"Polygon","coordinates":[[[10.2245222,45.5385098],[10.2245074,45.5383442],[10.2246183,45.53833],[10.2246331,45.5383778],[10.2247051,45.5383649],[10.2246904,45.5383157],[10.2248418,45.5382873],[10.2248566,45.5383287],[10.224925,45.5383144],[10.2249139,45.538286],[10.2250506,45.5382717],[10.225095,45.5383714],[10.2250768,45.5383774],[10.2250349,45.5383911],[10.2249837,45.5384079],[10.2249269,45.5384266],[10.2248899,45.5384387],[10.224787,45.5384631],[10.2247481,45.5384723],[10.2246275,45.5385008],[10.2245222,45.5385098]]]},"properties":{"site":"brescia","name":null,"category":"other","historic":null,"building":"yes","osm_id":660807843}},{"type":"Feature","geometry":{"type":"Polygon","coordinates":[[[10.2247723,45.5389741],[10.2248873,45.5389565],[10.2248685,45.5388481],[10.2247472,45.5388613],[10.2247723,45.5389741]]]},"properties":{"site":"brescia","name":null,"category":"other","historic":null,"building":"yes","osm_id":660807844}},{"type":"Feature","geometry":{"type":"Polygon","coordinates":[[[10.2248518,45.5387148],[10.2250401,45.5387001],[10.2250275,45.5386166],[10.2248419,45.5386403],[10.2248518,45.5387148]]]},"properties":{"site":"brescia","name":null,"category":"other","historic":null,"building":"yes","osm_id":660807845}},{"type":"Feature","geometry":{"type":"Polygon","coordinates":[[[10.2262479,45.5386095],[10.2262803,45.5386967],[10.2264626,45.5386641],[10.2264714,45.538693],[10.2266344,45.5386562],[10.2265775,45.5385677],[10.2264907,45.5386052],[10.2264504,45.538604],[10.2264458,45.538581],[10.2262479,45.5386095]]]},"properties":{"site":"brescia","name":null,"category":"other","historic":null,"building":"yes","osm_id":660807847}},{"type":"Feature","geometry":{"type":"Polygon","coordinates":[[[10.2203562,45.547831],[10.2204933,45.5477807],[10.2203921,45.5476024],[10.2202518,45.5476516],[10.2203562,45.547831]]]},"properties":{"site":"brescia","name":null,"category":"other","historic":null,"building":"yes","osm_id":661736477}},{"type":"Feature","geometry":{"type":"Polygon","coordinates":[[[10.2265092,45.5449545],[10.2266177,45.5449347],[10.2265641,45.5447908],[10.2265595,45.5447916],[10.2264556,45.5448106],[10.2265092,45.5449545]]]},"properties":{"site":"brescia","name":null,"category":"other","historic":null,"building":"apartments","osm_id":663515458}},{"type":"Feature","geometry":{"type":"Polygon","coordinates":[[[10.2258311,45.5450812],[10.2259934,45.5450401],[10.225951,45.5449605],[10.2259494,45.5449551],[10.2258411,45.5449824],[10.2257872,45.544996],[10.2258311,45.5450812]]]},"properties":{"site":"brescia","name":null,"category":"other","historic":null,"building":"apartments","osm_id":663515459}},{"type":"Feature","geometry":{"type":"Polygon","coordinates":[[[10.2259934,45.5450401],[10.2261453,45.5450004],[10.226103,45.5449209],[10.2260319,45.5449394],[10.225951,45.5449605],[10.2259934,45.5450401]]]},"properties":{"site":"brescia","name":null,"category":"other","historic":null,"building":"yes","osm_id":663515460}},{"type":"Feature","geometry":{"type":"Polygon","coordinates":[[[10.227275,45.5454932],[10.2274968,45.5454421],[10.227409,45.5452555],[10.2272513,45.5452918],[10.2273008,45.5453971],[10.2272367,45.5454119],[10.227275,45.5454932]]]},"properties":{"site":"brescia","name":null,"category":"other","historic":null,"building":"apartments","osm_id":663515461}},{"type":"Feature","geometry":{"type":"Polygon","coordinates":[[[10.2269986,45.5455278],[10.2271536,45.545493],[10.227076,45.5453236],[10.2268297,45.5453789],[10.2268817,45.5454925],[10.226973,45.545472],[10.2269986,45.5455278]]]},"properties":{"site":"brescia","name":null,"category":"other","historic":null,"building":"apartments","osm_id":663515462}},{"type":"Feature","geometry":{"type":"Polygon","coordinates":[[[10.214806,45.5362846],[10.21489,45.5362641],[10.2148378,45.5361366],[10.214736,45.5361491],[10.214806,45.5362846]]]},"properties":{"site":"brescia","name":null,"category":"other","historic":null,"building":"yes","osm_id":664926729}},{"type":"Feature","geometry":{"type":"Polygon","coordinates":[[[10.2147985,45.542594],[10.2149724,45.54256],[10.2149516,45.5425079],[10.214933,45.5424611],[10.2147798,45.5424911],[10.2147592,45.5424951],[10.2147985,45.542594]]]},"properties":{"site":"brescia","name":null,"category":"other","historic":null,"building":"yes","osm_id":664926730}},{"type":"Feature","geometry":{"type":"Polygon","coordinates":[[[10.2140411,45.5432161],[10.2142153,45.5436041],[10.2143746,45.5435658],[10.2149911,45.5434175],[10.2151693,45.5433746],[10.2151239,45.5432653],[10.2150395,45.5430621],[10.2149624,45.5428764],[10.2149271,45.5427914],[10.2148922,45.5427985],[10.2141449,45.5429514],[10.2141865,45.5430441],[10.2142045,45.5430842],[10.2147688,45.5429591],[10.2148919,45.5432516],[10.2143514,45.5433795],[10.2142567,45.5431686],[10.2140411,45.5432161]]]},"properties":{"site":"brescia","name":null,"category":"other","historic":null,"building":"yes","osm_id":664926731}},{"type":"Feature","geometry":{"type":"Polygon","coordinates":[[[10.2141865,45.5430441],[10.2141449,45.5429514],[10.214134,45.5429275],[10.2141141,45.5429318],[10.2139616,45.5429645],[10.213914,45.5428559],[10.2140686,45.5428208],[10.2141205,45.542809],[10.2140749,45.5427056],[10.2141873,45.5426824],[10.2141601,45.5426197],[10.2138207,45.5426876],[10.2137021,45.5427113],[10.2137554,45.5428295],[10.2138818,45.5431095],[10.213929,45.5430994],[10.2141865,45.5430441]]]},"properties":{"site":"brescia","name":null,"category":"other","historic":null,"building":"yes","osm_id":664926732}},{"type":"Feature","geometry":{"type":"Polygon","coordinates":[[[10.2141986,45.5427074],[10.2142335,45.5427],[10.2142458,45.5427331],[10.2142755,45.5427264],[10.2142931,45.542771],[10.2144824,45.5427289],[10.2144547,45.5426591],[10.214741,45.5426047],[10.2147004,45.5425064],[10.2146653,45.5425138],[10.2146076,45.5425259],[10.2145379,45.5425389],[10.2144617,45.5425552],[10.2143008,45.5425896],[10.2141601,45.5426197],[10.2141873,45.5426824],[10.2141986,45.5427074]]]},"properties":{"site":"brescia","name":null,"category":"other","historic":null,"building":"yes","osm_id":664926733}},{"type":"Feature","geometry":{"type":"Polygon","coordinates":[[[10.2149923,45.542562],[10.2146459,45.5426294],[10.2146607,45.5426741],[10.2146803,45.5427302],[10.2148574,45.5426953],[10.2148922,45.5427985],[10.2149271,45.5427914],[10.2150622,45.5427642],[10.2150382,45.5426947],[10.2150072,45.542605],[10.2149923,45.542562]]]},"properties":{"site":"brescia","name":null,"category":"other","historic":null,"building":"yes","osm_id":664926734}},{"type":"Feature","geometry":{"type":"Polygon","coordinates":[[[10.2142662,45.5427781],[10.2141205,45.542809],[10.2140686,45.5428208],[10.2141141,45.5429318],[10.214134,45.5429275],[10.2143106,45.5428894],[10.2142662,45.5427781]]]},"properties":{"site":"brescia","name":null,"category":"other","historic":null,"building":"yes","osm_id":664926735}},{"type":"Feature","geometry":{"type":"Polygon","coordinates":[[[10.2145433,45.5427755],[10.2146875,45.5427509],[10.2146803,45.5427302],[10.2146607,45.5426741],[10.2145156,45.5426979],[10.2145433,45.5427755]]]},"properties":{"site":"brescia","name":null,"category":"other","historic":null,"building":"yes","osm_id":664926736}},{"type":"Feature","geometry":{"type":"Polygon","coordinates":[[[10.2189887,45.5373637],[10.2190041,45.537445],[10.2191581,45.5374307],[10.2191503,45.5373892],[10.2190673,45.5373969],[10.2190597,45.537357],[10.2189887,45.5373637]]]},"properties":{"site":"brescia","name":null,"category":"other","historic":null,"building":"yes","osm_id":669103560}},{"type":"Feature","geometry":{"type":"Polygon","coordinates":[[[10.2198272,45.5360208],[10.2198171,45.5359897],[10.219806,45.5359554],[10.2199254,45.535941],[10.2199308,45.5359642],[10.220201,45.5359325],[10.2202079,45.5359577],[10.2203072,45.5359469],[10.2203232,45.5359832],[10.2203353,45.5360051],[10.2203469,45.5360263],[10.2201449,45.5360659],[10.2200242,45.5360896],[10.2199996,45.5360945],[10.2199711,45.5359996],[10.2198272,45.5360208]]]},"properties":{"site":"brescia","name":null,"category":"other","historic":null,"building":"yes","osm_id":669103563}},{"type":"Feature","geometry":{"type":"Polygon","coordinates":[[[10.2203469,45.5360263],[10.2205947,45.5359741],[10.2205751,45.535933],[10.2203232,45.5359832],[10.2203469,45.5360263]]]},"properties":{"site":"brescia","name":null,"category":"other","historic":null,"building":"yes","osm_id":669103564}},{"type":"Feature","geometry":{"type":"Polygon","coordinates":[[[10.2206499,45.5360671],[10.2206336,45.5360356],[10.220602,45.5360431],[10.2206179,45.5360758],[10.2206499,45.5360671]]]},"properties":{"site":"brescia","name":null,"category":"other","historic":null,"building":"yes","osm_id":669103565}},{"type":"Feature","geometry":{"type":"Polygon","coordinates":[[[10.2178457,45.5392631],[10.2178589,45.5392958],[10.2178676,45.5393173],[10.2179115,45.5393123],[10.2179919,45.539301],[10.2179869,45.5392759],[10.2180161,45.5392672],[10.218,45.5392127],[10.2178457,45.5392631]]]},"properties":{"site":"brescia","name":null,"category":"other","historic":null,"building":"yes","osm_id":669116238}},{"type":"Feature","geometry":{"type":"Polygon","coordinates":[[[10.2178062,45.5391471],[10.2178031,45.5391365],[10.2177764,45.5390449],[10.2178491,45.5390336],[10.2179708,45.5390148],[10.2180017,45.539105],[10.2179468,45.5391172],[10.2178062,45.5391471]]]},"properties":{"site":"brescia","name":null,"category":"other","historic":null,"building":"yes","osm_id":669116240}},{"type":"Feature","geometry":{"type":"Polygon","coordinates":[[[10.218356,45.5390144],[10.218349,45.5389923],[10.2183444,45.5389777],[10.218224,45.5390011],[10.2182078,45.5389601],[10.2181952,45.538963],[10.2181651,45.5389699],[10.2181165,45.5389811],[10.2180637,45.5389933],[10.2179708,45.5390148],[10.2180017,45.539105],[10.2179468,45.5391172],[10.2179824,45.5391514],[10.218234,45.5390739],[10.218356,45.5390144]]]},"properties":{"site":"brescia","name":null,"category":"other","historic":null,"building":"yes","osm_id":669116241}},{"type":"Feature","geometry":{"type":"Polygon","coordinates":[[[10.2185261,45.5389639],[10.2185261,45.538935],[10.2185261,45.5389093],[10.2190008,45.5389046],[10.2190062,45.5389851],[10.2189703,45.5389852],[10.21897,45.5389643],[10.2185261,45.5389639]]]},"properties":{"site":"brescia","name":null,"category":"other","historic":null,"building":"yes","osm_id":669116244}},{"type":"Feature","geometry":{"type":"Polygon","coordinates":[[[10.2185031,45.5392331],[10.2184985,45.5392038],[10.2184885,45.5391399],[10.2185093,45.5391389],[10.2186694,45.5391328],[10.2186793,45.5391979],[10.2185031,45.5392331]]]},"properties":{"site":"brescia","name":null,"category":"other","historic":null,"building":"yes","osm_id":669116245}},{"type":"Feature","geometry":{"type":"Polygon","coordinates":[[[10.2186377,45.5385704],[10.2186314,45.5385264],[10.2186992,45.538522],[10.2186966,45.5385051],[10.2187425,45.5385017],[10.2188016,45.5384966],[10.2188122,45.5385563],[10.2187523,45.5385615],[10.2186905,45.5385663],[10.2186377,45.5385704]]]},"properties":{"site":"brescia","name":null,"category":"other","historic":null,"building":"yes","osm_id":669116249}},{"type":"Feature","geometry":{"type":"Polygon","coordinates":[[[10.2187471,45.5413174],[10.2189937,45.541274],[10.2190073,45.5413832],[10.218774,45.5414132],[10.2187687,45.5413944],[10.2187605,45.5413653],[10.2187577,45.5413553],[10.2187471,45.5413174]]]},"properties":{"site":"brescia","name":null,"category":"other","historic":null,"building":"yes","osm_id":669137841}},{"type":"Feature","geometry":{"type":"Polygon","coordinates":[[[10.2173207,45.5399445],[10.2173151,45.5399198],[10.2173122,45.5398951],[10.2174589,45.5398909],[10.2174599,45.5399204],[10.2174641,45.5399396],[10.2173207,45.5399445]]]},"properties":{"site":"brescia","name":null,"category":"other","historic":null,"building":"yes","osm_id":669140924}},{"type":"Feature","geometry":{"type":"Polygon","coordinates":[[[10.2196311,45.5421833],[10.2196651,45.5422262],[10.2196847,45.542251],[10.2199475,45.5421758],[10.2199268,45.5421143],[10.2196311,45.5421833]]]},"properties":{"site":"brescia","name":null,"category":"other","historic":null,"building":"yes","osm_id":669169346}},{"type":"Feature","geometry":{"type":"Polygon","coordinates":[[[10.217669,45.5424785],[10.2177873,45.5424487],[10.2177366,45.5423402],[10.2176787,45.5423533],[10.2176151,45.5423681],[10.217669,45.5424785]]]},"properties":{"site":"brescia","name":null,"category":"other","historic":null,"building":"yes","osm_id":669169356}},{"type":"Feature","geometry":{"type":"Polygon","coordinates":[[[10.221485,45.5362614],[10.2215344,45.5363083],[10.2216428,45.5362838],[10.2215875,45.5362725],[10.2215363,45.5362008],[10.2215175,45.5361937],[10.2214638,45.5362118],[10.221485,45.5362614]]]},"properties":{"site":"brescia","name":null,"category":"other","historic":null,"building":"yes","osm_id":669169362}},{"type":"Feature","geometry":{"type":"Polygon","coordinates":[[[10.2215344,45.5363083],[10.2215444,45.5363318],[10.2216364,45.5363095],[10.2216539,45.5363418],[10.2217189,45.5363329],[10.2216649,45.536276],[10.2216428,45.5362838],[10.2215344,45.5363083]]]},"properties":{"site":"brescia","name":null,"category":"other","historic":null,"building":"yes","osm_id":669169363}},{"type":"Feature","geometry":{"type":"Polygon","coordinates":[[[10.2292602,45.5394208],[10.2301939,45.5393084],[10.2302458,45.5395224],[10.2296272,45.5395961],[10.2295963,45.5394689],[10.2293354,45.5395],[10.2293419,45.5395268],[10.2292802,45.5395336],[10.2292602,45.5394208]]]},"properties":{"site":"brescia","name":null,"category":"other","historic":null,"building":"yes","osm_id":669544145}},{"type":"Feature","geometry":{"type":"Polygon","coordinates":[[[10.2232383,45.5387158],[10.2232544,45.5388172],[10.2233966,45.5388135],[10.2234019,45.5388304],[10.2234947,45.5388392],[10.2235599,45.5388353],[10.2237614,45.538821],[10.2237345,45.5386876],[10.2236324,45.5386934],[10.2235579,45.5386976],[10.2234228,45.5387053],[10.2233512,45.5387094],[10.2233418,45.5387099],[10.2232718,45.5387139],[10.2232516,45.538715],[10.2232383,45.5387158]]]},"properties":{"site":"brescia","name":null,"category":"other","historic":null,"building":"yes","osm_id":673730712}},{"type":"Feature","geometry":{"type":"Polygon","coordinates":[[[10.2207601,45.5413585],[10.2207419,45.541281],[10.220737,45.5412612],[10.2207323,45.541242],[10.2207234,45.5412055],[10.2207199,45.5411914],[10.2211019,45.5411346],[10.2211918,45.5412275],[10.2211422,45.5412369],[10.2211636,45.5412698],[10.22122,45.5412548],[10.2212857,45.5413271],[10.2210429,45.5413515],[10.2210335,45.5413233],[10.2207601,45.5413585]]]},"properties":{"site":"brescia","name":null,"category":"other","historic":null,"building":"yes","osm_id":673730714}},{"type":"Feature","geometry":{"type":"Polygon","coordinates":[[[10.2209279,45.5401963],[10.2207841,45.5402228],[10.2207412,45.5401092],[10.2208818,45.5400822],[10.2209092,45.5401488],[10.2210235,45.540125],[10.2210016,45.5400676],[10.2209291,45.540082],[10.2209182,45.540057],[10.2209077,45.5400329],[10.220981,45.540018],[10.2209666,45.5399601],[10.2209578,45.5399247],[10.2212648,45.5396844],[10.2212236,45.5396707],[10.2207177,45.5397233],[10.2206842,45.5397115],[10.2206742,45.5396944],[10.2212275,45.5396359],[10.2212337,45.5395551],[10.2212351,45.5394741],[10.2211622,45.5394779],[10.2211512,45.5394136],[10.2210896,45.5390759],[10.22098,45.5386117],[10.2208845,45.5386122],[10.2207834,45.5386126],[10.2207265,45.5386129],[10.2206997,45.538616],[10.2206229,45.5386251],[10.2204608,45.5386441],[10.2203897,45.5386504],[10.2203703,45.5386521],[10.22047,45.5391196],[10.2205048,45.5393017],[10.2205583,45.5395331],[10.2205997,45.5396966],[10.2206239,45.5396938],[10.2206592,45.5396898],[10.2206696,45.5397352],[10.2206346,45.5397391],[10.2206101,45.5397419],[10.2206415,45.5398921],[10.2206815,45.5401027],[10.2207027,45.5401264],[10.2205787,45.5401506],[10.2206249,45.5402678],[10.2208093,45.540236],[10.2208368,45.5402945],[10.2208601,45.5403963],[10.2207985,45.5404728],[10.2207398,45.5404565],[10.2206982,45.5405279],[10.2206833,45.5406271],[10.220684,45.5407383],[10.2206964,45.5408548],[10.2207066,45.5409515],[10.2207088,45.5409716],[10.220725,45.5411244],[10.2209398,45.5410954],[10.2209144,45.5410282],[10.2209522,45.5410078],[10.2209047,45.5408766],[10.2209659,45.5408661],[10.2210439,45.5409636],[10.2212928,45.5408834],[10.2213488,45.5408611],[10.2211908,45.5406917],[10.2210151,45.5407368],[10.2209239,45.5405677],[10.2210312,45.5404888],[10.221176,45.5406579],[10.2214872,45.5406241],[10.2214603,45.5404851],[10.2219109,45.5404923],[10.2218901,45.5403665],[10.2218853,45.5402824],[10.2218215,45.5402759],[10.2218077,45.5402656],[10.2217988,45.5402456],[10.2217232,45.5402588],[10.2216382,45.5402657],[10.2215935,45.5402676],[10.2214463,45.5400009],[10.2213791,45.5400138],[10.2211599,45.5400561],[10.2211344,45.540061],[10.2211147,45.5400648],[10.2212288,45.5404126],[10.2211993,45.5404292],[10.2211761,45.5403896],[10.221074,45.5404238],[10.2210263,45.5403739],[10.2211681,45.5403568],[10.2211623,45.5403247],[10.2211676,45.5402806],[10.2211186,45.5401425],[10.2210868,45.5401454],[10.2209151,45.5401646],[10.2209279,45.5401963]]]},"properties":{"site":"brescia","name":null,"category":"other","historic":null,"building":"yes","osm_id":673730716}},{"type":"Feature","geometry":{"type":"Polygon","coordinates":[[[10.2211147,45.5410967],[10.2214239,45.54099],[10.2213668,45.540907],[10.2213445,45.5408772],[10.2212971,45.5408945],[10.2210353,45.5409838],[10.2210803,45.5410491],[10.2210952,45.5410697],[10.2211147,45.5410967]]]},"properties":{"site":"brescia","name":"Chiesa di San Giorgio","category":"medieval","historic":null,"building":"yes","osm_id":673730717}},{"type":"Feature","geometry":{"type":"Polygon","coordinates":[[[10.2211704,45.541151],[10.2211147,45.5410967],[10.2214239,45.54099],[10.2214429,45.5410199],[10.2213989,45.5410754],[10.2211704,45.541151]]]},"properties":{"site":"brescia","name":null,"category":"other","historic":null,"building":"yes","osm_id":673730719}},{"type":"Feature","geometry":{"type":"Polygon","coordinates":[[[10.2217165,45.5425694],[10.2216695,45.5425046],[10.2215394,45.5425487],[10.2214791,45.5424501],[10.2216263,45.5424056],[10.2215825,45.5423442],[10.2216546,45.5423056],[10.2216251,45.5422679],[10.2215391,45.5422975],[10.221511,45.5422627],[10.2214066,45.542291],[10.2214796,45.5423876],[10.2213819,45.5424213],[10.2213151,45.5423181],[10.2211618,45.5423726],[10.2213735,45.5426634],[10.2217165,45.5425694]]]},"properties":{"site":"brescia","name":null,"category":"other","historic":null,"building":"yes","osm_id":673730726}},{"type":"Feature","geometry":{"type":"Polygon","coordinates":[[[10.220382,45.5416869],[10.2203631,45.5416374],[10.2203083,45.5416479],[10.220236,45.5416589],[10.220231,45.541635],[10.2201555,45.5416467],[10.2201374,45.5415827],[10.2201529,45.5415802],[10.2202132,45.5415704],[10.2202367,45.5415665],[10.2203329,45.5415508],[10.2203737,45.5415442],[10.2204067,45.5415388],[10.2204545,45.5416724],[10.220382,45.5416869]]]},"properties":{"site":"brescia","name":null,"category":"other","historic":null,"building":"apartments","osm_id":673730734}},{"type":"Feature","geometry":{"type":"Polygon","coordinates":[[[10.2295294,45.5349254],[10.2296931,45.5349216],[10.2296896,45.5348486],[10.229526,45.5348524],[10.2295294,45.5349254]]]},"properties":{"site":"brescia","name":null,"category":"other","historic":null,"building":"yes","osm_id":691447374}},{"type":"Feature","geometry":{"type":"Polygon","coordinates":[[[10.2202003,45.5431612],[10.2204924,45.5431303],[10.220432,45.5430286],[10.2202165,45.543064],[10.2201954,45.5430675],[10.2201972,45.5431023],[10.2201991,45.5431389],[10.2202003,45.5431612]]]},"properties":{"site":"brescia","name":null,"category":"other","historic":null,"building":"apartments","osm_id":693359344}},{"type":"Feature","geometry":{"type":"Polygon","coordinates":[[[10.2208545,45.5430444],[10.2207312,45.5428792],[10.220707,45.5428881],[10.2206934,45.5428699],[10.220717,45.5428612],[10.2207008,45.5428365],[10.2206042,45.5428639],[10.2207083,45.5430036],[10.2206847,45.5430122],[10.22074,45.5430863],[10.2208545,45.5430444]]]},"properties":{"site":"brescia","name":null,"category":"other","historic":null,"building":"yes","osm_id":693359345}},{"type":"Feature","geometry":{"type":"Polygon","coordinates":[[[10.2208989,45.5430428],[10.2208215,45.5429373],[10.2209035,45.5429078],[10.2209809,45.5430133],[10.2208989,45.5430428]]]},"properties":{"site":"brescia","name":null,"category":"other","historic":null,"building":"yes","osm_id":693359347}},{"type":"Feature","geometry":{"type":"Polygon","coordinates":[[[10.2208206,45.5429301],[10.2208967,45.5429038],[10.2208383,45.542821],[10.2208972,45.5428006],[10.2208451,45.5427266],[10.2206738,45.5427858],[10.2207241,45.5428572],[10.2207604,45.5428446],[10.2208206,45.5429301]]]},"properties":{"site":"brescia","name":null,"category":"other","historic":null,"building":"yes","osm_id":693359348}},{"type":"Feature","geometry":{"type":"Polygon","coordinates":[[[10.2209911,45.5430122],[10.2211509,45.5429594],[10.2210963,45.542894],[10.2210526,45.5429072],[10.2210149,45.5428579],[10.2208928,45.5428878],[10.2209911,45.5430122]]]},"properties":{"site":"brescia","name":null,"category":"other","historic":null,"building":"yes","osm_id":693359349}},{"type":"Feature","geometry":{"type":"Polygon","coordinates":[[[10.2211608,45.5429559],[10.2212472,45.5429295],[10.2212025,45.5428683],[10.2211132,45.5428961],[10.2211608,45.5429559]]]},"properties":{"site":"brescia","name":null,"category":"other","historic":null,"building":"yes","osm_id":693359350}},{"type":"Feature","geometry":{"type":"Polygon","coordinates":[[[10.221408,45.5428176],[10.2213127,45.5426792],[10.2212432,45.5427008],[10.2211578,45.5427682],[10.2211787,45.5427946],[10.2211152,45.5428162],[10.2210179,45.5426917],[10.220872,45.5427481],[10.2209077,45.5427981],[10.2208849,45.542812],[10.2209405,45.5428676],[10.2210407,45.5428468],[10.2210854,45.5428906],[10.221408,45.5428176]]]},"properties":{"site":"brescia","name":null,"category":"other","historic":null,"building":"yes","osm_id":693359351}},{"type":"Feature","geometry":{"type":"Polygon","coordinates":[[[10.2205032,45.5431288],[10.2207223,45.5430895],[10.2206646,45.5430067],[10.220692,45.5429976],[10.2206617,45.5429633],[10.2205955,45.5429896],[10.2205522,45.5429411],[10.2204398,45.5430249],[10.2205032,45.5431288]]]},"properties":{"site":"brescia","name":null,"category":"other","historic":null,"building":"apartments","osm_id":693359352}},{"type":"Feature","geometry":{"type":"Polygon","coordinates":[[[10.2202165,45.543064],[10.220432,45.5430286],[10.2204989,45.5429603],[10.2204787,45.5429149],[10.2206776,45.5428311],[10.2206113,45.5426908],[10.2204672,45.5427352],[10.2204182,45.5427029],[10.2203332,45.5427302],[10.2203116,45.5426787],[10.2202741,45.5426252],[10.2203419,45.5425929],[10.2203029,45.5425405],[10.2200609,45.5426474],[10.2200834,45.5426866],[10.2201142,45.5427403],[10.2201747,45.542823],[10.220181,45.5428592],[10.2201976,45.542955],[10.2202058,45.5430025],[10.2202129,45.5430433],[10.2202165,45.543064]]]},"properties":{"site":"brescia","name":null,"category":"other","historic":null,"building":"apartments","osm_id":693359353}},{"type":"Feature","geometry":{"type":"Polygon","coordinates":[[[10.2200609,45.5426474],[10.2202883,45.5425377],[10.2202169,45.5424346],[10.2201632,45.5424446],[10.2200565,45.5423427],[10.2198577,45.5423921],[10.2198985,45.5424415],[10.2199334,45.5424838],[10.2199606,45.5425168],[10.2199859,45.5425475],[10.2200114,45.5425815],[10.2200329,45.5426101],[10.2200563,45.5426413],[10.2200609,45.5426474]]]},"properties":{"site":"brescia","name":null,"category":"other","historic":null,"building":"apartments","osm_id":693359354}},{"type":"Feature","geometry":{"type":"Polygon","coordinates":[[[10.2201914,45.5423764],[10.2201587,45.5423157],[10.2204576,45.5422366],[10.2205208,45.5423537],[10.220407,45.5423838],[10.2203765,45.5423274],[10.2201914,45.5423764]]]},"properties":{"site":"brescia","name":null,"category":"other","historic":null,"building":"yes","osm_id":693359355}},{"type":"Feature","geometry":{"type":"Polygon","coordinates":[[[10.2202954,45.5425193],[10.2202086,45.5423945],[10.2203421,45.542358],[10.2203897,45.5424433],[10.2204657,45.5424225],[10.220491,45.5424679],[10.2202954,45.5425193]]]},"properties":{"site":"brescia","name":null,"category":"other","historic":null,"building":"yes","osm_id":693359356}},{"type":"Feature","geometry":{"type":"Polygon","coordinates":[[[10.2207713,45.5426343],[10.2204687,45.542704],[10.2203995,45.5425899],[10.2203678,45.5425939],[10.2203361,45.5425374],[10.2204773,45.5425011],[10.2204989,45.5424728],[10.2205292,45.5424597],[10.2205407,45.5425051],[10.2206603,45.5424749],[10.2206862,45.5425253],[10.2205897,45.5425394],[10.2206286,45.5426172],[10.2207482,45.5425919],[10.2207713,45.5426343]]]},"properties":{"site":"brescia","name":null,"category":"other","historic":null,"building":"yes","osm_id":693359357}},{"type":"Feature","geometry":{"type":"Polygon","coordinates":[[[10.2214504,45.544034],[10.2217633,45.5439511],[10.2216289,45.5436569],[10.2212918,45.543726],[10.2214504,45.544034]]]},"properties":{"site":"brescia","name":null,"category":"other","historic":null,"building":"yes","osm_id":693359358}},{"type":"Feature","geometry":{"type":"Polygon","coordinates":[[[10.2225984,45.5440425],[10.2226963,45.5441512],[10.2231553,45.5439923],[10.2231422,45.5439665],[10.2232435,45.5439257],[10.223185,45.5438595],[10.2231324,45.543887],[10.2231002,45.5439342],[10.2228901,45.5440114],[10.2228934,45.5440278],[10.2227302,45.5440866],[10.2226667,45.5440132],[10.2225984,45.5440425]]]},"properties":{"site":"brescia","name":null,"category":"other","historic":null,"building":"apartments","osm_id":693359359}},{"type":"Feature","geometry":{"type":"Polygon","coordinates":[[[10.2225171,45.5430062],[10.2226513,45.5429752],[10.2225815,45.542827],[10.2224473,45.5428581],[10.2225171,45.5430062]]]},"properties":{"site":"brescia","name":null,"category":"other","historic":null,"building":"yes","osm_id":693359361}},{"type":"Feature","geometry":{"type":"Polygon","coordinates":[[[10.2223393,45.542357],[10.2225371,45.5422972],[10.2224479,45.5421523],[10.22225,45.5422121],[10.2223393,45.542357]]]},"properties":{"site":"brescia","name":null,"category":"other","historic":null,"building":"yes","osm_id":693359362}},{"type":"Feature","geometry":{"type":"Polygon","coordinates":[[[10.2218409,45.5421128],[10.2221251,45.5420192],[10.2220603,45.5419263],[10.2218932,45.5419899],[10.2218514,45.5419283],[10.2220185,45.5418678],[10.2219782,45.5418092],[10.2216741,45.5419172],[10.2218409,45.5421128]]]},"properties":{"site":"brescia","name":null,"category":"other","historic":null,"building":"yes","osm_id":693359363}},{"type":"Feature","geometry":{"type":"Polygon","coordinates":[[[10.2221035,45.542222],[10.222262,45.5421766],[10.2221684,45.5420181],[10.2220041,45.5420737],[10.2221035,45.542222]]]},"properties":{"site":"brescia","name":null,"category":"other","historic":null,"building":"yes","osm_id":693359364}},{"type":"Feature","geometry":{"type":"Polygon","coordinates":[[[10.2219522,45.5424662],[10.2221035,45.5424138],[10.2220509,45.542335],[10.2219724,45.5422341],[10.2218182,45.5422886],[10.2219522,45.5424662]]]},"properties":{"site":"brescia","name":null,"category":"other","historic":null,"building":"yes","osm_id":693359365}},{"type":"Feature","geometry":{"type":"Polygon","coordinates":[[[10.2221967,45.5424728],[10.2223129,45.542431],[10.2222297,45.5423175],[10.2221309,45.542353],[10.2221037,45.542316],[10.2220509,45.542335],[10.2221078,45.5424126],[10.2221433,45.5423999],[10.2221967,45.5424728]]]},"properties":{"site":"brescia","name":null,"category":"other","historic":null,"building":"yes","osm_id":693359366}},{"type":"Feature","geometry":{"type":"Polygon","coordinates":[[[10.2218278,45.5423158],[10.2218053,45.5422875],[10.2219739,45.5422253],[10.2219941,45.5422513],[10.222075,45.5422316],[10.222029,45.5421647],[10.2219244,45.542197],[10.221939,45.5422206],[10.2218604,45.542245],[10.2218076,45.5421584],[10.2216671,45.5422057],[10.2217345,45.5423442],[10.2218278,45.5423158]]]},"properties":{"site":"brescia","name":null,"category":"other","historic":null,"building":"yes","osm_id":693359367}},{"type":"Feature","geometry":{"type":"Polygon","coordinates":[[[10.2215665,45.5421999],[10.2217397,45.5421467],[10.2216816,45.5420541],[10.2216045,45.5420778],[10.221531,45.5419606],[10.2214349,45.5419901],[10.2215665,45.5421999]]]},"properties":{"site":"brescia","name":null,"category":"other","historic":null,"building":"yes","osm_id":693359368}},{"type":"Feature","geometry":{"type":"Polygon","coordinates":[[[10.2210995,45.5416928],[10.2208185,45.5417563],[10.2207854,45.5417452],[10.2206903,45.5414889],[10.220737,45.5414805],[10.220758,45.5414768],[10.220771,45.5415131],[10.2208358,45.5415121],[10.2208632,45.5415454],[10.2209424,45.5415353],[10.220954,45.5415696],[10.220905,45.5415727],[10.2209511,45.5416393],[10.2210462,45.5416241],[10.2210995,45.5416928]]]},"properties":{"site":"brescia","name":null,"category":"other","historic":null,"building":"apartments","osm_id":693359369}},{"type":"Feature","geometry":{"type":"Polygon","coordinates":[[[10.2210678,45.5416272],[10.2212162,45.5415767],[10.2212033,45.5415464],[10.2212623,45.5415262],[10.2212047,45.5414566],[10.221124,45.5414738],[10.2211528,45.5415212],[10.2210217,45.5415555],[10.2210678,45.5416272]]]},"properties":{"site":"brescia","name":null,"category":"other","historic":null,"building":"apartments","osm_id":693359370}},{"type":"Feature","geometry":{"type":"Polygon","coordinates":[[[10.2207537,45.5413853],[10.2207687,45.5414582],[10.2207767,45.541497],[10.2208344,45.5414889],[10.220869,45.5415353],[10.2210707,45.5414869],[10.2210404,45.5414243],[10.2209886,45.5414324],[10.2209583,45.5413708],[10.2208704,45.5413849],[10.2208652,45.541372],[10.2207537,45.5413853]]]},"properties":{"site":"brescia","name":null,"category":"other","historic":null,"building":"apartments","osm_id":693359371}},{"type":"Feature","geometry":{"type":"Polygon","coordinates":[[[10.221088,45.5414798],[10.2211874,45.5414526],[10.2211514,45.5413769],[10.2210476,45.5414021],[10.221088,45.5414798]]]},"properties":{"site":"brescia","name":null,"category":"other","historic":null,"building":"apartments","osm_id":693359372}},{"type":"Feature","geometry":{"type":"Polygon","coordinates":[[[10.2214363,45.5422517],[10.2211452,45.5423576],[10.2209838,45.5421174],[10.2207994,45.5417824],[10.2211999,45.5416825],[10.2212475,45.5417632],[10.2210472,45.5418096],[10.2210786,45.5418708],[10.2211063,45.5419247],[10.2213007,45.5418775],[10.2213325,45.5419449],[10.2210386,45.5420155],[10.2210501,45.5420407],[10.2210861,45.5420337],[10.2210991,45.5420528],[10.221295,45.5419933],[10.2213051,45.5420175],[10.221419,45.5419832],[10.2214838,45.5420983],[10.2213498,45.5421376],[10.2213109,45.5420861],[10.2211293,45.5421406],[10.2212028,45.5422416],[10.2213858,45.542181],[10.2214363,45.5422517]]]},"properties":{"site":"brescia","name":null,"category":"other","historic":null,"building":"apartments","osm_id":693359373}},{"type":"Feature","geometry":{"type":"Polygon","coordinates":[[[10.2217108,45.5415826],[10.2216451,45.5414933],[10.2215083,45.5415192],[10.2214929,45.5414952],[10.2214986,45.5414934],[10.221399,45.5413726],[10.2212964,45.5413778],[10.2214479,45.5416267],[10.2217108,45.5415826]]]},"properties":{"site":"brescia","name":null,"category":"other","historic":null,"building":"yes","osm_id":693359374}},{"type":"Feature","geometry":{"type":"Polygon","coordinates":[[[10.221624,45.5412753],[10.2215612,45.5411899],[10.2215334,45.5412003],[10.2214392,45.541111],[10.2213302,45.5411563],[10.221297,45.5411239],[10.2211898,45.5411602],[10.2212859,45.5412663],[10.2213561,45.5412287],[10.2214688,45.5413374],[10.221624,45.5412753]]]},"properties":{"site":"brescia","name":null,"category":"other","historic":null,"building":"yes","osm_id":693359375}},{"type":"Feature","geometry":{"type":"Polygon","coordinates":[[[10.2216638,45.5410843],[10.221801,45.5410227],[10.2216524,45.5408605],[10.2215152,45.5409221],[10.2216638,45.5410843]]]},"properties":{"site":"brescia","name":null,"category":"other","historic":null,"building":"yes","osm_id":693359376}},{"type":"Feature","geometry":{"type":"Polygon","coordinates":[[[10.2217124,45.5409096],[10.2218579,45.540848],[10.2218089,45.5407915],[10.2218132,45.5405957],[10.2216245,45.5406108],[10.2216389,45.5406926],[10.2217066,45.5406905],[10.221708,45.5408359],[10.2216634,45.5408561],[10.2217124,45.5409096]]]},"properties":{"site":"brescia","name":null,"category":"other","historic":null,"building":"yes","osm_id":693359377}},{"type":"Feature","geometry":{"type":"Polygon","coordinates":[[[10.2219358,45.5409619],[10.2220754,45.5409112],[10.2220267,45.5408455],[10.2218871,45.5408962],[10.2219358,45.5409619]]]},"properties":{"site":"brescia","name":null,"category":"other","historic":null,"building":"yes","osm_id":693359378}},{"type":"Feature","geometry":{"type":"Polygon","coordinates":[[[10.2126319,45.5389424],[10.2129162,45.5388993],[10.2128854,45.5387996],[10.2126011,45.5388427],[10.2126319,45.5389424]]]},"properties":{"site":"brescia","name":null,"category":"other","historic":null,"building":"yes","osm_id":693359379}},{"type":"Feature","geometry":{"type":"Polygon","coordinates":[[[10.2126086,45.5389299],[10.2125858,45.5388477],[10.2122191,45.5388977],[10.2122668,45.5390696],[10.2123882,45.539053],[10.2123633,45.5389633],[10.2126086,45.5389299]]]},"properties":{"site":"brescia","name":null,"category":"other","historic":null,"building":"yes","osm_id":693359380}},{"type":"Feature","geometry":{"type":"Polygon","coordinates":[[[10.2126897,45.5394211],[10.2126546,45.5392426],[10.2125216,45.5392607],[10.2124865,45.5391701],[10.2126269,45.5391546],[10.2126121,45.5391041],[10.2124699,45.5391287],[10.2124384,45.5390045],[10.2123904,45.5390109],[10.2124144,45.539064],[10.2122925,45.5390834],[10.2122954,45.5390932],[10.2123024,45.5391166],[10.2123197,45.5391749],[10.2123872,45.5394019],[10.2124033,45.5394561],[10.2125609,45.5394368],[10.2126897,45.5394211]]]},"properties":{"site":"brescia","name":null,"category":"other","historic":null,"building":"yes","osm_id":693359381}},{"type":"Feature","geometry":{"type":"Polygon","coordinates":[[[10.2133012,45.5389643],[10.2131978,45.5389799],[10.2131867,45.5389501],[10.2131294,45.5389579],[10.2131128,45.5389203],[10.2129447,45.5389423],[10.212904,45.5388],[10.2131183,45.5387689],[10.2131571,45.5388776],[10.2132698,45.5388595],[10.2133012,45.5389643]]]},"properties":{"site":"brescia","name":null,"category":"other","historic":null,"building":"yes","osm_id":693359382}},{"type":"Feature","geometry":{"type":"Polygon","coordinates":[[[10.2133899,45.5391572],[10.2136061,45.539117],[10.2135989,45.5390976],[10.2135806,45.539048],[10.2135647,45.539005],[10.2135508,45.5389672],[10.2135383,45.5389335],[10.2135269,45.5389026],[10.2135033,45.5388386],[10.2134778,45.5387696],[10.2134546,45.5387068],[10.213244,45.5387547],[10.2133253,45.5389786],[10.2133031,45.5389838],[10.2133345,45.5390847],[10.2133604,45.5390782],[10.2133899,45.5391572]]]},"properties":{"site":"brescia","name":null,"category":"other","historic":null,"building":"yes","osm_id":693359383}},{"type":"Feature","geometry":{"type":"Polygon","coordinates":[[[10.2132569,45.5393655],[10.2133884,45.5393521],[10.2135014,45.5393405],[10.2137003,45.5393202],[10.2136789,45.5392588],[10.2136571,45.5391964],[10.2136434,45.5391572],[10.2136393,45.5391455],[10.2132231,45.5392101],[10.2132569,45.5393655]]]},"properties":{"site":"brescia","name":null,"category":"other","historic":null,"building":"yes","osm_id":693359384}},{"type":"Feature","geometry":{"type":"Polygon","coordinates":[[[10.2125142,45.5391119],[10.2124846,45.5390161],[10.2126786,45.5389863],[10.2127581,45.5392529],[10.2129798,45.5392257],[10.2129391,45.5390446],[10.2132606,45.5390032],[10.2133068,45.5391352],[10.2132107,45.5391533],[10.2132231,45.5392101],[10.2132569,45.5393655],[10.2132373,45.5393674],[10.2130937,45.5393812],[10.2128641,45.5394034],[10.2127063,45.5394186],[10.2126287,45.539095],[10.2125142,45.5391119]]]},"properties":{"site":"brescia","name":null,"category":"other","historic":null,"building":"yes","osm_id":693359385}},{"type":"Feature","geometry":{"type":"Polygon","coordinates":[[[10.2132539,45.5343377],[10.2135784,45.5342736],[10.2135093,45.5341029],[10.2131902,45.5341659],[10.2132539,45.5343377]]]},"properties":{"site":"brescia","name":null,"category":"other","historic":null,"building":"yes","osm_id":693359387}},{"type":"Feature","geometry":{"type":"Polygon","coordinates":[[[10.2132529,45.5341226],[10.2131899,45.5339704],[10.2131202,45.5339864],[10.2130947,45.5339084],[10.2132422,45.5338746],[10.2132154,45.533806],[10.212974,45.5338615],[10.2131027,45.5341555],[10.2132529,45.5341226]]]},"properties":{"site":"brescia","name":null,"category":"other","historic":null,"building":"yes","osm_id":693359388}},{"type":"Feature","geometry":{"type":"Polygon","coordinates":[[[10.212683,45.5341696],[10.2127819,45.5341558],[10.212754,45.5341029],[10.2126213,45.5340165],[10.2125623,45.5341132],[10.212683,45.5341696]]]},"properties":{"site":"brescia","name":null,"category":"other","historic":null,"building":"yes","osm_id":693359389}},{"type":"Feature","geometry":{"type":"Polygon","coordinates":[[[10.2124182,45.5342751],[10.2127192,45.5342412],[10.2127049,45.5341712],[10.2124026,45.5342061],[10.2124182,45.5342751]]]},"properties":{"site":"brescia","name":null,"category":"other","historic":null,"building":"yes","osm_id":693359390}},{"type":"Feature","geometry":{"type":"Polygon","coordinates":[[[10.2123007,45.5342449],[10.2123621,45.5342673],[10.2123992,45.5342157],[10.2123452,45.5341957],[10.2123525,45.5341859],[10.2122231,45.5341403],[10.2123336,45.5339409],[10.2125229,45.5340099],[10.2124413,45.5341512],[10.2125206,45.5341768],[10.2126168,45.5340108],[10.2125685,45.5339856],[10.2123707,45.5339187],[10.2123835,45.5339015],[10.2121916,45.5338338],[10.2120025,45.5341465],[10.2120202,45.5341523],[10.2120379,45.5342954],[10.2120052,45.5343014],[10.2121012,45.5345584],[10.2124168,45.5345006],[10.2123905,45.53443],[10.2121733,45.5344699],[10.2121286,45.5343544],[10.2121861,45.5343426],[10.2121601,45.5342731],[10.2123007,45.5342449]]]},"properties":{"site":"brescia","name":null,"category":"other","historic":null,"building":"yes","osm_id":693359391}},{"type":"Feature","geometry":{"type":"Polygon","coordinates":[[[10.2284019,45.5391111],[10.2282701,45.5391262],[10.2282748,45.5391421],[10.2282865,45.5391816],[10.2283198,45.5392939],[10.2286026,45.5392409],[10.2285774,45.5391816],[10.228425,45.5392056],[10.2284019,45.5391111]]]},"properties":{"site":"brescia","name":null,"category":"other","historic":null,"building":"apartments","osm_id":863543816}},{"type":"Feature","geometry":{"type":"Polygon","coordinates":[[[10.2284975,45.5388322],[10.2285015,45.5388421],[10.2285229,45.5389525],[10.2285364,45.5390473],[10.2284029,45.5390689],[10.2284136,45.5391098],[10.2284019,45.5391111],[10.2282701,45.5391262],[10.2282474,45.5390433],[10.2282306,45.538982],[10.2283452,45.5389661],[10.2283399,45.538944],[10.2282272,45.5389581],[10.2282242,45.5389477],[10.2282051,45.538882],[10.2284975,45.5388322]]]},"properties":{"site":"brescia","name":null,"category":"other","historic":null,"building":"yes","osm_id":863543817}},{"type":"Feature","geometry":{"type":"Polygon","coordinates":[[[10.2289164,45.5388761],[10.2288052,45.5388862],[10.2288059,45.5388928],[10.2287456,45.5389017],[10.2287415,45.5388937],[10.2286222,45.5389154],[10.2286262,45.5389412],[10.2285229,45.5389525],[10.2285015,45.5388421],[10.2286021,45.5388374],[10.2287013,45.5388219],[10.2286839,45.5387862],[10.2285216,45.5388097],[10.2284934,45.5388097],[10.2284847,45.5387801],[10.2284849,45.5387543],[10.228492,45.5387455],[10.2285112,45.538737],[10.2286254,45.538702],[10.2286188,45.5386932],[10.2287322,45.5386519],[10.2287831,45.5387613],[10.2287892,45.5387745],[10.2287804,45.5387773],[10.228828,45.5388656],[10.2289179,45.5388534],[10.2289207,45.5388639],[10.2289112,45.5388656],[10.2289164,45.5388761]]]},"properties":{"site":"brescia","name":null,"category":"other","historic":null,"building":"yes","osm_id":863543818}},{"type":"Feature","geometry":{"type":"Polygon","coordinates":[[[10.2289367,45.5389172],[10.2289164,45.5388761],[10.2289112,45.5388656],[10.2289207,45.5388639],[10.2289957,45.538851],[10.2289581,45.538743],[10.2287831,45.5387613],[10.2287322,45.5386519],[10.2288716,45.5386124],[10.2290448,45.5385882],[10.2290544,45.5386227],[10.2290671,45.5386972],[10.2290792,45.538696],[10.2291105,45.5388282],[10.2291088,45.5388737],[10.2289367,45.5389172]]]},"properties":{"site":"brescia","name":null,"category":"other","historic":null,"building":"yes","osm_id":863543819}},{"type":"Feature","geometry":{"type":"Polygon","coordinates":[[[10.2290211,45.5391724],[10.2291595,45.5391508],[10.2291271,45.5390061],[10.2290259,45.5390217],[10.2290017,45.5389452],[10.2291185,45.5389264],[10.2291088,45.5388737],[10.2289367,45.5389172],[10.2289699,45.5390204],[10.2290211,45.5391724]]]},"properties":{"site":"brescia","name":null,"category":"other","historic":null,"building":"apartments","osm_id":863543820}},{"type":"Feature","geometry":{"type":"Polygon","coordinates":[[[10.2255353,45.5389496],[10.2255424,45.5388574],[10.225534,45.5388005],[10.2254172,45.5388121],[10.2254391,45.5388946],[10.2254549,45.538956],[10.2255353,45.5389496]]]},"properties":{"site":"brescia","name":null,"category":"other","historic":null,"building":"yes","osm_id":865621250}},{"type":"Feature","geometry":{"type":"Polygon","coordinates":[[[10.2258572,45.547863],[10.2257066,45.5478987],[10.225455,45.5473708],[10.2254087,45.5473816],[10.2253348,45.5472267],[10.2255319,45.5471806],[10.2258572,45.547863]]]},"properties":{"site":"brescia","name":null,"category":"other","historic":null,"building":"apartments","osm_id":935484996}},{"type":"Feature","geometry":{"type":"Polygon","coordinates":[[[10.2257066,45.5478987],[10.2258572,45.547863],[10.2258864,45.5479242],[10.2259851,45.5481312],[10.2260136,45.5481909],[10.2258629,45.5482264],[10.2257066,45.5478987]]]},"properties":{"site":"brescia","name":null,"category":"other","historic":null,"building":"apartments","osm_id":935484997}},{"type":"Feature","geometry":{"type":"Polygon","coordinates":[[[10.2277158,45.5342681],[10.2278753,45.5347352],[10.2277229,45.5347608],[10.22765,45.5345355],[10.2275776,45.5343119],[10.2276445,45.5342804],[10.2277158,45.5342681]]]},"properties":{"site":"brescia","name":null,"category":"other","historic":null,"building":"yes","osm_id":971468018}},{"type":"Feature","geometry":{"type":"Polygon","coordinates":[[[10.2278753,45.5347352],[10.2284219,45.5346432],[10.2284498,45.5346385],[10.2284777,45.5346338],[10.2288979,45.5345631],[10.2289612,45.5347145],[10.228791,45.5347414],[10.2285003,45.5347873],[10.2283641,45.5348088],[10.2279148,45.534864],[10.2279024,45.5348655],[10.2277624,45.5348826],[10.2277229,45.5347608],[10.2278753,45.5347352]]]},"properties":{"site":"brescia","name":null,"category":"other","historic":null,"building":"yes","osm_id":971468022}},{"type":"Feature","geometry":{"type":"Polygon","coordinates":[[[10.228397,45.5343962],[10.228369,45.5344009],[10.2283411,45.5344055],[10.2284219,45.5346432],[10.2284498,45.5346385],[10.2284777,45.5346338],[10.228397,45.5343962]]]},"properties":{"site":"brescia","name":null,"category":"other","historic":null,"building":"roof","osm_id":971468023}},{"type":"Feature","geometry":{"type":"Polygon","coordinates":[[[10.2281809,45.5341659],[10.2277375,45.5342398],[10.2277055,45.5341457],[10.2285925,45.5339978],[10.2286418,45.5340891],[10.2283859,45.5341318],[10.2283485,45.534138],[10.2283326,45.5340913],[10.2282025,45.5341129],[10.2282184,45.5341597],[10.2281809,45.5341659]]]},"properties":{"site":"brescia","name":null,"category":"other","historic":null,"building":"yes","osm_id":971468025}},{"type":"Feature","geometry":{"type":"Polygon","coordinates":[[[10.2250603,45.5396831],[10.225042,45.5395801],[10.224908,45.539592],[10.2248998,45.5395471],[10.2251836,45.5395219],[10.2252125,45.5396672],[10.2250603,45.5396831]]]},"properties":{"site":"brescia","name":"Casa di Giuseppe Zanardelli","category":"domus","historic":"yes","building":"house","osm_id":1039368615}},{"type":"Feature","geometry":{"type":"Polygon","coordinates":[[[10.2310422,45.5445232],[10.2312795,45.544558],[10.231312,45.5444498],[10.2313846,45.5444604],[10.2314188,45.5443462],[10.2313724,45.5443394],[10.2314426,45.5441049],[10.2314724,45.5441093],[10.2314852,45.5440665],[10.231622,45.5440866],[10.231618,45.5440997],[10.2317495,45.544119],[10.2317786,45.5440221],[10.2319727,45.5440506],[10.2320141,45.5439123],[10.23187,45.5438911],[10.2318629,45.543915],[10.2317402,45.543897],[10.2317192,45.5439672],[10.2314948,45.5439342],[10.2314762,45.5439964],[10.2312083,45.543957],[10.2312132,45.5439406],[10.2309259,45.5438985],[10.2309018,45.5439792],[10.2308795,45.543976],[10.2308558,45.5440551],[10.230971,45.544072],[10.2309763,45.5440542],[10.2310662,45.5440674],[10.2310595,45.5440899],[10.2311567,45.5441042],[10.2311671,45.5440696],[10.2312645,45.5440839],[10.2312207,45.54423],[10.2311883,45.5442252],[10.2311467,45.5443642],[10.2311747,45.5443683],[10.2311658,45.5443979],[10.231191,45.5444016],[10.2311869,45.5444153],[10.2311171,45.5444051],[10.2311238,45.5443828],[10.2307567,45.5443289],[10.2307526,45.5443424],[10.2306355,45.5443252],[10.2306149,45.5443941],[10.2306383,45.5443975],[10.2306262,45.544438],[10.2306752,45.5444452],[10.2306692,45.5444654],[10.2307917,45.5444834],[10.2307996,45.5444569],[10.231051,45.5444938],[10.2310422,45.5445232]]]},"properties":{"site":"brescia","name":null,"category":"other","historic":null,"building":"apartments","osm_id":1054208946}},{"type":"Feature","geometry":{"type":"Polygon","coordinates":[[[10.221135,45.5446016],[10.2212366,45.5445774],[10.2212175,45.5445379],[10.2211159,45.544562],[10.221135,45.5446016]]]},"properties":{"site":"brescia","name":null,"category":"other","historic":null,"building":"yes","osm_id":1227173307}},{"type":"Feature","geometry":{"type":"Polygon","coordinates":[[[10.2208537,45.5448188],[10.2209544,45.5447924],[10.2209259,45.544739],[10.2208251,45.5447654],[10.2208537,45.5448188]]]},"properties":{"site":"brescia","name":null,"category":"other","historic":null,"building":"yes","osm_id":1227173308}},{"type":"Feature","geometry":{"type":"Polygon","coordinates":[[[10.2183137,45.5460032],[10.2184448,45.5459779],[10.2184398,45.5459652],[10.2185639,45.5459412],[10.2185731,45.5459645],[10.2186901,45.5459419],[10.2186354,45.545803],[10.2184404,45.5458408],[10.2184588,45.5458874],[10.218431,45.5458928],[10.218421,45.5458674],[10.2183894,45.5458735],[10.2183748,45.5458365],[10.2183514,45.5458411],[10.2183391,45.5458097],[10.2182446,45.545828],[10.2183137,45.5460032]]]},"properties":{"site":"brescia","name":null,"category":"other","historic":null,"building":"yes","osm_id":1227872084}},{"type":"Feature","geometry":{"type":"Polygon","coordinates":[[[10.211564,45.5367882],[10.2115522,45.5367515],[10.211508,45.5366134],[10.2114701,45.5364953],[10.2114595,45.5364624],[10.211448,45.5364265],[10.2114356,45.5363878],[10.2114222,45.5363459],[10.2114072,45.5362991],[10.2113977,45.5362696],[10.2114531,45.5362269],[10.2115063,45.536186],[10.2123995,45.5360893],[10.21242,45.5361384],[10.2124568,45.5362268],[10.2125019,45.5363352],[10.2125464,45.5364421],[10.2125806,45.5365242],[10.212313,45.5365223],[10.2123137,45.5365374],[10.2121802,45.5365378],[10.211729,45.536528],[10.2117893,45.5367675],[10.2117182,45.536774],[10.211564,45.5367882]]]},"properties":{"site":"brescia","name":null,"category":"other","historic":"yes","building":"yes","osm_id":1246824442}},{"type":"Feature","geometry":{"type":"Polygon","coordinates":[[[10.2139898,45.5404963],[10.213907,45.5405151],[10.2138126,45.5405365],[10.2137639,45.540431],[10.213941,45.5403908],[10.2139898,45.5404963]]]},"properties":{"site":"brescia","name":null,"category":"other","historic":null,"building":"yes","osm_id":1290606421}},{"type":"Feature","geometry":{"type":"Polygon","coordinates":[[[10.223672,45.5312289],[10.2236441,45.5311684],[10.2237897,45.5311354],[10.2238176,45.5311958],[10.223672,45.5312289]]]},"properties":{"site":"brescia","name":null,"category":"other","historic":null,"building":"yes","osm_id":1315742155}},{"type":"Feature","geometry":{"type":"Polygon","coordinates":[[[10.2330733,45.5424796],[10.2331716,45.5424664],[10.2331571,45.5424134],[10.2330588,45.5424265],[10.2330733,45.5424796]]]},"properties":{"site":"brescia","name":null,"category":"other","historic":null,"building":"yes","osm_id":1354919550}},{"type":"Feature","geometry":{"type":"Polygon","coordinates":[[[10.2286477,45.5316522],[10.2286526,45.5317604],[10.228754,45.5317581],[10.2287491,45.5316499],[10.2286477,45.5316522]]]},"properties":{"site":"brescia","name":null,"category":"other","historic":null,"building":"roof","osm_id":1355666742}},{"type":"Feature","geometry":{"type":"Polygon","coordinates":[[[10.2279004,45.5405731],[10.2278095,45.5405775],[10.2278289,45.540786],[10.2278759,45.5407841],[10.2278858,45.5408788],[10.2278983,45.5408844],[10.2279094,45.5408875],[10.2279318,45.5408889],[10.2279607,45.5408838],[10.2279748,45.5408762],[10.2279835,45.5408654],[10.2279904,45.540844],[10.2279905,45.540814],[10.2279591,45.5408155],[10.2279559,45.540783],[10.2279994,45.5407809],[10.2279966,45.5407419],[10.2280291,45.5407402],[10.2280131,45.5405867],[10.2279785,45.5405887],[10.2279761,45.5405688],[10.2279004,45.5405731]]]},"properties":{"site":"brescia","name":"Chiesa del Santissimo Corpo di Cristo","category":"medieval","historic":null,"building":"church","osm_id":1365296220}},{"type":"Feature","geometry":{"type":"Polygon","coordinates":[[[10.2255586,45.5397556],[10.2255574,45.5397484],[10.2255542,45.5397262],[10.225553,45.5397184],[10.2255992,45.539714],[10.2256049,45.5397544],[10.225594,45.5397553],[10.2255831,45.5397561],[10.2255831,45.5397527],[10.2255586,45.5397556]]]},"properties":{"site":"brescia","name":null,"category":"other","historic":null,"building":"yes","osm_id":1378016063}},{"type":"Feature","geometry":{"type":"Polygon","coordinates":[[[10.2162185,45.5397825],[10.2161298,45.5397889],[10.2157277,45.5398182],[10.2156928,45.5396012],[10.2156807,45.5395476],[10.2160548,45.5395277],[10.2161742,45.5395213],[10.2161783,45.5395749],[10.2158685,45.5395956],[10.2158913,45.5397214],[10.2162037,45.5396989],[10.2162185,45.5397825]]]},"properties":{"site":"brescia","name":"Palazzo Uggeri Fenaroli","category":"other","historic":null,"building":"palace","osm_id":1458127942}},{"type":"Feature","geometry":{"type":"Polygon","coordinates":[[[10.2156807,45.5395476],[10.2156497,45.5394301],[10.2156126,45.5392066],[10.2159002,45.5392001],[10.2160177,45.5391975],[10.216078,45.5391961],[10.2161705,45.5391929],[10.2163096,45.5391892],[10.2163124,45.5392442],[10.2161944,45.5392536],[10.2161957,45.5392837],[10.2160428,45.5393015],[10.2160548,45.5395277],[10.2156807,45.5395476]]]},"properties":{"site":"brescia","name":null,"category":"other","historic":null,"building":"yes","osm_id":1458127943}},{"type":"Feature","geometry":{"type":"Polygon","coordinates":[[[10.2161836,45.539419],[10.2161702,45.5393429],[10.2163325,45.5393222],[10.2163096,45.5391892],[10.2164355,45.539186],[10.2164422,45.539226],[10.2164483,45.5392627],[10.2164542,45.5392983],[10.2164701,45.5393936],[10.2161836,45.539419]]]},"properties":{"site":"brescia","name":null,"category":"other","historic":null,"building":"yes","osm_id":1458127944}},{"type":"Feature","geometry":{"type":"Polygon","coordinates":[[[10.2163633,45.5394857],[10.2164828,45.5394697],[10.2164856,45.5394885],[10.2165032,45.5395888],[10.2165114,45.5396366],[10.2165237,45.5397151],[10.2165348,45.5397813],[10.2165471,45.5398851],[10.2165597,45.5399332],[10.216562,45.5399862],[10.2165698,45.5400579],[10.2165823,45.5401269],[10.2165874,45.5401837],[10.2165962,45.5402257],[10.2166005,45.5402678],[10.2166063,45.5403126],[10.2166119,45.5403471],[10.2166135,45.540387],[10.2166237,45.5404333],[10.21663,45.5404714],[10.2166412,45.5405071],[10.2166425,45.5405383],[10.2166467,45.5405677],[10.2166528,45.5406042],[10.2166613,45.54066],[10.2166173,45.5406608],[10.2165656,45.540663],[10.2165215,45.5406648],[10.2164787,45.5406659],[10.2164297,45.5406694],[10.2163799,45.5406698],[10.2163282,45.5406721],[10.2162949,45.5406739],[10.2162599,45.5406752],[10.2162265,45.5406774],[10.2161926,45.5406789],[10.216167,45.54068],[10.2161363,45.5406813],[10.2160914,45.5406832],[10.216025,45.5406861],[10.2160111,45.5405782],[10.2158419,45.5405889],[10.2158341,45.5405392],[10.2158253,45.540483],[10.2158181,45.5404377],[10.2158046,45.5403848],[10.2157998,45.5403378],[10.2157868,45.5402567],[10.2157658,45.5401301],[10.2157629,45.5400546],[10.2157571,45.5400185],[10.2157466,45.5399461],[10.2157411,45.539909],[10.2157363,45.5398766],[10.215731,45.5398408],[10.2157277,45.5398182],[10.2161298,45.5397889],[10.2161434,45.540068],[10.2164089,45.5400455],[10.2163633,45.5394857]]]},"properties":{"site":"brescia","name":null,"category":"other","historic":null,"building":"apartments","osm_id":1458127945}},{"type":"Feature","geometry":{"type":"Polygon","coordinates":[[[10.2173928,45.5438243],[10.2175631,45.5437868],[10.2175872,45.543845],[10.2174156,45.5438816],[10.2173928,45.5438243]]]},"properties":{"site":"brescia","name":null,"category":"other","historic":null,"building":"yes","osm_id":1458173346}},{"type":"Feature","geometry":{"type":"Polygon","coordinates":[[[10.2129515,45.5437153],[10.2126967,45.5432006],[10.2127901,45.5431732],[10.2126717,45.5429281],[10.2126645,45.5429132],[10.2128925,45.5428672],[10.2129013,45.5428873],[10.2130083,45.5431311],[10.2129273,45.5431461],[10.2129475,45.5431968],[10.2128549,45.5432213],[10.213044,45.543627],[10.2131433,45.5436064],[10.2131701,45.5436665],[10.2129515,45.5437153]]]},"properties":{"site":"brescia","name":null,"category":"other","historic":null,"building":"yes","osm_id":1460235705}},{"type":"Feature","geometry":{"type":"Polygon","coordinates":[[[10.2140058,45.5439942],[10.2139975,45.5439717],[10.2136086,45.5440751],[10.2135067,45.5438919],[10.2135952,45.5438741],[10.2136408,45.5439558],[10.2138728,45.5438938],[10.2138353,45.543797],[10.2139077,45.543782],[10.2138956,45.5437557],[10.2133911,45.5438744],[10.2133109,45.5437237],[10.2135872,45.5436749],[10.2135657,45.5436289],[10.2136676,45.5436073],[10.2136354,45.5435293],[10.2134852,45.5435622],[10.2134678,45.5435106],[10.2135952,45.5434777],[10.2135751,45.5434326],[10.2137079,45.5434054],[10.2135429,45.5433462],[10.2134946,45.5432551],[10.2136421,45.5432213],[10.2135751,45.5430606],[10.2132036,45.5431433],[10.2133619,45.5435209],[10.2132143,45.5435509],[10.2130132,45.543055],[10.2133243,45.5429855],[10.2133337,45.5430109],[10.2135925,45.5429648],[10.2135684,45.542901],[10.2132827,45.5429442],[10.2132599,45.542901],[10.2129769,45.5429506],[10.21293,45.542869],[10.2136341,45.5427084],[10.2142068,45.5439379],[10.2140058,45.5439942]]]},"properties":{"site":"brescia","name":null,"category":"other","historic":null,"building":"yes","osm_id":1460235706}},{"type":"Feature","geometry":{"type":"Polygon","coordinates":[[[10.2149323,45.5407894],[10.2150122,45.5407829],[10.2150326,45.5408667],[10.2149497,45.5408735],[10.2149323,45.5407894]]]},"properties":{"site":"brescia","name":null,"category":"other","historic":null,"building":"yes","osm_id":1465319663}},{"type":"Feature","geometry":{"type":"Polygon","coordinates":[[[10.2238831,45.5389769],[10.2239189,45.5391672],[10.2241164,45.5391448],[10.224126,45.5390678],[10.2242194,45.5390629],[10.224299,45.5390217],[10.2243042,45.5389829],[10.2242887,45.5389138],[10.2242843,45.5389017],[10.2242904,45.5388993],[10.2242809,45.5388714],[10.2242852,45.5388659],[10.224254,45.5387744],[10.2242491,45.5387601],[10.2241545,45.5387789],[10.2241579,45.5387928],[10.2241796,45.5388805],[10.2241805,45.538884],[10.2241883,45.5389132],[10.2242385,45.5389078],[10.2242532,45.5389726],[10.2241104,45.5389902],[10.2240991,45.5389569],[10.2238831,45.5389769]]]},"properties":{"site":"brescia","name":null,"category":"other","historic":null,"building":"yes","osm_id":1474878018}},{"type":"Feature","geometry":{"type":"Polygon","coordinates":[[[10.2181592,45.5403634],[10.2181851,45.5406177],[10.2183012,45.5406119],[10.2184124,45.5406063],[10.2183866,45.540352],[10.2181592,45.5403634]]]},"properties":{"site":"brescia","name":"Palazzo delle Mercanzie","category":"other","historic":null,"building":"palace","osm_id":1500170161}},{"type":"Feature","geometry":{"type":"Polygon","coordinates":[[[10.2217984,45.5351491],[10.2218047,45.5351761],[10.221669,45.5351916],[10.2216333,45.5350382],[10.2218063,45.5350184],[10.2218358,45.5351449],[10.2217984,45.5351491]]]},"properties":{"site":"brescia","name":null,"category":"other","historic":null,"building":"yes","osm_id":1509466590}},{"type":"Feature","geometry":{"type":"Polygon","coordinates":[[[10.2224207,45.5336538],[10.2224486,45.5338506],[10.2221809,45.5338675],[10.2221221,45.5338713],[10.2220574,45.5338755],[10.2220447,45.5337693],[10.2222673,45.5337544],[10.2222533,45.5336689],[10.2224207,45.5336538]]]},"properties":{"site":"brescia","name":null,"category":"other","historic":null,"building":"apartments","osm_id":1509755493}},{"type":"Feature","geometry":{"type":"Polygon","coordinates":[[[10.2220574,45.5338755],[10.2220447,45.5337693],[10.221916,45.5337779],[10.2217517,45.5338047],[10.2217817,45.5339069],[10.2218056,45.5339031],[10.2218718,45.5338931],[10.2219371,45.5338833],[10.2219893,45.5338796],[10.2220347,45.5338771],[10.2220574,45.5338755]]]},"properties":{"site":"brescia","name":null,"category":"other","historic":null,"building":"apartments","osm_id":1509755494}}]}