{"type":"FeatureCollection","features":[{"type":"Feature","geometry":{"type":"LineString","coordinates":[[10.2190164,45.5380024],[10.2190044,45.5379473]]},"properties":{"site":"brescia","name":"Piazza della Vittoria","highway":"service"}},{"type":"Feature","geometry":{"type":"LineString","coordinates":[[10.2198953,45.5369948],[10.2197355,45.5370325],[10.2193954,45.5370626],[10.2189329,45.5371003],[10.2188765,45.5371116],[10.2188155,45.5371265],[10.2178923,45.5373633],[10.2178689,45.5373697],[10.2178452,45.5373757],[10.2174985,45.5374628],[10.2174658,45.5374785],[10.217233,45.5375901],[10.2170284,45.5377036],[10.2167719,45.5378507]]},"properties":{"site":"brescia","name":"Corso Palestro","highway":"pedestrian"}},{"type":"Feature","geometry":{"type":"LineString","coordinates":[[10.2193954,45.5370626],[10.2194613,45.5374223],[10.2194786,45.537518]]},"properties":{"site":"brescia","name":"Via Annibale Calini","highway":"pedestrian"}},{"type":"Feature","geometry":{"type":"LineString","coordinates":[[10.222353,45.5377528],[10.2223262,45.5377595],[10.2223173,45.5377616]]},"properties":{"site":"brescia","name":"Via Trieste","highway":"pedestrian"}},{"type":"Feature","geometry":{"type":"LineString","coordinates":[[10.2217598,45.5399201],[10.2217527,45.539898],[10.2217083,45.5397599],[10.2216211,45.5394484]]},"properties":{"site":"brescia","name":"Vicolo Sant'Agostino","highway":"pedestrian"}},{"type":"Feature","geometry":{"type":"LineString","coordinates":[[10.2235932,45.5412468],[10.2227973,45.541363]]},"properties":{"site":"brescia","name":"","highway":"footway"}},{"type":"Feature","geometry":{"type":"LineString","coordinates":[[10.2238755,45.5438569],[10.2237514,45.5435062],[10.2237496,45.543372],[10.2237682,45.5432874],[10.2237498,45.5432326],[10.2236225,45.5428731]]},"properties":{"site":"brescia","name":"","highway":"footway"}},{"type":"Feature","geometry":{"type":"LineString","coordinates":[[10.2238755,45.5438569],[10.2238792,45.5440017],[10.2238659,45.5440234],[10.2238476,45.5440434]]},"properties":{"site":"brescia","name":"","highway":"steps"}},{"type":"Feature","geometry":{"type":"LineString","coordinates":[[10.2238476,45.5440434],[10.2237832,45.5440179],[10.2236685,45.5439724]]},"properties":{"site":"brescia","name":"","highway":"footway"}},{"type":"Feature","geometry":{"type":"LineString","coordinates":[[10.2238476,45.5440434],[10.223878,45.5440998]]},"properties":{"site":"brescia","name":"","highway":"steps"}},{"type":"Feature","geometry":{"type":"LineString","coordinates":[[10.2238456,45.5441749],[10.2236933,45.5442099],[10.2207467,45.5449026]]},"properties":{"site":"brescia","name":"Fossa Bagni","highway":"pedestrian"}},{"type":"Feature","geometry":{"type":"LineString","coordinates":[[10.2242655,45.5415355],[10.224191,45.5414008]]},"properties":{"site":"brescia","name":"","highway":"steps"}},{"type":"Feature","geometry":{"type":"LineString","coordinates":[[10.2232822,45.5368288],[10.2221889,45.5369662],[10.2221434,45.5369714],[10.2221152,45.5369745]]},"properties":{"site":"brescia","name":"Via Antiche Mura","highway":"pedestrian"}},{"type":"Feature","geometry":{"type":"LineString","coordinates":[[10.2219432,45.5402596],[10.2219388,45.5402736]]},"properties":{"site":"brescia","name":"Via della Barricata","highway":"steps"}},{"type":"Feature","geometry":{"type":"LineString","coordinates":[[10.2202119,45.5380628],[10.2202538,45.538059]]},"properties":{"site":"brescia","name":"","highway":"footway"}},{"type":"Feature","geometry":{"type":"LineString","coordinates":[[10.221073,45.5400272],[10.2210409,45.5399198],[10.2213125,45.5396704],[10.2215226,45.5394868],[10.2215481,45.5394583],[10.2215884,45.539413]]},"properties":{"site":"brescia","name":"Via Cesare Beccaria","highway":"pedestrian"}},{"type":"Feature","geometry":{"type":"LineString","coordinates":[[10.2213125,45.5396704],[10.2212446,45.5396524],[10.2206842,45.5397115]]},"properties":{"site":"brescia","name":"Via Cesare Beccaria","highway":"pedestrian"}},{"type":"Feature","geometry":{"type":"LineString","coordinates":[[10.2205229,45.5395958],[10.220548,45.5397267],[10.2205545,45.5398619]]},"properties":{"site":"brescia","name":"Piazza della Loggia","highway":"pedestrian"}},{"type":"Feature","geometry":{"type":"LineString","coordinates":[[10.2194385,45.5394337],[10.2194805,45.539659]]},"properties":{"site":"brescia","name":"Via Ventiquattro Maggio","highway":"pedestrian"}},{"type":"Feature","geometry":{"type":"LineString","coordinates":[[10.2231854,45.5362651],[10.2231158,45.5359927],[10.2231114,45.5359757],[10.2231073,45.5359595],[10.2230809,45.5358563],[10.2230718,45.5358206],[10.2230495,45.5357333],[10.2230175,45.5356082],[10.222952,45.5354053],[10.2229011,45.5352553],[10.2228831,45.5352023]]},"properties":{"site":"brescia","name":"Corso Camillo Benso Conte di Cavour","highway":"pedestrian"}},{"type":"Feature","geometry":{"type":"LineString","coordinates":[[10.2229684,45.5356077],[10.2227551,45.5356058]]},"properties":{"site":"brescia","name":"Vicolo del Prezzemolo","highway":"pedestrian"}},{"type":"Feature","geometry":{"type":"LineString","coordinates":[[10.2205229,45.5395958],[10.2205303,45.5395363]]},"properties":{"site":"brescia","name":"Piazza della Loggia","highway":"pedestrian"}},{"type":"Feature","geometry":{"type":"LineString","coordinates":[[10.2200635,45.5369205],[10.220506,45.5367219],[10.2207175,45.5366423],[10.2209687,45.5365725],[10.2213695,45.5365196],[10.2214264,45.5365121],[10.221506,45.5365016],[10.2219641,45.5364412],[10.2220083,45.5364354]]},"properties":{"site":"brescia","name":"Corso Giuseppe Zanardelli","highway":"pedestrian"}},{"type":"Feature","geometry":{"type":"LineString","coordinates":[[10.21495,45.5375416],[10.2152518,45.5372908]]},"properties":{"site":"brescia","name":"Vicolo San Nicola","highway":"pedestrian"}},{"type":"Feature","geometry":{"type":"LineString","coordinates":[[10.2209687,45.5365725],[10.2206778,45.5360676],[10.2206233,45.5359481],[10.220552,45.5357815],[10.2204894,45.5356142],[10.2204717,45.5355012],[10.2204664,45.535467],[10.2204621,45.5354407]]},"properties":{"site":"brescia","name":"Via Felice Cavallotti","highway":"pedestrian"}},{"type":"Feature","geometry":{"type":"LineString","coordinates":[[10.217573,45.5376105],[10.2175616,45.5375941]]},"properties":{"site":"brescia","name":"","highway":"steps"}},{"type":"Feature","geometry":{"type":"LineString","coordinates":[[10.2182659,45.5428042],[10.2177368,45.541856]]},"properties":{"site":"brescia","name":"Via Federico Borgondio","highway":"pedestrian"}},{"type":"Feature","geometry":{"type":"LineString","coordinates":[[10.2182509,45.5406415],[10.218313,45.5408322]]},"properties":{"site":"brescia","name":"Via Paitone","highway":"pedestrian"}},{"type":"Feature","geometry":{"type":"LineString","coordinates":[[10.2167296,45.5407195],[10.2167206,45.5406571]]},"properties":{"site":"brescia","name":"Via Calzavellia","highway":"pedestrian"}},{"type":"Feature","geometry":{"type":"LineString","coordinates":[[10.2337967,45.5329733],[10.2337223,45.5330332],[10.2336535,45.5330735],[10.2330613,45.533718],[10.2330209,45.5337009],[10.2329862,45.5337005],[10.2329556,45.5337291],[10.232877,45.5338028],[10.2329709,45.5338497],[10.2329378,45.5338827],[10.2327804,45.5340039],[10.2327096,45.5340514],[10.2326361,45.5340899],[10.2325565,45.5341265],[10.2324907,45.5341461],[10.2324634,45.5341542],[10.2323209,45.5341974],[10.2322525,45.5342253],[10.2321806,45.5342657],[10.232108,45.5343103],[10.2316256,45.5346155],[10.2316013,45.5346309],[10.23159,45.5346592],[10.2315818,45.5346966],[10.2315946,45.534901],[10.2315981,45.5349573],[10.2314877,45.5351119],[10.2314789,45.5351881],[10.2314816,45.5352345],[10.2314921,45.5352683],[10.2315221,45.535309],[10.2315656,45.5353395],[10.2316127,45.5353672],[10.2316541,45.5354029],[10.2316794,45.5354347],[10.2317191,45.5356041]]},"properties":{"site":"brescia","name":"","highway":"footway"}},{"type":"Feature","geometry":{"type":"LineString","coordinates":[[10.233492,45.5457046],[10.233473,45.5455966],[10.2334565,45.5455479]]},"properties":{"site":"brescia","name":"","highway":"service"}},{"type":"Feature","geometry":{"type":"LineString","coordinates":[[10.2327018,45.5466078],[10.2326606,45.546632],[10.2325872,45.546654],[10.2325465,45.5466608],[10.2324966,45.5466684]]},"properties":{"site":"brescia","name":"","highway":"service"}},{"type":"Feature","geometry":{"type":"LineString","coordinates":[[10.2356884,45.5474078],[10.23557,45.5475179],[10.2353719,45.5477156],[10.2348329,45.5481528],[10.234603,45.548299],[10.2342536,45.5483198],[10.2340865,45.5483067],[10.2337067,45.5483219],[10.2333945,45.5483709],[10.2332564,45.54837],[10.23317,45.5483624],[10.233081,45.5483404]]},"properties":{"site":"brescia","name":"Via del Goletto","highway":"footway"}},{"type":"Feature","geometry":{"type":"LineString","coordinates":[[10.219437,45.5429614],[10.2197376,45.5428666],[10.2197695,45.5428544]]},"properties":{"site":"brescia","name":"Vicolo delle Ventole","highway":"pedestrian"}},{"type":"Feature","geometry":{"type":"LineString","coordinates":[[10.2197875,45.5436347],[10.2197924,45.5435771],[10.2198161,45.543504],[10.2198991,45.5433143],[10.2199273,45.543258],[10.2199496,45.5432385],[10.2199733,45.5432276],[10.2200043,45.5432197],[10.2201725,45.5432315],[10.2201838,45.5432672],[10.2201982,45.5433578],[10.2202345,45.5433939],[10.220188,45.5434069],[10.2202181,45.5434716],[10.2202303,45.543498],[10.2201917,45.5435069],[10.220228,45.5435954],[10.2198451,45.5436494],[10.2197891,45.5436579],[10.2197875,45.5436347]]},"properties":{"site":"brescia","name":"Piazzetta Monsignor Renato Monolo","highway":"pedestrian"}},{"type":"Feature","geometry":{"type":"LineString","coordinates":[[10.2186895,45.5397836],[10.2186657,45.5397687],[10.2185652,45.5395462],[10.2185573,45.5395187],[10.2184668,45.5392037],[10.2184513,45.5391499],[10.2184154,45.538982],[10.2184075,45.5389443],[10.2183992,45.5389045],[10.2184134,45.538795]]},"properties":{"site":"brescia","name":"Corsetto Sant'Agata","highway":"pedestrian"}},{"type":"Feature","geometry":{"type":"LineString","coordinates":[[10.2198246,45.5396203],[10.2197905,45.5394494]]},"properties":{"site":"brescia","name":"","highway":"footway"}},{"type":"Feature","geometry":{"type":"LineString","coordinates":[[10.2196408,45.5384626],[10.2196466,45.5384982]]},"properties":{"site":"brescia","name":"Piazza della Vittoria","highway":"steps"}},{"type":"Feature","geometry":{"type":"LineString","coordinates":[[10.2190543,45.537857],[10.219199,45.5381418],[10.2190649,45.5381769],[10.2191044,45.5383701],[10.2191575,45.53863],[10.2191771,45.538728],[10.2191907,45.5387915]]},"properties":{"site":"brescia","name":"Piazza della Vittoria","highway":"pedestrian"}},{"type":"Feature","geometry":{"type":"LineString","coordinates":[[10.2205409,45.5401305],[10.2205574,45.5401778]]},"properties":{"site":"brescia","name":"Piazza Bell'Italia","highway":"pedestrian"}},{"type":"Feature","geometry":{"type":"LineString","coordinates":[[10.2212446,45.5396524],[10.2212456,45.5396395]]},"properties":{"site":"brescia","name":"Piazza Paolo VI","highway":"pedestrian"}},{"type":"Feature","geometry":{"type":"LineString","coordinates":[[10.2202122,45.5396353],[10.2201963,45.5395798],[10.2201327,45.539379]]},"properties":{"site":"brescia","name":"Via Monte Nuovo","highway":"pedestrian"}},{"type":"Feature","geometry":{"type":"LineString","coordinates":[[10.2145294,45.5384782],[10.2144888,45.5383468],[10.2149865,45.5382758],[10.2151549,45.538251],[10.2153087,45.5382283],[10.2153721,45.5382196],[10.2154264,45.5382122],[10.2154339,45.5382329],[10.2154577,45.538361],[10.215421,45.5383675],[10.2145442,45.5385223],[10.2145363,45.5384986],[10.2145294,45.5384782]]},"properties":{"site":"brescia","name":"Piazzetta San Francesco d'Assisi","highway":"pedestrian"}},{"type":"Feature","geometry":{"type":"LineString","coordinates":[[10.2179414,45.5375181],[10.2179053,45.5374429]]},"properties":{"site":"brescia","name":"","highway":"steps"}},{"type":"Feature","geometry":{"type":"LineString","coordinates":[[10.218269,45.5378932],[10.2181445,45.5379171],[10.2181272,45.53792],[10.2179008,45.5379888],[10.2178637,45.5380043],[10.2178549,45.538008],[10.2176721,45.5380846]]},"properties":{"site":"brescia","name":"Via Quattro Novembre","highway":"footway"}},{"type":"Feature","geometry":{"type":"LineString","coordinates":[[10.2178739,45.5380329],[10.2178549,45.538008],[10.2177116,45.5378194],[10.2175505,45.5376166],[10.217573,45.5376105],[10.2175977,45.5376031],[10.2177348,45.5375676],[10.2177634,45.5375606],[10.217793,45.5375533],[10.2178879,45.5375294],[10.2179414,45.5375181],[10.2179781,45.5375104],[10.2188009,45.5373083],[10.2188385,45.5372984],[10.2188501,45.5372961],[10.2188649,45.5374116],[10.2188748,45.5374766],[10.2188842,45.5375416],[10.2188712,45.5375443],[10.2188246,45.5375538],[10.2183327,45.5376469],[10.2183388,45.5376589],[10.2184137,45.537806],[10.2183921,45.5378167],[10.2183376,45.5378438],[10.2182837,45.5379127],[10.2182635,45.5379172],[10.218014,45.5379732],[10.2179451,45.5380149],[10.2178739,45.5380329]]},"properties":{"site":"brescia","name":"Piazza del Mercato","highway":"pedestrian"}},{"type":"Feature","geometry":{"type":"LineString","coordinates":[[10.2189292,45.5374703],[10.218996,45.5374642],[10.2193781,45.5374298],[10.2194613,45.5374223],[10.2195247,45.5374165],[10.2198979,45.5373824],[10.2199626,45.5373764]]},"properties":{"site":"brescia","name":"Via Fratelli Dandolo","highway":"pedestrian"}},{"type":"Feature","geometry":{"type":"LineString","coordinates":[[10.2182836,45.539608],[10.2183202,45.5397326],[10.2183566,45.5398108],[10.2186895,45.5397836]]},"properties":{"site":"brescia","name":"Vicolo San Zenone","highway":"service"}},{"type":"Feature","geometry":{"type":"LineString","coordinates":[[10.223339,45.5333782],[10.2238449,45.5333513],[10.2244925,45.5333199],[10.2247961,45.5333042]]},"properties":{"site":"brescia","name":"Vicolo della Breda","highway":"service"}},{"type":"Feature","geometry":{"type":"LineString","coordinates":[[10.2248447,45.5336934],[10.2243913,45.533711],[10.2236589,45.533736],[10.2231922,45.533741],[10.2231517,45.5337415]]},"properties":{"site":"brescia","name":"Vicolo delle Sguizzette","highway":"service"}},{"type":"Feature","geometry":{"type":"LineString","coordinates":[[10.2231121,45.5341516],[10.2231587,45.5341511],[10.2236387,45.5341456],[10.2240166,45.5341254],[10.2248815,45.5340737]]},"properties":{"site":"brescia","name":"Vicolo della Disciplina","highway":"service"}},{"type":"Feature","geometry":{"type":"LineString","coordinates":[[10.2233208,45.5370221],[10.2232822,45.5368288],[10.2231987,45.5363427],[10.2231854,45.5362651]]},"properties":{"site":"brescia","name":"Via Gabriele Rosa","highway":"pedestrian"}},{"type":"Feature","geometry":{"type":"LineString","coordinates":[[10.2309982,45.5378678],[10.2309469,45.5376734],[10.2309415,45.5375877]]},"properties":{"site":"brescia","name":"","highway":"service"}},{"type":"Feature","geometry":{"type":"LineString","coordinates":[[10.2310581,45.5388061],[10.2309234,45.538827]]},"properties":{"site":"brescia","name":"Via dei Musei","highway":"steps"}},{"type":"Feature","geometry":{"type":"LineString","coordinates":[[10.2290502,45.5347339],[10.2291681,45.5347247]]},"properties":{"site":"brescia","name":"","highway":"service"}},{"type":"Feature","geometry":{"type":"LineString","coordinates":[[10.2196719,45.5438529],[10.2192583,45.5439281]]},"properties":{"site":"brescia","name":"Via San Faustino","highway":"service"}},{"type":"Feature","geometry":{"type":"LineString","coordinates":[[10.2243042,45.5442217],[10.2242175,45.5442322],[10.2241723,45.5442385]]},"properties":{"site":"brescia","name":"","highway":"service"}},{"type":"Feature","geometry":{"type":"LineString","coordinates":[[10.2226542,45.5376736],[10.2226419,45.5374112],[10.2226414,45.5373889],[10.222641,45.5373731],[10.2223738,45.5374262],[10.2223351,45.53746],[10.2223269,45.5374672],[10.2223875,45.5377017],[10.2223906,45.5377138],[10.2224001,45.5377124],[10.2226542,45.5376736]]},"properties":{"site":"brescia","name":"Piazza del Vescovato","highway":"pedestrian"}},{"type":"Feature","geometry":{"type":"LineString","coordinates":[[10.2219366,45.5407981],[10.2219574,45.5407979]]},"properties":{"site":"brescia","name":"","highway":"footway"}},{"type":"Feature","geometry":{"type":"LineString","coordinates":[[10.2214781,45.5399763],[10.2211684,45.5400401],[10.2210839,45.5400569]]},"properties":{"site":"brescia","name":"Via dei Musei","highway":"pedestrian"}},{"type":"Feature","geometry":{"type":"LineString","coordinates":[[10.2222301,45.5407946],[10.2225377,45.540678],[10.2225652,45.5406677]]},"properties":{"site":"brescia","name":"","highway":"footway"}},{"type":"Feature","geometry":{"type":"LineString","coordinates":[[10.222821,45.5397761],[10.2229064,45.5400857],[10.2229911,45.5403497],[10.2230625,45.5403368],[10.223071,45.5403642],[10.2229992,45.5403781],[10.2230057,45.5403998]]},"properties":{"site":"brescia","name":"Salita della Memoria","highway":"steps"}},{"type":"Feature","geometry":{"type":"LineString","coordinates":[[10.2240961,45.5404418],[10.2241067,45.5404424],[10.2241148,45.5404429]]},"properties":{"site":"brescia","name":"Via Gabriele Rosa","highway":"footway"}},{"type":"Feature","geometry":{"type":"LineString","coordinates":[[10.2245938,45.5404059],[10.2245369,45.5403413],[10.2244658,45.5402786],[10.2243004,45.540183],[10.2242594,45.5401749]]},"properties":{"site":"brescia","name":"Vicolo Urbano","highway":"steps"}},{"type":"Feature","geometry":{"type":"LineString","coordinates":[[10.2256079,45.5412161],[10.2256719,45.5413089]]},"properties":{"site":"brescia","name":"","highway":"service"}},{"type":"Feature","geometry":{"type":"LineString","coordinates":[[10.2205229,45.5395958],[10.2204994,45.5395985],[10.2202122,45.5396353],[10.2198362,45.5396753],[10.2195584,45.5397053]]},"properties":{"site":"brescia","name":"Piazza della Loggia","highway":"pedestrian"}},{"type":"Feature","geometry":{"type":"LineString","coordinates":[[10.2158289,45.5407417],[10.2159761,45.5409876],[10.2159867,45.5410015]]},"properties":{"site":"brescia","name":"Via delle Battaglie","highway":"pedestrian"}},{"type":"Feature","geometry":{"type":"LineString","coordinates":[[10.220553,45.5399047],[10.2205409,45.5401305]]},"properties":{"site":"brescia","name":"Piazza Bell'Italia","highway":"pedestrian"}},{"type":"Feature","geometry":{"type":"LineString","coordinates":[[10.2189914,45.5405206],[10.2188623,45.54054]]},"properties":{"site":"brescia","name":"Largo Formentone","highway":"pedestrian"}},{"type":"Feature","geometry":{"type":"LineString","coordinates":[[10.2203923,45.5401917],[10.2204024,45.5402194],[10.2205574,45.5401778],[10.2205767,45.5401729],[10.2205679,45.5401444],[10.2206854,45.5401173],[10.2206815,45.5401027],[10.2206415,45.5398921],[10.220553,45.5399047],[10.2202991,45.5399409],[10.2203176,45.5399898],[10.2203855,45.5401713],[10.2203923,45.5401917]]},"properties":{"site":"brescia","name":"Piazza Bell'Italia","highway":"pedestrian"}},{"type":"Feature","geometry":{"type":"LineString","coordinates":[[10.2189738,45.5404083],[10.2189076,45.5401936],[10.2188654,45.5400767],[10.2188579,45.540056],[10.2188984,45.5400487],[10.2191829,45.5400138],[10.2191892,45.5400375],[10.2191972,45.5400678],[10.2191558,45.5400731],[10.2191748,45.5401454],[10.2191967,45.5401425],[10.2193218,45.5401263],[10.2195268,45.5400998],[10.2195756,45.5400935],[10.2196097,45.5401014],[10.2196498,45.540108],[10.2196527,45.5401193],[10.2196679,45.5401793],[10.2196828,45.5402302],[10.2196942,45.5402696],[10.2197051,45.5403067],[10.2197214,45.5403627],[10.2197297,45.5403924],[10.2195522,45.5404404],[10.2195091,45.540452],[10.2194433,45.5404607],[10.2193867,45.5404682],[10.2193034,45.5404793],[10.2191379,45.5405012],[10.2190542,45.5405123],[10.2189914,45.5405206],[10.2188623,45.54054],[10.2188512,45.540431],[10.2189738,45.5404083]]},"properties":{"site":"brescia","name":"Largo Formentone","highway":"pedestrian"}},{"type":"Feature","geometry":{"type":"LineString","coordinates":[[10.2205997,45.5396966],[10.2205583,45.5395331],[10.2205303,45.5395363],[10.2205023,45.5395395],[10.2204843,45.5395419],[10.2202234,45.5395762],[10.2201963,45.5395798],[10.2201672,45.5395834],[10.2198246,45.5396203],[10.2196603,45.5396396],[10.2195243,45.5396496],[10.2194805,45.539659],[10.2194829,45.5396818],[10.219479,45.5396937],[10.2194677,45.5397116],[10.2195326,45.5399709],[10.2195425,45.5399913],[10.219556,45.5400192],[10.2195935,45.5400274],[10.2196354,45.5400356],[10.2196576,45.5400324],[10.2198106,45.5400106],[10.2198268,45.5400083],[10.21984,45.5400064],[10.2201217,45.5399662],[10.2201312,45.5399649],[10.220139,45.5399638],[10.2202991,45.5399409],[10.220553,45.5399047],[10.2206415,45.5398921],[10.2206101,45.5397419],[10.2206051,45.5397203],[10.2206012,45.5397034],[10.2205997,45.5396966]]},"properties":{"site":"brescia","name":"Piazza della Loggia","highway":"pedestrian"}},{"type":"Feature","geometry":{"type":"LineString","coordinates":[[10.2198953,45.5369948],[10.2198497,45.5369369]]},"properties":{"site":"brescia","name":"Corsia Gambero","highway":"pedestrian"}},{"type":"Feature","geometry":{"type":"LineString","coordinates":[[10.2196823,45.5363553],[10.2196055,45.5360134],[10.219597,45.5359757]]},"properties":{"site":"brescia","name":"Piazza Bruno Boni","highway":"pedestrian"}},{"type":"Feature","geometry":{"type":"LineString","coordinates":[[10.2197111,45.5366683],[10.219686,45.5366715],[10.2196149,45.5364523],[10.2196732,45.5364398],[10.2196504,45.5363557],[10.2196823,45.5363553],[10.2197605,45.5363544],[10.2198665,45.536647],[10.2197111,45.5366683]]},"properties":{"site":"brescia","name":"Corsia Gambero","highway":"pedestrian"}},{"type":"Feature","geometry":{"type":"LineString","coordinates":[[10.2206233,45.5359481],[10.2203353,45.5360051],[10.2201552,45.5359518],[10.219833,45.5359879],[10.2198171,45.5359897]]},"properties":{"site":"brescia","name":"Corsia Gambero","highway":"pedestrian"}},{"type":"Feature","geometry":{"type":"LineString","coordinates":[[10.2174985,45.5374628],[10.2174718,45.5374077]]},"properties":{"site":"brescia","name":"Vicolo del Carro","highway":"footway"}},{"type":"Feature","geometry":{"type":"LineString","coordinates":[[10.2188532,45.5374146],[10.2187626,45.5374376],[10.2182593,45.5375669]]},"properties":{"site":"brescia","name":"","highway":"footway"}},{"type":"Feature","geometry":{"type":"LineString","coordinates":[[10.2361159,45.5330807],[10.2355797,45.5338074]]},"properties":{"site":"brescia","name":"","highway":"service"}},{"type":"Feature","geometry":{"type":"LineString","coordinates":[[10.2190619,45.5352736],[10.219085,45.5352721],[10.2191125,45.5352703],[10.2191383,45.5353429],[10.21947,45.5353311],[10.2195252,45.5355755],[10.21908,45.5356057],[10.2190619,45.5352736]]},"properties":{"site":"brescia","name":"Piazzetta San Domenico","highway":"pedestrian"}},{"type":"Feature","geometry":{"type":"LineString","coordinates":[[10.2194749,45.5344425],[10.2195129,45.5345824],[10.2198009,45.5345511],[10.2197729,45.5344025]]},"properties":{"site":"brescia","name":"","highway":"service"}},{"type":"Feature","geometry":{"type":"LineString","coordinates":[[10.2353994,45.5337452],[10.2352251,45.5336832],[10.235761,45.5329697]]},"properties":{"site":"brescia","name":"","highway":"service"}},{"type":"Feature","geometry":{"type":"LineString","coordinates":[[10.2353994,45.5337452],[10.2359492,45.5330262]]},"properties":{"site":"brescia","name":"","highway":"service"}},{"type":"Feature","geometry":{"type":"LineString","coordinates":[[10.2357511,45.5338949],[10.2358445,45.5337871],[10.2358819,45.5336755]]},"properties":{"site":"brescia","name":"","highway":"service"}},{"type":"Feature","geometry":{"type":"LineString","coordinates":[[10.2148818,45.532284],[10.215,45.5325558],[10.2150426,45.53266],[10.2148052,45.5327107]]},"properties":{"site":"brescia","name":"","highway":"service"}},{"type":"Feature","geometry":{"type":"LineString","coordinates":[[10.2145457,45.533359],[10.2146782,45.5333281],[10.2148016,45.5333005],[10.214969,45.5332625]]},"properties":{"site":"brescia","name":"","highway":"service"}},{"type":"Feature","geometry":{"type":"LineString","coordinates":[[10.2137339,45.5444717],[10.2133372,45.5445762],[10.2133118,45.5445829],[10.2132113,45.5446094]]},"properties":{"site":"brescia","name":"","highway":"service"}},{"type":"Feature","geometry":{"type":"LineString","coordinates":[[10.2351197,45.5314173],[10.2352076,45.5314146],[10.2357505,45.531398],[10.2358204,45.5313761],[10.2358685,45.5313062],[10.2358379,45.5312537],[10.2354948,45.5312231],[10.2354008,45.5312472]]},"properties":{"site":"brescia","name":"","highway":"service"}},{"type":"Feature","geometry":{"type":"LineString","coordinates":[[10.2356807,45.532404],[10.235683,45.532379],[10.235698,45.532215],[10.2357717,45.5320778],[10.2358605,45.5319404]]},"properties":{"site":"brescia","name":"","highway":"service"}},{"type":"Feature","geometry":{"type":"LineString","coordinates":[[10.2354008,45.5312472],[10.2351822,45.5315903]]},"properties":{"site":"brescia","name":"","highway":"service"}},{"type":"Feature","geometry":{"type":"LineString","coordinates":[[10.2237571,45.5325978],[10.2238129,45.5325898],[10.224136,45.5325435],[10.2243818,45.5325082],[10.2246063,45.532476],[10.2247554,45.5324571],[10.2257884,45.5323265],[10.2266046,45.5322888]]},"properties":{"site":"brescia","name":"","highway":"footway"}},{"type":"Feature","geometry":{"type":"LineString","coordinates":[[10.226732,45.5325667],[10.2256528,45.532655],[10.224691,45.5327764],[10.2238426,45.5328995]]},"properties":{"site":"brescia","name":"","highway":"footway"}},{"type":"Feature","geometry":{"type":"LineString","coordinates":[[10.2238426,45.5328995],[10.2237937,45.5327269],[10.2237571,45.5325978]]},"properties":{"site":"brescia","name":"","highway":"footway"}},{"type":"Feature","geometry":{"type":"LineString","coordinates":[[10.2237937,45.5327269],[10.2238495,45.532719],[10.2246407,45.5326069],[10.224788,45.5325854],[10.225294,45.5325337],[10.2252993,45.5325574],[10.2258116,45.5325077],[10.2261509,45.5324754]]},"properties":{"site":"brescia","name":"","highway":"footway"}},{"type":"Feature","geometry":{"type":"LineString","coordinates":[[10.2257884,45.5323265],[10.2258116,45.5325077]]},"properties":{"site":"brescia","name":"","highway":"footway"}},{"type":"Feature","geometry":{"type":"LineString","coordinates":[[10.2266046,45.5322888],[10.2267048,45.5323385],[10.2267067,45.5323881],[10.226732,45.5325667],[10.2267437,45.532646]]},"properties":{"site":"brescia","name":"","highway":"footway"}},{"type":"Feature","geometry":{"type":"LineString","coordinates":[[10.2331773,45.5340024],[10.2329075,45.5340607],[10.2327886,45.5341849]]},"properties":{"site":"brescia","name":"","highway":"service"}},{"type":"Feature","geometry":{"type":"LineString","coordinates":[[10.2358819,45.5336755],[10.2357449,45.5338681],[10.2355797,45.5338074]]},"properties":{"site":"brescia","name":"","highway":"service"}},{"type":"Feature","geometry":{"type":"LineString","coordinates":[[10.2355797,45.5338074],[10.2353994,45.5337452]]},"properties":{"site":"brescia","name":"","highway":"service"}},{"type":"Feature","geometry":{"type":"LineString","coordinates":[[10.2322236,45.5357903],[10.2325444,45.5352711],[10.2326132,45.5351599]]},"properties":{"site":"brescia","name":"","highway":"footway"}},{"type":"Feature","geometry":{"type":"LineString","coordinates":[[10.2159324,45.5320275],[10.215923,45.5320011],[10.2158906,45.5319308],[10.2165644,45.5317525],[10.2168774,45.5316698]]},"properties":{"site":"brescia","name":"","highway":"service"}},{"type":"Feature","geometry":{"type":"LineString","coordinates":[[10.2165644,45.5317525],[10.2165996,45.531823],[10.2166242,45.5318666]]},"properties":{"site":"brescia","name":"","highway":"service"}},{"type":"Feature","geometry":{"type":"LineString","coordinates":[[10.231637,45.5365533],[10.2316226,45.5365655],[10.2316133,45.5365798],[10.2316096,45.5365957],[10.2316122,45.5366116],[10.231622,45.5366279],[10.2316382,45.5366415],[10.2316625,45.5366521],[10.2316905,45.5366564],[10.2317104,45.5366554],[10.2317294,45.5366511],[10.2317464,45.5366439],[10.2317647,45.5366302],[10.2317759,45.5366131],[10.231779,45.5365945],[10.2317747,45.5365783],[10.2317643,45.5365636],[10.2317504,45.5365526],[10.2317331,45.5365443],[10.2316979,45.536536],[10.2316684,45.5365219],[10.2316469,45.5364977],[10.2316261,45.5364713],[10.2316163,45.5364194],[10.2316086,45.5363541],[10.2316049,45.53631],[10.2316026,45.536283]]},"properties":{"site":"brescia","name":"","highway":"service"}},{"type":"Feature","geometry":{"type":"LineString","coordinates":[[10.2246926,45.5433188],[10.2245665,45.5433768],[10.2245483,45.5433495]]},"properties":{"site":"brescia","name":"","highway":"pedestrian"}},{"type":"Feature","geometry":{"type":"LineString","coordinates":[[10.2246926,45.5433188],[10.2247441,45.5433087],[10.2247472,45.5433194]]},"properties":{"site":"brescia","name":"","highway":"steps"}},{"type":"Feature","geometry":{"type":"LineString","coordinates":[[10.2245483,45.5433495],[10.2245026,45.5432915]]},"properties":{"site":"brescia","name":"","highway":"pedestrian"}},{"type":"Feature","geometry":{"type":"LineString","coordinates":[[10.2246103,45.5422698],[10.2248418,45.5422395],[10.2252899,45.5421934],[10.2255188,45.5421619],[10.2255923,45.5421259],[10.2256307,45.5420548],[10.2256181,45.5418868]]},"properties":{"site":"brescia","name":"","highway":"pedestrian"}},{"type":"Feature","geometry":{"type":"LineString","coordinates":[[10.2246053,45.5422448],[10.2246103,45.5422698]]},"properties":{"site":"brescia","name":"","highway":"pedestrian"}},{"type":"Feature","geometry":{"type":"LineString","coordinates":[[10.2244982,45.5416996],[10.2245401,45.5417097],[10.2245439,45.5417144],[10.2245597,45.5417225],[10.2245995,45.541845]]},"properties":{"site":"brescia","name":"","highway":"footway"}},{"type":"Feature","geometry":{"type":"LineString","coordinates":[[10.2259568,45.5420471],[10.2255449,45.5423274],[10.2255111,45.5423333],[10.2253423,45.5423459],[10.2248921,45.5423917],[10.2248114,45.5424148],[10.2247673,45.5424534],[10.22476,45.5425125],[10.2247651,45.542711],[10.2248248,45.5433263],[10.224823,45.5433687]]},"properties":{"site":"brescia","name":"","highway":"pedestrian"}},{"type":"Feature","geometry":{"type":"LineString","coordinates":[[10.224693,45.5417184],[10.2249695,45.541622],[10.2257098,45.5413639]]},"properties":{"site":"brescia","name":"","highway":"service"}},{"type":"Feature","geometry":{"type":"LineString","coordinates":[[10.2245709,45.5420626],[10.2246053,45.5422448]]},"properties":{"site":"brescia","name":"","highway":"pedestrian"}},{"type":"Feature","geometry":{"type":"LineString","coordinates":[[10.2244707,45.5415379],[10.2244877,45.5416379]]},"properties":{"site":"brescia","name":"","highway":"service"}},{"type":"Feature","geometry":{"type":"LineString","coordinates":[[10.2241169,45.5424186],[10.2240651,45.5424863],[10.2240419,45.5425287],[10.2240094,45.5425882],[10.2240205,45.5426688],[10.2241622,45.5428537]]},"properties":{"site":"brescia","name":"","highway":"pedestrian"}},{"type":"Feature","geometry":{"type":"LineString","coordinates":[[10.2244497,45.5425666],[10.2245213,45.5425383],[10.2245627,45.5425409],[10.2245911,45.5425537],[10.2247349,45.5426648]]},"properties":{"site":"brescia","name":"","highway":"pedestrian"}},{"type":"Feature","geometry":{"type":"LineString","coordinates":[[10.2243561,45.5431065],[10.2244112,45.5431009],[10.2244677,45.5430757],[10.2244883,45.5430345],[10.2244275,45.5426065],[10.2244497,45.5425666]]},"properties":{"site":"brescia","name":"","highway":"pedestrian"}},{"type":"Feature","geometry":{"type":"LineString","coordinates":[[10.2245026,45.5432915],[10.2243561,45.5431065]]},"properties":{"site":"brescia","name":"","highway":"pedestrian"}},{"type":"Feature","geometry":{"type":"LineString","coordinates":[[10.2248248,45.5433263],[10.2247319,45.5433374]]},"properties":{"site":"brescia","name":"","highway":"footway"}},{"type":"Feature","geometry":{"type":"LineString","coordinates":[[10.2244497,45.5425666],[10.2245618,45.5426831]]},"properties":{"site":"brescia","name":"","highway":"service"}},{"type":"Feature","geometry":{"type":"LineString","coordinates":[[10.2256181,45.5418868],[10.2256124,45.5417167],[10.225638,45.5416543],[10.2257063,45.5416194],[10.2257882,45.541603],[10.225865,45.5416203],[10.2259164,45.5416588],[10.2259532,45.5417308],[10.2260266,45.5419006],[10.2260181,45.5419391],[10.2260119,45.5419674],[10.2259874,45.5420028],[10.2259568,45.5420471]]},"properties":{"site":"brescia","name":"","highway":"pedestrian"}},{"type":"Feature","geometry":{"type":"LineString","coordinates":[[10.2245995,45.541845],[10.2246284,45.5417882]]},"properties":{"site":"brescia","name":"","highway":"steps"}},{"type":"Feature","geometry":{"type":"LineString","coordinates":[[10.225771,45.5425266],[10.2259073,45.5425355]]},"properties":{"site":"brescia","name":"","highway":"footway"}},{"type":"Feature","geometry":{"type":"LineString","coordinates":[[10.2247195,45.5420845],[10.2247151,45.5420612],[10.2252373,45.5420122]]},"properties":{"site":"brescia","name":"","highway":"footway"}},{"type":"Feature","geometry":{"type":"LineString","coordinates":[[10.2248921,45.5423917],[10.2245291,45.5424239],[10.2244493,45.5424363],[10.2243959,45.542469],[10.2242892,45.5425842],[10.2242692,45.5426465],[10.2242536,45.5426745],[10.2242292,45.5426721],[10.2242265,45.5426365],[10.2242203,45.5426107]]},"properties":{"site":"brescia","name":"","highway":"footway"}},{"type":"Feature","geometry":{"type":"LineString","coordinates":[[10.224819,45.5436889],[10.2248493,45.54369]]},"properties":{"site":"brescia","name":"","highway":"footway"}},{"type":"Feature","geometry":{"type":"LineString","coordinates":[[10.2256708,45.5420555],[10.2256958,45.5420316],[10.2257864,45.5419307],[10.2258059,45.5419109],[10.2258495,45.5419089],[10.2259044,45.5419254],[10.2259486,45.5419581],[10.2259874,45.5420028]]},"properties":{"site":"brescia","name":"","highway":"steps"}},{"type":"Feature","geometry":{"type":"LineString","coordinates":[[10.2256489,45.5424756],[10.225664,45.5424175],[10.2259898,45.5424324],[10.2259855,45.5424663],[10.2259329,45.5425061],[10.2259072,45.5425131],[10.225802,45.5425101],[10.2258039,45.5424966],[10.2258066,45.5424821],[10.2256489,45.5424756]]},"properties":{"site":"brescia","name":"","highway":"pedestrian"}},{"type":"Feature","geometry":{"type":"LineString","coordinates":[[10.2266595,45.5432279],[10.2261174,45.5433582],[10.2260354,45.5432449]]},"properties":{"site":"brescia","name":"","highway":"footway"}},{"type":"Feature","geometry":{"type":"LineString","coordinates":[[10.2244746,45.5433984],[10.2245033,45.543431],[10.2247412,45.5437034],[10.224819,45.5436889]]},"properties":{"site":"brescia","name":"","highway":"pedestrian"}},{"type":"Feature","geometry":{"type":"LineString","coordinates":[[10.225191,45.5418606],[10.2250815,45.5418943],[10.2250302,45.541881],[10.2250124,45.5418523],[10.2250118,45.5418195],[10.2250355,45.5417969],[10.225162,45.541756]]},"properties":{"site":"brescia","name":"","highway":"footway"}},{"type":"Feature","geometry":{"type":"LineString","coordinates":[[10.2245507,45.543392],[10.2245033,45.543431]]},"properties":{"site":"brescia","name":"","highway":"pedestrian"}},{"type":"Feature","geometry":{"type":"LineString","coordinates":[[10.2245665,45.5433768],[10.2245507,45.543392]]},"properties":{"site":"brescia","name":"","highway":"pedestrian"}},{"type":"Feature","geometry":{"type":"LineString","coordinates":[[10.2241725,45.5423726],[10.2242103,45.5423968]]},"properties":{"site":"brescia","name":"","highway":"pedestrian"}},{"type":"Feature","geometry":{"type":"LineString","coordinates":[[10.2252899,45.5421934],[10.2252373,45.5420122],[10.225191,45.5418606],[10.225162,45.541756],[10.2259071,45.5415156],[10.2262735,45.5421184],[10.2262735,45.5421496],[10.2262468,45.542162],[10.2262095,45.542172],[10.2261739,45.5421645],[10.2259568,45.5420471]]},"properties":{"site":"brescia","name":"","highway":"footway"}},{"type":"Feature","geometry":{"type":"LineString","coordinates":[[10.2256708,45.5420555],[10.2255923,45.5421259],[10.2256773,45.5421626]]},"properties":{"site":"brescia","name":"","highway":"footway"}},{"type":"Feature","geometry":{"type":"LineString","coordinates":[[10.2249491,45.5426636],[10.2250079,45.5426674]]},"properties":{"site":"brescia","name":"","highway":"pedestrian"}},{"type":"Feature","geometry":{"type":"LineString","coordinates":[[10.2255111,45.5423333],[10.2254385,45.5423962],[10.2254174,45.5424438],[10.2254167,45.542488],[10.2254391,45.5424993],[10.2256537,45.5425175],[10.225771,45.5425266]]},"properties":{"site":"brescia","name":"","highway":"footway"}},{"type":"Feature","geometry":{"type":"LineString","coordinates":[[10.2250312,45.5426691],[10.2250259,45.5427233],[10.2249662,45.5427284],[10.2249763,45.5431794],[10.2250623,45.543182],[10.2254151,45.5432155],[10.2258622,45.5432579],[10.2260354,45.5432449],[10.2264137,45.5431903],[10.2265941,45.5431643],[10.2266595,45.5432279],[10.22679,45.5433323],[10.2268204,45.5433361]]},"properties":{"site":"brescia","name":"","highway":"footway"}},{"type":"Feature","geometry":{"type":"LineString","coordinates":[[10.2250181,45.5432573],[10.2250623,45.543182]]},"properties":{"site":"brescia","name":"Corridoio Fortificato","highway":"footway"}},{"type":"Feature","geometry":{"type":"LineString","coordinates":[[10.2254098,45.5427334],[10.2254134,45.5427117],[10.2254175,45.5426869],[10.2253748,45.5426619],[10.2253307,45.5426609],[10.2252879,45.5426786],[10.2252269,45.5427038],[10.2251404,45.5426975]]},"properties":{"site":"brescia","name":"","highway":"steps"}},{"type":"Feature","geometry":{"type":"LineString","coordinates":[[10.2247808,45.5421029],[10.2248147,45.5421103],[10.2248418,45.5422395]]},"properties":{"site":"brescia","name":"","highway":"footway"}},{"type":"Feature","geometry":{"type":"LineString","coordinates":[[10.2256537,45.5425175],[10.2256614,45.5424864],[10.2258039,45.5424966]]},"properties":{"site":"brescia","name":"","highway":"steps"}},{"type":"Feature","geometry":{"type":"LineString","coordinates":[[10.2253423,45.5423459],[10.225325,45.5422371],[10.2252243,45.5422467],[10.22485,45.54228]]},"properties":{"site":"brescia","name":"","highway":"steps"}},{"type":"Feature","geometry":{"type":"LineString","coordinates":[[10.2247006,45.5421107],[10.2246958,45.5420868],[10.2247195,45.5420845],[10.2247761,45.542079],[10.2247808,45.5421029],[10.22477,45.5421039],[10.2247006,45.5421107]]},"properties":{"site":"brescia","name":"","highway":"footway"}},{"type":"Feature","geometry":{"type":"LineString","coordinates":[[10.2259073,45.5425355],[10.2259835,45.5425607],[10.226065,45.5425909],[10.2261802,45.5426452],[10.2263942,45.5427893],[10.2266363,45.5429859],[10.2266765,45.5430101],[10.226726,45.5430108]]},"properties":{"site":"brescia","name":"","highway":"footway"}},{"type":"Feature","geometry":{"type":"LineString","coordinates":[[10.2248418,45.5422395],[10.22485,45.54228]]},"properties":{"site":"brescia","name":"","highway":"pedestrian"}},{"type":"Feature","geometry":{"type":"LineString","coordinates":[[10.2243696,45.5423659],[10.2243768,45.5423813]]},"properties":{"site":"brescia","name":"","highway":"footway"}},{"type":"Feature","geometry":{"type":"LineString","coordinates":[[10.2244746,45.5433779],[10.2245336,45.5434477],[10.2245946,45.5435175],[10.2247242,45.5436658],[10.2247695,45.5437176],[10.2247873,45.5437221],[10.2248721,45.5437447]]},"properties":{"site":"brescia","name":"","highway":"footway"}},{"type":"Feature","geometry":{"type":"LineString","coordinates":[[10.2245336,45.5434477],[10.2249783,45.543352],[10.2249905,45.543323]]},"properties":{"site":"brescia","name":"Corridoio Fortificato","highway":"footway"}},{"type":"Feature","geometry":{"type":"LineString","coordinates":[[10.2256773,45.5421626],[10.2258407,45.5422809],[10.2260179,45.5423533]]},"properties":{"site":"brescia","name":"","highway":"footway"}},{"type":"Feature","geometry":{"type":"LineString","coordinates":[[10.2252243,45.5422467],[10.2252304,45.5423005],[10.2243768,45.5423813],[10.2242937,45.5424068],[10.224267,45.5424503],[10.224247,45.542536],[10.2242203,45.5426107],[10.2241825,45.5426263],[10.2241447,45.5426154],[10.2241114,45.5425967]]},"properties":{"site":"brescia","name":"","highway":"footway"}},{"type":"Feature","geometry":{"type":"LineString","coordinates":[[10.2241114,45.5425967],[10.2240801,45.5425511],[10.2240419,45.5425287]]},"properties":{"site":"brescia","name":"","highway":"steps"}},{"type":"Feature","geometry":{"type":"LineString","coordinates":[[10.2261174,45.5433582],[10.2261933,45.5434856],[10.2261112,45.5435142],[10.2259889,45.5435413]]},"properties":{"site":"brescia","name":"","highway":"steps"}},{"type":"Feature","geometry":{"type":"LineString","coordinates":[[10.2260179,45.5423533],[10.2265629,45.5427537],[10.2266661,45.5428461],[10.2266953,45.5428833],[10.2267163,45.5429185],[10.2267377,45.5429752],[10.226726,45.5430108]]},"properties":{"site":"brescia","name":"","highway":"footway"}},{"type":"Feature","geometry":{"type":"LineString","coordinates":[[10.2250079,45.5426674],[10.2250312,45.5426691],[10.2251103,45.5426766]]},"properties":{"site":"brescia","name":"","highway":"pedestrian"}},{"type":"Feature","geometry":{"type":"LineString","coordinates":[[10.2247178,45.5421511],[10.2247145,45.5421311],[10.224774,45.542125],[10.22477,45.5421039]]},"properties":{"site":"brescia","name":"","highway":"steps"}},{"type":"Feature","geometry":{"type":"LineString","coordinates":[[10.2266953,45.5428833],[10.2267479,45.5428982],[10.2269201,45.5430287],[10.2269379,45.5430192],[10.2270172,45.5429767],[10.227041,45.542964],[10.2269201,45.5427697],[10.2269129,45.5427358],[10.2269329,45.5427099],[10.2269699,45.5427019],[10.2270111,45.5427179],[10.2276744,45.5430439],[10.2276578,45.5430524]]},"properties":{"site":"brescia","name":"","highway":"footway"}},{"type":"Feature","geometry":{"type":"LineString","coordinates":[[10.2243696,45.5423659],[10.2242743,45.5423758],[10.2242103,45.5423968]]},"properties":{"site":"brescia","name":"","highway":"steps"}},{"type":"Feature","geometry":{"type":"LineString","coordinates":[[10.2254134,45.5427117],[10.2254415,45.5427008]]},"properties":{"site":"brescia","name":"","highway":"footway"}},{"type":"Feature","geometry":{"type":"LineString","coordinates":[[10.2249905,45.543323],[10.2250181,45.5432573]]},"properties":{"site":"brescia","name":"Corridoio Fortificato","highway":"steps"}},{"type":"Feature","geometry":{"type":"LineString","coordinates":[[10.2251103,45.5426766],[10.2251429,45.5426789],[10.2251404,45.5426975],[10.2251387,45.5427108],[10.2254098,45.5427334],[10.2254246,45.5427347],[10.2254215,45.5427501],[10.2254188,45.5427638]]},"properties":{"site":"brescia","name":"","highway":"footway"}},{"type":"Feature","geometry":{"type":"LineString","coordinates":[[10.2276578,45.5430524],[10.227384,45.5430522]]},"properties":{"site":"brescia","name":"","highway":"steps"}},{"type":"Feature","geometry":{"type":"LineString","coordinates":[[10.227384,45.5430522],[10.2271946,45.5431566]]},"properties":{"site":"brescia","name":"","highway":"footway"}},{"type":"Feature","geometry":{"type":"LineString","coordinates":[[10.2252879,45.5426786],[10.2252546,45.5426537]]},"properties":{"site":"brescia","name":"","highway":"footway"}},{"type":"Feature","geometry":{"type":"LineString","coordinates":[[10.2254801,45.5427687],[10.2258556,45.5427987],[10.2258814,45.5428077],[10.2262075,45.5431326],[10.22604,45.5431834],[10.2258656,45.5431825],[10.2255755,45.5431386],[10.2254465,45.5430075],[10.225376,45.5429531]]},"properties":{"site":"brescia","name":"","highway":"footway"}},{"type":"Feature","geometry":{"type":"LineString","coordinates":[[10.2258814,45.5428077],[10.2254465,45.5430075]]},"properties":{"site":"brescia","name":"","highway":"footway"}},{"type":"Feature","geometry":{"type":"LineString","coordinates":[[10.2254801,45.5427687],[10.2254188,45.5427638]]},"properties":{"site":"brescia","name":"","highway":"steps"}},{"type":"Feature","geometry":{"type":"LineString","coordinates":[[10.2180836,45.5335522],[10.2181564,45.5335827],[10.2183933,45.5336156]]},"properties":{"site":"brescia","name":"","highway":"service"}},{"type":"Feature","geometry":{"type":"LineString","coordinates":[[10.2326685,45.5353097],[10.2329166,45.5353877],[10.2329732,45.5353033],[10.2332944,45.5353864],[10.2335846,45.5353768],[10.2342496,45.5353557],[10.2343078,45.5352372],[10.2346392,45.534291],[10.234715,45.5341445],[10.234911,45.5337657]]},"properties":{"site":"brescia","name":"","highway":"footway"}},{"type":"Feature","geometry":{"type":"LineString","coordinates":[[10.2256106,45.5346016],[10.2256143,45.5346085]]},"properties":{"site":"brescia","name":"Piazza Moretto","highway":"pedestrian"}},{"type":"Feature","geometry":{"type":"LineString","coordinates":[[10.2251023,45.5350184],[10.2250432,45.5350297]]},"properties":{"site":"brescia","name":"Piazza Moretto","highway":"pedestrian"}},{"type":"Feature","geometry":{"type":"LineString","coordinates":[[10.2253224,45.5347023],[10.2253276,45.5347105]]},"properties":{"site":"brescia","name":"Piazza Moretto","highway":"pedestrian"}},{"type":"Feature","geometry":{"type":"LineString","coordinates":[[10.2251023,45.5350184],[10.2250388,45.5348149],[10.2253276,45.5347105],[10.2256143,45.5346085],[10.2256237,45.5346051],[10.2256501,45.5346293],[10.2257223,45.5347423],[10.2257295,45.5347536],[10.2257358,45.5347643],[10.2258014,45.5348754],[10.2257783,45.5348846],[10.2254693,45.5349484],[10.2251023,45.5350184]]},"properties":{"site":"brescia","name":"Piazza Moretto","highway":"pedestrian"}},{"type":"Feature","geometry":{"type":"LineString","coordinates":[[10.2293608,45.5362166],[10.2300754,45.5361861],[10.2308341,45.5361657],[10.2309014,45.5361618],[10.2309828,45.536157]]},"properties":{"site":"brescia","name":"Piazzale Arnaldo","highway":"pedestrian"}},{"type":"Feature","geometry":{"type":"LineString","coordinates":[[10.2198795,45.5347034],[10.2198062,45.534398]]},"properties":{"site":"brescia","name":"Via Benedetto Croce","highway":"pedestrian"}},{"type":"Feature","geometry":{"type":"LineString","coordinates":[[10.220589,45.5352184],[10.2205707,45.53522]]},"properties":{"site":"brescia","name":"Via Benedetto Croce","highway":"footway"}},{"type":"Feature","geometry":{"type":"LineString","coordinates":[[10.2194382,45.5344475],[10.2194435,45.5344697],[10.2194463,45.5344816],[10.2195081,45.5347406],[10.2198795,45.5347034],[10.2200575,45.5346874],[10.2201337,45.53468],[10.2201829,45.5346776],[10.2205186,45.5346507]]},"properties":{"site":"brescia","name":"Via Benedetto Croce","highway":"pedestrian"}},{"type":"Feature","geometry":{"type":"LineString","coordinates":[[10.2201204,45.5349967],[10.220303,45.5349801]]},"properties":{"site":"brescia","name":"Via Benedetto Croce","highway":"footway"}},{"type":"Feature","geometry":{"type":"LineString","coordinates":[[10.2201476,45.5351413],[10.2201315,45.5350559],[10.2201204,45.5349967],[10.2200575,45.5346874]]},"properties":{"site":"brescia","name":"Via Benedetto Croce","highway":"footway"}},{"type":"Feature","geometry":{"type":"LineString","coordinates":[[10.2203577,45.535237],[10.2203159,45.5350405],[10.220303,45.5349801],[10.2201829,45.5346776]]},"properties":{"site":"brescia","name":"Via Benedetto Croce","highway":"footway"}},{"type":"Feature","geometry":{"type":"LineString","coordinates":[[10.2151999,45.5331238],[10.2152272,45.5331815]]},"properties":{"site":"brescia","name":"","highway":"pedestrian"}},{"type":"Feature","geometry":{"type":"LineString","coordinates":[[10.2142842,45.5334417],[10.2142723,45.5334157],[10.2142594,45.5333963],[10.2142345,45.5333432]]},"properties":{"site":"brescia","name":"","highway":"service"}},{"type":"Feature","geometry":{"type":"LineString","coordinates":[[10.2210131,45.5445588],[10.2208235,45.5445998],[10.2207271,45.5446407],[10.2206679,45.5447025]]},"properties":{"site":"brescia","name":"","highway":"pedestrian"}},{"type":"Feature","geometry":{"type":"LineString","coordinates":[[10.2225833,45.5433961],[10.2226311,45.5433773]]},"properties":{"site":"brescia","name":"","highway":"footway"}},{"type":"Feature","geometry":{"type":"LineString","coordinates":[[10.2229184,45.543338],[10.2228861,45.5432997]]},"properties":{"site":"brescia","name":"","highway":"steps"}},{"type":"Feature","geometry":{"type":"LineString","coordinates":[[10.2226311,45.5433773],[10.2226703,45.5433636]]},"properties":{"site":"brescia","name":"","highway":"steps"}},{"type":"Feature","geometry":{"type":"LineString","coordinates":[[10.2227562,45.5433281],[10.2227989,45.5433116]]},"properties":{"site":"brescia","name":"","highway":"footway"}},{"type":"Feature","geometry":{"type":"LineString","coordinates":[[10.2228198,45.5432211],[10.2228521,45.5432599]]},"properties":{"site":"brescia","name":"","highway":"steps"}},{"type":"Feature","geometry":{"type":"LineString","coordinates":[[10.2207467,45.5449026],[10.2207363,45.5448801]]},"properties":{"site":"brescia","name":"","highway":"footway"}},{"type":"Feature","geometry":{"type":"LineString","coordinates":[[10.2227168,45.5433447],[10.2227562,45.5433281]]},"properties":{"site":"brescia","name":"","highway":"steps"}},{"type":"Feature","geometry":{"type":"LineString","coordinates":[[10.2227989,45.5433116],[10.2228357,45.5432974]]},"properties":{"site":"brescia","name":"","highway":"steps"}},{"type":"Feature","geometry":{"type":"LineString","coordinates":[[10.2228861,45.5432997],[10.2228691,45.5432798],[10.2228521,45.5432599]]},"properties":{"site":"brescia","name":"","highway":"footway"}},{"type":"Feature","geometry":{"type":"LineString","coordinates":[[10.2225298,45.5434177],[10.2225833,45.5433961]]},"properties":{"site":"brescia","name":"","highway":"steps"}},{"type":"Feature","geometry":{"type":"LineString","coordinates":[[10.2226703,45.5433636],[10.2227005,45.5433536],[10.2227168,45.5433447]]},"properties":{"site":"brescia","name":"","highway":"footway"}},{"type":"Feature","geometry":{"type":"LineString","coordinates":[[10.2227808,45.5435061],[10.2228107,45.5434981],[10.2229655,45.5434378]]},"properties":{"site":"brescia","name":"","highway":"footway"}},{"type":"Feature","geometry":{"type":"LineString","coordinates":[[10.2208177,45.5448441],[10.2207298,45.5448657],[10.2207599,45.5448591],[10.2207635,45.5448706],[10.2207363,45.5448801]]},"properties":{"site":"brescia","name":"","highway":"steps"}},{"type":"Feature","geometry":{"type":"LineString","coordinates":[[10.2224988,45.5430206],[10.2224565,45.5430272],[10.22258,45.5432387],[10.2227005,45.5433536],[10.2228107,45.5434981]]},"properties":{"site":"brescia","name":"","highway":"footway"}},{"type":"Feature","geometry":{"type":"LineString","coordinates":[[10.2127588,45.5319924],[10.2127633,45.5320016],[10.2127677,45.5320107],[10.2128141,45.5321018],[10.2128173,45.5321081],[10.2128212,45.5321159],[10.2128693,45.5322102],[10.2128755,45.5322225],[10.2128805,45.5322323],[10.2129413,45.5323518],[10.2129473,45.5323636]]},"properties":{"site":"brescia","name":"","highway":"footway"}},{"type":"Feature","geometry":{"type":"LineString","coordinates":[[10.2227192,45.5414456],[10.2226721,45.5414418],[10.2226211,45.5414373]]},"properties":{"site":"brescia","name":"","highway":"steps"}},{"type":"Feature","geometry":{"type":"LineString","coordinates":[[10.2243238,45.5415385],[10.2242655,45.5415355],[10.222853,45.5414535]]},"properties":{"site":"brescia","name":"","highway":"pedestrian"}},{"type":"Feature","geometry":{"type":"LineString","coordinates":[[10.2230617,45.5411896],[10.2228521,45.5411342],[10.2227167,45.5410843],[10.2226356,45.5410542]]},"properties":{"site":"brescia","name":"","highway":"footway"}},{"type":"Feature","geometry":{"type":"LineString","coordinates":[[10.2207055,45.5452527],[10.2206585,45.5450796]]},"properties":{"site":"brescia","name":"Fossa Bagni","highway":"footway"}},{"type":"Feature","geometry":{"type":"LineString","coordinates":[[10.2203307,45.5386318],[10.2203661,45.5386291]]},"properties":{"site":"brescia","name":"Via Padre Giulio Bevilacqua","highway":"pedestrian"}},{"type":"Feature","geometry":{"type":"LineString","coordinates":[[10.2155386,45.534625],[10.215562,45.5346839],[10.2155671,45.5346967]]},"properties":{"site":"brescia","name":"","highway":"service"}},{"type":"Feature","geometry":{"type":"LineString","coordinates":[[10.2230046,45.5323417],[10.2230759,45.5323269],[10.2231377,45.5324926]]},"properties":{"site":"brescia","name":"","highway":"footway"}},{"type":"Feature","geometry":{"type":"LineString","coordinates":[[10.2228659,45.5319845],[10.2228785,45.532022],[10.2229382,45.5321793],[10.2230046,45.5323417],[10.2226935,45.5324019],[10.222759,45.5325625],[10.2227647,45.5325773]]},"properties":{"site":"brescia","name":"","highway":"footway"}},{"type":"Feature","geometry":{"type":"LineString","coordinates":[[10.2229382,45.5321793],[10.222902,45.5321892],[10.2227062,45.5322304],[10.2226361,45.5322442],[10.2226935,45.5324019]]},"properties":{"site":"brescia","name":"","highway":"footway"}},{"type":"Feature","geometry":{"type":"LineString","coordinates":[[10.2166104,45.5471095],[10.2166209,45.547136],[10.2166373,45.5471768],[10.2166392,45.5471882],[10.216637,45.5471972],[10.216328,45.5472633],[10.2163018,45.5472944],[10.2163935,45.5475265]]},"properties":{"site":"brescia","name":"","highway":"pedestrian"}},{"type":"Feature","geometry":{"type":"LineString","coordinates":[[10.2305092,45.5345991],[10.230447,45.5346285],[10.230405,45.5346697]]},"properties":{"site":"brescia","name":"","highway":"service"}},{"type":"Feature","geometry":{"type":"LineString","coordinates":[[10.230405,45.5346697],[10.2305456,45.5354027],[10.230522,45.5354299],[10.2302941,45.5354614],[10.2300689,45.5354925],[10.230032,45.53548],[10.229999,45.5347622],[10.2300114,45.5347358],[10.2300373,45.5347209],[10.2302131,45.5346999],[10.230405,45.5346697]]},"properties":{"site":"brescia","name":"","highway":"service"}},{"type":"Feature","geometry":{"type":"LineString","coordinates":[[10.2340133,45.5427116],[10.2341286,45.5426965],[10.2342123,45.5426794],[10.2351729,45.5421496]]},"properties":{"site":"brescia","name":"","highway":"service"}},{"type":"Feature","geometry":{"type":"LineString","coordinates":[[10.2221344,45.543593],[10.2221584,45.5435695],[10.2222621,45.5435241],[10.2223047,45.5435054]]},"properties":{"site":"brescia","name":"","highway":"footway"}},{"type":"Feature","geometry":{"type":"LineString","coordinates":[[10.2223047,45.5435054],[10.2225298,45.5434177]]},"properties":{"site":"brescia","name":"","highway":"footway"}},{"type":"Feature","geometry":{"type":"LineString","coordinates":[[10.2356884,45.5474078],[10.2356307,45.547416],[10.2355849,45.5474318],[10.2354745,45.5475337],[10.2354412,45.5475648],[10.2352771,45.547729]]},"properties":{"site":"brescia","name":"","highway":"service"}},{"type":"Feature","geometry":{"type":"LineString","coordinates":[[10.2216558,45.5393994],[10.2218399,45.5393801]]},"properties":{"site":"brescia","name":"","highway":"service"}},{"type":"Feature","geometry":{"type":"LineString","coordinates":[[10.2222226,45.5393339],[10.2223028,45.5393239],[10.2225002,45.5392992]]},"properties":{"site":"brescia","name":"","highway":"pedestrian"}},{"type":"Feature","geometry":{"type":"LineString","coordinates":[[10.2226482,45.5392798],[10.2226995,45.5392738]]},"properties":{"site":"brescia","name":"","highway":"pedestrian"}},{"type":"Feature","geometry":{"type":"LineString","coordinates":[[10.2258059,45.5419109],[10.2258049,45.5418466]]},"properties":{"site":"brescia","name":"","highway":"steps"}},{"type":"Feature","geometry":{"type":"LineString","coordinates":[[10.2258049,45.5418466],[10.2258099,45.5418134],[10.2258387,45.5418004],[10.2258861,45.5417995],[10.2259595,45.5418921],[10.2259847,45.5419308],[10.2260181,45.5419391]]},"properties":{"site":"brescia","name":"","highway":"footway"}},{"type":"Feature","geometry":{"type":"LineString","coordinates":[[10.2338264,45.5441179],[10.2338667,45.5442857],[10.2341869,45.5448022],[10.2344931,45.5452963]]},"properties":{"site":"brescia","name":"","highway":"service"}},{"type":"Feature","geometry":{"type":"LineString","coordinates":[[10.2255755,45.5431386],[10.2255276,45.5431529]]},"properties":{"site":"brescia","name":"","highway":"footway"}},{"type":"Feature","geometry":{"type":"LineString","coordinates":[[10.2253028,45.5436614],[10.2252939,45.54363],[10.2253412,45.5436225],[10.225351,45.543654]]},"properties":{"site":"brescia","name":"","highway":"footway"}},{"type":"Feature","geometry":{"type":"LineString","coordinates":[[10.2254287,45.5431597],[10.2254151,45.5432155]]},"properties":{"site":"brescia","name":"","highway":"footway"}},{"type":"Feature","geometry":{"type":"LineString","coordinates":[[10.2248493,45.54369],[10.2248963,45.5437031],[10.2248721,45.5437447]]},"properties":{"site":"brescia","name":"","highway":"steps"}},{"type":"Feature","geometry":{"type":"LineString","coordinates":[[10.2252693,45.5436666],[10.2253028,45.5436614],[10.225351,45.543654],[10.2254613,45.543637],[10.2254137,45.5434854],[10.2252218,45.5435149],[10.2252693,45.5436666]]},"properties":{"site":"brescia","name":"","highway":"pedestrian"}},{"type":"Feature","geometry":{"type":"LineString","coordinates":[[10.2255276,45.5431529],[10.2254534,45.5431442],[10.2254509,45.5431537],[10.2254904,45.543158],[10.225488,45.5431692],[10.2254287,45.5431597]]},"properties":{"site":"brescia","name":"","highway":"steps"}},{"type":"Feature","geometry":{"type":"LineString","coordinates":[[10.2255044,45.5437895],[10.2254805,45.5437151],[10.2253742,45.5437318],[10.2253132,45.5437414],[10.2253371,45.5438158],[10.2254208,45.5438026],[10.2255044,45.5437895]]},"properties":{"site":"brescia","name":"","highway":"pedestrian"}},{"type":"Feature","geometry":{"type":"LineString","coordinates":[[10.2152819,45.5330704],[10.2152363,45.5330821],[10.2151869,45.5330947],[10.2151999,45.5331238]]},"properties":{"site":"brescia","name":"","highway":"pedestrian"}},{"type":"Feature","geometry":{"type":"LineString","coordinates":[[10.2148785,45.5333456],[10.2148267,45.533328],[10.2148016,45.5333005],[10.2147662,45.533232]]},"properties":{"site":"brescia","name":"","highway":"service"}},{"type":"Feature","geometry":{"type":"LineString","coordinates":[[10.2138728,45.5329233],[10.2139139,45.5329371],[10.2139367,45.5329448]]},"properties":{"site":"brescia","name":"","highway":"footway"}},{"type":"Feature","geometry":{"type":"LineString","coordinates":[[10.2137093,45.5326836],[10.2137592,45.532785]]},"properties":{"site":"brescia","name":"","highway":"steps"}},{"type":"Feature","geometry":{"type":"LineString","coordinates":[[10.2145479,45.5332819],[10.2145592,45.5333217],[10.2145457,45.533359]]},"properties":{"site":"brescia","name":"","highway":"service"}},{"type":"Feature","geometry":{"type":"LineString","coordinates":[[10.213649,45.5328153],[10.2137199,45.5327996]]},"properties":{"site":"brescia","name":"","highway":"pedestrian"}},{"type":"Feature","geometry":{"type":"LineString","coordinates":[[10.2150976,45.5331465],[10.2151205,45.5332014],[10.2151335,45.5332257]]},"properties":{"site":"brescia","name":"","highway":"service"}},{"type":"Feature","geometry":{"type":"LineString","coordinates":[[10.2139922,45.5329364],[10.2139645,45.532925],[10.2138822,45.532891],[10.2139392,45.5329311],[10.2138671,45.5329102]]},"properties":{"site":"brescia","name":"","highway":"footway"}},{"type":"Feature","geometry":{"type":"LineString","coordinates":[[10.2142345,45.5333432],[10.2141564,45.5333213],[10.2141148,45.5332739],[10.2141012,45.5332229],[10.214108,45.5331625],[10.2141308,45.5331123],[10.2141858,45.5330518],[10.2142255,45.5330136],[10.2142696,45.5329815],[10.2143378,45.5329432],[10.21441,45.5329119],[10.2145264,45.5328801],[10.2146283,45.5328676],[10.2147567,45.5328717]]},"properties":{"site":"brescia","name":"","highway":"service"}},{"type":"Feature","geometry":{"type":"LineString","coordinates":[[10.2137969,45.5329769],[10.2137923,45.5329662],[10.2137614,45.5328953],[10.2137392,45.532844],[10.2137245,45.5328103],[10.2137199,45.5327996],[10.2137175,45.5327939],[10.2137592,45.532785],[10.2138082,45.5327746],[10.213815,45.5327903],[10.2138293,45.5328232],[10.2138513,45.5328739],[10.2138671,45.5329102],[10.2138728,45.5329233],[10.2138821,45.5329447],[10.2138877,45.5329576],[10.2137969,45.5329769]]},"properties":{"site":"brescia","name":"","highway":"footway"}},{"type":"Feature","geometry":{"type":"LineString","coordinates":[[10.2248493,45.54369],[10.2249095,45.5435798]]},"properties":{"site":"brescia","name":"","highway":"footway"}},{"type":"Feature","geometry":{"type":"LineString","coordinates":[[10.2269978,45.5430771],[10.2270825,45.5431591]]},"properties":{"site":"brescia","name":"","highway":"footway"}},{"type":"Feature","geometry":{"type":"LineString","coordinates":[[10.2265941,45.5431643],[10.2265681,45.5431261]]},"properties":{"site":"brescia","name":"","highway":"footway"}},{"type":"Feature","geometry":{"type":"LineString","coordinates":[[10.2270172,45.5429767],[10.2270774,45.5430352]]},"properties":{"site":"brescia","name":"","highway":"footway"}},{"type":"Feature","geometry":{"type":"LineString","coordinates":[[10.2269379,45.5430192],[10.2269978,45.5430771]]},"properties":{"site":"brescia","name":"","highway":"footway"}},{"type":"Feature","geometry":{"type":"LineString","coordinates":[[10.2270774,45.5430352],[10.2271606,45.543116]]},"properties":{"site":"brescia","name":"","highway":"footway"}},{"type":"Feature","geometry":{"type":"LineString","coordinates":[[10.2265681,45.5431261],[10.2265745,45.5431031],[10.2266202,45.5430837]]},"properties":{"site":"brescia","name":"","highway":"steps"}},{"type":"Feature","geometry":{"type":"LineString","coordinates":[[10.2266202,45.5430837],[10.2265894,45.5430524],[10.2263832,45.5430658],[10.2264137,45.5431903]]},"properties":{"site":"brescia","name":"","highway":"footway"}},{"type":"Feature","geometry":{"type":"LineString","coordinates":[[10.2198497,45.5369369],[10.2197538,45.5367963],[10.2197153,45.536681],[10.2197111,45.5366683]]},"properties":{"site":"brescia","name":"Corsia Gambero","highway":"pedestrian"}},{"type":"Feature","geometry":{"type":"LineString","coordinates":[[10.2196315,45.5381302],[10.2196745,45.5381254],[10.2198139,45.5381086]]},"properties":{"site":"brescia","name":"","highway":"pedestrian"}},{"type":"Feature","geometry":{"type":"LineString","coordinates":[[10.2201179,45.5380722],[10.220137,45.5380701]]},"properties":{"site":"brescia","name":"","highway":"pedestrian"}},{"type":"Feature","geometry":{"type":"LineString","coordinates":[[10.2341182,45.5401313],[10.2340932,45.5401172],[10.2340255,45.5400792],[10.2339978,45.5400456]]},"properties":{"site":"brescia","name":"","highway":"steps"}},{"type":"Feature","geometry":{"type":"LineString","coordinates":[[10.2281395,45.5405131],[10.2281798,45.5405424],[10.2284186,45.5407571],[10.2286915,45.5410284],[10.2290456,45.5412505],[10.2292001,45.5413749],[10.2293833,45.5415871],[10.2295929,45.5418712],[10.2296535,45.5419407],[10.2297433,45.5419879],[10.2298858,45.542059],[10.2298896,45.5420665],[10.229978,45.5422393],[10.2300181,45.5423684],[10.2300462,45.5424828]]},"properties":{"site":"brescia","name":"Via Giovanni Piamarta","highway":"pedestrian"}},{"type":"Feature","geometry":{"type":"LineString","coordinates":[[10.2337444,45.5418951],[10.2336978,45.5418311],[10.2336265,45.5417775]]},"properties":{"site":"brescia","name":"","highway":"steps"}},{"type":"Feature","geometry":{"type":"LineString","coordinates":[[10.2244733,45.5310576],[10.224398,45.5310657],[10.2243586,45.53107],[10.2243113,45.531075],[10.2242533,45.5310814]]},"properties":{"site":"brescia","name":"","highway":"footway"}},{"type":"Feature","geometry":{"type":"LineString","coordinates":[[10.2220445,45.531464],[10.2220478,45.5313918],[10.22205,45.5313432]]},"properties":{"site":"brescia","name":"","highway":"service"}},{"type":"Feature","geometry":{"type":"LineString","coordinates":[[10.2216852,45.5317838],[10.2216509,45.5317204],[10.2216296,45.531681],[10.2216029,45.5316317]]},"properties":{"site":"brescia","name":"","highway":"service"}},{"type":"Feature","geometry":{"type":"LineString","coordinates":[[10.2252803,45.5311047],[10.2251543,45.5310615],[10.224522,45.5312013],[10.2244546,45.5312205],[10.2244399,45.5312369],[10.2244394,45.5312603],[10.2246547,45.5322447]]},"properties":{"site":"brescia","name":"","highway":"footway"}},{"type":"Feature","geometry":{"type":"LineString","coordinates":[[10.2240068,45.5311406],[10.2239624,45.531105]]},"properties":{"site":"brescia","name":"","highway":"steps"}},{"type":"Feature","geometry":{"type":"LineString","coordinates":[[10.2220445,45.531464],[10.2220538,45.5315199],[10.2216029,45.5316317]]},"properties":{"site":"brescia","name":"","highway":"service"}},{"type":"Feature","geometry":{"type":"LineString","coordinates":[[10.2216029,45.5316317],[10.2215546,45.5316382],[10.2215194,45.5315615],[10.2215231,45.5314666],[10.2220445,45.531464]]},"properties":{"site":"brescia","name":"","highway":"service"}},{"type":"Feature","geometry":{"type":"LineString","coordinates":[[10.2239624,45.531105],[10.2237576,45.530938],[10.2234581,45.5306862],[10.2233907,45.5308941],[10.2233439,45.5310384]]},"properties":{"site":"brescia","name":"","highway":"service"}},{"type":"Feature","geometry":{"type":"LineString","coordinates":[[10.2231588,45.530862],[10.2233907,45.5308941],[10.223512,45.5309928],[10.2235977,45.5310006],[10.2236484,45.5309906],[10.2237576,45.530938]]},"properties":{"site":"brescia","name":"","highway":"service"}},{"type":"Feature","geometry":{"type":"LineString","coordinates":[[10.22414,45.5311395],[10.2241604,45.531185],[10.2242029,45.5312774]]},"properties":{"site":"brescia","name":"","highway":"footway"}},{"type":"Feature","geometry":{"type":"LineString","coordinates":[[10.2150559,45.5329703],[10.2151109,45.5330227],[10.2151294,45.5330637]]},"properties":{"site":"brescia","name":"","highway":"service"}},{"type":"Feature","geometry":{"type":"LineString","coordinates":[[10.2230904,45.5320087],[10.2231059,45.5320474],[10.2231945,45.5322679]]},"properties":{"site":"brescia","name":"","highway":"service"}},{"type":"Feature","geometry":{"type":"LineString","coordinates":[[10.2346603,45.5404185],[10.2345797,45.5403723]]},"properties":{"site":"brescia","name":"","highway":"steps"}},{"type":"Feature","geometry":{"type":"LineString","coordinates":[[10.2345797,45.5403723],[10.2341182,45.5401313]]},"properties":{"site":"brescia","name":"","highway":"footway"}},{"type":"Feature","geometry":{"type":"LineString","coordinates":[[10.2277139,45.539909],[10.2276958,45.5399607],[10.2277729,45.5403806],[10.227833,45.5404539]]},"properties":{"site":"brescia","name":"","highway":"steps"}},{"type":"Feature","geometry":{"type":"LineString","coordinates":[[10.2151294,45.5330637],[10.2151238,45.5331017]]},"properties":{"site":"brescia","name":"","highway":"service"}},{"type":"Feature","geometry":{"type":"LineString","coordinates":[[10.2149814,45.5329257],[10.2150559,45.5329703]]},"properties":{"site":"brescia","name":"","highway":"service"}},{"type":"Feature","geometry":{"type":"LineString","coordinates":[[10.2149121,45.5329005],[10.2149814,45.5329257]]},"properties":{"site":"brescia","name":"","highway":"service"}},{"type":"Feature","geometry":{"type":"LineString","coordinates":[[10.2122716,45.5349425],[10.2131219,45.53478],[10.2133347,45.5347352],[10.2136934,45.5346597],[10.213721,45.5346553]]},"properties":{"site":"brescia","name":"","highway":"footway"}},{"type":"Feature","geometry":{"type":"LineString","coordinates":[[10.229358,45.5363793],[10.2293289,45.5362969],[10.2293608,45.5362166]]},"properties":{"site":"brescia","name":"Piazzale Arnaldo","highway":"pedestrian"}},{"type":"Feature","geometry":{"type":"LineString","coordinates":[[10.2209182,45.540057],[10.221073,45.5400272]]},"properties":{"site":"brescia","name":"Via dei Musei","highway":"pedestrian"}},{"type":"Feature","geometry":{"type":"LineString","coordinates":[[10.2205409,45.5401305],[10.2206815,45.5401027]]},"properties":{"site":"brescia","name":"Piazza Bell'Italia","highway":"pedestrian"}},{"type":"Feature","geometry":{"type":"LineString","coordinates":[[10.2205409,45.5401305],[10.2203923,45.5401917],[10.2202131,45.540251],[10.2199814,45.5403188],[10.2199128,45.5403389],[10.2197297,45.5403924],[10.2195522,45.5404404],[10.2195091,45.540452]]},"properties":{"site":"brescia","name":"Corso Goffredo Mameli","highway":"pedestrian"}},{"type":"Feature","geometry":{"type":"LineString","coordinates":[[10.2336555,45.5444773],[10.2336823,45.5443954],[10.2337178,45.5442713],[10.2337658,45.5441516],[10.2338264,45.5441179],[10.2345037,45.5441138],[10.2346115,45.5438573],[10.2351936,45.5440365],[10.2352395,45.5440868],[10.2352805,45.5442543]]},"properties":{"site":"brescia","name":"","highway":"service"}},{"type":"Feature","geometry":{"type":"LineString","coordinates":[[10.2346115,45.5438573],[10.2346693,45.5437339],[10.2346803,45.543598],[10.234658,45.5434569],[10.2346496,45.5433834],[10.2346572,45.543343],[10.2346723,45.5433233],[10.2346806,45.5433083],[10.2347319,45.5433084],[10.2347641,45.5433246],[10.2351446,45.5435315],[10.236061,45.5440438],[10.2362002,45.5441191],[10.236269,45.5441812],[10.236216,45.5443706],[10.2361759,45.5445603],[10.2361615,45.5446706],[10.2361677,45.5448983],[10.2362468,45.5452114],[10.2363653,45.5454888],[10.2364452,45.5456887],[10.236411,45.5458125],[10.2363668,45.5458653]]},"properties":{"site":"brescia","name":"","highway":"service"}},{"type":"Feature","geometry":{"type":"LineString","coordinates":[[10.225351,45.543654],[10.2253742,45.5437318]]},"properties":{"site":"brescia","name":"","highway":"footway"}},{"type":"Feature","geometry":{"type":"LineString","coordinates":[[10.2253117,45.543691],[10.2253028,45.5436614]]},"properties":{"site":"brescia","name":"","highway":"footway"}},{"type":"Feature","geometry":{"type":"LineString","coordinates":[[10.2253742,45.5437318],[10.2253812,45.5437547]]},"properties":{"site":"brescia","name":"","highway":"footway"}},{"type":"Feature","geometry":{"type":"LineString","coordinates":[[10.2302941,45.5354614],[10.2302131,45.5346999]]},"properties":{"site":"brescia","name":"","highway":"service"}},{"type":"Feature","geometry":{"type":"LineString","coordinates":[[10.2242944,45.5429629],[10.2243309,45.5430196],[10.2243356,45.5430607],[10.2243404,45.5431174],[10.224342,45.5431774],[10.2243325,45.5432463],[10.2243118,45.5433185],[10.2243039,45.5433563],[10.224315,45.5433985],[10.2243341,45.5434396]]},"properties":{"site":"brescia","name":"","highway":"steps"}},{"type":"Feature","geometry":{"type":"LineString","coordinates":[[10.2244471,45.5434659],[10.2244785,45.5435115],[10.2245177,45.5435586],[10.2245503,45.543616],[10.2245301,45.5436231],[10.2244931,45.5435759],[10.2244594,45.5435248],[10.2244134,45.5434683],[10.2243831,45.5434384],[10.2243406,45.5434517]]},"properties":{"site":"brescia","name":"","highway":"steps"}},{"type":"Feature","geometry":{"type":"LineString","coordinates":[[10.2264269,45.5444219],[10.2264134,45.5444116],[10.2263745,45.5443948],[10.2263033,45.5443891],[10.2262403,45.5443836],[10.2261478,45.5443719],[10.2260702,45.5443614],[10.2260004,45.544357],[10.2259131,45.5443403],[10.2258719,45.5443014],[10.2258416,45.5442721],[10.2258052,45.5442472]]},"properties":{"site":"brescia","name":"","highway":"footway"}},{"type":"Feature","geometry":{"type":"LineString","coordinates":[[10.2258651,45.5447857],[10.2257957,45.5447992],[10.2255736,45.5448503],[10.2254626,45.5448692],[10.2253325,45.5448837],[10.2252928,45.5448692],[10.2253261,45.5448503],[10.2253848,45.5448337],[10.2254689,45.5448048],[10.225626,45.5447537],[10.2257767,45.5447059],[10.2258099,45.5446956]]},"properties":{"site":"brescia","name":"","highway":"footway"}},{"type":"Feature","geometry":{"type":"LineString","coordinates":[[10.225772,45.5445623],[10.225661,45.5446267],[10.2255839,45.5446714]]},"properties":{"site":"brescia","name":"","highway":"footway"}},{"type":"Feature","geometry":{"type":"LineString","coordinates":[[10.2257903,45.5440991],[10.2258068,45.5441336],[10.2258449,45.5441392],[10.2259274,45.5441392],[10.2259893,45.5441392],[10.2260337,45.5441481],[10.2260416,45.5441714],[10.2259665,45.5441897],[10.2259205,45.5442008],[10.2258364,45.5442008],[10.2257967,45.5442275],[10.2258052,45.5442472],[10.2258158,45.5442719],[10.2258411,45.5443153],[10.2258729,45.5443564],[10.2258919,45.5444019],[10.2259046,45.5444431],[10.2258935,45.5444731],[10.2258776,45.5444942],[10.2258285,45.5445108],[10.2257855,45.5445183]]},"properties":{"site":"brescia","name":"","highway":"footway"}},{"type":"Feature","geometry":{"type":"LineString","coordinates":[[10.225772,45.5445623],[10.2258449,45.5445648],[10.2259465,45.5445425],[10.2260682,45.5445136],[10.2262387,45.5444743],[10.2263935,45.5444366],[10.2264269,45.5444219],[10.2265079,45.5443863],[10.2265438,45.544325],[10.2265551,45.5442543],[10.2265124,45.5441946],[10.2264384,45.5441631],[10.2263397,45.5441317],[10.2262656,45.5441144],[10.2262297,45.5440704],[10.2261691,45.5440563],[10.2260839,45.5440547],[10.2260062,45.5440637],[10.2259201,45.5440736],[10.2257903,45.5440991],[10.2257545,45.5441023]]},"properties":{"site":"brescia","name":"","highway":"footway"}},{"type":"Feature","geometry":{"type":"LineString","coordinates":[[10.2241622,45.5428537],[10.2242055,45.5428718],[10.2242944,45.5429629]]},"properties":{"site":"brescia","name":"","highway":"steps"}},{"type":"Feature","geometry":{"type":"LineString","coordinates":[[10.2255839,45.5446714],[10.2254015,45.5447281],[10.2252777,45.544767],[10.2252174,45.5447526],[10.2251654,45.5447652],[10.2250972,45.5447586],[10.2250337,45.5447097],[10.2249842,45.5446537],[10.2249445,45.5446003],[10.2249065,45.5445381],[10.2248652,45.5444792],[10.2248303,45.5444114],[10.2247745,45.5443491],[10.2247091,45.5443717],[10.2246806,45.5443933],[10.2246555,45.5444377],[10.2246621,45.544477],[10.224697,45.5445681],[10.2247192,45.5446437],[10.2247494,45.5447003],[10.2248065,45.5447537],[10.2248763,45.5448192],[10.2249334,45.5448526],[10.2249921,45.5448892],[10.2250588,45.5448948],[10.2251508,45.5448937],[10.2252507,45.5448803],[10.2252928,45.5448692]]},"properties":{"site":"brescia","name":"","highway":"footway"}},{"type":"Feature","geometry":{"type":"LineString","coordinates":[[10.2262297,45.5440704],[10.2262423,45.5440181],[10.2262725,45.5439581],[10.2263074,45.543907]]},"properties":{"site":"brescia","name":"","highway":"footway"}},{"type":"Feature","geometry":{"type":"LineString","coordinates":[[10.2249095,45.5435798],[10.2247533,45.5434926],[10.2245873,45.5434604],[10.2244471,45.5434659]]},"properties":{"site":"brescia","name":"","highway":"footway"}},{"type":"Feature","geometry":{"type":"LineString","coordinates":[[10.2258099,45.5446956],[10.2257711,45.5447437],[10.2257537,45.5447648],[10.2258101,45.5447718],[10.2258651,45.5447857]]},"properties":{"site":"brescia","name":"","highway":"steps"}},{"type":"Feature","geometry":{"type":"LineString","coordinates":[[10.2243341,45.5434396],[10.2243406,45.5434517],[10.2245078,45.5437672]]},"properties":{"site":"brescia","name":"","highway":"steps"}},{"type":"Feature","geometry":{"type":"LineString","coordinates":[[10.2257545,45.5441023],[10.225658,45.5440645],[10.225612,45.5440356],[10.2255708,45.5439989],[10.2255289,45.5439591],[10.2253728,45.5439812],[10.2251405,45.5440138]]},"properties":{"site":"brescia","name":"","highway":"footway"}},{"type":"Feature","geometry":{"type":"LineString","coordinates":[[10.2246593,45.5439974],[10.2246846,45.5440145],[10.2247069,45.5440296],[10.2247593,45.5440585],[10.2247872,45.5440629],[10.2248291,45.5440696],[10.2249036,45.5440608],[10.2249972,45.5440407],[10.2250628,45.5440244]]},"properties":{"site":"brescia","name":"","highway":"footway"}},{"type":"Feature","geometry":{"type":"LineString","coordinates":[[10.2255597,45.5445864],[10.225661,45.5446267]]},"properties":{"site":"brescia","name":"","highway":"footway"}},{"type":"Feature","geometry":{"type":"LineString","coordinates":[[10.2312749,45.542888],[10.2311826,45.5428921]]},"properties":{"site":"brescia","name":"","highway":"service"}},{"type":"Feature","geometry":{"type":"LineString","coordinates":[[10.2255597,45.5445864],[10.2254307,45.5443441],[10.2250927,45.5444213]]},"properties":{"site":"brescia","name":"","highway":"footway"}},{"type":"Feature","geometry":{"type":"LineString","coordinates":[[10.226375,45.5437831],[10.2260826,45.5438479],[10.2257614,45.5439055],[10.2255516,45.5439539]]},"properties":{"site":"brescia","name":"","highway":"footway"}},{"type":"Feature","geometry":{"type":"LineString","coordinates":[[10.2257545,45.5441023],[10.2257451,45.5441223],[10.2257092,45.5441474],[10.2256598,45.5441678],[10.2256374,45.5441883],[10.2256576,45.5442527],[10.2257518,45.5444601],[10.2257855,45.5445183],[10.225772,45.5445623]]},"properties":{"site":"brescia","name":"","highway":"footway"}},{"type":"Feature","geometry":{"type":"LineString","coordinates":[[10.2242016,45.5441685],[10.2238663,45.5442154],[10.2238456,45.5441749]]},"properties":{"site":"brescia","name":"Fossa Bagni","highway":"pedestrian"}},{"type":"Feature","geometry":{"type":"LineString","coordinates":[[10.2250628,45.5440244],[10.2251405,45.5440138]]},"properties":{"site":"brescia","name":"","highway":"footway"}},{"type":"Feature","geometry":{"type":"LineString","coordinates":[[10.2246014,45.5439332],[10.2246289,45.5439777]]},"properties":{"site":"brescia","name":"","highway":"steps"}},{"type":"Feature","geometry":{"type":"LineString","coordinates":[[10.2245078,45.5437672],[10.2245241,45.5437955]]},"properties":{"site":"brescia","name":"","highway":"steps"}},{"type":"Feature","geometry":{"type":"LineString","coordinates":[[10.2246289,45.5439777],[10.2246593,45.5439974]]},"properties":{"site":"brescia","name":"","highway":"steps"}},{"type":"Feature","geometry":{"type":"LineString","coordinates":[[10.2245241,45.5437955],[10.2246014,45.5439332]]},"properties":{"site":"brescia","name":"","highway":"steps"}},{"type":"Feature","geometry":{"type":"LineString","coordinates":[[10.224642,45.5415265],[10.2246171,45.5414842],[10.2245894,45.5414476],[10.2244935,45.5414058],[10.2244081,45.541398],[10.2242218,45.5413916],[10.224191,45.5414008],[10.2241198,45.5414046],[10.224041,45.5413996],[10.2239011,45.5413648],[10.223743,45.5412768]]},"properties":{"site":"brescia","name":"","highway":"pedestrian"}},{"type":"Feature","geometry":{"type":"LineString","coordinates":[[10.2149179,45.5332372],[10.2148943,45.5331915],[10.2148559,45.5331475],[10.2147782,45.5331105],[10.2146965,45.5330907],[10.2146031,45.5330977],[10.2145205,45.5331215],[10.2144502,45.5331759],[10.2144155,45.5332285],[10.2144239,45.5333004],[10.2144404,45.5333494]]},"properties":{"site":"brescia","name":"","highway":"footway"}},{"type":"Feature","geometry":{"type":"LineString","coordinates":[[10.2151335,45.5332257],[10.2162975,45.5329764]]},"properties":{"site":"brescia","name":"","highway":"service"}},{"type":"Feature","geometry":{"type":"LineString","coordinates":[[10.2141251,45.5334277],[10.214108,45.5333718],[10.2141015,45.5333516],[10.2140483,45.5333625],[10.2140003,45.5333721]]},"properties":{"site":"brescia","name":"","highway":"footway"}},{"type":"Feature","geometry":{"type":"LineString","coordinates":[[10.2171426,45.5315984],[10.2169739,45.5316307],[10.2169621,45.5316536],[10.2169944,45.5316671],[10.2171042,45.5316471],[10.2171166,45.5316906]]},"properties":{"site":"brescia","name":"","highway":"steps"}},{"type":"Feature","geometry":{"type":"LineString","coordinates":[[10.2152272,45.5331815],[10.2151205,45.5332014],[10.215075,45.5332071]]},"properties":{"site":"brescia","name":"","highway":"footway"}},{"type":"Feature","geometry":{"type":"LineString","coordinates":[[10.214324,45.5333796],[10.2142594,45.5333963],[10.2141251,45.5334277]]},"properties":{"site":"brescia","name":"","highway":"footway"}},{"type":"Feature","geometry":{"type":"LineString","coordinates":[[10.2173953,45.532678],[10.2174517,45.5326644],[10.2174954,45.5326544],[10.2175167,45.5326495],[10.2175843,45.5326323],[10.2176807,45.532612],[10.2177506,45.532596],[10.2177964,45.5325856],[10.2178129,45.5325818],[10.2178477,45.5325738],[10.2179115,45.5325589]]},"properties":{"site":"brescia","name":"","highway":"footway"}},{"type":"Feature","geometry":{"type":"LineString","coordinates":[[10.2197905,45.5394494],[10.2197796,45.5394086]]},"properties":{"site":"brescia","name":"","highway":"footway"}},{"type":"Feature","geometry":{"type":"LineString","coordinates":[[10.2204526,45.5373636],[10.2201352,45.5373701]]},"properties":{"site":"brescia","name":"Via Paganora","highway":"pedestrian"}},{"type":"Feature","geometry":{"type":"LineString","coordinates":[[10.2223173,45.5377616],[10.222132,45.5378055]]},"properties":{"site":"brescia","name":"Via Trieste","highway":"pedestrian"}},{"type":"Feature","geometry":{"type":"LineString","coordinates":[[10.222132,45.5378055],[10.2218664,45.5378522]]},"properties":{"site":"brescia","name":"Via Trieste","highway":"pedestrian"}},{"type":"Feature","geometry":{"type":"LineString","coordinates":[[10.2247872,45.5440629],[10.2247754,45.5440914],[10.2246933,45.5441155],[10.2246449,45.5441272]]},"properties":{"site":"brescia","name":"","highway":"steps"}},{"type":"Feature","geometry":{"type":"LineString","coordinates":[[10.2245824,45.5440223],[10.2246168,45.5440821],[10.2246449,45.5441272],[10.2246556,45.5441442],[10.2247011,45.5441839],[10.2247665,45.5441815],[10.2247987,45.5441373]]},"properties":{"site":"brescia","name":"","highway":"footway"}},{"type":"Feature","geometry":{"type":"LineString","coordinates":[[10.2260062,45.5440637],[10.22612,45.5441101],[10.2262065,45.5441497],[10.2262687,45.5441855],[10.2263108,45.5442243],[10.2263008,45.5442539],[10.2262509,45.5442927],[10.2261511,45.5443347],[10.2260702,45.5443614]]},"properties":{"site":"brescia","name":"","highway":"footway"}},{"type":"Feature","geometry":{"type":"LineString","coordinates":[[10.2328465,45.5426966],[10.2328035,45.542528]]},"properties":{"site":"brescia","name":"","highway":"steps"}},{"type":"Feature","geometry":{"type":"LineString","coordinates":[[10.2316412,45.5422561],[10.2316174,45.5421014],[10.2315734,45.5418038]]},"properties":{"site":"brescia","name":"Via San Gaetanino","highway":"footway"}},{"type":"Feature","geometry":{"type":"LineString","coordinates":[[10.2316543,45.5423244],[10.2316412,45.5422561]]},"properties":{"site":"brescia","name":"Via San Gaetanino","highway":"steps"}},{"type":"Feature","geometry":{"type":"LineString","coordinates":[[10.2315496,45.5416629],[10.2315211,45.5416489],[10.2314507,45.5416145]]},"properties":{"site":"brescia","name":"Via San Gaetanino","highway":"footway"}},{"type":"Feature","geometry":{"type":"LineString","coordinates":[[10.2315734,45.5418038],[10.2315496,45.5416629]]},"properties":{"site":"brescia","name":"Via San Gaetanino","highway":"steps"}},{"type":"Feature","geometry":{"type":"LineString","coordinates":[[10.2321582,45.5394152],[10.2327026,45.5396073],[10.232728,45.5396124],[10.2327535,45.5396111],[10.2327752,45.5396035],[10.232797,45.5395895],[10.2329077,45.5394408],[10.233022,45.5393417],[10.2331308,45.5392718],[10.2337386,45.5389363],[10.2338625,45.5389013]]},"properties":{"site":"brescia","name":"","highway":"footway"}},{"type":"Feature","geometry":{"type":"LineString","coordinates":[[10.2340255,45.5400792],[10.2339634,45.5400777],[10.2339107,45.5400726],[10.2338598,45.5400599],[10.2335782,45.5399619],[10.2334188,45.5399114],[10.2327509,45.5397001],[10.2320109,45.5394582],[10.2319055,45.5394379],[10.2318692,45.5394366],[10.2318217,45.5394506],[10.2318153,45.5394525],[10.2317911,45.5394633],[10.2317784,45.539485],[10.2317711,45.5395231],[10.2316523,45.5404716],[10.2316402,45.5406013],[10.2316346,45.540662],[10.2315555,45.5414123],[10.2315211,45.5416489],[10.2313895,45.5427209],[10.2312313,45.5430947],[10.2311921,45.5431604]]},"properties":{"site":"brescia","name":"","highway":"footway"}},{"type":"Feature","geometry":{"type":"LineString","coordinates":[[10.2319874,45.539325],[10.2320423,45.5392745]]},"properties":{"site":"brescia","name":"","highway":"service"}},{"type":"Feature","geometry":{"type":"LineString","coordinates":[[10.2319874,45.539325],[10.2319592,45.5392705]]},"properties":{"site":"brescia","name":"","highway":"service"}},{"type":"Feature","geometry":{"type":"LineString","coordinates":[[10.2319592,45.5392705],[10.2319641,45.5391961]]},"properties":{"site":"brescia","name":"","highway":"service"}},{"type":"Feature","geometry":{"type":"LineString","coordinates":[[10.2320423,45.5392745],[10.2320473,45.5392001]]},"properties":{"site":"brescia","name":"","highway":"service"}},{"type":"Feature","geometry":{"type":"LineString","coordinates":[[10.2320705,45.5394327],[10.2320825,45.5393674],[10.2319874,45.539325]]},"properties":{"site":"brescia","name":"","highway":"service"}},{"type":"Feature","geometry":{"type":"LineString","coordinates":[[10.2319641,45.5391961],[10.231955,45.5391427]]},"properties":{"site":"brescia","name":"","highway":"service"}},{"type":"Feature","geometry":{"type":"LineString","coordinates":[[10.2320473,45.5392001],[10.231955,45.5391427],[10.2318875,45.5391207],[10.231854,45.5391098]]},"properties":{"site":"brescia","name":"","highway":"service"}},{"type":"Feature","geometry":{"type":"LineString","coordinates":[[10.2178455,45.5373088],[10.2178689,45.5373697]]},"properties":{"site":"brescia","name":"","highway":"service"}},{"type":"Feature","geometry":{"type":"LineString","coordinates":[[10.2202741,45.5450282],[10.2201232,45.5450631]]},"properties":{"site":"brescia","name":"","highway":"footway"}},{"type":"Feature","geometry":{"type":"LineString","coordinates":[[10.2201368,45.5449267],[10.2201491,45.5449685]]},"properties":{"site":"brescia","name":"","highway":"pedestrian"}},{"type":"Feature","geometry":{"type":"LineString","coordinates":[[10.2201491,45.5449685],[10.2201741,45.5450237]]},"properties":{"site":"brescia","name":"","highway":"steps"}},{"type":"Feature","geometry":{"type":"LineString","coordinates":[[10.2201368,45.5449267],[10.2201352,45.5449719]]},"properties":{"site":"brescia","name":"","highway":"pedestrian"}},{"type":"Feature","geometry":{"type":"LineString","coordinates":[[10.2200384,45.5443285],[10.220055,45.5443227]]},"properties":{"site":"brescia","name":"","highway":"footway"}},{"type":"Feature","geometry":{"type":"LineString","coordinates":[[10.2202743,45.5451792],[10.220293,45.5452445]]},"properties":{"site":"brescia","name":"","highway":"pedestrian"}},{"type":"Feature","geometry":{"type":"LineString","coordinates":[[10.2202135,45.5451168],[10.2201732,45.5451029]]},"properties":{"site":"brescia","name":"","highway":"footway"}},{"type":"Feature","geometry":{"type":"LineString","coordinates":[[10.2200927,45.5449331],[10.2201368,45.5449267],[10.220163,45.544965]]},"properties":{"site":"brescia","name":"","highway":"pedestrian"}},{"type":"Feature","geometry":{"type":"LineString","coordinates":[[10.2202207,45.54551],[10.2202751,45.5455007],[10.2203179,45.5454973]]},"properties":{"site":"brescia","name":"","highway":"footway"}},{"type":"Feature","geometry":{"type":"LineString","coordinates":[[10.2202785,45.5451401],[10.2202798,45.5451431],[10.2202778,45.545161],[10.2202761,45.5451709],[10.2202743,45.5451792]]},"properties":{"site":"brescia","name":"","highway":"footway"}},{"type":"Feature","geometry":{"type":"LineString","coordinates":[[10.2201352,45.5449719],[10.2201558,45.5450183],[10.2201741,45.5450237]]},"properties":{"site":"brescia","name":"","highway":"steps"}},{"type":"Feature","geometry":{"type":"LineString","coordinates":[[10.220163,45.544965],[10.2201878,45.5450106],[10.2201741,45.5450237]]},"properties":{"site":"brescia","name":"","highway":"steps"}},{"type":"Feature","geometry":{"type":"LineString","coordinates":[[10.2207467,45.5449026],[10.2204825,45.5449686],[10.220414,45.5450302],[10.220143,45.5450943]]},"properties":{"site":"brescia","name":"","highway":"footway"}},{"type":"Feature","geometry":{"type":"LineString","coordinates":[[10.2203876,45.5451445],[10.2204102,45.5451197],[10.2204552,45.5450794],[10.2205144,45.545041],[10.2206401,45.5450125],[10.2207152,45.545016]]},"properties":{"site":"brescia","name":"","highway":"service"}},{"type":"Feature","geometry":{"type":"LineString","coordinates":[[10.2201061,45.5448748],[10.2200927,45.5449331],[10.2200873,45.5449765],[10.2201232,45.5450631],[10.220143,45.5450943]]},"properties":{"site":"brescia","name":"","highway":"footway"}},{"type":"Feature","geometry":{"type":"LineString","coordinates":[[10.2345037,45.5441138],[10.2344908,45.5441725],[10.2344299,45.544533],[10.2345373,45.5447194],[10.234591,45.5447456],[10.2346611,45.5447358],[10.2347101,45.5446998],[10.2347732,45.5446295],[10.2348059,45.544618],[10.2348526,45.5446344],[10.2349086,45.5446655],[10.2352448,45.5451152]]},"properties":{"site":"brescia","name":"","highway":"service"}},{"type":"Feature","geometry":{"type":"LineString","coordinates":[[10.2247472,45.5433194],[10.2247555,45.543348]]},"properties":{"site":"brescia","name":"","highway":"steps"}},{"type":"Feature","geometry":{"type":"LineString","coordinates":[[10.2247555,45.543348],[10.2247608,45.5433663],[10.2247371,45.5433707],[10.2247319,45.5433374]]},"properties":{"site":"brescia","name":"","highway":"steps"}},{"type":"Feature","geometry":{"type":"LineString","coordinates":[[10.2210896,45.5390759],[10.2211452,45.5390708]]},"properties":{"site":"brescia","name":"Galleria Duomo","highway":"pedestrian"}},{"type":"Feature","geometry":{"type":"LineString","coordinates":[[10.2204907,45.5391352],[10.2210896,45.5390759]]},"properties":{"site":"brescia","name":"Galleria Duomo","highway":"pedestrian"}},{"type":"Feature","geometry":{"type":"LineString","coordinates":[[10.2203661,45.5386291],[10.2203846,45.5386273],[10.2204565,45.5386202]]},"properties":{"site":"brescia","name":"Via Padre Giulio Bevilacqua","highway":"pedestrian"}},{"type":"Feature","geometry":{"type":"LineString","coordinates":[[10.2204565,45.5386202],[10.220997,45.5385717],[10.2210558,45.538567]]},"properties":{"site":"brescia","name":"Via Padre Giulio Bevilacqua","highway":"pedestrian"}},{"type":"Feature","geometry":{"type":"LineString","coordinates":[[10.2205926,45.5397218],[10.220548,45.5397267]]},"properties":{"site":"brescia","name":"Piazza della Loggia","highway":"pedestrian"}},{"type":"Feature","geometry":{"type":"LineString","coordinates":[[10.2206842,45.5397115],[10.2206296,45.5397176],[10.2206051,45.5397203],[10.2205926,45.5397218]]},"properties":{"site":"brescia","name":"Via Cesare Beccaria","highway":"pedestrian"}},{"type":"Feature","geometry":{"type":"LineString","coordinates":[[10.2207159,45.5400963],[10.2207121,45.5400757]]},"properties":{"site":"brescia","name":"Portici di Via Dieci Giornate","highway":"steps"}},{"type":"Feature","geometry":{"type":"LineString","coordinates":[[10.2221058,45.5365824],[10.2220476,45.536589],[10.2220214,45.5365919]]},"properties":{"site":"brescia","name":"","highway":"footway"}},{"type":"Feature","geometry":{"type":"LineString","coordinates":[[10.2201405,45.5370051],[10.2206098,45.5367822],[10.2208661,45.5367224],[10.2210084,45.5367063],[10.2212969,45.5366749],[10.2214478,45.5366563],[10.2220102,45.5365932]]},"properties":{"site":"brescia","name":"Portici di Corso Giuseppe Zanardelli","highway":"footway"}},{"type":"Feature","geometry":{"type":"LineString","coordinates":[[10.2207121,45.5400757],[10.2206346,45.5397391],[10.2206296,45.5397176],[10.2206239,45.5396938],[10.2205311,45.5392993],[10.2204907,45.5391352],[10.2203897,45.5386504],[10.2203846,45.5386273],[10.2203781,45.5385982],[10.2203496,45.5384506],[10.2203106,45.538248],[10.2202795,45.5380828],[10.2202744,45.5380566]]},"properties":{"site":"brescia","name":"Portici di Via Dieci Giornate","highway":"footway"}},{"type":"Feature","geometry":{"type":"LineString","coordinates":[[10.2319655,45.5426769],[10.2320432,45.5426847]]},"properties":{"site":"brescia","name":"Via San Gaetanino","highway":"steps"}},{"type":"Feature","geometry":{"type":"LineString","coordinates":[[10.222952,45.5354053],[10.2232422,45.5353724],[10.2231847,45.5351668],[10.2228831,45.5352023],[10.2229011,45.5352553],[10.222952,45.5354053]]},"properties":{"site":"brescia","name":"Piazzetta Sant'Alessandro","highway":"pedestrian"}},{"type":"Feature","geometry":{"type":"LineString","coordinates":[[10.2199224,45.5439068],[10.2198875,45.5439118],[10.219841,45.5439184],[10.2198095,45.5437992],[10.2198052,45.5437824],[10.2197914,45.5436899],[10.2197891,45.5436579],[10.2198451,45.5436494],[10.2199,45.5438404],[10.2199224,45.5439068]]},"properties":{"site":"brescia","name":"","highway":"pedestrian"}},{"type":"Feature","geometry":{"type":"LineString","coordinates":[[10.2220851,45.5441811],[10.2220653,45.54412]]},"properties":{"site":"brescia","name":"","highway":"footway"}},{"type":"Feature","geometry":{"type":"LineString","coordinates":[[10.2221057,45.5444754],[10.2221005,45.5444074],[10.2220973,45.5443605]]},"properties":{"site":"brescia","name":"","highway":"footway"}},{"type":"Feature","geometry":{"type":"LineString","coordinates":[[10.2200581,45.5370544],[10.2199826,45.5370625],[10.2199118,45.5370706]]},"properties":{"site":"brescia","name":"","highway":"footway"}},{"type":"Feature","geometry":{"type":"LineString","coordinates":[[10.2201405,45.5370051],[10.2201231,45.5369857]]},"properties":{"site":"brescia","name":"","highway":"footway"}},{"type":"Feature","geometry":{"type":"LineString","coordinates":[[10.2333751,45.5476115],[10.2332399,45.5474454],[10.2330153,45.547357],[10.2326311,45.547049],[10.2325634,45.5470411]]},"properties":{"site":"brescia","name":"Via del Goletto","highway":"steps"}},{"type":"Feature","geometry":{"type":"LineString","coordinates":[[10.2330093,45.5480173],[10.2330115,45.5479615],[10.2330375,45.5479237],[10.2330979,45.547888],[10.2333768,45.5478239],[10.2334261,45.547792],[10.2334365,45.5477371],[10.2334173,45.5476683],[10.2333751,45.5476115]]},"properties":{"site":"brescia","name":"Via del Goletto","highway":"footway"}},{"type":"Feature","geometry":{"type":"LineString","coordinates":[[10.2197997,45.5452429],[10.2192066,45.5453885],[10.2185646,45.5455098],[10.217376,45.5457345],[10.2163101,45.5459342],[10.2162361,45.5459481],[10.2161703,45.5459604],[10.216112,45.5459707],[10.2157126,45.5460411],[10.2152059,45.5461291],[10.2151103,45.5461475],[10.2150725,45.5461543],[10.2148367,45.5461986],[10.2141578,45.546331],[10.2141155,45.5463232]]},"properties":{"site":"brescia","name":"","highway":"footway"}},{"type":"Feature","geometry":{"type":"LineString","coordinates":[[10.2322232,45.5327987],[10.2322239,45.5328394],[10.2322118,45.532881],[10.2321781,45.5329112],[10.2321324,45.5329334],[10.2320812,45.5329495],[10.2320211,45.5329547],[10.2319503,45.5329481],[10.2318943,45.5329274],[10.2318571,45.5328825],[10.2318492,45.5328822]]},"properties":{"site":"brescia","name":"","highway":"footway"}},{"type":"Feature","geometry":{"type":"LineString","coordinates":[[10.2166211,45.5469621],[10.2182744,45.5466096],[10.2191636,45.5464324],[10.2197838,45.5463178],[10.2202574,45.546234],[10.2202935,45.5462293],[10.2203005,45.5462208],[10.2202946,45.5462008],[10.2202452,45.5460596],[10.220218,45.5459714],[10.2201705,45.5459541],[10.22002,45.5454671]]},"properties":{"site":"brescia","name":"","highway":"footway"}},{"type":"Feature","geometry":{"type":"LineString","coordinates":[[10.2216738,45.5479285],[10.2216672,45.5479295],[10.2216118,45.5479437],[10.2215047,45.5479699]]},"properties":{"site":"brescia","name":"","highway":"footway"}},{"type":"Feature","geometry":{"type":"LineString","coordinates":[[10.2198237,45.5464133],[10.219803,45.5463627],[10.2197838,45.5463178]]},"properties":{"site":"brescia","name":"","highway":"footway"}},{"type":"Feature","geometry":{"type":"LineString","coordinates":[[10.2202746,45.5462963],[10.2202688,45.5462823],[10.2202652,45.5462672]]},"properties":{"site":"brescia","name":"","highway":"footway"}},{"type":"Feature","geometry":{"type":"LineString","coordinates":[[10.2208415,45.5470845],[10.2211091,45.5472501],[10.2212057,45.5474258],[10.2212871,45.5475741],[10.2214388,45.5478499],[10.2215047,45.5479699]]},"properties":{"site":"brescia","name":"","highway":"footway"}},{"type":"Feature","geometry":{"type":"LineString","coordinates":[[10.2292263,45.5470841],[10.2292974,45.5470542],[10.2293607,45.5470656],[10.2293883,45.5471161],[10.2294077,45.5472852],[10.2294019,45.5473133],[10.2293507,45.547394],[10.2293445,45.547425],[10.2293535,45.5474568],[10.2293736,45.5474825],[10.2294099,45.5474994],[10.2294562,45.5475065],[10.2294986,45.5475037],[10.2295368,45.5474894],[10.2295727,45.5474572],[10.2297411,45.5471819],[10.2297695,45.5471576],[10.2298166,45.5471377],[10.2300941,45.5471774],[10.2301495,45.5470217]]},"properties":{"site":"brescia","name":"","highway":"service"}},{"type":"Feature","geometry":{"type":"LineString","coordinates":[[10.2259643,45.5465977],[10.2260223,45.5465842]]},"properties":{"site":"brescia","name":"","highway":"service"}},{"type":"Feature","geometry":{"type":"LineString","coordinates":[[10.2262226,45.5461585],[10.2262714,45.546276]]},"properties":{"site":"brescia","name":"","highway":"service"}},{"type":"Feature","geometry":{"type":"LineString","coordinates":[[10.2264173,45.5461054],[10.2265007,45.5460933]]},"properties":{"site":"brescia","name":"","highway":"service"}},{"type":"Feature","geometry":{"type":"LineString","coordinates":[[10.2262714,45.546276],[10.2263194,45.5463888]]},"properties":{"site":"brescia","name":"","highway":"service"}},{"type":"Feature","geometry":{"type":"LineString","coordinates":[[10.2262159,45.5461377],[10.2262226,45.5461585]]},"properties":{"site":"brescia","name":"","highway":"service"}},{"type":"Feature","geometry":{"type":"LineString","coordinates":[[10.2260939,45.5470066],[10.2260756,45.5469655]]},"properties":{"site":"brescia","name":"","highway":"service"}},{"type":"Feature","geometry":{"type":"LineString","coordinates":[[10.2263729,45.5465233],[10.2264392,45.5466995],[10.2264513,45.54673]]},"properties":{"site":"brescia","name":"","highway":"service"}},{"type":"Feature","geometry":{"type":"LineString","coordinates":[[10.2258554,45.5463589],[10.2256925,45.5463959]]},"properties":{"site":"brescia","name":"","highway":"service"}},{"type":"Feature","geometry":{"type":"LineString","coordinates":[[10.2262159,45.5461377],[10.2264173,45.5461054]]},"properties":{"site":"brescia","name":"","highway":"service"}},{"type":"Feature","geometry":{"type":"LineString","coordinates":[[10.2263194,45.5463888],[10.2263729,45.5465233]]},"properties":{"site":"brescia","name":"","highway":"service"}},{"type":"Feature","geometry":{"type":"LineString","coordinates":[[10.225408,45.5462433],[10.2255805,45.5462053]]},"properties":{"site":"brescia","name":"","highway":"service"}},{"type":"Feature","geometry":{"type":"LineString","coordinates":[[10.2255805,45.5462053],[10.2258162,45.5461573]]},"properties":{"site":"brescia","name":"","highway":"service"}},{"type":"Feature","geometry":{"type":"LineString","coordinates":[[10.2258942,45.5464438],[10.2257317,45.5464803]]},"properties":{"site":"brescia","name":"","highway":"service"}},{"type":"Feature","geometry":{"type":"LineString","coordinates":[[10.2260756,45.5469655],[10.2260551,45.5469195],[10.226022,45.5468428]]},"properties":{"site":"brescia","name":"","highway":"service"}},{"type":"Feature","geometry":{"type":"LineString","coordinates":[[10.2256502,45.5459539],[10.2257313,45.546128],[10.2259859,45.5460969]]},"properties":{"site":"brescia","name":"","highway":"service"}},{"type":"Feature","geometry":{"type":"LineString","coordinates":[[10.2256242,45.5458992],[10.2256502,45.5459539]]},"properties":{"site":"brescia","name":"","highway":"service"}},{"type":"Feature","geometry":{"type":"LineString","coordinates":[[10.226482,45.5460438],[10.2263977,45.5460558]]},"properties":{"site":"brescia","name":"","highway":"service"}},{"type":"Feature","geometry":{"type":"LineString","coordinates":[[10.2252132,45.5462829],[10.2253442,45.5462558],[10.2253893,45.5462464],[10.225408,45.5462433]]},"properties":{"site":"brescia","name":"","highway":"service"}},{"type":"Feature","geometry":{"type":"LineString","coordinates":[[10.2256058,45.5459636],[10.2256776,45.546128],[10.2255727,45.5461407]]},"properties":{"site":"brescia","name":"","highway":"service"}},{"type":"Feature","geometry":{"type":"LineString","coordinates":[[10.2255846,45.5459084],[10.2256058,45.5459636]]},"properties":{"site":"brescia","name":"","highway":"service"}},{"type":"Feature","geometry":{"type":"LineString","coordinates":[[10.2258162,45.5461573],[10.2258757,45.5462631],[10.2258695,45.5463073],[10.2258414,45.546328]]},"properties":{"site":"brescia","name":"","highway":"service"}},{"type":"Feature","geometry":{"type":"LineString","coordinates":[[10.226022,45.5468428],[10.225995,45.5467793],[10.2259057,45.5467996]]},"properties":{"site":"brescia","name":"","highway":"service"}},{"type":"Feature","geometry":{"type":"LineString","coordinates":[[10.2258162,45.5461573],[10.2258517,45.5461529],[10.2259548,45.5461878]]},"properties":{"site":"brescia","name":"","highway":"service"}},{"type":"Feature","geometry":{"type":"LineString","coordinates":[[10.2256152,45.5462398],[10.225784,45.546202],[10.2258414,45.546328],[10.2258554,45.5463589],[10.2258942,45.5464438],[10.2259643,45.5465977],[10.2258041,45.5466335]]},"properties":{"site":"brescia","name":"","highway":"service"}},{"type":"Feature","geometry":{"type":"LineString","coordinates":[[10.2259882,45.5461808],[10.2259967,45.5462043]]},"properties":{"site":"brescia","name":"","highway":"service"}},{"type":"Feature","geometry":{"type":"LineString","coordinates":[[10.2262159,45.5461377],[10.2261102,45.5461279],[10.2260486,45.5461284]]},"properties":{"site":"brescia","name":"","highway":"service"}},{"type":"Feature","geometry":{"type":"LineString","coordinates":[[10.2259548,45.5461878],[10.2259882,45.5461808],[10.2260916,45.5461592],[10.2262159,45.5461377]]},"properties":{"site":"brescia","name":"","highway":"service"}},{"type":"Feature","geometry":{"type":"LineString","coordinates":[[10.2260486,45.5461284],[10.2259657,45.5461367],[10.2259506,45.5461433],[10.2259581,45.5461618],[10.2259752,45.5462089]]},"properties":{"site":"brescia","name":"","highway":"service"}},{"type":"Feature","geometry":{"type":"LineString","coordinates":[[10.2264513,45.54673],[10.2265097,45.5468732]]},"properties":{"site":"brescia","name":"","highway":"service"}},{"type":"Feature","geometry":{"type":"LineString","coordinates":[[10.2265097,45.5468732],[10.2265245,45.5469133]]},"properties":{"site":"brescia","name":"","highway":"service"}},{"type":"Feature","geometry":{"type":"LineString","coordinates":[[10.2263977,45.5460558],[10.2262462,45.546077],[10.226057,45.5460627]]},"properties":{"site":"brescia","name":"","highway":"service"}},{"type":"Feature","geometry":{"type":"LineString","coordinates":[[10.2262001,45.5467382],[10.2262717,45.546725]]},"properties":{"site":"brescia","name":"","highway":"service"}},{"type":"Feature","geometry":{"type":"LineString","coordinates":[[10.225995,45.5467793],[10.2260597,45.546766]]},"properties":{"site":"brescia","name":"","highway":"service"}},{"type":"Feature","geometry":{"type":"LineString","coordinates":[[10.2260597,45.546766],[10.2262001,45.5467382]]},"properties":{"site":"brescia","name":"","highway":"service"}},{"type":"Feature","geometry":{"type":"LineString","coordinates":[[10.2155406,45.5457879],[10.2150954,45.5459579],[10.2143216,45.5460875],[10.2142156,45.5460856],[10.2141118,45.5460636],[10.2140716,45.5460472],[10.2140139,45.5460049],[10.213967,45.5459242],[10.2133118,45.5445829],[10.2131892,45.5443387],[10.2131801,45.5443154]]},"properties":{"site":"brescia","name":"","highway":"footway"}},{"type":"Feature","geometry":{"type":"LineString","coordinates":[[10.2250649,45.545459],[10.2250184,45.5454694],[10.2249801,45.5454779],[10.2248576,45.5455022]]},"properties":{"site":"brescia","name":"","highway":"service"}},{"type":"Feature","geometry":{"type":"LineString","coordinates":[[10.2254378,45.545225],[10.2253074,45.5451878],[10.225181,45.5451937],[10.2250412,45.5452036],[10.224997,45.545308],[10.2250649,45.545459],[10.2250703,45.5454734],[10.225073,45.5454816]]},"properties":{"site":"brescia","name":"","highway":"service"}},{"type":"Feature","geometry":{"type":"LineString","coordinates":[[10.2239162,45.5469078],[10.2236756,45.5469781],[10.2236451,45.546987],[10.2236033,45.5469953],[10.2235599,45.5469877],[10.2235342,45.5469676],[10.22353,45.5469402],[10.2235423,45.5469167],[10.2235596,45.5469005],[10.2235951,45.5468923],[10.2236367,45.5469],[10.2236584,45.5469113]]},"properties":{"site":"brescia","name":"","highway":"service"}},{"type":"Feature","geometry":{"type":"LineString","coordinates":[[10.2238031,45.5471185],[10.2237507,45.5470011]]},"properties":{"site":"brescia","name":"","highway":"service"}},{"type":"Feature","geometry":{"type":"LineString","coordinates":[[10.2236659,45.5473071],[10.2236014,45.5471617],[10.2235506,45.5470472]]},"properties":{"site":"brescia","name":"","highway":"service"}},{"type":"Feature","geometry":{"type":"LineString","coordinates":[[10.2237573,45.5475365],[10.2236659,45.5473071]]},"properties":{"site":"brescia","name":"","highway":"service"}},{"type":"Feature","geometry":{"type":"LineString","coordinates":[[10.2244732,45.5467886],[10.2243844,45.5468076],[10.224307,45.5468241],[10.2241333,45.5468611],[10.2239162,45.5469078]]},"properties":{"site":"brescia","name":"","highway":"service"}},{"type":"Feature","geometry":{"type":"LineString","coordinates":[[10.2233185,45.5451255],[10.2233155,45.5450962],[10.2232777,45.5447259],[10.2238724,45.5447327],[10.2239423,45.5447296]]},"properties":{"site":"brescia","name":"","highway":"service"}},{"type":"Feature","geometry":{"type":"LineString","coordinates":[[10.2239251,45.5469369],[10.2239872,45.5470791],[10.2238031,45.5471185],[10.2236014,45.5471617]]},"properties":{"site":"brescia","name":"","highway":"service"}},{"type":"Feature","geometry":{"type":"LineString","coordinates":[[10.2250201,45.5476788],[10.2249266,45.5476996]]},"properties":{"site":"brescia","name":"","highway":"service"}},{"type":"Feature","geometry":{"type":"LineString","coordinates":[[10.228222,45.5453247],[10.2280074,45.5448527]]},"properties":{"site":"brescia","name":"","highway":"service"}},{"type":"Feature","geometry":{"type":"LineString","coordinates":[[10.2270871,45.5476165],[10.2272089,45.5475935],[10.2273816,45.5475586],[10.2273905,45.5475583]]},"properties":{"site":"brescia","name":"","highway":"service"}},{"type":"Feature","geometry":{"type":"LineString","coordinates":[[10.2272494,45.547709],[10.227308,45.5477221],[10.2273611,45.5478183]]},"properties":{"site":"brescia","name":"","highway":"service"}},{"type":"Feature","geometry":{"type":"LineString","coordinates":[[10.2273905,45.5475583],[10.2276028,45.5475126],[10.227629,45.5475537],[10.2276512,45.5475835],[10.2278582,45.547735]]},"properties":{"site":"brescia","name":"","highway":"service"}},{"type":"Feature","geometry":{"type":"LineString","coordinates":[[10.2306788,45.5309864],[10.2306735,45.5310098],[10.2306695,45.5310369]]},"properties":{"site":"brescia","name":"","highway":"footway"}},{"type":"Feature","geometry":{"type":"LineString","coordinates":[[10.2225783,45.5413946],[10.2225673,45.541393],[10.2225138,45.5414383],[10.2224888,45.5414511],[10.2224698,45.5414454],[10.2224309,45.5413792],[10.2223459,45.5413071]]},"properties":{"site":"brescia","name":"","highway":"footway"}},{"type":"Feature","geometry":{"type":"LineString","coordinates":[[10.2226211,45.5414373],[10.222664,45.541517],[10.2228135,45.541797],[10.2228482,45.5419027],[10.2228676,45.5419639],[10.2229669,45.5421406],[10.2231592,45.5424847],[10.2232778,45.5426882],[10.2233851,45.5428781],[10.2234745,45.5430588],[10.2235814,45.5433096],[10.2237143,45.5436246],[10.2237911,45.5438334],[10.2238166,45.5439406],[10.2238476,45.5440434]]},"properties":{"site":"brescia","name":"","highway":"pedestrian"}},{"type":"Feature","geometry":{"type":"LineString","coordinates":[[10.2237318,45.5428706],[10.2236452,45.5428125],[10.2234793,45.5427195],[10.2233237,45.5426251],[10.2232947,45.5425777],[10.2232786,45.5425037],[10.223222,45.5423621],[10.2231478,45.5422577]]},"properties":{"site":"brescia","name":"","highway":"footway"}},{"type":"Feature","geometry":{"type":"LineString","coordinates":[[10.2236225,45.5428731],[10.2232778,45.5426882]]},"properties":{"site":"brescia","name":"","highway":"footway"}},{"type":"Feature","geometry":{"type":"LineString","coordinates":[[10.222853,45.5414535],[10.2227973,45.541363]]},"properties":{"site":"brescia","name":"","highway":"steps"}},{"type":"Feature","geometry":{"type":"LineString","coordinates":[[10.2227405,45.5411843],[10.2227312,45.5411681]]},"properties":{"site":"brescia","name":"","highway":"footway"}},{"type":"Feature","geometry":{"type":"LineString","coordinates":[[10.2241722,45.5434774],[10.2241418,45.5434807],[10.2241161,45.5434835],[10.2241402,45.543641],[10.224154,45.5436756],[10.2241803,45.5436945],[10.2242147,45.5437052],[10.2242707,45.543699],[10.2242064,45.5435961],[10.2241722,45.5434774]]},"properties":{"site":"brescia","name":"","highway":"footway"}},{"type":"Feature","geometry":{"type":"LineString","coordinates":[[10.2228135,45.541797],[10.2228414,45.5417867],[10.2228725,45.5417889],[10.222915,45.5418274]]},"properties":{"site":"brescia","name":"","highway":"footway"}},{"type":"Feature","geometry":{"type":"LineString","coordinates":[[10.2227086,45.5413819],[10.2226678,45.5413808],[10.2226245,45.5413782],[10.2225783,45.5413946]]},"properties":{"site":"brescia","name":"","highway":"footway"}},{"type":"Feature","geometry":{"type":"LineString","coordinates":[[10.2226245,45.5413782],[10.2226003,45.5413571],[10.2226069,45.5413386],[10.2226443,45.5413129]]},"properties":{"site":"brescia","name":"","highway":"footway"}},{"type":"Feature","geometry":{"type":"LineString","coordinates":[[10.2227086,45.5413819],[10.2226843,45.5413361],[10.2226443,45.5413129],[10.2227405,45.5411843],[10.2227599,45.54117]]},"properties":{"site":"brescia","name":"","highway":"footway"}},{"type":"Feature","geometry":{"type":"LineString","coordinates":[[10.2228482,45.5419027],[10.2226857,45.5417342],[10.2224972,45.541557],[10.2223842,45.5413675],[10.2223459,45.5413071]]},"properties":{"site":"brescia","name":"","highway":"footway"}},{"type":"Feature","geometry":{"type":"LineString","coordinates":[[10.2234745,45.5430588],[10.2237682,45.5432874],[10.2238318,45.5433944],[10.2240357,45.5436041],[10.2240929,45.5436469]]},"properties":{"site":"brescia","name":"","highway":"footway"}},{"type":"Feature","geometry":{"type":"LineString","coordinates":[[10.2240498,45.5411176],[10.2245955,45.5411999]]},"properties":{"site":"brescia","name":"","highway":"footway"}},{"type":"Feature","geometry":{"type":"LineString","coordinates":[[10.22404,45.5409819],[10.2240835,45.540943],[10.2242204,45.5408527],[10.2242909,45.5408007]]},"properties":{"site":"brescia","name":"","highway":"steps"}},{"type":"Feature","geometry":{"type":"LineString","coordinates":[[10.2246171,45.5414842],[10.2251366,45.5411509],[10.2252348,45.5410891],[10.2252683,45.5410409]]},"properties":{"site":"brescia","name":"","highway":"footway"}},{"type":"Feature","geometry":{"type":"LineString","coordinates":[[10.2242218,45.5413916],[10.2245955,45.5411999],[10.2248971,45.5410903],[10.2249288,45.5410373],[10.224959,45.5410895],[10.2251366,45.5411509]]},"properties":{"site":"brescia","name":"","highway":"footway"}},{"type":"Feature","geometry":{"type":"LineString","coordinates":[[10.223743,45.5412768],[10.2240498,45.5411176]]},"properties":{"site":"brescia","name":"","highway":"footway"}},{"type":"Feature","geometry":{"type":"LineString","coordinates":[[10.2223147,45.5377149],[10.2223416,45.5377087],[10.2223875,45.5377017],[10.2223971,45.5377009]]},"properties":{"site":"brescia","name":"","highway":"footway"}},{"type":"Feature","geometry":{"type":"LineString","coordinates":[[10.2244982,45.5416996],[10.2245516,45.5419728]]},"properties":{"site":"brescia","name":"","highway":"service"}},{"type":"Feature","geometry":{"type":"LineString","coordinates":[[10.2245516,45.5419728],[10.2245709,45.5420626]]},"properties":{"site":"brescia","name":"","highway":"service"}},{"type":"Feature","geometry":{"type":"LineString","coordinates":[[10.2240498,45.5411176],[10.2240482,45.5410838],[10.2240463,45.5410436]]},"properties":{"site":"brescia","name":"","highway":"steps"}},{"type":"Feature","geometry":{"type":"LineString","coordinates":[[10.2291681,45.5347247],[10.2298209,45.5346765]]},"properties":{"site":"brescia","name":"","highway":"service"}},{"type":"Feature","geometry":{"type":"LineString","coordinates":[[10.2317195,45.5356549],[10.2316834,45.535643],[10.2315586,45.5356456]]},"properties":{"site":"brescia","name":"","highway":"service"}},{"type":"Feature","geometry":{"type":"LineString","coordinates":[[10.2255516,45.5439539],[10.2255289,45.5439591]]},"properties":{"site":"brescia","name":"","highway":"footway"}},{"type":"Feature","geometry":{"type":"LineString","coordinates":[[10.2258521,45.5414148],[10.2260654,45.5413743]]},"properties":{"site":"brescia","name":"","highway":"service"}},{"type":"Feature","geometry":{"type":"LineString","coordinates":[[10.2310479,45.5393295],[10.2309674,45.5393547],[10.2308814,45.5397922],[10.2307647,45.5404462],[10.2306668,45.54045]]},"properties":{"site":"brescia","name":"Via Brigida Avogadro","highway":"service"}},{"type":"Feature","geometry":{"type":"LineString","coordinates":[[10.2306668,45.54045],[10.229915,45.540483],[10.2289521,45.5405648]]},"properties":{"site":"brescia","name":"","highway":"service"}},{"type":"Feature","geometry":{"type":"LineString","coordinates":[[10.23059,45.5417597],[10.2306756,45.5417742],[10.230718,45.5417491],[10.2307441,45.5416801],[10.2307795,45.5414736],[10.2307836,45.5414307],[10.2307878,45.5414101],[10.2307923,45.5413846],[10.2308805,45.5408812],[10.2309346,45.5405722],[10.2309687,45.5404045],[10.2310375,45.5400668],[10.2312152,45.5392225],[10.2312125,45.5391195]]},"properties":{"site":"brescia","name":"","highway":"footway"}},{"type":"Feature","geometry":{"type":"LineString","coordinates":[[10.2310288,45.5389801],[10.2310581,45.5388061]]},"properties":{"site":"brescia","name":"Via dei Musei","highway":"steps"}},{"type":"Feature","geometry":{"type":"LineString","coordinates":[[10.231079,45.5386738],[10.2310581,45.5388061]]},"properties":{"site":"brescia","name":"Via dei Musei","highway":"steps"}},{"type":"Feature","geometry":{"type":"LineString","coordinates":[[10.2309674,45.5393547],[10.2309693,45.5393431],[10.2310288,45.5389801]]},"properties":{"site":"brescia","name":"","highway":"pedestrian"}},{"type":"Feature","geometry":{"type":"LineString","coordinates":[[10.2312493,45.5375889],[10.2309415,45.5375877]]},"properties":{"site":"brescia","name":"Via Alberto Mario","highway":"steps"}},{"type":"Feature","geometry":{"type":"LineString","coordinates":[[10.2315563,45.5345652],[10.2315411,45.5345541]]},"properties":{"site":"brescia","name":"","highway":"footway"}},{"type":"Feature","geometry":{"type":"LineString","coordinates":[[10.231611,45.5346049],[10.2315563,45.5345652]]},"properties":{"site":"brescia","name":"","highway":"footway"}},{"type":"Feature","geometry":{"type":"LineString","coordinates":[[10.2316256,45.5346155],[10.231611,45.5346049]]},"properties":{"site":"brescia","name":"","highway":"footway"}},{"type":"Feature","geometry":{"type":"LineString","coordinates":[[10.2317191,45.5356041],[10.2317294,45.5351908],[10.2317318,45.5350964],[10.231733,45.534915],[10.2317342,45.5347608],[10.2317677,45.5347097],[10.2318142,45.5346569],[10.2322133,45.5343791],[10.2324863,45.5342092],[10.2325699,45.534196],[10.2326429,45.5341861],[10.232709,45.5341452],[10.2327786,45.5340816],[10.2328827,45.533977],[10.2329572,45.5338959],[10.2329709,45.5338497],[10.2330878,45.533732],[10.2330613,45.533718]]},"properties":{"site":"brescia","name":"","highway":"footway"}},{"type":"Feature","geometry":{"type":"LineString","coordinates":[[10.2335261,45.5327163],[10.2335544,45.5326787],[10.2335816,45.53263],[10.233584,45.5325682],[10.2335846,45.5325293]]},"properties":{"site":"brescia","name":"","highway":"footway"}},{"type":"Feature","geometry":{"type":"LineString","coordinates":[[10.2214314,45.5452565],[10.2214327,45.5452958],[10.2214462,45.5453662],[10.2214813,45.5456207]]},"properties":{"site":"brescia","name":"","highway":"service"}},{"type":"Feature","geometry":{"type":"LineString","coordinates":[[10.2308221,45.5361213],[10.2308073,45.5360724],[10.2308008,45.5359717],[10.2308544,45.5359858],[10.2309161,45.5360102],[10.2309148,45.5360403],[10.2308651,45.5360684],[10.2308073,45.5360724],[10.2307925,45.5360727]]},"properties":{"site":"brescia","name":"","highway":"footway"}},{"type":"Feature","geometry":{"type":"LineString","coordinates":[[10.2293581,45.5467052],[10.2297807,45.5467795]]},"properties":{"site":"brescia","name":"","highway":"service"}},{"type":"Feature","geometry":{"type":"LineString","coordinates":[[10.2296427,45.5469931],[10.2293464,45.5469489]]},"properties":{"site":"brescia","name":"","highway":"service"}},{"type":"Feature","geometry":{"type":"LineString","coordinates":[[10.2298166,45.5471377],[10.2294152,45.5470851],[10.2293607,45.5470656]]},"properties":{"site":"brescia","name":"","highway":"steps"}},{"type":"Feature","geometry":{"type":"LineString","coordinates":[[10.2294057,45.5465666],[10.2298333,45.5466499]]},"properties":{"site":"brescia","name":"","highway":"service"}},{"type":"Feature","geometry":{"type":"LineString","coordinates":[[10.2297226,45.5469136],[10.2293108,45.5468458]]},"properties":{"site":"brescia","name":"","highway":"service"}},{"type":"Feature","geometry":{"type":"LineString","coordinates":[[10.2298333,45.5466499],[10.2297807,45.5467795],[10.2297226,45.5469136],[10.2296427,45.5469931]]},"properties":{"site":"brescia","name":"","highway":"service"}},{"type":"Feature","geometry":{"type":"LineString","coordinates":[[10.2293511,45.5470259],[10.2293464,45.5469489],[10.2293108,45.5468458],[10.2293223,45.5468116],[10.2293581,45.5467052],[10.2294057,45.5465666]]},"properties":{"site":"brescia","name":"","highway":"service"}},{"type":"Feature","geometry":{"type":"LineString","coordinates":[[10.2297807,45.5467795],[10.2301293,45.5468329]]},"properties":{"site":"brescia","name":"","highway":"footway"}},{"type":"Feature","geometry":{"type":"LineString","coordinates":[[10.2241094,45.5440763],[10.2241018,45.5440554]]},"properties":{"site":"brescia","name":"","highway":"steps"}},{"type":"Feature","geometry":{"type":"LineString","coordinates":[[10.2241018,45.5440554],[10.2240962,45.5440411],[10.2239203,45.5440768]]},"properties":{"site":"brescia","name":"","highway":"footway"}},{"type":"Feature","geometry":{"type":"LineString","coordinates":[[10.223878,45.5440998],[10.2238901,45.5441208],[10.2241094,45.5440763]]},"properties":{"site":"brescia","name":"","highway":"footway"}},{"type":"Feature","geometry":{"type":"LineString","coordinates":[[10.2241094,45.5440763],[10.2241258,45.544119],[10.2239119,45.54416],[10.2238746,45.5441684]]},"properties":{"site":"brescia","name":"","highway":"steps"}},{"type":"Feature","geometry":{"type":"LineString","coordinates":[[10.2239162,45.5469078],[10.2239251,45.5469369]]},"properties":{"site":"brescia","name":"","highway":"service"}},{"type":"Feature","geometry":{"type":"LineString","coordinates":[[10.2244453,45.546091],[10.2248068,45.5460101]]},"properties":{"site":"brescia","name":"","highway":"service"}},{"type":"Feature","geometry":{"type":"LineString","coordinates":[[10.2243462,45.5461822],[10.2243283,45.5461349],[10.2243053,45.5460783]]},"properties":{"site":"brescia","name":"","highway":"service"}},{"type":"Feature","geometry":{"type":"LineString","coordinates":[[10.2244719,45.5461535],[10.2244523,45.5461067],[10.2244453,45.546091],[10.2244218,45.5460414],[10.2244099,45.5460113]]},"properties":{"site":"brescia","name":"","highway":"service"}},{"type":"Feature","geometry":{"type":"LineString","coordinates":[[10.2248775,45.5455432],[10.2247671,45.5455585],[10.2247301,45.5455675],[10.2245655,45.5456065],[10.2244671,45.5456448],[10.2244572,45.5456868]]},"properties":{"site":"brescia","name":"","highway":"service"}},{"type":"Feature","geometry":{"type":"LineString","coordinates":[[10.2244218,45.5460414],[10.2243902,45.546043],[10.2243299,45.5460553],[10.2243053,45.5460783]]},"properties":{"site":"brescia","name":"","highway":"service"}},{"type":"Feature","geometry":{"type":"LineString","coordinates":[[10.2295929,45.5418712],[10.2296228,45.541867],[10.2299341,45.5418395],[10.2300132,45.5418462]]},"properties":{"site":"brescia","name":"","highway":"path"}},{"type":"Feature","geometry":{"type":"LineString","coordinates":[[10.2243053,45.5460783],[10.2242754,45.5460721],[10.2240115,45.5461303]]},"properties":{"site":"brescia","name":"","highway":"service"}},{"type":"Feature","geometry":{"type":"LineString","coordinates":[[10.2219048,45.5477836],[10.2218346,45.5476422]]},"properties":{"site":"brescia","name":"","highway":"service"}},{"type":"Feature","geometry":{"type":"LineString","coordinates":[[10.2219584,45.5478855],[10.2219048,45.5477836]]},"properties":{"site":"brescia","name":"","highway":"service"}},{"type":"Feature","geometry":{"type":"LineString","coordinates":[[10.2219882,45.5479402],[10.2219584,45.5478855]]},"properties":{"site":"brescia","name":"","highway":"service"}},{"type":"Feature","geometry":{"type":"LineString","coordinates":[[10.2221915,45.5478942],[10.2221651,45.5478385],[10.2216914,45.5468394]]},"properties":{"site":"brescia","name":"","highway":"service"}},{"type":"Feature","geometry":{"type":"LineString","coordinates":[[10.2334188,45.5399114],[10.2334597,45.5399547],[10.2332177,45.5404173]]},"properties":{"site":"brescia","name":"","highway":"footway"}},{"type":"Feature","geometry":{"type":"LineString","coordinates":[[10.2310892,45.5345489],[10.2310796,45.5345399],[10.2310412,45.5345287],[10.2310028,45.5345399],[10.2309975,45.5345442],[10.230975,45.5345668],[10.2310028,45.5345937],[10.2310399,45.5346048],[10.2310412,45.5346048],[10.2310796,45.5345937],[10.2310955,45.5345668],[10.2310892,45.5345489]]},"properties":{"site":"brescia","name":"","highway":"footway"}},{"type":"Feature","geometry":{"type":"LineString","coordinates":[[10.230975,45.5345668],[10.2308958,45.5345645]]},"properties":{"site":"brescia","name":"","highway":"footway"}},{"type":"Feature","geometry":{"type":"LineString","coordinates":[[10.2311402,45.534665],[10.231081,45.5346729],[10.2310175,45.5346709],[10.230961,45.5346581],[10.2309165,45.5346336]]},"properties":{"site":"brescia","name":"","highway":"footway"}},{"type":"Feature","geometry":{"type":"LineString","coordinates":[[10.2312064,45.5345851],[10.2310955,45.5345668]]},"properties":{"site":"brescia","name":"","highway":"footway"}},{"type":"Feature","geometry":{"type":"LineString","coordinates":[[10.2312382,45.5349349],[10.2309938,45.5349588]]},"properties":{"site":"brescia","name":"","highway":"footway"}},{"type":"Feature","geometry":{"type":"LineString","coordinates":[[10.231281,45.534518],[10.231011,45.5344253]]},"properties":{"site":"brescia","name":"","highway":"footway"}},{"type":"Feature","geometry":{"type":"LineString","coordinates":[[10.231246,45.5358017],[10.2312426,45.53579],[10.2312098,45.5356957],[10.2311929,45.5355981],[10.2312149,45.535493],[10.2312413,45.5354237],[10.2312565,45.5353308],[10.231199,45.5352475],[10.2312508,45.5351253],[10.2312382,45.5349349],[10.2311872,45.5346434],[10.2312064,45.5345851],[10.231281,45.534518],[10.2315483,45.5342761],[10.2316176,45.5342631],[10.23169,45.5342307],[10.2317417,45.534195],[10.2317723,45.5341521],[10.2316963,45.5341595],[10.2316195,45.5341877],[10.2315414,45.5342447],[10.2315483,45.5342761]]},"properties":{"site":"brescia","name":"","highway":"footway"}},{"type":"Feature","geometry":{"type":"LineString","coordinates":[[10.2312149,45.535493],[10.2310909,45.535359],[10.231041,45.5351494]]},"properties":{"site":"brescia","name":"","highway":"footway"}},{"type":"Feature","geometry":{"type":"LineString","coordinates":[[10.2317723,45.5341521],[10.2316859,45.5339628],[10.2316168,45.5337972],[10.2315556,45.5337366]]},"properties":{"site":"brescia","name":"","highway":"footway"}},{"type":"Feature","geometry":{"type":"LineString","coordinates":[[10.2315483,45.5342761],[10.2312951,45.5341704],[10.2314106,45.5340366],[10.2316859,45.5339628]]},"properties":{"site":"brescia","name":"","highway":"footway"}},{"type":"Feature","geometry":{"type":"LineString","coordinates":[[10.231199,45.5352475],[10.231041,45.5351494],[10.2309938,45.5349588],[10.2309165,45.5346336],[10.2309054,45.5346021],[10.2308958,45.5345645],[10.2309136,45.5345207],[10.231011,45.5344253],[10.2312951,45.5341704]]},"properties":{"site":"brescia","name":"","highway":"footway"}},{"type":"Feature","geometry":{"type":"LineString","coordinates":[[10.2229257,45.5397762],[10.223005,45.5397651],[10.2233328,45.539719],[10.2239655,45.5396277]]},"properties":{"site":"brescia","name":"Via dei Musei","highway":"pedestrian"}},{"type":"Feature","geometry":{"type":"LineString","coordinates":[[10.2200912,45.5443141],[10.2202263,45.5442818]]},"properties":{"site":"brescia","name":"","highway":"footway"}},{"type":"Feature","geometry":{"type":"LineString","coordinates":[[10.220055,45.5443227],[10.2200912,45.5443141]]},"properties":{"site":"brescia","name":"","highway":"footway"}},{"type":"Feature","geometry":{"type":"LineString","coordinates":[[10.2207902,45.5441475],[10.2208658,45.5441946],[10.2209469,45.5443445]]},"properties":{"site":"brescia","name":"","highway":"footway"}},{"type":"Feature","geometry":{"type":"LineString","coordinates":[[10.2202263,45.5442818],[10.220305,45.544262]]},"properties":{"site":"brescia","name":"","highway":"footway"}},{"type":"Feature","geometry":{"type":"LineString","coordinates":[[10.2303168,45.5436393],[10.2304338,45.5435942],[10.2305612,45.543535],[10.2307607,45.5434147],[10.2309085,45.5432952],[10.2310279,45.5431637],[10.2311043,45.543051],[10.2311659,45.5429308],[10.2311826,45.5428921],[10.2312115,45.5428247],[10.2312156,45.5422445],[10.2312721,45.5417491]]},"properties":{"site":"brescia","name":"","highway":"footway"}},{"type":"Feature","geometry":{"type":"LineString","coordinates":[[10.2247028,45.5449187],[10.2245096,45.5449652],[10.2244412,45.544978]]},"properties":{"site":"brescia","name":"","highway":"footway"}},{"type":"Feature","geometry":{"type":"LineString","coordinates":[[10.2243588,45.5450021],[10.224374,45.5450703],[10.224381,45.5451382]]},"properties":{"site":"brescia","name":"","highway":"footway"}},{"type":"Feature","geometry":{"type":"LineString","coordinates":[[10.2247887,45.544954],[10.2248228,45.544993],[10.2248423,45.5451034],[10.2248984,45.5451366]]},"properties":{"site":"brescia","name":"","highway":"footway"}},{"type":"Feature","geometry":{"type":"LineString","coordinates":[[10.2246248,45.5453246],[10.2247156,45.5453004],[10.2247877,45.5452812],[10.2248685,45.5452597],[10.2249036,45.5452504]]},"properties":{"site":"brescia","name":"","highway":"footway"}},{"type":"Feature","geometry":{"type":"LineString","coordinates":[[10.224228,45.5442613],[10.2243769,45.5447272],[10.2243877,45.544792],[10.2244445,45.5449604],[10.2244412,45.544978],[10.2243927,45.544999],[10.2243588,45.5450021],[10.2241714,45.5450239],[10.2233155,45.5450962],[10.2222108,45.5451624],[10.2207055,45.5452527],[10.2202959,45.5452824]]},"properties":{"site":"brescia","name":"","highway":"footway"}},{"type":"Feature","geometry":{"type":"LineString","coordinates":[[10.224381,45.5451382],[10.2244478,45.5451475],[10.2244946,45.5451651],[10.2245296,45.5451884],[10.2245664,45.5452259],[10.2246248,45.5453246],[10.2247671,45.5455585]]},"properties":{"site":"brescia","name":"","highway":"footway"}},{"type":"Feature","geometry":{"type":"LineString","coordinates":[[10.2250292,45.5460858],[10.2250039,45.5460323],[10.2249822,45.5459865]]},"properties":{"site":"brescia","name":"","highway":"footway"}},{"type":"Feature","geometry":{"type":"LineString","coordinates":[[10.2258029,45.5471305],[10.2257662,45.5471388],[10.2256341,45.5471687],[10.2255848,45.5471799]]},"properties":{"site":"brescia","name":"","highway":"footway"}},{"type":"Feature","geometry":{"type":"LineString","coordinates":[[10.2228116,45.5464861],[10.222831,45.5465269],[10.222848,45.5465626]]},"properties":{"site":"brescia","name":"","highway":"footway"}},{"type":"Feature","geometry":{"type":"LineString","coordinates":[[10.2216914,45.5468394],[10.2216834,45.5468225],[10.2216654,45.5467845]]},"properties":{"site":"brescia","name":"","highway":"service"}},{"type":"Feature","geometry":{"type":"LineString","coordinates":[[10.2210875,45.5468725],[10.2228116,45.5464861],[10.2228301,45.546482],[10.2228342,45.5464677]]},"properties":{"site":"brescia","name":"","highway":"footway"}},{"type":"Feature","geometry":{"type":"LineString","coordinates":[[10.225521,45.5470799],[10.2255845,45.5470651],[10.2257158,45.5470345],[10.2257518,45.5470262]]},"properties":{"site":"brescia","name":"","highway":"footway"}},{"type":"Feature","geometry":{"type":"LineString","coordinates":[[10.2250586,45.5461059],[10.2251253,45.5460907],[10.2252538,45.5460614],[10.2252985,45.5460512]]},"properties":{"site":"brescia","name":"","highway":"footway"}},{"type":"Feature","geometry":{"type":"LineString","coordinates":[[10.2211384,45.5469556],[10.2216834,45.5468225],[10.222848,45.5465626],[10.2228655,45.5465587],[10.2228784,45.5465607],[10.2229072,45.5466207],[10.2233592,45.5475605]]},"properties":{"site":"brescia","name":"","highway":"footway"}},{"type":"Feature","geometry":{"type":"LineString","coordinates":[[10.2234716,45.5475339],[10.2230098,45.546599],[10.2229836,45.5465459],[10.2229881,45.5465324],[10.2230104,45.5465275],[10.2242442,45.5462566],[10.2250292,45.5460858],[10.2250517,45.5460913],[10.2250586,45.5461059],[10.2253634,45.54676],[10.2253817,45.5467866],[10.225521,45.5470799]]},"properties":{"site":"brescia","name":"","highway":"footway"}},{"type":"Feature","geometry":{"type":"LineString","coordinates":[[10.2311542,45.5428933],[10.2309112,45.5429096],[10.2305517,45.5429239],[10.2303799,45.5429032],[10.2302608,45.5428616],[10.2300333,45.5428263],[10.2297476,45.5428407],[10.2294488,45.5428773],[10.2292359,45.5429009],[10.2289259,45.5429715],[10.2286177,45.5430735],[10.2283432,45.5431756],[10.2281322,45.543241],[10.2278539,45.5433404],[10.2274487,45.5434372],[10.2272656,45.5435117],[10.2269762,45.5436046],[10.2267483,45.5436791],[10.2264981,45.5437471],[10.226375,45.5437831]]},"properties":{"site":"brescia","name":"","highway":"service"}},{"type":"Feature","geometry":{"type":"LineString","coordinates":[[10.2207009,45.5445809],[10.2206816,45.5445364]]},"properties":{"site":"brescia","name":"","highway":"pedestrian"}},{"type":"Feature","geometry":{"type":"LineString","coordinates":[[10.2201061,45.5448748],[10.2202147,45.5448893]]},"properties":{"site":"brescia","name":"","highway":"footway"}},{"type":"Feature","geometry":{"type":"LineString","coordinates":[[10.2206679,45.5447025],[10.22074,45.5446212]]},"properties":{"site":"brescia","name":"","highway":"pedestrian"}},{"type":"Feature","geometry":{"type":"LineString","coordinates":[[10.2205322,45.5448743],[10.2205235,45.5448524],[10.220558,45.5448063],[10.2206207,45.5447349],[10.2206709,45.5446817],[10.2207067,45.5446377],[10.22074,45.5446212],[10.2207748,45.544607],[10.2209045,45.5445677],[10.2210061,45.5445406],[10.2210131,45.5445588],[10.2210204,45.5445774],[10.2209274,45.5446026],[10.2208842,45.5446194],[10.2208495,45.544649],[10.2208167,45.5446863],[10.2208173,45.5447662],[10.2208604,45.5448354],[10.2208177,45.5448441],[10.2206744,45.5448791],[10.2206177,45.5448882],[10.2205424,45.5448886],[10.2205322,45.5448743]]},"properties":{"site":"brescia","name":"","highway":"pedestrian"}},{"type":"Feature","geometry":{"type":"LineString","coordinates":[[10.22074,45.5446212],[10.2207009,45.5445809]]},"properties":{"site":"brescia","name":"","highway":"steps"}},{"type":"Feature","geometry":{"type":"LineString","coordinates":[[10.2205322,45.5448743],[10.2204932,45.5448412],[10.220606,45.5447567],[10.2206679,45.5447025]]},"properties":{"site":"brescia","name":"","highway":"pedestrian"}},{"type":"Feature","geometry":{"type":"LineString","coordinates":[[10.2205322,45.5448743],[10.2203576,45.5449317],[10.2203035,45.5449334],[10.2202753,45.5449251],[10.2202424,45.5449076],[10.2202147,45.5448893]]},"properties":{"site":"brescia","name":"","highway":"steps"}},{"type":"Feature","geometry":{"type":"LineString","coordinates":[[10.2195265,45.5387205],[10.2195864,45.5387145]]},"properties":{"site":"brescia","name":"Piazza della Vittoria","highway":"steps"}},{"type":"Feature","geometry":{"type":"LineString","coordinates":[[10.2195332,45.5387641],[10.2196918,45.5387508]]},"properties":{"site":"brescia","name":"Piazza della Vittoria","highway":"steps"}},{"type":"Feature","geometry":{"type":"LineString","coordinates":[[10.2187644,45.5387627],[10.2188806,45.5387536]]},"properties":{"site":"brescia","name":"","highway":"steps"}},{"type":"Feature","geometry":{"type":"LineString","coordinates":[[10.2193956,45.5387746],[10.2194014,45.5388076]]},"properties":{"site":"brescia","name":"Piazza della Vittoria","highway":"footway"}},{"type":"Feature","geometry":{"type":"LineString","coordinates":[[10.2184973,45.5386846],[10.2187401,45.5386642],[10.2191575,45.53863]]},"properties":{"site":"brescia","name":"Piazza della Vittoria","highway":"pedestrian"}},{"type":"Feature","geometry":{"type":"LineString","coordinates":[[10.21915,45.5389785],[10.2191388,45.5388817],[10.2191335,45.5388445],[10.2191907,45.5387915]]},"properties":{"site":"brescia","name":"Piazza della Vittoria","highway":"pedestrian"}},{"type":"Feature","geometry":{"type":"LineString","coordinates":[[10.2195317,45.5377904],[10.2195404,45.5378376],[10.2195787,45.5378337]]},"properties":{"site":"brescia","name":"Piazza della Vittoria","highway":"pedestrian"}},{"type":"Feature","geometry":{"type":"LineString","coordinates":[[10.2196466,45.5384982],[10.2196821,45.5386964]]},"properties":{"site":"brescia","name":"Piazza della Vittoria","highway":"pedestrian"}},{"type":"Feature","geometry":{"type":"LineString","coordinates":[[10.2195021,45.5376331],[10.2195048,45.5376464]]},"properties":{"site":"brescia","name":"","highway":"footway"}},{"type":"Feature","geometry":{"type":"LineString","coordinates":[[10.2194786,45.537518],[10.2195021,45.5376331]]},"properties":{"site":"brescia","name":"Via Annibale Calini","highway":"pedestrian"}},{"type":"Feature","geometry":{"type":"LineString","coordinates":[[10.2190044,45.5379473],[10.2189884,45.5378651],[10.2189743,45.537792]]},"properties":{"site":"brescia","name":"Via Antonio Gramsci","highway":"service"}},{"type":"Feature","geometry":{"type":"LineString","coordinates":[[10.2201415,45.5375501],[10.2201372,45.5375296]]},"properties":{"site":"brescia","name":"","highway":"steps"}},{"type":"Feature","geometry":{"type":"LineString","coordinates":[[10.2194448,45.5378475],[10.2195404,45.5378376]]},"properties":{"site":"brescia","name":"","highway":"steps"}},{"type":"Feature","geometry":{"type":"LineString","coordinates":[[10.2197163,45.5386928],[10.2197665,45.5386884]]},"properties":{"site":"brescia","name":"","highway":"pedestrian"}},{"type":"Feature","geometry":{"type":"LineString","coordinates":[[10.2196821,45.5386964],[10.2197163,45.5386928]]},"properties":{"site":"brescia","name":"","highway":"pedestrian"}},{"type":"Feature","geometry":{"type":"LineString","coordinates":[[10.2202421,45.5386412],[10.2202806,45.5386375],[10.2203307,45.5386318]]},"properties":{"site":"brescia","name":"","highway":"pedestrian"}},{"type":"Feature","geometry":{"type":"LineString","coordinates":[[10.2201415,45.5375501],[10.2200675,45.5375557]]},"properties":{"site":"brescia","name":"","highway":"footway"}},{"type":"Feature","geometry":{"type":"LineString","coordinates":[[10.2201653,45.5375265],[10.2201461,45.5375286]]},"properties":{"site":"brescia","name":"","highway":"footway"}},{"type":"Feature","geometry":{"type":"LineString","coordinates":[[10.231666,45.5406824],[10.2313714,45.5406799]]},"properties":{"site":"brescia","name":"","highway":"footway"}},{"type":"Feature","geometry":{"type":"LineString","coordinates":[[10.2313714,45.5406799],[10.2313373,45.5406797],[10.2313377,45.5406603],[10.2313962,45.5406608]]},"properties":{"site":"brescia","name":"","highway":"steps"}},{"type":"Feature","geometry":{"type":"LineString","coordinates":[[10.231666,45.5406824],[10.2317047,45.5406827],[10.2317051,45.5406626],[10.2316346,45.540662]]},"properties":{"site":"brescia","name":"","highway":"steps"}},{"type":"Feature","geometry":{"type":"LineString","coordinates":[[10.2317159,45.5423092],[10.2316919,45.5422512],[10.2316888,45.5422062],[10.2317383,45.5421697],[10.2318497,45.5421301],[10.2319934,45.5420986],[10.232141,45.5420763],[10.232344,45.5420482],[10.232411,45.5420281],[10.2324199,45.541966]]},"properties":{"site":"brescia","name":"","highway":"service"}},{"type":"Feature","geometry":{"type":"LineString","coordinates":[[10.2326064,45.5421174],[10.2325529,45.5420729],[10.2325071,45.5420721],[10.2324616,45.5420795]]},"properties":{"site":"brescia","name":"","highway":"steps"}},{"type":"Feature","geometry":{"type":"LineString","coordinates":[[10.2181549,45.5406365],[10.2181468,45.5405674]]},"properties":{"site":"brescia","name":"Corso Goffredo Mameli","highway":"pedestrian"}},{"type":"Feature","geometry":{"type":"LineString","coordinates":[[10.2158289,45.5407417],[10.2158879,45.5407422],[10.2167296,45.5407195],[10.2171176,45.5407168],[10.2173452,45.5406918],[10.2176048,45.5406659],[10.2181549,45.5406365],[10.2182509,45.5406415],[10.2184249,45.540626],[10.2184471,45.5406173],[10.2184779,45.5406052],[10.2188623,45.54054]]},"properties":{"site":"brescia","name":"Corso Goffredo Mameli","highway":"pedestrian"}},{"type":"Feature","geometry":{"type":"LineString","coordinates":[[10.2247873,45.5437221],[10.2249783,45.543352]]},"properties":{"site":"brescia","name":"","highway":"footway"}},{"type":"Feature","geometry":{"type":"LineString","coordinates":[[10.2236584,45.5469113],[10.223669,45.5469392],[10.2236649,45.5469622],[10.223642,45.5469812],[10.2236029,45.5469893],[10.2235612,45.5469823],[10.2235367,45.546964],[10.2235335,45.5469394]]},"properties":{"site":"brescia","name":"","highway":"service"}},{"type":"Feature","geometry":{"type":"LineString","coordinates":[[10.2261814,45.5413547],[10.226193,45.5413737],[10.2263131,45.5415762],[10.2265319,45.5419191],[10.2267895,45.542286],[10.2271033,45.542481],[10.2271774,45.5425158],[10.2276095,45.5426916],[10.2274233,45.5428734],[10.2274467,45.5428878]]},"properties":{"site":"brescia","name":"","highway":"footway"}},{"type":"Feature","geometry":{"type":"LineString","coordinates":[[10.2271868,45.5418044],[10.2272383,45.5418082],[10.2272797,45.5417958],[10.2273026,45.5417496],[10.2272831,45.5417025],[10.2272376,45.5416101],[10.2270917,45.5415049],[10.2270743,45.5414812],[10.2274754,45.5417228],[10.2277811,45.5419097],[10.2280297,45.5420513],[10.2281323,45.5421151],[10.2287464,45.5424967],[10.228973,45.5426171]]},"properties":{"site":"brescia","name":"","highway":"footway"}},{"type":"Feature","geometry":{"type":"LineString","coordinates":[[10.2265035,45.5412687],[10.2266844,45.5414442],[10.2267925,45.5415609],[10.2268935,45.5416757],[10.2269408,45.5417325],[10.2271078,45.541897],[10.2272114,45.5420109],[10.2273119,45.5421301],[10.2274585,45.5422925],[10.2275426,45.5423718],[10.22772,45.5425206],[10.2277753,45.5425704],[10.2278483,45.5426363],[10.2280305,45.5427539]]},"properties":{"site":"brescia","name":"","highway":"footway"}},{"type":"Feature","geometry":{"type":"LineString","coordinates":[[10.2265035,45.5412687],[10.2266448,45.5413248],[10.2267713,45.5414333],[10.2268659,45.5415145],[10.2270684,45.5416711],[10.2271868,45.5418044],[10.22745,45.5420587],[10.227577,45.5421528],[10.2278292,45.5422841],[10.2280179,45.5423848],[10.2282482,45.5425142],[10.2283688,45.542596]]},"properties":{"site":"brescia","name":"","highway":"footway"}},{"type":"Feature","geometry":{"type":"LineString","coordinates":[[10.2279697,45.5419662],[10.2280297,45.5420513]]},"properties":{"site":"brescia","name":"","highway":"footway"}},{"type":"Feature","geometry":{"type":"LineString","coordinates":[[10.2279697,45.5419662],[10.2280063,45.5419361]]},"properties":{"site":"brescia","name":"","highway":"footway"}},{"type":"Feature","geometry":{"type":"LineString","coordinates":[[10.226261,45.5413422],[10.2261814,45.5413547],[10.2260654,45.5413743]]},"properties":{"site":"brescia","name":"","highway":"footway"}},{"type":"Feature","geometry":{"type":"LineString","coordinates":[[10.226261,45.5413422],[10.2263076,45.5412936],[10.2263463,45.5411943]]},"properties":{"site":"brescia","name":"","highway":"footway"}},{"type":"Feature","geometry":{"type":"LineString","coordinates":[[10.2298893,45.542588],[10.2301793,45.542524],[10.2301649,45.542476]]},"properties":{"site":"brescia","name":"","highway":"footway"}},{"type":"Feature","geometry":{"type":"LineString","coordinates":[[10.2267713,45.5414333],[10.2270743,45.5414812],[10.2271002,45.54146]]},"properties":{"site":"brescia","name":"","highway":"footway"}},{"type":"Feature","geometry":{"type":"LineString","coordinates":[[10.226354,45.5415079],[10.2263167,45.5414874],[10.226274,45.541423]]},"properties":{"site":"brescia","name":"","highway":"steps"}},{"type":"Feature","geometry":{"type":"LineString","coordinates":[[10.2272797,45.5417958],[10.2274331,45.5418035],[10.2277811,45.5419097],[10.2279697,45.5419662]]},"properties":{"site":"brescia","name":"","highway":"footway"}},{"type":"Feature","geometry":{"type":"LineString","coordinates":[[10.2267678,45.5420829],[10.2267886,45.5418945],[10.2268133,45.5418029],[10.2269414,45.5418703],[10.2270278,45.5419345],[10.2270822,45.5420071],[10.2271738,45.5422048],[10.2272167,45.5423188],[10.227249,45.5424143],[10.2274048,45.5424048],[10.227449,45.5424158],[10.2274843,45.5424412],[10.2275147,45.5425252],[10.2276934,45.5425999],[10.2277669,45.5426502],[10.2278257,45.5427104]]},"properties":{"site":"brescia","name":"","highway":"footway"}},{"type":"Feature","geometry":{"type":"LineString","coordinates":[[10.2298893,45.542588],[10.2301787,45.5425436],[10.2304993,45.5425375],[10.2305642,45.5425494],[10.230805,45.5426861],[10.2309172,45.5427457],[10.2309952,45.5427477],[10.2310142,45.5423575],[10.2310176,45.5422884],[10.2309042,45.5422874]]},"properties":{"site":"brescia","name":"","highway":"footway"}},{"type":"Feature","geometry":{"type":"LineString","coordinates":[[10.2285957,45.5427148],[10.2283785,45.5427002],[10.228148,45.5427054],[10.2279059,45.5425814],[10.2277753,45.5425704]]},"properties":{"site":"brescia","name":"","highway":"footway"}},{"type":"Feature","geometry":{"type":"LineString","coordinates":[[10.226509,45.5414585],[10.226516,45.5414339],[10.2264318,45.5413454]]},"properties":{"site":"brescia","name":"","highway":"steps"}},{"type":"Feature","geometry":{"type":"LineString","coordinates":[[10.2287464,45.5424967],[10.2287441,45.5424585],[10.2287941,45.5424557],[10.2290043,45.5424984],[10.2290222,45.5424648]]},"properties":{"site":"brescia","name":"","highway":"steps"}},{"type":"Feature","geometry":{"type":"LineString","coordinates":[[10.2280247,45.5428265],[10.2278257,45.5427104],[10.2276597,45.5426391],[10.2274798,45.5425647],[10.2272105,45.5424534],[10.2268519,45.5422004],[10.2267678,45.5420829],[10.2266059,45.5418987],[10.226354,45.5415079]]},"properties":{"site":"brescia","name":"","highway":"footway"}},{"type":"Feature","geometry":{"type":"LineString","coordinates":[[10.226509,45.5414585],[10.226444,45.5413956],[10.2264272,45.5413867],[10.2264009,45.5413858],[10.2263148,45.5414086],[10.2263012,45.5414178],[10.2263043,45.5414319],[10.226354,45.5415079],[10.226509,45.5414585]]},"properties":{"site":"brescia","name":"","highway":"footway"}},{"type":"Feature","geometry":{"type":"LineString","coordinates":[[10.2287492,45.5426228],[10.2283688,45.542596]]},"properties":{"site":"brescia","name":"","highway":"footway"}},{"type":"Feature","geometry":{"type":"LineString","coordinates":[[10.229341,45.542622],[10.2291746,45.5426206],[10.228973,45.5426171],[10.2287723,45.5426231]]},"properties":{"site":"brescia","name":"","highway":"footway"}},{"type":"Feature","geometry":{"type":"LineString","coordinates":[[10.2281809,45.5422718],[10.2282059,45.5422302],[10.2282043,45.5422072],[10.2281652,45.5421864],[10.2281418,45.5421689],[10.2281387,45.5421481],[10.2281323,45.5421151]]},"properties":{"site":"brescia","name":"","highway":"steps"}},{"type":"Feature","geometry":{"type":"LineString","coordinates":[[10.2281809,45.5422718],[10.2283622,45.5423769],[10.2285403,45.5424864],[10.2287728,45.5426004],[10.2287821,45.5426105],[10.2287821,45.5426171],[10.2287723,45.5426231]]},"properties":{"site":"brescia","name":"","highway":"footway"}},{"type":"Feature","geometry":{"type":"LineString","coordinates":[[10.2308527,45.5414756],[10.2307795,45.5414736]]},"properties":{"site":"brescia","name":"","highway":"footway"}},{"type":"Feature","geometry":{"type":"LineString","coordinates":[[10.2309317,45.542396],[10.2308236,45.5423823]]},"properties":{"site":"brescia","name":"","highway":"footway"}},{"type":"Feature","geometry":{"type":"LineString","coordinates":[[10.2309347,45.5424514],[10.2309317,45.542396]]},"properties":{"site":"brescia","name":"","highway":"steps"}},{"type":"Feature","geometry":{"type":"LineString","coordinates":[[10.2306872,45.5423557],[10.2306887,45.5423304],[10.2306894,45.5423094]]},"properties":{"site":"brescia","name":"","highway":"footway"}},{"type":"Feature","geometry":{"type":"LineString","coordinates":[[10.2212456,45.5396395],[10.2212514,45.5395592]]},"properties":{"site":"brescia","name":"Piazza Paolo VI","highway":"pedestrian"}},{"type":"Feature","geometry":{"type":"LineString","coordinates":[[10.2212514,45.5395592],[10.2212489,45.5394735],[10.221264,45.5394093],[10.2212689,45.5393555]]},"properties":{"site":"brescia","name":"Piazza Paolo VI","highway":"pedestrian"}},{"type":"Feature","geometry":{"type":"LineString","coordinates":[[10.2239875,45.5369591],[10.2245714,45.5368401]]},"properties":{"site":"brescia","name":"","highway":"footway"}},{"type":"Feature","geometry":{"type":"LineString","coordinates":[[10.2251272,45.5367423],[10.2245714,45.5368401]]},"properties":{"site":"brescia","name":"","highway":"footway"}},{"type":"Feature","geometry":{"type":"LineString","coordinates":[[10.2229249,45.5372979],[10.2227209,45.5373668],[10.2226779,45.5373788]]},"properties":{"site":"brescia","name":"","highway":"footway"}},{"type":"Feature","geometry":{"type":"LineString","coordinates":[[10.2239875,45.5369591],[10.2233375,45.5370978]]},"properties":{"site":"brescia","name":"","highway":"footway"}},{"type":"Feature","geometry":{"type":"LineString","coordinates":[[10.2199626,45.5373764],[10.2200392,45.5373845]]},"properties":{"site":"brescia","name":"Via Fratelli Dandolo","highway":"footway"}},{"type":"Feature","geometry":{"type":"LineString","coordinates":[[10.2201792,45.5377287],[10.2201398,45.5377343],[10.2200754,45.5377427]]},"properties":{"site":"brescia","name":"","highway":"footway"}},{"type":"Feature","geometry":{"type":"LineString","coordinates":[[10.2201765,45.5377161],[10.2201792,45.5377287]]},"properties":{"site":"brescia","name":"","highway":"footway"}},{"type":"Feature","geometry":{"type":"LineString","coordinates":[[10.2201765,45.5377161],[10.2201728,45.5376985]]},"properties":{"site":"brescia","name":"","highway":"steps"}},{"type":"Feature","geometry":{"type":"LineString","coordinates":[[10.2201051,45.5373915],[10.2201013,45.5373731]]},"properties":{"site":"brescia","name":"","highway":"steps"}},{"type":"Feature","geometry":{"type":"LineString","coordinates":[[10.2201792,45.5377287],[10.2201829,45.5377476]]},"properties":{"site":"brescia","name":"","highway":"steps"}},{"type":"Feature","geometry":{"type":"LineString","coordinates":[[10.2201013,45.5373731],[10.2201146,45.5373719]]},"properties":{"site":"brescia","name":"","highway":"footway"}},{"type":"Feature","geometry":{"type":"LineString","coordinates":[[10.2202005,45.5376954],[10.2201817,45.5376975]]},"properties":{"site":"brescia","name":"","highway":"footway"}},{"type":"Feature","geometry":{"type":"LineString","coordinates":[[10.2202107,45.5377445],[10.2201918,45.5377465]]},"properties":{"site":"brescia","name":"","highway":"footway"}},{"type":"Feature","geometry":{"type":"LineString","coordinates":[[10.2351267,45.5406897],[10.2351358,45.5406671],[10.235127,45.5406292]]},"properties":{"site":"brescia","name":"","highway":"service"}},{"type":"Feature","geometry":{"type":"LineString","coordinates":[[10.2214322,45.5384808],[10.2213792,45.538488],[10.2213635,45.5384902],[10.2214202,45.5386933],[10.2214666,45.5388598],[10.2214803,45.5388579],[10.2215367,45.5388502],[10.2215264,45.5388134],[10.2215035,45.5388165],[10.2214872,45.538758],[10.2214992,45.5387563],[10.2214795,45.5386859],[10.2214599,45.5386154],[10.2214443,45.5386176],[10.2214259,45.5385516],[10.221451,45.5385481],[10.2214322,45.5384808]]},"properties":{"site":"brescia","name":"","highway":"pedestrian"}},{"type":"Feature","geometry":{"type":"LineString","coordinates":[[10.2213743,45.5384703],[10.2213792,45.538488]]},"properties":{"site":"brescia","name":"Piazza Paolo VI","highway":"steps"}},{"type":"Feature","geometry":{"type":"LineString","coordinates":[[10.2214849,45.5388746],[10.2214803,45.5388579]]},"properties":{"site":"brescia","name":"Piazza Paolo VI","highway":"steps"}},{"type":"Feature","geometry":{"type":"LineString","coordinates":[[10.2214849,45.5388746],[10.2215048,45.5389473]]},"properties":{"site":"brescia","name":"Piazza Paolo VI","highway":"pedestrian"}},{"type":"Feature","geometry":{"type":"LineString","coordinates":[[10.2213619,45.5387007],[10.221398,45.538696]]},"properties":{"site":"brescia","name":"Piazza Paolo VI","highway":"pedestrian"}},{"type":"Feature","geometry":{"type":"LineString","coordinates":[[10.221398,45.538696],[10.2214202,45.5386933]]},"properties":{"site":"brescia","name":"Piazza Paolo VI","highway":"steps"}},{"type":"Feature","geometry":{"type":"LineString","coordinates":[[10.2214795,45.5386859],[10.2214348,45.5386915],[10.2214202,45.5386933]]},"properties":{"site":"brescia","name":"Piazza Paolo VI","highway":"pedestrian"}},{"type":"Feature","geometry":{"type":"LineString","coordinates":[[10.2213792,45.538488],[10.2214348,45.5386915],[10.2214803,45.5388579]]},"properties":{"site":"brescia","name":"Piazza Paolo VI","highway":"pedestrian"}},{"type":"Feature","geometry":{"type":"LineString","coordinates":[[10.2212858,45.5384153],[10.2213689,45.5384496],[10.2213743,45.5384703]]},"properties":{"site":"brescia","name":"Piazza Paolo VI","highway":"pedestrian"}},{"type":"Feature","geometry":{"type":"LineString","coordinates":[[10.2167857,45.5344462],[10.2162809,45.5345452],[10.2162392,45.5345534],[10.2158324,45.5346332],[10.215562,45.5346839],[10.2147494,45.5348361]]},"properties":{"site":"brescia","name":"","highway":"footway"}},{"type":"Feature","geometry":{"type":"LineString","coordinates":[[10.2138273,45.5344868],[10.2138439,45.5345351],[10.2138683,45.5346063],[10.2138739,45.5346228]]},"properties":{"site":"brescia","name":"","highway":"footway"}},{"type":"Feature","geometry":{"type":"LineString","coordinates":[[10.2136732,45.5345317],[10.2136677,45.5345185]]},"properties":{"site":"brescia","name":"","highway":"footway"}},{"type":"Feature","geometry":{"type":"LineString","coordinates":[[10.2136888,45.5346451],[10.2136934,45.5346597]]},"properties":{"site":"brescia","name":"","highway":"footway"}},{"type":"Feature","geometry":{"type":"LineString","coordinates":[[10.2155671,45.5346967],[10.2156246,45.5348415]]},"properties":{"site":"brescia","name":"","highway":"service"}},{"type":"Feature","geometry":{"type":"LineString","coordinates":[[10.2130757,45.5346604],[10.2131219,45.53478],[10.2132185,45.535025]]},"properties":{"site":"brescia","name":"","highway":"footway"}},{"type":"Feature","geometry":{"type":"LineString","coordinates":[[10.2165173,45.5345925],[10.2165086,45.534569]]},"properties":{"site":"brescia","name":"","highway":"footway"}},{"type":"Feature","geometry":{"type":"LineString","coordinates":[[10.2132952,45.534619],[10.2133041,45.5346436]]},"properties":{"site":"brescia","name":"","highway":"footway"}},{"type":"Feature","geometry":{"type":"LineString","coordinates":[[10.2135526,45.5345663],[10.2135639,45.534581]]},"properties":{"site":"brescia","name":"","highway":"footway"}},{"type":"Feature","geometry":{"type":"LineString","coordinates":[[10.214482,45.5345065],[10.2145742,45.5347429]]},"properties":{"site":"brescia","name":"","highway":"footway"}},{"type":"Feature","geometry":{"type":"LineString","coordinates":[[10.21592,45.5346868],[10.2161204,45.5346483]]},"properties":{"site":"brescia","name":"","highway":"service"}},{"type":"Feature","geometry":{"type":"LineString","coordinates":[[10.2166035,45.5345503],[10.2167728,45.534517]]},"properties":{"site":"brescia","name":"","highway":"footway"}},{"type":"Feature","geometry":{"type":"LineString","coordinates":[[10.2133287,45.5347178],[10.2133347,45.5347352]]},"properties":{"site":"brescia","name":"","highway":"footway"}},{"type":"Feature","geometry":{"type":"LineString","coordinates":[[10.2140443,45.5349778],[10.2140214,45.5349149],[10.2139985,45.5348521]]},"properties":{"site":"brescia","name":"","highway":"footway"}},{"type":"Feature","geometry":{"type":"LineString","coordinates":[[10.2164142,45.5345876],[10.2165086,45.534569],[10.2166035,45.5345503]]},"properties":{"site":"brescia","name":"","highway":"footway"}},{"type":"Feature","geometry":{"type":"LineString","coordinates":[[10.2136372,45.5345244],[10.2136029,45.5344406],[10.2135543,45.5343219]]},"properties":{"site":"brescia","name":"","highway":"footway"}},{"type":"Feature","geometry":{"type":"LineString","coordinates":[[10.2147494,45.5348361],[10.2147276,45.5347799],[10.2147036,45.5347179]]},"properties":{"site":"brescia","name":"","highway":"footway"}},{"type":"Feature","geometry":{"type":"LineString","coordinates":[[10.2156246,45.5348415],[10.2156685,45.5349521],[10.2152431,45.5350301],[10.2151824,45.5349312],[10.2156246,45.5348415]]},"properties":{"site":"brescia","name":"","highway":"service"}},{"type":"Feature","geometry":{"type":"LineString","coordinates":[[10.2162809,45.5345452],[10.2162859,45.5345576],[10.2163064,45.5346088],[10.2164142,45.5345876]]},"properties":{"site":"brescia","name":"","highway":"footway"}},{"type":"Feature","geometry":{"type":"LineString","coordinates":[[10.2120655,45.5345995],[10.2135543,45.5343219]]},"properties":{"site":"brescia","name":"","highway":"footway"}},{"type":"Feature","geometry":{"type":"LineString","coordinates":[[10.2131534,45.5331977],[10.2131418,45.5331719],[10.2131306,45.533149],[10.2131104,45.5331538],[10.2126069,45.5332679],[10.2124437,45.5333049],[10.2123312,45.5334747],[10.2121964,45.5336783],[10.2125506,45.5337939],[10.2132284,45.533644]]},"properties":{"site":"brescia","name":"","highway":"footway"}},{"type":"Feature","geometry":{"type":"LineString","coordinates":[[10.212354,45.5351916],[10.2123389,45.5351638],[10.2122716,45.5349425],[10.2122511,45.5348893],[10.2121555,45.5348429]]},"properties":{"site":"brescia","name":"","highway":"footway"}},{"type":"Feature","geometry":{"type":"LineString","coordinates":[[10.21581,45.5345732],[10.2158324,45.5346332],[10.215837,45.5346459],[10.2158436,45.5346643],[10.2158604,45.5346788],[10.2158914,45.5346869],[10.21592,45.5346868]]},"properties":{"site":"brescia","name":"","highway":"service"}},{"type":"Feature","geometry":{"type":"LineString","coordinates":[[10.2145742,45.5347429],[10.2139985,45.5348521],[10.2139549,45.5348603],[10.2139397,45.5348561],[10.2138559,45.5346271],[10.2138739,45.5346228]]},"properties":{"site":"brescia","name":"","highway":"footway"}},{"type":"Feature","geometry":{"type":"LineString","coordinates":[[10.2161204,45.5346483],[10.2161692,45.534639],[10.2162015,45.5346299],[10.2162222,45.5346154],[10.216239,45.5345955],[10.2162441,45.5345783],[10.2162417,45.5345663],[10.2162392,45.5345534],[10.2162184,45.5344952]]},"properties":{"site":"brescia","name":"","highway":"service"}},{"type":"Feature","geometry":{"type":"LineString","coordinates":[[10.2126265,45.5333087],[10.2126069,45.5332679]]},"properties":{"site":"brescia","name":"","highway":"footway"}},{"type":"Feature","geometry":{"type":"LineString","coordinates":[[10.2131534,45.5331977],[10.2131387,45.5332]]},"properties":{"site":"brescia","name":"","highway":"footway"}},{"type":"Feature","geometry":{"type":"LineString","coordinates":[[10.2131387,45.5332],[10.2126316,45.5333194],[10.2126265,45.5333087]]},"properties":{"site":"brescia","name":"","highway":"footway"}},{"type":"Feature","geometry":{"type":"LineString","coordinates":[[10.2121208,45.5337956],[10.2121075,45.5338165],[10.2118982,45.5341449],[10.2120655,45.5345995],[10.2120955,45.5346808]]},"properties":{"site":"brescia","name":"","highway":"footway"}},{"type":"Feature","geometry":{"type":"LineString","coordinates":[[10.235449,45.5310605],[10.2363848,45.5311001]]},"properties":{"site":"brescia","name":"","highway":"footway"}},{"type":"Feature","geometry":{"type":"LineString","coordinates":[[10.2189799,45.5426689],[10.2190419,45.5426252],[10.2189475,45.5425616],[10.2189346,45.542553],[10.2189227,45.5425449],[10.2189116,45.5425375]]},"properties":{"site":"brescia","name":"","highway":"footway"}},{"type":"Feature","geometry":{"type":"LineString","coordinates":[[10.2198515,45.5440522],[10.219784,45.544066],[10.2197742,45.5440679]]},"properties":{"site":"brescia","name":"Via San Faustino","highway":"service"}},{"type":"Feature","geometry":{"type":"LineString","coordinates":[[10.2199341,45.5442386],[10.219844,45.5442557],[10.2198306,45.5442576]]},"properties":{"site":"brescia","name":"Via San Faustino","highway":"service"}},{"type":"Feature","geometry":{"type":"LineString","coordinates":[[10.2198756,45.5444583],[10.2196975,45.5444854]]},"properties":{"site":"brescia","name":"Via San Faustino","highway":"service"}},{"type":"Feature","geometry":{"type":"LineString","coordinates":[[10.2216689,45.533923],[10.2218126,45.5339281]]},"properties":{"site":"brescia","name":"","highway":"service"}},{"type":"Feature","geometry":{"type":"LineString","coordinates":[[10.220305,45.544262],[10.2207902,45.5441475],[10.2206283,45.543811],[10.2201431,45.5439255],[10.220305,45.544262]]},"properties":{"site":"brescia","name":"","highway":"footway"}},{"type":"Feature","geometry":{"type":"LineString","coordinates":[[10.2206815,45.5401027],[10.2207159,45.5400963],[10.2209182,45.540057]]},"properties":{"site":"brescia","name":"Via dei Musei","highway":"pedestrian"}},{"type":"Feature","geometry":{"type":"LineString","coordinates":[[10.2264537,45.5396832],[10.2264712,45.5396964],[10.2270096,45.5396772]]},"properties":{"site":"brescia","name":"Vicolo del Fontanone","highway":"pedestrian"}},{"type":"Feature","geometry":{"type":"LineString","coordinates":[[10.2179053,45.5374429],[10.2178837,45.5374479],[10.2178452,45.5373757]]},"properties":{"site":"brescia","name":"","highway":"steps"}},{"type":"Feature","geometry":{"type":"LineString","coordinates":[[10.2179053,45.5374429],[10.2179239,45.5374379],[10.2178923,45.5373633]]},"properties":{"site":"brescia","name":"","highway":"steps"}},{"type":"Feature","geometry":{"type":"LineString","coordinates":[[10.2178689,45.5373697],[10.2178949,45.5374198]]},"properties":{"site":"brescia","name":"","highway":"service"}},{"type":"Feature","geometry":{"type":"LineString","coordinates":[[10.2176411,45.538095],[10.2175108,45.5381526]]},"properties":{"site":"brescia","name":"Via Quattro Novembre","highway":"service"}},{"type":"Feature","geometry":{"type":"LineString","coordinates":[[10.2176721,45.5380846],[10.2176604,45.5380707],[10.2174934,45.5381394],[10.2174122,45.5381983]]},"properties":{"site":"brescia","name":"","highway":"footway"}},{"type":"Feature","geometry":{"type":"LineString","coordinates":[[10.2176721,45.5380846],[10.2176808,45.5380957],[10.2175226,45.5381631],[10.2174521,45.5382202]]},"properties":{"site":"brescia","name":"","highway":"footway"}},{"type":"Feature","geometry":{"type":"LineString","coordinates":[[10.2181259,45.5377087],[10.2181311,45.5377264],[10.2181282,45.5377444],[10.2181174,45.5377609],[10.2180999,45.5377742],[10.2180774,45.537783],[10.2180521,45.5377865],[10.2180265,45.5377843],[10.2180031,45.5377767],[10.2179842,45.5377643],[10.2179718,45.5377485],[10.2179669,45.5377289],[10.2179719,45.5377093],[10.2179861,45.5376921],[10.2180078,45.5376793],[10.2180201,45.5376761],[10.2180344,45.5376724],[10.2180628,45.5376723],[10.2180895,45.537679],[10.2181114,45.5376916],[10.2181259,45.5377087]]},"properties":{"site":"brescia","name":"","highway":"footway"}},{"type":"Feature","geometry":{"type":"LineString","coordinates":[[10.2179718,45.5377485],[10.2177857,45.5377984]]},"properties":{"site":"brescia","name":"","highway":"footway"}},{"type":"Feature","geometry":{"type":"LineString","coordinates":[[10.2180774,45.537783],[10.2181445,45.5379171]]},"properties":{"site":"brescia","name":"","highway":"footway"}},{"type":"Feature","geometry":{"type":"LineString","coordinates":[[10.2187626,45.5374376],[10.2187376,45.5373646],[10.2182251,45.5374975],[10.217964,45.5375635],[10.2176535,45.5376421],[10.2176038,45.5376549],[10.217573,45.5376105]]},"properties":{"site":"brescia","name":"","highway":"footway"}},{"type":"Feature","geometry":{"type":"LineString","coordinates":[[10.2179414,45.5375181],[10.217964,45.5375635],[10.2180201,45.5376761]]},"properties":{"site":"brescia","name":"","highway":"footway"}},{"type":"Feature","geometry":{"type":"LineString","coordinates":[[10.2178637,45.5380043],[10.2177703,45.5378435]]},"properties":{"site":"brescia","name":"","highway":"footway"}},{"type":"Feature","geometry":{"type":"LineString","coordinates":[[10.2177325,45.5377783],[10.2177594,45.537779],[10.2177763,45.5377887],[10.2177857,45.5377984],[10.2177897,45.5378081],[10.2177902,45.5378157],[10.2177902,45.5378286],[10.2177703,45.5378435]]},"properties":{"site":"brescia","name":"","highway":"footway"}},{"type":"Feature","geometry":{"type":"LineString","coordinates":[[10.218306,45.5376616],[10.2181259,45.5377087]]},"properties":{"site":"brescia","name":"","highway":"footway"}},{"type":"Feature","geometry":{"type":"LineString","coordinates":[[10.2182251,45.5374975],[10.2182593,45.5375669],[10.218306,45.5376616],[10.2183921,45.5378167]]},"properties":{"site":"brescia","name":"","highway":"footway"}},{"type":"Feature","geometry":{"type":"LineString","coordinates":[[10.2177325,45.5377783],[10.2176535,45.5376421]]},"properties":{"site":"brescia","name":"","highway":"footway"}},{"type":"Feature","geometry":{"type":"LineString","coordinates":[[10.2171856,45.5375308],[10.217233,45.5375901]]},"properties":{"site":"brescia","name":"Vicolo Ombra","highway":"footway"}},{"type":"Feature","geometry":{"type":"LineString","coordinates":[[10.2293644,45.5375365],[10.2293713,45.5376372]]},"properties":{"site":"brescia","name":"","highway":"steps"}},{"type":"Feature","geometry":{"type":"LineString","coordinates":[[10.2291073,45.5378377],[10.2291432,45.5378321]]},"properties":{"site":"brescia","name":"","highway":"footway"}},{"type":"Feature","geometry":{"type":"LineString","coordinates":[[10.2296532,45.5377523],[10.229612,45.5377588]]},"properties":{"site":"brescia","name":"","highway":"footway"}},{"type":"Feature","geometry":{"type":"LineString","coordinates":[[10.2291704,45.5378278],[10.2295807,45.5377637]]},"properties":{"site":"brescia","name":"","highway":"footway"}},{"type":"Feature","geometry":{"type":"LineString","coordinates":[[10.2291432,45.5378321],[10.2291559,45.5378301],[10.2291704,45.5378278]]},"properties":{"site":"brescia","name":"","highway":"footway"}},{"type":"Feature","geometry":{"type":"LineString","coordinates":[[10.229612,45.5377588],[10.2295993,45.5377607],[10.2295807,45.5377637]]},"properties":{"site":"brescia","name":"","highway":"footway"}},{"type":"Feature","geometry":{"type":"LineString","coordinates":[[10.2289892,45.5369994],[10.2290263,45.5375342],[10.2290494,45.5378662],[10.2290748,45.5382367],[10.2290912,45.5385381]]},"properties":{"site":"brescia","name":"","highway":"footway"}},{"type":"Feature","geometry":{"type":"LineString","coordinates":[[10.2233328,45.539719],[10.223335,45.5397364]]},"properties":{"site":"brescia","name":"","highway":"service"}},{"type":"Feature","geometry":{"type":"LineString","coordinates":[[10.223335,45.5397364],[10.2233635,45.5398314]]},"properties":{"site":"brescia","name":"","highway":"service"}},{"type":"Feature","geometry":{"type":"LineString","coordinates":[[10.2256044,45.5466963],[10.2255576,45.5467111],[10.2254274,45.5467401],[10.2253634,45.54676]]},"properties":{"site":"brescia","name":"","highway":"footway"}},{"type":"Feature","geometry":{"type":"LineString","coordinates":[[10.2257671,45.541447],[10.2250224,45.5416988],[10.2249695,45.541622]]},"properties":{"site":"brescia","name":"","highway":"service"}},{"type":"Feature","geometry":{"type":"LineString","coordinates":[[10.2256719,45.5413089],[10.2257098,45.5413639],[10.2257671,45.541447]]},"properties":{"site":"brescia","name":"","highway":"service"}},{"type":"Feature","geometry":{"type":"LineString","coordinates":[[10.2301259,45.5441262],[10.2299599,45.5440815]]},"properties":{"site":"brescia","name":"","highway":"service"}},{"type":"Feature","geometry":{"type":"LineString","coordinates":[[10.2301739,45.5440367],[10.2300085,45.5439911]]},"properties":{"site":"brescia","name":"","highway":"service"}},{"type":"Feature","geometry":{"type":"LineString","coordinates":[[10.2300085,45.5439911],[10.229952,45.5439756],[10.2297895,45.5440357]]},"properties":{"site":"brescia","name":"","highway":"service"}},{"type":"Feature","geometry":{"type":"LineString","coordinates":[[10.2302165,45.5441505],[10.2302629,45.5440612],[10.2301739,45.5440367]]},"properties":{"site":"brescia","name":"","highway":"service"}},{"type":"Feature","geometry":{"type":"LineString","coordinates":[[10.2299599,45.5440815],[10.2297895,45.5440357],[10.2296986,45.5440113],[10.2296545,45.5439504],[10.2296263,45.5439042]]},"properties":{"site":"brescia","name":"","highway":"service"}},{"type":"Feature","geometry":{"type":"LineString","coordinates":[[10.2303067,45.5443305],[10.2302454,45.5443153],[10.2301738,45.5442976],[10.2301596,45.54426],[10.2302165,45.5441505],[10.2301259,45.5441262]]},"properties":{"site":"brescia","name":"","highway":"service"}},{"type":"Feature","geometry":{"type":"LineString","coordinates":[[10.2280887,45.5428815],[10.2280247,45.5428265],[10.2280151,45.5428009],[10.2280171,45.5427747],[10.2280305,45.5427539],[10.2280535,45.542733],[10.22809,45.5427108],[10.2281178,45.5427055],[10.228148,45.5427054],[10.228367,45.5427645],[10.2283428,45.5427913],[10.2283077,45.5428092],[10.2280887,45.5428815]]},"properties":{"site":"brescia","name":"","highway":"footway"}},{"type":"Feature","geometry":{"type":"LineString","coordinates":[[10.2241418,45.5434807],[10.2241327,45.5434453]]},"properties":{"site":"brescia","name":"","highway":"steps"}},{"type":"Feature","geometry":{"type":"LineString","coordinates":[[10.2271738,45.5422048],[10.2274585,45.5422925]]},"properties":{"site":"brescia","name":"","highway":"footway"}},{"type":"Feature","geometry":{"type":"LineString","coordinates":[[10.2269408,45.5417325],[10.2268754,45.54172]]},"properties":{"site":"brescia","name":"","highway":"steps"}},{"type":"Feature","geometry":{"type":"LineString","coordinates":[[10.2266518,45.5415725],[10.2266844,45.5414442]]},"properties":{"site":"brescia","name":"","highway":"footway"}},{"type":"Feature","geometry":{"type":"LineString","coordinates":[[10.227249,45.5424143],[10.2272105,45.5424534]]},"properties":{"site":"brescia","name":"","highway":"footway"}},{"type":"Feature","geometry":{"type":"LineString","coordinates":[[10.2240929,45.5436469],[10.2241402,45.543641]]},"properties":{"site":"brescia","name":"","highway":"steps"}},{"type":"Feature","geometry":{"type":"LineString","coordinates":[[10.2274798,45.5425647],[10.2275147,45.5425252]]},"properties":{"site":"brescia","name":"","highway":"footway"}},{"type":"Feature","geometry":{"type":"LineString","coordinates":[[10.2276934,45.5425999],[10.2276597,45.5426391]]},"properties":{"site":"brescia","name":"","highway":"footway"}},{"type":"Feature","geometry":{"type":"LineString","coordinates":[[10.2271868,45.5418044],[10.2269408,45.5417325]]},"properties":{"site":"brescia","name":"","highway":"footway"}},{"type":"Feature","geometry":{"type":"LineString","coordinates":[[10.2237682,45.5432874],[10.2238257,45.5432588]]},"properties":{"site":"brescia","name":"","highway":"steps"}},{"type":"Feature","geometry":{"type":"LineString","coordinates":[[10.2240553,45.5434652],[10.2241161,45.5434835]]},"properties":{"site":"brescia","name":"","highway":"steps"}},{"type":"Feature","geometry":{"type":"LineString","coordinates":[[10.2268754,45.54172],[10.2267527,45.5416942]]},"properties":{"site":"brescia","name":"","highway":"footway"}},{"type":"Feature","geometry":{"type":"LineString","coordinates":[[10.2268935,45.5416757],[10.2268754,45.54172]]},"properties":{"site":"brescia","name":"","highway":"steps"}},{"type":"Feature","geometry":{"type":"LineString","coordinates":[[10.2229669,45.5421406],[10.2231478,45.5422577],[10.2231592,45.5424847]]},"properties":{"site":"brescia","name":"","highway":"footway"}},{"type":"Feature","geometry":{"type":"LineString","coordinates":[[10.2220851,45.5441811],[10.2215531,45.5443301],[10.2215239,45.5444001]]},"properties":{"site":"brescia","name":"","highway":"footway"}},{"type":"Feature","geometry":{"type":"LineString","coordinates":[[10.2279694,45.5428334],[10.2279926,45.542844],[10.2280247,45.5428265]]},"properties":{"site":"brescia","name":"","highway":"footway"}},{"type":"Feature","geometry":{"type":"LineString","coordinates":[[10.2237815,45.5430378],[10.2237765,45.5429533],[10.2237318,45.5428706]]},"properties":{"site":"brescia","name":"","highway":"steps"}},{"type":"Feature","geometry":{"type":"LineString","coordinates":[[10.2238257,45.5432588],[10.2238883,45.5432277],[10.2240041,45.5434507],[10.2240553,45.5434652]]},"properties":{"site":"brescia","name":"","highway":"footway"}},{"type":"Feature","geometry":{"type":"LineString","coordinates":[[10.2283688,45.542596],[10.2282127,45.5425937],[10.2280851,45.5425575],[10.2276222,45.5423864],[10.2275426,45.5423718]]},"properties":{"site":"brescia","name":"","highway":"footway"}},{"type":"Feature","geometry":{"type":"LineString","coordinates":[[10.2236225,45.5428731],[10.2237815,45.5430378],[10.224022,45.5432569],[10.2241075,45.5433846],[10.2241327,45.5434453]]},"properties":{"site":"brescia","name":"","highway":"footway"}},{"type":"Feature","geometry":{"type":"LineString","coordinates":[[10.2310142,45.5423575],[10.2309694,45.5423568],[10.2309703,45.5424509],[10.2309347,45.5424514],[10.230805,45.5426861]]},"properties":{"site":"brescia","name":"","highway":"footway"}},{"type":"Feature","geometry":{"type":"LineString","coordinates":[[10.2237832,45.5440179],[10.2237341,45.5440691],[10.223682,45.544103],[10.2221057,45.5444754]]},"properties":{"site":"brescia","name":"","highway":"footway"}},{"type":"Feature","geometry":{"type":"LineString","coordinates":[[10.2268133,45.5418029],[10.2267527,45.5416942],[10.2266518,45.5415725],[10.2265898,45.5415113],[10.226509,45.5414585]]},"properties":{"site":"brescia","name":"","highway":"footway"}},{"type":"Feature","geometry":{"type":"LineString","coordinates":[[10.2281418,45.5421689],[10.2280831,45.5422821],[10.2280972,45.5423257],[10.2282135,45.5424226],[10.2282455,45.5424759],[10.2282482,45.5425142]]},"properties":{"site":"brescia","name":"","highway":"footway"}},{"type":"Feature","geometry":{"type":"LineString","coordinates":[[10.2307925,45.5360727],[10.2300712,45.5360975],[10.2293584,45.536122]]},"properties":{"site":"brescia","name":"","highway":"footway"}},{"type":"Feature","geometry":{"type":"LineString","coordinates":[[10.2376092,45.5351891],[10.2374922,45.535225],[10.2374558,45.5352316],[10.2373385,45.5352475],[10.2371921,45.5352653],[10.2362014,45.5353266],[10.2355097,45.5353744]]},"properties":{"site":"brescia","name":"","highway":"footway"}},{"type":"Feature","geometry":{"type":"LineString","coordinates":[[10.2172967,45.5414138],[10.2172158,45.5412443],[10.2172133,45.5412334],[10.2171242,45.5408523],[10.2171205,45.5407757],[10.2171176,45.5407168]]},"properties":{"site":"brescia","name":"Contrada di San Giovanni","highway":"pedestrian"}},{"type":"Feature","geometry":{"type":"LineString","coordinates":[[10.2173398,45.5406586],[10.2173452,45.5406918]]},"properties":{"site":"brescia","name":"Contrada delle Cossere","highway":"pedestrian"}},{"type":"Feature","geometry":{"type":"LineString","coordinates":[[10.2185375,45.5395584],[10.2185652,45.5395462]]},"properties":{"site":"brescia","name":"Contrada Mangano","highway":"pedestrian"}},{"type":"Feature","geometry":{"type":"LineString","coordinates":[[10.2179737,45.5399511],[10.2180918,45.5399461],[10.2182247,45.5399416],[10.2182722,45.5399014],[10.2185615,45.539903],[10.2187279,45.5398593],[10.2187298,45.5398588],[10.2187537,45.5398525]]},"properties":{"site":"brescia","name":"Vicolo dei Mille Fiori","highway":"service"}},{"type":"Feature","geometry":{"type":"LineString","coordinates":[[10.2195091,45.540452],[10.2195679,45.5403211],[10.2196097,45.5401014],[10.2195935,45.5400274]]},"properties":{"site":"brescia","name":"Largo Formentone","highway":"pedestrian"}},{"type":"Feature","geometry":{"type":"LineString","coordinates":[[10.2346806,45.5433083],[10.2346467,45.5432941],[10.234439,45.5432087]]},"properties":{"site":"brescia","name":"","highway":"service"}},{"type":"Feature","geometry":{"type":"LineString","coordinates":[[10.2219574,45.5407979],[10.2220629,45.5407974]]},"properties":{"site":"brescia","name":"","highway":"steps"}},{"type":"Feature","geometry":{"type":"LineString","coordinates":[[10.2227084,45.5403601],[10.2227051,45.5403798]]},"properties":{"site":"brescia","name":"","highway":"footway"}},{"type":"Feature","geometry":{"type":"LineString","coordinates":[[10.2225652,45.5406677],[10.2226689,45.5406289],[10.2227051,45.5403798]]},"properties":{"site":"brescia","name":"Piazzetta delle Consolazioni","highway":"steps"}},{"type":"Feature","geometry":{"type":"LineString","coordinates":[[10.2219375,45.5407794],[10.2219366,45.5407981]]},"properties":{"site":"brescia","name":"Via della Barricata","highway":"footway"}},{"type":"Feature","geometry":{"type":"LineString","coordinates":[[10.2183362,45.5389572],[10.2184075,45.5389443]]},"properties":{"site":"brescia","name":"","highway":"pedestrian"}},{"type":"Feature","geometry":{"type":"LineString","coordinates":[[10.2188806,45.5387536],[10.2191771,45.538728]]},"properties":{"site":"brescia","name":"Piazza della Vittoria","highway":"pedestrian"}},{"type":"Feature","geometry":{"type":"LineString","coordinates":[[10.2194014,45.5388076],[10.2194121,45.538868]]},"properties":{"site":"brescia","name":"Piazza Vittoria","highway":"steps"}},{"type":"Feature","geometry":{"type":"LineString","coordinates":[[10.2338286,45.542721],[10.233927,45.542686],[10.2340161,45.5426249]]},"properties":{"site":"brescia","name":"","highway":"service"}},{"type":"Feature","geometry":{"type":"LineString","coordinates":[[10.2336519,45.5427742],[10.2337748,45.542731],[10.2338286,45.542721],[10.2340133,45.5427116]]},"properties":{"site":"brescia","name":"","highway":"service"}},{"type":"Feature","geometry":{"type":"LineString","coordinates":[[10.2221755,45.5411924],[10.2221275,45.5411668],[10.2221062,45.5411281],[10.2221012,45.5411009],[10.2220938,45.5410692],[10.2220973,45.5410154],[10.2221016,45.5409697],[10.222113,45.5409432],[10.2221276,45.5409247],[10.2221308,45.5409203],[10.2221313,45.5409158]]},"properties":{"site":"brescia","name":"","highway":"footway"}},{"type":"Feature","geometry":{"type":"LineString","coordinates":[[10.2221313,45.5409158],[10.2220892,45.5408499]]},"properties":{"site":"brescia","name":"","highway":"steps"}},{"type":"Feature","geometry":{"type":"LineString","coordinates":[[10.2220892,45.5408499],[10.2220913,45.5407969]]},"properties":{"site":"brescia","name":"","highway":"footway"}},{"type":"Feature","geometry":{"type":"LineString","coordinates":[[10.2356884,45.5474078],[10.235114,45.5471155],[10.235099,45.5470911],[10.2351161,45.5470169],[10.2350841,45.5469941],[10.2349223,45.5468797],[10.2347446,45.5466879],[10.2344565,45.5468163]]},"properties":{"site":"brescia","name":"Via Sentier Morto","highway":"steps"}},{"type":"Feature","geometry":{"type":"LineString","coordinates":[[10.2344565,45.5468163],[10.234425,45.5467808],[10.2341802,45.5464108],[10.2341587,45.5463795],[10.234141,45.5463526],[10.2341173,45.5463274]]},"properties":{"site":"brescia","name":"Via Sentier Morto","highway":"steps"}},{"type":"Feature","geometry":{"type":"LineString","coordinates":[[10.2344734,45.546834],[10.2344565,45.5468163]]},"properties":{"site":"brescia","name":"","highway":"footway"}},{"type":"Feature","geometry":{"type":"LineString","coordinates":[[10.2328798,45.5460832],[10.2329112,45.5460899],[10.2329772,45.5461219],[10.2329713,45.5461556],[10.2329192,45.5462533]]},"properties":{"site":"brescia","name":"","highway":"service"}},{"type":"Feature","geometry":{"type":"LineString","coordinates":[[10.2324616,45.5420795],[10.2324555,45.5416061]]},"properties":{"site":"brescia","name":"","highway":"steps"}},{"type":"Feature","geometry":{"type":"LineString","coordinates":[[10.2354745,45.5475337],[10.2354534,45.5475248],[10.2353693,45.5474923]]},"properties":{"site":"brescia","name":"","highway":"service"}},{"type":"Feature","geometry":{"type":"LineString","coordinates":[[10.2323224,45.5421689],[10.2323274,45.5421257],[10.2323611,45.5420955],[10.2324616,45.5420795]]},"properties":{"site":"brescia","name":"","highway":"steps"}},{"type":"Feature","geometry":{"type":"LineString","coordinates":[[10.2328577,45.5461404],[10.2328202,45.5462371],[10.2327189,45.5465215],[10.2326278,45.5466255],[10.2325099,45.5466459],[10.2324966,45.5466684]]},"properties":{"site":"brescia","name":"","highway":"path"}},{"type":"Feature","geometry":{"type":"LineString","coordinates":[[10.2337545,45.542808],[10.2343415,45.5430541],[10.2345342,45.5431371],[10.2346369,45.5431811],[10.2347564,45.5432295],[10.2350033,45.5433689],[10.2351482,45.5434511],[10.2362729,45.5441126],[10.2363072,45.5441574],[10.2363191,45.5442136]]},"properties":{"site":"brescia","name":"Via Paolo Olini","highway":"footway"}},{"type":"Feature","geometry":{"type":"LineString","coordinates":[[10.2144553,45.547733],[10.2145186,45.5478764],[10.2145862,45.5480368],[10.2145941,45.5480931],[10.214547,45.5481354],[10.214368,45.548177],[10.2142913,45.5481942]]},"properties":{"site":"brescia","name":"Largo dell'Autiere d'Italia","highway":"footway"}},{"type":"Feature","geometry":{"type":"LineString","coordinates":[[10.2356819,45.5339864],[10.2357171,45.5339399],[10.2357511,45.5338949]]},"properties":{"site":"brescia","name":"","highway":"service"}},{"type":"Feature","geometry":{"type":"LineString","coordinates":[[10.2226995,45.5392738],[10.2227705,45.5392597]]},"properties":{"site":"brescia","name":"","highway":"footway"}},{"type":"Feature","geometry":{"type":"LineString","coordinates":[[10.2225002,45.5392992],[10.2226482,45.5392798]]},"properties":{"site":"brescia","name":"","highway":"pedestrian"}},{"type":"Feature","geometry":{"type":"LineString","coordinates":[[10.2306609,45.5345646],[10.2305092,45.5345991]]},"properties":{"site":"brescia","name":"","highway":"service"}},{"type":"Feature","geometry":{"type":"LineString","coordinates":[[10.2293607,45.5470656],[10.2293511,45.5470259]]},"properties":{"site":"brescia","name":"","highway":"service"}},{"type":"Feature","geometry":{"type":"LineString","coordinates":[[10.2162535,45.5390949],[10.2162613,45.5391079],[10.2162787,45.539137]]},"properties":{"site":"brescia","name":"","highway":"pedestrian"}},{"type":"Feature","geometry":{"type":"LineString","coordinates":[[10.2154577,45.538361],[10.2155331,45.5383299],[10.2156809,45.5382635],[10.2158886,45.5381764],[10.2165609,45.5379122],[10.2166388,45.5378716]]},"properties":{"site":"brescia","name":"Corso Palestro","highway":"pedestrian"}},{"type":"Feature","geometry":{"type":"LineString","coordinates":[[10.2214295,45.538958],[10.2213619,45.5387007],[10.2212858,45.5384153],[10.2211432,45.5379593]]},"properties":{"site":"brescia","name":"Piazza Paolo VI","highway":"pedestrian"}},{"type":"Feature","geometry":{"type":"LineString","coordinates":[[10.2209753,45.5379815],[10.2210558,45.538567],[10.2211317,45.5389992]]},"properties":{"site":"brescia","name":"Piazza Paolo VI","highway":"pedestrian"}},{"type":"Feature","geometry":{"type":"LineString","coordinates":[[10.2191724,45.5400397],[10.2191892,45.5400375]]},"properties":{"site":"brescia","name":"","highway":"pedestrian"}},{"type":"Feature","geometry":{"type":"LineString","coordinates":[[10.2192947,45.5400239],[10.2195425,45.5399913],[10.2196272,45.5399802]]},"properties":{"site":"brescia","name":"","highway":"pedestrian"}},{"type":"Feature","geometry":{"type":"LineString","coordinates":[[10.2357767,45.5473837],[10.2357459,45.5473664],[10.2357316,45.5473551],[10.235705,45.547334],[10.2356629,45.5472789],[10.2356669,45.5472353],[10.2357021,45.547182],[10.235785,45.5470942],[10.235844,45.5470419],[10.2359106,45.5469934],[10.2359853,45.5469382],[10.2360234,45.5468882],[10.2360151,45.5468605],[10.235995,45.5468385],[10.2359487,45.5468195],[10.235857,45.5468382],[10.2357447,45.5468566],[10.2356278,45.5468954],[10.235564,45.5469541],[10.235472,45.5470064]]},"properties":{"site":"brescia","name":"","highway":"service"}},{"type":"Feature","geometry":{"type":"LineString","coordinates":[[10.2353782,45.5480906],[10.2354267,45.5479249],[10.2355599,45.5477301],[10.235699,45.5475438],[10.2358537,45.5474464],[10.2359943,45.5474234],[10.2361706,45.5474034],[10.2363318,45.5474],[10.2364654,45.5474039],[10.2365175,45.5473805]]},"properties":{"site":"brescia","name":"","highway":"service"}},{"type":"Feature","geometry":{"type":"LineString","coordinates":[[10.236061,45.5440438],[10.2360057,45.5440916],[10.2358881,45.5441961]]},"properties":{"site":"brescia","name":"","highway":"service"}},{"type":"Feature","geometry":{"type":"LineString","coordinates":[[10.2322605,45.5428862],[10.2321691,45.5428212],[10.2321027,45.5427563]]},"properties":{"site":"brescia","name":"","highway":"service"}},{"type":"Feature","geometry":{"type":"LineString","coordinates":[[10.2197742,45.5440679],[10.2196402,45.5440944]]},"properties":{"site":"brescia","name":"Via San Faustino","highway":"service"}},{"type":"Feature","geometry":{"type":"LineString","coordinates":[[10.2198306,45.5442576],[10.2197447,45.5442708]]},"properties":{"site":"brescia","name":"Via San Faustino","highway":"service"}},{"type":"Feature","geometry":{"type":"LineString","coordinates":[[10.2137093,45.5326836],[10.2136282,45.5325457]]},"properties":{"site":"brescia","name":"","highway":"pedestrian"}},{"type":"Feature","geometry":{"type":"LineString","coordinates":[[10.2130867,45.5328307],[10.2129134,45.532867],[10.2126854,45.5328291],[10.2126388,45.5328142],[10.2124079,45.5327402],[10.2123623,45.5326962],[10.2123367,45.5326716],[10.2122675,45.5325389]]},"properties":{"site":"brescia","name":"","highway":"pedestrian"}},{"type":"Feature","geometry":{"type":"LineString","coordinates":[[10.2125261,45.5330793],[10.212512,45.5330534],[10.2126854,45.5328291],[10.2127713,45.5327136]]},"properties":{"site":"brescia","name":"","highway":"pedestrian"}},{"type":"Feature","geometry":{"type":"LineString","coordinates":[[10.2134372,45.5325957],[10.2133165,45.5325564]]},"properties":{"site":"brescia","name":"","highway":"pedestrian"}},{"type":"Feature","geometry":{"type":"LineString","coordinates":[[10.2127713,45.5327136],[10.2129798,45.5324962]]},"properties":{"site":"brescia","name":"","highway":"footway"}},{"type":"Feature","geometry":{"type":"LineString","coordinates":[[10.2129798,45.5324962],[10.2129417,45.5324215]]},"properties":{"site":"brescia","name":"","highway":"footway"}},{"type":"Feature","geometry":{"type":"LineString","coordinates":[[10.2356807,45.532404],[10.2357652,45.532528]]},"properties":{"site":"brescia","name":"","highway":"service"}},{"type":"Feature","geometry":{"type":"LineString","coordinates":[[10.2356942,45.5325431],[10.2356807,45.532404]]},"properties":{"site":"brescia","name":"","highway":"service"}},{"type":"Feature","geometry":{"type":"LineString","coordinates":[[10.2129473,45.5323636],[10.2129726,45.5324137]]},"properties":{"site":"brescia","name":"","highway":"steps"}},{"type":"Feature","geometry":{"type":"LineString","coordinates":[[10.2129726,45.5324137],[10.2129417,45.5324215]]},"properties":{"site":"brescia","name":"","highway":"footway"}},{"type":"Feature","geometry":{"type":"LineString","coordinates":[[10.2128805,45.5322323],[10.2129766,45.5322088]]},"properties":{"site":"brescia","name":"","highway":"steps"}},{"type":"Feature","geometry":{"type":"LineString","coordinates":[[10.2128693,45.5322102],[10.2127828,45.5322323]]},"properties":{"site":"brescia","name":"","highway":"steps"}},{"type":"Feature","geometry":{"type":"LineString","coordinates":[[10.2128212,45.5321159],[10.2129129,45.5320929]]},"properties":{"site":"brescia","name":"","highway":"steps"}},{"type":"Feature","geometry":{"type":"LineString","coordinates":[[10.2128141,45.5321018],[10.2127212,45.532126]]},"properties":{"site":"brescia","name":"","highway":"steps"}},{"type":"Feature","geometry":{"type":"LineString","coordinates":[[10.2127677,45.5320107],[10.2128676,45.5319851]]},"properties":{"site":"brescia","name":"","highway":"steps"}},{"type":"Feature","geometry":{"type":"LineString","coordinates":[[10.2127588,45.5319924],[10.2126621,45.5320178]]},"properties":{"site":"brescia","name":"","highway":"steps"}},{"type":"Feature","geometry":{"type":"LineString","coordinates":[[10.2152999,45.5329569],[10.2153116,45.5328938],[10.2152556,45.5327237],[10.2151738,45.5327395],[10.2151162,45.5326028]]},"properties":{"site":"brescia","name":"","highway":"footway"}},{"type":"Feature","geometry":{"type":"LineString","coordinates":[[10.2337262,45.5427748],[10.2337775,45.5427904],[10.2338561,45.5428034]]},"properties":{"site":"brescia","name":"","highway":"service"}},{"type":"Feature","geometry":{"type":"LineString","coordinates":[[10.2191892,45.5400375],[10.2192947,45.5400239]]},"properties":{"site":"brescia","name":"","highway":"pedestrian"}},{"type":"Feature","geometry":{"type":"LineString","coordinates":[[10.2321062,45.5422313],[10.2321347,45.5422146],[10.232143,45.5422022],[10.2321406,45.5421741]]},"properties":{"site":"brescia","name":"","highway":"steps"}},{"type":"Feature","geometry":{"type":"LineString","coordinates":[[10.214324,45.5308753],[10.2143933,45.5310146],[10.21445,45.5311286],[10.2145334,45.5312963],[10.2146516,45.5315338],[10.2147067,45.5316436],[10.2147664,45.5317623],[10.2148196,45.5318683],[10.2148357,45.5319009]]},"properties":{"site":"brescia","name":"","highway":"footway"}},{"type":"Feature","geometry":{"type":"LineString","coordinates":[[10.2146516,45.5315338],[10.214499,45.5315732]]},"properties":{"site":"brescia","name":"","highway":"steps"}},{"type":"Feature","geometry":{"type":"LineString","coordinates":[[10.2307359,45.5413803],[10.2307923,45.5413846]]},"properties":{"site":"brescia","name":"","highway":"footway"}},{"type":"Feature","geometry":{"type":"LineString","coordinates":[[10.2309021,45.5415509],[10.2308989,45.5415821]]},"properties":{"site":"brescia","name":"","highway":"steps"}},{"type":"Feature","geometry":{"type":"LineString","coordinates":[[10.2314488,45.540039],[10.2313175,45.5401575]]},"properties":{"site":"brescia","name":"","highway":"footway"}},{"type":"Feature","geometry":{"type":"LineString","coordinates":[[10.2311652,45.5414103],[10.2311008,45.5417251]]},"properties":{"site":"brescia","name":"","highway":"path"}},{"type":"Feature","geometry":{"type":"LineString","coordinates":[[10.2307324,45.5414028],[10.2307359,45.5413803]]},"properties":{"site":"brescia","name":"","highway":"steps"}},{"type":"Feature","geometry":{"type":"LineString","coordinates":[[10.2307273,45.5414261],[10.2307836,45.5414307]]},"properties":{"site":"brescia","name":"","highway":"footway"}},{"type":"Feature","geometry":{"type":"LineString","coordinates":[[10.2310263,45.5418565],[10.2311008,45.5417251]]},"properties":{"site":"brescia","name":"","highway":"steps"}},{"type":"Feature","geometry":{"type":"LineString","coordinates":[[10.2306821,45.5413994],[10.2307324,45.5414028]]},"properties":{"site":"brescia","name":"","highway":"steps"}},{"type":"Feature","geometry":{"type":"LineString","coordinates":[[10.2308965,45.5403968],[10.2309687,45.5404045],[10.2311225,45.5404209],[10.231258,45.5404358]]},"properties":{"site":"brescia","name":"","highway":"steps"}},{"type":"Feature","geometry":{"type":"LineString","coordinates":[[10.2308805,45.5408812],[10.2310295,45.5408954],[10.2311873,45.5409124]]},"properties":{"site":"brescia","name":"","highway":"steps"}},{"type":"Feature","geometry":{"type":"LineString","coordinates":[[10.2309021,45.5415509],[10.2308957,45.541516],[10.2308527,45.5414756],[10.2307878,45.5414101]]},"properties":{"site":"brescia","name":"","highway":"footway"}},{"type":"Feature","geometry":{"type":"LineString","coordinates":[[10.2310263,45.5418565],[10.2309786,45.5418431],[10.2308958,45.5416303],[10.2308989,45.5415821]]},"properties":{"site":"brescia","name":"","highway":"path"}},{"type":"Feature","geometry":{"type":"LineString","coordinates":[[10.2313962,45.5406608],[10.2314488,45.540039],[10.23161,45.5389345],[10.2316418,45.5387166],[10.2317741,45.5378096],[10.2317988,45.537636]]},"properties":{"site":"brescia","name":"","highway":"footway"}},{"type":"Feature","geometry":{"type":"LineString","coordinates":[[10.2313175,45.5401575],[10.2312639,45.5402523],[10.231258,45.5404358],[10.2312571,45.5404626],[10.2312479,45.5405181],[10.2311995,45.5408115],[10.2311873,45.5409124],[10.2311561,45.5411714],[10.2311652,45.5414103],[10.231305,45.5414601]]},"properties":{"site":"brescia","name":"","highway":"footway"}},{"type":"Feature","geometry":{"type":"LineString","coordinates":[[10.2146679,45.5315292],[10.2146516,45.5315338]]},"properties":{"site":"brescia","name":"","highway":"footway"}},{"type":"Feature","geometry":{"type":"LineString","coordinates":[[10.2147197,45.53164],[10.2147067,45.5316436]]},"properties":{"site":"brescia","name":"","highway":"footway"}},{"type":"Feature","geometry":{"type":"LineString","coordinates":[[10.214779,45.5317591],[10.2147664,45.5317623]]},"properties":{"site":"brescia","name":"","highway":"footway"}},{"type":"Feature","geometry":{"type":"LineString","coordinates":[[10.214832,45.5318649],[10.2148196,45.5318683]]},"properties":{"site":"brescia","name":"","highway":"footway"}},{"type":"Feature","geometry":{"type":"LineString","coordinates":[[10.2146781,45.5319026],[10.2148196,45.5318683]]},"properties":{"site":"brescia","name":"","highway":"steps"}},{"type":"Feature","geometry":{"type":"LineString","coordinates":[[10.2145261,45.5319376],[10.2146781,45.5319026]]},"properties":{"site":"brescia","name":"","highway":"footway"}},{"type":"Feature","geometry":{"type":"LineString","coordinates":[[10.2145552,45.5316827],[10.2147067,45.5316436]]},"properties":{"site":"brescia","name":"","highway":"steps"}},{"type":"Feature","geometry":{"type":"LineString","coordinates":[[10.2146211,45.5317989],[10.2147664,45.5317623]]},"properties":{"site":"brescia","name":"","highway":"steps"}},{"type":"Feature","geometry":{"type":"LineString","coordinates":[[10.2127588,45.5319924],[10.2126504,45.5317709],[10.2125782,45.5316233],[10.2125083,45.5314805],[10.2124695,45.5314012],[10.2124353,45.5313306]]},"properties":{"site":"brescia","name":"","highway":"footway"}},{"type":"Feature","geometry":{"type":"LineString","coordinates":[[10.2124353,45.5313306],[10.2125836,45.5312939]]},"properties":{"site":"brescia","name":"","highway":"steps"}},{"type":"Feature","geometry":{"type":"LineString","coordinates":[[10.2125836,45.5312939],[10.2125472,45.5312711]]},"properties":{"site":"brescia","name":"","highway":"footway"}},{"type":"Feature","geometry":{"type":"LineString","coordinates":[[10.2199905,45.5380873],[10.2200898,45.5380753],[10.2201179,45.5380722]]},"properties":{"site":"brescia","name":"","highway":"pedestrian"}},{"type":"Feature","geometry":{"type":"LineString","coordinates":[[10.2198139,45.5381086],[10.2199905,45.5380873]]},"properties":{"site":"brescia","name":"","highway":"pedestrian"}},{"type":"Feature","geometry":{"type":"LineString","coordinates":[[10.2200635,45.5386579],[10.2201986,45.5386455],[10.2202421,45.5386412]]},"properties":{"site":"brescia","name":"","highway":"pedestrian"}},{"type":"Feature","geometry":{"type":"LineString","coordinates":[[10.219893,45.538676],[10.2200635,45.5386579]]},"properties":{"site":"brescia","name":"","highway":"pedestrian"}},{"type":"Feature","geometry":{"type":"LineString","coordinates":[[10.2321553,45.5339514],[10.2322888,45.5340302],[10.2324907,45.5341461]]},"properties":{"site":"brescia","name":"","highway":"footway"}},{"type":"Feature","geometry":{"type":"LineString","coordinates":[[10.2320367,45.5438482],[10.2308644,45.5436887],[10.2308247,45.5436682]]},"properties":{"site":"brescia","name":"","highway":"service"}},{"type":"Feature","geometry":{"type":"LineString","coordinates":[[10.2118818,45.5337534],[10.2119649,45.5337757],[10.2120639,45.533804],[10.2121075,45.5338165]]},"properties":{"site":"brescia","name":"","highway":"footway"}},{"type":"Feature","geometry":{"type":"LineString","coordinates":[[10.2197695,45.5428544],[10.2198598,45.5428179]]},"properties":{"site":"brescia","name":"Vicolo delle Ventole","highway":"pedestrian"}},{"type":"Feature","geometry":{"type":"LineString","coordinates":[[10.2139126,45.5478801],[10.2139978,45.5478597],[10.2141192,45.5478306],[10.2142049,45.54781]]},"properties":{"site":"brescia","name":"","highway":"footway"}},{"type":"Feature","geometry":{"type":"LineString","coordinates":[[10.2138073,45.547656],[10.2139126,45.5478801],[10.2139233,45.5479017],[10.21393,45.547927],[10.2139233,45.5480144],[10.2139139,45.5480463],[10.2138938,45.5480773],[10.2138442,45.5481252],[10.2139457,45.5481817]]},"properties":{"site":"brescia","name":"","highway":"footway"}},{"type":"Feature","geometry":{"type":"LineString","coordinates":[[10.2197634,45.5446937],[10.2198626,45.5446599],[10.2199223,45.5446218],[10.2199431,45.5445753],[10.2199329,45.5445429],[10.2199193,45.5444998],[10.2199049,45.5444538],[10.219844,45.5442557],[10.219784,45.544066],[10.2197071,45.5438465],[10.2196911,45.5437729],[10.2196872,45.5437546],[10.2196759,45.5435735],[10.2197983,45.5432998],[10.2197677,45.5432181],[10.2198425,45.5431852],[10.219872,45.5431561],[10.2198895,45.5431129],[10.2198962,45.5430791],[10.2199136,45.542895],[10.2199004,45.5428339],[10.2198847,45.5428095],[10.2197688,45.5426245],[10.2196863,45.5425247],[10.2196111,45.5424157],[10.2196043,45.5424058],[10.2195309,45.5422993]]},"properties":{"site":"brescia","name":"","highway":"footway"}},{"type":"Feature","geometry":{"type":"LineString","coordinates":[[10.2186647,45.5449669],[10.2186735,45.54499]]},"properties":{"site":"brescia","name":"","highway":"footway"}},{"type":"Feature","geometry":{"type":"LineString","coordinates":[[10.2187394,45.5449511],[10.2186647,45.5449669]]},"properties":{"site":"brescia","name":"","highway":"steps"}},{"type":"Feature","geometry":{"type":"LineString","coordinates":[[10.2187283,45.5449222],[10.2187394,45.5449511]]},"properties":{"site":"brescia","name":"","highway":"footway"}},{"type":"Feature","geometry":{"type":"LineString","coordinates":[[10.2311826,45.5428921],[10.2311542,45.5428933]]},"properties":{"site":"brescia","name":"","highway":"service"}},{"type":"Feature","geometry":{"type":"LineString","coordinates":[[10.2133783,45.5400967],[10.2135206,45.5404513]]},"properties":{"site":"brescia","name":"Vicolo dell'Inganno","highway":"service"}},{"type":"Feature","geometry":{"type":"LineString","coordinates":[[10.2139837,45.5409375],[10.2139625,45.5408983],[10.2139108,45.5408024],[10.2138279,45.5406309],[10.2137848,45.5405451],[10.2137347,45.5404429],[10.2137093,45.5404116],[10.2135206,45.5404513]]},"properties":{"site":"brescia","name":"Vicolo dell'Inganno","highway":"service"}},{"type":"Feature","geometry":{"type":"LineString","coordinates":[[10.2358085,45.5318794],[10.2356781,45.5320558],[10.2355989,45.5322541],[10.2355962,45.5323805],[10.235554,45.5325263],[10.2354385,45.532989],[10.2351258,45.53342],[10.2348531,45.5334158],[10.2344799,45.5328945],[10.2344726,45.532727]]},"properties":{"site":"brescia","name":"","highway":"footway"}},{"type":"Feature","geometry":{"type":"LineString","coordinates":[[10.2344942,45.5324959],[10.2345386,45.5324299],[10.2352076,45.5314146],[10.2354282,45.5310911],[10.235449,45.5310605],[10.2355159,45.530967]]},"properties":{"site":"brescia","name":"","highway":"footway"}},{"type":"Feature","geometry":{"type":"LineString","coordinates":[[10.2200617,45.533341],[10.2200976,45.5334287],[10.2201936,45.533679],[10.2198549,45.5337421],[10.2191092,45.5338873],[10.2185916,45.5339848]]},"properties":{"site":"brescia","name":"","highway":"footway"}},{"type":"Feature","geometry":{"type":"LineString","coordinates":[[10.2186924,45.5336039],[10.2188498,45.5336565],[10.2189652,45.5336896],[10.2190687,45.5337],[10.219196,45.5337],[10.2192936,45.5336979],[10.219388,45.5336783]]},"properties":{"site":"brescia","name":"","highway":"footway"}},{"type":"Feature","geometry":{"type":"LineString","coordinates":[[10.2195161,45.5335544],[10.2195403,45.533574],[10.2195538,45.5335981],[10.219555,45.533624],[10.2195439,45.5336487],[10.2195217,45.5336693],[10.2194909,45.5336837],[10.219455,45.53369],[10.2194202,45.533688],[10.219388,45.5336783],[10.2193618,45.5336621],[10.2193443,45.5336409],[10.2193373,45.5336168],[10.2193414,45.5335925],[10.2193562,45.5335703],[10.2193803,45.5335526],[10.2194112,45.533541],[10.2194477,45.5335369],[10.2194841,45.5335415],[10.2195161,45.5335544]]},"properties":{"site":"brescia","name":"","highway":"footway"}},{"type":"Feature","geometry":{"type":"LineString","coordinates":[[10.219555,45.533624],[10.2195954,45.5335964],[10.2196517,45.5335839],[10.2197227,45.5335881],[10.219773,45.5336109],[10.2198262,45.5336627],[10.2198549,45.5337421]]},"properties":{"site":"brescia","name":"","highway":"footway"}},{"type":"Feature","geometry":{"type":"LineString","coordinates":[[10.2200976,45.5334287],[10.2199919,45.5334492],[10.2199032,45.5334492],[10.2198026,45.5334243],[10.2197543,45.5334005],[10.2197375,45.5334513],[10.2196753,45.5335093],[10.2196073,45.5335363],[10.2194841,45.5335415]]},"properties":{"site":"brescia","name":"","highway":"footway"}},{"type":"Feature","geometry":{"type":"LineString","coordinates":[[10.2193803,45.5335526],[10.2192907,45.5335674],[10.2191753,45.5335694],[10.2190538,45.5335346]]},"properties":{"site":"brescia","name":"","highway":"footway"}},{"type":"Feature","geometry":{"type":"LineString","coordinates":[[10.2191753,45.5335694],[10.219122,45.5336109],[10.2190125,45.5336461],[10.2188498,45.5336565]]},"properties":{"site":"brescia","name":"","highway":"footway"}},{"type":"Feature","geometry":{"type":"LineString","coordinates":[[10.219388,45.5336783],[10.2192364,45.5337516],[10.2191353,45.5338304],[10.2191092,45.5338873]]},"properties":{"site":"brescia","name":"","highway":"footway"}},{"type":"Feature","geometry":{"type":"LineString","coordinates":[[10.2172028,45.5339717],[10.2167651,45.5340538]]},"properties":{"site":"brescia","name":"","highway":"footway"}},{"type":"Feature","geometry":{"type":"LineString","coordinates":[[10.2135184,45.5322224],[10.213554,45.5323776],[10.2134372,45.5325957]]},"properties":{"site":"brescia","name":"","highway":"pedestrian"}},{"type":"Feature","geometry":{"type":"LineString","coordinates":[[10.2145261,45.5319376],[10.2145696,45.5320322],[10.2146885,45.5322902],[10.2143709,45.5323644],[10.2138184,45.5324944]]},"properties":{"site":"brescia","name":"","highway":"footway"}},{"type":"Feature","geometry":{"type":"LineString","coordinates":[[10.2159752,45.5319851],[10.2165996,45.531823],[10.2171166,45.5316906],[10.2174257,45.5316369],[10.2176186,45.5315224],[10.2176942,45.5315022],[10.2177588,45.5314893],[10.2179177,45.5315459],[10.2186258,45.5313918],[10.2187398,45.5313974],[10.2192548,45.5313298],[10.2200507,45.5313199],[10.2200983,45.5313185],[10.2202498,45.5313136],[10.2203048,45.5313069],[10.2206857,45.5313056],[10.22108,45.5313042],[10.2213026,45.5313035],[10.2229575,45.5313053],[10.2231064,45.5308657],[10.2228824,45.5308431],[10.2228596,45.5307708],[10.2217948,45.5310141],[10.2217438,45.5310733],[10.2215118,45.5311062],[10.2210867,45.5312095],[10.22108,45.5313042]]},"properties":{"site":"brescia","name":"","highway":"footway"}},{"type":"Feature","geometry":{"type":"LineString","coordinates":[[10.2205125,45.5404304],[10.2202487,45.5404285],[10.2200645,45.5404575],[10.2200596,45.5404494]]},"properties":{"site":"brescia","name":"Vicolo San Giuseppe","highway":"pedestrian"}},{"type":"Feature","geometry":{"type":"LineString","coordinates":[[10.2193431,45.5412426],[10.2191503,45.5412546],[10.218964,45.5412708],[10.2187334,45.5413125],[10.2185114,45.5413496]]},"properties":{"site":"brescia","name":"Vicolo dell'Angelo","highway":"pedestrian"}},{"type":"Feature","geometry":{"type":"LineString","coordinates":[[10.2199946,45.5403408],[10.2199814,45.5403188]]},"properties":{"site":"brescia","name":"Vicolo San Giuseppe","highway":"pedestrian"}},{"type":"Feature","geometry":{"type":"LineString","coordinates":[[10.2200596,45.5404494],[10.2199946,45.5403408]]},"properties":{"site":"brescia","name":"Vicolo San Giuseppe","highway":"pedestrian"}},{"type":"Feature","geometry":{"type":"LineString","coordinates":[[10.2198171,45.5359897],[10.2196055,45.5360134]]},"properties":{"site":"brescia","name":"Piazza Bruno Boni","highway":"pedestrian"}},{"type":"Feature","geometry":{"type":"LineString","coordinates":[[10.219597,45.5359757],[10.2194958,45.5355611]]},"properties":{"site":"brescia","name":"Via Moretto","highway":"pedestrian"}},{"type":"Feature","geometry":{"type":"LineString","coordinates":[[10.2197111,45.5366683],[10.2196823,45.5363553]]},"properties":{"site":"brescia","name":"Corsia Gambero","highway":"pedestrian"}},{"type":"Feature","geometry":{"type":"LineString","coordinates":[[10.2302281,45.5325737],[10.2306717,45.5325357],[10.2309916,45.5325318],[10.2313644,45.5325402],[10.2327914,45.5326342],[10.2332986,45.5326843],[10.2334025,45.5327013],[10.2335093,45.5327387]]},"properties":{"site":"brescia","name":"","highway":"footway"}},{"type":"Feature","geometry":{"type":"LineString","coordinates":[[10.2314877,45.5351119],[10.2315763,45.5351608],[10.2316343,45.5350923],[10.2316404,45.5351887],[10.2317294,45.5351908]]},"properties":{"site":"brescia","name":"","highway":"footway"}},{"type":"Feature","geometry":{"type":"LineString","coordinates":[[10.2313394,45.5353353],[10.2312997,45.5345967],[10.2321553,45.5339514],[10.2323541,45.5338073],[10.2326215,45.5336216],[10.2329556,45.5337291]]},"properties":{"site":"brescia","name":"","highway":"footway"}},{"type":"Feature","geometry":{"type":"LineString","coordinates":[[10.2333781,45.5339577],[10.2333166,45.5340562],[10.2333032,45.5340777],[10.2329701,45.5346018],[10.2326132,45.5351599]]},"properties":{"site":"brescia","name":"","highway":"footway"}},{"type":"Feature","geometry":{"type":"LineString","coordinates":[[10.2333166,45.5340562],[10.2332313,45.5339523]]},"properties":{"site":"brescia","name":"","highway":"footway"}},{"type":"Feature","geometry":{"type":"LineString","coordinates":[[10.2333405,45.5337674],[10.2334466,45.533808]]},"properties":{"site":"brescia","name":"","highway":"steps"}},{"type":"Feature","geometry":{"type":"LineString","coordinates":[[10.2238129,45.5325898],[10.2238495,45.532719],[10.2238803,45.5328257],[10.2242015,45.532781],[10.2244393,45.5327479],[10.2246729,45.5327154],[10.2248156,45.532696],[10.224788,45.5325854],[10.2247554,45.5324571]]},"properties":{"site":"brescia","name":"","highway":"footway"}},{"type":"Feature","geometry":{"type":"LineString","coordinates":[[10.2242015,45.532781],[10.224136,45.5325435]]},"properties":{"site":"brescia","name":"","highway":"footway"}},{"type":"Feature","geometry":{"type":"LineString","coordinates":[[10.2244393,45.5327479],[10.2243818,45.5325082]]},"properties":{"site":"brescia","name":"","highway":"footway"}},{"type":"Feature","geometry":{"type":"LineString","coordinates":[[10.2229009,45.5320194],[10.2228299,45.532008],[10.2227577,45.5320147],[10.2227009,45.5320335],[10.2226326,45.5320624],[10.2225227,45.5321314],[10.2224817,45.5321594],[10.2224335,45.5321908],[10.2222571,45.5322835],[10.222141,45.5323649],[10.2220638,45.5324513],[10.2220495,45.5324673],[10.2219962,45.5326386],[10.2220167,45.5327151],[10.2225892,45.5325957],[10.222759,45.5325625],[10.2231377,45.5324926],[10.2233894,45.5324553],[10.2233403,45.5322951],[10.2233349,45.5322807],[10.2232556,45.5320674],[10.2231059,45.5320474],[10.2229688,45.5320291],[10.2229009,45.5320194]]},"properties":{"site":"brescia","name":"","highway":"footway"}},{"type":"Feature","geometry":{"type":"LineString","coordinates":[[10.2229688,45.5320291],[10.2229713,45.5320359],[10.2230759,45.5323269]]},"properties":{"site":"brescia","name":"","highway":"footway"}},{"type":"Feature","geometry":{"type":"LineString","coordinates":[[10.222902,45.5321892],[10.222918,45.5322123],[10.2229221,45.5322378],[10.2229139,45.5322628],[10.2228942,45.5322845],[10.2228654,45.5323004],[10.2228307,45.5323087],[10.222794,45.5323084],[10.2227614,45.5323003],[10.222734,45.5322855],[10.2227147,45.5322654],[10.2227054,45.532242],[10.2227062,45.5322304],[10.2227071,45.5322178],[10.2227195,45.5321951],[10.2227414,45.5321764],[10.2227707,45.5321634],[10.2228063,45.5321574],[10.2228428,45.5321601],[10.222876,45.5321711],[10.222902,45.5321892]]},"properties":{"site":"brescia","name":"","highway":"footway"}},{"type":"Feature","geometry":{"type":"LineString","coordinates":[[10.2226361,45.5322442],[10.2225752,45.5321064]]},"properties":{"site":"brescia","name":"","highway":"footway"}},{"type":"Feature","geometry":{"type":"LineString","coordinates":[[10.2230759,45.5323269],[10.2233349,45.5322807]]},"properties":{"site":"brescia","name":"","highway":"footway"}},{"type":"Feature","geometry":{"type":"LineString","coordinates":[[10.2225892,45.5325957],[10.2224335,45.5321908]]},"properties":{"site":"brescia","name":"","highway":"footway"}},{"type":"Feature","geometry":{"type":"LineString","coordinates":[[10.2215752,45.5320267],[10.221702,45.5323157],[10.2217893,45.5323844],[10.2219092,45.5324135],[10.2219337,45.5324194]]},"properties":{"site":"brescia","name":"","highway":"footway"}},{"type":"Feature","geometry":{"type":"LineString","coordinates":[[10.2215752,45.5320267],[10.22153,45.5319249]]},"properties":{"site":"brescia","name":"","highway":"footway"}},{"type":"Feature","geometry":{"type":"LineString","coordinates":[[10.2273445,45.5357431],[10.2274115,45.5357501],[10.2277064,45.5357476],[10.2280028,45.5357452],[10.228921,45.5357352]]},"properties":{"site":"brescia","name":"","highway":"footway"}},{"type":"Feature","geometry":{"type":"LineString","coordinates":[[10.2271904,45.534991],[10.2271905,45.5350464],[10.2271586,45.5350963],[10.2271136,45.5351173],[10.2270348,45.5351291],[10.2269749,45.535154],[10.2269467,45.5351921],[10.2268999,45.5352131],[10.2268042,45.5352263],[10.2267367,45.5352053],[10.2266824,45.5351737],[10.2266389,45.5351269]]},"properties":{"site":"brescia","name":"","highway":"footway"}},{"type":"Feature","geometry":{"type":"LineString","coordinates":[[10.2269467,45.5351921],[10.2269411,45.5352591],[10.2269542,45.5353064],[10.2269973,45.5353707],[10.2270573,45.5353891],[10.2271248,45.5354417],[10.2271811,45.5354916],[10.2271961,45.535527],[10.2271998,45.5355651],[10.2271867,45.535636],[10.2271755,45.5356793],[10.2271922,45.5357271]]},"properties":{"site":"brescia","name":"","highway":"footway"}},{"type":"Feature","geometry":{"type":"LineString","coordinates":[[10.2271811,45.5354916],[10.2271905,45.5354088],[10.2271905,45.5353169],[10.2271773,45.5352381],[10.2271717,45.5351698],[10.2271586,45.5350963]]},"properties":{"site":"brescia","name":"","highway":"footway"}},{"type":"Feature","geometry":{"type":"LineString","coordinates":[[10.2269973,45.5353707],[10.2269355,45.5353931],[10.2268924,45.5354311],[10.2268482,45.5354888],[10.2268192,45.5355349],[10.2268061,45.5356071],[10.2267949,45.5356675],[10.2268007,45.5357342]]},"properties":{"site":"brescia","name":"","highway":"footway"}},{"type":"Feature","geometry":{"type":"LineString","coordinates":[[10.2267949,45.5356675],[10.2266691,45.5357365]]},"properties":{"site":"brescia","name":"","highway":"footway"}},{"type":"Feature","geometry":{"type":"LineString","coordinates":[[10.2268482,45.5354888],[10.2267874,45.535443],[10.2267499,45.5353839],[10.2267517,45.5353169],[10.2267836,45.5352552],[10.2268042,45.5352263]]},"properties":{"site":"brescia","name":"","highway":"footway"}},{"type":"Feature","geometry":{"type":"LineString","coordinates":[[10.2266389,45.5351269],[10.2266182,45.5351091]]},"properties":{"site":"brescia","name":"","highway":"footway"}},{"type":"Feature","geometry":{"type":"LineString","coordinates":[[10.2271294,45.5477303],[10.2272494,45.547709]]},"properties":{"site":"brescia","name":"","highway":"service"}},{"type":"Feature","geometry":{"type":"LineString","coordinates":[[10.2144965,45.5331657],[10.2145479,45.5332819]]},"properties":{"site":"brescia","name":"","highway":"service"}},{"type":"Feature","geometry":{"type":"LineString","coordinates":[[10.2147662,45.533232],[10.2147116,45.5331153]]},"properties":{"site":"brescia","name":"","highway":"service"}},{"type":"Feature","geometry":{"type":"LineString","coordinates":[[10.2240961,45.5404418],[10.2240818,45.5404409]]},"properties":{"site":"brescia","name":"Via Gabriele Rosa","highway":"steps"}},{"type":"Feature","geometry":{"type":"LineString","coordinates":[[10.2240802,45.5404558],[10.2240818,45.5404409]]},"properties":{"site":"brescia","name":"Via Gabriele Rosa","highway":"footway"}},{"type":"Feature","geometry":{"type":"LineString","coordinates":[[10.2241294,45.5404439],[10.2241275,45.5404588]]},"properties":{"site":"brescia","name":"Via Gabriele Rosa","highway":"footway"}},{"type":"Feature","geometry":{"type":"LineString","coordinates":[[10.2241148,45.5404429],[10.2241294,45.5404439]]},"properties":{"site":"brescia","name":"Via Gabriele Rosa","highway":"steps"}},{"type":"Feature","geometry":{"type":"LineString","coordinates":[[10.2241075,45.5404363],[10.2241067,45.5404424]]},"properties":{"site":"brescia","name":"Via Gabriele Rosa","highway":"steps"}},{"type":"Feature","geometry":{"type":"LineString","coordinates":[[10.2241192,45.5403503],[10.2241228,45.5402234],[10.2241214,45.5401592]]},"properties":{"site":"brescia","name":"Via Gabriele Rosa","highway":"steps"}},{"type":"Feature","geometry":{"type":"LineString","coordinates":[[10.2241075,45.5404363],[10.2241192,45.5403503]]},"properties":{"site":"brescia","name":"Via Gabriele Rosa","highway":"steps"}},{"type":"Feature","geometry":{"type":"LineString","coordinates":[[10.221935,45.5403236],[10.2219375,45.5407794]]},"properties":{"site":"brescia","name":"Via della Barricata","highway":"steps"}},{"type":"Feature","geometry":{"type":"LineString","coordinates":[[10.2219388,45.5402736],[10.221935,45.5403236]]},"properties":{"site":"brescia","name":"Via della Barricata","highway":"steps"}},{"type":"Feature","geometry":{"type":"LineString","coordinates":[[10.220518,45.5470908],[10.2205504,45.5471036],[10.2205554,45.5471176],[10.2206346,45.5473393],[10.2206909,45.5474712],[10.2207316,45.5475555],[10.2207724,45.5476187],[10.2211452,45.548066],[10.2211384,45.5480824]]},"properties":{"site":"brescia","name":"","highway":"footway"}},{"type":"Feature","geometry":{"type":"LineString","coordinates":[[10.2207541,45.5470828],[10.2208415,45.5470845],[10.221002,45.5470455]]},"properties":{"site":"brescia","name":"","highway":"footway"}},{"type":"Feature","geometry":{"type":"LineString","coordinates":[[10.2205554,45.5471176],[10.2206585,45.5470995],[10.2207541,45.5470828]]},"properties":{"site":"brescia","name":"","highway":"path"}},{"type":"Feature","geometry":{"type":"LineString","coordinates":[[10.2209828,45.5470053],[10.221002,45.5470455],[10.2211091,45.5472501]]},"properties":{"site":"brescia","name":"","highway":"footway"}},{"type":"Feature","geometry":{"type":"LineString","coordinates":[[10.2206077,45.5463943],[10.2204878,45.5463869],[10.2204603,45.5463912]]},"properties":{"site":"brescia","name":"","highway":"footway"}},{"type":"Feature","geometry":{"type":"LineString","coordinates":[[10.2212057,45.5474258],[10.2213148,45.547398],[10.2213669,45.5473847],[10.2213713,45.5473836]]},"properties":{"site":"brescia","name":"","highway":"footway"}},{"type":"Feature","geometry":{"type":"LineString","coordinates":[[10.2215047,45.5479699],[10.2215456,45.5480412],[10.2215829,45.548106]]},"properties":{"site":"brescia","name":"","highway":"footway"}},{"type":"Feature","geometry":{"type":"LineString","coordinates":[[10.2212525,45.5479156],[10.2212657,45.547911],[10.2214388,45.5478499]]},"properties":{"site":"brescia","name":"","highway":"footway"}},{"type":"Feature","geometry":{"type":"LineString","coordinates":[[10.2210982,45.5476551],[10.2211073,45.5476512],[10.2212871,45.5475741]]},"properties":{"site":"brescia","name":"","highway":"footway"}},{"type":"Feature","geometry":{"type":"LineString","coordinates":[[10.2209269,45.5468969],[10.2209509,45.5469436],[10.2209828,45.5470053]]},"properties":{"site":"brescia","name":"","highway":"footway"}},{"type":"Feature","geometry":{"type":"LineString","coordinates":[[10.2206077,45.5463943],[10.2206304,45.5463981],[10.2206513,45.5464054],[10.2206694,45.5464157],[10.2206838,45.5464285],[10.22094,45.5468938],[10.2209269,45.5468969],[10.2207057,45.5469494]]},"properties":{"site":"brescia","name":"","highway":"footway"}},{"type":"Feature","geometry":{"type":"LineString","coordinates":[[10.2218221,45.539907],[10.2218282,45.5399327],[10.22187,45.5401104],[10.2218734,45.5401305],[10.22187,45.5401506],[10.2218598,45.5401695],[10.2218435,45.5401862],[10.2218221,45.5401997],[10.2217967,45.5402093],[10.2217682,45.5402151]]},"properties":{"site":"brescia","name":"","highway":"footway"}},{"type":"Feature","geometry":{"type":"LineString","coordinates":[[10.2125665,45.5331766],[10.2125534,45.5331463]]},"properties":{"site":"brescia","name":"","highway":"footway"}},{"type":"Feature","geometry":{"type":"LineString","coordinates":[[10.2125534,45.5331463],[10.2125385,45.5331097],[10.2125261,45.5330793]]},"properties":{"site":"brescia","name":"","highway":"footway"}},{"type":"Feature","geometry":{"type":"LineString","coordinates":[[10.2131181,45.532903],[10.2128883,45.5329552],[10.2128698,45.5329981],[10.2125261,45.5330793]]},"properties":{"site":"brescia","name":"Piazzale Stazione","highway":"footway"}},{"type":"Feature","geometry":{"type":"LineString","coordinates":[[10.2136282,45.5325457],[10.2134372,45.5325957]]},"properties":{"site":"brescia","name":"","highway":"pedestrian"}},{"type":"Feature","geometry":{"type":"LineString","coordinates":[[10.2134372,45.5325957],[10.2132876,45.5327806],[10.2132834,45.5327816],[10.2130867,45.5328307]]},"properties":{"site":"brescia","name":"","highway":"pedestrian"}},{"type":"Feature","geometry":{"type":"LineString","coordinates":[[10.2131181,45.532903],[10.2131069,45.5328779],[10.2130867,45.5328307]]},"properties":{"site":"brescia","name":"","highway":"pedestrian"}},{"type":"Feature","geometry":{"type":"LineString","coordinates":[[10.2136282,45.5325457],[10.2138184,45.5324944]]},"properties":{"site":"brescia","name":"","highway":"pedestrian"}},{"type":"Feature","geometry":{"type":"LineString","coordinates":[[10.2129798,45.5324962],[10.2133165,45.5325564]]},"properties":{"site":"brescia","name":"","highway":"footway"}},{"type":"Feature","geometry":{"type":"LineString","coordinates":[[10.2129417,45.5324215],[10.2129161,45.5323713]]},"properties":{"site":"brescia","name":"","highway":"footway"}},{"type":"Feature","geometry":{"type":"LineString","coordinates":[[10.2113541,45.5315871],[10.2114037,45.5315523],[10.2114621,45.5315213],[10.2115841,45.5314729],[10.2117196,45.5314344],[10.2121809,45.5313254],[10.2123231,45.5312926]]},"properties":{"site":"brescia","name":"","highway":"footway"}},{"type":"Feature","geometry":{"type":"LineString","coordinates":[[10.2177795,45.5338664],[10.2178177,45.5340463],[10.2178337,45.5341123],[10.2168491,45.5343017]]},"properties":{"site":"brescia","name":"","highway":"footway"}},{"type":"Feature","geometry":{"type":"LineString","coordinates":[[10.2146899,45.5347205],[10.2146373,45.5347307],[10.2145742,45.5347429]]},"properties":{"site":"brescia","name":"","highway":"footway"}},{"type":"Feature","geometry":{"type":"LineString","coordinates":[[10.2135543,45.5343219],[10.2136073,45.5343114]]},"properties":{"site":"brescia","name":"","highway":"footway"}},{"type":"Feature","geometry":{"type":"LineString","coordinates":[[10.2136073,45.5343114],[10.2136522,45.5343027],[10.2136967,45.5342941],[10.213787,45.5342805]]},"properties":{"site":"brescia","name":"","highway":"footway"}},{"type":"Feature","geometry":{"type":"LineString","coordinates":[[10.2132284,45.533644],[10.2133236,45.5336226],[10.2133155,45.5336042],[10.2131534,45.5331977]]},"properties":{"site":"brescia","name":"","highway":"footway"}},{"type":"Feature","geometry":{"type":"LineString","coordinates":[[10.2132284,45.533644],[10.2132462,45.5336804],[10.213262,45.5337128],[10.21329,45.5337746]]},"properties":{"site":"brescia","name":"","highway":"footway"}},{"type":"Feature","geometry":{"type":"LineString","coordinates":[[10.21329,45.5337746],[10.213341,45.5337699],[10.2133879,45.5337793],[10.2133986,45.5338046],[10.2134147,45.5338356],[10.2134402,45.5338949],[10.2136073,45.5343114]]},"properties":{"site":"brescia","name":"","highway":"footway"}},{"type":"Feature","geometry":{"type":"LineString","coordinates":[[10.2210839,45.5400569],[10.221073,45.5400272]]},"properties":{"site":"brescia","name":"Via Cesare Beccaria","highway":"pedestrian"}},{"type":"Feature","geometry":{"type":"LineString","coordinates":[[10.2205545,45.5398619],[10.2204017,45.5398809],[10.2201174,45.5399167],[10.2198219,45.5399552],[10.2196272,45.5399802]]},"properties":{"site":"brescia","name":"Piazza della Loggia","highway":"pedestrian"}},{"type":"Feature","geometry":{"type":"LineString","coordinates":[[10.2195584,45.5397053],[10.2196272,45.5399802]]},"properties":{"site":"brescia","name":"Piazza della Loggia","highway":"pedestrian"}},{"type":"Feature","geometry":{"type":"LineString","coordinates":[[10.2195584,45.5397053],[10.219479,45.5396937]]},"properties":{"site":"brescia","name":"Piazza della Loggia","highway":"pedestrian"}},{"type":"Feature","geometry":{"type":"LineString","coordinates":[[10.2195332,45.5387641],[10.2195265,45.5387205],[10.219494,45.5385119],[10.2194884,45.5384759],[10.219438,45.5381521],[10.2193833,45.5378122]]},"properties":{"site":"brescia","name":"Piazza della Vittoria","highway":"pedestrian"}},{"type":"Feature","geometry":{"type":"LineString","coordinates":[[10.2191907,45.5387915],[10.2193956,45.5387746],[10.2195332,45.5387641]]},"properties":{"site":"brescia","name":"Piazza della Vittoria","highway":"pedestrian"}},{"type":"Feature","geometry":{"type":"LineString","coordinates":[[10.2196918,45.5387508],[10.2196921,45.5388569]]},"properties":{"site":"brescia","name":"Piazza della Vittoria","highway":"pedestrian"}},{"type":"Feature","geometry":{"type":"LineString","coordinates":[[10.2196821,45.5386964],[10.2196918,45.5387508]]},"properties":{"site":"brescia","name":"Piazza della Vittoria","highway":"pedestrian"}},{"type":"Feature","geometry":{"type":"LineString","coordinates":[[10.2200922,45.5370268],[10.2201405,45.5370051]]},"properties":{"site":"brescia","name":"Portici di Corso Giuseppe Zanardelli","highway":"footway"}},{"type":"Feature","geometry":{"type":"LineString","coordinates":[[10.2201653,45.5375265],[10.2201647,45.5375217],[10.2201484,45.537434],[10.2201352,45.5373701]]},"properties":{"site":"brescia","name":"Portici di Via Dieci Giornate","highway":"footway"}},{"type":"Feature","geometry":{"type":"LineString","coordinates":[[10.2199663,45.5369641],[10.2200288,45.5369361],[10.2200635,45.5369205]]},"properties":{"site":"brescia","name":"Corso Giuseppe Zanardelli","highway":"pedestrian"}},{"type":"Feature","geometry":{"type":"LineString","coordinates":[[10.2199663,45.5369641],[10.2198953,45.5369948]]},"properties":{"site":"brescia","name":"Corso Palestro","highway":"pedestrian"}},{"type":"Feature","geometry":{"type":"LineString","coordinates":[[10.2147494,45.5348361],[10.2146953,45.5348462]]},"properties":{"site":"brescia","name":"","highway":"footway"}},{"type":"Feature","geometry":{"type":"LineString","coordinates":[[10.2146249,45.5348604],[10.2140443,45.5349778],[10.2125221,45.5352854]]},"properties":{"site":"brescia","name":"","highway":"footway"}},{"type":"Feature","geometry":{"type":"LineString","coordinates":[[10.21329,45.5337746],[10.2125511,45.5339408],[10.2121208,45.5337956]]},"properties":{"site":"brescia","name":"","highway":"footway"}},{"type":"Feature","geometry":{"type":"LineString","coordinates":[[10.2201481,45.5451074],[10.2201579,45.5451254],[10.2201733,45.5451533],[10.2201943,45.5451607],[10.2202785,45.5451401]]},"properties":{"site":"brescia","name":"","highway":"footway"}},{"type":"Feature","geometry":{"type":"LineString","coordinates":[[10.2235932,45.5412468],[10.2233113,45.5412056],[10.2230617,45.5411896],[10.2227599,45.54117],[10.2227312,45.5411681],[10.222486,45.5411335],[10.2222757,45.541135],[10.2221982,45.5411444],[10.2221653,45.5411604]]},"properties":{"site":"brescia","name":"","highway":"pedestrian"}},{"type":"Feature","geometry":{"type":"LineString","coordinates":[[10.223743,45.5412768],[10.2235932,45.5412468]]},"properties":{"site":"brescia","name":"","highway":"pedestrian"}},{"type":"Feature","geometry":{"type":"LineString","coordinates":[[10.22153,45.5319249],[10.2215208,45.5319057]]},"properties":{"site":"brescia","name":"","highway":"footway"}},{"type":"Feature","geometry":{"type":"LineString","coordinates":[[10.2317507,45.5356012],[10.2317195,45.5356549],[10.2316685,45.5357002],[10.231537,45.5357453],[10.2314297,45.5357735],[10.2313359,45.5357847],[10.231246,45.5358017],[10.2311253,45.5358064]]},"properties":{"site":"brescia","name":"","highway":"footway"}},{"type":"Feature","geometry":{"type":"LineString","coordinates":[[10.2317477,45.5349165],[10.231733,45.534915],[10.2315946,45.534901],[10.2315841,45.5348999]]},"properties":{"site":"brescia","name":"","highway":"footway"}},{"type":"Feature","geometry":{"type":"LineString","coordinates":[[10.2334466,45.533808],[10.2334704,45.5338171]]},"properties":{"site":"brescia","name":"","highway":"footway"}},{"type":"Feature","geometry":{"type":"LineString","coordinates":[[10.2332594,45.5340744],[10.2332363,45.5340619]]},"properties":{"site":"brescia","name":"","highway":"service"}},{"type":"Feature","geometry":{"type":"LineString","coordinates":[[10.2327886,45.5341849],[10.2327789,45.5342031]]},"properties":{"site":"brescia","name":"","highway":"service"}},{"type":"Feature","geometry":{"type":"LineString","coordinates":[[10.2331449,45.5337872],[10.2329231,45.5340195]]},"properties":{"site":"brescia","name":"","highway":"footway"}},{"type":"Feature","geometry":{"type":"LineString","coordinates":[[10.231989,45.5406021],[10.2322972,45.5406211]]},"properties":{"site":"brescia","name":"","highway":"service"}},{"type":"Feature","geometry":{"type":"LineString","coordinates":[[10.2315632,45.5405983],[10.2316402,45.5406013],[10.2318742,45.5406088]]},"properties":{"site":"brescia","name":"","highway":"service"}},{"type":"Feature","geometry":{"type":"LineString","coordinates":[[10.2322972,45.5406211],[10.232445,45.5406325],[10.2325382,45.5406408],[10.2325559,45.5406542],[10.2325412,45.5407744],[10.2324229,45.54088]]},"properties":{"site":"brescia","name":"","highway":"service"}},{"type":"Feature","geometry":{"type":"LineString","coordinates":[[10.231778,45.5407044],[10.2317932,45.5406652],[10.2318266,45.540632],[10.2318742,45.5406088],[10.2319114,45.5406002],[10.2319504,45.540598],[10.231989,45.5406021],[10.2320414,45.5406196],[10.2320821,45.5406485],[10.2321063,45.5406854],[10.232111,45.5407259],[10.2320956,45.5407651],[10.2320621,45.5407982],[10.2320144,45.5408214],[10.2319583,45.5408317],[10.2319005,45.5408279],[10.2318481,45.5408106],[10.2318072,45.5407818],[10.2317829,45.5407449],[10.231778,45.5407044]]},"properties":{"site":"brescia","name":"","highway":"service"}},{"type":"Feature","geometry":{"type":"LineString","coordinates":[[10.2317191,45.5356041],[10.2317195,45.5356549],[10.2317782,45.5356835],[10.2317531,45.5358056]]},"properties":{"site":"brescia","name":"","highway":"service"}},{"type":"Feature","geometry":{"type":"LineString","coordinates":[[10.2318217,45.5394506],[10.2318311,45.539358],[10.2318373,45.5392905]]},"properties":{"site":"brescia","name":"","highway":"footway"}},{"type":"Feature","geometry":{"type":"LineString","coordinates":[[10.231989,45.538294],[10.23193,45.5382583],[10.232027,45.5374282],[10.2320386,45.5373433],[10.2321044,45.5373109]]},"properties":{"site":"brescia","name":"","highway":"footway"}},{"type":"Feature","geometry":{"type":"LineString","coordinates":[[10.2305316,45.5437201],[10.230704,45.5436557]]},"properties":{"site":"brescia","name":"","highway":"footway"}},{"type":"Feature","geometry":{"type":"LineString","coordinates":[[10.2252959,45.5451045],[10.2253391,45.5450929],[10.2255612,45.5450252],[10.226127,45.5448699],[10.2272233,45.5445903],[10.2283516,45.5442945],[10.229188,45.5440717],[10.2296545,45.5439504],[10.2301793,45.5438122],[10.2302438,45.5438135],[10.2302621,45.5438207],[10.2302953,45.5438338],[10.2303392,45.5438561],[10.230371,45.5438869],[10.2303869,45.5439183],[10.2303897,45.5439642],[10.2303785,45.5440015],[10.2303408,45.5441073],[10.2302454,45.5443153],[10.2300458,45.5446575]]},"properties":{"site":"brescia","name":"","highway":"footway"}},{"type":"Feature","geometry":{"type":"LineString","coordinates":[[10.2174741,45.5383357],[10.2175214,45.5383158],[10.2175841,45.5382934]]},"properties":{"site":"brescia","name":"","highway":"footway"}},{"type":"Feature","geometry":{"type":"LineString","coordinates":[[10.2173351,45.5414093],[10.2172967,45.5414138],[10.2172692,45.541417],[10.2172354,45.5414163],[10.2171754,45.5414151],[10.2171613,45.5413753],[10.2171491,45.5413408],[10.2171371,45.541307],[10.2171256,45.5412745],[10.2171162,45.5412479],[10.2171395,45.5412441],[10.2171886,45.541236],[10.2172133,45.5412334],[10.2172369,45.5412309],[10.217241,45.5412468],[10.2172645,45.5412439],[10.2172918,45.5412405],[10.2173028,45.5412785],[10.2173351,45.5414093]]},"properties":{"site":"brescia","name":"Contrada di San Giovanni","highway":"pedestrian"}},{"type":"Feature","geometry":{"type":"LineString","coordinates":[[10.2160279,45.5409823],[10.2159761,45.5409876],[10.2157958,45.5410287],[10.2157905,45.540998],[10.2157856,45.5409763],[10.215779,45.540951],[10.2157731,45.5409323],[10.2157672,45.5409123],[10.215735,45.540767],[10.2157332,45.5407455],[10.2157906,45.5407119],[10.2158145,45.5406979],[10.2158291,45.5406975],[10.2158557,45.5406968],[10.2158879,45.5407422],[10.2159281,45.5407989],[10.2159761,45.5408872],[10.2159921,45.5409165],[10.2160018,45.5409344],[10.2160129,45.5409548],[10.2160235,45.5409742],[10.2160279,45.5409823]]},"properties":{"site":"brescia","name":"","highway":"pedestrian"}},{"type":"Feature","geometry":{"type":"LineString","coordinates":[[10.2236707,45.5395436],[10.2237773,45.5395588],[10.223859,45.539576],[10.2238976,45.5395956],[10.2239209,45.5396128],[10.2239418,45.5396503],[10.2237035,45.5396854],[10.2236949,45.5396493],[10.2236707,45.5395436]]},"properties":{"site":"brescia","name":"","highway":"pedestrian"}},{"type":"Feature","geometry":{"type":"LineString","coordinates":[[10.2229661,45.5383317],[10.2229675,45.5383399],[10.2229654,45.5383481],[10.2229599,45.5383554],[10.2229515,45.5383613],[10.222941,45.5383652],[10.2229304,45.5383666],[10.2229195,45.538366],[10.2229094,45.5383633],[10.2229006,45.5383588],[10.222894,45.5383528],[10.2228899,45.5383457],[10.2228888,45.5383384],[10.2228905,45.5383311],[10.2228948,45.5383244],[10.2229015,45.5383188],[10.2229102,45.5383146],[10.22292,45.5383121],[10.2229319,45.5383116],[10.2229433,45.5383136],[10.2229534,45.5383179],[10.2229613,45.5383241],[10.2229661,45.5383317]]},"properties":{"site":"brescia","name":"","highway":"footway"}},{"type":"Feature","geometry":{"type":"LineString","coordinates":[[10.2232245,45.5384361],[10.2232202,45.5384199],[10.2231526,45.5384317],[10.2227746,45.5384972],[10.2227579,45.5385001]]},"properties":{"site":"brescia","name":"","highway":"footway"}},{"type":"Feature","geometry":{"type":"LineString","coordinates":[[10.2231526,45.5384317],[10.2231149,45.5383092],[10.2230609,45.5381336]]},"properties":{"site":"brescia","name":"","highway":"footway"}},{"type":"Feature","geometry":{"type":"LineString","coordinates":[[10.2228165,45.5380969],[10.2226583,45.5381188],[10.2226271,45.5381231],[10.2226495,45.538204],[10.2226286,45.5382068]]},"properties":{"site":"brescia","name":"","highway":"footway"}},{"type":"Feature","geometry":{"type":"LineString","coordinates":[[10.2227746,45.5384972],[10.222735,45.5383683],[10.2226583,45.5381188]]},"properties":{"site":"brescia","name":"","highway":"path"}},{"type":"Feature","geometry":{"type":"LineString","coordinates":[[10.2231149,45.5383092],[10.2229661,45.5383317]]},"properties":{"site":"brescia","name":"","highway":"footway"}},{"type":"Feature","geometry":{"type":"LineString","coordinates":[[10.222735,45.5383683],[10.2228899,45.5383457]]},"properties":{"site":"brescia","name":"","highway":"footway"}},{"type":"Feature","geometry":{"type":"LineString","coordinates":[[10.22292,45.5383121],[10.2229157,45.5383019]]},"properties":{"site":"brescia","name":"","highway":"footway"}},{"type":"Feature","geometry":{"type":"LineString","coordinates":[[10.222941,45.5383652],[10.2229423,45.5383776]]},"properties":{"site":"brescia","name":"","highway":"footway"}},{"type":"Feature","geometry":{"type":"LineString","coordinates":[[10.2231108,45.5393424],[10.2233254,45.5394138],[10.2233231,45.5394194],[10.2228754,45.5393463],[10.2228603,45.5393343],[10.2228334,45.5392512],[10.2226923,45.5388157],[10.2228212,45.5387938],[10.2229016,45.5390117],[10.2229486,45.5390683],[10.2231108,45.5393424]]},"properties":{"site":"brescia","name":"Piazza Martiri di Belfiore","highway":"pedestrian"}},{"type":"Feature","geometry":{"type":"LineString","coordinates":[[10.2227705,45.5392597],[10.2228334,45.5392512]]},"properties":{"site":"brescia","name":"","highway":"footway"}},{"type":"Feature","geometry":{"type":"LineString","coordinates":[[10.2225469,45.5400547],[10.2225374,45.5400549],[10.2225282,45.5400533],[10.2225198,45.5400502],[10.2225129,45.5400456],[10.2225079,45.54004],[10.2225052,45.5400336],[10.2225049,45.5400269],[10.222507,45.5400204],[10.2225115,45.5400146],[10.222518,45.5400097],[10.2225261,45.5400061],[10.2225352,45.5400042],[10.2225465,45.5400041],[10.2225574,45.5400065],[10.2225667,45.540011],[10.2225735,45.5400174],[10.2225772,45.5400249],[10.2225777,45.5400317],[10.2225756,45.5400383],[10.222571,45.5400443],[10.2225644,45.5400492],[10.2225562,45.5400528],[10.2225469,45.5400547]]},"properties":{"site":"brescia","name":"","highway":"footway"}},{"type":"Feature","geometry":{"type":"LineString","coordinates":[[10.2224571,45.5401675],[10.2224283,45.5400429],[10.2223952,45.5399001]]},"properties":{"site":"brescia","name":"","highway":"footway"}},{"type":"Feature","geometry":{"type":"LineString","coordinates":[[10.22257,45.5401545],[10.2225469,45.5400547]]},"properties":{"site":"brescia","name":"","highway":"footway"}},{"type":"Feature","geometry":{"type":"LineString","coordinates":[[10.222683,45.5401414],[10.2226559,45.5400154],[10.2226247,45.5398707]]},"properties":{"site":"brescia","name":"","highway":"footway"}},{"type":"Feature","geometry":{"type":"LineString","coordinates":[[10.222683,45.5401414],[10.22257,45.5401545],[10.2224571,45.5401675]]},"properties":{"site":"brescia","name":"","highway":"footway"}},{"type":"Feature","geometry":{"type":"LineString","coordinates":[[10.2226559,45.5400154],[10.2225772,45.5400249]]},"properties":{"site":"brescia","name":"","highway":"footway"}},{"type":"Feature","geometry":{"type":"LineString","coordinates":[[10.2226247,45.5398707],[10.2225078,45.5398857],[10.2223952,45.5399001]]},"properties":{"site":"brescia","name":"","highway":"footway"}},{"type":"Feature","geometry":{"type":"LineString","coordinates":[[10.2225352,45.5400042],[10.2225078,45.5398857]]},"properties":{"site":"brescia","name":"","highway":"footway"}},{"type":"Feature","geometry":{"type":"LineString","coordinates":[[10.2225052,45.5400336],[10.2224283,45.5400429]]},"properties":{"site":"brescia","name":"","highway":"footway"}},{"type":"Feature","geometry":{"type":"LineString","coordinates":[[10.22257,45.5401545],[10.2225775,45.5401884]]},"properties":{"site":"brescia","name":"","highway":"steps"}},{"type":"Feature","geometry":{"type":"LineString","coordinates":[[10.2225775,45.5401884],[10.2225248,45.5401949]]},"properties":{"site":"brescia","name":"","highway":"steps"}},{"type":"Feature","geometry":{"type":"LineString","coordinates":[[10.2225775,45.5401884],[10.2226303,45.5401826]]},"properties":{"site":"brescia","name":"","highway":"steps"}},{"type":"Feature","geometry":{"type":"LineString","coordinates":[[10.2231414,45.5406935],[10.2231763,45.5406499],[10.2232075,45.5406123],[10.2232259,45.5405804],[10.2232264,45.5405506],[10.2232134,45.5405274],[10.223061,45.5404409],[10.2230336,45.5404029]]},"properties":{"site":"brescia","name":"","highway":"steps"}},{"type":"Feature","geometry":{"type":"LineString","coordinates":[[10.2232264,45.5405506],[10.2233314,45.5405393]]},"properties":{"site":"brescia","name":"","highway":"steps"}},{"type":"Feature","geometry":{"type":"LineString","coordinates":[[10.2235348,45.540858],[10.2235217,45.5408185],[10.2231826,45.540753],[10.2231414,45.5406935]]},"properties":{"site":"brescia","name":"","highway":"steps"}},{"type":"Feature","geometry":{"type":"LineString","coordinates":[[10.222902,45.5409133],[10.2231826,45.540753]]},"properties":{"site":"brescia","name":"","highway":"steps"}},{"type":"Feature","geometry":{"type":"LineString","coordinates":[[10.2222981,45.5410619],[10.222295,45.5410227],[10.2224268,45.5410149],[10.2227652,45.5410003],[10.22404,45.5409819],[10.2250761,45.5409703],[10.2256715,45.5409691],[10.2259355,45.5409686],[10.2261884,45.5409891],[10.2262973,45.5410184],[10.2266022,45.5411575],[10.2268057,45.5413027]]},"properties":{"site":"brescia","name":"","highway":"footway"}},{"type":"Feature","geometry":{"type":"LineString","coordinates":[[10.222295,45.5410227],[10.2222173,45.5410298],[10.2221959,45.5410317]]},"properties":{"site":"brescia","name":"","highway":"footway"}},{"type":"Feature","geometry":{"type":"LineString","coordinates":[[10.2221959,45.5410317],[10.2221492,45.5410349]]},"properties":{"site":"brescia","name":"","highway":"steps"}},{"type":"Feature","geometry":{"type":"LineString","coordinates":[[10.22404,45.5409819],[10.223989,45.5409445],[10.2235451,45.5408928],[10.2235348,45.540858]]},"properties":{"site":"brescia","name":"","highway":"steps"}},{"type":"Feature","geometry":{"type":"LineString","coordinates":[[10.22404,45.5409819],[10.2240463,45.5410436]]},"properties":{"site":"brescia","name":"","highway":"footway"}},{"type":"Feature","geometry":{"type":"LineString","coordinates":[[10.2225377,45.540678],[10.2225669,45.5407148]]},"properties":{"site":"brescia","name":"","highway":"footway"}},{"type":"Feature","geometry":{"type":"LineString","coordinates":[[10.2226775,45.5407899],[10.2226537,45.5407428],[10.2226427,45.5407313],[10.2226206,45.5407197],[10.2225958,45.5407148],[10.2225669,45.5407148]]},"properties":{"site":"brescia","name":"","highway":"steps"}},{"type":"Feature","geometry":{"type":"LineString","coordinates":[[10.2308366,45.5363205],[10.2300835,45.5363475],[10.229358,45.5363793]]},"properties":{"site":"brescia","name":"Piazzale Arnaldo","highway":"pedestrian"}},{"type":"Feature","geometry":{"type":"LineString","coordinates":[[10.2248879,45.5478589],[10.224904,45.5478964],[10.2246894,45.5479415],[10.2244373,45.5473798]]},"properties":{"site":"brescia","name":"","highway":"footway"}},{"type":"Feature","geometry":{"type":"LineString","coordinates":[[10.2159508,45.5386124],[10.2162535,45.5390949]]},"properties":{"site":"brescia","name":"corso Palestro","highway":"pedestrian"}},{"type":"Feature","geometry":{"type":"LineString","coordinates":[[10.2158799,45.5385438],[10.2158951,45.5385533],[10.2159227,45.5385706],[10.215942,45.5385992],[10.2159508,45.5386124]]},"properties":{"site":"brescia","name":"corso Palestro","highway":"pedestrian"}},{"type":"Feature","geometry":{"type":"LineString","coordinates":[[10.2230175,45.5356082],[10.2229684,45.5356077]]},"properties":{"site":"brescia","name":"Vicolo del Prezzemolo","highway":"pedestrian"}},{"type":"Feature","geometry":{"type":"LineString","coordinates":[[10.2325002,45.5389323],[10.2324933,45.5390088],[10.2324883,45.5390787]]},"properties":{"site":"brescia","name":"","highway":"service"}},{"type":"Feature","geometry":{"type":"LineString","coordinates":[[10.2198219,45.5399552],[10.2198268,45.5400083],[10.2198341,45.5400884],[10.2199128,45.5403389]]},"properties":{"site":"brescia","name":"Vicolo del legnaiuolo","highway":"pedestrian"}},{"type":"Feature","geometry":{"type":"LineString","coordinates":[[10.2202131,45.540251],[10.2201312,45.5399649],[10.2201174,45.5399167]]},"properties":{"site":"brescia","name":"Vicolo del sole","highway":"pedestrian"}},{"type":"Feature","geometry":{"type":"LineString","coordinates":[[10.2151238,45.5331017],[10.2150976,45.5331465]]},"properties":{"site":"brescia","name":"","highway":"service"}},{"type":"Feature","geometry":{"type":"LineString","coordinates":[[10.2183546,45.5386026],[10.2183614,45.5386891]]},"properties":{"site":"brescia","name":"","highway":"steps"}},{"type":"Feature","geometry":{"type":"LineString","coordinates":[[10.2209747,45.5335176],[10.2210415,45.5335051],[10.2211758,45.5334791]]},"properties":{"site":"brescia","name":"","highway":"footway"}},{"type":"Feature","geometry":{"type":"LineString","coordinates":[[10.2211758,45.5334791],[10.2210942,45.5332625],[10.2210757,45.5332433],[10.2209934,45.5331578]]},"properties":{"site":"brescia","name":"","highway":"footway"}},{"type":"Feature","geometry":{"type":"LineString","coordinates":[[10.2207621,45.533243],[10.220757,45.5332286],[10.2207469,45.5332002],[10.2207416,45.5331854],[10.2206893,45.5330378],[10.2206736,45.5329936]]},"properties":{"site":"brescia","name":"","highway":"footway"}},{"type":"Feature","geometry":{"type":"LineString","coordinates":[[10.2209481,45.5330346],[10.220933,45.5329905],[10.220918,45.5329469]]},"properties":{"site":"brescia","name":"","highway":"footway"}},{"type":"Feature","geometry":{"type":"LineString","coordinates":[[10.2202173,45.5336745],[10.2202765,45.5336623],[10.2203591,45.5336454]]},"properties":{"site":"brescia","name":"","highway":"footway"}},{"type":"Feature","geometry":{"type":"LineString","coordinates":[[10.2203591,45.5336454],[10.2202576,45.5333936],[10.220222,45.5333086]]},"properties":{"site":"brescia","name":"","highway":"footway"}},{"type":"Feature","geometry":{"type":"LineString","coordinates":[[10.2200108,45.5333338],[10.2199994,45.5333061],[10.2199854,45.533272]]},"properties":{"site":"brescia","name":"","highway":"footway"}},{"type":"Feature","geometry":{"type":"LineString","coordinates":[[10.2178997,45.5327505],[10.2179672,45.5328694],[10.2180889,45.5331564],[10.2182062,45.5334331],[10.2182394,45.5334509],[10.2186873,45.5333662]]},"properties":{"site":"brescia","name":"","highway":"footway"}},{"type":"Feature","geometry":{"type":"LineString","coordinates":[[10.2180889,45.5331564],[10.2182062,45.5334331],[10.2182394,45.5334509],[10.2186873,45.5333662],[10.2186499,45.5332673],[10.2183515,45.5333227],[10.2182737,45.5331231],[10.2180889,45.5331564]]},"properties":{"site":"brescia","name":"","highway":"pedestrian"}},{"type":"Feature","geometry":{"type":"LineString","coordinates":[[10.2223104,45.5329061],[10.2223458,45.5329969],[10.2224295,45.5332375]]},"properties":{"site":"brescia","name":"","highway":"footway"}},{"type":"Feature","geometry":{"type":"LineString","coordinates":[[10.2223458,45.5329969],[10.2229252,45.5328763]]},"properties":{"site":"brescia","name":"","highway":"footway"}},{"type":"Feature","geometry":{"type":"LineString","coordinates":[[10.2222731,45.53295],[10.2225715,45.5328856],[10.2228235,45.5328312]]},"properties":{"site":"brescia","name":"","highway":"service"}},{"type":"Feature","geometry":{"type":"LineString","coordinates":[[10.2225715,45.5328856],[10.2225388,45.5328107],[10.2224867,45.5326911]]},"properties":{"site":"brescia","name":"","highway":"service"}},{"type":"Feature","geometry":{"type":"LineString","coordinates":[[10.2202576,45.5333936],[10.2204009,45.5333642],[10.2206937,45.533304],[10.2208774,45.5332663]]},"properties":{"site":"brescia","name":"","highway":"footway"}},{"type":"Feature","geometry":{"type":"LineString","coordinates":[[10.2203645,45.5332801],[10.2204009,45.5333642]]},"properties":{"site":"brescia","name":"","highway":"footway"}},{"type":"Feature","geometry":{"type":"LineString","coordinates":[[10.2207641,45.5332499],[10.2206937,45.533304]]},"properties":{"site":"brescia","name":"","highway":"footway"}},{"type":"Feature","geometry":{"type":"LineString","coordinates":[[10.2232756,45.5330747],[10.2237647,45.5329773],[10.2246455,45.5328525],[10.2247103,45.5328433],[10.224803,45.532832],[10.2255188,45.5327444],[10.2267437,45.532646],[10.2278096,45.5325604]]},"properties":{"site":"brescia","name":"","highway":"footway"}},{"type":"Feature","geometry":{"type":"LineString","coordinates":[[10.2230533,45.5327966],[10.2231321,45.532776]]},"properties":{"site":"brescia","name":"","highway":"service"}},{"type":"Feature","geometry":{"type":"LineString","coordinates":[[10.2235907,45.533104],[10.2235398,45.5329387],[10.2234723,45.5327195],[10.2236024,45.532664],[10.2236695,45.532881],[10.2235398,45.5329387]]},"properties":{"site":"brescia","name":"","highway":"service"}},{"type":"Feature","geometry":{"type":"LineString","coordinates":[[10.2296151,45.532448],[10.2297105,45.532439],[10.2298737,45.5324298],[10.2301074,45.5324165],[10.2301061,45.5323695],[10.2295978,45.5322324],[10.2297105,45.532439]]},"properties":{"site":"brescia","name":"","highway":"footway"}},{"type":"Feature","geometry":{"type":"LineString","coordinates":[[10.22963,45.5320755],[10.2285487,45.5317569],[10.2285273,45.531616]]},"properties":{"site":"brescia","name":"","highway":"footway"}},{"type":"Feature","geometry":{"type":"LineString","coordinates":[[10.2298803,45.532472],[10.2298812,45.5324977],[10.2298838,45.5325768]]},"properties":{"site":"brescia","name":"","highway":"footway"}},{"type":"Feature","geometry":{"type":"LineString","coordinates":[[10.2245877,45.5324082],[10.2245983,45.5324429],[10.2246063,45.532476],[10.2246407,45.5326069],[10.2246729,45.5327154],[10.224691,45.5327764],[10.224702,45.5328157],[10.2247103,45.5328433]]},"properties":{"site":"brescia","name":"","highway":"pedestrian"}},{"type":"Feature","geometry":{"type":"LineString","coordinates":[[10.2210757,45.5332433],[10.2215715,45.5331453],[10.2217745,45.5331052],[10.2222022,45.5330226]]},"properties":{"site":"brescia","name":"","highway":"footway"}},{"type":"Feature","geometry":{"type":"LineString","coordinates":[[10.2215715,45.5331453],[10.2215964,45.5331059],[10.2215884,45.5330815],[10.2215257,45.5330556]]},"properties":{"site":"brescia","name":"","highway":"footway"}},{"type":"Feature","geometry":{"type":"LineString","coordinates":[[10.2217745,45.5331052],[10.2217145,45.5330853],[10.2217064,45.533059],[10.2217405,45.5330143]]},"properties":{"site":"brescia","name":"","highway":"footway"}},{"type":"Feature","geometry":{"type":"LineString","coordinates":[[10.2221666,45.5329325],[10.2222022,45.5330226],[10.2222973,45.5332629]]},"properties":{"site":"brescia","name":"","highway":"footway"}},{"type":"Feature","geometry":{"type":"LineString","coordinates":[[10.2277017,45.5323072],[10.227754,45.5322899],[10.2279962,45.5322097],[10.2280901,45.5322492],[10.2281223,45.5324972]]},"properties":{"site":"brescia","name":"","highway":"service"}},{"type":"Feature","geometry":{"type":"LineString","coordinates":[[10.2273748,45.5319481],[10.2278096,45.5325604]]},"properties":{"site":"brescia","name":"","highway":"footway"}},{"type":"Feature","geometry":{"type":"LineString","coordinates":[[10.2277205,45.5322404],[10.227754,45.5322899],[10.2277829,45.5323327]]},"properties":{"site":"brescia","name":"","highway":"footway"}},{"type":"Feature","geometry":{"type":"LineString","coordinates":[[10.22963,45.5320755],[10.2297557,45.5315051],[10.2297504,45.5314544],[10.2296377,45.5312646],[10.2293592,45.5313527],[10.2285273,45.531616]]},"properties":{"site":"brescia","name":"","highway":"footway"}},{"type":"Feature","geometry":{"type":"LineString","coordinates":[[10.2316717,45.5324341],[10.2329055,45.5325026],[10.2334438,45.5325315],[10.2335846,45.5325293],[10.2336262,45.5325287],[10.2337764,45.5325127],[10.2338179,45.5324845],[10.2337186,45.5310619],[10.2336783,45.5310131],[10.2335952,45.5309887]]},"properties":{"site":"brescia","name":"","highway":"footway"}},{"type":"Feature","geometry":{"type":"LineString","coordinates":[[10.2182449,45.5340525],[10.2182645,45.5341091],[10.2182834,45.5341617]]},"properties":{"site":"brescia","name":"","highway":"footway"}},{"type":"Feature","geometry":{"type":"LineString","coordinates":[[10.2199072,45.5338659],[10.2200215,45.5341619],[10.2203688,45.5340964]]},"properties":{"site":"brescia","name":"","highway":"footway"}},{"type":"Feature","geometry":{"type":"LineString","coordinates":[[10.2200215,45.5341619],[10.2202375,45.5338904],[10.2202078,45.5338102]]},"properties":{"site":"brescia","name":"","highway":"footway"}},{"type":"Feature","geometry":{"type":"LineString","coordinates":[[10.2200215,45.5341619],[10.2200299,45.5341862]]},"properties":{"site":"brescia","name":"","highway":"footway"}},{"type":"Feature","geometry":{"type":"LineString","coordinates":[[10.2200696,45.5343122],[10.2200801,45.5343607],[10.2201337,45.53468]]},"properties":{"site":"brescia","name":"","highway":"footway"}},{"type":"Feature","geometry":{"type":"LineString","coordinates":[[10.2200801,45.5343607],[10.2202588,45.5343288],[10.2202989,45.5345489],[10.2204931,45.5345294]]},"properties":{"site":"brescia","name":"","highway":"footway"}},{"type":"Feature","geometry":{"type":"LineString","coordinates":[[10.2201315,45.5350559],[10.2203159,45.5350405]]},"properties":{"site":"brescia","name":"","highway":"footway"}},{"type":"Feature","geometry":{"type":"LineString","coordinates":[[10.2204671,45.5352282],[10.2203577,45.535237]]},"properties":{"site":"brescia","name":"Via Benedetto Croce","highway":"footway"}},{"type":"Feature","geometry":{"type":"LineString","coordinates":[[10.2202619,45.5338001],[10.2203688,45.5340964],[10.2204488,45.5343181],[10.2204931,45.5345294],[10.2205186,45.5346507],[10.2205722,45.5349062],[10.22054,45.5349128],[10.220589,45.5352184],[10.2205962,45.535264]]},"properties":{"site":"brescia","name":"","highway":"footway"}},{"type":"Feature","geometry":{"type":"LineString","coordinates":[[10.2205707,45.53522],[10.2204671,45.5352282]]},"properties":{"site":"brescia","name":"Via Benedetto Croce","highway":"footway"}},{"type":"Feature","geometry":{"type":"LineString","coordinates":[[10.2212079,45.5335835],[10.2216038,45.5335091],[10.2223371,45.5333712],[10.2223525,45.5334576]]},"properties":{"site":"brescia","name":"","highway":"footway"}},{"type":"Feature","geometry":{"type":"LineString","coordinates":[[10.2215684,45.5334034],[10.2215909,45.5334675],[10.2216038,45.5335091]]},"properties":{"site":"brescia","name":"","highway":"footway"}},{"type":"Feature","geometry":{"type":"LineString","coordinates":[[10.222988,45.5331304],[10.2230112,45.5331979],[10.2230472,45.5333142]]},"properties":{"site":"brescia","name":"","highway":"footway"}},{"type":"Feature","geometry":{"type":"LineString","coordinates":[[10.2289775,45.5326787],[10.2289814,45.5326788],[10.2291465,45.5326899],[10.2292645,45.532703],[10.2293124,45.5327099],[10.2294013,45.5327228],[10.2294671,45.5327491],[10.2295234,45.5327716],[10.2295864,45.5328026],[10.2296843,45.5328599]]},"properties":{"site":"brescia","name":"","highway":"footway"}},{"type":"Feature","geometry":{"type":"LineString","coordinates":[[10.2246455,45.5328525],[10.224667,45.53295],[10.2246792,45.5330091],[10.2246828,45.5330268]]},"properties":{"site":"brescia","name":"","highway":"footway"}},{"type":"Feature","geometry":{"type":"LineString","coordinates":[[10.224803,45.532832],[10.2248178,45.5329303],[10.2248278,45.5329922],[10.2248322,45.5330196]]},"properties":{"site":"brescia","name":"","highway":"footway"}},{"type":"Feature","geometry":{"type":"LineString","coordinates":[[10.2205962,45.535264],[10.2206252,45.5354151],[10.2204608,45.5354302],[10.2202023,45.5354559]]},"properties":{"site":"brescia","name":"","highway":"footway"}},{"type":"Feature","geometry":{"type":"LineString","coordinates":[[10.2206437,45.5354138],[10.2206888,45.5354102],[10.2207472,45.5354056]]},"properties":{"site":"brescia","name":"","highway":"footway"}},{"type":"Feature","geometry":{"type":"LineString","coordinates":[[10.2202023,45.5354559],[10.2195692,45.5355263],[10.2195399,45.5355605]]},"properties":{"site":"brescia","name":"","highway":"footway"}},{"type":"Feature","geometry":{"type":"LineString","coordinates":[[10.2194838,45.5355917],[10.2196394,45.5355777],[10.21973,45.5359593],[10.2195791,45.5359729],[10.2194838,45.5355917]]},"properties":{"site":"brescia","name":"","highway":"pedestrian"}},{"type":"Feature","geometry":{"type":"LineString","coordinates":[[10.2180012,45.533741],[10.2180086,45.5338685],[10.218026,45.5340339]]},"properties":{"site":"brescia","name":"","highway":"footway"}},{"type":"Feature","geometry":{"type":"LineString","coordinates":[[10.2164943,45.5337936],[10.213805,45.5343223],[10.213787,45.5342805],[10.2135639,45.5337694],[10.2136011,45.5337314],[10.2136354,45.5336997],[10.2145523,45.5334829],[10.2148521,45.5334191],[10.2159078,45.5331752],[10.216257,45.5331015]]},"properties":{"site":"brescia","name":"","highway":"footway"}},{"type":"Feature","geometry":{"type":"LineString","coordinates":[[10.2177636,45.5337919],[10.2177524,45.5337431],[10.2177238,45.5336404],[10.2176887,45.5335366]]},"properties":{"site":"brescia","name":"","highway":"footway"}},{"type":"Feature","geometry":{"type":"LineString","coordinates":[[10.2145045,45.5319998],[10.2153041,45.5318323],[10.2154991,45.5320304],[10.2155254,45.5320859],[10.2158269,45.5320143],[10.2158334,45.5320285],[10.2158564,45.5320816],[10.2158751,45.5321246],[10.2159408,45.532276],[10.215411,45.5323925],[10.2153826,45.5323125],[10.2153713,45.5322806],[10.2153574,45.5322413],[10.2152867,45.5322432],[10.2151282,45.5322374],[10.2149962,45.5322461],[10.2146651,45.5323216],[10.2145045,45.5319998]]},"properties":{"site":"brescia","name":"","highway":"pedestrian"}},{"type":"Feature","geometry":{"type":"LineString","coordinates":[[10.213554,45.5323776],[10.2137354,45.5323338],[10.2142939,45.5321988],[10.2143709,45.5323644]]},"properties":{"site":"brescia","name":"","highway":"footway"}},{"type":"Feature","geometry":{"type":"LineString","coordinates":[[10.2124699,45.5330764],[10.212223,45.5327974],[10.2121636,45.5327304],[10.2120943,45.5326884],[10.2120773,45.5326781],[10.2122598,45.5326316],[10.212218,45.532551],[10.2122675,45.5325389],[10.2123051,45.5325298],[10.2123149,45.5325497],[10.2123561,45.5325397],[10.2123736,45.5325741],[10.2125324,45.5325339],[10.2125927,45.5326543],[10.2127713,45.5327136],[10.2128783,45.532751],[10.212885,45.5327423],[10.212935,45.5327595],[10.2129849,45.5327766],[10.2131764,45.5327285],[10.2132213,45.53265],[10.2132391,45.5326559],[10.2133165,45.5325564],[10.2133821,45.532472],[10.2133132,45.5323445],[10.2134775,45.5323023],[10.2134636,45.5322683],[10.2135056,45.532258],[10.2134911,45.5322291],[10.2135184,45.5322224],[10.2135554,45.5322133],[10.2136134,45.5323325],[10.2137215,45.5323068],[10.2137354,45.5323338],[10.2137601,45.5323815],[10.2138018,45.5324623],[10.2138184,45.5324944],[10.2138439,45.5325463],[10.2138478,45.5325866],[10.2138664,45.5327789],[10.213815,45.5327903],[10.2137245,45.5328103],[10.213507,45.5328584],[10.2134444,45.5328323],[10.2132715,45.5328702],[10.2131215,45.5329031],[10.2130124,45.5329283],[10.2128908,45.5329565],[10.2128727,45.5329978],[10.2125261,45.5330793],[10.2125042,45.5330845],[10.2124699,45.5330764]]},"properties":{"site":"brescia","name":"Piazzale Stazione","highway":"pedestrian"}},{"type":"Feature","geometry":{"type":"LineString","coordinates":[[10.2120763,45.5327781],[10.2121636,45.5327304],[10.2121861,45.5327181],[10.2123623,45.5326962],[10.212398,45.5326918],[10.2126447,45.5327585],[10.2126541,45.5327866],[10.2126388,45.5328142],[10.2126233,45.5328374],[10.2125804,45.5328458],[10.2123711,45.5327726],[10.2122545,45.5327857],[10.212223,45.5327974],[10.2121652,45.5328189]]},"properties":{"site":"brescia","name":"","highway":"service"}},{"type":"Feature","geometry":{"type":"LineString","coordinates":[[10.2138208,45.5324123],[10.2138312,45.5324317],[10.2138258,45.5324533],[10.2138018,45.5324623]]},"properties":{"site":"brescia","name":"","highway":"steps"}},{"type":"Feature","geometry":{"type":"LineString","coordinates":[[10.2130401,45.5329881],[10.2130434,45.5329953],[10.2130576,45.533029]]},"properties":{"site":"brescia","name":"","highway":"footway"}},{"type":"Feature","geometry":{"type":"LineString","coordinates":[[10.2132991,45.5329319],[10.2133026,45.5329396],[10.2133444,45.5330349],[10.2133714,45.5330944]]},"properties":{"site":"brescia","name":"","highway":"footway"}},{"type":"Feature","geometry":{"type":"LineString","coordinates":[[10.2137739,45.5329383],[10.2133444,45.5330349],[10.2131944,45.5330686]]},"properties":{"site":"brescia","name":"","highway":"service"}},{"type":"Feature","geometry":{"type":"LineString","coordinates":[[10.2139626,45.5325646],[10.2139885,45.5325594],[10.2148401,45.5323603],[10.2149986,45.5323236],[10.2150708,45.5323152],[10.215225,45.5323143],[10.2153826,45.5323125],[10.2154423,45.5323077],[10.2155268,45.5322861],[10.2157079,45.5322021],[10.2158751,45.5321246]]},"properties":{"site":"brescia","name":"","highway":"footway"}},{"type":"Feature","geometry":{"type":"LineString","coordinates":[[10.2158906,45.5319308],[10.2155454,45.5320034]]},"properties":{"site":"brescia","name":"","highway":"service"}},{"type":"Feature","geometry":{"type":"LineString","coordinates":[[10.215111,45.5322717],[10.2153135,45.5327511],[10.2153484,45.5327821],[10.2154,45.5327854],[10.2154416,45.53276],[10.2154436,45.5327262]]},"properties":{"site":"brescia","name":"","highway":"service"}},{"type":"Feature","geometry":{"type":"LineString","coordinates":[[10.2148137,45.5320682],[10.2147716,45.5322576]]},"properties":{"site":"brescia","name":"","highway":"footway"}},{"type":"Feature","geometry":{"type":"LineString","coordinates":[[10.2154014,45.5322236],[10.2154154,45.5322525],[10.2154423,45.5323077]]},"properties":{"site":"brescia","name":"","highway":"footway"}},{"type":"Feature","geometry":{"type":"LineString","coordinates":[[10.2152272,45.5331815],[10.2156488,45.5330865],[10.2162107,45.5329535],[10.2159408,45.532276],[10.2158751,45.5321246],[10.2158474,45.5320602],[10.2158334,45.5320285]]},"properties":{"site":"brescia","name":"","highway":"footway"}},{"type":"Feature","geometry":{"type":"LineString","coordinates":[[10.2153826,45.5323125],[10.215411,45.5323925],[10.2159408,45.532276]]},"properties":{"site":"brescia","name":"","highway":"footway"}},{"type":"Feature","geometry":{"type":"LineString","coordinates":[[10.2157079,45.5322021],[10.2159408,45.532276]]},"properties":{"site":"brescia","name":"","highway":"footway"}},{"type":"Feature","geometry":{"type":"LineString","coordinates":[[10.2148401,45.5323603],[10.2149447,45.5326036],[10.2140046,45.5328159],[10.2138638,45.5328709]]},"properties":{"site":"brescia","name":"","highway":"footway"}},{"type":"Feature","geometry":{"type":"LineString","coordinates":[[10.2139885,45.5325594],[10.2140046,45.5328159],[10.2139925,45.5329183]]},"properties":{"site":"brescia","name":"","highway":"footway"}},{"type":"Feature","geometry":{"type":"LineString","coordinates":[[10.2139925,45.5329183],[10.2139645,45.532925],[10.2139392,45.5329311],[10.2139139,45.5329371],[10.2138821,45.5329447],[10.2137923,45.5329662]]},"properties":{"site":"brescia","name":"","highway":"footway"}},{"type":"Feature","geometry":{"type":"LineString","coordinates":[[10.2138638,45.5328709],[10.2138513,45.5328739],[10.2137614,45.5328953]]},"properties":{"site":"brescia","name":"","highway":"footway"}},{"type":"Feature","geometry":{"type":"LineString","coordinates":[[10.2137614,45.5328953],[10.2134903,45.5329566]]},"properties":{"site":"brescia","name":"","highway":"footway"}},{"type":"Feature","geometry":{"type":"LineString","coordinates":[[10.2137923,45.5329662],[10.2137029,45.5329897],[10.2137136,45.533016],[10.2133714,45.5330944],[10.2132791,45.5331156],[10.2132854,45.5331378]]},"properties":{"site":"brescia","name":"","highway":"footway"}},{"type":"Feature","geometry":{"type":"LineString","coordinates":[[10.2149447,45.5326036],[10.2151162,45.5326028]]},"properties":{"site":"brescia","name":"","highway":"footway"}},{"type":"Feature","geometry":{"type":"LineString","coordinates":[[10.2145457,45.533359],[10.2145025,45.5334312]]},"properties":{"site":"brescia","name":"","highway":"service"}},{"type":"Feature","geometry":{"type":"LineString","coordinates":[[10.2125083,45.5314805],[10.2126352,45.5314486]]},"properties":{"site":"brescia","name":"","highway":"steps"}},{"type":"Feature","geometry":{"type":"LineString","coordinates":[[10.2143933,45.5310146],[10.2142433,45.5310537]]},"properties":{"site":"brescia","name":"","highway":"steps"}},{"type":"Feature","geometry":{"type":"LineString","coordinates":[[10.2143933,45.5310146],[10.2144148,45.531009]]},"properties":{"site":"brescia","name":"","highway":"footway"}},{"type":"Feature","geometry":{"type":"LineString","coordinates":[[10.2125782,45.5316233],[10.2126986,45.5315904]]},"properties":{"site":"brescia","name":"","highway":"steps"}},{"type":"Feature","geometry":{"type":"LineString","coordinates":[[10.2126504,45.5317709],[10.2127661,45.5317384]]},"properties":{"site":"brescia","name":"","highway":"steps"}},{"type":"Feature","geometry":{"type":"LineString","coordinates":[[10.2145334,45.5312963],[10.2143887,45.5313335]]},"properties":{"site":"brescia","name":"","highway":"steps"}},{"type":"Feature","geometry":{"type":"LineString","coordinates":[[10.21445,45.5311286],[10.2143036,45.531167]]},"properties":{"site":"brescia","name":"","highway":"steps"}},{"type":"Feature","geometry":{"type":"LineString","coordinates":[[10.2145334,45.5312963],[10.2145503,45.5312917]]},"properties":{"site":"brescia","name":"","highway":"footway"}},{"type":"Feature","geometry":{"type":"LineString","coordinates":[[10.21445,45.5311286],[10.2144649,45.5311248]]},"properties":{"site":"brescia","name":"","highway":"footway"}},{"type":"Feature","geometry":{"type":"LineString","coordinates":[[10.2132854,45.5331378],[10.2134829,45.5335656],[10.2134912,45.533582],[10.2135825,45.5335622],[10.2139526,45.5334767],[10.2141251,45.5334277]]},"properties":{"site":"brescia","name":"","highway":"footway"}},{"type":"Feature","geometry":{"type":"LineString","coordinates":[[10.2124699,45.5330764],[10.2123716,45.533111],[10.2123289,45.5331335],[10.212261,45.5331616],[10.2122437,45.5331906]]},"properties":{"site":"brescia","name":"","highway":"footway"}},{"type":"Feature","geometry":{"type":"LineString","coordinates":[[10.2118177,45.5333715],[10.211862,45.5333859],[10.2121407,45.533478]]},"properties":{"site":"brescia","name":"","highway":"footway"}},{"type":"Feature","geometry":{"type":"LineString","coordinates":[[10.211355,45.5331698],[10.2112862,45.5331473],[10.2112563,45.5331376],[10.2112161,45.5330338],[10.2120024,45.5328441],[10.212063,45.5328294],[10.2122437,45.5331906]]},"properties":{"site":"brescia","name":"","highway":"footway"}},{"type":"Feature","geometry":{"type":"LineString","coordinates":[[10.2121139,45.5334077],[10.2121725,45.5334269],[10.2122124,45.5334392]]},"properties":{"site":"brescia","name":"","highway":"footway"}},{"type":"Feature","geometry":{"type":"LineString","coordinates":[[10.2120024,45.5328441],[10.211977,45.5327831],[10.2119564,45.5327249],[10.2120943,45.5326884]]},"properties":{"site":"brescia","name":"","highway":"footway"}},{"type":"Feature","geometry":{"type":"LineString","coordinates":[[10.2129413,45.5323518],[10.2129636,45.5323463]]},"properties":{"site":"brescia","name":"","highway":"footway"}},{"type":"Feature","geometry":{"type":"LineString","coordinates":[[10.2128755,45.5322225],[10.212859,45.532227]]},"properties":{"site":"brescia","name":"","highway":"footway"}},{"type":"Feature","geometry":{"type":"LineString","coordinates":[[10.2128173,45.5321081],[10.2128046,45.5321112]]},"properties":{"site":"brescia","name":"","highway":"footway"}},{"type":"Feature","geometry":{"type":"LineString","coordinates":[[10.2127633,45.5320016],[10.212753,45.5320036]]},"properties":{"site":"brescia","name":"","highway":"footway"}},{"type":"Feature","geometry":{"type":"LineString","coordinates":[[10.2125472,45.5312711],[10.2126939,45.5312362],[10.2127066,45.5312658],[10.2127462,45.5312827],[10.2128831,45.5312499],[10.2130341,45.5312172],[10.2139105,45.5310117],[10.2139512,45.5309759],[10.2139279,45.5309281],[10.2141164,45.5308827],[10.2143271,45.5308326],[10.2144952,45.5307919],[10.214581,45.5308191],[10.2160267,45.5304593],[10.2161936,45.5304161],[10.2164613,45.5303017],[10.2165623,45.5302532],[10.2169065,45.5301643],[10.2170249,45.5301399],[10.2173066,45.5300909],[10.2175797,45.5300309],[10.2182923,45.529858],[10.2189919,45.529671],[10.2193303,45.5295846],[10.219671,45.5294953],[10.2199794,45.5294164],[10.220143,45.5293713],[10.2202195,45.5293534],[10.2202794,45.5293178],[10.2215319,45.5289998],[10.2227993,45.5287635],[10.2228972,45.528833],[10.2229605,45.5288111],[10.2230038,45.5287961],[10.2234987,45.5292767],[10.2236609,45.5292786],[10.2237568,45.5291668],[10.223783,45.5291001],[10.2238353,45.5290146],[10.2238494,45.5289765],[10.223845,45.5288671],[10.2237888,45.5286131],[10.2237803,45.5285763],[10.2230179,45.5287074],[10.2230038,45.5287961]]},"properties":{"site":"brescia","name":"","highway":"footway"}},{"type":"Feature","geometry":{"type":"LineString","coordinates":[[10.2124505,45.5311555],[10.2122511,45.5307632],[10.212113,45.5304915],[10.2121372,45.5304853],[10.2128091,45.5303112],[10.2129886,45.5302607],[10.2155577,45.5295391]]},"properties":{"site":"brescia","name":"","highway":"footway"}},{"type":"Feature","geometry":{"type":"LineString","coordinates":[[10.2124179,45.5354527],[10.21238,45.5354403],[10.2123502,45.5354067],[10.2123462,45.5353719],[10.2123579,45.5353416],[10.2123878,45.5353146],[10.2124192,45.5353078],[10.2125221,45.5352854],[10.2125075,45.5354617],[10.2125058,45.5354828],[10.2124179,45.5354527]]},"properties":{"site":"brescia","name":"","highway":"pedestrian"}},{"type":"Feature","geometry":{"type":"LineString","coordinates":[[10.212354,45.5351916],[10.2132185,45.535025],[10.2138174,45.5349088],[10.213805,45.5348813],[10.213721,45.5346553]]},"properties":{"site":"brescia","name":"","highway":"footway"}},{"type":"Feature","geometry":{"type":"LineString","coordinates":[[10.2133155,45.5336042],[10.2133651,45.533593],[10.213414,45.5335819],[10.2134829,45.5335656]]},"properties":{"site":"brescia","name":"","highway":"footway"}},{"type":"Feature","geometry":{"type":"LineString","coordinates":[[10.2135825,45.5335622],[10.2135996,45.5335986],[10.2136149,45.5336311],[10.2136354,45.5336997]]},"properties":{"site":"brescia","name":"","highway":"footway"}},{"type":"Feature","geometry":{"type":"LineString","coordinates":[[10.2133986,45.5338046],[10.2134497,45.5337945],[10.2134963,45.5337852],[10.2135639,45.5337694]]},"properties":{"site":"brescia","name":"","highway":"footway"}},{"type":"Feature","geometry":{"type":"LineString","coordinates":[[10.213805,45.5348813],[10.2138415,45.5348744],[10.2138882,45.5348657],[10.2139397,45.5348561]]},"properties":{"site":"brescia","name":"","highway":"footway"}},{"type":"Feature","geometry":{"type":"LineString","coordinates":[[10.2146899,45.5347205],[10.2146008,45.5344837],[10.2146165,45.5343956],[10.2146204,45.5343697]]},"properties":{"site":"brescia","name":"","highway":"footway"}},{"type":"Feature","geometry":{"type":"LineString","coordinates":[[10.2158419,45.5344927],[10.2157494,45.5342625]]},"properties":{"site":"brescia","name":"","highway":"footway"}},{"type":"Feature","geometry":{"type":"LineString","coordinates":[[10.2166416,45.5340774],[10.216585,45.533997],[10.2165529,45.5339573],[10.2165206,45.5338743],[10.2164943,45.5337936]]},"properties":{"site":"brescia","name":"","highway":"footway"}},{"type":"Feature","geometry":{"type":"LineString","coordinates":[[10.2168491,45.5343017],[10.2167651,45.5340538]]},"properties":{"site":"brescia","name":"","highway":"footway"}},{"type":"Feature","geometry":{"type":"LineString","coordinates":[[10.2177878,45.5335161],[10.2177804,45.5334985]]},"properties":{"site":"brescia","name":"","highway":"footway"}},{"type":"Feature","geometry":{"type":"LineString","coordinates":[[10.2164943,45.5337936],[10.216257,45.5331015]]},"properties":{"site":"brescia","name":"","highway":"footway"}},{"type":"Feature","geometry":{"type":"LineString","coordinates":[[10.21701,45.5318736],[10.2173953,45.532678]]},"properties":{"site":"brescia","name":"","highway":"footway"}},{"type":"Feature","geometry":{"type":"LineString","coordinates":[[10.216439,45.5330629],[10.2164116,45.532997],[10.216378,45.5329161]]},"properties":{"site":"brescia","name":"","highway":"footway"}},{"type":"Feature","geometry":{"type":"LineString","coordinates":[[10.2163931,45.5330726],[10.216488,45.5333535],[10.2166533,45.5337475]]},"properties":{"site":"brescia","name":"","highway":"footway"}},{"type":"Feature","geometry":{"type":"LineString","coordinates":[[10.2175547,45.5328257],[10.2176505,45.5328048],[10.2177553,45.532782],[10.217822,45.5327669]]},"properties":{"site":"brescia","name":"","highway":"footway"}},{"type":"Feature","geometry":{"type":"LineString","coordinates":[[10.2171166,45.5316906],[10.2171318,45.5317432],[10.2171633,45.5318362],[10.2174954,45.5326544]]},"properties":{"site":"brescia","name":"","highway":"footway"}},{"type":"Feature","geometry":{"type":"LineString","coordinates":[[10.2200507,45.5313199],[10.2200997,45.5312374],[10.2201727,45.531135],[10.2202593,45.5311194],[10.2203631,45.5311157],[10.2206904,45.5312149],[10.2206857,45.5313056],[10.2203048,45.5313069],[10.2202498,45.5313136],[10.2200983,45.5313185],[10.2200507,45.5313199]]},"properties":{"site":"brescia","name":"","highway":"pedestrian"}},{"type":"Feature","geometry":{"type":"LineString","coordinates":[[10.2202498,45.5313136],[10.2202593,45.5311194],[10.2203081,45.5310086]]},"properties":{"site":"brescia","name":"","highway":"footway"}},{"type":"Feature","geometry":{"type":"LineString","coordinates":[[10.2200983,45.5313185],[10.2200949,45.5313383],[10.2200983,45.5313958]]},"properties":{"site":"brescia","name":"","highway":"footway"}},{"type":"Feature","geometry":{"type":"LineString","coordinates":[[10.2203048,45.5313069],[10.2203053,45.5313376],[10.2203062,45.5313909]]},"properties":{"site":"brescia","name":"","highway":"footway"}},{"type":"Feature","geometry":{"type":"LineString","coordinates":[[10.2200473,45.5320972],[10.2200744,45.5321563],[10.2201112,45.5322444]]},"properties":{"site":"brescia","name":"","highway":"footway"}},{"type":"Feature","geometry":{"type":"LineString","coordinates":[[10.2208725,45.5329559],[10.220612,45.5323143],[10.2207702,45.5320842],[10.2215208,45.5319057],[10.2215545,45.5318977],[10.2227108,45.5316229],[10.2228717,45.5316105]]},"properties":{"site":"brescia","name":"","highway":"footway"}},{"type":"Feature","geometry":{"type":"LineString","coordinates":[[10.2215545,45.5318977],[10.2215198,45.531822],[10.2214919,45.5317604]]},"properties":{"site":"brescia","name":"","highway":"footway"}},{"type":"Feature","geometry":{"type":"LineString","coordinates":[[10.2204188,45.5318211],[10.2202445,45.5313908],[10.2203062,45.5313909],[10.2214099,45.5313915],[10.2220478,45.5313918],[10.2227725,45.5313965],[10.222814,45.5314237]]},"properties":{"site":"brescia","name":"","highway":"footway"}},{"type":"Feature","geometry":{"type":"LineString","coordinates":[[10.2201184,45.5314012],[10.2201593,45.5313978],[10.2202445,45.5313908]]},"properties":{"site":"brescia","name":"","highway":"footway"}},{"type":"Feature","geometry":{"type":"LineString","coordinates":[[10.2207327,45.5319517],[10.2207484,45.5320104],[10.2207702,45.5320842]]},"properties":{"site":"brescia","name":"","highway":"footway"}},{"type":"Feature","geometry":{"type":"LineString","coordinates":[[10.2207497,45.5329794],[10.2205127,45.5323322],[10.2201828,45.5322288],[10.2201112,45.5322444],[10.2195229,45.5323723],[10.2178869,45.5327279]]},"properties":{"site":"brescia","name":"","highway":"footway"}},{"type":"Feature","geometry":{"type":"LineString","coordinates":[[10.2208725,45.5329559],[10.220918,45.5329469],[10.2217884,45.5327651],[10.2219337,45.5324194],[10.2220201,45.5322998],[10.2220898,45.5322509],[10.2226379,45.5319596],[10.222743,45.5319038],[10.2228288,45.5318082],[10.2228865,45.5316335],[10.2228717,45.5316105]]},"properties":{"site":"brescia","name":"","highway":"footway"}},{"type":"Feature","geometry":{"type":"LineString","coordinates":[[10.2226379,45.5319596],[10.2226593,45.5319847],[10.2227009,45.5320335]]},"properties":{"site":"brescia","name":"","highway":"footway"}},{"type":"Feature","geometry":{"type":"LineString","coordinates":[[10.2242533,45.5310814],[10.2241286,45.5299839]]},"properties":{"site":"brescia","name":"","highway":"footway"}},{"type":"Feature","geometry":{"type":"LineString","coordinates":[[10.2243586,45.53107],[10.2242437,45.529978]]},"properties":{"site":"brescia","name":"","highway":"footway"}},{"type":"Feature","geometry":{"type":"LineString","coordinates":[[10.2256693,45.5321135],[10.2263673,45.532029],[10.2269359,45.5319181],[10.2272231,45.5318244],[10.2272873,45.5318035]]},"properties":{"site":"brescia","name":"","highway":"footway"}},{"type":"Feature","geometry":{"type":"LineString","coordinates":[[10.2273129,45.5319657],[10.2272656,45.5318934],[10.2272231,45.5318244]]},"properties":{"site":"brescia","name":"","highway":"footway"}},{"type":"Feature","geometry":{"type":"LineString","coordinates":[[10.2285978,45.5314229],[10.2283414,45.5313037],[10.2284105,45.5307853],[10.2285446,45.5307195],[10.2291669,45.5307627],[10.2298857,45.5308117],[10.2299695,45.5308185]]},"properties":{"site":"brescia","name":"","highway":"footway"}},{"type":"Feature","geometry":{"type":"LineString","coordinates":[[10.2283414,45.5313037],[10.2283197,45.5315036]]},"properties":{"site":"brescia","name":"","highway":"footway"}},{"type":"Feature","geometry":{"type":"LineString","coordinates":[[10.2297484,45.5312307],[10.2301519,45.531097],[10.2304362,45.5310444],[10.2306695,45.5310369],[10.230868,45.5310463],[10.2308117,45.5315085],[10.2306732,45.5323612]]},"properties":{"site":"brescia","name":"","highway":"footway"}},{"type":"Feature","geometry":{"type":"LineString","coordinates":[[10.2253769,45.5310859],[10.2254466,45.5309863],[10.2268199,45.5306894],[10.2269004,45.5307608],[10.2269755,45.5307909],[10.2270801,45.5308059]]},"properties":{"site":"brescia","name":"","highway":"footway"}},{"type":"Feature","geometry":{"type":"LineString","coordinates":[[10.2293592,45.5313527],[10.2293075,45.5312755],[10.2292756,45.5312279]]},"properties":{"site":"brescia","name":"","highway":"footway"}},{"type":"Feature","geometry":{"type":"LineString","coordinates":[[10.2358215,45.5318618],[10.2360788,45.5319538]]},"properties":{"site":"brescia","name":"","highway":"footway"}},{"type":"Feature","geometry":{"type":"LineString","coordinates":[[10.2359492,45.5330262],[10.2359966,45.5329557]]},"properties":{"site":"brescia","name":"","highway":"service"}},{"type":"Feature","geometry":{"type":"LineString","coordinates":[[10.2357276,45.5327993],[10.2365405,45.5330526],[10.2366518,45.5331409],[10.236621,45.5331878]]},"properties":{"site":"brescia","name":"","highway":"footway"}},{"type":"Feature","geometry":{"type":"LineString","coordinates":[[10.2349893,45.5335834],[10.2350409,45.5336468],[10.2350874,45.5336918]]},"properties":{"site":"brescia","name":"","highway":"footway"}},{"type":"Feature","geometry":{"type":"LineString","coordinates":[[10.2349151,45.5337059],[10.23495,45.5336431],[10.2349893,45.5335834]]},"properties":{"site":"brescia","name":"","highway":"footway"}},{"type":"Feature","geometry":{"type":"LineString","coordinates":[[10.234715,45.5341445],[10.2347642,45.5341583],[10.2348277,45.534176]]},"properties":{"site":"brescia","name":"","highway":"footway"}},{"type":"Feature","geometry":{"type":"LineString","coordinates":[[10.2335846,45.5353768],[10.2335848,45.5354098],[10.233585,45.5354582]]},"properties":{"site":"brescia","name":"","highway":"footway"}},{"type":"Feature","geometry":{"type":"LineString","coordinates":[[10.2344697,45.5355439],[10.2343408,45.5353706]]},"properties":{"site":"brescia","name":"","highway":"steps"}},{"type":"Feature","geometry":{"type":"LineString","coordinates":[[10.2326211,45.535295],[10.2325747,45.5352806],[10.2325444,45.5352711]]},"properties":{"site":"brescia","name":"","highway":"footway"}},{"type":"Feature","geometry":{"type":"LineString","coordinates":[[10.2329787,45.5362622],[10.2330176,45.5363063],[10.2331048,45.5363449],[10.2331879,45.5363618],[10.2333046,45.5363665],[10.2333584,45.5363545],[10.2334374,45.5363345],[10.2335058,45.5363063],[10.2335719,45.5362588],[10.2336009,45.536225],[10.2336224,45.5361748],[10.2336305,45.5361128],[10.2336152,45.5360692]]},"properties":{"site":"brescia","name":"","highway":"footway"}},{"type":"Feature","geometry":{"type":"LineString","coordinates":[[10.2345408,45.5355181],[10.2345486,45.5355289],[10.2346151,45.5356204],[10.2346739,45.5357014]]},"properties":{"site":"brescia","name":"","highway":"footway"}},{"type":"Feature","geometry":{"type":"LineString","coordinates":[[10.2317158,45.5363528],[10.2319768,45.5363505]]},"properties":{"site":"brescia","name":"","highway":"footway"}},{"type":"Feature","geometry":{"type":"LineString","coordinates":[[10.2321022,45.5359714],[10.2320695,45.5360084],[10.2320383,45.536035],[10.2319969,45.5360483],[10.2319751,45.5360523],[10.2319555,45.536056],[10.2319072,45.5360591],[10.2319079,45.5360675]]},"properties":{"site":"brescia","name":"","highway":"footway"}},{"type":"Feature","geometry":{"type":"LineString","coordinates":[[10.2308221,45.5361213],[10.2308341,45.5361657],[10.2308366,45.5363205],[10.2308332,45.536371]]},"properties":{"site":"brescia","name":"","highway":"footway"}},{"type":"Feature","geometry":{"type":"LineString","coordinates":[[10.229235,45.5363673],[10.2291923,45.5362356],[10.2291494,45.5362262],[10.229077,45.5361313],[10.2290682,45.5360835],[10.2290462,45.5359631],[10.2290023,45.5358903],[10.228904,45.5358251],[10.2287967,45.5357912],[10.2285687,45.5357918],[10.2284051,45.5357922],[10.2279974,45.5357931],[10.2277074,45.5357958],[10.2275105,45.5357987],[10.2272772,45.5358044],[10.2268774,45.5358242],[10.2264419,45.5358487],[10.2259764,45.5358842],[10.2252409,45.5359487],[10.2251537,45.5359543],[10.2251252,45.5359564]]},"properties":{"site":"brescia","name":"","highway":"footway"}},{"type":"Feature","geometry":{"type":"LineString","coordinates":[[10.2315297,45.5360799],[10.2319072,45.5360591]]},"properties":{"site":"brescia","name":"","highway":"footway"}},{"type":"Feature","geometry":{"type":"LineString","coordinates":[[10.2293027,45.5359473],[10.229296,45.535781],[10.2290422,45.535786],[10.2292156,45.5359482],[10.2293027,45.5359473]]},"properties":{"site":"brescia","name":"","highway":"pedestrian"}},{"type":"Feature","geometry":{"type":"LineString","coordinates":[[10.2300846,45.5363748],[10.2300835,45.5363475],[10.2300754,45.5361861],[10.2300744,45.5361528],[10.2300728,45.5361307]]},"properties":{"site":"brescia","name":"","highway":"footway"}},{"type":"Feature","geometry":{"type":"LineString","coordinates":[[10.2312493,45.5375889],[10.2313056,45.5375894],[10.2313976,45.5375931],[10.2313841,45.537903],[10.2313439,45.5381773],[10.2313318,45.5382966],[10.2312916,45.538446],[10.2312769,45.5385841],[10.231238,45.5387776],[10.2312217,45.5389045],[10.2312178,45.5389345],[10.2312125,45.5391195]]},"properties":{"site":"brescia","name":"","highway":"footway"}},{"type":"Feature","geometry":{"type":"LineString","coordinates":[[10.2313976,45.5375931],[10.2314677,45.5375939],[10.23147,45.5375132]]},"properties":{"site":"brescia","name":"","highway":"steps"}},{"type":"Feature","geometry":{"type":"LineString","coordinates":[[10.2120089,45.5354652],[10.2119499,45.5355345],[10.2118854,45.5356318],[10.2118371,45.5356661],[10.2116185,45.5360146],[10.2115944,45.5360625],[10.2115314,45.5361354],[10.211328,45.5363343],[10.2110352,45.5365143],[10.2109185,45.5366355],[10.2108595,45.5367313],[10.2108286,45.5368403],[10.210775,45.537295],[10.210783,45.5373682],[10.2107856,45.5373895]]},"properties":{"site":"brescia","name":"","highway":"footway"}},{"type":"Feature","geometry":{"type":"LineString","coordinates":[[10.2129935,45.5444032],[10.2130122,45.5444423],[10.2133228,45.5450927],[10.2137591,45.5460054],[10.2137752,45.5460481],[10.2137564,45.5461036],[10.2137189,45.5461411],[10.2136639,45.5461674],[10.2134896,45.5462097],[10.2134134,45.5462047],[10.2130826,45.5455935],[10.2128797,45.5452185],[10.2127246,45.5449319],[10.2125878,45.544679],[10.2125316,45.5445752],[10.2124821,45.5445527]]},"properties":{"site":"brescia","name":"","highway":"footway"}},{"type":"Feature","geometry":{"type":"LineString","coordinates":[[10.2125838,45.5428597],[10.2125015,45.5428791],[10.2123943,45.5429044],[10.2123084,45.5429246]]},"properties":{"site":"brescia","name":"","highway":"footway"}},{"type":"Feature","geometry":{"type":"LineString","coordinates":[[10.2123463,45.5430106],[10.2117804,45.5431607],[10.2116982,45.5431811]]},"properties":{"site":"brescia","name":"","highway":"footway"}},{"type":"Feature","geometry":{"type":"LineString","coordinates":[[10.2120563,45.5440173],[10.212114,45.5439603],[10.2123747,45.5438867],[10.2122003,45.5435504],[10.2118926,45.5435454],[10.2117984,45.5435439]]},"properties":{"site":"brescia","name":"","highway":"service"}},{"type":"Feature","geometry":{"type":"LineString","coordinates":[[10.2131667,45.544234],[10.2130454,45.5442686],[10.212944,45.5442979]]},"properties":{"site":"brescia","name":"","highway":"footway"}},{"type":"Feature","geometry":{"type":"LineString","coordinates":[[10.2130122,45.5444423],[10.2125316,45.5445752],[10.2124702,45.544592],[10.212455,45.5445962]]},"properties":{"site":"brescia","name":"","highway":"footway"}},{"type":"Feature","geometry":{"type":"LineString","coordinates":[[10.2131541,45.5463816],[10.2125189,45.5465406],[10.2118543,45.546707],[10.2108886,45.5469487],[10.2097047,45.547245],[10.2096361,45.5472636],[10.2090203,45.5474172],[10.2084159,45.5475617],[10.2083949,45.5475784]]},"properties":{"site":"brescia","name":"","highway":"footway"}},{"type":"Feature","geometry":{"type":"LineString","coordinates":[[10.2142512,45.5466843],[10.214406,45.5471136]]},"properties":{"site":"brescia","name":"","highway":"footway"}},{"type":"Feature","geometry":{"type":"LineString","coordinates":[[10.214406,45.5471136],[10.2144602,45.5472168],[10.2145261,45.5473816]]},"properties":{"site":"brescia","name":"","highway":"footway"}},{"type":"Feature","geometry":{"type":"LineString","coordinates":[[10.2161773,45.5457437],[10.2163511,45.5457054],[10.2163777,45.5456961],[10.2163976,45.5456835],[10.2167733,45.5453438],[10.2167895,45.5453339],[10.2168113,45.5453238],[10.2168341,45.5453165],[10.217406,45.545215],[10.2186735,45.54499],[10.2198036,45.544788]]},"properties":{"site":"brescia","name":"","highway":"footway"}},{"type":"Feature","geometry":{"type":"LineString","coordinates":[[10.2135987,45.546489],[10.2133494,45.5465347],[10.2132575,45.5465618]]},"properties":{"site":"brescia","name":"","highway":"footway"}},{"type":"Feature","geometry":{"type":"LineString","coordinates":[[10.214807,45.5474849],[10.2150858,45.5474272],[10.2165349,45.5471255],[10.2166104,45.5471095],[10.2178219,45.5468511],[10.217905,45.5468576]]},"properties":{"site":"brescia","name":"","highway":"footway"}},{"type":"Feature","geometry":{"type":"LineString","coordinates":[[10.2164835,45.5469899],[10.2165072,45.5470539],[10.2165349,45.5471255]]},"properties":{"site":"brescia","name":"","highway":"footway"}},{"type":"Feature","geometry":{"type":"LineString","coordinates":[[10.2150279,45.5472795],[10.2150163,45.547249],[10.2159564,45.5463144],[10.2160063,45.5462641],[10.2162192,45.5462232],[10.2165137,45.5469836]]},"properties":{"site":"brescia","name":"","highway":"footway"}},{"type":"Feature","geometry":{"type":"LineString","coordinates":[[10.2141791,45.5472304],[10.214021,45.5474802]]},"properties":{"site":"brescia","name":"","highway":"footway"}},{"type":"Feature","geometry":{"type":"LineString","coordinates":[[10.2137584,45.5470099],[10.2140029,45.5469639],[10.2139175,45.5467323],[10.2138856,45.5466457],[10.2138464,45.5465393]]},"properties":{"site":"brescia","name":"","highway":"footway"}},{"type":"Feature","geometry":{"type":"LineString","coordinates":[[10.2139175,45.5467323],[10.2136504,45.546782]]},"properties":{"site":"brescia","name":"","highway":"footway"}},{"type":"Feature","geometry":{"type":"LineString","coordinates":[[10.2138856,45.5466457],[10.2142147,45.5465879]]},"properties":{"site":"brescia","name":"","highway":"footway"}},{"type":"Feature","geometry":{"type":"LineString","coordinates":[[10.2142468,45.5466725],[10.2144313,45.5466405],[10.2144158,45.5465956],[10.2146237,45.5465573],[10.2146388,45.5466014],[10.2147698,45.546579],[10.2148486,45.5468069],[10.2151612,45.5469641]]},"properties":{"site":"brescia","name":"","highway":"footway"}},{"type":"Feature","geometry":{"type":"LineString","coordinates":[[10.2136336,45.5465796],[10.2138464,45.5465393],[10.2141746,45.546483],[10.2147579,45.5463797],[10.2149336,45.5463479],[10.2151245,45.5463133],[10.2157794,45.5461964],[10.2158491,45.546265],[10.2151612,45.5469641],[10.2148057,45.5473254]]},"properties":{"site":"brescia","name":"","highway":"footway"}},{"type":"Feature","geometry":{"type":"LineString","coordinates":[[10.2146237,45.5465573],[10.2147632,45.5463967],[10.2147579,45.5463797]]},"properties":{"site":"brescia","name":"","highway":"footway"}},{"type":"Feature","geometry":{"type":"LineString","coordinates":[[10.2149336,45.5463479],[10.2149603,45.5464282]]},"properties":{"site":"brescia","name":"","highway":"footway"}},{"type":"Feature","geometry":{"type":"LineString","coordinates":[[10.2147698,45.546579],[10.2149658,45.5465537]]},"properties":{"site":"brescia","name":"","highway":"footway"}},{"type":"Feature","geometry":{"type":"LineString","coordinates":[[10.2146056,45.5477048],[10.2145664,45.5478266],[10.2146495,45.548037],[10.2146468,45.5480896],[10.214628,45.548129],[10.2145824,45.5481666],[10.2145154,45.5481985],[10.2144319,45.5482458]]},"properties":{"site":"brescia","name":"","highway":"footway"}},{"type":"Feature","geometry":{"type":"LineString","coordinates":[[10.2158491,45.546265],[10.2158997,45.5462885],[10.2159564,45.5463144]]},"properties":{"site":"brescia","name":"","highway":"footway"}},{"type":"Feature","geometry":{"type":"LineString","coordinates":[[10.2163637,45.5460914],[10.2186259,45.545659],[10.2189271,45.5455996],[10.219392,45.5455073],[10.219866,45.5454244]]},"properties":{"site":"brescia","name":"","highway":"footway"}},{"type":"Feature","geometry":{"type":"LineString","coordinates":[[10.2189623,45.5456768],[10.2190828,45.5460325],[10.2190131,45.5460457],[10.2191636,45.5464324]]},"properties":{"site":"brescia","name":"","highway":"footway"}},{"type":"Feature","geometry":{"type":"LineString","coordinates":[[10.2151245,45.5463133],[10.2151074,45.5462609],[10.2150878,45.546201],[10.2150725,45.5461543]]},"properties":{"site":"brescia","name":"","highway":"footway"}},{"type":"Feature","geometry":{"type":"LineString","coordinates":[[10.2163637,45.5460914],[10.2163452,45.5460372],[10.2163194,45.5459616],[10.2163101,45.5459342]]},"properties":{"site":"brescia","name":"","highway":"footway"}},{"type":"Feature","geometry":{"type":"LineString","coordinates":[[10.2157794,45.5461964],[10.2157557,45.5461446],[10.2157242,45.5460716],[10.2157126,45.5460411]]},"properties":{"site":"brescia","name":"","highway":"footway"}},{"type":"Feature","geometry":{"type":"LineString","coordinates":[[10.2186259,45.545659],[10.2186059,45.5456052],[10.2185759,45.5455359],[10.2185646,45.5455098]]},"properties":{"site":"brescia","name":"","highway":"footway"}},{"type":"Feature","geometry":{"type":"LineString","coordinates":[[10.2199034,45.5451885],[10.2199957,45.5451547],[10.2200705,45.5451288],[10.2201262,45.5451126]]},"properties":{"site":"brescia","name":"","highway":"footway"}},{"type":"Feature","geometry":{"type":"LineString","coordinates":[[10.2192615,45.5417232],[10.2194107,45.5417117],[10.2193908,45.5415961],[10.2192417,45.5416136],[10.2192615,45.5417232]]},"properties":{"site":"brescia","name":"","highway":"pedestrian"}},{"type":"Feature","geometry":{"type":"LineString","coordinates":[[10.2194215,45.5417671],[10.2194864,45.5417653],[10.2195284,45.5417641]]},"properties":{"site":"brescia","name":"","highway":"footway"}},{"type":"Feature","geometry":{"type":"LineString","coordinates":[[10.2192615,45.5417232],[10.2192307,45.5417255]]},"properties":{"site":"brescia","name":"","highway":"footway"}},{"type":"Feature","geometry":{"type":"LineString","coordinates":[[10.2194925,45.5422037],[10.2195392,45.5421933],[10.2195998,45.5421766]]},"properties":{"site":"brescia","name":"","highway":"footway"}},{"type":"Feature","geometry":{"type":"LineString","coordinates":[[10.2193505,45.5409143],[10.2194415,45.540918],[10.219497,45.5409224]]},"properties":{"site":"brescia","name":"","highway":"footway"}},{"type":"Feature","geometry":{"type":"LineString","coordinates":[[10.21936,45.5414463],[10.219403,45.5414397],[10.2194538,45.541432]]},"properties":{"site":"brescia","name":"","highway":"footway"}},{"type":"Feature","geometry":{"type":"LineString","coordinates":[[10.219872,45.5431561],[10.219952,45.5431672],[10.2201866,45.5431639]]},"properties":{"site":"brescia","name":"","highway":"footway"}},{"type":"Feature","geometry":{"type":"LineString","coordinates":[[10.2196911,45.5437729],[10.2197473,45.5437703],[10.2197883,45.5437713],[10.2198095,45.5437992]]},"properties":{"site":"brescia","name":"","highway":"footway"}},{"type":"Feature","geometry":{"type":"LineString","coordinates":[[10.2199904,45.5445282],[10.220021,45.5445203],[10.2200473,45.5445134]]},"properties":{"site":"brescia","name":"","highway":"footway"}},{"type":"Feature","geometry":{"type":"LineString","coordinates":[[10.2191704,45.5465504],[10.2198237,45.5464133],[10.2202232,45.5463352],[10.2202903,45.546334],[10.2203169,45.5464129],[10.2205235,45.5469667],[10.2205181,45.5469852],[10.2205052,45.5469958],[10.2204841,45.5470062]]},"properties":{"site":"brescia","name":"","highway":"footway"}},{"type":"Feature","geometry":{"type":"LineString","coordinates":[[10.2190132,45.5465837],[10.2190853,45.5465683],[10.2191704,45.5465504]]},"properties":{"site":"brescia","name":"","highway":"footway"}},{"type":"Feature","geometry":{"type":"LineString","coordinates":[[10.2183195,45.5467299],[10.2182972,45.5466707],[10.2182744,45.5466096]]},"properties":{"site":"brescia","name":"","highway":"footway"}},{"type":"Feature","geometry":{"type":"LineString","coordinates":[[10.2198275,45.5453092],[10.2197997,45.5452429]]},"properties":{"site":"brescia","name":"","highway":"footway"}},{"type":"Feature","geometry":{"type":"LineString","coordinates":[[10.2166211,45.5469621],[10.2163275,45.5461969],[10.2163637,45.5460914]]},"properties":{"site":"brescia","name":"","highway":"footway"}},{"type":"Feature","geometry":{"type":"LineString","coordinates":[[10.2142049,45.54781],[10.2144897,45.5475491]]},"properties":{"site":"brescia","name":"","highway":"footway"}},{"type":"Feature","geometry":{"type":"LineString","coordinates":[[10.2150858,45.5474272],[10.2150543,45.5473487],[10.2150279,45.5472795]]},"properties":{"site":"brescia","name":"","highway":"footway"}},{"type":"Feature","geometry":{"type":"LineString","coordinates":[[10.2144897,45.5475491],[10.2146588,45.5475144],[10.214807,45.5474849]]},"properties":{"site":"brescia","name":"","highway":"footway"}},{"type":"Feature","geometry":{"type":"LineString","coordinates":[[10.2140988,45.5476269],[10.2144897,45.5475491]]},"properties":{"site":"brescia","name":"","highway":"footway"}},{"type":"Feature","geometry":{"type":"LineString","coordinates":[[10.2137494,45.5475381],[10.2138385,45.5475187],[10.2139256,45.5474991],[10.214021,45.5474802]]},"properties":{"site":"brescia","name":"","highway":"footway"}},{"type":"Feature","geometry":{"type":"LineString","coordinates":[[10.2142512,45.5466843],[10.2142468,45.5466725],[10.2142147,45.5465879],[10.2141746,45.546483]]},"properties":{"site":"brescia","name":"","highway":"footway"}},{"type":"Feature","geometry":{"type":"LineString","coordinates":[[10.2141404,45.5463814],[10.2141508,45.5463514],[10.2141578,45.546331],[10.2141663,45.5463065]]},"properties":{"site":"brescia","name":"","highway":"footway"}},{"type":"Feature","geometry":{"type":"LineString","coordinates":[[10.2324043,45.5359953],[10.2329048,45.5359582],[10.2329705,45.5359056],[10.233169,45.5358145],[10.2332749,45.5358135],[10.2333339,45.5358257],[10.2334184,45.5358483],[10.2334876,45.5358988],[10.2334944,45.5359069]]},"properties":{"site":"brescia","name":"","highway":"footway"}},{"type":"Feature","geometry":{"type":"LineString","coordinates":[[10.2201213,45.544494],[10.2201992,45.5445715],[10.2202208,45.5446326],[10.2202296,45.5446655],[10.2202379,45.5446928]]},"properties":{"site":"brescia","name":"","highway":"footway"}},{"type":"Feature","geometry":{"type":"LineString","coordinates":[[10.2198714,45.5448538],[10.2198641,45.5448286],[10.2198559,45.5448092]]},"properties":{"site":"brescia","name":"","highway":"footway"}},{"type":"Feature","geometry":{"type":"LineString","coordinates":[[10.2199034,45.5451885],[10.2198933,45.5450739],[10.2198799,45.5449974],[10.2198511,45.5448716]]},"properties":{"site":"brescia","name":"","highway":"footway"}},{"type":"Feature","geometry":{"type":"LineString","coordinates":[[10.2198511,45.5448716],[10.2199281,45.5448789],[10.220038,45.5448859],[10.2200892,45.5448737],[10.2201061,45.5448748]]},"properties":{"site":"brescia","name":"","highway":"footway"}},{"type":"Feature","geometry":{"type":"LineString","coordinates":[[10.2201262,45.5451126],[10.2201481,45.5451074]]},"properties":{"site":"brescia","name":"","highway":"footway"}},{"type":"Feature","geometry":{"type":"LineString","coordinates":[[10.2181685,45.5341842],[10.2183242,45.5345702],[10.21835,45.5346343],[10.2185149,45.5350239],[10.2185632,45.5351416],[10.2187316,45.5355662]]},"properties":{"site":"brescia","name":"","highway":"footway"}},{"type":"Feature","geometry":{"type":"LineString","coordinates":[[10.21835,45.5346343],[10.2183171,45.5346413],[10.2181816,45.5346703],[10.2181428,45.5346786]]},"properties":{"site":"brescia","name":"","highway":"footway"}},{"type":"Feature","geometry":{"type":"LineString","coordinates":[[10.2169312,45.5344188],[10.2174414,45.5343262],[10.2179438,45.5342289],[10.2181428,45.5346786],[10.2183165,45.5350705],[10.218542,45.5355796]]},"properties":{"site":"brescia","name":"","highway":"footway"}},{"type":"Feature","geometry":{"type":"LineString","coordinates":[[10.2183242,45.5345702],[10.2185404,45.5345263],[10.2185673,45.5345882]]},"properties":{"site":"brescia","name":"","highway":"footway"}},{"type":"Feature","geometry":{"type":"LineString","coordinates":[[10.2185865,45.5345841],[10.2186987,45.5345592]]},"properties":{"site":"brescia","name":"","highway":"footway"}},{"type":"Feature","geometry":{"type":"LineString","coordinates":[[10.2184749,45.5341253],[10.218639,45.534306],[10.2187454,45.5345495],[10.2187583,45.5345768],[10.2189272,45.5349363],[10.219085,45.5352721]]},"properties":{"site":"brescia","name":"","highway":"footway"}},{"type":"Feature","geometry":{"type":"LineString","coordinates":[[10.2186987,45.5345592],[10.2187454,45.5345495]]},"properties":{"site":"brescia","name":"","highway":"footway"}},{"type":"Feature","geometry":{"type":"LineString","coordinates":[[10.2193005,45.5339761],[10.2193074,45.5339966]]},"properties":{"site":"brescia","name":"","highway":"footway"}},{"type":"Feature","geometry":{"type":"LineString","coordinates":[[10.2193074,45.5339966],[10.2193176,45.534027],[10.2188147,45.5341134],[10.2189277,45.5344638]]},"properties":{"site":"brescia","name":"","highway":"footway"}},{"type":"Feature","geometry":{"type":"LineString","coordinates":[[10.218634,45.5340956],[10.2186757,45.5341366],[10.2187664,45.5342261],[10.2188723,45.5344957],[10.2189341,45.5344856],[10.2190789,45.5344619],[10.2190856,45.534476],[10.2194285,45.5344167],[10.2194947,45.5344053]]},"properties":{"site":"brescia","name":"","highway":"footway"}},{"type":"Feature","geometry":{"type":"LineString","coordinates":[[10.2188147,45.5341134],[10.2187702,45.5341209]]},"properties":{"site":"brescia","name":"","highway":"footway"}},{"type":"Feature","geometry":{"type":"LineString","coordinates":[[10.2187702,45.5341209],[10.2186757,45.5341366]]},"properties":{"site":"brescia","name":"","highway":"footway"}},{"type":"Feature","geometry":{"type":"LineString","coordinates":[[10.2189277,45.5344638],[10.2189341,45.5344856]]},"properties":{"site":"brescia","name":"","highway":"footway"}},{"type":"Feature","geometry":{"type":"LineString","coordinates":[[10.2194947,45.5344053],[10.2197333,45.5343642],[10.2195881,45.5339469]]},"properties":{"site":"brescia","name":"","highway":"footway"}},{"type":"Feature","geometry":{"type":"LineString","coordinates":[[10.2195881,45.5339469],[10.2195806,45.533926]]},"properties":{"site":"brescia","name":"","highway":"footway"}},{"type":"Feature","geometry":{"type":"LineString","coordinates":[[10.2194285,45.5344167],[10.2194382,45.5344475]]},"properties":{"site":"brescia","name":"","highway":"footway"}},{"type":"Feature","geometry":{"type":"LineString","coordinates":[[10.2188935,45.534556],[10.2188399,45.5345642],[10.2187583,45.5345768]]},"properties":{"site":"brescia","name":"","highway":"footway"}},{"type":"Feature","geometry":{"type":"LineString","coordinates":[[10.2188935,45.534556],[10.219044,45.5349325],[10.219162,45.5352106],[10.2194919,45.5351892],[10.2195692,45.5355263]]},"properties":{"site":"brescia","name":"","highway":"footway"}},{"type":"Feature","geometry":{"type":"LineString","coordinates":[[10.2191192,45.5352459],[10.2191661,45.5353168],[10.2192935,45.5353135],[10.2194839,45.5353087]]},"properties":{"site":"brescia","name":"","highway":"service"}},{"type":"Feature","geometry":{"type":"LineString","coordinates":[[10.2194958,45.5355611],[10.2194461,45.5353612],[10.219092,45.5353734]]},"properties":{"site":"brescia","name":"","highway":"footway"}},{"type":"Feature","geometry":{"type":"LineString","coordinates":[[10.2187376,45.535608],[10.2190787,45.5355888],[10.2191066,45.5355863],[10.2194958,45.5355611]]},"properties":{"site":"brescia","name":"Via Moretto","highway":"pedestrian"}},{"type":"Feature","geometry":{"type":"LineString","coordinates":[[10.2187316,45.5355662],[10.2187376,45.535608]]},"properties":{"site":"brescia","name":"","highway":"footway"}},{"type":"Feature","geometry":{"type":"LineString","coordinates":[[10.2187316,45.5355662],[10.2186487,45.5355721],[10.2186064,45.5355751],[10.218542,45.5355796]]},"properties":{"site":"brescia","name":"","highway":"footway"}},{"type":"Feature","geometry":{"type":"LineString","coordinates":[[10.218542,45.5355796],[10.2185582,45.5356162]]},"properties":{"site":"brescia","name":"","highway":"footway"}},{"type":"Feature","geometry":{"type":"LineString","coordinates":[[10.2187376,45.535608],[10.2187679,45.5358671],[10.21881,45.536228],[10.2188473,45.5365474],[10.2188781,45.5367747],[10.2189329,45.5371003],[10.2189441,45.5371648],[10.218996,45.5374642],[10.2190431,45.5377188]]},"properties":{"site":"brescia","name":"","highway":"footway"}},{"type":"Feature","geometry":{"type":"LineString","coordinates":[[10.2185631,45.5356387],[10.2185885,45.5357564],[10.2186157,45.5358873],[10.218689,45.5362393],[10.2187268,45.5365131],[10.2187332,45.5365552],[10.2187871,45.5369097],[10.2188155,45.5371265],[10.2188244,45.5371876],[10.2188385,45.5372984]]},"properties":{"site":"brescia","name":"","highway":"footway"}},{"type":"Feature","geometry":{"type":"LineString","coordinates":[[10.218306,45.5376616],[10.2183388,45.5376589]]},"properties":{"site":"brescia","name":"","highway":"footway"}},{"type":"Feature","geometry":{"type":"LineString","coordinates":[[10.2183388,45.5376589],[10.2188281,45.5375677]]},"properties":{"site":"brescia","name":"","highway":"footway"}},{"type":"Feature","geometry":{"type":"LineString","coordinates":[[10.2188281,45.5375677],[10.2188738,45.5375633]]},"properties":{"site":"brescia","name":"","highway":"footway"}},{"type":"Feature","geometry":{"type":"LineString","coordinates":[[10.2188244,45.5371876],[10.2188865,45.5371746],[10.2189441,45.5371648]]},"properties":{"site":"brescia","name":"","highway":"footway"}},{"type":"Feature","geometry":{"type":"LineString","coordinates":[[10.2188473,45.5365474],[10.2187888,45.5365515],[10.2187332,45.5365552]]},"properties":{"site":"brescia","name":"","highway":"footway"}},{"type":"Feature","geometry":{"type":"LineString","coordinates":[[10.21881,45.536228],[10.218741,45.5362344],[10.218689,45.5362393]]},"properties":{"site":"brescia","name":"","highway":"footway"}},{"type":"Feature","geometry":{"type":"LineString","coordinates":[[10.2187679,45.5358671],[10.2186845,45.5358782],[10.2186157,45.5358873]]},"properties":{"site":"brescia","name":"","highway":"footway"}},{"type":"Feature","geometry":{"type":"LineString","coordinates":[[10.2183165,45.5350705],[10.2183565,45.5350611],[10.2184697,45.5350345],[10.2185149,45.5350239]]},"properties":{"site":"brescia","name":"","highway":"footway"}},{"type":"Feature","geometry":{"type":"LineString","coordinates":[[10.2185632,45.5351416],[10.2187764,45.5350974],[10.2187239,45.5349787]]},"properties":{"site":"brescia","name":"","highway":"footway"}},{"type":"Feature","geometry":{"type":"LineString","coordinates":[[10.2187469,45.5349738],[10.2188583,45.5349502]]},"properties":{"site":"brescia","name":"","highway":"footway"}},{"type":"Feature","geometry":{"type":"LineString","coordinates":[[10.2188583,45.5349502],[10.2189272,45.5349363]]},"properties":{"site":"brescia","name":"","highway":"footway"}},{"type":"Feature","geometry":{"type":"LineString","coordinates":[[10.2190431,45.5377188],[10.2193636,45.5376884],[10.2193596,45.5376621],[10.2195048,45.5376464],[10.219964,45.5375876],[10.2199889,45.5375845],[10.2199626,45.5373764],[10.2199391,45.5372226],[10.2199118,45.5370706],[10.2198953,45.5369948]]},"properties":{"site":"brescia","name":"","highway":"footway"}},{"type":"Feature","geometry":{"type":"LineString","coordinates":[[10.2215952,45.5353905],[10.2222766,45.5353085],[10.2226848,45.5352636],[10.222877,45.5352562],[10.2229011,45.5352553]]},"properties":{"site":"brescia","name":"","highway":"footway"}},{"type":"Feature","geometry":{"type":"LineString","coordinates":[[10.2209704,45.5354523],[10.220991,45.535553],[10.2211197,45.535538],[10.2211029,45.5354393],[10.2209704,45.5354523]]},"properties":{"site":"brescia","name":"","highway":"pedestrian"}},{"type":"Feature","geometry":{"type":"LineString","coordinates":[[10.219833,45.5359879],[10.2199409,45.5363437],[10.2197873,45.5363658],[10.2198866,45.5366565],[10.2197153,45.536681]]},"properties":{"site":"brescia","name":"","highway":"footway"}},{"type":"Feature","geometry":{"type":"LineString","coordinates":[[10.2125075,45.5354617],[10.2132983,45.5357991],[10.2135867,45.5359222],[10.2136927,45.5359475],[10.2142814,45.5359654],[10.2145188,45.535956],[10.2153515,45.5359062],[10.2162166,45.535793],[10.2169194,45.5356822],[10.2172386,45.5356546],[10.217319,45.5358818],[10.2175827,45.536696],[10.2176959,45.5370532],[10.217779,45.5372307],[10.2178452,45.5373757]]},"properties":{"site":"brescia","name":"","highway":"footway"}},{"type":"Feature","geometry":{"type":"LineString","coordinates":[[10.2137121,45.5360212],[10.2137316,45.53611],[10.2139622,45.536313],[10.2140749,45.5363872],[10.2146406,45.5367586],[10.2146662,45.5367754],[10.2150183,45.5370032],[10.2150697,45.5370358],[10.215353,45.5372157],[10.2156693,45.5373424],[10.2157029,45.5373574],[10.2161121,45.5375398],[10.2163923,45.5376647],[10.2166865,45.5378068]]},"properties":{"site":"brescia","name":"","highway":"footway"}},{"type":"Feature","geometry":{"type":"LineString","coordinates":[[10.2182706,45.5379878],[10.2183297,45.5379807],[10.2184138,45.5379722]]},"properties":{"site":"brescia","name":"","highway":"footway"}},{"type":"Feature","geometry":{"type":"LineString","coordinates":[[10.2183546,45.5386026],[10.2183152,45.5385535]]},"properties":{"site":"brescia","name":"","highway":"footway"}},{"type":"Feature","geometry":{"type":"LineString","coordinates":[[10.2183152,45.5385535],[10.2184033,45.5385489],[10.2184806,45.5385449]]},"properties":{"site":"brescia","name":"","highway":"footway"}},{"type":"Feature","geometry":{"type":"LineString","coordinates":[[10.2181176,45.5388997],[10.2180707,45.5387607],[10.217769,45.5385127],[10.2174741,45.5383357],[10.2172709,45.5382137],[10.2166871,45.5378977],[10.2166388,45.5378716],[10.2166021,45.5378541],[10.216398,45.5377571],[10.2160504,45.5375939],[10.2159727,45.5375574],[10.2156353,45.537408],[10.2155065,45.5373687],[10.2152518,45.5372908],[10.2149784,45.5371054],[10.2148752,45.5370354],[10.2145448,45.5368125],[10.2145202,45.5367959],[10.2139119,45.5363541],[10.2135646,45.5361061],[10.2133138,45.5359642],[10.2132286,45.5359319],[10.2131804,45.5359108],[10.2123435,45.5355455],[10.2122925,45.5355262]]},"properties":{"site":"brescia","name":"","highway":"footway"}},{"type":"Feature","geometry":{"type":"LineString","coordinates":[[10.2131804,45.5359108],[10.2132177,45.5358755],[10.2132983,45.5357991]]},"properties":{"site":"brescia","name":"","highway":"footway"}},{"type":"Feature","geometry":{"type":"LineString","coordinates":[[10.2137121,45.5360212],[10.2135994,45.5360861],[10.2135646,45.5361061]]},"properties":{"site":"brescia","name":"","highway":"footway"}},{"type":"Feature","geometry":{"type":"LineString","coordinates":[[10.2145448,45.5368125],[10.2145794,45.536793],[10.2146406,45.5367586]]},"properties":{"site":"brescia","name":"","highway":"footway"}},{"type":"Feature","geometry":{"type":"LineString","coordinates":[[10.2149784,45.5371054],[10.2150086,45.5370824],[10.2150697,45.5370358]]},"properties":{"site":"brescia","name":"","highway":"footway"}},{"type":"Feature","geometry":{"type":"LineString","coordinates":[[10.2154653,45.5373968],[10.2154019,45.53744],[10.2152665,45.5375132],[10.2151151,45.5375646]]},"properties":{"site":"brescia","name":"Vicolo della Luna","highway":"pedestrian"}},{"type":"Feature","geometry":{"type":"LineString","coordinates":[[10.2146975,45.5375913],[10.2147173,45.5376725],[10.2147877,45.5377039],[10.2148688,45.5376971],[10.2148722,45.5376661],[10.2148956,45.537644],[10.2149459,45.5376342],[10.2149821,45.5376497],[10.2150043,45.5376732],[10.2150871,45.5376542],[10.215018,45.5375975],[10.21495,45.5375416],[10.2146975,45.5375913]]},"properties":{"site":"brescia","name":"Piazzetta Dell'Immacolata","highway":"pedestrian"}},{"type":"Feature","geometry":{"type":"LineString","coordinates":[[10.2157029,45.5373574],[10.2156741,45.5373789],[10.2156353,45.537408]]},"properties":{"site":"brescia","name":"","highway":"footway"}},{"type":"Feature","geometry":{"type":"LineString","coordinates":[[10.2160504,45.5375939],[10.2160851,45.5375634],[10.2161121,45.5375398]]},"properties":{"site":"brescia","name":"","highway":"footway"}},{"type":"Feature","geometry":{"type":"LineString","coordinates":[[10.2169995,45.5376806],[10.2170284,45.5377036]]},"properties":{"site":"brescia","name":"","highway":"footway"}},{"type":"Feature","geometry":{"type":"LineString","coordinates":[[10.2166865,45.5378068],[10.2166512,45.5378266],[10.2166021,45.5378541]]},"properties":{"site":"brescia","name":"","highway":"footway"}},{"type":"Feature","geometry":{"type":"LineString","coordinates":[[10.2180707,45.5387607],[10.2181126,45.5387449],[10.2181488,45.5387318]]},"properties":{"site":"brescia","name":"","highway":"footway"}},{"type":"Feature","geometry":{"type":"LineString","coordinates":[[10.2181952,45.538963],[10.2182176,45.5390148],[10.218349,45.5389923]]},"properties":{"site":"brescia","name":"","highway":"footway"}},{"type":"Feature","geometry":{"type":"LineString","coordinates":[[10.2185008,45.5388821],[10.2184973,45.5386846],[10.2184806,45.5385449],[10.2184585,45.5383968],[10.2184138,45.5379722],[10.2184108,45.5379451],[10.2188719,45.5378586],[10.2189143,45.5378507],[10.2189183,45.5378733],[10.2189647,45.5378681]]},"properties":{"site":"brescia","name":"","highway":"footway"}},{"type":"Feature","geometry":{"type":"LineString","coordinates":[[10.2188505,45.5377395],[10.2188627,45.5378072],[10.2188719,45.5378586]]},"properties":{"site":"brescia","name":"","highway":"footway"}},{"type":"Feature","geometry":{"type":"LineString","coordinates":[[10.2188729,45.5378658],[10.2189434,45.5383609],[10.2189465,45.5383826],[10.2190069,45.5383779],[10.2190417,45.5385732],[10.2190061,45.5385766]]},"properties":{"site":"brescia","name":"","highway":"footway"}},{"type":"Feature","geometry":{"type":"LineString","coordinates":[[10.2184585,45.5383968],[10.2186135,45.5383877]]},"properties":{"site":"brescia","name":"","highway":"footway"}},{"type":"Feature","geometry":{"type":"LineString","coordinates":[[10.2187354,45.5386264],[10.218732,45.5386024],[10.2187049,45.5384366]]},"properties":{"site":"brescia","name":"","highway":"footway"}},{"type":"Feature","geometry":{"type":"LineString","coordinates":[[10.2189434,45.5383609],[10.2188388,45.5383675]]},"properties":{"site":"brescia","name":"","highway":"footway"}},{"type":"Feature","geometry":{"type":"LineString","coordinates":[[10.2186135,45.5383877],[10.218696,45.5383803],[10.2188388,45.5383675]]},"properties":{"site":"brescia","name":"","highway":"footway"}},{"type":"Feature","geometry":{"type":"LineString","coordinates":[[10.2187049,45.5384366],[10.218696,45.5383803]]},"properties":{"site":"brescia","name":"","highway":"footway"}},{"type":"Feature","geometry":{"type":"LineString","coordinates":[[10.2190069,45.5383779],[10.2190512,45.538375]]},"properties":{"site":"brescia","name":"","highway":"footway"}},{"type":"Feature","geometry":{"type":"LineString","coordinates":[[10.220064,45.5377442],[10.2199865,45.5377548],[10.2196171,45.5378053],[10.2196214,45.5378293]]},"properties":{"site":"brescia","name":"","highway":"footway"}},{"type":"Feature","geometry":{"type":"LineString","coordinates":[[10.2197508,45.5385924],[10.2197665,45.5386884]]},"properties":{"site":"brescia","name":"","highway":"steps"}},{"type":"Feature","geometry":{"type":"LineString","coordinates":[[10.2195446,45.538471],[10.2196408,45.5384626],[10.2196899,45.5384583]]},"properties":{"site":"brescia","name":"","highway":"footway"}},{"type":"Feature","geometry":{"type":"LineString","coordinates":[[10.2196315,45.5381302],[10.2194796,45.5381474]]},"properties":{"site":"brescia","name":"","highway":"footway"}},{"type":"Feature","geometry":{"type":"LineString","coordinates":[[10.2196214,45.5378293],[10.2196745,45.5381254],[10.2197284,45.5384549],[10.2197508,45.5385924]]},"properties":{"site":"brescia","name":"","highway":"footway"}},{"type":"Feature","geometry":{"type":"LineString","coordinates":[[10.2197665,45.5386884],[10.219893,45.538676]]},"properties":{"site":"brescia","name":"","highway":"pedestrian"}},{"type":"Feature","geometry":{"type":"LineString","coordinates":[[10.219964,45.5375876],[10.2199744,45.5376649],[10.2199836,45.5377329]]},"properties":{"site":"brescia","name":"","highway":"footway"}},{"type":"Feature","geometry":{"type":"LineString","coordinates":[[10.2200898,45.5380753],[10.2201464,45.5383735],[10.2201554,45.5384233],[10.2201986,45.5386455]]},"properties":{"site":"brescia","name":"","highway":"footway"}},{"type":"Feature","geometry":{"type":"LineString","coordinates":[[10.2200754,45.5377427],[10.220137,45.5380701]]},"properties":{"site":"brescia","name":"","highway":"footway"}},{"type":"Feature","geometry":{"type":"LineString","coordinates":[[10.2202806,45.5386375],[10.2203614,45.5389953],[10.2204222,45.53931]]},"properties":{"site":"brescia","name":"","highway":"footway"}},{"type":"Feature","geometry":{"type":"LineString","coordinates":[[10.2204454,45.5394078],[10.2204843,45.5395419]]},"properties":{"site":"brescia","name":"","highway":"footway"}},{"type":"Feature","geometry":{"type":"LineString","coordinates":[[10.2205048,45.5393017],[10.2204666,45.5393069],[10.2204222,45.53931]]},"properties":{"site":"brescia","name":"","highway":"footway"}},{"type":"Feature","geometry":{"type":"LineString","coordinates":[[10.2204843,45.5395419],[10.2204994,45.5395985]]},"properties":{"site":"brescia","name":"","highway":"footway"}},{"type":"Feature","geometry":{"type":"LineString","coordinates":[[10.2198246,45.5396203],[10.2198362,45.5396753]]},"properties":{"site":"brescia","name":"","highway":"footway"}},{"type":"Feature","geometry":{"type":"LineString","coordinates":[[10.2184668,45.5392037],[10.2184374,45.53921]]},"properties":{"site":"brescia","name":"","highway":"footway"}},{"type":"Feature","geometry":{"type":"LineString","coordinates":[[10.2184374,45.53921],[10.2182894,45.5392422],[10.2181679,45.5392686],[10.2180861,45.5392864],[10.2179823,45.539309],[10.2179174,45.5393231]]},"properties":{"site":"brescia","name":"","highway":"footway"}},{"type":"Feature","geometry":{"type":"LineString","coordinates":[[10.2179174,45.5393231],[10.2178519,45.5393362]]},"properties":{"site":"brescia","name":"","highway":"footway"}},{"type":"Feature","geometry":{"type":"LineString","coordinates":[[10.2182894,45.5392422],[10.2183154,45.5393127],[10.2181973,45.5393361],[10.2181679,45.5392686]]},"properties":{"site":"brescia","name":"","highway":"footway"}},{"type":"Feature","geometry":{"type":"LineString","coordinates":[[10.2180861,45.5392864],[10.2181061,45.5393408],[10.2180042,45.5393596],[10.2179823,45.539309]]},"properties":{"site":"brescia","name":"","highway":"footway"}},{"type":"Feature","geometry":{"type":"LineString","coordinates":[[10.2127892,45.5369041],[10.2128767,45.5368849],[10.2129399,45.5368738],[10.2129666,45.5369948],[10.2129922,45.5371108],[10.2130131,45.5371881],[10.2129801,45.5371928],[10.2129121,45.5372025],[10.2127892,45.5369041]]},"properties":{"site":"brescia","name":"","highway":"pedestrian"}},{"type":"Feature","geometry":{"type":"LineString","coordinates":[[10.212854,45.5367824],[10.2131233,45.536721]]},"properties":{"site":"brescia","name":"","highway":"footway"}},{"type":"Feature","geometry":{"type":"LineString","coordinates":[[10.2131179,45.5367445],[10.2131233,45.536721],[10.2131286,45.5367012],[10.213127,45.5366872],[10.2131152,45.5366693],[10.2130723,45.5366486],[10.2133137,45.5365932],[10.2133834,45.5365773],[10.2134091,45.5366236],[10.2134317,45.5366768],[10.21336,45.5366923],[10.2131179,45.5367445]]},"properties":{"site":"brescia","name":"","highway":"footway"}},{"type":"Feature","geometry":{"type":"LineString","coordinates":[[10.213127,45.5366872],[10.2133372,45.5366398],[10.2134091,45.5366236],[10.2134361,45.5366179]]},"properties":{"site":"brescia","name":"","highway":"footway"}},{"type":"Feature","geometry":{"type":"LineString","coordinates":[[10.2133137,45.5365932],[10.2133372,45.5366398],[10.21336,45.5366923]]},"properties":{"site":"brescia","name":"","highway":"footway"}},{"type":"Feature","geometry":{"type":"LineString","coordinates":[[10.212854,45.5367824],[10.2128317,45.5367866]]},"properties":{"site":"brescia","name":"","highway":"footway"}},{"type":"Feature","geometry":{"type":"LineString","coordinates":[[10.2126616,45.5365944],[10.2127384,45.5365829],[10.2128317,45.5367866],[10.2128767,45.5368849],[10.2129801,45.5371928]]},"properties":{"site":"brescia","name":"","highway":"footway"}},{"type":"Feature","geometry":{"type":"LineString","coordinates":[[10.2158289,45.5407417],[10.2158291,45.5406975],[10.2158293,45.540669],[10.215603,45.5391975],[10.2164557,45.5391716],[10.2166823,45.5391472],[10.2171342,45.5391035],[10.2171949,45.5391257],[10.2177477,45.5390571],[10.2177809,45.5390384],[10.2181868,45.5389508],[10.2183992,45.5389045],[10.2185008,45.5388821]]},"properties":{"site":"brescia","name":"","highway":"footway"}},{"type":"Feature","geometry":{"type":"LineString","coordinates":[[10.2124207,45.5395398],[10.2124062,45.5394969],[10.2123951,45.5394694]]},"properties":{"site":"brescia","name":"","highway":"footway"}},{"type":"Feature","geometry":{"type":"LineString","coordinates":[[10.2138192,45.5394022],[10.2138019,45.5393606],[10.213788,45.5393257]]},"properties":{"site":"brescia","name":"","highway":"footway"}},{"type":"Feature","geometry":{"type":"LineString","coordinates":[[10.215942,45.5385992],[10.2159844,45.5385891],[10.2160836,45.5386286],[10.2161212,45.5386906],[10.2166067,45.5385722]]},"properties":{"site":"brescia","name":"","highway":"footway"}},{"type":"Feature","geometry":{"type":"LineString","coordinates":[[10.2153648,45.5383491],[10.215421,45.5383675],[10.2154238,45.5384158],[10.2153983,45.538521],[10.2155016,45.5391212],[10.2154664,45.5391247],[10.213788,45.5393257]]},"properties":{"site":"brescia","name":"","highway":"footway"}},{"type":"Feature","geometry":{"type":"LineString","coordinates":[[10.2153648,45.5383491],[10.2153273,45.5383303]]},"properties":{"site":"brescia","name":"","highway":"steps"}},{"type":"Feature","geometry":{"type":"LineString","coordinates":[[10.2153273,45.5383303],[10.2151549,45.538251]]},"properties":{"site":"brescia","name":"","highway":"footway"}},{"type":"Feature","geometry":{"type":"LineString","coordinates":[[10.2153648,45.5383491],[10.2145363,45.5384986]]},"properties":{"site":"brescia","name":"","highway":"footway"}},{"type":"Feature","geometry":{"type":"LineString","coordinates":[[10.2158289,45.5407417],[10.2157332,45.5407455],[10.2149616,45.5407758],[10.2143848,45.5408623],[10.2137138,45.5410461],[10.2136789,45.5410556],[10.2135104,45.5411017],[10.2131313,45.5412268],[10.2129829,45.5412761],[10.2119094,45.5415886]]},"properties":{"site":"brescia","name":"","highway":"footway"}},{"type":"Feature","geometry":{"type":"LineString","coordinates":[[10.2118852,45.5415144],[10.2124196,45.5413661],[10.212949,45.5412072],[10.2134784,45.5410354],[10.2136977,45.5409733],[10.2139625,45.5408983],[10.214355,45.5407881],[10.2146632,45.5407422],[10.215029,45.5407022],[10.2157426,45.5406727],[10.2157876,45.5406708],[10.2158293,45.540669]]},"properties":{"site":"brescia","name":"","highway":"footway"}},{"type":"Feature","geometry":{"type":"LineString","coordinates":[[10.2184541,45.5406379],[10.2184879,45.5407373],[10.2185594,45.5407595]]},"properties":{"site":"brescia","name":"","highway":"footway"}},{"type":"Feature","geometry":{"type":"LineString","coordinates":[[10.2185594,45.5407595],[10.2185845,45.5407683],[10.2188218,45.5407326],[10.2188419,45.5408049],[10.2186113,45.5408406],[10.2186488,45.5409937]]},"properties":{"site":"brescia","name":"","highway":"footway"}},{"type":"Feature","geometry":{"type":"LineString","coordinates":[[10.2185845,45.5407683],[10.2186113,45.5408406]]},"properties":{"site":"brescia","name":"","highway":"footway"}},{"type":"Feature","geometry":{"type":"LineString","coordinates":[[10.2187334,45.5413125],[10.2187092,45.5412351],[10.2184834,45.5412766],[10.2185114,45.5413496],[10.2187334,45.5413125]]},"properties":{"site":"brescia","name":"","highway":"pedestrian"}},{"type":"Feature","geometry":{"type":"LineString","coordinates":[[10.218964,45.5412708],[10.2189396,45.5411434]]},"properties":{"site":"brescia","name":"Vicolo Rossovera","highway":"footway"}},{"type":"Feature","geometry":{"type":"LineString","coordinates":[[10.2191147,45.5410589],[10.21896,45.5410723]]},"properties":{"site":"brescia","name":"Vicolo Rossovera","highway":"footway"}},{"type":"Feature","geometry":{"type":"LineString","coordinates":[[10.2189396,45.5411434],[10.2189271,45.5410759],[10.21896,45.5410723]]},"properties":{"site":"brescia","name":"Vicolo Rossovera","highway":"footway"}},{"type":"Feature","geometry":{"type":"LineString","coordinates":[[10.2191768,45.5415042],[10.2186443,45.5416055],[10.2184713,45.5416616],[10.2182862,45.5417001],[10.2180515,45.5417677],[10.2177272,45.5418321]]},"properties":{"site":"brescia","name":"","highway":"footway"}},{"type":"Feature","geometry":{"type":"LineString","coordinates":[[10.2179737,45.5399511],[10.2179767,45.540029],[10.2179771,45.5400382],[10.2179774,45.5400459],[10.2179779,45.5400593],[10.2179785,45.5400743],[10.2179789,45.5400849],[10.2179618,45.540088],[10.2179407,45.5400918],[10.2176732,45.5401403]]},"properties":{"site":"brescia","name":"","highway":"service"}},{"type":"Feature","geometry":{"type":"LineString","coordinates":[[10.2210839,45.5400569],[10.2211218,45.5401263],[10.2209118,45.5401565]]},"properties":{"site":"brescia","name":"","highway":"footway"}},{"type":"Feature","geometry":{"type":"LineString","coordinates":[[10.2211218,45.5401263],[10.2211755,45.5402768],[10.2212103,45.5404134]]},"properties":{"site":"brescia","name":"","highway":"footway"}},{"type":"Feature","geometry":{"type":"LineString","coordinates":[[10.2215884,45.539413],[10.2216211,45.5394484]]},"properties":{"site":"brescia","name":"Piazza Paolo VI","highway":"pedestrian"}},{"type":"Feature","geometry":{"type":"LineString","coordinates":[[10.2219306,45.5388875],[10.2219367,45.5389279]]},"properties":{"site":"brescia","name":"","highway":"footway"}},{"type":"Feature","geometry":{"type":"LineString","coordinates":[[10.2219367,45.5389279],[10.2219705,45.5390855]]},"properties":{"site":"brescia","name":"","highway":"footway"}},{"type":"Feature","geometry":{"type":"LineString","coordinates":[[10.2221616,45.539117],[10.222247,45.5391052],[10.2223028,45.5393239],[10.2223355,45.5394509],[10.2218997,45.539511],[10.2218919,45.5394686]]},"properties":{"site":"brescia","name":"","highway":"footway"}},{"type":"Feature","geometry":{"type":"LineString","coordinates":[[10.2155406,45.5457879],[10.2158308,45.5456701],[10.2158818,45.5456335],[10.2159207,45.5455931],[10.2159422,45.545547],[10.2159435,45.5454728],[10.2159298,45.5454053],[10.2157768,45.5450176]]},"properties":{"site":"brescia","name":"","highway":"footway"}},{"type":"Feature","geometry":{"type":"LineString","coordinates":[[10.2140797,45.5462082],[10.2147986,45.5460858],[10.2151368,45.5460283],[10.2152248,45.5460141],[10.2160766,45.5458603],[10.216112,45.5459707]]},"properties":{"site":"brescia","name":"","highway":"footway"}},{"type":"Feature","geometry":{"type":"LineString","coordinates":[[10.2147986,45.5460858],[10.2148367,45.5461986],[10.2150725,45.5461543],[10.2151103,45.5461475],[10.2151368,45.5460283],[10.2147986,45.5460858]]},"properties":{"site":"brescia","name":"","highway":"pedestrian"}},{"type":"Feature","geometry":{"type":"LineString","coordinates":[[10.2151103,45.5461475],[10.2151368,45.5460283]]},"properties":{"site":"brescia","name":"","highway":"footway"}},{"type":"Feature","geometry":{"type":"LineString","coordinates":[[10.2161773,45.5457437],[10.2161041,45.5455423],[10.2160934,45.5455067],[10.2161068,45.545471],[10.2161437,45.5454296],[10.2161275,45.5453826]]},"properties":{"site":"brescia","name":"","highway":"footway"}},{"type":"Feature","geometry":{"type":"LineString","coordinates":[[10.2160766,45.5458603],[10.2160579,45.5458232],[10.2160406,45.5457889]]},"properties":{"site":"brescia","name":"","highway":"footway"}},{"type":"Feature","geometry":{"type":"LineString","coordinates":[[10.2162361,45.5459481],[10.2162043,45.5458363],[10.2163998,45.5457849],[10.2164347,45.5457671],[10.2164602,45.5457473],[10.2168236,45.5454289],[10.2168491,45.5454139],[10.2168799,45.5454026],[10.2169121,45.5453923],[10.2175907,45.5452662],[10.2196815,45.5448832],[10.2198511,45.5448716]]},"properties":{"site":"brescia","name":"","highway":"footway"}},{"type":"Feature","geometry":{"type":"LineString","coordinates":[[10.2160658,45.5438916],[10.2161387,45.5438784],[10.2162858,45.543844],[10.2163126,45.5437914],[10.2165862,45.5437406],[10.2166291,45.5438289],[10.216499,45.5438557],[10.2163368,45.543889],[10.2162858,45.543844]]},"properties":{"site":"brescia","name":"","highway":"footway"}},{"type":"Feature","geometry":{"type":"LineString","coordinates":[[10.2163368,45.543889],[10.216318,45.5439773]]},"properties":{"site":"brescia","name":"","highway":"steps"}},{"type":"Feature","geometry":{"type":"LineString","coordinates":[[10.216318,45.5439773],[10.2165379,45.5443605],[10.2166291,45.544338],[10.2164548,45.543951],[10.216318,45.5439773]]},"properties":{"site":"brescia","name":"","highway":"footway"}},{"type":"Feature","geometry":{"type":"LineString","coordinates":[[10.2164548,45.543951],[10.2165299,45.5439379],[10.216499,45.5438557]]},"properties":{"site":"brescia","name":"","highway":"steps"}},{"type":"Feature","geometry":{"type":"LineString","coordinates":[[10.2164713,45.5445213],[10.2165243,45.5445103],[10.2165704,45.544498],[10.2167545,45.544449],[10.2167795,45.5444423],[10.2172823,45.5443432]]},"properties":{"site":"brescia","name":"","highway":"footway"}},{"type":"Feature","geometry":{"type":"LineString","coordinates":[[10.2167545,45.544449],[10.2167901,45.5445526],[10.216609,45.5445958],[10.2165704,45.544498]]},"properties":{"site":"brescia","name":"","highway":"footway"}},{"type":"Feature","geometry":{"type":"LineString","coordinates":[[10.2171435,45.5431281],[10.2172139,45.5432438],[10.2173292,45.5434053],[10.2174365,45.5435199],[10.2175652,45.5436458],[10.2175708,45.5436632]]},"properties":{"site":"brescia","name":"","highway":"footway"}},{"type":"Feature","geometry":{"type":"LineString","coordinates":[[10.2175208,45.54444],[10.2174482,45.5444544],[10.2174234,45.5443864],[10.2174003,45.5443216],[10.2175183,45.5442971],[10.2175786,45.5441224],[10.2175545,45.5440595],[10.2176202,45.5440445],[10.217649,45.5440212],[10.2176551,45.5439921],[10.2175418,45.543639],[10.2175708,45.5436632],[10.2176792,45.5437536],[10.2176464,45.5437737],[10.217753,45.5438559],[10.2177315,45.543987],[10.2175208,45.54444]]},"properties":{"site":"brescia","name":"","highway":"pedestrian"}},{"type":"Feature","geometry":{"type":"LineString","coordinates":[[10.2150901,45.542778],[10.2149608,45.5428046],[10.2151954,45.5433642],[10.2153247,45.5433377],[10.2150901,45.542778]]},"properties":{"site":"brescia","name":"","highway":"pedestrian"}},{"type":"Feature","geometry":{"type":"LineString","coordinates":[[10.2194016,45.5410827],[10.219475,45.5410715],[10.2197554,45.5410407],[10.2198453,45.5410163],[10.2201323,45.5409853]]},"properties":{"site":"brescia","name":"Via San Faustino","highway":"service"}},{"type":"Feature","geometry":{"type":"LineString","coordinates":[[10.2196043,45.5424058],[10.2194845,45.5424198],[10.2194606,45.5424311],[10.2192867,45.5425128]]},"properties":{"site":"brescia","name":"","highway":"footway"}},{"type":"Feature","geometry":{"type":"LineString","coordinates":[[10.2195024,45.5422352],[10.2192184,45.5422354]]},"properties":{"site":"brescia","name":"","highway":"footway"}},{"type":"Feature","geometry":{"type":"LineString","coordinates":[[10.2194845,45.5424198],[10.2192728,45.5423255],[10.2192296,45.5423062]]},"properties":{"site":"brescia","name":"","highway":"footway"}},{"type":"Feature","geometry":{"type":"LineString","coordinates":[[10.2195309,45.5422993],[10.2193075,45.5423118],[10.2192728,45.5423255],[10.2192585,45.5423358],[10.2194396,45.5424039],[10.2194606,45.5424311],[10.2194718,45.5424433],[10.2196111,45.5424157],[10.2196206,45.5424133],[10.2195463,45.5422999],[10.2195309,45.5422993]]},"properties":{"site":"brescia","name":"","highway":"pedestrian"}},{"type":"Feature","geometry":{"type":"LineString","coordinates":[[10.2189346,45.542553],[10.218871,45.5425856],[10.218694,45.5426624],[10.2185531,45.5427235],[10.2185454,45.5427264]]},"properties":{"site":"brescia","name":"","highway":"footway"}},{"type":"Feature","geometry":{"type":"LineString","coordinates":[[10.2188656,45.5426014],[10.2186088,45.5427871],[10.2185454,45.5427264],[10.218541,45.5427228],[10.2189227,45.5425449],[10.218934,45.5425396],[10.2189548,45.5425574],[10.2189475,45.5425616],[10.2188902,45.5426004],[10.2188656,45.5426014]]},"properties":{"site":"brescia","name":"","highway":"pedestrian"}},{"type":"Feature","geometry":{"type":"LineString","coordinates":[[10.218694,45.5426624],[10.2187402,45.5426965]]},"properties":{"site":"brescia","name":"","highway":"steps"}},{"type":"Feature","geometry":{"type":"LineString","coordinates":[[10.2177368,45.541856],[10.2177272,45.5418321],[10.2177218,45.5418185],[10.2177197,45.5418133],[10.2177055,45.5417811]]},"properties":{"site":"brescia","name":"Via Federico Borgondio","highway":"footway"}},{"type":"Feature","geometry":{"type":"LineString","coordinates":[[10.2174531,45.5419387],[10.2175153,45.5420749],[10.2175531,45.5421576],[10.2176345,45.5423356]]},"properties":{"site":"brescia","name":"Via Elia Capriolo","highway":"service"}},{"type":"Feature","geometry":{"type":"LineString","coordinates":[[10.2231114,45.5359757],[10.2230081,45.5360003],[10.2229198,45.5360213],[10.2228843,45.5360344]]},"properties":{"site":"brescia","name":"Vicolo Ambrosioni","highway":"pedestrian"}},{"type":"Feature","geometry":{"type":"LineString","coordinates":[[10.2225272,45.5362043],[10.2225262,45.5362119],[10.222526,45.5362133],[10.2225148,45.5362956],[10.2225123,45.5363173],[10.2225116,45.5363235]]},"properties":{"site":"brescia","name":"Vicolo Ambrosioni","highway":"footway"}},{"type":"Feature","geometry":{"type":"LineString","coordinates":[[10.2225148,45.5362956],[10.2220534,45.5363576],[10.2219407,45.5361134],[10.2219111,45.5361173],[10.2219068,45.5361169]]},"properties":{"site":"brescia","name":"","highway":"footway"}},{"type":"Feature","geometry":{"type":"LineString","coordinates":[[10.2213695,45.5365196],[10.2212943,45.5363369],[10.2214445,45.5363088],[10.221506,45.5365016]]},"properties":{"site":"brescia","name":"","highway":"footway"}},{"type":"Feature","geometry":{"type":"LineString","coordinates":[[10.2182449,45.5340525],[10.2181304,45.5340386],[10.218026,45.5340339],[10.2179117,45.5340289],[10.2178177,45.5340463]]},"properties":{"site":"brescia","name":"","highway":"footway"}},{"type":"Feature","geometry":{"type":"LineString","coordinates":[[10.218634,45.5340956],[10.2193005,45.5339761],[10.2195806,45.533926],[10.2196574,45.5339122],[10.2199072,45.5338659],[10.2202078,45.5338102],[10.2202619,45.5338001]]},"properties":{"site":"brescia","name":"","highway":"footway"}},{"type":"Feature","geometry":{"type":"LineString","coordinates":[[10.2211333,45.5336988],[10.2212085,45.5340011],[10.2212822,45.5342841],[10.2213777,45.5346495],[10.2215545,45.5352825],[10.2215752,45.5353406]]},"properties":{"site":"brescia","name":"","highway":"footway"}},{"type":"Feature","geometry":{"type":"LineString","coordinates":[[10.2215752,45.5353406],[10.2225243,45.5352316],[10.2228587,45.5351787],[10.2228861,45.5351744],[10.2231225,45.5351475],[10.2237662,45.5350592],[10.2247828,45.5349446],[10.2250094,45.5348909]]},"properties":{"site":"brescia","name":"","highway":"footway"}},{"type":"Feature","geometry":{"type":"LineString","coordinates":[[10.2220127,45.5363636],[10.2219809,45.53637],[10.2219383,45.5363799]]},"properties":{"site":"brescia","name":"","highway":"footway"}},{"type":"Feature","geometry":{"type":"LineString","coordinates":[[10.2220741,45.5364566],[10.2221017,45.5365624]]},"properties":{"site":"brescia","name":"","highway":"footway"}},{"type":"Feature","geometry":{"type":"LineString","coordinates":[[10.2221017,45.5365624],[10.2221058,45.5365824],[10.2221889,45.5369662],[10.2223215,45.5374197],[10.2223351,45.53746],[10.2223971,45.5377009],[10.2224001,45.5377124],[10.2224071,45.5377445]]},"properties":{"site":"brescia","name":"","highway":"footway"}},{"type":"Feature","geometry":{"type":"LineString","coordinates":[[10.221221,45.5342938],[10.2212641,45.5342868],[10.2212822,45.5342841]]},"properties":{"site":"brescia","name":"","highway":"footway"}},{"type":"Feature","geometry":{"type":"LineString","coordinates":[[10.2213211,45.5346578],[10.2213641,45.5346515],[10.2213777,45.5346495]]},"properties":{"site":"brescia","name":"","highway":"footway"}},{"type":"Feature","geometry":{"type":"LineString","coordinates":[[10.2225027,45.5338889],[10.2225624,45.5338868],[10.222669,45.5338859],[10.2228779,45.5338929]]},"properties":{"site":"brescia","name":"Vicolo Bredazzola","highway":"service"}},{"type":"Feature","geometry":{"type":"LineString","coordinates":[[10.2228779,45.5338929],[10.2230664,45.5338931]]},"properties":{"site":"brescia","name":"Vicolo Bredazzola","highway":"service"}},{"type":"Feature","geometry":{"type":"LineString","coordinates":[[10.2230664,45.5338931],[10.2230809,45.5338931],[10.2231371,45.5338932]]},"properties":{"site":"brescia","name":"Vicolo Bredazzola","highway":"service"}},{"type":"Feature","geometry":{"type":"LineString","coordinates":[[10.2224634,45.5334583],[10.2224828,45.5335768]]},"properties":{"site":"brescia","name":"","highway":"footway"}},{"type":"Feature","geometry":{"type":"LineString","coordinates":[[10.2224828,45.5335768],[10.2226196,45.5335514],[10.2228422,45.533528],[10.2230104,45.533513]]},"properties":{"site":"brescia","name":"Vicolo del Borgo","highway":"footway"}},{"type":"Feature","geometry":{"type":"LineString","coordinates":[[10.2230104,45.533513],[10.2230926,45.5335082],[10.223096,45.533508]]},"properties":{"site":"brescia","name":"Vicolo del Borgo","highway":"footway"}},{"type":"Feature","geometry":{"type":"LineString","coordinates":[[10.2231088,45.5333029],[10.2231171,45.5333654],[10.2231081,45.5335072],[10.2230917,45.5337647],[10.2230809,45.5338931],[10.2230568,45.5341592],[10.2229964,45.5344467],[10.2229187,45.5346271],[10.2228587,45.5351787],[10.2228597,45.5352051],[10.222877,45.5352562]]},"properties":{"site":"brescia","name":"","highway":"footway"}},{"type":"Feature","geometry":{"type":"LineString","coordinates":[[10.223096,45.533508],[10.2231081,45.5335072]]},"properties":{"site":"brescia","name":"Vicolo del Borgo","highway":"footway"}},{"type":"Feature","geometry":{"type":"LineString","coordinates":[[10.2232184,45.5333817],[10.223339,45.5333782]]},"properties":{"site":"brescia","name":"Vicolo della Breda","highway":"service"}},{"type":"Feature","geometry":{"type":"LineString","coordinates":[[10.2231705,45.5333856],[10.2232074,45.5333826],[10.2232184,45.5333817]]},"properties":{"site":"brescia","name":"Vicolo della Breda","highway":"service"}},{"type":"Feature","geometry":{"type":"LineString","coordinates":[[10.2230402,45.5344503],[10.2231037,45.5344505],[10.2235101,45.5344519],[10.2240027,45.5344518]]},"properties":{"site":"brescia","name":"Corso Camillo Benso Conte di Cavour","highway":"service"}},{"type":"Feature","geometry":{"type":"LineString","coordinates":[[10.2232117,45.5332819],[10.2232074,45.5333826],[10.2231922,45.533741],[10.2231587,45.5341511],[10.2231037,45.5344505]]},"properties":{"site":"brescia","name":"","highway":"footway"}},{"type":"Feature","geometry":{"type":"LineString","coordinates":[[10.2230125,45.5360073],[10.2231158,45.5359927],[10.223154,45.5359871],[10.2231531,45.5359521],[10.2231527,45.535934],[10.2231362,45.535847],[10.2231138,45.5357283],[10.2230495,45.5357333],[10.2229287,45.5357424],[10.2229307,45.5358457],[10.2230081,45.5360003],[10.2230125,45.5360073]]},"properties":{"site":"brescia","name":"","highway":"pedestrian"}},{"type":"Feature","geometry":{"type":"LineString","coordinates":[[10.2230718,45.5358206],[10.2229307,45.5358457],[10.2228181,45.5358676]]},"properties":{"site":"brescia","name":"","highway":"footway"}},{"type":"Feature","geometry":{"type":"LineString","coordinates":[[10.2230809,45.5358563],[10.2231362,45.535847]]},"properties":{"site":"brescia","name":"","highway":"footway"}},{"type":"Feature","geometry":{"type":"LineString","coordinates":[[10.2231073,45.5359595],[10.2231531,45.5359521],[10.2232928,45.5359408],[10.2233706,45.5359371],[10.2234699,45.5359634],[10.2234792,45.5359803],[10.2236952,45.53597]]},"properties":{"site":"brescia","name":"Corso Cavour","highway":"pedestrian"}},{"type":"Feature","geometry":{"type":"LineString","coordinates":[[10.2280028,45.5357452],[10.2280029,45.535733]]},"properties":{"site":"brescia","name":"","highway":"footway"}},{"type":"Feature","geometry":{"type":"LineString","coordinates":[[10.2277064,45.5357476],[10.2277068,45.5357686],[10.2277074,45.5357958]]},"properties":{"site":"brescia","name":"","highway":"footway"}},{"type":"Feature","geometry":{"type":"LineString","coordinates":[[10.2277077,45.5358094],[10.2277463,45.5361989]]},"properties":{"site":"brescia","name":"","highway":"footway"}},{"type":"Feature","geometry":{"type":"LineString","coordinates":[[10.2277463,45.5361989],[10.2277513,45.5362496]]},"properties":{"site":"brescia","name":"","highway":"steps"}},{"type":"Feature","geometry":{"type":"LineString","coordinates":[[10.2277513,45.5362496],[10.2277641,45.5363784]]},"properties":{"site":"brescia","name":"","highway":"footway"}},{"type":"Feature","geometry":{"type":"LineString","coordinates":[[10.2290682,45.5360835],[10.2292244,45.5360725],[10.2293277,45.5360662]]},"properties":{"site":"brescia","name":"","highway":"footway"}},{"type":"Feature","geometry":{"type":"LineString","coordinates":[[10.2293157,45.5360169],[10.2293277,45.5360662],[10.2293416,45.536123],[10.2293533,45.5361773],[10.2300744,45.5361528],[10.2308221,45.5361213]]},"properties":{"site":"brescia","name":"","highway":"footway"}},{"type":"Feature","geometry":{"type":"LineString","coordinates":[[10.2293584,45.536122],[10.2293416,45.536123]]},"properties":{"site":"brescia","name":"","highway":"steps"}},{"type":"Feature","geometry":{"type":"LineString","coordinates":[[10.2277641,45.5363784],[10.2277701,45.536426]]},"properties":{"site":"brescia","name":"","highway":"footway"}},{"type":"Feature","geometry":{"type":"LineString","coordinates":[[10.2271625,45.5371008],[10.2271862,45.5370988],[10.2272856,45.5370947]]},"properties":{"site":"brescia","name":"","highway":"footway"}},{"type":"Feature","geometry":{"type":"LineString","coordinates":[[10.2272905,45.5371279],[10.2272856,45.5370947],[10.2272742,45.5370186],[10.2276098,45.536993],[10.2276261,45.5371012],[10.2272905,45.5371279]]},"properties":{"site":"brescia","name":"","highway":"footway"}},{"type":"Feature","geometry":{"type":"LineString","coordinates":[[10.2276261,45.5371012],[10.2276311,45.5371506],[10.2276331,45.5371663]]},"properties":{"site":"brescia","name":"","highway":"footway"}},{"type":"Feature","geometry":{"type":"LineString","coordinates":[[10.227887,45.5371431],[10.2278869,45.5371293],[10.2278698,45.5370091],[10.2278598,45.5369414],[10.2276058,45.5369655],[10.2275951,45.5368293]]},"properties":{"site":"brescia","name":"","highway":"footway"}},{"type":"Feature","geometry":{"type":"LineString","coordinates":[[10.2276098,45.536993],[10.2276058,45.5369655]]},"properties":{"site":"brescia","name":"","highway":"footway"}},{"type":"Feature","geometry":{"type":"LineString","coordinates":[[10.2256457,45.5394607],[10.2256627,45.5396413],[10.2257593,45.5396407],[10.2257807,45.5397949]]},"properties":{"site":"brescia","name":"","highway":"footway"}},{"type":"Feature","geometry":{"type":"LineString","coordinates":[[10.2257807,45.5397949],[10.2257871,45.53985]]},"properties":{"site":"brescia","name":"","highway":"steps"}},{"type":"Feature","geometry":{"type":"LineString","coordinates":[[10.2257871,45.53985],[10.2257893,45.5399433]]},"properties":{"site":"brescia","name":"","highway":"footway"}},{"type":"Feature","geometry":{"type":"LineString","coordinates":[[10.2256261,45.5400084],[10.2256209,45.5399543],[10.2257893,45.5399433],[10.2259537,45.5399333],[10.2259569,45.5399819]]},"properties":{"site":"brescia","name":"","highway":"footway"}},{"type":"Feature","geometry":{"type":"LineString","coordinates":[[10.2259537,45.5399333],[10.226167,45.5399211],[10.2262233,45.5400226],[10.226509,45.5400094],[10.2265224,45.5399192],[10.2264795,45.539892],[10.2264982,45.5397502],[10.2264712,45.5396964]]},"properties":{"site":"brescia","name":"","highway":"footway"}},{"type":"Feature","geometry":{"type":"LineString","coordinates":[[10.2255202,45.5396458],[10.2255692,45.5396467],[10.2255422,45.5396578],[10.2254697,45.5396737],[10.2253782,45.5396937]]},"properties":{"site":"brescia","name":"","highway":"footway"}},{"type":"Feature","geometry":{"type":"LineString","coordinates":[[10.2251974,45.5395032],[10.2252319,45.5396651]]},"properties":{"site":"brescia","name":"","highway":"footway"}},{"type":"Feature","geometry":{"type":"LineString","coordinates":[[10.2168063,45.543011],[10.2168843,45.5431616]]},"properties":{"site":"brescia","name":"Vicolo dei Tre Archi","highway":"footway"}},{"type":"Feature","geometry":{"type":"LineString","coordinates":[[10.2168063,45.543011],[10.2167956,45.5429809],[10.2161078,45.5431532]]},"properties":{"site":"brescia","name":"Vicolo dei Tre Archi","highway":"footway"}},{"type":"Feature","geometry":{"type":"LineString","coordinates":[[10.2168843,45.5431616],[10.216901,45.5431974]]},"properties":{"site":"brescia","name":"Vicolo dei Tre Archi","highway":"footway"}},{"type":"Feature","geometry":{"type":"LineString","coordinates":[[10.2153621,45.5433418],[10.2161078,45.5431532],[10.2159305,45.5428073],[10.2157807,45.5424492],[10.2157497,45.5424098],[10.2156937,45.5422613]]},"properties":{"site":"brescia","name":"Vicolo Medici","highway":"service"}},{"type":"Feature","geometry":{"type":"LineString","coordinates":[[10.2163837,45.5421393],[10.2166132,45.5425601],[10.2167913,45.5429544],[10.2167956,45.5429809]]},"properties":{"site":"brescia","name":"Vicolo delle Due Torri","highway":"service"}},{"type":"Feature","geometry":{"type":"LineString","coordinates":[[10.2154974,45.5428212],[10.2154397,45.5425963],[10.2153457,45.5423291]]},"properties":{"site":"brescia","name":"Via Francesco Lana","highway":"service"}},{"type":"Feature","geometry":{"type":"LineString","coordinates":[[10.2137138,45.5410461],[10.2137888,45.5412451],[10.2138666,45.5412245],[10.2138978,45.5413213]]},"properties":{"site":"brescia","name":"","highway":"footway"}},{"type":"Feature","geometry":{"type":"LineString","coordinates":[[10.2136977,45.5409733],[10.2136865,45.5409509]]},"properties":{"site":"brescia","name":"Corso Giuseppe Garibaldi","highway":"footway"}},{"type":"Feature","geometry":{"type":"LineString","coordinates":[[10.2136865,45.5409509],[10.2136643,45.5408996],[10.213527,45.5405826]]},"properties":{"site":"brescia","name":"Corso Giuseppe Garibaldi","highway":"footway"}},{"type":"Feature","geometry":{"type":"LineString","coordinates":[[10.213527,45.5405826],[10.2135084,45.5405389]]},"properties":{"site":"brescia","name":"","highway":"footway"}},{"type":"Feature","geometry":{"type":"LineString","coordinates":[[10.2336152,45.5360692],[10.2335663,45.5360007],[10.2334944,45.5359069]]},"properties":{"site":"brescia","name":"","highway":"footway"}},{"type":"Feature","geometry":{"type":"LineString","coordinates":[[10.232166,45.5363524],[10.2321264,45.5363515],[10.2320328,45.5363511],[10.2319885,45.5363506],[10.2319768,45.5363505]]},"properties":{"site":"brescia","name":"","highway":"footway"}},{"type":"Feature","geometry":{"type":"LineString","coordinates":[[10.23217,45.5363022],[10.232166,45.5363524],[10.2321481,45.5364824],[10.2320695,45.537024],[10.2321258,45.537101]]},"properties":{"site":"brescia","name":"","highway":"footway"}},{"type":"Feature","geometry":{"type":"LineString","coordinates":[[10.2317988,45.537636],[10.2318425,45.5375742],[10.2318475,45.5375462],[10.2318692,45.5374238],[10.2319121,45.5371822],[10.2319737,45.5367341],[10.2319885,45.5363506],[10.2319868,45.5363049]]},"properties":{"site":"brescia","name":"","highway":"footway"}},{"type":"Feature","geometry":{"type":"LineString","coordinates":[[10.2317158,45.5363528],[10.2316086,45.5363541],[10.2315544,45.5363559],[10.2311936,45.5363683],[10.2311158,45.5363711],[10.2309847,45.5363758],[10.2309591,45.5363767]]},"properties":{"site":"brescia","name":"","highway":"footway"}},{"type":"Feature","geometry":{"type":"LineString","coordinates":[[10.2319079,45.5360675],[10.2319116,45.5361156],[10.2319167,45.5361744]]},"properties":{"site":"brescia","name":"","highway":"footway"}},{"type":"Feature","geometry":{"type":"LineString","coordinates":[[10.2326685,45.5353097],[10.2326211,45.535295]]},"properties":{"site":"brescia","name":"","highway":"footway"}},{"type":"Feature","geometry":{"type":"LineString","coordinates":[[10.2300658,45.5359882],[10.2300643,45.5359526],[10.2300618,45.5359168]]},"properties":{"site":"brescia","name":"","highway":"footway"}},{"type":"Feature","geometry":{"type":"LineString","coordinates":[[10.2300728,45.5361307],[10.2300712,45.5360975],[10.2300658,45.5359882]]},"properties":{"site":"brescia","name":"","highway":"footway"}},{"type":"Feature","geometry":{"type":"LineString","coordinates":[[10.2293989,45.5364094],[10.2293867,45.5364171],[10.2293585,45.5364351],[10.2292597,45.5364347],[10.2292544,45.5364186],[10.2292486,45.5364029],[10.229235,45.5363673]]},"properties":{"site":"brescia","name":"","highway":"footway"}},{"type":"Feature","geometry":{"type":"LineString","coordinates":[[10.2309591,45.5363767],[10.2308332,45.536371],[10.2302998,45.5363809],[10.2300846,45.5363748],[10.2296007,45.5363843],[10.2293989,45.5364094]]},"properties":{"site":"brescia","name":"","highway":"footway"}},{"type":"Feature","geometry":{"type":"LineString","coordinates":[[10.2277074,45.5357958],[10.2277077,45.5358094]]},"properties":{"site":"brescia","name":"","highway":"footway"}},{"type":"Feature","geometry":{"type":"LineString","coordinates":[[10.2251252,45.5359564],[10.2251217,45.5359319],[10.2251175,45.5359026]]},"properties":{"site":"brescia","name":"","highway":"footway"}},{"type":"Feature","geometry":{"type":"LineString","coordinates":[[10.2258756,45.5358487],[10.2265964,45.5357379],[10.2266378,45.5357371]]},"properties":{"site":"brescia","name":"","highway":"footway"}},{"type":"Feature","geometry":{"type":"LineString","coordinates":[[10.2251175,45.5359026],[10.2251676,45.5358989],[10.2253177,45.5358898]]},"properties":{"site":"brescia","name":"","highway":"footway"}},{"type":"Feature","geometry":{"type":"LineString","coordinates":[[10.2293027,45.5359473],[10.2293089,45.5359808],[10.2293131,45.536003],[10.2293157,45.5360169]]},"properties":{"site":"brescia","name":"","highway":"footway"}},{"type":"Feature","geometry":{"type":"LineString","coordinates":[[10.2290422,45.535786],[10.229296,45.535781],[10.2293027,45.5359473]]},"properties":{"site":"brescia","name":"","highway":"footway"}},{"type":"Feature","geometry":{"type":"LineString","coordinates":[[10.2314248,45.536086],[10.2312346,45.5360947],[10.2309969,45.5361074],[10.2309063,45.5361146],[10.2308221,45.5361213]]},"properties":{"site":"brescia","name":"","highway":"footway"}},{"type":"Feature","geometry":{"type":"LineString","coordinates":[[10.2315093,45.5358257],[10.2315124,45.5358645],[10.2315174,45.5359264],[10.2315297,45.5360799],[10.2314248,45.536086]]},"properties":{"site":"brescia","name":"","highway":"footway"}},{"type":"Feature","geometry":{"type":"LineString","coordinates":[[10.2319214,45.536218],[10.2319244,45.5362657],[10.2319283,45.5363058]]},"properties":{"site":"brescia","name":"","highway":"footway"}},{"type":"Feature","geometry":{"type":"LineString","coordinates":[[10.2289883,45.5357525],[10.2290422,45.535786]]},"properties":{"site":"brescia","name":"","highway":"footway"}},{"type":"Feature","geometry":{"type":"LineString","coordinates":[[10.228921,45.5357352],[10.2289592,45.5357348],[10.2289883,45.5357525]]},"properties":{"site":"brescia","name":"","highway":"footway"}},{"type":"Feature","geometry":{"type":"LineString","coordinates":[[10.2266378,45.5357371],[10.2266691,45.5357365],[10.2268007,45.5357342],[10.2271922,45.5357271],[10.2273445,45.5357431]]},"properties":{"site":"brescia","name":"","highway":"footway"}},{"type":"Feature","geometry":{"type":"LineString","coordinates":[[10.2357255,45.5323776],[10.235683,45.532379],[10.2355962,45.5323805]]},"properties":{"site":"brescia","name":"","highway":"footway"}},{"type":"Feature","geometry":{"type":"LineString","coordinates":[[10.2367027,45.5311136],[10.2360788,45.5319538],[10.2359992,45.532069],[10.2358133,45.5323747],[10.2357255,45.5323776]]},"properties":{"site":"brescia","name":"","highway":"footway"}},{"type":"Feature","geometry":{"type":"LineString","coordinates":[[10.234911,45.5337657],[10.2349151,45.5337059]]},"properties":{"site":"brescia","name":"","highway":"footway"}},{"type":"Feature","geometry":{"type":"LineString","coordinates":[[10.2350874,45.5336918],[10.2357171,45.5339399],[10.2359712,45.534035]]},"properties":{"site":"brescia","name":"","highway":"footway"}},{"type":"Feature","geometry":{"type":"LineString","coordinates":[[10.2348531,45.5334158],[10.2349893,45.5335834]]},"properties":{"site":"brescia","name":"","highway":"footway"}},{"type":"Feature","geometry":{"type":"LineString","coordinates":[[10.2349893,45.5335834],[10.2351258,45.53342]]},"properties":{"site":"brescia","name":"","highway":"footway"}},{"type":"Feature","geometry":{"type":"LineString","coordinates":[[10.2359712,45.534035],[10.2368925,45.53438]]},"properties":{"site":"brescia","name":"","highway":"footway"}},{"type":"Feature","geometry":{"type":"LineString","coordinates":[[10.2338741,45.5310619],[10.2338741,45.5309962],[10.2339501,45.5309993],[10.2352935,45.5310547]]},"properties":{"site":"brescia","name":"","highway":"footway"}},{"type":"Feature","geometry":{"type":"LineString","coordinates":[[10.2337186,45.5310619],[10.2337736,45.5310619],[10.2338741,45.5310619]]},"properties":{"site":"brescia","name":"","highway":"footway"}},{"type":"Feature","geometry":{"type":"LineString","coordinates":[[10.2121964,45.5336783],[10.2121809,45.5337016],[10.2121606,45.5337321],[10.2121208,45.5337956]]},"properties":{"site":"brescia","name":"","highway":"footway"}},{"type":"Feature","geometry":{"type":"LineString","coordinates":[[10.2144404,45.5333494],[10.2144039,45.5333594],[10.2143859,45.5333642],[10.2143525,45.5333726],[10.214324,45.5333796]]},"properties":{"site":"brescia","name":"","highway":"footway"}},{"type":"Feature","geometry":{"type":"LineString","coordinates":[[10.215075,45.5332071],[10.2150472,45.5332107],[10.215018,45.5332152],[10.2149955,45.5332201],[10.2149179,45.5332372]]},"properties":{"site":"brescia","name":"","highway":"footway"}},{"type":"Feature","geometry":{"type":"LineString","coordinates":[[10.216378,45.5329161],[10.2160219,45.5320888]]},"properties":{"site":"brescia","name":"","highway":"footway"}},{"type":"Feature","geometry":{"type":"LineString","coordinates":[[10.216378,45.5329161],[10.2173953,45.532678]]},"properties":{"site":"brescia","name":"","highway":"footway"}},{"type":"Feature","geometry":{"type":"LineString","coordinates":[[10.2163931,45.5330726],[10.216439,45.5330629],[10.2175014,45.5328369],[10.2175547,45.5328257]]},"properties":{"site":"brescia","name":"","highway":"footway"}},{"type":"Feature","geometry":{"type":"LineString","coordinates":[[10.216257,45.5331015],[10.2163398,45.5330839],[10.2163931,45.5330726]]},"properties":{"site":"brescia","name":"","highway":"footway"}},{"type":"Feature","geometry":{"type":"LineString","coordinates":[[10.2179115,45.5325589],[10.2180473,45.5325281],[10.2189155,45.5323547],[10.2200473,45.5320972],[10.2201292,45.5320785],[10.2202995,45.5318437]]},"properties":{"site":"brescia","name":"","highway":"footway"}},{"type":"Feature","geometry":{"type":"LineString","coordinates":[[10.2162107,45.5329535],[10.2162857,45.5329367],[10.216378,45.5329161]]},"properties":{"site":"brescia","name":"","highway":"footway"}},{"type":"Feature","geometry":{"type":"LineString","coordinates":[[10.2205127,45.5323322],[10.2205568,45.5323242],[10.220612,45.5323143]]},"properties":{"site":"brescia","name":"","highway":"footway"}},{"type":"Feature","geometry":{"type":"LineString","coordinates":[[10.2204188,45.5318211],[10.2207327,45.5319517],[10.2214919,45.5317604],[10.2216509,45.5317204],[10.2227953,45.5314613],[10.222814,45.5314237]]},"properties":{"site":"brescia","name":"","highway":"footway"}},{"type":"Feature","geometry":{"type":"LineString","coordinates":[[10.2202995,45.5318437],[10.2203429,45.5318355],[10.2204188,45.5318211]]},"properties":{"site":"brescia","name":"","highway":"footway"}},{"type":"Feature","geometry":{"type":"LineString","coordinates":[[10.2214919,45.5317604],[10.2214072,45.5315703],[10.2214099,45.5313915]]},"properties":{"site":"brescia","name":"","highway":"footway"}},{"type":"Feature","geometry":{"type":"LineString","coordinates":[[10.2230594,45.5313795],[10.2240338,45.531165],[10.22414,45.5311395]]},"properties":{"site":"brescia","name":"","highway":"footway"}},{"type":"Feature","geometry":{"type":"LineString","coordinates":[[10.222814,45.5314237],[10.2229109,45.5314063],[10.2229977,45.5313906],[10.2230594,45.5313795]]},"properties":{"site":"brescia","name":"","highway":"footway"}},{"type":"Feature","geometry":{"type":"LineString","coordinates":[[10.2229446,45.5316007],[10.2229951,45.5315863],[10.2230125,45.5315506],[10.2242029,45.5312774],[10.2242439,45.531278],[10.2242708,45.5312859],[10.2242859,45.5313058],[10.2243154,45.5314533],[10.2243905,45.5322698]]},"properties":{"site":"brescia","name":"","highway":"footway"}},{"type":"Feature","geometry":{"type":"LineString","coordinates":[[10.2228717,45.5316105],[10.2229001,45.5316083],[10.2229446,45.5316007]]},"properties":{"site":"brescia","name":"","highway":"footway"}},{"type":"Feature","geometry":{"type":"LineString","coordinates":[[10.2240338,45.531165],[10.2240068,45.5311406]]},"properties":{"site":"brescia","name":"","highway":"footway"}},{"type":"Feature","geometry":{"type":"LineString","coordinates":[[10.2242708,45.5312859],[10.2243541,45.5312713],[10.2244394,45.5312603]]},"properties":{"site":"brescia","name":"","highway":"footway"}},{"type":"Feature","geometry":{"type":"LineString","coordinates":[[10.224522,45.5312013],[10.2244935,45.5311129],[10.2244733,45.5310576]]},"properties":{"site":"brescia","name":"","highway":"footway"}},{"type":"Feature","geometry":{"type":"LineString","coordinates":[[10.2252803,45.5311047],[10.2253295,45.5310963],[10.2253769,45.5310859]]},"properties":{"site":"brescia","name":"","highway":"footway"}},{"type":"Feature","geometry":{"type":"LineString","coordinates":[[10.2244733,45.5310576],[10.2251301,45.5309112],[10.2252187,45.5308172]]},"properties":{"site":"brescia","name":"","highway":"footway"}},{"type":"Feature","geometry":{"type":"LineString","coordinates":[[10.2352935,45.5310547],[10.2353637,45.5310576],[10.235449,45.5310605]]},"properties":{"site":"brescia","name":"","highway":"footway"}},{"type":"Feature","geometry":{"type":"LineString","coordinates":[[10.2321044,45.5373109],[10.2321064,45.537291],[10.2321205,45.5371527],[10.2321258,45.537101]]},"properties":{"site":"brescia","name":"","highway":"footway"}},{"type":"Feature","geometry":{"type":"LineString","coordinates":[[10.2320172,45.5383851],[10.2319989,45.5383259],[10.231989,45.538294]]},"properties":{"site":"brescia","name":"","highway":"footway"}},{"type":"Feature","geometry":{"type":"LineString","coordinates":[[10.2318595,45.5390456],[10.2319153,45.5384555],[10.2320172,45.5383851]]},"properties":{"site":"brescia","name":"","highway":"footway"}},{"type":"Feature","geometry":{"type":"LineString","coordinates":[[10.2318485,45.5391694],[10.231854,45.5391098],[10.2318595,45.5390456]]},"properties":{"site":"brescia","name":"","highway":"footway"}},{"type":"Feature","geometry":{"type":"LineString","coordinates":[[10.2318373,45.5392905],[10.2318485,45.5391694]]},"properties":{"site":"brescia","name":"","highway":"footway"}},{"type":"Feature","geometry":{"type":"LineString","coordinates":[[10.2237832,45.5388285],[10.2236426,45.5388403]]},"properties":{"site":"brescia","name":"Piazzetta Legnano","highway":"service"}},{"type":"Feature","geometry":{"type":"LineString","coordinates":[[10.2212472,45.5413477],[10.2210215,45.5413694],[10.2210035,45.5413405],[10.2207079,45.5413783]]},"properties":{"site":"brescia","name":"Vicolo San Giorgio","highway":"service"}},{"type":"Feature","geometry":{"type":"LineString","coordinates":[[10.2209982,45.5411406],[10.2209883,45.5411099],[10.2209668,45.5410444],[10.221011,45.5410246],[10.2209494,45.5408922]]},"properties":{"site":"brescia","name":"Piazzetta San Giorgio","highway":"service"}},{"type":"Feature","geometry":{"type":"LineString","coordinates":[[10.2209883,45.5411099],[10.2210326,45.5410921],[10.2210441,45.5410875]]},"properties":{"site":"brescia","name":"","highway":"steps"}},{"type":"Feature","geometry":{"type":"LineString","coordinates":[[10.2210471,45.542033],[10.2218031,45.5418512]]},"properties":{"site":"brescia","name":"Contrada Santa Chiara","highway":"service"}},{"type":"Feature","geometry":{"type":"LineString","coordinates":[[10.2213607,45.5426838],[10.2217177,45.5425814],[10.2221419,45.5424318]]},"properties":{"site":"brescia","name":"Contrada Santa Chiara","highway":"service"}},{"type":"Feature","geometry":{"type":"LineString","coordinates":[[10.2211296,45.5423679],[10.2219487,45.5420946]]},"properties":{"site":"brescia","name":"Contrada Santa Chiara","highway":"service"}},{"type":"Feature","geometry":{"type":"LineString","coordinates":[[10.2216297,45.5430265],[10.2223271,45.542871],[10.2225114,45.5428131]]},"properties":{"site":"brescia","name":"Contrada Santa Chiara","highway":"service"}},{"type":"Feature","geometry":{"type":"LineString","coordinates":[[10.2207633,45.5417503],[10.2205757,45.5418046]]},"properties":{"site":"brescia","name":"Contrada Santa Chiara","highway":"service"}},{"type":"Feature","geometry":{"type":"LineString","coordinates":[[10.2206025,45.5418844],[10.2205757,45.5418046],[10.2205087,45.54169]]},"properties":{"site":"brescia","name":"Contrada Santa Chiara","highway":"service"}},{"type":"Feature","geometry":{"type":"LineString","coordinates":[[10.2255536,45.5471533],[10.225542,45.5471273],[10.225521,45.5470799]]},"properties":{"site":"brescia","name":"","highway":"footway"}},{"type":"Feature","geometry":{"type":"LineString","coordinates":[[10.2257518,45.5470262],[10.2257765,45.5470766],[10.2258029,45.5471305]]},"properties":{"site":"brescia","name":"","highway":"footway"}},{"type":"Feature","geometry":{"type":"LineString","coordinates":[[10.2249082,45.5451998],[10.2249036,45.5452504],[10.2249408,45.545309],[10.2250184,45.5454694],[10.2252642,45.5459774],[10.2252985,45.5460512],[10.2253893,45.5462464],[10.2256044,45.5466963],[10.2257518,45.5470262]]},"properties":{"site":"brescia","name":"","highway":"footway"}},{"type":"Feature","geometry":{"type":"LineString","coordinates":[[10.2255848,45.5471799],[10.2255709,45.5471573],[10.2255536,45.5471533]]},"properties":{"site":"brescia","name":"","highway":"footway"}},{"type":"Feature","geometry":{"type":"LineString","coordinates":[[10.2258029,45.5471305],[10.226254,45.5480392],[10.226321,45.5481646],[10.2264385,45.5484071]]},"properties":{"site":"brescia","name":"","highway":"footway"}},{"type":"Feature","geometry":{"type":"LineString","coordinates":[[10.2169558,45.5482519],[10.2169408,45.5482097],[10.2166528,45.5474764],[10.2166293,45.5474105]]},"properties":{"site":"brescia","name":"","highway":"path"}},{"type":"Feature","geometry":{"type":"LineString","coordinates":[[10.2153486,45.5477327],[10.2152547,45.5477749],[10.2151917,45.5478322],[10.2151541,45.547898],[10.2151353,45.5479665],[10.2151286,45.5480417],[10.2151434,45.5481234],[10.2151715,45.5482023],[10.2152064,45.5482708],[10.2152493,45.5483319],[10.2153016,45.5483854],[10.2153633,45.5484314],[10.2154451,45.5484634],[10.2155336,45.5484812],[10.2156289,45.5484822],[10.2157201,45.5484746],[10.2157763,45.5484669],[10.215822,45.5484606],[10.2169221,45.5482581],[10.2169558,45.5482519],[10.2173629,45.5481769],[10.2174501,45.5481563],[10.2175198,45.54813],[10.2175842,45.5480952],[10.2176298,45.5480511],[10.2176539,45.5480051],[10.2176673,45.5479581],[10.2176727,45.5479036],[10.2176754,45.5478463],[10.2176687,45.5477825],[10.2176526,45.5477158],[10.2176284,45.5476604],[10.2175963,45.547605],[10.2175466,45.5475458],[10.2174984,45.5475007],[10.2174326,45.5474584],[10.2173589,45.5474256],[10.2172663,45.547403],[10.2171658,45.5473974],[10.2170732,45.547403],[10.2169646,45.5474162],[10.2166528,45.5474764],[10.2163935,45.5475265],[10.2154532,45.5477083],[10.2153486,45.5477327]]},"properties":{"site":"brescia","name":"","highway":"pedestrian"}},{"type":"Feature","geometry":{"type":"LineString","coordinates":[[10.2166293,45.5474105],[10.2166186,45.5473805]]},"properties":{"site":"brescia","name":"","highway":"steps"}},{"type":"Feature","geometry":{"type":"LineString","coordinates":[[10.2166186,45.5473805],[10.2166132,45.5473345],[10.2166132,45.547296],[10.2166253,45.5472584],[10.2166427,45.5472236],[10.216637,45.5471972]]},"properties":{"site":"brescia","name":"","highway":"path"}},{"type":"Feature","geometry":{"type":"LineString","coordinates":[[10.2173589,45.5474256],[10.2173991,45.5473551],[10.2174675,45.54728],[10.2175332,45.5472358]]},"properties":{"site":"brescia","name":"","highway":"footway"}},{"type":"Feature","geometry":{"type":"LineString","coordinates":[[10.2175332,45.5472358],[10.2175775,45.5472189]]},"properties":{"site":"brescia","name":"","highway":"steps"}},{"type":"Feature","geometry":{"type":"LineString","coordinates":[[10.2175775,45.5472189],[10.2178676,45.5471019]]},"properties":{"site":"brescia","name":"","highway":"footway"}},{"type":"Feature","geometry":{"type":"LineString","coordinates":[[10.2308247,45.5436682],[10.2310167,45.5434507],[10.2311763,45.5432939],[10.2312757,45.5431004]]},"properties":{"site":"brescia","name":"","highway":"footway"}},{"type":"Feature","geometry":{"type":"LineString","coordinates":[[10.2303845,45.543775],[10.2303533,45.5437061],[10.2303168,45.5436393]]},"properties":{"site":"brescia","name":"","highway":"footway"}},{"type":"Feature","geometry":{"type":"LineString","coordinates":[[10.223005,45.5397651],[10.2231781,45.5403012]]},"properties":{"site":"brescia","name":"","highway":"footway"}},{"type":"Feature","geometry":{"type":"LineString","coordinates":[[10.2228534,45.5397761],[10.2230179,45.5403295]]},"properties":{"site":"brescia","name":"","highway":"footway"}},{"type":"Feature","geometry":{"type":"LineString","coordinates":[[10.2231781,45.5403012],[10.2243409,45.5440827]]},"properties":{"site":"brescia","name":"Galleria Tito Speri","highway":"footway"}},{"type":"Feature","geometry":{"type":"LineString","coordinates":[[10.224228,45.5442613],[10.2243129,45.5442478],[10.224391,45.5442353]]},"properties":{"site":"brescia","name":"","highway":"footway"}},{"type":"Feature","geometry":{"type":"LineString","coordinates":[[10.2241881,45.5441076],[10.2230179,45.5403295]]},"properties":{"site":"brescia","name":"Galleria Tito Speri","highway":"footway"}},{"type":"Feature","geometry":{"type":"LineString","coordinates":[[10.2214327,45.5452958],[10.2212615,45.5453071],[10.220823,45.5453406],[10.220599,45.5453612],[10.2204938,45.5453673],[10.2204509,45.5453739],[10.2204018,45.5454122]]},"properties":{"site":"brescia","name":"","highway":"footway"}},{"type":"Feature","geometry":{"type":"LineString","coordinates":[[10.2222108,45.5451624],[10.2222162,45.5452109],[10.2222218,45.5452623]]},"properties":{"site":"brescia","name":"","highway":"footway"}},{"type":"Feature","geometry":{"type":"LineString","coordinates":[[10.2204222,45.53931],[10.2204298,45.5393529],[10.2204454,45.5394078]]},"properties":{"site":"brescia","name":"","highway":"footway"}},{"type":"Feature","geometry":{"type":"LineString","coordinates":[[10.2204222,45.53931],[10.2197738,45.5393753]]},"properties":{"site":"brescia","name":"","highway":"footway"}},{"type":"Feature","geometry":{"type":"LineString","coordinates":[[10.2205311,45.5392993],[10.2205048,45.5393017]]},"properties":{"site":"brescia","name":"","highway":"footway"}},{"type":"Feature","geometry":{"type":"LineString","coordinates":[[10.220079,45.5370521],[10.2200581,45.5370544]]},"properties":{"site":"brescia","name":"","highway":"footway"}},{"type":"Feature","geometry":{"type":"LineString","coordinates":[[10.2188956,45.5377319],[10.218965,45.5377257],[10.2190431,45.5377188]]},"properties":{"site":"brescia","name":"","highway":"footway"}},{"type":"Feature","geometry":{"type":"LineString","coordinates":[[10.218269,45.5378932],[10.218294,45.5378629],[10.2183275,45.5378366],[10.2183921,45.5378167],[10.2188505,45.5377395],[10.2188956,45.5377319]]},"properties":{"site":"brescia","name":"","highway":"footway"}},{"type":"Feature","geometry":{"type":"LineString","coordinates":[[10.2188719,45.5378586],[10.2188729,45.5378658]]},"properties":{"site":"brescia","name":"","highway":"footway"}},{"type":"Feature","geometry":{"type":"LineString","coordinates":[[10.219085,45.5352721],[10.219092,45.5353734],[10.2191066,45.5355863]]},"properties":{"site":"brescia","name":"","highway":"footway"}},{"type":"Feature","geometry":{"type":"LineString","coordinates":[[10.2188723,45.5344957],[10.2188824,45.5345222],[10.2188935,45.534556]]},"properties":{"site":"brescia","name":"","highway":"footway"}},{"type":"Feature","geometry":{"type":"LineString","coordinates":[[10.2184749,45.5341253],[10.218592,45.5341034],[10.218634,45.5340956]]},"properties":{"site":"brescia","name":"","highway":"footway"}},{"type":"Feature","geometry":{"type":"LineString","coordinates":[[10.2181685,45.5341842],[10.2182834,45.5341617]]},"properties":{"site":"brescia","name":"","highway":"footway"}},{"type":"Feature","geometry":{"type":"LineString","coordinates":[[10.2185582,45.5356162],[10.2185631,45.5356387]]},"properties":{"site":"brescia","name":"","highway":"footway"}},{"type":"Feature","geometry":{"type":"LineString","coordinates":[[10.2179438,45.5342289],[10.2179808,45.5342215],[10.2181309,45.5341917],[10.2181685,45.5341842]]},"properties":{"site":"brescia","name":"","highway":"footway"}},{"type":"Feature","geometry":{"type":"LineString","coordinates":[[10.2185865,45.5345841],[10.2185673,45.5345882],[10.21835,45.5346343]]},"properties":{"site":"brescia","name":"","highway":"footway"}},{"type":"Feature","geometry":{"type":"LineString","coordinates":[[10.2185149,45.5350239],[10.2187239,45.5349787],[10.2187469,45.5349738]]},"properties":{"site":"brescia","name":"","highway":"footway"}},{"type":"Feature","geometry":{"type":"LineString","coordinates":[[10.2206252,45.5354151],[10.2206437,45.5354138]]},"properties":{"site":"brescia","name":"","highway":"footway"}},{"type":"Feature","geometry":{"type":"LineString","coordinates":[[10.2215952,45.5353905],[10.2219068,45.5361169],[10.2220127,45.5363636],[10.2220227,45.5363881]]},"properties":{"site":"brescia","name":"","highway":"footway"}},{"type":"Feature","geometry":{"type":"LineString","coordinates":[[10.2215752,45.5353406],[10.2215842,45.5353629],[10.2215952,45.5353905]]},"properties":{"site":"brescia","name":"","highway":"footway"}},{"type":"Feature","geometry":{"type":"LineString","coordinates":[[10.221525,45.5353979],[10.2215714,45.535393],[10.2215952,45.5353905]]},"properties":{"site":"brescia","name":"","highway":"footway"}},{"type":"Feature","geometry":{"type":"LineString","coordinates":[[10.2204717,45.5355012],[10.2209704,45.5354523],[10.2211029,45.5354393],[10.221525,45.5353979]]},"properties":{"site":"brescia","name":"","highway":"footway"}},{"type":"Feature","geometry":{"type":"LineString","coordinates":[[10.221525,45.5353979],[10.2219383,45.5363799],[10.2219641,45.5364412],[10.2220214,45.5365919],[10.2221152,45.5369745],[10.222166,45.5371819],[10.2223147,45.5377149],[10.2223262,45.5377595]]},"properties":{"site":"brescia","name":"","highway":"footway"}},{"type":"Feature","geometry":{"type":"LineString","coordinates":[[10.2215106,45.5353495],[10.2215167,45.53537],[10.221525,45.5353979]]},"properties":{"site":"brescia","name":"","highway":"footway"}},{"type":"Feature","geometry":{"type":"LineString","coordinates":[[10.2215106,45.5353495],[10.2215538,45.5353435],[10.2215752,45.5353406]]},"properties":{"site":"brescia","name":"","highway":"footway"}},{"type":"Feature","geometry":{"type":"LineString","coordinates":[[10.2211333,45.5336988],[10.2223896,45.5334764]]},"properties":{"site":"brescia","name":"","highway":"footway"}},{"type":"Feature","geometry":{"type":"LineString","coordinates":[[10.2210596,45.5337119],[10.2211043,45.533704],[10.2211333,45.5336988]]},"properties":{"site":"brescia","name":"","highway":"footway"}},{"type":"Feature","geometry":{"type":"LineString","coordinates":[[10.218141,45.5468079],[10.2181696,45.5467616],[10.2183195,45.5467299],[10.2190132,45.5465837]]},"properties":{"site":"brescia","name":"","highway":"footway"}},{"type":"Feature","geometry":{"type":"LineString","coordinates":[[10.217905,45.5468576],[10.2180361,45.5468309],[10.218141,45.5468079]]},"properties":{"site":"brescia","name":"","highway":"footway"}},{"type":"Feature","geometry":{"type":"LineString","coordinates":[[10.2334567,45.5328087],[10.2335093,45.5327387],[10.2335261,45.5327163]]},"properties":{"site":"brescia","name":"","highway":"footway"}},{"type":"Feature","geometry":{"type":"LineString","coordinates":[[10.2154817,45.5392061],[10.215541,45.5392017],[10.215603,45.5391975]]},"properties":{"site":"brescia","name":"","highway":"footway"}},{"type":"Feature","geometry":{"type":"LineString","coordinates":[[10.2138192,45.5394022],[10.2141236,45.5393653],[10.2154817,45.5392061],[10.2156773,45.5402259],[10.2157426,45.5406727]]},"properties":{"site":"brescia","name":"","highway":"footway"}},{"type":"Feature","geometry":{"type":"LineString","coordinates":[[10.2155331,45.5383299],[10.2159321,45.538536],[10.2158951,45.5385533],[10.2158476,45.5385774],[10.2155566,45.5384393],[10.2154587,45.5385539],[10.2155513,45.5391179],[10.2155937,45.5391173],[10.2162613,45.5391079]]},"properties":{"site":"brescia","name":"","highway":"footway"}},{"type":"Feature","geometry":{"type":"LineString","coordinates":[[10.2155016,45.5391212],[10.2155269,45.5391195],[10.2155513,45.5391179]]},"properties":{"site":"brescia","name":"","highway":"footway"}},{"type":"Feature","geometry":{"type":"LineString","coordinates":[[10.2154817,45.5392061],[10.2154734,45.539162],[10.2154664,45.5391247]]},"properties":{"site":"brescia","name":"","highway":"footway"}},{"type":"Feature","geometry":{"type":"LineString","coordinates":[[10.215603,45.5391975],[10.2155978,45.539153],[10.2155937,45.5391173]]},"properties":{"site":"brescia","name":"","highway":"footway"}},{"type":"Feature","geometry":{"type":"LineString","coordinates":[[10.2137317,45.5394119],[10.2137798,45.539407],[10.2138192,45.5394022]]},"properties":{"site":"brescia","name":"","highway":"footway"}},{"type":"Feature","geometry":{"type":"LineString","coordinates":[[10.2113813,45.5396236],[10.212374,45.5395443],[10.2124207,45.5395398],[10.2127556,45.5395079],[10.2131422,45.5394725],[10.2137317,45.5394119]]},"properties":{"site":"brescia","name":"","highway":"footway"}},{"type":"Feature","geometry":{"type":"LineString","coordinates":[[10.2136844,45.5393426],[10.2137481,45.5393304],[10.213788,45.5393257]]},"properties":{"site":"brescia","name":"","highway":"footway"}},{"type":"Feature","geometry":{"type":"LineString","coordinates":[[10.2113533,45.539524],[10.2123497,45.5394695],[10.2123951,45.5394694],[10.2136844,45.5393426]]},"properties":{"site":"brescia","name":"","highway":"footway"}},{"type":"Feature","geometry":{"type":"LineString","coordinates":[[10.2125221,45.5352854],[10.2124217,45.5353122]]},"properties":{"site":"brescia","name":"","highway":"footway"}},{"type":"Feature","geometry":{"type":"LineString","coordinates":[[10.2124192,45.5353078],[10.2123764,45.5352316],[10.212354,45.5351916]]},"properties":{"site":"brescia","name":"","highway":"footway"}},{"type":"Feature","geometry":{"type":"LineString","coordinates":[[10.2124179,45.5354527],[10.2124185,45.5354318],[10.2124217,45.5353122],[10.2124192,45.5353078]]},"properties":{"site":"brescia","name":"","highway":"footway"}},{"type":"Feature","geometry":{"type":"LineString","coordinates":[[10.2188712,45.5375443],[10.2188738,45.5375633],[10.2188956,45.5377319]]},"properties":{"site":"brescia","name":"","highway":"footway"}},{"type":"Feature","geometry":{"type":"LineString","coordinates":[[10.2188385,45.5372984],[10.2188532,45.5374146],[10.2188712,45.5375443]]},"properties":{"site":"brescia","name":"","highway":"footway"}},{"type":"Feature","geometry":{"type":"LineString","coordinates":[[10.2189647,45.5378681],[10.2189884,45.5378651],[10.2190125,45.537862]]},"properties":{"site":"brescia","name":"","highway":"footway"}},{"type":"Feature","geometry":{"type":"LineString","coordinates":[[10.2181868,45.5389508],[10.2181557,45.5389278],[10.2181176,45.5388997]]},"properties":{"site":"brescia","name":"","highway":"footway"}},{"type":"Feature","geometry":{"type":"LineString","coordinates":[[10.2181952,45.538963],[10.2181868,45.5389508]]},"properties":{"site":"brescia","name":"","highway":"footway"}},{"type":"Feature","geometry":{"type":"LineString","coordinates":[[10.2136927,45.5359475],[10.2137028,45.5359954],[10.2137121,45.5360212]]},"properties":{"site":"brescia","name":"","highway":"footway"}},{"type":"Feature","geometry":{"type":"LineString","coordinates":[[10.2124185,45.5354318],[10.2125075,45.5354617]]},"properties":{"site":"brescia","name":"","highway":"footway"}},{"type":"Feature","geometry":{"type":"LineString","coordinates":[[10.2121815,45.5355146],[10.2122501,45.5355218],[10.2122925,45.5355262]]},"properties":{"site":"brescia","name":"","highway":"footway"}},{"type":"Feature","geometry":{"type":"LineString","coordinates":[[10.2123435,45.5355455],[10.212382,45.5354975],[10.2124179,45.5354527]]},"properties":{"site":"brescia","name":"","highway":"footway"}},{"type":"Feature","geometry":{"type":"LineString","coordinates":[[10.2167719,45.5378507],[10.2174122,45.5381983],[10.2174357,45.5382111],[10.2174521,45.5382202],[10.2175841,45.5382934],[10.2178224,45.5384541],[10.2181488,45.5387318],[10.2181974,45.5387732],[10.218243,45.5387816],[10.2182927,45.5387769],[10.2183275,45.5387525],[10.2183152,45.5385535],[10.2182999,45.5383243],[10.2182863,45.5381451],[10.2182706,45.5379878],[10.2182635,45.5379172],[10.218269,45.5378932]]},"properties":{"site":"brescia","name":"","highway":"footway"}},{"type":"Feature","geometry":{"type":"LineString","coordinates":[[10.2166865,45.5378068],[10.2167282,45.5378282],[10.2167719,45.5378507]]},"properties":{"site":"brescia","name":"","highway":"footway"}},{"type":"Feature","geometry":{"type":"LineString","coordinates":[[10.2167719,45.5378507],[10.2167372,45.5378699],[10.2166871,45.5378977]]},"properties":{"site":"brescia","name":"","highway":"footway"}},{"type":"Feature","geometry":{"type":"LineString","coordinates":[[10.2175841,45.5382934],[10.2177845,45.5382218],[10.2182863,45.5381451]]},"properties":{"site":"brescia","name":"Vicolo del Capriccio","highway":"pedestrian"}},{"type":"Feature","geometry":{"type":"LineString","coordinates":[[10.2159243,45.5344821],[10.215861,45.5344943],[10.2158419,45.5344927]]},"properties":{"site":"brescia","name":"","highway":"footway"}},{"type":"Feature","geometry":{"type":"LineString","coordinates":[[10.2168491,45.5343017],[10.216811,45.5343091],[10.2167389,45.5343231]]},"properties":{"site":"brescia","name":"","highway":"footway"}},{"type":"Feature","geometry":{"type":"LineString","coordinates":[[10.2169312,45.5344188],[10.2168544,45.5344333],[10.2167857,45.5344462]]},"properties":{"site":"brescia","name":"","highway":"footway"}},{"type":"Feature","geometry":{"type":"LineString","coordinates":[[10.2167857,45.5344462],[10.2167647,45.534391],[10.2167389,45.5343231]]},"properties":{"site":"brescia","name":"","highway":"footway"}},{"type":"Feature","geometry":{"type":"LineString","coordinates":[[10.2147036,45.5347179],[10.2146899,45.5347205]]},"properties":{"site":"brescia","name":"","highway":"footway"}},{"type":"Feature","geometry":{"type":"LineString","coordinates":[[10.2190512,45.538375],[10.2191044,45.5383701]]},"properties":{"site":"brescia","name":"","highway":"footway"}},{"type":"Feature","geometry":{"type":"LineString","coordinates":[[10.2187591,45.5385998],[10.218732,45.5386024]]},"properties":{"site":"brescia","name":"","highway":"footway"}},{"type":"Feature","geometry":{"type":"LineString","coordinates":[[10.2190061,45.5385766],[10.2187591,45.5385998]]},"properties":{"site":"brescia","name":"","highway":"footway"}},{"type":"Feature","geometry":{"type":"LineString","coordinates":[[10.2201146,45.5373719],[10.2201352,45.5373701]]},"properties":{"site":"brescia","name":"","highway":"footway"}},{"type":"Feature","geometry":{"type":"LineString","coordinates":[[10.2200754,45.5377427],[10.220064,45.5377442]]},"properties":{"site":"brescia","name":"","highway":"footway"}},{"type":"Feature","geometry":{"type":"LineString","coordinates":[[10.2225116,45.5363235],[10.2225088,45.536363]]},"properties":{"site":"brescia","name":"Vicolo Ambrosioni","highway":"footway"}},{"type":"Feature","geometry":{"type":"LineString","coordinates":[[10.2220214,45.5365919],[10.2220102,45.5365932]]},"properties":{"site":"brescia","name":"","highway":"footway"}},{"type":"Feature","geometry":{"type":"LineString","coordinates":[[10.2220227,45.5363881],[10.2220535,45.5364297],[10.2220741,45.5364566]]},"properties":{"site":"brescia","name":"","highway":"footway"}},{"type":"Feature","geometry":{"type":"LineString","coordinates":[[10.2220534,45.5363576],[10.2220127,45.5363636]]},"properties":{"site":"brescia","name":"","highway":"footway"}},{"type":"Feature","geometry":{"type":"LineString","coordinates":[[10.2194463,45.5344816],[10.2188935,45.534556]]},"properties":{"site":"brescia","name":"","highway":"footway"}},{"type":"Feature","geometry":{"type":"LineString","coordinates":[[10.2146953,45.5348462],[10.2146249,45.5348604]]},"properties":{"site":"brescia","name":"","highway":"footway"}},{"type":"Feature","geometry":{"type":"LineString","coordinates":[[10.2158419,45.5344927],[10.2147036,45.5347179]]},"properties":{"site":"brescia","name":"","highway":"footway"}},{"type":"Feature","geometry":{"type":"LineString","coordinates":[[10.2167389,45.5343231],[10.2159243,45.5344821]]},"properties":{"site":"brescia","name":"","highway":"footway"}},{"type":"Feature","geometry":{"type":"LineString","coordinates":[[10.2167651,45.5340538],[10.2167222,45.5340621],[10.2166416,45.5340774]]},"properties":{"site":"brescia","name":"","highway":"footway"}},{"type":"Feature","geometry":{"type":"LineString","coordinates":[[10.2167389,45.5343231],[10.2166485,45.5340948],[10.2166416,45.5340774]]},"properties":{"site":"brescia","name":"","highway":"footway"}},{"type":"Feature","geometry":{"type":"LineString","coordinates":[[10.2166533,45.5337475],[10.2166085,45.5337566],[10.2164943,45.5337936]]},"properties":{"site":"brescia","name":"","highway":"footway"}},{"type":"Feature","geometry":{"type":"LineString","coordinates":[[10.2182062,45.5334331],[10.2181296,45.5334483],[10.2180758,45.533459],[10.2180481,45.5334645],[10.2178765,45.5334985],[10.2177878,45.5335161]]},"properties":{"site":"brescia","name":"","highway":"footway"}},{"type":"Feature","geometry":{"type":"LineString","coordinates":[[10.2175128,45.5328639],[10.2175014,45.5328369]]},"properties":{"site":"brescia","name":"","highway":"footway"}},{"type":"Feature","geometry":{"type":"LineString","coordinates":[[10.2177804,45.5334985],[10.2175128,45.5328639]]},"properties":{"site":"brescia","name":"","highway":"footway"}},{"type":"Feature","geometry":{"type":"LineString","coordinates":[[10.2177878,45.5335161],[10.2176887,45.5335366],[10.2166533,45.5337475]]},"properties":{"site":"brescia","name":"","highway":"footway"}},{"type":"Feature","geometry":{"type":"LineString","coordinates":[[10.2122123,45.5445134],[10.2118955,45.5438958],[10.2117108,45.5435434],[10.2115077,45.5432228]]},"properties":{"site":"brescia","name":"","highway":"footway"}},{"type":"Feature","geometry":{"type":"LineString","coordinates":[[10.2219337,45.5324194],[10.2219866,45.5324322],[10.2220638,45.5324513]]},"properties":{"site":"brescia","name":"","highway":"footway"}},{"type":"Feature","geometry":{"type":"LineString","coordinates":[[10.2125838,45.5428597],[10.2124462,45.5425724],[10.2120739,45.5419561],[10.2119427,45.5416795],[10.2119094,45.5415886],[10.2118997,45.5415621],[10.2118852,45.5415144],[10.2118626,45.5414372],[10.2118426,45.5413587]]},"properties":{"site":"brescia","name":"","highway":"footway"}},{"type":"Feature","geometry":{"type":"LineString","coordinates":[[10.2126139,45.5429226],[10.2126001,45.5428933],[10.2125838,45.5428597]]},"properties":{"site":"brescia","name":"","highway":"footway"}},{"type":"Feature","geometry":{"type":"LineString","coordinates":[[10.2123084,45.5429246],[10.2117263,45.5430544]]},"properties":{"site":"brescia","name":"","highway":"footway"}},{"type":"Feature","geometry":{"type":"LineString","coordinates":[[10.2123084,45.5429246],[10.2123216,45.5429545],[10.2123463,45.5430106]]},"properties":{"site":"brescia","name":"","highway":"footway"}},{"type":"Feature","geometry":{"type":"LineString","coordinates":[[10.2117431,45.5417355],[10.2118098,45.5418949],[10.2123084,45.5429246]]},"properties":{"site":"brescia","name":"","highway":"footway"}},{"type":"Feature","geometry":{"type":"LineString","coordinates":[[10.214807,45.5474849],[10.2146056,45.5477048]]},"properties":{"site":"brescia","name":"","highway":"footway"}},{"type":"Feature","geometry":{"type":"LineString","coordinates":[[10.2148057,45.5473254],[10.2148706,45.5473118],[10.2150279,45.5472795]]},"properties":{"site":"brescia","name":"","highway":"footway"}},{"type":"Feature","geometry":{"type":"LineString","coordinates":[[10.214021,45.5474802],[10.2145261,45.5473816],[10.2148057,45.5473254]]},"properties":{"site":"brescia","name":"","highway":"footway"}},{"type":"Feature","geometry":{"type":"LineString","coordinates":[[10.2160476,45.5457695],[10.2160877,45.5457615],[10.2161773,45.5457437]]},"properties":{"site":"brescia","name":"","highway":"footway"}},{"type":"Feature","geometry":{"type":"LineString","coordinates":[[10.2162043,45.5458363],[10.2161923,45.5457951],[10.2161773,45.5457437]]},"properties":{"site":"brescia","name":"","highway":"footway"}},{"type":"Feature","geometry":{"type":"LineString","coordinates":[[10.2160406,45.5457889],[10.2160328,45.5457724]]},"properties":{"site":"brescia","name":"","highway":"footway"}},{"type":"Feature","geometry":{"type":"LineString","coordinates":[[10.2162025,45.5461203],[10.2162567,45.5461115],[10.2163637,45.5460914]]},"properties":{"site":"brescia","name":"","highway":"footway"}},{"type":"Feature","geometry":{"type":"LineString","coordinates":[[10.2159666,45.5461637],[10.2162025,45.5461203]]},"properties":{"site":"brescia","name":"","highway":"footway"}},{"type":"Feature","geometry":{"type":"LineString","coordinates":[[10.2157794,45.5461964],[10.2158912,45.5461773],[10.2159666,45.5461637]]},"properties":{"site":"brescia","name":"","highway":"footway"}},{"type":"Feature","geometry":{"type":"LineString","coordinates":[[10.2195382,45.5416658],[10.2195253,45.5417177],[10.2195284,45.5417641]]},"properties":{"site":"brescia","name":"","highway":"footway"}},{"type":"Feature","geometry":{"type":"LineString","coordinates":[[10.2195522,45.5404404],[10.2195258,45.5405955],[10.2194886,45.5408143],[10.219497,45.5409224],[10.219475,45.5410715],[10.2194309,45.5412882],[10.2194389,45.5413784],[10.2194538,45.541432],[10.2194577,45.541446],[10.2194926,45.5415324],[10.2195382,45.5416658]]},"properties":{"site":"brescia","name":"","highway":"footway"}},{"type":"Feature","geometry":{"type":"LineString","coordinates":[[10.2193678,45.5414773],[10.21936,45.5414463],[10.2193566,45.5414225],[10.2193431,45.5412426],[10.219344,45.5409802],[10.2193505,45.5409143],[10.2193607,45.5407884]]},"properties":{"site":"brescia","name":"","highway":"footway"}},{"type":"Feature","geometry":{"type":"LineString","coordinates":[[10.2193813,45.5415432],[10.2193746,45.5415103],[10.2193678,45.5414773]]},"properties":{"site":"brescia","name":"","highway":"footway"}},{"type":"Feature","geometry":{"type":"LineString","coordinates":[[10.2192353,45.5414951],[10.2191995,45.5415006],[10.2191768,45.5415042]]},"properties":{"site":"brescia","name":"","highway":"footway"}},{"type":"Feature","geometry":{"type":"LineString","coordinates":[[10.2193678,45.5414773],[10.2192353,45.5414951]]},"properties":{"site":"brescia","name":"","highway":"footway"}},{"type":"Feature","geometry":{"type":"LineString","coordinates":[[10.2227009,45.5320335],[10.2227064,45.5320401]]},"properties":{"site":"brescia","name":"","highway":"footway"}},{"type":"Feature","geometry":{"type":"LineString","coordinates":[[10.2200983,45.5313958],[10.2201184,45.5314012],[10.2202995,45.5318437]]},"properties":{"site":"brescia","name":"","highway":"footway"}},{"type":"Feature","geometry":{"type":"LineString","coordinates":[[10.2187687,45.5335688],[10.2187592,45.5335451],[10.2187114,45.5334261],[10.2186873,45.5333662]]},"properties":{"site":"brescia","name":"","highway":"footway"}},{"type":"Feature","geometry":{"type":"LineString","coordinates":[[10.218776,45.5335879],[10.2187687,45.5335688]]},"properties":{"site":"brescia","name":"","highway":"footway"}},{"type":"Feature","geometry":{"type":"LineString","coordinates":[[10.2184471,45.5406173],[10.2184541,45.5406379]]},"properties":{"site":"brescia","name":"","highway":"footway"}},{"type":"Feature","geometry":{"type":"LineString","coordinates":[[10.2223836,45.5452546],[10.222326,45.5452574],[10.2222537,45.545261]]},"properties":{"site":"brescia","name":"","highway":"footway"}},{"type":"Feature","geometry":{"type":"LineString","coordinates":[[10.224381,45.5451382],[10.2223836,45.5452546]]},"properties":{"site":"brescia","name":"","highway":"footway"}},{"type":"Feature","geometry":{"type":"LineString","coordinates":[[10.2141746,45.546483],[10.2141581,45.546434],[10.2141404,45.5463814]]},"properties":{"site":"brescia","name":"","highway":"footway"}},{"type":"Feature","geometry":{"type":"LineString","coordinates":[[10.2194805,45.539659],[10.2195584,45.5397053]]},"properties":{"site":"brescia","name":"Piazza della Loggia","highway":"pedestrian"}},{"type":"Feature","geometry":{"type":"LineString","coordinates":[[10.219479,45.5396937],[10.2192734,45.5397167]]},"properties":{"site":"brescia","name":"Piazza della Loggia","highway":"pedestrian"}},{"type":"Feature","geometry":{"type":"LineString","coordinates":[[10.2195935,45.5400274],[10.2196272,45.5399802]]},"properties":{"site":"brescia","name":"Piazza della Loggia","highway":"pedestrian"}},{"type":"Feature","geometry":{"type":"LineString","coordinates":[[10.2205303,45.5395363],[10.2205112,45.5394552],[10.2204785,45.5393501]]},"properties":{"site":"brescia","name":"Via Dieci Giornate","highway":"pedestrian"}},{"type":"Feature","geometry":{"type":"LineString","coordinates":[[10.2205545,45.5398619],[10.220553,45.5399047]]},"properties":{"site":"brescia","name":"Piazza della Loggia","highway":"pedestrian"}},{"type":"Feature","geometry":{"type":"LineString","coordinates":[[10.2205574,45.5401778],[10.2205882,45.5402853]]},"properties":{"site":"brescia","name":"Via Gasparo Da Salò","highway":"pedestrian"}},{"type":"Feature","geometry":{"type":"LineString","coordinates":[[10.2145363,45.5384986],[10.2134692,45.5386499]]},"properties":{"site":"brescia","name":"","highway":"footway"}},{"type":"Feature","geometry":{"type":"LineString","coordinates":[[10.2155983,45.5458456],[10.2155656,45.5458129],[10.2155406,45.5457879]]},"properties":{"site":"brescia","name":"","highway":"footway"}},{"type":"Feature","geometry":{"type":"LineString","coordinates":[[10.2160476,45.5457695],[10.2160328,45.5457724],[10.215998,45.5456878],[10.2155983,45.5458456]]},"properties":{"site":"brescia","name":"","highway":"footway"}},{"type":"Feature","geometry":{"type":"LineString","coordinates":[[10.2195787,45.5378337],[10.2196214,45.5378293]]},"properties":{"site":"brescia","name":"Piazza della Vittoria","highway":"pedestrian"}},{"type":"Feature","geometry":{"type":"LineString","coordinates":[[10.2132575,45.5465618],[10.2132102,45.5464954],[10.2131306,45.5464596],[10.2131541,45.5463816]]},"properties":{"site":"brescia","name":"","highway":"footway"}},{"type":"Feature","geometry":{"type":"LineString","coordinates":[[10.2138073,45.547656],[10.2137778,45.5475932],[10.2137494,45.5475381]]},"properties":{"site":"brescia","name":"","highway":"footway"}},{"type":"Feature","geometry":{"type":"LineString","coordinates":[[10.2274663,45.5317553],[10.227872,45.5316438],[10.2280866,45.5315912],[10.2281697,45.5315442]]},"properties":{"site":"brescia","name":"","highway":"footway"}},{"type":"Feature","geometry":{"type":"LineString","coordinates":[[10.2272873,45.5318035],[10.2273742,45.5317801],[10.2274663,45.5317553]]},"properties":{"site":"brescia","name":"","highway":"footway"}},{"type":"Feature","geometry":{"type":"LineString","coordinates":[[10.2277829,45.5323327],[10.2279236,45.5325534]]},"properties":{"site":"brescia","name":"","highway":"footway"}},{"type":"Feature","geometry":{"type":"LineString","coordinates":[[10.2275038,45.531913],[10.2277205,45.5322404]]},"properties":{"site":"brescia","name":"","highway":"footway"}},{"type":"Feature","geometry":{"type":"LineString","coordinates":[[10.2279236,45.5325534],[10.228531,45.5325283],[10.2292552,45.5324738],[10.2293102,45.5324644],[10.2293732,45.5324259],[10.2293933,45.5323648],[10.2293718,45.5322887],[10.2293276,45.5322239],[10.2292793,45.5321657],[10.2291881,45.5321243],[10.2283083,45.5318312],[10.2281501,45.5318011],[10.2280455,45.5317899],[10.2279328,45.5317899],[10.2275038,45.531913]]},"properties":{"site":"brescia","name":"","highway":"footway"}},{"type":"Feature","geometry":{"type":"LineString","coordinates":[[10.2278096,45.5325604],[10.2278677,45.5325568],[10.2279236,45.5325534]]},"properties":{"site":"brescia","name":"","highway":"footway"}},{"type":"Feature","geometry":{"type":"LineString","coordinates":[[10.2279062,45.5327335],[10.2279713,45.5327286],[10.2280536,45.5327245]]},"properties":{"site":"brescia","name":"","highway":"footway"}},{"type":"Feature","geometry":{"type":"LineString","coordinates":[[10.2248322,45.5330196],[10.2257844,45.5329276],[10.2267875,45.5328176],[10.2279062,45.5327335]]},"properties":{"site":"brescia","name":"","highway":"footway"}},{"type":"Feature","geometry":{"type":"LineString","coordinates":[[10.2246828,45.5330268],[10.2247521,45.5330235],[10.2248322,45.5330196]]},"properties":{"site":"brescia","name":"","highway":"footway"}},{"type":"Feature","geometry":{"type":"LineString","coordinates":[[10.2224634,45.5334583],[10.2228098,45.5333569],[10.2230472,45.5333142],[10.2231088,45.5333029]]},"properties":{"site":"brescia","name":"","highway":"footway"}},{"type":"Feature","geometry":{"type":"LineString","coordinates":[[10.2203814,45.5337772],[10.2210421,45.5336452],[10.2210596,45.5337119],[10.221221,45.5342938],[10.2212528,45.5344083],[10.2213211,45.5346578],[10.2215106,45.5353495]]},"properties":{"site":"brescia","name":"","highway":"footway"}},{"type":"Feature","geometry":{"type":"LineString","coordinates":[[10.2202619,45.5338001],[10.2203281,45.5337874],[10.2203814,45.5337772]]},"properties":{"site":"brescia","name":"","highway":"footway"}},{"type":"Feature","geometry":{"type":"LineString","coordinates":[[10.2211758,45.5334791],[10.2211959,45.5335446],[10.2212079,45.5335835]]},"properties":{"site":"brescia","name":"","highway":"footway"}},{"type":"Feature","geometry":{"type":"LineString","coordinates":[[10.2227647,45.5325773],[10.2227869,45.5326328],[10.2228331,45.5327484]]},"properties":{"site":"brescia","name":"","highway":"footway"}},{"type":"Feature","geometry":{"type":"LineString","coordinates":[[10.2243905,45.5322698],[10.2243903,45.5323277],[10.2233894,45.5324553]]},"properties":{"site":"brescia","name":"","highway":"footway"}},{"type":"Feature","geometry":{"type":"LineString","coordinates":[[10.2273748,45.5319481],[10.2273129,45.5319657],[10.2268948,45.5320849],[10.2260499,45.5322089],[10.2245877,45.5324082]]},"properties":{"site":"brescia","name":"","highway":"footway"}},{"type":"Feature","geometry":{"type":"LineString","coordinates":[[10.2275038,45.531913],[10.2274486,45.531928],[10.2273748,45.5319481]]},"properties":{"site":"brescia","name":"","highway":"footway"}},{"type":"Feature","geometry":{"type":"LineString","coordinates":[[10.2283197,45.5315036],[10.2284596,45.531463],[10.2285978,45.5314229],[10.2292756,45.5312279],[10.2299507,45.5310337]]},"properties":{"site":"brescia","name":"","highway":"footway"}},{"type":"Feature","geometry":{"type":"LineString","coordinates":[[10.2281697,45.5315442],[10.2282651,45.5315184],[10.2283197,45.5315036]]},"properties":{"site":"brescia","name":"","highway":"footway"}},{"type":"Feature","geometry":{"type":"LineString","coordinates":[[10.2285273,45.531616],[10.2284856,45.5315218],[10.2284596,45.531463]]},"properties":{"site":"brescia","name":"","highway":"footway"}},{"type":"Feature","geometry":{"type":"LineString","coordinates":[[10.22963,45.5320755],[10.2296723,45.5320881],[10.2297455,45.5321099]]},"properties":{"site":"brescia","name":"","highway":"footway"}},{"type":"Feature","geometry":{"type":"LineString","coordinates":[[10.2296042,45.5321962],[10.229613,45.5321548],[10.22963,45.5320755]]},"properties":{"site":"brescia","name":"","highway":"footway"}},{"type":"Feature","geometry":{"type":"LineString","coordinates":[[10.2295978,45.5322324],[10.2296042,45.5321962]]},"properties":{"site":"brescia","name":"","highway":"footway"}},{"type":"Feature","geometry":{"type":"LineString","coordinates":[[10.2295314,45.5324527],[10.2295642,45.5324509],[10.22959,45.5324494]]},"properties":{"site":"brescia","name":"","highway":"footway"}},{"type":"Feature","geometry":{"type":"LineString","coordinates":[[10.2293102,45.5324644],[10.2293789,45.5324613]]},"properties":{"site":"brescia","name":"","highway":"footway"}},{"type":"Feature","geometry":{"type":"LineString","coordinates":[[10.2298737,45.5324298],[10.2298803,45.532472]]},"properties":{"site":"brescia","name":"","highway":"footway"}},{"type":"Feature","geometry":{"type":"LineString","coordinates":[[10.2299262,45.5326365],[10.2299194,45.532664],[10.2299053,45.5327208],[10.2298932,45.5327699]]},"properties":{"site":"brescia","name":"","highway":"footway"}},{"type":"Feature","geometry":{"type":"LineString","coordinates":[[10.2298238,45.532828],[10.2298932,45.5327699]]},"properties":{"site":"brescia","name":"","highway":"footway"}},{"type":"Feature","geometry":{"type":"LineString","coordinates":[[10.2296843,45.5328599],[10.2297559,45.5328435],[10.2298238,45.532828]]},"properties":{"site":"brescia","name":"","highway":"footway"}},{"type":"Feature","geometry":{"type":"LineString","coordinates":[[10.2209934,45.5331578],[10.2209481,45.5330346]]},"properties":{"site":"brescia","name":"","highway":"footway"}},{"type":"Feature","geometry":{"type":"LineString","coordinates":[[10.2207497,45.5329794],[10.2208182,45.5329663],[10.2208725,45.5329559]]},"properties":{"site":"brescia","name":"","highway":"footway"}},{"type":"Feature","geometry":{"type":"LineString","coordinates":[[10.2207641,45.5332499],[10.2207621,45.533243]]},"properties":{"site":"brescia","name":"","highway":"footway"}},{"type":"Feature","geometry":{"type":"LineString","coordinates":[[10.2199854,45.533272],[10.219958,45.5332064]]},"properties":{"site":"brescia","name":"","highway":"footway"}},{"type":"Feature","geometry":{"type":"LineString","coordinates":[[10.2200174,45.5333501],[10.2200108,45.5333338]]},"properties":{"site":"brescia","name":"","highway":"footway"}},{"type":"Feature","geometry":{"type":"LineString","coordinates":[[10.219958,45.5332064],[10.2199491,45.5331832],[10.21993,45.5331331]]},"properties":{"site":"brescia","name":"","highway":"footway"}},{"type":"Feature","geometry":{"type":"LineString","coordinates":[[10.2203591,45.5336454],[10.2209747,45.5335176]]},"properties":{"site":"brescia","name":"","highway":"footway"}},{"type":"Feature","geometry":{"type":"LineString","coordinates":[[10.2201936,45.533679],[10.2202173,45.5336745]]},"properties":{"site":"brescia","name":"","highway":"footway"}},{"type":"Feature","geometry":{"type":"LineString","coordinates":[[10.2158334,45.5320285],[10.215923,45.5320011],[10.2159752,45.5319851]]},"properties":{"site":"brescia","name":"","highway":"footway"}},{"type":"Feature","geometry":{"type":"LineString","coordinates":[[10.2146885,45.5322902],[10.2147716,45.5322576],[10.2151476,45.5321717],[10.2152725,45.5321069],[10.2154014,45.5322236],[10.2154704,45.5322034],[10.2155549,45.5321677],[10.2156488,45.5321151],[10.2157413,45.5320644],[10.2158334,45.5320285]]},"properties":{"site":"brescia","name":"","highway":"footway"}},{"type":"Feature","geometry":{"type":"LineString","coordinates":[[10.2160219,45.5320888],[10.21701,45.5318736],[10.2171318,45.5318442],[10.2171633,45.5318362],[10.2174713,45.5317741],[10.2177964,45.5325856]]},"properties":{"site":"brescia","name":"","highway":"footway"}},{"type":"Feature","geometry":{"type":"LineString","coordinates":[[10.2158751,45.5321246],[10.2159621,45.5321034],[10.2160219,45.5320888]]},"properties":{"site":"brescia","name":"","highway":"footway"}},{"type":"Feature","geometry":{"type":"LineString","coordinates":[[10.2132854,45.5331378],[10.2132297,45.5331497],[10.2131834,45.5331614],[10.2131418,45.5331719]]},"properties":{"site":"brescia","name":"","highway":"footway"}},{"type":"Feature","geometry":{"type":"LineString","coordinates":[[10.2132715,45.5328702],[10.2132991,45.5329319]]},"properties":{"site":"brescia","name":"","highway":"footway"}},{"type":"Feature","geometry":{"type":"LineString","coordinates":[[10.2130124,45.5329283],[10.2130401,45.5329881]]},"properties":{"site":"brescia","name":"","highway":"footway"}},{"type":"Feature","geometry":{"type":"LineString","coordinates":[[10.2130688,45.5330554],[10.2130844,45.5330924],[10.2131104,45.5331538]]},"properties":{"site":"brescia","name":"","highway":"footway"}},{"type":"Feature","geometry":{"type":"LineString","coordinates":[[10.2130576,45.533029],[10.2130688,45.5330554]]},"properties":{"site":"brescia","name":"","highway":"footway"}},{"type":"Feature","geometry":{"type":"LineString","coordinates":[[10.2122437,45.5331906],[10.2121139,45.5334077],[10.211899,45.5333352],[10.211852,45.5333202]]},"properties":{"site":"brescia","name":"","highway":"footway"}},{"type":"Feature","geometry":{"type":"LineString","coordinates":[[10.212512,45.5330534],[10.2124699,45.5330764]]},"properties":{"site":"brescia","name":"","highway":"footway"}},{"type":"Feature","geometry":{"type":"LineString","coordinates":[[10.2122252,45.5334432],[10.2122469,45.5334499],[10.2122856,45.5334613],[10.2123312,45.5334747]]},"properties":{"site":"brescia","name":"","highway":"footway"}},{"type":"Feature","geometry":{"type":"LineString","coordinates":[[10.2122124,45.5334392],[10.2122252,45.5334432]]},"properties":{"site":"brescia","name":"","highway":"footway"}},{"type":"Feature","geometry":{"type":"LineString","coordinates":[[10.2138478,45.5325866],[10.2139236,45.532572],[10.2139626,45.5325646]]},"properties":{"site":"brescia","name":"","highway":"footway"}},{"type":"Feature","geometry":{"type":"LineString","coordinates":[[10.2201866,45.5431639],[10.220186,45.5431977],[10.2201767,45.5432117],[10.2201725,45.5432315]]},"properties":{"site":"brescia","name":"","highway":"footway"}},{"type":"Feature","geometry":{"type":"LineString","coordinates":[[10.2195284,45.5417641],[10.2195489,45.5420678],[10.2195757,45.5421411],[10.2195998,45.5421766],[10.2196562,45.5422595],[10.2197871,45.542345]]},"properties":{"site":"brescia","name":"","highway":"footway"}},{"type":"Feature","geometry":{"type":"LineString","coordinates":[[10.2122767,45.5446401],[10.2122416,45.5445705],[10.2122123,45.5445134]]},"properties":{"site":"brescia","name":"","highway":"footway"}},{"type":"Feature","geometry":{"type":"LineString","coordinates":[[10.2131541,45.5463816],[10.2122767,45.5446401]]},"properties":{"site":"brescia","name":"","highway":"footway"}},{"type":"Feature","geometry":{"type":"LineString","coordinates":[[10.2131667,45.544234],[10.2129538,45.5437854],[10.2126742,45.5431961],[10.2127332,45.5431811],[10.2126139,45.5429226]]},"properties":{"site":"brescia","name":"","highway":"footway"}},{"type":"Feature","geometry":{"type":"LineString","coordinates":[[10.2131801,45.5443154],[10.2131924,45.5442883],[10.213173,45.5442472],[10.2131667,45.544234]]},"properties":{"site":"brescia","name":"","highway":"footway"}},{"type":"Feature","geometry":{"type":"LineString","coordinates":[[10.212944,45.5442979],[10.2124257,45.5444348]]},"properties":{"site":"brescia","name":"","highway":"footway"}},{"type":"Feature","geometry":{"type":"LineString","coordinates":[[10.212944,45.5442979],[10.2129716,45.5443565],[10.2129935,45.5444032]]},"properties":{"site":"brescia","name":"","highway":"footway"}},{"type":"Feature","geometry":{"type":"LineString","coordinates":[[10.2123463,45.5430106],[10.212944,45.5442979]]},"properties":{"site":"brescia","name":"","highway":"footway"}},{"type":"Feature","geometry":{"type":"LineString","coordinates":[[10.212455,45.5445962],[10.2123691,45.5446168],[10.2122767,45.5446401]]},"properties":{"site":"brescia","name":"","highway":"footway"}},{"type":"Feature","geometry":{"type":"LineString","coordinates":[[10.2309201,45.5358167],[10.2309174,45.5358824],[10.2300618,45.5359168],[10.2293027,45.5359473],[10.2292156,45.5359482],[10.2290422,45.535786]]},"properties":{"site":"brescia","name":"","highway":"footway"}},{"type":"Feature","geometry":{"type":"LineString","coordinates":[[10.2311253,45.5358064],[10.2309976,45.5358128],[10.2309201,45.5358167]]},"properties":{"site":"brescia","name":"","highway":"footway"}},{"type":"Feature","geometry":{"type":"LineString","coordinates":[[10.2124479,45.533256],[10.2124289,45.5332211],[10.2124154,45.5331978],[10.2123906,45.533153]]},"properties":{"site":"brescia","name":"","highway":"service"}},{"type":"Feature","geometry":{"type":"LineString","coordinates":[[10.2248803,45.5426629],[10.2249491,45.5426636]]},"properties":{"site":"brescia","name":"","highway":"pedestrian"}},{"type":"Feature","geometry":{"type":"LineString","coordinates":[[10.2316418,45.5387166],[10.2315415,45.5387125],[10.2314157,45.5387075]]},"properties":{"site":"brescia","name":"","highway":"footway"}},{"type":"Feature","geometry":{"type":"LineString","coordinates":[[10.2314157,45.5387075],[10.2314406,45.538497]]},"properties":{"site":"brescia","name":"","highway":"steps"}},{"type":"Feature","geometry":{"type":"LineString","coordinates":[[10.2315415,45.5387125],[10.2315579,45.5385027]]},"properties":{"site":"brescia","name":"","highway":"steps"}},{"type":"Feature","geometry":{"type":"LineString","coordinates":[[10.2315579,45.5385027],[10.2314406,45.538497],[10.2314848,45.538362],[10.2315275,45.5379381],[10.2315404,45.5377991],[10.2317741,45.5378096]]},"properties":{"site":"brescia","name":"","highway":"footway"}},{"type":"Feature","geometry":{"type":"LineString","coordinates":[[10.2315415,45.5387125],[10.2314559,45.5388315],[10.2314519,45.5389225],[10.2314479,45.5390137],[10.2314452,45.5391584],[10.231405,45.5393444],[10.2313996,45.5394702],[10.2313889,45.5396337],[10.2313621,45.5397464],[10.2313138,45.5399343],[10.2313175,45.5401575]]},"properties":{"site":"brescia","name":"","highway":"footway"}},{"type":"Feature","geometry":{"type":"LineString","coordinates":[[10.2312125,45.5391195],[10.2314452,45.5391584]]},"properties":{"site":"brescia","name":"","highway":"steps"}},{"type":"Feature","geometry":{"type":"LineString","coordinates":[[10.2165137,45.5469836],[10.2165615,45.5469741],[10.2166211,45.5469621]]},"properties":{"site":"brescia","name":"","highway":"footway"}},{"type":"Feature","geometry":{"type":"LineString","coordinates":[[10.2150279,45.5472795],[10.2164835,45.5469899],[10.2165137,45.5469836]]},"properties":{"site":"brescia","name":"","highway":"footway"}},{"type":"Feature","geometry":{"type":"LineString","coordinates":[[10.2363848,45.5311001],[10.2358215,45.5318618],[10.2358085,45.5318794]]},"properties":{"site":"brescia","name":"","highway":"footway"}},{"type":"Feature","geometry":{"type":"LineString","coordinates":[[10.2280536,45.5327245],[10.2289775,45.5326787]]},"properties":{"site":"brescia","name":"","highway":"footway"}},{"type":"Feature","geometry":{"type":"LineString","coordinates":[[10.2299507,45.5310337],[10.2299722,45.5310275],[10.2303316,45.5308565]]},"properties":{"site":"brescia","name":"","highway":"footway"}},{"type":"Feature","geometry":{"type":"LineString","coordinates":[[10.2255878,45.5321237],[10.2256268,45.5321186],[10.2256693,45.5321135]]},"properties":{"site":"brescia","name":"","highway":"footway"}},{"type":"Feature","geometry":{"type":"LineString","coordinates":[[10.2246547,45.5322447],[10.2255878,45.5321237]]},"properties":{"site":"brescia","name":"","highway":"footway"}},{"type":"Feature","geometry":{"type":"LineString","coordinates":[[10.223137,45.5326725],[10.2232756,45.5330747]]},"properties":{"site":"brescia","name":"","highway":"footway"}},{"type":"Feature","geometry":{"type":"LineString","coordinates":[[10.2217884,45.5327651],[10.2219069,45.5327404],[10.2220167,45.5327151]]},"properties":{"site":"brescia","name":"","highway":"footway"}},{"type":"Feature","geometry":{"type":"LineString","coordinates":[[10.2211758,45.5334791],[10.2215684,45.5334034],[10.2222973,45.5332629],[10.2223877,45.5332455],[10.2224295,45.5332375],[10.222988,45.5331304],[10.2230184,45.5331246]]},"properties":{"site":"brescia","name":"","highway":"footway"}},{"type":"Feature","geometry":{"type":"LineString","coordinates":[[10.2232117,45.5332819],[10.2233288,45.533262],[10.2244875,45.5330506],[10.2246828,45.5330268]]},"properties":{"site":"brescia","name":"","highway":"footway"}},{"type":"Feature","geometry":{"type":"LineString","coordinates":[[10.2231088,45.5333029],[10.2231749,45.5332894],[10.2232117,45.5332819]]},"properties":{"site":"brescia","name":"","highway":"footway"}},{"type":"Feature","geometry":{"type":"LineString","coordinates":[[10.2223896,45.5334764],[10.2224283,45.5334668],[10.2224634,45.5334583]]},"properties":{"site":"brescia","name":"","highway":"footway"}},{"type":"Feature","geometry":{"type":"LineString","coordinates":[[10.2195048,45.5376464],[10.2195203,45.5377225]]},"properties":{"site":"brescia","name":"","highway":"footway"}},{"type":"Feature","geometry":{"type":"LineString","coordinates":[[10.2195203,45.5377225],[10.2195317,45.5377904]]},"properties":{"site":"brescia","name":"","highway":"footway"}},{"type":"Feature","geometry":{"type":"LineString","coordinates":[[10.2199836,45.5377329],[10.2199865,45.5377548]]},"properties":{"site":"brescia","name":"","highway":"footway"}},{"type":"Feature","geometry":{"type":"LineString","coordinates":[[10.220137,45.5380701],[10.2202119,45.5380628]]},"properties":{"site":"brescia","name":"","highway":"footway"}},{"type":"Feature","geometry":{"type":"LineString","coordinates":[[10.2137494,45.5475381],[10.2132575,45.5465618]]},"properties":{"site":"brescia","name":"","highway":"footway"}},{"type":"Feature","geometry":{"type":"LineString","coordinates":[[10.2296377,45.5312646],[10.2296868,45.5312495],[10.2297484,45.5312307]]},"properties":{"site":"brescia","name":"","highway":"footway"}},{"type":"Feature","geometry":{"type":"LineString","coordinates":[[10.2312721,45.5417491],[10.231305,45.5414601],[10.2313962,45.5406608]]},"properties":{"site":"brescia","name":"","highway":"footway"}},{"type":"Feature","geometry":{"type":"LineString","coordinates":[[10.2132714,45.5451045],[10.2133228,45.5450927]]},"properties":{"site":"brescia","name":"","highway":"footway"}},{"type":"Feature","geometry":{"type":"LineString","coordinates":[[10.2132714,45.5451045],[10.213254,45.5450666],[10.2131603,45.5450877],[10.2131952,45.5451635],[10.2132888,45.5451424],[10.2132714,45.5451045]]},"properties":{"site":"brescia","name":"","highway":"footway"}},{"type":"Feature","geometry":{"type":"LineString","coordinates":[[10.2174133,45.5443887],[10.2174234,45.5443864]]},"properties":{"site":"brescia","name":"","highway":"steps"}},{"type":"Feature","geometry":{"type":"LineString","coordinates":[[10.2175208,45.54444],[10.2175032,45.5446891]]},"properties":{"site":"brescia","name":"","highway":"footway"}},{"type":"Feature","geometry":{"type":"LineString","coordinates":[[10.2231321,45.532776],[10.2233342,45.5327232]]},"properties":{"site":"brescia","name":"","highway":"service"}},{"type":"Feature","geometry":{"type":"LineString","coordinates":[[10.2315241,45.5324254],[10.2315789,45.5324286],[10.2316717,45.5324341]]},"properties":{"site":"brescia","name":"","highway":"footway"}},{"type":"Feature","geometry":{"type":"LineString","coordinates":[[10.2308029,45.5323774],[10.2315241,45.5324254]]},"properties":{"site":"brescia","name":"","highway":"footway"}},{"type":"Feature","geometry":{"type":"LineString","coordinates":[[10.2306732,45.5323612],[10.2307332,45.5323687],[10.2308029,45.5323774]]},"properties":{"site":"brescia","name":"","highway":"footway"}},{"type":"Feature","geometry":{"type":"LineString","coordinates":[[10.2297455,45.5321099],[10.2303163,45.5322905],[10.2306732,45.5323612]]},"properties":{"site":"brescia","name":"","highway":"footway"}},{"type":"Feature","geometry":{"type":"LineString","coordinates":[[10.221857,45.5394738],[10.2218919,45.5394686],[10.2222488,45.5394159],[10.2222226,45.5393339],[10.2221616,45.539117],[10.2221457,45.5390605],[10.2219705,45.5390855],[10.2217841,45.5391121],[10.2218399,45.5393801],[10.221857,45.5394738]]},"properties":{"site":"brescia","name":"","highway":"pedestrian"}},{"type":"Feature","geometry":{"type":"LineString","coordinates":[[10.2195024,45.5422352],[10.2194925,45.5422037],[10.2194643,45.5420938],[10.2194456,45.5418909],[10.2194215,45.5417671],[10.2194107,45.5417117],[10.2193908,45.5415961],[10.2193813,45.5415432]]},"properties":{"site":"brescia","name":"","highway":"footway"}},{"type":"Feature","geometry":{"type":"LineString","coordinates":[[10.2195309,45.5422993],[10.2195205,45.542276],[10.2195024,45.5422352]]},"properties":{"site":"brescia","name":"","highway":"footway"}},{"type":"Feature","geometry":{"type":"LineString","coordinates":[[10.2198452,45.5423985],[10.219926,45.5425284],[10.2201513,45.5428618],[10.2201866,45.5431639]]},"properties":{"site":"brescia","name":"","highway":"footway"}},{"type":"Feature","geometry":{"type":"LineString","coordinates":[[10.2197871,45.542345],[10.2198303,45.5423765],[10.2198452,45.5423985]]},"properties":{"site":"brescia","name":"","highway":"footway"}},{"type":"Feature","geometry":{"type":"LineString","coordinates":[[10.2185454,45.5427264],[10.2180244,45.5429278]]},"properties":{"site":"brescia","name":"","highway":"footway"}},{"type":"Feature","geometry":{"type":"LineString","coordinates":[[10.2220973,45.5443605],[10.2220851,45.5441811]]},"properties":{"site":"brescia","name":"","highway":"steps"}},{"type":"Feature","geometry":{"type":"LineString","coordinates":[[10.2204841,45.5470062],[10.2205,45.547046],[10.220518,45.5470908]]},"properties":{"site":"brescia","name":"","highway":"footway"}},{"type":"Feature","geometry":{"type":"LineString","coordinates":[[10.2203409,45.545495],[10.2203695,45.5454898],[10.2204263,45.5454792]]},"properties":{"site":"brescia","name":"","highway":"footway"}},{"type":"Feature","geometry":{"type":"LineString","coordinates":[[10.2203179,45.5454973],[10.2203409,45.545495]]},"properties":{"site":"brescia","name":"","highway":"footway"}},{"type":"Feature","geometry":{"type":"LineString","coordinates":[[10.2175547,45.5328257],[10.2175361,45.5327265],[10.2175167,45.5326495]]},"properties":{"site":"brescia","name":"","highway":"footway"}},{"type":"Feature","geometry":{"type":"LineString","coordinates":[[10.2201767,45.5432117],[10.2200726,45.5432089],[10.2199733,45.5432146],[10.2199305,45.5432403],[10.219872,45.5433208],[10.2197911,45.5434937],[10.2197755,45.5435522],[10.2197775,45.5436532],[10.2197883,45.5437713],[10.2198318,45.5439271],[10.2200384,45.5443285],[10.2201213,45.544494]]},"properties":{"site":"brescia","name":"","highway":"footway"}},{"type":"Feature","geometry":{"type":"LineString","coordinates":[[10.2139028,45.5471527],[10.2139105,45.5471817],[10.2139054,45.5471969],[10.2138987,45.5472078],[10.2138867,45.5472161],[10.213866,45.5472215],[10.213741,45.5472537]]},"properties":{"site":"brescia","name":"","highway":"service"}},{"type":"Feature","geometry":{"type":"LineString","coordinates":[[10.2138626,45.547036],[10.2139028,45.5471527]]},"properties":{"site":"brescia","name":"","highway":"service"}},{"type":"Feature","geometry":{"type":"LineString","coordinates":[[10.2329198,45.5432667],[10.2325617,45.5431944],[10.2323793,45.5431521],[10.2323046,45.5431124]]},"properties":{"site":"brescia","name":"","highway":"service"}},{"type":"Feature","geometry":{"type":"LineString","coordinates":[[10.235761,45.5329697],[10.2359492,45.5330262]]},"properties":{"site":"brescia","name":"","highway":"service"}},{"type":"Feature","geometry":{"type":"LineString","coordinates":[[10.2359492,45.5330262],[10.2361159,45.5330807]]},"properties":{"site":"brescia","name":"","highway":"service"}},{"type":"Feature","geometry":{"type":"LineString","coordinates":[[10.2358819,45.5336755],[10.2363086,45.53314]]},"properties":{"site":"brescia","name":"","highway":"service"}},{"type":"Feature","geometry":{"type":"LineString","coordinates":[[10.2142735,45.5330315],[10.2142255,45.5330136],[10.2141498,45.5329883],[10.2141104,45.5329752]]},"properties":{"site":"brescia","name":"","highway":"footway"}},{"type":"Feature","geometry":{"type":"LineString","coordinates":[[10.2148422,45.5329162],[10.2148566,45.5328855],[10.2148775,45.532837],[10.2148889,45.5328105]]},"properties":{"site":"brescia","name":"","highway":"footway"}},{"type":"Feature","geometry":{"type":"LineString","coordinates":[[10.2142345,45.5333432],[10.2142249,45.5332892],[10.2142233,45.5332199],[10.2142361,45.5331568],[10.2142728,45.5331049],[10.2143342,45.5330507],[10.214394,45.5330138],[10.2144674,45.5329825],[10.2145591,45.5329574],[10.2146428,45.5329457],[10.2147512,45.532949],[10.2148437,45.5329624],[10.2149179,45.5329881],[10.2149809,45.533025],[10.2150208,45.533068],[10.2150976,45.5331465]]},"properties":{"site":"brescia","name":"","highway":"service"}},{"type":"Feature","geometry":{"type":"LineString","coordinates":[[10.2144406,45.5334451],[10.2144212,45.5333998]]},"properties":{"site":"brescia","name":"","highway":"service"}},{"type":"Feature","geometry":{"type":"LineString","coordinates":[[10.2138638,45.534945],[10.2138415,45.5348744],[10.2137233,45.5345076],[10.2136955,45.5344216],[10.2136522,45.5343027],[10.2134497,45.5337945],[10.2134034,45.5336811]]},"properties":{"site":"brescia","name":"","highway":"service"}},{"type":"Feature","geometry":{"type":"LineString","coordinates":[[10.2147567,45.5328717],[10.2148566,45.5328855],[10.2149121,45.5329005]]},"properties":{"site":"brescia","name":"","highway":"service"}},{"type":"Feature","geometry":{"type":"LineString","coordinates":[[10.2147567,45.5328717],[10.2147757,45.5328115]]},"properties":{"site":"brescia","name":"","highway":"service"}},{"type":"Feature","geometry":{"type":"LineString","coordinates":[[10.2291837,45.5359855],[10.2291944,45.5360083],[10.2292244,45.5360725],[10.2292662,45.536155],[10.2293608,45.5362166]]},"properties":{"site":"brescia","name":"Corso Magenta","highway":"pedestrian"}},{"type":"Feature","geometry":{"type":"LineString","coordinates":[[10.2293561,45.536414],[10.229358,45.5363793]]},"properties":{"site":"brescia","name":"Vicolo dell'Aria","highway":"pedestrian"}},{"type":"Feature","geometry":{"type":"LineString","coordinates":[[10.2256338,45.5388431],[10.2256389,45.5388861],[10.2256649,45.5391659],[10.2256921,45.5394588]]},"properties":{"site":"brescia","name":"Piazza del Foro","highway":"pedestrian"}},{"type":"Feature","geometry":{"type":"LineString","coordinates":[[10.2256649,45.5391659],[10.2257741,45.5391496]]},"properties":{"site":"brescia","name":"Vicolo Lungo","highway":"pedestrian"}},{"type":"Feature","geometry":{"type":"LineString","coordinates":[[10.2255424,45.5388574],[10.2257004,45.5388408],[10.2256996,45.5388593],[10.2257335,45.5390452],[10.2257563,45.5391324],[10.2257619,45.5391664],[10.2257855,45.5393245],[10.2257943,45.5393778],[10.2258031,45.5394312],[10.2256156,45.5394464],[10.2255353,45.5389496],[10.2255424,45.5388574]]},"properties":{"site":"brescia","name":"","highway":"pedestrian"}},{"type":"Feature","geometry":{"type":"LineString","coordinates":[[10.2264661,45.5385904],[10.2265283,45.5385745],[10.2266925,45.5384773]]},"properties":{"site":"brescia","name":"","highway":"footway"}},{"type":"Feature","geometry":{"type":"LineString","coordinates":[[10.2315225,45.5373646],[10.2317137,45.5373138]]},"properties":{"site":"brescia","name":"","highway":"steps"}},{"type":"Feature","geometry":{"type":"LineString","coordinates":[[10.23147,45.5375132],[10.2314743,45.5374411],[10.231799,45.5373837]]},"properties":{"site":"brescia","name":"","highway":"footway"}},{"type":"Feature","geometry":{"type":"LineString","coordinates":[[10.232027,45.5374282],[10.2319192,45.5374252],[10.2318692,45.5374238]]},"properties":{"site":"brescia","name":"","highway":"footway"}},{"type":"Feature","geometry":{"type":"LineString","coordinates":[[10.2318692,45.5374238],[10.2317971,45.5374224]]},"properties":{"site":"brescia","name":"","highway":"steps"}},{"type":"Feature","geometry":{"type":"LineString","coordinates":[[10.2318475,45.5375462],[10.231791,45.5375459],[10.2317971,45.5374224],[10.231799,45.5373837],[10.231803,45.5372899],[10.2317137,45.5373138]]},"properties":{"site":"brescia","name":"","highway":"footway"}},{"type":"Feature","geometry":{"type":"LineString","coordinates":[[10.2315225,45.5373646],[10.2315412,45.5370642],[10.2315581,45.5370312],[10.2315605,45.5368005],[10.2315243,45.5367701],[10.231511,45.5367439],[10.2315098,45.536705],[10.2315219,45.536678],[10.2315472,45.5366501],[10.2315388,45.5366222],[10.2315388,45.5365935],[10.2315557,45.5365588],[10.2315617,45.5364557],[10.2315544,45.5363559]]},"properties":{"site":"brescia","name":"","highway":"footway"}},{"type":"Feature","geometry":{"type":"LineString","coordinates":[[10.232171,45.5382452],[10.2322311,45.5383024],[10.2323042,45.5383719]]},"properties":{"site":"brescia","name":"","highway":"service"}},{"type":"Feature","geometry":{"type":"LineString","coordinates":[[10.232465,45.5381076],[10.2325182,45.5381622],[10.2325919,45.5382376]]},"properties":{"site":"brescia","name":"","highway":"service"}},{"type":"Feature","geometry":{"type":"LineString","coordinates":[[10.2327319,45.5379845],[10.2327827,45.5380335],[10.2328487,45.5381009]]},"properties":{"site":"brescia","name":"","highway":"service"}},{"type":"Feature","geometry":{"type":"LineString","coordinates":[[10.2331059,45.5378072],[10.2331426,45.5378447],[10.2332463,45.5379506]]},"properties":{"site":"brescia","name":"","highway":"service"}},{"type":"Feature","geometry":{"type":"LineString","coordinates":[[10.2334574,45.5376434],[10.2335,45.5376854],[10.2335668,45.5377567]]},"properties":{"site":"brescia","name":"","highway":"service"}},{"type":"Feature","geometry":{"type":"LineString","coordinates":[[10.233642,45.5375731],[10.2336722,45.5376214],[10.2336949,45.5376726]]},"properties":{"site":"brescia","name":"","highway":"service"}},{"type":"Feature","geometry":{"type":"LineString","coordinates":[[10.2350374,45.5373391],[10.2349882,45.537254],[10.2349636,45.5372032]]},"properties":{"site":"brescia","name":"","highway":"service"}},{"type":"Feature","geometry":{"type":"LineString","coordinates":[[10.2352664,45.5371071],[10.2353002,45.5371599],[10.2353599,45.5372532]]},"properties":{"site":"brescia","name":"","highway":"service"}},{"type":"Feature","geometry":{"type":"LineString","coordinates":[[10.2357651,45.5368207],[10.2358177,45.5368593],[10.2359285,45.5369408]]},"properties":{"site":"brescia","name":"","highway":"service"}},{"type":"Feature","geometry":{"type":"LineString","coordinates":[[10.2338585,45.5374653],[10.2338783,45.5374998],[10.233906,45.5375505]]},"properties":{"site":"brescia","name":"","highway":"footway"}},{"type":"Feature","geometry":{"type":"LineString","coordinates":[[10.2317904,45.5398466],[10.2318806,45.5398523]]},"properties":{"site":"brescia","name":"","highway":"footway"}},{"type":"Feature","geometry":{"type":"LineString","coordinates":[[10.2125631,45.5365415],[10.2122312,45.5365477],[10.2119293,45.5365664]]},"properties":{"site":"brescia","name":"Corso Giacomo Matteotti","highway":"service"}},{"type":"Feature","geometry":{"type":"LineString","coordinates":[[10.2185483,45.5435223],[10.2185285,45.5435071],[10.218356,45.5433749]]},"properties":{"site":"brescia","name":"Vicolo dell'Anguilla","highway":"service"}},{"type":"Feature","geometry":{"type":"LineString","coordinates":[[10.2189977,45.5437805],[10.2188931,45.5437842],[10.2187631,45.5436865],[10.2189656,45.543664],[10.2189977,45.5437805]]},"properties":{"site":"brescia","name":"Piazzetta Guglielmo Forbek","highway":"pedestrian"}},{"type":"Feature","geometry":{"type":"LineString","coordinates":[[10.2196402,45.5440944],[10.2194135,45.5441393]]},"properties":{"site":"brescia","name":"Via San Faustino","highway":"service"}},{"type":"Feature","geometry":{"type":"LineString","coordinates":[[10.2197447,45.5442708],[10.2195194,45.5443121]]},"properties":{"site":"brescia","name":"Via San Faustino","highway":"service"}},{"type":"Feature","geometry":{"type":"LineString","coordinates":[[10.2152541,45.5428663],[10.2154974,45.5428212]]},"properties":{"site":"brescia","name":"Via Francesco Lana","highway":"service"}},{"type":"Feature","geometry":{"type":"LineString","coordinates":[[10.2151728,45.5428814],[10.2152541,45.5428663]]},"properties":{"site":"brescia","name":"Via Francesco Lana","highway":"service"}},{"type":"Feature","geometry":{"type":"LineString","coordinates":[[10.2205655,45.5404308],[10.2205125,45.5404304]]},"properties":{"site":"brescia","name":"Vicolo San Giuseppe","highway":"steps"}},{"type":"Feature","geometry":{"type":"LineString","coordinates":[[10.2206327,45.5404313],[10.2205655,45.5404308]]},"properties":{"site":"brescia","name":"Vicolo San Giuseppe","highway":"pedestrian"}},{"type":"Feature","geometry":{"type":"LineString","coordinates":[[10.2204951,45.5422292],[10.2205588,45.5423152]]},"properties":{"site":"brescia","name":"Via Camillo Pulusella","highway":"service"}},{"type":"Feature","geometry":{"type":"LineString","coordinates":[[10.2128311,45.543819],[10.2129538,45.5437854],[10.2129963,45.5437737],[10.2132833,45.543695]]},"properties":{"site":"brescia","name":"Via Calatafimi","highway":"service"}},{"type":"Feature","geometry":{"type":"LineString","coordinates":[[10.2132149,45.541762],[10.2128924,45.5418554]]},"properties":{"site":"brescia","name":"Via delle Grazie","highway":"service"}},{"type":"Feature","geometry":{"type":"LineString","coordinates":[[10.2132964,45.5406859],[10.21324,45.5406987],[10.2131548,45.540718],[10.2131103,45.540728],[10.2128695,45.5407825],[10.2127891,45.5408007]]},"properties":{"site":"brescia","name":"","highway":"footway"}},{"type":"Feature","geometry":{"type":"LineString","coordinates":[[10.2177055,45.5417811],[10.2176522,45.5416606],[10.2176474,45.5416497],[10.2176408,45.5416287]]},"properties":{"site":"brescia","name":"Via Federico Borgondio","highway":"footway"}},{"type":"Feature","geometry":{"type":"LineString","coordinates":[[10.2200392,45.5373845],[10.2201051,45.5373915]]},"properties":{"site":"brescia","name":"","highway":"footway"}},{"type":"Feature","geometry":{"type":"LineString","coordinates":[[10.2185916,45.5339848],[10.2185514,45.5339926],[10.218388,45.5340248],[10.2182449,45.5340525]]},"properties":{"site":"brescia","name":"","highway":"footway"}},{"type":"Feature","geometry":{"type":"LineString","coordinates":[[10.2157364,45.5342262],[10.2157619,45.5342216],[10.2158247,45.5342104]]},"properties":{"site":"brescia","name":"","highway":"footway"}},{"type":"Feature","geometry":{"type":"LineString","coordinates":[[10.2158023,45.5341518],[10.2158247,45.5342104],[10.2158385,45.5342467],[10.2166485,45.5340948]]},"properties":{"site":"brescia","name":"","highway":"footway"}},{"type":"Feature","geometry":{"type":"LineString","coordinates":[[10.2140807,45.5345833],[10.2138739,45.5346228]]},"properties":{"site":"brescia","name":"","highway":"footway"}},{"type":"Feature","geometry":{"type":"LineString","coordinates":[[10.2139442,45.5345197],[10.2139474,45.5345102],[10.2139446,45.534502],[10.2139381,45.534492]]},"properties":{"site":"brescia","name":"","highway":"footway"}},{"type":"Feature","geometry":{"type":"LineString","coordinates":[[10.2126069,45.5332679],[10.2125825,45.5332128]]},"properties":{"site":"brescia","name":"","highway":"footway"}},{"type":"Feature","geometry":{"type":"LineString","coordinates":[[10.2206108,45.5332309],[10.220757,45.5332286],[10.2208168,45.5332316],[10.2208594,45.5332439],[10.2208774,45.5332663],[10.2209747,45.5335176]]},"properties":{"site":"brescia","name":"","highway":"footway"}},{"type":"Feature","geometry":{"type":"LineString","coordinates":[[10.2244596,45.5322633],[10.2243905,45.5322698]]},"properties":{"site":"brescia","name":"","highway":"footway"}},{"type":"Feature","geometry":{"type":"LineString","coordinates":[[10.223322,45.5332378],[10.2233288,45.533262]]},"properties":{"site":"brescia","name":"","highway":"footway"}},{"type":"Feature","geometry":{"type":"LineString","coordinates":[[10.2293124,45.5327099],[10.2293008,45.532616]]},"properties":{"site":"brescia","name":"","highway":"footway"}},{"type":"Feature","geometry":{"type":"LineString","coordinates":[[10.2299262,45.5326365],[10.2299405,45.5325903]]},"properties":{"site":"brescia","name":"","highway":"footway"}},{"type":"Feature","geometry":{"type":"LineString","coordinates":[[10.2319214,45.536218],[10.2319167,45.5361744]]},"properties":{"site":"brescia","name":"","highway":"footway"}},{"type":"Feature","geometry":{"type":"LineString","coordinates":[[10.2332363,45.5340619],[10.2331773,45.5340024]]},"properties":{"site":"brescia","name":"","highway":"service"}},{"type":"Feature","geometry":{"type":"LineString","coordinates":[[10.2286283,45.534557],[10.2288091,45.5345224]]},"properties":{"site":"brescia","name":"","highway":"service"}},{"type":"Feature","geometry":{"type":"LineString","coordinates":[[10.2288091,45.5345224],[10.228619,45.5341633],[10.2284382,45.5341981],[10.2286283,45.534557]]},"properties":{"site":"brescia","name":"","highway":"service"}},{"type":"Feature","geometry":{"type":"LineString","coordinates":[[10.2288091,45.5345224],[10.228868,45.5345077],[10.2289199,45.5344946]]},"properties":{"site":"brescia","name":"","highway":"service"}},{"type":"Feature","geometry":{"type":"LineString","coordinates":[[10.2284498,45.5346385],[10.2283755,45.5344199]]},"properties":{"site":"brescia","name":"","highway":"footway"}},{"type":"Feature","geometry":{"type":"LineString","coordinates":[[10.2285104,45.5348168],[10.2285003,45.5347873]]},"properties":{"site":"brescia","name":"","highway":"footway"}},{"type":"Feature","geometry":{"type":"LineString","coordinates":[[10.2285003,45.5347873],[10.2284498,45.5346385]]},"properties":{"site":"brescia","name":"","highway":"footway"}},{"type":"Feature","geometry":{"type":"LineString","coordinates":[[10.2202744,45.5380566],[10.2202518,45.5379445],[10.2202278,45.5378288],[10.2202107,45.5377445],[10.2202058,45.5377218],[10.2202005,45.5376954],[10.2201653,45.5375265]]},"properties":{"site":"brescia","name":"Portici di Via Dieci Giornate","highway":"footway"}},{"type":"Feature","geometry":{"type":"LineString","coordinates":[[10.2194958,45.5355611],[10.2195399,45.5355605]]},"properties":{"site":"brescia","name":"Via Moretto","highway":"pedestrian"}},{"type":"Feature","geometry":{"type":"LineString","coordinates":[[10.2182834,45.5341617],[10.2184749,45.5341253]]},"properties":{"site":"brescia","name":"","highway":"footway"}},{"type":"Feature","geometry":{"type":"LineString","coordinates":[[10.2182141,45.5336955],[10.2183543,45.533674],[10.2185,45.5336407],[10.2184836,45.5336707],[10.2184291,45.5337083],[10.2183908,45.5337397],[10.2183714,45.5337699],[10.2183772,45.533823],[10.2183865,45.5338743],[10.2183853,45.5339087],[10.2184054,45.5339335],[10.2184409,45.5339637],[10.2184978,45.5339849],[10.2185514,45.5339926],[10.2183897,45.5340205],[10.2182449,45.5340525]]},"properties":{"site":"brescia","name":"","highway":"pedestrian"}},{"type":"Feature","geometry":{"type":"LineString","coordinates":[[10.2182449,45.5340525],[10.2182287,45.5338698],[10.2182141,45.5336955]]},"properties":{"site":"brescia","name":"","highway":"footway"}},{"type":"Feature","geometry":{"type":"LineString","coordinates":[[10.2186873,45.5333662],[10.21993,45.5331331],[10.2206736,45.5329936],[10.2207497,45.5329794]]},"properties":{"site":"brescia","name":"","highway":"footway"}},{"type":"Feature","geometry":{"type":"LineString","coordinates":[[10.2178869,45.5327279],[10.2178997,45.5327505]]},"properties":{"site":"brescia","name":"","highway":"footway"}},{"type":"Feature","geometry":{"type":"LineString","coordinates":[[10.217822,45.5327669],[10.2178997,45.5327505]]},"properties":{"site":"brescia","name":"","highway":"footway"}},{"type":"Feature","geometry":{"type":"LineString","coordinates":[[10.2206679,45.5447025],[10.2208177,45.5448441]]},"properties":{"site":"brescia","name":"","highway":"pedestrian"}},{"type":"Feature","geometry":{"type":"LineString","coordinates":[[10.2202379,45.5446928],[10.2201458,45.5447681],[10.2201061,45.5448748]]},"properties":{"site":"brescia","name":"","highway":"footway"}},{"type":"Feature","geometry":{"type":"LineString","coordinates":[[10.2201732,45.5451029],[10.220143,45.5450943]]},"properties":{"site":"brescia","name":"","highway":"footway"}},{"type":"Feature","geometry":{"type":"LineString","coordinates":[[10.2197997,45.5452429],[10.2199034,45.5451885]]},"properties":{"site":"brescia","name":"","highway":"footway"}},{"type":"Feature","geometry":{"type":"LineString","coordinates":[[10.224391,45.5442353],[10.2245392,45.5447159],[10.2245713,45.5447939],[10.2246317,45.5448606],[10.2246875,45.5449094],[10.2247028,45.5449187],[10.224725,45.5449322],[10.2247887,45.544954]]},"properties":{"site":"brescia","name":"","highway":"footway"}},{"type":"Feature","geometry":{"type":"LineString","coordinates":[[10.2243409,45.5440827],[10.224391,45.5442353]]},"properties":{"site":"brescia","name":"","highway":"footway"}},{"type":"Feature","geometry":{"type":"LineString","coordinates":[[10.2242064,45.5441903],[10.2242175,45.5442322],[10.224228,45.5442613]]},"properties":{"site":"brescia","name":"","highway":"footway"}},{"type":"Feature","geometry":{"type":"LineString","coordinates":[[10.2241881,45.5441076],[10.2242016,45.5441685]]},"properties":{"site":"brescia","name":"","highway":"footway"}},{"type":"Feature","geometry":{"type":"LineString","coordinates":[[10.2238746,45.5441684],[10.2238456,45.5441749]]},"properties":{"site":"brescia","name":"Fossa Bagni","highway":"pedestrian"}},{"type":"Feature","geometry":{"type":"LineString","coordinates":[[10.2223459,45.5413071],[10.2222757,45.541135]]},"properties":{"site":"brescia","name":"","highway":"footway"}},{"type":"Feature","geometry":{"type":"LineString","coordinates":[[10.222664,45.541517],[10.2225988,45.5414675],[10.2225864,45.5414295],[10.2225783,45.5413946]]},"properties":{"site":"brescia","name":"","highway":"footway"}},{"type":"Feature","geometry":{"type":"LineString","coordinates":[[10.2227086,45.5413819],[10.2226211,45.5414373]]},"properties":{"site":"brescia","name":"","highway":"footway"}},{"type":"Feature","geometry":{"type":"LineString","coordinates":[[10.2227973,45.541363],[10.2227086,45.5413819]]},"properties":{"site":"brescia","name":"","highway":"footway"}},{"type":"Feature","geometry":{"type":"LineString","coordinates":[[10.222853,45.5414535],[10.2227192,45.5414456]]},"properties":{"site":"brescia","name":"","highway":"pedestrian"}},{"type":"Feature","geometry":{"type":"LineString","coordinates":[[10.2244707,45.5415379],[10.2243238,45.5415385]]},"properties":{"site":"brescia","name":"","highway":"pedestrian"}},{"type":"Feature","geometry":{"type":"LineString","coordinates":[[10.2263345,45.5411198],[10.2263463,45.5411943],[10.2265035,45.5412687]]},"properties":{"site":"brescia","name":"","highway":"footway"}},{"type":"Feature","geometry":{"type":"LineString","coordinates":[[10.2283688,45.542596],[10.2284945,45.5426677],[10.2285957,45.5427148],[10.2286323,45.5427699],[10.2286174,45.5428021]]},"properties":{"site":"brescia","name":"","highway":"footway"}},{"type":"Feature","geometry":{"type":"LineString","coordinates":[[10.2287723,45.5426231],[10.2287492,45.5426228]]},"properties":{"site":"brescia","name":"","highway":"footway"}},{"type":"Feature","geometry":{"type":"LineString","coordinates":[[10.229341,45.542622],[10.2294644,45.5426006],[10.2295553,45.5425938],[10.2298893,45.542588]]},"properties":{"site":"brescia","name":"","highway":"footway"}},{"type":"Feature","geometry":{"type":"LineString","coordinates":[[10.2280887,45.5428815],[10.2281303,45.5429186],[10.2286174,45.5428021],[10.2289671,45.5427164],[10.229341,45.542622]]},"properties":{"site":"brescia","name":"","highway":"footway"}},{"type":"Feature","geometry":{"type":"LineString","coordinates":[[10.2123231,45.5312926],[10.2123781,45.531309],[10.2124293,45.5312979],[10.2125472,45.5312711]]},"properties":{"site":"brescia","name":"","highway":"footway"}},{"type":"Feature","geometry":{"type":"LineString","coordinates":[[10.2190542,45.5405123],[10.2191015,45.5407913],[10.2193607,45.5407884],[10.2194234,45.5407875],[10.2193952,45.5405142],[10.2193867,45.5404682],[10.2190542,45.5405123]]},"properties":{"site":"brescia","name":"Piazza Rovetta","highway":"pedestrian"}},{"type":"Feature","geometry":{"type":"LineString","coordinates":[[10.2151335,45.5332257],[10.2151607,45.5332821]]},"properties":{"site":"brescia","name":"","highway":"service"}},{"type":"Feature","geometry":{"type":"LineString","coordinates":[[10.214969,45.5332625],[10.2150098,45.5332534],[10.2151335,45.5332257]]},"properties":{"site":"brescia","name":"","highway":"service"}},{"type":"Feature","geometry":{"type":"LineString","coordinates":[[10.2338907,45.5467879],[10.234106,45.546383]]},"properties":{"site":"brescia","name":"","highway":"service"}},{"type":"Feature","geometry":{"type":"LineString","coordinates":[[10.2342005,45.5464032],[10.2341802,45.5464108]]},"properties":{"site":"brescia","name":"","highway":"footway"}},{"type":"Feature","geometry":{"type":"LineString","coordinates":[[10.2342396,45.5459175],[10.2342243,45.5460896],[10.2341846,45.5461088],[10.2341115,45.5461101],[10.2341606,45.5461547],[10.2341895,45.5461841]]},"properties":{"site":"brescia","name":"","highway":"service"}},{"type":"Feature","geometry":{"type":"LineString","coordinates":[[10.2335985,45.5463632],[10.2336605,45.5462223]]},"properties":{"site":"brescia","name":"","highway":"service"}},{"type":"Feature","geometry":{"type":"LineString","coordinates":[[10.233676,45.5461083],[10.2336335,45.546125],[10.2335185,45.54617],[10.2334723,45.5462051]]},"properties":{"site":"brescia","name":"","highway":"service"}},{"type":"Feature","geometry":{"type":"LineString","coordinates":[[10.2324437,45.5460797],[10.2324138,45.5462214]]},"properties":{"site":"brescia","name":"","highway":"service"}},{"type":"Feature","geometry":{"type":"LineString","coordinates":[[10.2333033,45.5451574],[10.2331665,45.5451583],[10.2330995,45.545133],[10.2330593,45.5451023]]},"properties":{"site":"brescia","name":"","highway":"service"}},{"type":"Feature","geometry":{"type":"LineString","coordinates":[[10.2299417,45.5464681],[10.2299536,45.5464452],[10.2300203,45.5463155]]},"properties":{"site":"brescia","name":"","highway":"service"}},{"type":"Feature","geometry":{"type":"LineString","coordinates":[[10.2317875,45.5476681],[10.2316967,45.5477083],[10.2315049,45.5477327],[10.2314137,45.5477562],[10.2314056,45.5477966],[10.2314687,45.5478173],[10.2316041,45.5478323],[10.2317744,45.5478577],[10.2317986,45.547899],[10.2317946,45.5479347],[10.2317718,45.5479657]]},"properties":{"site":"brescia","name":"","highway":"service"}},{"type":"Feature","geometry":{"type":"LineString","coordinates":[[10.231925,45.5476144],[10.2320346,45.5476247],[10.2321875,45.5476144],[10.2327441,45.5474801]]},"properties":{"site":"brescia","name":"","highway":"service"}},{"type":"Feature","geometry":{"type":"LineString","coordinates":[[10.2306989,45.5471063],[10.2308853,45.5469494],[10.2309738,45.5468668],[10.2309859,45.5468029],[10.2309014,45.5467377],[10.230914,45.5466834],[10.2309416,45.5466075]]},"properties":{"site":"brescia","name":"","highway":"service"}},{"type":"Feature","geometry":{"type":"LineString","coordinates":[[10.2313469,45.5466553],[10.2314467,45.546646],[10.2315082,45.546625],[10.2315766,45.5465897]]},"properties":{"site":"brescia","name":"","highway":"service"}},{"type":"Feature","geometry":{"type":"LineString","coordinates":[[10.2319142,45.5471105],[10.2320075,45.5469255]]},"properties":{"site":"brescia","name":"","highway":"service"}},{"type":"Feature","geometry":{"type":"LineString","coordinates":[[10.2313375,45.5479279],[10.2313264,45.5477366],[10.2313237,45.5476908]]},"properties":{"site":"brescia","name":"","highway":"service"}},{"type":"Feature","geometry":{"type":"LineString","coordinates":[[10.2310733,45.5481061],[10.2310448,45.5479747]]},"properties":{"site":"brescia","name":"","highway":"service"}},{"type":"Feature","geometry":{"type":"LineString","coordinates":[[10.230527,45.5477105],[10.230766,45.5477163],[10.2310781,45.5477028]]},"properties":{"site":"brescia","name":"","highway":"service"}},{"type":"Feature","geometry":{"type":"LineString","coordinates":[[10.2331314,45.5468291],[10.2330089,45.5467681]]},"properties":{"site":"brescia","name":"","highway":"service"}},{"type":"Feature","geometry":{"type":"LineString","coordinates":[[10.2328282,45.5454235],[10.2329067,45.5454571],[10.232989,45.5454999],[10.233097,45.5455398]]},"properties":{"site":"brescia","name":"","highway":"service"}},{"type":"Feature","geometry":{"type":"LineString","coordinates":[[10.2340865,45.5452185],[10.2341683,45.5451583],[10.2341925,45.5450597],[10.2341869,45.5448022]]},"properties":{"site":"brescia","name":"","highway":"service"}},{"type":"Feature","geometry":{"type":"LineString","coordinates":[[10.2320978,45.5443064],[10.2321036,45.5442773],[10.232154,45.5440256],[10.2321969,45.5439974],[10.2323042,45.5439899]]},"properties":{"site":"brescia","name":"","highway":"service"}},{"type":"Feature","geometry":{"type":"LineString","coordinates":[[10.2210786,45.5418708],[10.2208618,45.5419307]]},"properties":{"site":"brescia","name":"","highway":"service"}},{"type":"Feature","geometry":{"type":"LineString","coordinates":[[10.2211916,45.54184],[10.2211036,45.5418653],[10.2210786,45.5418708]]},"properties":{"site":"brescia","name":"","highway":"service"}},{"type":"Feature","geometry":{"type":"LineString","coordinates":[[10.2209287,45.5420615],[10.2210471,45.542033]]},"properties":{"site":"brescia","name":"Contrada Santa Chiara","highway":"service"}},{"type":"Feature","geometry":{"type":"LineString","coordinates":[[10.2262408,45.5324669],[10.2262369,45.5324464],[10.2267067,45.5323881]]},"properties":{"site":"brescia","name":"","highway":"footway"}},{"type":"Feature","geometry":{"type":"LineString","coordinates":[[10.2261509,45.5324754],[10.2262408,45.5324669]]},"properties":{"site":"brescia","name":"","highway":"steps"}},{"type":"Feature","geometry":{"type":"LineString","coordinates":[[10.2304754,45.5326877],[10.2303917,45.5326753]]},"properties":{"site":"brescia","name":"","highway":"steps"}},{"type":"Feature","geometry":{"type":"LineString","coordinates":[[10.2304754,45.5326877],[10.2304907,45.5326451]]},"properties":{"site":"brescia","name":"","highway":"footway"}},{"type":"Feature","geometry":{"type":"LineString","coordinates":[[10.2299194,45.532664],[10.2303367,45.532718],[10.2304748,45.5327358],[10.2317366,45.5329828],[10.231781,45.5330041],[10.2317697,45.5330814]]},"properties":{"site":"brescia","name":"","highway":"footway"}},{"type":"Feature","geometry":{"type":"LineString","coordinates":[[10.2303917,45.5326753],[10.2303524,45.532669],[10.2303367,45.532718]]},"properties":{"site":"brescia","name":"","highway":"footway"}},{"type":"Feature","geometry":{"type":"LineString","coordinates":[[10.231092,45.538895],[10.2311382,45.5388979],[10.2311803,45.5389012]]},"properties":{"site":"brescia","name":"","highway":"footway"}},{"type":"Feature","geometry":{"type":"LineString","coordinates":[[10.2312647,45.538908],[10.231322,45.5389126]]},"properties":{"site":"brescia","name":"","highway":"steps"}},{"type":"Feature","geometry":{"type":"LineString","coordinates":[[10.231322,45.5389126],[10.2314519,45.5389225],[10.23161,45.5389345]]},"properties":{"site":"brescia","name":"","highway":"footway"}},{"type":"Feature","geometry":{"type":"LineString","coordinates":[[10.2310756,45.5389842],[10.2310288,45.5389801]]},"properties":{"site":"brescia","name":"Via dei Musei","highway":"footway"}},{"type":"Feature","geometry":{"type":"LineString","coordinates":[[10.231079,45.5386738],[10.23115,45.5385803],[10.2312105,45.5385004]]},"properties":{"site":"brescia","name":"","highway":"footway"}},{"type":"Feature","geometry":{"type":"LineString","coordinates":[[10.23115,45.5385803],[10.231092,45.538895],[10.2310756,45.5389842]]},"properties":{"site":"brescia","name":"","highway":"footway"}},{"type":"Feature","geometry":{"type":"LineString","coordinates":[[10.2307647,45.5404462],[10.2308175,45.540444]]},"properties":{"site":"brescia","name":"","highway":"steps"}},{"type":"Feature","geometry":{"type":"LineString","coordinates":[[10.2308175,45.540444],[10.2308506,45.5404459],[10.2308864,45.5404479]]},"properties":{"site":"brescia","name":"","highway":"footway"}},{"type":"Feature","geometry":{"type":"LineString","coordinates":[[10.2308864,45.5404479],[10.2308965,45.5403968]]},"properties":{"site":"brescia","name":"","highway":"footway"}},{"type":"Feature","geometry":{"type":"LineString","coordinates":[[10.2338667,45.532362],[10.2343675,45.5323604],[10.2345118,45.5323556]]},"properties":{"site":"brescia","name":"","highway":"service"}},{"type":"Feature","geometry":{"type":"LineString","coordinates":[[10.2195317,45.5377904],[10.2193833,45.5378122],[10.2190543,45.537857],[10.2190125,45.537862]]},"properties":{"site":"brescia","name":"","highway":"footway"}},{"type":"Feature","geometry":{"type":"LineString","coordinates":[[10.2196899,45.5384583],[10.2197284,45.5384549]]},"properties":{"site":"brescia","name":"","highway":"footway"}},{"type":"Feature","geometry":{"type":"LineString","coordinates":[[10.2236426,45.5388403],[10.2235583,45.538844],[10.2235012,45.5388469],[10.223237,45.5388229],[10.2231991,45.5386883]]},"properties":{"site":"brescia","name":"Vicolo San Cassiano","highway":"service"}},{"type":"Feature","geometry":{"type":"LineString","coordinates":[[10.2307324,45.5414028],[10.2307273,45.5414261]]},"properties":{"site":"brescia","name":"","highway":"steps"}},{"type":"Feature","geometry":{"type":"LineString","coordinates":[[10.2308378,45.5415442],[10.2308527,45.5414756]]},"properties":{"site":"brescia","name":"","highway":"steps"}},{"type":"Feature","geometry":{"type":"LineString","coordinates":[[10.2307829,45.5417966],[10.2307951,45.5417404]]},"properties":{"site":"brescia","name":"","highway":"steps"}},{"type":"Feature","geometry":{"type":"LineString","coordinates":[[10.2307951,45.5417404],[10.2308378,45.5415442]]},"properties":{"site":"brescia","name":"","highway":"footway"}},{"type":"Feature","geometry":{"type":"LineString","coordinates":[[10.230692,45.5422277],[10.2306925,45.5422123],[10.2307604,45.5419003]]},"properties":{"site":"brescia","name":"","highway":"steps"}},{"type":"Feature","geometry":{"type":"LineString","coordinates":[[10.2307604,45.5419003],[10.2307829,45.5417966]]},"properties":{"site":"brescia","name":"","highway":"steps"}},{"type":"Feature","geometry":{"type":"LineString","coordinates":[[10.2306815,45.5424478],[10.2306872,45.5423557]]},"properties":{"site":"brescia","name":"","highway":"steps"}},{"type":"Feature","geometry":{"type":"LineString","coordinates":[[10.2306894,45.5423094],[10.230692,45.5422277]]},"properties":{"site":"brescia","name":"","highway":"steps"}},{"type":"Feature","geometry":{"type":"LineString","coordinates":[[10.226274,45.541423],[10.2262517,45.5413893],[10.226261,45.5413422]]},"properties":{"site":"brescia","name":"","highway":"steps"}},{"type":"Feature","geometry":{"type":"LineString","coordinates":[[10.2264318,45.5413454],[10.2263356,45.5413206],[10.226261,45.5413422]]},"properties":{"site":"brescia","name":"","highway":"steps"}},{"type":"Feature","geometry":{"type":"LineString","coordinates":[[10.2311803,45.5389012],[10.2312217,45.5389045],[10.2312647,45.538908]]},"properties":{"site":"brescia","name":"","highway":"footway"}},{"type":"Feature","geometry":{"type":"LineString","coordinates":[[10.2226779,45.5373788],[10.2226414,45.5373889],[10.2223351,45.53746]]},"properties":{"site":"brescia","name":"","highway":"footway"}},{"type":"Feature","geometry":{"type":"LineString","coordinates":[[10.2349775,45.5426129],[10.2350059,45.5426469],[10.2350319,45.5426798]]},"properties":{"site":"brescia","name":"","highway":"footway"}},{"type":"Feature","geometry":{"type":"LineString","coordinates":[[10.2344856,45.5427599],[10.2345406,45.5427796],[10.2346786,45.5428126],[10.2348127,45.5429215],[10.2349723,45.5431141],[10.2350246,45.5431498],[10.2351259,45.5431676]]},"properties":{"site":"brescia","name":"","highway":"service"}},{"type":"Feature","geometry":{"type":"LineString","coordinates":[[10.2311872,45.5346434],[10.2311402,45.534665]]},"properties":{"site":"brescia","name":"","highway":"footway"}},{"type":"Feature","geometry":{"type":"LineString","coordinates":[[10.2293789,45.5324613],[10.2295314,45.5324527]]},"properties":{"site":"brescia","name":"","highway":"footway"}},{"type":"Feature","geometry":{"type":"LineString","coordinates":[[10.22959,45.5324494],[10.2296151,45.532448]]},"properties":{"site":"brescia","name":"","highway":"footway"}},{"type":"Feature","geometry":{"type":"LineString","coordinates":[[10.2242016,45.5441685],[10.2242064,45.5441903]]},"properties":{"site":"brescia","name":"","highway":"footway"}},{"type":"Feature","geometry":{"type":"LineString","coordinates":[[10.2242852,45.5441568],[10.2242016,45.5441685]]},"properties":{"site":"brescia","name":"Fossa Bagni","highway":"pedestrian"}},{"type":"Feature","geometry":{"type":"LineString","coordinates":[[10.2204552,45.5450794],[10.2204456,45.5450568],[10.220414,45.5450302]]},"properties":{"site":"brescia","name":"","highway":"footway"}},{"type":"Feature","geometry":{"type":"LineString","coordinates":[[10.22002,45.5454671],[10.2200062,45.545426],[10.2199918,45.5454134],[10.219972,45.5454109],[10.219866,45.5454244]]},"properties":{"site":"brescia","name":"","highway":"footway"}},{"type":"Feature","geometry":{"type":"LineString","coordinates":[[10.2210875,45.5468725],[10.2211072,45.5469079],[10.2211384,45.5469556]]},"properties":{"site":"brescia","name":"","highway":"footway"}},{"type":"Feature","geometry":{"type":"LineString","coordinates":[[10.2211384,45.5469556],[10.2213713,45.5473836],[10.2216738,45.5479285],[10.2216881,45.5479539]]},"properties":{"site":"brescia","name":"","highway":"footway"}},{"type":"Feature","geometry":{"type":"LineString","coordinates":[[10.2216881,45.5479539],[10.2217154,45.5480025],[10.2217366,45.5480414]]},"properties":{"site":"brescia","name":"","highway":"footway"}},{"type":"Feature","geometry":{"type":"LineString","coordinates":[[10.2213591,45.5480493],[10.2213641,45.5480376],[10.2212657,45.547911],[10.2212863,45.5478615],[10.2211073,45.5476512],[10.2210672,45.5476041],[10.2209732,45.5474735],[10.2208323,45.5471083],[10.2207541,45.5470828]]},"properties":{"site":"brescia","name":"","highway":"footway"}},{"type":"Feature","geometry":{"type":"LineString","coordinates":[[10.2207057,45.5469494],[10.2207098,45.5469373],[10.2206751,45.5468478],[10.2206998,45.5468224],[10.2205707,45.5464232],[10.2205709,45.546415],[10.2205788,45.5464085],[10.2205858,45.546404],[10.2206069,45.5463995],[10.2206077,45.5463943]]},"properties":{"site":"brescia","name":"","highway":"footway"}},{"type":"Feature","geometry":{"type":"LineString","coordinates":[[10.2228682,45.5433118],[10.2228512,45.5432914],[10.2228335,45.5432698]]},"properties":{"site":"brescia","name":"","highway":"footway"}},{"type":"Feature","geometry":{"type":"LineString","coordinates":[[10.2228357,45.5432974],[10.2228512,45.5432914]]},"properties":{"site":"brescia","name":"","highway":"footway"}},{"type":"Feature","geometry":{"type":"LineString","coordinates":[[10.2229184,45.543338],[10.2228962,45.5433463]]},"properties":{"site":"brescia","name":"","highway":"footway"}},{"type":"Feature","geometry":{"type":"LineString","coordinates":[[10.2228198,45.5432211],[10.2228004,45.5432282]]},"properties":{"site":"brescia","name":"","highway":"footway"}},{"type":"Feature","geometry":{"type":"LineString","coordinates":[[10.2228335,45.5432698],[10.2228004,45.5432282]]},"properties":{"site":"brescia","name":"","highway":"steps"}},{"type":"Feature","geometry":{"type":"LineString","coordinates":[[10.2228682,45.5433118],[10.2228962,45.5433463]]},"properties":{"site":"brescia","name":"","highway":"steps"}},{"type":"Feature","geometry":{"type":"LineString","coordinates":[[10.2229655,45.5434378],[10.2229779,45.5434534]]},"properties":{"site":"brescia","name":"","highway":"footway"}},{"type":"Feature","geometry":{"type":"LineString","coordinates":[[10.2229779,45.5434534],[10.2230547,45.54355]]},"properties":{"site":"brescia","name":"","highway":"footway"}},{"type":"Feature","geometry":{"type":"LineString","coordinates":[[10.2231639,45.5436386],[10.2229762,45.5433819],[10.222893,45.5432681],[10.2228475,45.5432096]]},"properties":{"site":"brescia","name":"","highway":"footway"}},{"type":"Feature","geometry":{"type":"LineString","coordinates":[[10.2228691,45.5432798],[10.222893,45.5432681]]},"properties":{"site":"brescia","name":"","highway":"footway"}},{"type":"Feature","geometry":{"type":"LineString","coordinates":[[10.2229762,45.5433819],[10.2230587,45.5433677]]},"properties":{"site":"brescia","name":"","highway":"footway"}},{"type":"Feature","geometry":{"type":"LineString","coordinates":[[10.2229493,45.5432765],[10.2229277,45.5432572],[10.2229134,45.5432323]]},"properties":{"site":"brescia","name":"","highway":"footway"}},{"type":"Feature","geometry":{"type":"LineString","coordinates":[[10.222893,45.5432681],[10.2229277,45.5432572]]},"properties":{"site":"brescia","name":"","highway":"footway"}},{"type":"Feature","geometry":{"type":"LineString","coordinates":[[10.2229493,45.5432765],[10.2229989,45.5432899],[10.2230235,45.5432565]]},"properties":{"site":"brescia","name":"","highway":"steps"}},{"type":"Feature","geometry":{"type":"LineString","coordinates":[[10.2229134,45.5432323],[10.2229174,45.5431952],[10.2229795,45.5431955],[10.2230062,45.5431878]]},"properties":{"site":"brescia","name":"","highway":"steps"}},{"type":"Feature","geometry":{"type":"LineString","coordinates":[[10.2180375,45.5341513],[10.218026,45.5340339],[10.2180199,45.5339715],[10.2180086,45.5338685],[10.2180029,45.5338161],[10.2180012,45.533741],[10.2180001,45.5336919],[10.2180836,45.5335522]]},"properties":{"site":"brescia","name":"","highway":"service"}},{"type":"Feature","geometry":{"type":"LineString","coordinates":[[10.2229873,45.5313409],[10.223179,45.531422]]},"properties":{"site":"brescia","name":"Via Lattanzio Gambara","highway":"service"}},{"type":"Feature","geometry":{"type":"LineString","coordinates":[[10.2256715,45.5409691],[10.22606,45.540822],[10.2259741,45.5407819]]},"properties":{"site":"brescia","name":"","highway":"steps"}},{"type":"Feature","geometry":{"type":"LineString","coordinates":[[10.2247349,45.5426648],[10.2248803,45.5426629]]},"properties":{"site":"brescia","name":"","highway":"pedestrian"}},{"type":"Feature","geometry":{"type":"LineString","coordinates":[[10.2334876,45.5358988],[10.2344697,45.5355439],[10.2345408,45.5355181],[10.2368905,45.5346627]]},"properties":{"site":"brescia","name":"","highway":"footway"}},{"type":"Feature","geometry":{"type":"LineString","coordinates":[[10.2228843,45.5360344],[10.2227722,45.5360758],[10.2225272,45.5362043]]},"properties":{"site":"brescia","name":"Vicolo Ambrosioni","highway":"pedestrian"}},{"type":"Feature","geometry":{"type":"LineString","coordinates":[[10.2228181,45.5358676],[10.2226437,45.5358817],[10.2225579,45.535891]]},"properties":{"site":"brescia","name":"","highway":"footway"}},{"type":"Feature","geometry":{"type":"LineString","coordinates":[[10.2140797,45.5462082],[10.2140725,45.5461073],[10.2141118,45.5460636]]},"properties":{"site":"brescia","name":"","highway":"footway"}},{"type":"Feature","geometry":{"type":"LineString","coordinates":[[10.2141663,45.5463065],[10.2140797,45.5462082]]},"properties":{"site":"brescia","name":"","highway":"footway"}},{"type":"Feature","geometry":{"type":"LineString","coordinates":[[10.2210441,45.5410875],[10.2210678,45.5411163]]},"properties":{"site":"brescia","name":"","highway":"steps"}},{"type":"Feature","geometry":{"type":"LineString","coordinates":[[10.2210441,45.5410875],[10.2210177,45.5410557]]},"properties":{"site":"brescia","name":"","highway":"steps"}},{"type":"Feature","geometry":{"type":"LineString","coordinates":[[10.2210933,45.5411075],[10.2210775,45.5410886]]},"properties":{"site":"brescia","name":"","highway":"steps"}},{"type":"Feature","geometry":{"type":"LineString","coordinates":[[10.2210399,45.5410462],[10.2210641,45.5410732]]},"properties":{"site":"brescia","name":"","highway":"steps"}},{"type":"Feature","geometry":{"type":"LineString","coordinates":[[10.2210678,45.5411163],[10.2210933,45.5411075]]},"properties":{"site":"brescia","name":"","highway":"footway"}},{"type":"Feature","geometry":{"type":"LineString","coordinates":[[10.2210177,45.5410557],[10.2210399,45.5410462]]},"properties":{"site":"brescia","name":"","highway":"footway"}},{"type":"Feature","geometry":{"type":"LineString","coordinates":[[10.2210641,45.5410732],[10.2210702,45.5410802],[10.2210775,45.5410886]]},"properties":{"site":"brescia","name":"","highway":"footway"}},{"type":"Feature","geometry":{"type":"LineString","coordinates":[[10.2210702,45.5410802],[10.2210952,45.5410697]]},"properties":{"site":"brescia","name":"","highway":"footway"}},{"type":"Feature","geometry":{"type":"LineString","coordinates":[[10.2201817,45.5376975],[10.2201728,45.5376985]]},"properties":{"site":"brescia","name":"","highway":"footway"}},{"type":"Feature","geometry":{"type":"LineString","coordinates":[[10.2201918,45.5377465],[10.2201829,45.5377476]]},"properties":{"site":"brescia","name":"","highway":"footway"}},{"type":"Feature","geometry":{"type":"LineString","coordinates":[[10.2189365,45.5456213],[10.2189623,45.5456768]]},"properties":{"site":"brescia","name":"","highway":"footway"}},{"type":"Feature","geometry":{"type":"LineString","coordinates":[[10.2189271,45.5455996],[10.2189365,45.5456213]]},"properties":{"site":"brescia","name":"","highway":"footway"}},{"type":"Feature","geometry":{"type":"LineString","coordinates":[[10.2200299,45.5341862],[10.2200696,45.5343122]]},"properties":{"site":"brescia","name":"","highway":"footway"}},{"type":"Feature","geometry":{"type":"LineString","coordinates":[[10.2204621,45.5354407],[10.2204608,45.5354302]]},"properties":{"site":"brescia","name":"Via Felice Cavallotti","highway":"pedestrian"}},{"type":"Feature","geometry":{"type":"LineString","coordinates":[[10.2201231,45.5369857],[10.2200635,45.5369205]]},"properties":{"site":"brescia","name":"","highway":"footway"}},{"type":"Feature","geometry":{"type":"LineString","coordinates":[[10.2231649,45.535841],[10.22329,45.5358146]]},"properties":{"site":"brescia","name":"","highway":"footway"}},{"type":"Feature","geometry":{"type":"LineString","coordinates":[[10.2231362,45.535847],[10.2231649,45.535841]]},"properties":{"site":"brescia","name":"","highway":"footway"}},{"type":"Feature","geometry":{"type":"LineString","coordinates":[[10.2242533,45.5310814],[10.2242334,45.5311043],[10.2241912,45.5311265],[10.22414,45.5311395]]},"properties":{"site":"brescia","name":"","highway":"footway"}},{"type":"Feature","geometry":{"type":"LineString","coordinates":[[10.2134034,45.5336811],[10.2133905,45.5336484]]},"properties":{"site":"brescia","name":"","highway":"service"}},{"type":"Feature","geometry":{"type":"LineString","coordinates":[[10.2142842,45.5334417],[10.2144212,45.5333998],[10.2145457,45.533359]]},"properties":{"site":"brescia","name":"","highway":"service"}},{"type":"Feature","geometry":{"type":"LineString","coordinates":[[10.2133905,45.5336484],[10.2134379,45.5336379]]},"properties":{"site":"brescia","name":"","highway":"service"}},{"type":"Feature","geometry":{"type":"LineString","coordinates":[[10.2297775,45.5453229],[10.2298536,45.5453416],[10.2301651,45.5454232]]},"properties":{"site":"brescia","name":"","highway":"pedestrian"}},{"type":"Feature","geometry":{"type":"LineString","coordinates":[[10.2296152,45.5456242],[10.2296939,45.5456434],[10.2299935,45.5457228]]},"properties":{"site":"brescia","name":"","highway":"pedestrian"}},{"type":"Feature","geometry":{"type":"LineString","coordinates":[[10.2357303,45.5412563],[10.2357126,45.5412078],[10.2358353,45.5410364],[10.2358823,45.5408781]]},"properties":{"site":"brescia","name":"","highway":"service"}},{"type":"Feature","geometry":{"type":"LineString","coordinates":[[10.2344845,45.5419775],[10.23445,45.5419429],[10.2344272,45.5419033],[10.2344412,45.5418704],[10.2345009,45.5418277],[10.2346397,45.5417446]]},"properties":{"site":"brescia","name":"","highway":"service"}},{"type":"Feature","geometry":{"type":"LineString","coordinates":[[10.2201352,45.5373701],[10.2200923,45.5371228],[10.220079,45.5370521],[10.2200922,45.5370268]]},"properties":{"site":"brescia","name":"Portici di Via Dieci Giornate","highway":"footway"}},{"type":"Feature","geometry":{"type":"LineString","coordinates":[[10.2182449,45.5340525],[10.2182349,45.5338698],[10.2182141,45.5336955]]},"properties":{"site":"brescia","name":"","highway":"pedestrian"}},{"type":"Feature","geometry":{"type":"LineString","coordinates":[[10.220143,45.5450943],[10.2201481,45.5451074]]},"properties":{"site":"brescia","name":"","highway":"footway"}},{"type":"Feature","geometry":{"type":"LineString","coordinates":[[10.2201481,45.5451074],[10.2201732,45.5451029]]},"properties":{"site":"brescia","name":"","highway":"footway"}},{"type":"Feature","geometry":{"type":"LineString","coordinates":[[10.2347698,45.5418136],[10.2347416,45.5417742],[10.23474,45.5417584],[10.2347712,45.5417424],[10.2347983,45.5417286],[10.2348193,45.5417145],[10.2348312,45.5416964],[10.2348392,45.5416791],[10.2348603,45.5416492],[10.2350756,45.5415417]]},"properties":{"site":"brescia","name":"","highway":"service"}},{"type":"Feature","geometry":{"type":"LineString","coordinates":[[10.2327652,45.5423988],[10.2327523,45.5424138],[10.2327395,45.542432],[10.2327347,45.5425444]]},"properties":{"site":"brescia","name":"","highway":"service"}},{"type":"Feature","geometry":{"type":"LineString","coordinates":[[10.2328035,45.542528],[10.2328359,45.5425239],[10.2331645,45.5424885]]},"properties":{"site":"brescia","name":"","highway":"service"}},{"type":"Feature","geometry":{"type":"LineString","coordinates":[[10.219534,45.5384719],[10.2195446,45.538471]]},"properties":{"site":"brescia","name":"","highway":"steps"}},{"type":"Feature","geometry":{"type":"LineString","coordinates":[[10.2194884,45.5384759],[10.219534,45.5384719]]},"properties":{"site":"brescia","name":"","highway":"footway"}},{"type":"Feature","geometry":{"type":"LineString","coordinates":[[10.2194691,45.5381486],[10.2194796,45.5381474]]},"properties":{"site":"brescia","name":"","highway":"steps"}},{"type":"Feature","geometry":{"type":"LineString","coordinates":[[10.2194691,45.5381486],[10.219438,45.5381521]]},"properties":{"site":"brescia","name":"","highway":"footway"}},{"type":"Feature","geometry":{"type":"LineString","coordinates":[[10.2274926,45.5404507],[10.2271101,45.5404751]]},"properties":{"site":"brescia","name":"","highway":"service"}},{"type":"Feature","geometry":{"type":"LineString","coordinates":[[10.2277424,45.5404339],[10.2274926,45.5404507]]},"properties":{"site":"brescia","name":"","highway":"service"}},{"type":"Feature","geometry":{"type":"LineString","coordinates":[[10.227833,45.5404539],[10.2277424,45.5404339]]},"properties":{"site":"brescia","name":"","highway":"service"}},{"type":"Feature","geometry":{"type":"LineString","coordinates":[[10.2204603,45.5463912],[10.2204238,45.546397],[10.2203775,45.5464039]]},"properties":{"site":"brescia","name":"","highway":"footway"}},{"type":"Feature","geometry":{"type":"LineString","coordinates":[[10.2203775,45.5464039],[10.2203169,45.5464129]]},"properties":{"site":"brescia","name":"","highway":"footway"}},{"type":"Feature","geometry":{"type":"LineString","coordinates":[[10.2202903,45.546334],[10.2202746,45.5462963]]},"properties":{"site":"brescia","name":"","highway":"footway"}},{"type":"Feature","geometry":{"type":"LineString","coordinates":[[10.2202652,45.5462672],[10.2202574,45.546234]]},"properties":{"site":"brescia","name":"","highway":"footway"}},{"type":"Feature","geometry":{"type":"LineString","coordinates":[[10.2198511,45.5448716],[10.2198714,45.5448538]]},"properties":{"site":"brescia","name":"","highway":"footway"}},{"type":"Feature","geometry":{"type":"LineString","coordinates":[[10.2198559,45.5448092],[10.2198165,45.5447991],[10.2198036,45.544788],[10.2197899,45.5447549]]},"properties":{"site":"brescia","name":"","highway":"footway"}},{"type":"Feature","geometry":{"type":"LineString","coordinates":[[10.2197899,45.5447549],[10.2197799,45.5447307],[10.2197696,45.5447076]]},"properties":{"site":"brescia","name":"","highway":"footway"}},{"type":"Feature","geometry":{"type":"LineString","coordinates":[[10.2197696,45.5447076],[10.2197634,45.5446937]]},"properties":{"site":"brescia","name":"","highway":"footway"}},{"type":"Feature","geometry":{"type":"LineString","coordinates":[[10.2199329,45.5445429],[10.2199904,45.5445282]]},"properties":{"site":"brescia","name":"","highway":"footway"}},{"type":"Feature","geometry":{"type":"LineString","coordinates":[[10.2200473,45.5445134],[10.2201213,45.544494]]},"properties":{"site":"brescia","name":"","highway":"footway"}},{"type":"Feature","geometry":{"type":"LineString","coordinates":[[10.2233592,45.5475605],[10.2234016,45.5475504],[10.2234716,45.5475339]]},"properties":{"site":"brescia","name":"","highway":"footway"}},{"type":"Feature","geometry":{"type":"LineString","coordinates":[[10.2235021,45.5475957],[10.2234848,45.5475606],[10.2234716,45.5475339]]},"properties":{"site":"brescia","name":"","highway":"footway"}},{"type":"Feature","geometry":{"type":"LineString","coordinates":[[10.2233592,45.5475605],[10.2233886,45.5476218]]},"properties":{"site":"brescia","name":"","highway":"footway"}},{"type":"Feature","geometry":{"type":"LineString","coordinates":[[10.2229072,45.5466207],[10.2229627,45.5466089],[10.2230098,45.546599]]},"properties":{"site":"brescia","name":"","highway":"footway"}},{"type":"Feature","geometry":{"type":"LineString","coordinates":[[10.2228342,45.5464677],[10.2228877,45.5464542]]},"properties":{"site":"brescia","name":"","highway":"footway"}},{"type":"Feature","geometry":{"type":"LineString","coordinates":[[10.2230104,45.5465275],[10.2230018,45.5465075],[10.2229944,45.5464904]]},"properties":{"site":"brescia","name":"","highway":"footway"}},{"type":"Feature","geometry":{"type":"LineString","coordinates":[[10.2257899,45.5399953],[10.2257893,45.5399433]]},"properties":{"site":"brescia","name":"","highway":"footway"}},{"type":"Feature","geometry":{"type":"LineString","coordinates":[[10.2256359,45.5396427],[10.2255692,45.5396467]]},"properties":{"site":"brescia","name":"","highway":"steps"}},{"type":"Feature","geometry":{"type":"LineString","coordinates":[[10.2256627,45.5396413],[10.2256359,45.5396427]]},"properties":{"site":"brescia","name":"","highway":"footway"}},{"type":"Feature","geometry":{"type":"LineString","coordinates":[[10.2254718,45.5397248],[10.2254709,45.5397038],[10.2254697,45.5396737]]},"properties":{"site":"brescia","name":"","highway":"footway"}},{"type":"Feature","geometry":{"type":"LineString","coordinates":[[10.225473,45.5397539],[10.2254722,45.5397351]]},"properties":{"site":"brescia","name":"","highway":"footway"}},{"type":"Feature","geometry":{"type":"LineString","coordinates":[[10.2254722,45.5397351],[10.2254718,45.5397248]]},"properties":{"site":"brescia","name":"","highway":"steps"}},{"type":"Feature","geometry":{"type":"LineString","coordinates":[[10.2255542,45.5397262],[10.2255197,45.5397256],[10.2254709,45.5397038]]},"properties":{"site":"brescia","name":"","highway":"footway"}},{"type":"Feature","geometry":{"type":"LineString","coordinates":[[10.2255149,45.5400203],[10.2254778,45.5397911]]},"properties":{"site":"brescia","name":"","highway":"footway"}},{"type":"Feature","geometry":{"type":"LineString","coordinates":[[10.225236,45.5481964],[10.2251301,45.5481609],[10.2250376,45.5481242],[10.2249609,45.5480767],[10.2247898,45.5479734],[10.2246894,45.5479415]]},"properties":{"site":"brescia","name":"","highway":"footway"}},{"type":"Feature","geometry":{"type":"LineString","coordinates":[[10.2249609,45.5480767],[10.2249806,45.5480531],[10.2249877,45.5480263],[10.2249813,45.5479993],[10.2249621,45.5479754],[10.2249326,45.5479576],[10.2248961,45.5479479],[10.2248572,45.5479474],[10.2248202,45.5479562],[10.2247898,45.5479734],[10.2247695,45.5479966],[10.224762,45.54802],[10.2247647,45.5480437],[10.2247775,45.5480658],[10.2247991,45.5480843],[10.2248275,45.5480974],[10.2248602,45.548104],[10.2248942,45.5481034],[10.224931,45.5480941],[10.2249609,45.5480767]]},"properties":{"site":"brescia","name":"","highway":"footway"}},{"type":"Feature","geometry":{"type":"LineString","coordinates":[[10.2249813,45.5479993],[10.2251406,45.5479677]]},"properties":{"site":"brescia","name":"","highway":"footway"}},{"type":"Feature","geometry":{"type":"LineString","coordinates":[[10.2203624,45.5462101],[10.2203236,45.546216]]},"properties":{"site":"brescia","name":"","highway":"footway"}},{"type":"Feature","geometry":{"type":"LineString","coordinates":[[10.2203236,45.546216],[10.2203005,45.5462208]]},"properties":{"site":"brescia","name":"","highway":"footway"}},{"type":"Feature","geometry":{"type":"LineString","coordinates":[[10.2301836,45.5421228],[10.2301112,45.5421004],[10.2300795,45.5420907],[10.2298896,45.5420665]]},"properties":{"site":"brescia","name":"","highway":"path"}},{"type":"Feature","geometry":{"type":"LineString","coordinates":[[10.2300041,45.5419238],[10.2300598,45.5419693],[10.2300954,45.5419998],[10.230122,45.5420312],[10.2301287,45.5420685],[10.2301112,45.5421004]]},"properties":{"site":"brescia","name":"","highway":"path"}},{"type":"Feature","geometry":{"type":"LineString","coordinates":[[10.2201461,45.5375286],[10.2201372,45.5375296]]},"properties":{"site":"brescia","name":"","highway":"footway"}},{"type":"Feature","geometry":{"type":"LineString","coordinates":[[10.2134379,45.5336379],[10.2135996,45.5335986],[10.2140048,45.5335057]]},"properties":{"site":"brescia","name":"","highway":"service"}},{"type":"Feature","geometry":{"type":"LineString","coordinates":[[10.2307823,45.5436638],[10.2308247,45.5436682]]},"properties":{"site":"brescia","name":"","highway":"footway"}},{"type":"Feature","geometry":{"type":"LineString","coordinates":[[10.2302621,45.5438207],[10.2303197,45.5437992],[10.2303521,45.5437871]]},"properties":{"site":"brescia","name":"","highway":"footway"}},{"type":"Feature","geometry":{"type":"LineString","coordinates":[[10.2259806,45.5447902],[10.2303168,45.5436393]]},"properties":{"site":"brescia","name":"","highway":"footway"}},{"type":"Feature","geometry":{"type":"LineString","coordinates":[[10.2247887,45.544954],[10.2248785,45.5449631],[10.2250646,45.5449528],[10.2252638,45.5449357],[10.2254826,45.5449025],[10.2259806,45.5447902]]},"properties":{"site":"brescia","name":"","highway":"footway"}},{"type":"Feature","geometry":{"type":"LineString","coordinates":[[10.2259806,45.5447902],[10.2259633,45.5447776],[10.2259496,45.5447692],[10.2258651,45.5447857]]},"properties":{"site":"brescia","name":"","highway":"footway"}},{"type":"Feature","geometry":{"type":"LineString","coordinates":[[10.22591,45.5446614],[10.2259433,45.544607],[10.2260682,45.5445136]]},"properties":{"site":"brescia","name":"","highway":"footway"}},{"type":"Feature","geometry":{"type":"LineString","coordinates":[[10.2258099,45.5446956],[10.225856,45.5446814],[10.22591,45.5446614]]},"properties":{"site":"brescia","name":"","highway":"footway"}},{"type":"Feature","geometry":{"type":"LineString","coordinates":[[10.22591,45.5446614],[10.2257664,45.5446592],[10.2255839,45.5446714]]},"properties":{"site":"brescia","name":"","highway":"footway"}},{"type":"Feature","geometry":{"type":"LineString","coordinates":[[10.2265747,45.5444814],[10.2263891,45.5445192],[10.226186,45.5445737],[10.2260575,45.5446059],[10.22591,45.5446614]]},"properties":{"site":"brescia","name":"","highway":"footway"}},{"type":"Feature","geometry":{"type":"LineString","coordinates":[[10.2241622,45.5428537],[10.2243561,45.5431065]]},"properties":{"site":"brescia","name":"","highway":"pedestrian"}},{"type":"Feature","geometry":{"type":"LineString","coordinates":[[10.2241169,45.5424186],[10.2241725,45.5423726],[10.2243561,45.542312],[10.2246103,45.5422698]]},"properties":{"site":"brescia","name":"","highway":"pedestrian"}},{"type":"Feature","geometry":{"type":"LineString","coordinates":[[10.2244877,45.5416379],[10.2244982,45.5416996]]},"properties":{"site":"brescia","name":"","highway":"service"}},{"type":"Feature","geometry":{"type":"LineString","coordinates":[[10.2242909,45.5408007],[10.2244427,45.540696],[10.2245672,45.5405946],[10.2245705,45.5405514]]},"properties":{"site":"brescia","name":"Vicolo Urbano","highway":"steps"}},{"type":"Feature","geometry":{"type":"LineString","coordinates":[[10.2245705,45.5405514],[10.2246657,45.5405543]]},"properties":{"site":"brescia","name":"Vicolo Urbano","highway":"steps"}},{"type":"Feature","geometry":{"type":"LineString","coordinates":[[10.2246657,45.5405543],[10.2246685,45.540521]]},"properties":{"site":"brescia","name":"Vicolo Urbano","highway":"steps"}},{"type":"Feature","geometry":{"type":"LineString","coordinates":[[10.2246685,45.540521],[10.2246709,45.5404933],[10.2245938,45.5404059]]},"properties":{"site":"brescia","name":"Vicolo Urbano","highway":"steps"}},{"type":"Feature","geometry":{"type":"LineString","coordinates":[[10.230704,45.5436557],[10.2307823,45.5436638]]},"properties":{"site":"brescia","name":"","highway":"footway"}},{"type":"Feature","geometry":{"type":"LineString","coordinates":[[10.2304322,45.5437572],[10.2304799,45.5437394],[10.2305316,45.5437201]]},"properties":{"site":"brescia","name":"","highway":"footway"}},{"type":"Feature","geometry":{"type":"LineString","coordinates":[[10.2303521,45.5437871],[10.2303845,45.543775]]},"properties":{"site":"brescia","name":"","highway":"footway"}},{"type":"Feature","geometry":{"type":"LineString","coordinates":[[10.2303845,45.543775],[10.2304322,45.5437572]]},"properties":{"site":"brescia","name":"","highway":"footway"}},{"type":"Feature","geometry":{"type":"LineString","coordinates":[[10.2257548,45.5435982],[10.225469,45.5436677],[10.2254078,45.5436763],[10.2253117,45.543691],[10.225122,45.5437205],[10.2250042,45.543765],[10.2249326,45.5437725],[10.2248721,45.5437447]]},"properties":{"site":"brescia","name":"","highway":"footway"}},{"type":"Feature","geometry":{"type":"LineString","coordinates":[[10.2259464,45.5435516],[10.2257548,45.5435982]]},"properties":{"site":"brescia","name":"","highway":"steps"}},{"type":"Feature","geometry":{"type":"LineString","coordinates":[[10.2259889,45.5435413],[10.2259464,45.5435516]]},"properties":{"site":"brescia","name":"","highway":"footway"}},{"type":"Feature","geometry":{"type":"LineString","coordinates":[[10.2174658,45.5374785],[10.2175441,45.5375993],[10.2175616,45.5375941]]},"properties":{"site":"brescia","name":"","highway":"steps"}},{"type":"Feature","geometry":{"type":"LineString","coordinates":[[10.2174985,45.5374628],[10.2175767,45.5375896],[10.2175616,45.5375941]]},"properties":{"site":"brescia","name":"","highway":"steps"}},{"type":"Feature","geometry":{"type":"LineString","coordinates":[[10.2181468,45.5405674],[10.2181159,45.5403043]]},"properties":{"site":"brescia","name":"Corso Goffredo Mameli","highway":"pedestrian"}},{"type":"Feature","geometry":{"type":"LineString","coordinates":[[10.2284987,45.5466],[10.2284774,45.5466667],[10.2283942,45.5469283],[10.2284297,45.546957],[10.2285504,45.5469678],[10.2285323,45.5472683],[10.2286919,45.547281],[10.2286925,45.5472654]]},"properties":{"site":"brescia","name":"","highway":"service"}},{"type":"Feature","geometry":{"type":"LineString","coordinates":[[10.2126356,45.5365402],[10.2125631,45.5365415]]},"properties":{"site":"brescia","name":"Corso Giacomo Matteotti","highway":"service"}},{"type":"Feature","geometry":{"type":"LineString","coordinates":[[10.2144278,45.5442934],[10.2143716,45.5443055]]},"properties":{"site":"brescia","name":"","highway":"pedestrian"}},{"type":"Feature","geometry":{"type":"LineString","coordinates":[[10.2149257,45.5451972],[10.2149606,45.5452932]]},"properties":{"site":"brescia","name":"","highway":"service"}},{"type":"Feature","geometry":{"type":"LineString","coordinates":[[10.2129963,45.5437737],[10.2132121,45.5441764]]},"properties":{"site":"brescia","name":"","highway":"service"}},{"type":"Feature","geometry":{"type":"LineString","coordinates":[[10.2132121,45.5441764],[10.2132376,45.5442309]]},"properties":{"site":"brescia","name":"","highway":"steps"}},{"type":"Feature","geometry":{"type":"LineString","coordinates":[[10.2132376,45.5442309],[10.213173,45.5442472]]},"properties":{"site":"brescia","name":"","highway":"footway"}},{"type":"Feature","geometry":{"type":"LineString","coordinates":[[10.2155065,45.5373687],[10.2154653,45.5373968]]},"properties":{"site":"brescia","name":"Vicolo della Luna","highway":"pedestrian"}},{"type":"Feature","geometry":{"type":"LineString","coordinates":[[10.2151151,45.5375646],[10.215018,45.5375975]]},"properties":{"site":"brescia","name":"Vicolo della Luna","highway":"pedestrian"}},{"type":"Feature","geometry":{"type":"LineString","coordinates":[[10.218349,45.5389923],[10.2184154,45.538982]]},"properties":{"site":"brescia","name":"","highway":"footway"}},{"type":"Feature","geometry":{"type":"LineString","coordinates":[[10.2189076,45.5401936],[10.2186555,45.5402218]]},"properties":{"site":"brescia","name":"","highway":"footway"}},{"type":"Feature","geometry":{"type":"LineString","coordinates":[[10.2198598,45.5428179],[10.2198847,45.5428095]]},"properties":{"site":"brescia","name":"Vicolo delle Ventole","highway":"footway"}},{"type":"Feature","geometry":{"type":"LineString","coordinates":[[10.2197622,45.5438383],[10.2197071,45.5438465],[10.2196719,45.5438529]]},"properties":{"site":"brescia","name":"Via San Faustino","highway":"service"}},{"type":"Feature","geometry":{"type":"LineString","coordinates":[[10.2199984,45.5444376],[10.2199049,45.5444538],[10.2198756,45.5444583]]},"properties":{"site":"brescia","name":"Via San Faustino","highway":"service"}},{"type":"Feature","geometry":{"type":"LineString","coordinates":[[10.2195258,45.5405955],[10.219694,45.5405936]]},"properties":{"site":"brescia","name":"","highway":"footway"}},{"type":"Feature","geometry":{"type":"LineString","coordinates":[[10.2186322,45.5395092],[10.2188622,45.5394801]]},"properties":{"site":"brescia","name":"Corsetto Sant'Agata","highway":"footway"}},{"type":"Feature","geometry":{"type":"LineString","coordinates":[[10.2185573,45.5395187],[10.2186322,45.5395092]]},"properties":{"site":"brescia","name":"Corsetto Sant'Agata","highway":"footway"}},{"type":"Feature","geometry":{"type":"LineString","coordinates":[[10.2174709,45.5451422],[10.2174802,45.5451678]]},"properties":{"site":"brescia","name":"","highway":"footway"}},{"type":"Feature","geometry":{"type":"LineString","coordinates":[[10.2174802,45.5451678],[10.2173923,45.5451842]]},"properties":{"site":"brescia","name":"","highway":"steps"}},{"type":"Feature","geometry":{"type":"LineString","coordinates":[[10.2173923,45.5451842],[10.217406,45.545215]]},"properties":{"site":"brescia","name":"","highway":"footway"}},{"type":"Feature","geometry":{"type":"LineString","coordinates":[[10.2136128,45.5441551],[10.2135877,45.5441012]]},"properties":{"site":"brescia","name":"","highway":"service"}},{"type":"Feature","geometry":{"type":"LineString","coordinates":[[10.2152729,45.532222],[10.2151476,45.5321717]]},"properties":{"site":"brescia","name":"","highway":"footway"}},{"type":"Feature","geometry":{"type":"LineString","coordinates":[[10.2150493,45.5318909],[10.215064,45.531901]]},"properties":{"site":"brescia","name":"","highway":"footway"}},{"type":"Feature","geometry":{"type":"LineString","coordinates":[[10.2148357,45.5319009],[10.2148541,45.5319352],[10.2150493,45.5318909]]},"properties":{"site":"brescia","name":"","highway":"steps"}},{"type":"Feature","geometry":{"type":"LineString","coordinates":[[10.2148137,45.5320682],[10.2145696,45.5320322]]},"properties":{"site":"brescia","name":"","highway":"footway"}},{"type":"Feature","geometry":{"type":"LineString","coordinates":[[10.2161034,45.5421902],[10.2161114,45.5422097],[10.2161508,45.5423052]]},"properties":{"site":"brescia","name":"","highway":"service"}},{"type":"Feature","geometry":{"type":"LineString","coordinates":[[10.2128949,45.5428337],[10.2129293,45.5429106],[10.2129454,45.5429466],[10.2129593,45.5429775],[10.2129724,45.5430069],[10.2130226,45.5431189]]},"properties":{"site":"brescia","name":"","highway":"service"}},{"type":"Feature","geometry":{"type":"LineString","coordinates":[[10.2143017,45.5334764],[10.2142842,45.5334417]]},"properties":{"site":"brescia","name":"","highway":"service"}},{"type":"Feature","geometry":{"type":"LineString","coordinates":[[10.2140048,45.5335057],[10.2142842,45.5334417]]},"properties":{"site":"brescia","name":"","highway":"service"}},{"type":"Feature","geometry":{"type":"LineString","coordinates":[[10.2144212,45.5333998],[10.2144039,45.5333594],[10.2143828,45.5333097],[10.2143643,45.5332659],[10.214353,45.5332256],[10.2143586,45.5331569],[10.2144139,45.5330969],[10.2144974,45.5330534],[10.214591,45.5330273],[10.2146936,45.5330187],[10.2148075,45.5330321],[10.2148887,45.5330645],[10.2149383,45.5331087],[10.2149597,45.5331403],[10.2149747,45.5331737],[10.2149955,45.5332201],[10.2150098,45.5332534]]},"properties":{"site":"brescia","name":"","highway":"service"}},{"type":"Feature","geometry":{"type":"LineString","coordinates":[[10.2150098,45.5332534],[10.2150288,45.5333116]]},"properties":{"site":"brescia","name":"","highway":"service"}},{"type":"Feature","geometry":{"type":"LineString","coordinates":[[10.2222537,45.545261],[10.2222218,45.5452623],[10.2214327,45.5452958]]},"properties":{"site":"brescia","name":"","highway":"footway"}},{"type":"Feature","geometry":{"type":"LineString","coordinates":[[10.222082,45.5339048],[10.2220861,45.5339391],[10.2220855,45.5339763],[10.222085,45.5340456],[10.2221393,45.5341391],[10.2217564,45.5341743],[10.2217323,45.5340789],[10.222085,45.5340456]]},"properties":{"site":"brescia","name":"","highway":"service"}},{"type":"Feature","geometry":{"type":"LineString","coordinates":[[10.2220383,45.5339071],[10.2220347,45.5338771]]},"properties":{"site":"brescia","name":"","highway":"service"}},{"type":"Feature","geometry":{"type":"LineString","coordinates":[[10.2337262,45.5427748],[10.2337359,45.5427916],[10.2337545,45.542808]]},"properties":{"site":"brescia","name":"Via Paolo Olini","highway":"footway"}},{"type":"Feature","geometry":{"type":"LineString","coordinates":[[10.2356354,45.542349],[10.2356615,45.542382],[10.2356861,45.5424141]]},"properties":{"site":"brescia","name":"","highway":"steps"}},{"type":"Feature","geometry":{"type":"LineString","coordinates":[[10.2151162,45.5326028],[10.2149986,45.5323236],[10.2149765,45.5322712]]},"properties":{"site":"brescia","name":"","highway":"footway"}},{"type":"Feature","geometry":{"type":"LineString","coordinates":[[10.231,45.5363146],[10.2309293,45.5363172],[10.2308366,45.5363205]]},"properties":{"site":"brescia","name":"Piazzale Arnaldo","highway":"pedestrian"}},{"type":"Feature","geometry":{"type":"LineString","coordinates":[[10.2157758,45.5407004],[10.2157906,45.5407119],[10.2158289,45.5407417]]},"properties":{"site":"brescia","name":"Via delle Battaglie","highway":"pedestrian"}}]}