{"type":"FeatureCollection","features":[{"type":"Feature","geometry":{"type":"Polygon","coordinates":[[[14.2529025,41.0818526],[14.2529473,41.0813846],[14.2527056,41.0813714],[14.2526607,41.0818395],[14.2529025,41.0818526]]]},"properties":{"site":"capua","name":null,"category":"other","historic":null,"building":"yes","osm_id":147067331}},{"type":"Feature","geometry":{"type":"Polygon","coordinates":[[[14.2657497,41.0839637],[14.2657546,41.0840894],[14.2659869,41.0840804],[14.2659891,41.0841375],[14.2661589,41.0841309],[14.2661567,41.0840761],[14.266375,41.0840677],[14.26637,41.0839397],[14.2657497,41.0839637]]]},"properties":{"site":"capua","name":null,"category":"other","historic":null,"building":"yes","osm_id":147067332}},{"type":"Feature","geometry":{"type":"Polygon","coordinates":[[[14.2642205,41.0829761],[14.2642268,41.0830974],[14.2645928,41.0830867],[14.2645865,41.0829654],[14.2642205,41.0829761]]]},"properties":{"site":"capua","name":null,"category":"other","historic":null,"building":"yes","osm_id":203134829}},{"type":"Feature","geometry":{"type":"Polygon","coordinates":[[[14.2663526,41.0830685],[14.2663589,41.0831713],[14.2668671,41.0831536],[14.2668607,41.0830507],[14.2663526,41.0830685]]]},"properties":{"site":"capua","name":null,"category":"other","historic":null,"building":"yes","osm_id":203134830}},{"type":"Feature","geometry":{"type":"Polygon","coordinates":[[[14.2651409,41.0833492],[14.265147,41.0834524],[14.2656764,41.0834347],[14.2656703,41.0833314],[14.2651409,41.0833492]]]},"properties":{"site":"capua","name":null,"category":"other","historic":null,"building":"yes","osm_id":203134831}},{"type":"Feature","geometry":{"type":"Polygon","coordinates":[[[14.2648566,41.0831431],[14.2649061,41.0836776],[14.2651087,41.083667],[14.2650592,41.0831325],[14.2648566,41.0831431]]]},"properties":{"site":"capua","name":null,"category":"other","historic":null,"building":"yes","osm_id":203134832}},{"type":"Feature","geometry":{"type":"Polygon","coordinates":[[[14.2657805,41.0832959],[14.2657852,41.0834094],[14.26624,41.0833988],[14.2662353,41.0832853],[14.2657805,41.0832959]]]},"properties":{"site":"capua","name":null,"category":"other","historic":null,"building":"yes","osm_id":203134833}},{"type":"Feature","geometry":{"type":"Polygon","coordinates":[[[14.2641566,41.0822654],[14.2641623,41.0823756],[14.2645212,41.082365],[14.2645155,41.0822548],[14.2641566,41.0822654]]]},"properties":{"site":"capua","name":null,"category":"other","historic":null,"building":"yes","osm_id":203134834}},{"type":"Feature","geometry":{"type":"Polygon","coordinates":[[[14.2663633,41.0832817],[14.2663735,41.0833881],[14.2668958,41.0833597],[14.2668856,41.0832533],[14.2663633,41.0832817]]]},"properties":{"site":"capua","name":null,"category":"other","historic":null,"building":"yes","osm_id":203134835}},{"type":"Feature","geometry":{"type":"Polygon","coordinates":[[[14.2651267,41.0831147],[14.2651324,41.0832352],[14.2656583,41.0832209],[14.2656526,41.0831005],[14.2651267,41.0831147]]]},"properties":{"site":"capua","name":null,"category":"other","historic":null,"building":"yes","osm_id":203134836}},{"type":"Feature","geometry":{"type":"Polygon","coordinates":[[[14.2561727,41.0800473],[14.2562043,41.080046],[14.2561877,41.0798184],[14.2561516,41.0798199],[14.2561481,41.0797705],[14.2560129,41.0797761],[14.2560165,41.0798251],[14.2555399,41.0798448],[14.2555565,41.0800734],[14.2560386,41.0800534],[14.2560416,41.080095],[14.2561046,41.0800924],[14.2561757,41.0800894],[14.2561727,41.0800473]]]},"properties":{"site":"capua","name":"Teatro Garibaldi","category":"theater","historic":null,"building":"public","osm_id":231099792}},{"type":"Feature","geometry":{"type":"Polygon","coordinates":[[[14.253034,41.0911116],[14.2523308,41.0910897],[14.2523641,41.0904841],[14.2529018,41.0905009],[14.2528857,41.0907947],[14.2530511,41.0907999],[14.253034,41.0911116]]]},"properties":{"site":"capua","name":"Globo","category":"other","historic":null,"building":"yes","osm_id":232658798}},{"type":"Feature","geometry":{"type":"Polygon","coordinates":[[[14.2519797,41.080239],[14.2520947,41.080237],[14.2520931,41.0801861],[14.2519782,41.0801881],[14.2519797,41.080239]]]},"properties":{"site":"capua","name":"Mitreo di Santa Maria Capua Vetere","category":"mithraeum","historic":"building","building":"yes","osm_id":386629375}},{"type":"Feature","geometry":{"type":"Polygon","coordinates":[[[14.2613789,41.08128],[14.2614178,41.0808531],[14.2616036,41.0808291],[14.2618461,41.0808291],[14.2619469,41.0808171],[14.2623433,41.0807557],[14.2621894,41.0812906],[14.2613789,41.08128]]]},"properties":{"site":"capua","name":"Domus di Via degli Orti","category":"domus","historic":"archaeological_site","building":null,"osm_id":411394192}},{"type":"Feature","geometry":{"type":"Polygon","coordinates":[[[14.2504202,41.0893196],[14.2503853,41.0895823],[14.2506628,41.0896033],[14.2506976,41.0893405],[14.2504202,41.0893196]]]},"properties":{"site":"capua","name":null,"category":"other","historic":null,"building":"yes","osm_id":430063199}},{"type":"Feature","geometry":{"type":"Polygon","coordinates":[[[14.2514945,41.0890313],[14.2517362,41.0890391],[14.2517488,41.0888167],[14.2515071,41.0888089],[14.2514945,41.0890313]]]},"properties":{"site":"capua","name":null,"category":"other","historic":null,"building":"yes","osm_id":430063207}},{"type":"Feature","geometry":{"type":"Polygon","coordinates":[[[14.250236,41.0889128],[14.2506915,41.0889369],[14.2507325,41.0882754],[14.2502653,41.0882589],[14.250236,41.0889128]]]},"properties":{"site":"capua","name":"Piscina comunale","category":"other","historic":null,"building":"yes","osm_id":430063212}},{"type":"Feature","geometry":{"type":"Polygon","coordinates":[[[14.2632911,41.0913269],[14.2640279,41.0913244],[14.264024,41.0906675],[14.2632872,41.09067],[14.2632911,41.0913269]]]},"properties":{"site":"capua","name":"Parrocchia Immacolata Concezione di Maria Vergine","category":"other","historic":null,"building":"church","osm_id":517303527}},{"type":"Feature","geometry":{"type":"Polygon","coordinates":[[[14.2655934,41.0900479],[14.265556,41.0901022],[14.2656289,41.0901308],[14.2656663,41.0900765],[14.2655934,41.0900479]]]},"properties":{"site":"capua","name":null,"category":"other","historic":null,"building":"yes","osm_id":523235688}},{"type":"Feature","geometry":{"type":"Polygon","coordinates":[[[14.2670768,41.0897485],[14.2669254,41.089749],[14.2669018,41.0897462],[14.2668457,41.0897281],[14.2667997,41.0897005],[14.2667672,41.0896748],[14.2667674,41.0895534],[14.2668041,41.0895551],[14.2668059,41.0895375],[14.2668253,41.0895199],[14.2668556,41.0895094],[14.2669058,41.0895105],[14.2669256,41.0895191],[14.2669524,41.089557],[14.2669582,41.0895842],[14.2669869,41.0895946],[14.2670111,41.0896105],[14.2670218,41.089637],[14.2670184,41.0896576],[14.2670463,41.0896856],[14.2670627,41.0897062],[14.267073,41.0897293],[14.2670768,41.0897485]]]},"properties":{"site":"capua","name":"Circolo Villani","category":"amphitheater","historic":null,"building":"public","osm_id":545927728}},{"type":"Feature","geometry":{"type":"Polygon","coordinates":[[[14.2671047,41.0871878],[14.2672232,41.087189],[14.2672259,41.0870282],[14.2669998,41.087026],[14.2669986,41.0870959],[14.2671063,41.087097],[14.2671047,41.0871878]]]},"properties":{"site":"capua","name":null,"category":"other","historic":null,"building":"house","osm_id":545927731}},{"type":"Feature","geometry":{"type":"Polygon","coordinates":[[[14.2670924,41.0869578],[14.2672149,41.0869583],[14.267216,41.0868179],[14.267005,41.086817],[14.2670042,41.0869255],[14.2670926,41.0869259],[14.2670924,41.0869578]]]},"properties":{"site":"capua","name":null,"category":"other","historic":null,"building":"house","osm_id":545927732}},{"type":"Feature","geometry":{"type":"Polygon","coordinates":[[[14.267016,41.0867697],[14.2671901,41.086771],[14.2671919,41.0866391],[14.2670177,41.0866378],[14.267016,41.0867697]]]},"properties":{"site":"capua","name":null,"category":"other","historic":null,"building":"house","osm_id":545927733}},{"type":"Feature","geometry":{"type":"Polygon","coordinates":[[[14.2670442,41.0864921],[14.2671719,41.0864923],[14.2671724,41.0863291],[14.2670447,41.0863289],[14.2670442,41.0864921]]]},"properties":{"site":"capua","name":null,"category":"other","historic":null,"building":"house","osm_id":545927735}},{"type":"Feature","geometry":{"type":"Polygon","coordinates":[[[14.2667333,41.0866602],[14.2669443,41.0866594],[14.266944,41.0866005],[14.266991,41.0866004],[14.2669899,41.0864409],[14.2669178,41.0864411],[14.2669173,41.0863641],[14.2668421,41.0863644],[14.2667316,41.0864007],[14.2667333,41.0866602]]]},"properties":{"site":"capua","name":null,"category":"other","historic":null,"building":"house","osm_id":545927736}},{"type":"Feature","geometry":{"type":"Polygon","coordinates":[[[14.2673288,41.0877192],[14.26769,41.0877226],[14.2676941,41.0874787],[14.267519,41.087477],[14.26752,41.0874185],[14.2673338,41.0874167],[14.2673288,41.0877192]]]},"properties":{"site":"capua","name":null,"category":"other","historic":null,"building":"house","osm_id":545927737}},{"type":"Feature","geometry":{"type":"Polygon","coordinates":[[[14.2673209,41.0873126],[14.2674464,41.0873135],[14.2674485,41.0871482],[14.267323,41.0871473],[14.2673209,41.0873126]]]},"properties":{"site":"capua","name":null,"category":"other","historic":null,"building":"house","osm_id":545927739}},{"type":"Feature","geometry":{"type":"Polygon","coordinates":[[[14.2673247,41.0870461],[14.2674402,41.0870466],[14.2674416,41.0868821],[14.267326,41.0868816],[14.2673247,41.0870461]]]},"properties":{"site":"capua","name":null,"category":"other","historic":null,"building":"house","osm_id":545927741}},{"type":"Feature","geometry":{"type":"Polygon","coordinates":[[[14.267432,41.086754],[14.2674979,41.0867549],[14.2675017,41.0865952],[14.2673477,41.0865931],[14.2673453,41.086693],[14.2674335,41.0866942],[14.267432,41.086754]]]},"properties":{"site":"capua","name":null,"category":"other","historic":null,"building":"house","osm_id":545927743}},{"type":"Feature","geometry":{"type":"Polygon","coordinates":[[[14.2673425,41.0863839],[14.2674984,41.0863843],[14.2674987,41.0863205],[14.2677507,41.0863211],[14.2677513,41.0861817],[14.2677215,41.0861454],[14.2676609,41.0861452],[14.2676606,41.0862094],[14.2674965,41.086209],[14.2674964,41.086243],[14.2673431,41.0862426],[14.2673425,41.0863839]]]},"properties":{"site":"capua","name":null,"category":"other","historic":null,"building":"house","osm_id":545927744}},{"type":"Feature","geometry":{"type":"Polygon","coordinates":[[[14.2678041,41.0876942],[14.2679364,41.087694],[14.2679359,41.0875382],[14.2678037,41.0875384],[14.2678041,41.0876942]]]},"properties":{"site":"capua","name":null,"category":"other","historic":null,"building":"house","osm_id":545927745}},{"type":"Feature","geometry":{"type":"Polygon","coordinates":[[[14.2678331,41.0874523],[14.2682101,41.0874516],[14.2682097,41.0873041],[14.2678326,41.0873048],[14.2678331,41.0874523]]]},"properties":{"site":"capua","name":null,"category":"other","historic":null,"building":"house","osm_id":545927746}},{"type":"Feature","geometry":{"type":"Polygon","coordinates":[[[14.2678213,41.0872165],[14.2681685,41.0872183],[14.2681697,41.0870929],[14.2678225,41.0870911],[14.2678213,41.0872165]]]},"properties":{"site":"capua","name":null,"category":"other","historic":null,"building":"house","osm_id":545927748}},{"type":"Feature","geometry":{"type":"Polygon","coordinates":[[[14.2680316,41.0877206],[14.2681949,41.0877195],[14.2681929,41.0875497],[14.2680296,41.0875508],[14.2680316,41.0877206]]]},"properties":{"site":"capua","name":null,"category":"other","historic":null,"building":"house","osm_id":545927749}},{"type":"Feature","geometry":{"type":"Polygon","coordinates":[[[14.2682744,41.0877552],[14.2684792,41.0877559],[14.2684027,41.0875379],[14.2682757,41.0875375],[14.2682744,41.0877552]]]},"properties":{"site":"capua","name":null,"category":"other","historic":null,"building":"house","osm_id":545927750}},{"type":"Feature","geometry":{"type":"Polygon","coordinates":[[[14.2575395,41.0898265],[14.2575489,41.0895718],[14.2577574,41.0895728],[14.2577487,41.089448],[14.2581417,41.0894571],[14.257972,41.0897977],[14.2579445,41.0898124],[14.2579244,41.0898149],[14.2575395,41.0898265]]]},"properties":{"site":"capua","name":null,"category":"archaeological","historic":"archaeological_site","building":null,"osm_id":553843671}},{"type":"Feature","geometry":{"type":"Polygon","coordinates":[[[14.2722323,41.0809523],[14.2722661,41.0809578],[14.2723005,41.0809552],[14.2723321,41.0809446],[14.2723579,41.0809272],[14.2723751,41.0809046],[14.2723823,41.0808791],[14.2723786,41.0808531],[14.2723644,41.0808294],[14.2723411,41.0808101],[14.272311,41.0807972],[14.2722774,41.080792],[14.2722432,41.0807948],[14.2722186,41.0808036],[14.2721963,41.0808162],[14.2721865,41.0808228],[14.2721694,41.0808453],[14.2721623,41.0808706],[14.2721658,41.0808963],[14.2721797,41.08092],[14.2722026,41.0809393],[14.2722323,41.0809523]]]},"properties":{"site":"capua","name":"Carceri Vecchie","category":"other","historic":"tomb","building":"yes","osm_id":568280643}},{"type":"Feature","geometry":{"type":"Polygon","coordinates":[[[14.2719777,41.0808291],[14.2722112,41.0811346],[14.2726172,41.080949],[14.27238,41.0806519],[14.2722011,41.0807307],[14.2721469,41.0807546],[14.2719777,41.0808291]]]},"properties":{"site":"capua","name":null,"category":"archaeological","historic":"archaeological_site","building":null,"osm_id":568280647}},{"type":"Feature","geometry":{"type":"Polygon","coordinates":[[[14.251501,41.0910655],[14.251525,41.0905355],[14.2517726,41.0905419],[14.251762,41.0907777],[14.2520405,41.0907849],[14.2520272,41.0910791],[14.251501,41.0910655]]]},"properties":{"site":"capua","name":"Centro Carni","category":"other","historic":null,"building":"retail","osm_id":572092960}},{"type":"Feature","geometry":{"type":"Polygon","coordinates":[[[14.2553277,41.0759007],[14.2553172,41.0758368],[14.2553796,41.0756468],[14.2553832,41.0755973],[14.2554795,41.0756041],[14.2555021,41.0755204],[14.2554947,41.0755099],[14.2555133,41.0754418],[14.2555493,41.0754266],[14.2556486,41.0754438],[14.2556714,41.0754731],[14.2556526,41.0755348],[14.2556284,41.0755449],[14.2557129,41.075557],[14.2557089,41.0755985],[14.2557827,41.0756066],[14.2557853,41.0755904],[14.2558296,41.0755944],[14.2558323,41.0755581],[14.255949,41.0755641],[14.2559516,41.0755338],[14.25589,41.0755277],[14.2559007,41.075463],[14.2561702,41.0754782],[14.2562653,41.075489],[14.2562561,41.0755479],[14.2562107,41.0757793],[14.2561486,41.0760147],[14.256087,41.0760046],[14.2560682,41.0760595],[14.25602,41.0760534],[14.2560107,41.0760929],[14.2559127,41.0760757],[14.2559064,41.0761002],[14.2557974,41.0760888],[14.2558055,41.0760544],[14.2557438,41.0760443],[14.2557344,41.0760817],[14.2556616,41.0760696],[14.2556633,41.0760615],[14.25556,41.0760464],[14.2555802,41.0759594],[14.2554715,41.0759402],[14.2554729,41.0759281],[14.2553277,41.0759007]]]},"properties":{"site":"capua","name":"Basilica di Santa Maria Maggiore","category":"basilica","historic":null,"building":"church","osm_id":610581356}},{"type":"Feature","geometry":{"type":"Polygon","coordinates":[[[14.2601552,41.0864376],[14.2601981,41.0858909],[14.2607741,41.0859166],[14.2607622,41.0860684],[14.2605581,41.0860592],[14.260527,41.0864542],[14.2601552,41.0864376]]]},"properties":{"site":"capua","name":"MD","category":"other","historic":null,"building":"retail","osm_id":610606033}},{"type":"Feature","geometry":{"type":"Polygon","coordinates":[[[14.2508508,41.0852934],[14.2508525,41.085238],[14.2508069,41.0852372],[14.2508119,41.085078],[14.250857,41.0850788],[14.2508583,41.0850396],[14.2509908,41.085042],[14.2509876,41.0851429],[14.2510049,41.0851432],[14.2510031,41.0851991],[14.2509777,41.0851986],[14.2509745,41.0852957],[14.2508508,41.0852934]]]},"properties":{"site":"capua","name":"Museo dei Gladiatori","category":"other","historic":null,"building":"yes","osm_id":610606038}},{"type":"Feature","geometry":{"type":"Polygon","coordinates":[[[14.2583291,41.0778849],[14.2583219,41.0777587],[14.2587267,41.077752],[14.2587306,41.0779367],[14.2584166,41.0779348],[14.2583291,41.0778849]]]},"properties":{"site":"capua","name":"Domus Romana","category":"domus","historic":"archaeological_site","building":null,"osm_id":610610963}},{"type":"Feature","geometry":{"type":"Polygon","coordinates":[[[14.2583568,41.0855017],[14.2586491,41.0855048],[14.2586532,41.0852923],[14.258563,41.0852913],[14.2585603,41.0854297],[14.2585268,41.0854293],[14.2585279,41.0853717],[14.2584803,41.0853711],[14.2584791,41.0854286],[14.258452,41.0854283],[14.258454,41.0853193],[14.2583603,41.0853183],[14.2583568,41.0855017]]]},"properties":{"site":"capua","name":null,"category":"other","historic":null,"building":"apartments","osm_id":610629429}},{"type":"Feature","geometry":{"type":"Polygon","coordinates":[[[14.2584531,41.0857494],[14.2584958,41.0857502],[14.2584955,41.0857592],[14.2585343,41.0857599],[14.2585346,41.0857509],[14.2585996,41.0857521],[14.258599,41.0857694],[14.2586439,41.0857702],[14.2586435,41.0857825],[14.2587453,41.0857843],[14.2587475,41.0857148],[14.2587307,41.0857145],[14.2587329,41.0856446],[14.2587497,41.0856449],[14.2587522,41.0855654],[14.2586554,41.0855637],[14.2586551,41.0855721],[14.2586238,41.0855716],[14.2586233,41.0855876],[14.2585529,41.0855864],[14.2585534,41.0855703],[14.2585129,41.0855696],[14.2585131,41.0855611],[14.2584387,41.0855598],[14.2584367,41.0856246],[14.2584483,41.0856248],[14.258446,41.0856959],[14.2584548,41.0856961],[14.2584531,41.0857494]]]},"properties":{"site":"capua","name":null,"category":"other","historic":null,"building":"apartments","osm_id":610629430}},{"type":"Feature","geometry":{"type":"Polygon","coordinates":[[[14.2583858,41.085938],[14.258388,41.0858257],[14.2584944,41.0858269],[14.2584941,41.0858406],[14.2585545,41.0858413],[14.2585547,41.0858276],[14.2586204,41.0858283],[14.2586202,41.0858387],[14.2586687,41.0858392],[14.2586926,41.0858602],[14.2586912,41.0859355],[14.258583,41.0859343],[14.2585829,41.0859402],[14.2583858,41.085938]]]},"properties":{"site":"capua","name":null,"category":"other","historic":null,"building":"apartments","osm_id":610629431}},{"type":"Feature","geometry":{"type":"Polygon","coordinates":[[[14.2589511,41.0858473],[14.2590417,41.0858039],[14.2590449,41.0857849],[14.2590979,41.0857601],[14.2591243,41.0857643],[14.259166,41.0857443],[14.259171,41.0857272],[14.2592192,41.085703],[14.2592446,41.0857067],[14.2593254,41.085668],[14.2593513,41.0856853],[14.2593655,41.0857019],[14.2593721,41.0857242],[14.2593688,41.085749],[14.2593596,41.0857672],[14.2593359,41.085786],[14.2593137,41.0857947],[14.2592816,41.0858001],[14.2591163,41.0858761],[14.2591046,41.0858915],[14.259078,41.0859061],[14.2590496,41.0859112],[14.2590222,41.0859101],[14.2589919,41.0859016],[14.2589732,41.0858885],[14.2589584,41.0858718],[14.2589511,41.0858473]]]},"properties":{"site":"capua","name":null,"category":"other","historic":null,"building":"apartments","osm_id":610629432}},{"type":"Feature","geometry":{"type":"Polygon","coordinates":[[[14.2589512,41.0863454],[14.2590505,41.0863448],[14.2590518,41.0864806],[14.2589438,41.0864812],[14.2589433,41.0864254],[14.2587764,41.0864263],[14.2587759,41.0863745],[14.2587853,41.0863745],[14.2587848,41.0863176],[14.2589509,41.0863167],[14.2589512,41.0863454]]]},"properties":{"site":"capua","name":null,"category":"other","historic":null,"building":"apartments","osm_id":610630323}},{"type":"Feature","geometry":{"type":"Polygon","coordinates":[[[14.2594707,41.086326],[14.2595293,41.0862796],[14.259529,41.0862627],[14.2595505,41.0862625],[14.2595495,41.0862039],[14.2595077,41.0861731],[14.259492,41.0861853],[14.2594747,41.0861725],[14.2594538,41.0861852],[14.259405,41.0861493],[14.259295,41.0861503],[14.2592328,41.0861983],[14.2591393,41.0861295],[14.259157,41.0861158],[14.2591213,41.0860896],[14.2591836,41.0860495],[14.259183,41.0860112],[14.2595087,41.0860083],[14.2595095,41.0860539],[14.2595202,41.0860618],[14.2595404,41.0860462],[14.2595745,41.0860713],[14.2595911,41.0860585],[14.2596128,41.0860744],[14.2596325,41.0860592],[14.2596754,41.0860908],[14.2596613,41.0861017],[14.2596718,41.0861094],[14.2597154,41.086109],[14.2597284,41.0861255],[14.2597302,41.0862386],[14.2597142,41.0862387],[14.2597159,41.0863472],[14.259694,41.0863642],[14.2596802,41.0863643],[14.259622,41.0864092],[14.2595829,41.0863804],[14.2595643,41.0863949],[14.2594707,41.086326]]]},"properties":{"site":"capua","name":null,"category":"other","historic":null,"building":"apartments","osm_id":610630324}},{"type":"Feature","geometry":{"type":"Polygon","coordinates":[[[14.2563351,41.0795566],[14.2563151,41.0793527],[14.256511,41.0793367],[14.2565189,41.0793927],[14.2564834,41.0793956],[14.2564867,41.0794553],[14.256511,41.0794551],[14.2565185,41.079529],[14.2564067,41.0795478],[14.2563351,41.0795566]]]},"properties":{"site":"capua","name":null,"category":"other","historic":null,"building":"apartments","osm_id":610641444}},{"type":"Feature","geometry":{"type":"Polygon","coordinates":[[[14.2563151,41.0793527],[14.2563009,41.0792003],[14.2564341,41.0791916],[14.2564383,41.0792439],[14.256547,41.079239],[14.2565429,41.0791868],[14.2565739,41.0791854],[14.2565711,41.0791541],[14.2566525,41.0791518],[14.2566539,41.0791609],[14.2566639,41.079218],[14.2566761,41.0792891],[14.2565665,41.0792968],[14.2565739,41.079332],[14.256511,41.0793367],[14.2563151,41.0793527]]]},"properties":{"site":"capua","name":null,"category":"other","historic":null,"building":"apartments","osm_id":610641445}},{"type":"Feature","geometry":{"type":"Polygon","coordinates":[[[14.2562858,41.0790377],[14.2563421,41.0790364],[14.2564131,41.0790338],[14.2564187,41.0791213],[14.2564986,41.0791184],[14.256493,41.0790308],[14.2565556,41.0790285],[14.2565711,41.0791541],[14.2565739,41.0791854],[14.2565429,41.0791868],[14.2564341,41.0791916],[14.2563009,41.0792003],[14.2562858,41.0790377]]]},"properties":{"site":"capua","name":null,"category":"other","historic":null,"building":"apartments","osm_id":610773000}},{"type":"Feature","geometry":{"type":"Polygon","coordinates":[[[14.2565394,41.0788554],[14.2565556,41.0790285],[14.256493,41.0790308],[14.2564778,41.0790314],[14.2564734,41.0789641],[14.2563378,41.0789691],[14.2563421,41.0790364],[14.2562858,41.0790377],[14.2562666,41.0788476],[14.2565394,41.0788554]]]},"properties":{"site":"capua","name":null,"category":"other","historic":null,"building":"apartments","osm_id":610773001}},{"type":"Feature","geometry":{"type":"Polygon","coordinates":[[[14.2565711,41.0791541],[14.2565556,41.0790285],[14.2565394,41.0788554],[14.2566425,41.0788602],[14.2566472,41.0791191],[14.2566525,41.0791518],[14.2565711,41.0791541]]]},"properties":{"site":"capua","name":null,"category":"other","historic":null,"building":"apartments","osm_id":610821110}},{"type":"Feature","geometry":{"type":"Polygon","coordinates":[[[14.2561438,41.0788506],[14.2559123,41.0788492],[14.2559162,41.0789686],[14.2560137,41.0789689],[14.2560169,41.0791164],[14.25592,41.0791212],[14.2558477,41.0791236],[14.2557716,41.0791251],[14.2557781,41.0792682],[14.2560216,41.0792541],[14.2560913,41.0792508],[14.2560894,41.0792172],[14.2561649,41.0792148],[14.2561438,41.0788506]]]},"properties":{"site":"capua","name":null,"category":"other","historic":null,"building":"apartments","osm_id":610837537}},{"type":"Feature","geometry":{"type":"Polygon","coordinates":[[[14.2558477,41.0791236],[14.2557716,41.0791251],[14.2557681,41.0790523],[14.2557636,41.0788517],[14.2559123,41.0788492],[14.2559162,41.0789686],[14.25592,41.0791212],[14.2558477,41.0791236]]]},"properties":{"site":"capua","name":null,"category":"other","historic":null,"building":"apartments","osm_id":610837538}},{"type":"Feature","geometry":{"type":"Polygon","coordinates":[[[14.2556527,41.0790538],[14.2557681,41.0790523],[14.2557636,41.0788517],[14.2556202,41.0788535],[14.2556247,41.0790542],[14.2556527,41.0790538]]]},"properties":{"site":"capua","name":null,"category":"other","historic":null,"building":"apartments","osm_id":610837539}},{"type":"Feature","geometry":{"type":"Polygon","coordinates":[[[14.255498,41.0794059],[14.2554955,41.0792733],[14.2554343,41.079274],[14.2554322,41.0791667],[14.2555751,41.0791651],[14.2556561,41.0791642],[14.2556581,41.0792695],[14.2557781,41.0792682],[14.2557786,41.0792927],[14.2557798,41.0793555],[14.2557806,41.0793967],[14.255498,41.0794059]]]},"properties":{"site":"capua","name":null,"category":"other","historic":null,"building":"apartments","osm_id":610837540}},{"type":"Feature","geometry":{"type":"Polygon","coordinates":[[[14.2554293,41.079064],[14.2554276,41.0789964],[14.2554242,41.0788605],[14.2555403,41.0788588],[14.2555437,41.0789961],[14.2555154,41.0789965],[14.2555171,41.0790628],[14.2554293,41.079064]]]},"properties":{"site":"capua","name":null,"category":"other","historic":null,"building":"apartments","osm_id":610842433}},{"type":"Feature","geometry":{"type":"Polygon","coordinates":[[[14.2551826,41.0791701],[14.2551831,41.0790499],[14.2551795,41.078864],[14.2554242,41.0788605],[14.2554276,41.0789964],[14.2554293,41.079064],[14.2554322,41.0791667],[14.2553753,41.0791675],[14.2553697,41.0789336],[14.2552611,41.078935],[14.2552642,41.0790666],[14.2553018,41.0790661],[14.2553042,41.0791685],[14.2551826,41.0791701]]]},"properties":{"site":"capua","name":null,"category":"other","historic":null,"building":"apartments","osm_id":610842437}},{"type":"Feature","geometry":{"type":"Polygon","coordinates":[[[14.2553203,41.0785842],[14.2552208,41.0786002],[14.2551749,41.0786076],[14.2552089,41.0786819],[14.255149,41.0786797],[14.2551532,41.0787197],[14.2551628,41.0788101],[14.2554096,41.0788038],[14.2553203,41.0785842]]]},"properties":{"site":"capua","name":null,"category":"other","historic":null,"building":"apartments","osm_id":610842440}},{"type":"Feature","geometry":{"type":"Polygon","coordinates":[[[14.2557786,41.0792927],[14.2560234,41.0792849],[14.2560216,41.0792541],[14.2560913,41.0792508],[14.2560894,41.0792172],[14.2561649,41.0792148],[14.256174,41.0793774],[14.2560234,41.0793822],[14.2558409,41.079388],[14.255839,41.0793536],[14.2557798,41.0793555],[14.2557786,41.0792927]]]},"properties":{"site":"capua","name":null,"category":"other","historic":null,"building":"apartments","osm_id":610844263}},{"type":"Feature","geometry":{"type":"Polygon","coordinates":[[[14.2562808,41.0780358],[14.2562807,41.078237],[14.2565629,41.0782312],[14.2567389,41.078228],[14.2567357,41.0781722],[14.2564615,41.0781688],[14.2564582,41.0780712],[14.2564572,41.078043],[14.2562808,41.0780358]]]},"properties":{"site":"capua","name":null,"category":"other","historic":null,"building":"apartments","osm_id":610882472}},{"type":"Feature","geometry":{"type":"Polygon","coordinates":[[[14.2565629,41.0782312],[14.2565633,41.0782856],[14.2564531,41.0782861],[14.2564532,41.0783124],[14.2565634,41.0783119],[14.2565639,41.0783721],[14.2562832,41.0783767],[14.2562807,41.078237],[14.2565629,41.0782312]]]},"properties":{"site":"capua","name":null,"category":"other","historic":null,"building":"apartments","osm_id":610882482}},{"type":"Feature","geometry":{"type":"Polygon","coordinates":[[[14.2553203,41.0785842],[14.2552208,41.0786002],[14.2551879,41.0785149],[14.2549724,41.0785624],[14.2549928,41.0786849],[14.2549272,41.0786882],[14.2548861,41.0785094],[14.2549206,41.0785026],[14.2552616,41.0784297],[14.2553203,41.0785842]]]},"properties":{"site":"capua","name":null,"category":"other","historic":null,"building":"apartments","osm_id":611413890}},{"type":"Feature","geometry":{"type":"Polygon","coordinates":[[[14.2549325,41.0783634],[14.2548525,41.07839],[14.2549206,41.0785026],[14.2552616,41.0784297],[14.2551872,41.0782624],[14.2551189,41.0781317],[14.2550316,41.0781609],[14.255069,41.0782162],[14.2549642,41.0782493],[14.2549354,41.0782049],[14.254849,41.07824],[14.2549276,41.0783552],[14.2549869,41.0783378],[14.2549782,41.0783209],[14.2550895,41.0782882],[14.2551224,41.0783518],[14.2550964,41.0783594],[14.255122,41.0784061],[14.2549733,41.0784315],[14.2549325,41.0783634]]]},"properties":{"site":"capua","name":null,"category":"other","historic":null,"building":"apartments","osm_id":611413891}},{"type":"Feature","geometry":{"type":"Polygon","coordinates":[[[14.2559237,41.077751],[14.2559168,41.0779267],[14.2556768,41.0779238],[14.2556782,41.077855],[14.2556782,41.0777949],[14.2557357,41.0777949],[14.2558618,41.0777949],[14.2558618,41.077751],[14.2559237,41.077751]]]},"properties":{"site":"capua","name":null,"category":"other","historic":null,"building":"apartments","osm_id":611413909}},{"type":"Feature","geometry":{"type":"Polygon","coordinates":[[[14.2565729,41.0803066],[14.2565737,41.080357],[14.2565276,41.0803574],[14.2565286,41.0804271],[14.2565747,41.0804267],[14.2565757,41.0804975],[14.2565682,41.0804976],[14.2565691,41.0805556],[14.2564146,41.080557],[14.2563963,41.0803096],[14.2565729,41.0803066]]]},"properties":{"site":"capua","name":null,"category":"other","historic":null,"building":"apartments","osm_id":611949253}},{"type":"Feature","geometry":{"type":"Polygon","coordinates":[[[14.2561757,41.0800894],[14.256248,41.080088],[14.2562604,41.080347],[14.2561168,41.080351],[14.2561046,41.0800924],[14.2561757,41.0800894]]]},"properties":{"site":"capua","name":null,"category":"other","historic":null,"building":"apartments","osm_id":611949254}},{"type":"Feature","geometry":{"type":"Polygon","coordinates":[[[14.2561298,41.0805581],[14.2561228,41.0804376],[14.2561168,41.080351],[14.2562604,41.080347],[14.2562744,41.0805542],[14.2561298,41.0805581]]]},"properties":{"site":"capua","name":null,"category":"other","historic":null,"building":"apartments","osm_id":611949255}},{"type":"Feature","geometry":{"type":"Polygon","coordinates":[[[14.2559559,41.0805015],[14.2559365,41.0805016],[14.255937,41.0805591],[14.2561298,41.0805581],[14.2561228,41.0804376],[14.2560246,41.0804382],[14.2560195,41.0803528],[14.2559552,41.0803532],[14.2559559,41.0805015]]]},"properties":{"site":"capua","name":null,"category":"other","historic":null,"building":"apartments","osm_id":611949256}},{"type":"Feature","geometry":{"type":"Polygon","coordinates":[[[14.2547733,41.0781278],[14.2546589,41.0781769],[14.2545829,41.0780707],[14.2547624,41.0779957],[14.2548256,41.0780804],[14.2547595,41.0781072],[14.2547733,41.0781278]]]},"properties":{"site":"capua","name":null,"category":"other","historic":null,"building":"apartments","osm_id":618497319}},{"type":"Feature","geometry":{"type":"Polygon","coordinates":[[[14.2551628,41.0788101],[14.2551631,41.0788174],[14.2549539,41.0788265],[14.2549378,41.0787309],[14.2551532,41.0787197],[14.2551628,41.0788101]]]},"properties":{"site":"capua","name":null,"category":"other","historic":null,"building":"apartments","osm_id":618497320}},{"type":"Feature","geometry":{"type":"Polygon","coordinates":[[[14.2557659,41.0805622],[14.255937,41.0805591],[14.2559365,41.0805016],[14.2559302,41.080263],[14.2558792,41.080264],[14.2558792,41.0802862],[14.2557597,41.0802892],[14.2557625,41.0803368],[14.2557659,41.0804824],[14.2557659,41.0805622]]]},"properties":{"site":"capua","name":null,"category":"other","historic":null,"building":"apartments","osm_id":618497321}},{"type":"Feature","geometry":{"type":"Polygon","coordinates":[[[14.2555225,41.0805481],[14.2555238,41.0805653],[14.2557659,41.0805622],[14.2557659,41.0804824],[14.2555156,41.0804826],[14.255517,41.0804926],[14.2555225,41.0805481]]]},"properties":{"site":"capua","name":null,"category":"other","historic":null,"building":"apartments","osm_id":618497322}},{"type":"Feature","geometry":{"type":"Polygon","coordinates":[[[14.2543403,41.0822909],[14.2543322,41.0823904],[14.2545971,41.082395],[14.2546032,41.0823062],[14.2545771,41.0823051],[14.2545556,41.08221],[14.2545153,41.082211],[14.254514,41.0822949],[14.2544113,41.0822928],[14.2543403,41.0822909]]]},"properties":{"site":"capua","name":null,"category":"other","historic":null,"building":"apartments","osm_id":618509303}},{"type":"Feature","geometry":{"type":"Polygon","coordinates":[[[14.2543403,41.0822909],[14.2543497,41.0821514],[14.2543859,41.0821443],[14.2544261,41.0821291],[14.2544623,41.0821059],[14.2544965,41.0820705],[14.2545126,41.0820321],[14.2545771,41.0820311],[14.2546055,41.082117],[14.2546494,41.0822494],[14.2546683,41.0823472],[14.2546769,41.0823919],[14.2546657,41.0823924],[14.2545971,41.082395],[14.2546032,41.0823062],[14.2545771,41.0823051],[14.2545556,41.08221],[14.2545153,41.082211],[14.2544925,41.0821655],[14.2544174,41.0821635],[14.2544113,41.0822928],[14.2543403,41.0822909]]]},"properties":{"site":"capua","name":null,"category":"other","historic":null,"building":"apartments","osm_id":618509305}},{"type":"Feature","geometry":{"type":"Polygon","coordinates":[[[14.2532037,41.0818734],[14.2530012,41.0818673],[14.2530066,41.0817339],[14.2531447,41.0817328],[14.2531447,41.0817601],[14.2532292,41.0817601],[14.2532293,41.0817978],[14.253201,41.0817975],[14.2532037,41.0818734]]]},"properties":{"site":"capua","name":null,"category":"other","historic":null,"building":"apartments","osm_id":618509308}},{"type":"Feature","geometry":{"type":"Polygon","coordinates":[[[14.2534867,41.0818845],[14.2532037,41.0818734],[14.253201,41.0817975],[14.2532293,41.0817978],[14.2533351,41.0817986],[14.2533356,41.0817652],[14.2534867,41.0817632],[14.2534867,41.0818845]]]},"properties":{"site":"capua","name":null,"category":"other","historic":null,"building":"apartments","osm_id":618509309}},{"type":"Feature","geometry":{"type":"Polygon","coordinates":[[[14.2537596,41.0818966],[14.2534867,41.0818845],[14.2534867,41.0817632],[14.2535511,41.0817642],[14.2535511,41.0818147],[14.2536885,41.0818188],[14.2536885,41.0818061],[14.2537616,41.0818082],[14.2537596,41.0818966]]]},"properties":{"site":"capua","name":null,"category":"other","historic":null,"building":"apartments","osm_id":618509310}},{"type":"Feature","geometry":{"type":"Polygon","coordinates":[[[14.2538515,41.0819027],[14.2538526,41.0817622],[14.2537629,41.0817618],[14.2537616,41.0818082],[14.2537596,41.0818966],[14.2538515,41.0819027]]]},"properties":{"site":"capua","name":null,"category":"other","historic":null,"building":"apartments","osm_id":618509311}},{"type":"Feature","geometry":{"type":"Polygon","coordinates":[[[14.2536995,41.080705],[14.2537072,41.0807891],[14.2536959,41.0807897],[14.2537147,41.0809939],[14.2538527,41.0809867],[14.2538356,41.0808001],[14.2539986,41.0807916],[14.2540179,41.0810014],[14.254167,41.0809937],[14.2541383,41.0806821],[14.2536995,41.080705]]]},"properties":{"site":"capua","name":null,"category":"other","historic":null,"building":"apartments","osm_id":618509312}},{"type":"Feature","geometry":{"type":"Polygon","coordinates":[[[14.2542055,41.0812608],[14.254176,41.0810151],[14.2540473,41.0810212],[14.2540704,41.0812654],[14.2542055,41.0812608]]]},"properties":{"site":"capua","name":null,"category":"other","historic":null,"building":"apartments","osm_id":618509313}},{"type":"Feature","geometry":{"type":"Polygon","coordinates":[[[14.2539226,41.0816065],[14.2539082,41.0814832],[14.2540677,41.0814764],[14.2540583,41.081351],[14.2538934,41.0813558],[14.2538837,41.0812719],[14.2540704,41.0812654],[14.2542055,41.0812608],[14.2542458,41.0816045],[14.2539226,41.0816065]]]},"properties":{"site":"capua","name":"Palazzo Teti","category":"other","historic":"building","building":"house","osm_id":618509314}},{"type":"Feature","geometry":{"type":"Polygon","coordinates":[[[14.2542773,41.081186],[14.2549626,41.0811536],[14.254968,41.0812184],[14.2550207,41.0812159],[14.2550222,41.0812334],[14.2550774,41.0812308],[14.255097,41.0814663],[14.2550417,41.0814689],[14.2550432,41.0814862],[14.2549904,41.0814887],[14.2549962,41.0815586],[14.2543109,41.081591],[14.2542965,41.0814174],[14.2544659,41.0814094],[14.2544706,41.0814662],[14.254952,41.0814435],[14.2549375,41.0812686],[14.2544578,41.0812913],[14.2544627,41.0813497],[14.2542915,41.0813578],[14.2542773,41.081186]]]},"properties":{"site":"capua","name":null,"category":"other","historic":null,"building":"apartments","osm_id":618509315}},{"type":"Feature","geometry":{"type":"Polygon","coordinates":[[[14.2551416,41.0815994],[14.2551404,41.0816343],[14.2551408,41.0816549],[14.2551215,41.0816551],[14.2551228,41.0817186],[14.2550808,41.0817192],[14.2550799,41.0816782],[14.2548842,41.0816848],[14.2548801,41.0816118],[14.2550021,41.0816058],[14.2551416,41.0815994]]]},"properties":{"site":"capua","name":null,"category":"other","historic":null,"building":"apartments","osm_id":618509316}},{"type":"Feature","geometry":{"type":"Polygon","coordinates":[[[14.254642,41.0816247],[14.254646,41.0816929],[14.2548842,41.0816848],[14.2548801,41.0816118],[14.2548113,41.0816152],[14.254642,41.0816247]]]},"properties":{"site":"capua","name":null,"category":"other","historic":null,"building":"apartments","osm_id":618509317}},{"type":"Feature","geometry":{"type":"Polygon","coordinates":[[[14.2548399,41.081937],[14.2550839,41.081935],[14.2550808,41.0817192],[14.2550074,41.0817198],[14.2550088,41.0818123],[14.2548922,41.0818133],[14.2548917,41.0817804],[14.2548387,41.0817808],[14.2548399,41.081937]]]},"properties":{"site":"capua","name":null,"category":"other","historic":null,"building":"apartments","osm_id":618509318}},{"type":"Feature","geometry":{"type":"Polygon","coordinates":[[[14.2546562,41.0819366],[14.2548399,41.081937],[14.2548387,41.0817808],[14.2548385,41.0817632],[14.2546239,41.0817632],[14.2546213,41.0816762],[14.2545488,41.0816772],[14.2545515,41.0817612],[14.2545533,41.0818297],[14.2545971,41.0818291],[14.2547083,41.0818275],[14.2547099,41.0818855],[14.2546548,41.0818835],[14.2546562,41.0819366]]]},"properties":{"site":"capua","name":null,"category":"other","historic":null,"building":"apartments","osm_id":618509319}},{"type":"Feature","geometry":{"type":"Polygon","coordinates":[[[14.2545515,41.0817612],[14.2544751,41.0817612],[14.2544751,41.0817288],[14.2544603,41.0817288],[14.2544563,41.0816419],[14.2543235,41.0816439],[14.2543316,41.0818168],[14.2544013,41.0818319],[14.2544644,41.0818643],[14.2544992,41.0818966],[14.254514,41.0819391],[14.2546562,41.0819366],[14.2546548,41.0818835],[14.2545985,41.0818843],[14.2545971,41.0818291],[14.2545533,41.0818297],[14.2545515,41.0817612]]]},"properties":{"site":"capua","name":null,"category":"other","historic":null,"building":"apartments","osm_id":618509321}},{"type":"Feature","geometry":{"type":"Polygon","coordinates":[[[14.2538528,41.0817288],[14.2538526,41.0817622],[14.2538515,41.0819027],[14.254109,41.0819128],[14.2541438,41.0818754],[14.2542002,41.081843],[14.2542645,41.0818218],[14.2542458,41.0816045],[14.2539226,41.0816065],[14.2539252,41.0816439],[14.2541009,41.0816429],[14.2541049,41.0817217],[14.2538528,41.0817288]]]},"properties":{"site":"capua","name":null,"category":"other","historic":null,"building":"apartments","osm_id":618509322}},{"type":"Feature","geometry":{"type":"Polygon","coordinates":[[[14.2520249,41.0795574],[14.2520222,41.0797515],[14.2520826,41.0797505],[14.2520839,41.079709],[14.2522368,41.079705],[14.2522631,41.0797791],[14.2523184,41.0797675],[14.2523052,41.0797242],[14.2522663,41.0795847],[14.2521094,41.0795928],[14.2521094,41.0795594],[14.2520249,41.0795574]]]},"properties":{"site":"capua","name":null,"category":"other","historic":null,"building":"apartments","osm_id":618509323}},{"type":"Feature","geometry":{"type":"Polygon","coordinates":[[[14.2523494,41.0798687],[14.2520195,41.0799274],[14.2520222,41.0797515],[14.2520826,41.0797505],[14.2521044,41.0798122],[14.2522631,41.0797791],[14.2523184,41.0797675],[14.2523494,41.0798687]]]},"properties":{"site":"capua","name":null,"category":"other","historic":null,"building":"apartments","osm_id":618509324}},{"type":"Feature","geometry":{"type":"Polygon","coordinates":[[[14.2525627,41.079802],[14.2523494,41.0798687],[14.2523184,41.0797675],[14.2523052,41.0797242],[14.252454,41.0796666],[14.252442,41.0796362],[14.2524312,41.0794907],[14.2525144,41.0794998],[14.2525399,41.0797474],[14.2525627,41.079802]]]},"properties":{"site":"capua","name":null,"category":"other","historic":null,"building":"apartments","osm_id":618509325}},{"type":"Feature","geometry":{"type":"Polygon","coordinates":[[[14.2528255,41.0797757],[14.2526472,41.0797793],[14.2525627,41.079802],[14.2525399,41.0797474],[14.2525144,41.0794998],[14.2525761,41.0795028],[14.2525922,41.0796706],[14.2527451,41.0796787],[14.2527451,41.0795028],[14.2528282,41.0795048],[14.2528255,41.0797757]]]},"properties":{"site":"capua","name":null,"category":"other","historic":null,"building":"apartments","osm_id":618509326}},{"type":"Feature","geometry":{"type":"Polygon","coordinates":[[[14.2525117,41.0798607],[14.2525975,41.0798334],[14.2526257,41.079985],[14.2526244,41.0800401],[14.2525546,41.0800411],[14.252556,41.0799941],[14.2525117,41.0798607]]]},"properties":{"site":"capua","name":null,"category":"other","historic":null,"building":"apartments","osm_id":618509327}},{"type":"Feature","geometry":{"type":"Polygon","coordinates":[[[14.2522944,41.0799981],[14.2523769,41.079981],[14.2523742,41.0800426],[14.2524534,41.0800416],[14.252448,41.0799885],[14.2524809,41.0799799],[14.2524903,41.0800032],[14.252556,41.0799941],[14.2525117,41.0798607],[14.2523897,41.0799041],[14.252281,41.0799304],[14.2522944,41.0799981]]]},"properties":{"site":"capua","name":null,"category":"other","historic":null,"building":"apartments","osm_id":618509328}},{"type":"Feature","geometry":{"type":"Polygon","coordinates":[[[14.2521349,41.0799638],[14.2521366,41.0799854],[14.25214,41.0800262],[14.2521496,41.0801164],[14.2522918,41.0801134],[14.2522918,41.0800568],[14.2522341,41.0800568],[14.2522287,41.0800093],[14.2522944,41.0799981],[14.252281,41.0799304],[14.2521349,41.0799638]]]},"properties":{"site":"capua","name":null,"category":"other","historic":null,"building":"apartments","osm_id":618509329}},{"type":"Feature","geometry":{"type":"Polygon","coordinates":[[[14.2589931,41.0861048],[14.2590924,41.0861042],[14.2590937,41.08624],[14.2589857,41.0862406],[14.2589852,41.0861848],[14.2588183,41.0861857],[14.2588178,41.0861339],[14.2588272,41.0861339],[14.2588267,41.086077],[14.2589928,41.0860761],[14.2589931,41.0861048]]]},"properties":{"site":"capua","name":null,"category":"other","historic":null,"building":"apartments","osm_id":618512941}},{"type":"Feature","geometry":{"type":"Polygon","coordinates":[[[14.2569588,41.0805486],[14.2571566,41.0805385],[14.2571533,41.0804793],[14.2571325,41.0804242],[14.2570674,41.0804384],[14.2569534,41.0804429],[14.2569588,41.0805486]]]},"properties":{"site":"capua","name":null,"category":"other","historic":null,"building":"apartments","osm_id":618750945}},{"type":"Feature","geometry":{"type":"Polygon","coordinates":[[[14.2567736,41.0803304],[14.2567865,41.0805536],[14.2569588,41.0805486],[14.2569534,41.0804429],[14.2568475,41.080446],[14.2568421,41.0803293],[14.2569472,41.0803277],[14.2569363,41.080188],[14.2568467,41.080192],[14.2568418,41.0801293],[14.2569314,41.0801254],[14.256928,41.080081],[14.2567989,41.0800864],[14.2567578,41.0800882],[14.2567736,41.0803304]]]},"properties":{"site":"capua","name":null,"category":"other","historic":null,"building":"apartments","osm_id":618750949}},{"type":"Feature","geometry":{"type":"Polygon","coordinates":[[[14.2610401,41.0784182],[14.2610262,41.0786002],[14.2620963,41.0786464],[14.2621101,41.0784644],[14.2610401,41.0784182]]]},"properties":{"site":"capua","name":null,"category":"other","historic":null,"building":"yes","osm_id":618750957}},{"type":"Feature","geometry":{"type":"Polygon","coordinates":[[[14.2610317,41.0782755],[14.2617747,41.0782978],[14.2617808,41.0781823],[14.2610378,41.0781601],[14.2610317,41.0782755]]]},"properties":{"site":"capua","name":null,"category":"other","historic":null,"building":"apartments","osm_id":618750958}},{"type":"Feature","geometry":{"type":"Polygon","coordinates":[[[14.2611577,41.0774589],[14.2615916,41.0774937],[14.2616146,41.077331],[14.2611806,41.0772962],[14.2611577,41.0774589]]]},"properties":{"site":"capua","name":null,"category":"other","historic":null,"building":"apartments","osm_id":618750959}},{"type":"Feature","geometry":{"type":"Polygon","coordinates":[[[14.2565209,41.0780728],[14.2566262,41.0780774],[14.2566262,41.0780905],[14.2568435,41.0780986],[14.2568488,41.0780288],[14.2565236,41.0780122],[14.2565209,41.0780728]]]},"properties":{"site":"capua","name":null,"category":"other","historic":null,"building":"apartments","osm_id":618750965}},{"type":"Feature","geometry":{"type":"Polygon","coordinates":[[[14.2562808,41.0780358],[14.2564572,41.078043],[14.2564582,41.0780712],[14.2565209,41.0780728],[14.2565236,41.0780122],[14.2562809,41.078],[14.2562808,41.0780358]]]},"properties":{"site":"capua","name":null,"category":"other","historic":null,"building":"apartments","osm_id":618750966}},{"type":"Feature","geometry":{"type":"Polygon","coordinates":[[[14.2559237,41.077751],[14.2558618,41.077751],[14.2558578,41.0777326],[14.2557076,41.0777326],[14.2557357,41.0777949],[14.2556782,41.0777949],[14.2556089,41.0776732],[14.2559055,41.0775524],[14.2559315,41.0775517],[14.2559237,41.077751]]]},"properties":{"site":"capua","name":null,"category":"other","historic":null,"building":"apartments","osm_id":618750968}},{"type":"Feature","geometry":{"type":"Polygon","coordinates":[[[14.2559168,41.0779267],[14.2559237,41.077751],[14.2559315,41.0775517],[14.2560094,41.0775534],[14.2560442,41.0779267],[14.2559168,41.0779267]]]},"properties":{"site":"capua","name":null,"category":"other","historic":null,"building":"apartments","osm_id":618750969}},{"type":"Feature","geometry":{"type":"Polygon","coordinates":[[[14.2551275,41.0823749],[14.2553463,41.0823736],[14.2555596,41.0823717],[14.2555808,41.0823723],[14.2555813,41.0824268],[14.2553555,41.0824281],[14.2553567,41.0825481],[14.2551292,41.0825494],[14.2551275,41.0823749]]]},"properties":{"site":"capua","name":null,"category":"other","historic":null,"building":"apartments","osm_id":618781690}},{"type":"Feature","geometry":{"type":"Polygon","coordinates":[[[14.2559831,41.0820189],[14.2564197,41.0820159],[14.2564385,41.0822575],[14.2562547,41.0822625],[14.2562588,41.0821321],[14.2560589,41.0821301],[14.2560576,41.0822059],[14.2561636,41.082207],[14.2561624,41.0822697],[14.2559786,41.0822747],[14.2559831,41.0820189]]]},"properties":{"site":"capua","name":null,"category":"other","historic":null,"building":"apartments","osm_id":618781693}},{"type":"Feature","geometry":{"type":"Polygon","coordinates":[[[14.2556644,41.0820234],[14.2556645,41.0820988],[14.2556646,41.0822514],[14.2557089,41.0822514],[14.2557089,41.0822251],[14.2557367,41.0822251],[14.2557367,41.0821721],[14.2557535,41.0821721],[14.2557534,41.0821241],[14.2557746,41.082124],[14.2557746,41.0821458],[14.2558088,41.0821458],[14.2558088,41.082124],[14.2559416,41.082124],[14.2559417,41.0821948],[14.2558484,41.0821949],[14.2558485,41.0823091],[14.2559248,41.082309],[14.2559248,41.0822747],[14.2559786,41.0822747],[14.2559831,41.0820189],[14.2556644,41.0820234]]]},"properties":{"site":"capua","name":null,"category":"other","historic":null,"building":"apartments","osm_id":618781694}},{"type":"Feature","geometry":{"type":"Polygon","coordinates":[[[14.2555592,41.0820235],[14.2555595,41.0823014],[14.2555596,41.0823717],[14.2555808,41.0823723],[14.2556727,41.0823717],[14.2556727,41.0823131],[14.2556246,41.0823131],[14.2556244,41.0820988],[14.2556645,41.0820988],[14.2556644,41.0820234],[14.2555592,41.0820235]]]},"properties":{"site":"capua","name":null,"category":"other","historic":null,"building":"apartments","osm_id":618781695}},{"type":"Feature","geometry":{"type":"Polygon","coordinates":[[[14.2553457,41.0823192],[14.2554066,41.082319],[14.2554058,41.0821514],[14.2554341,41.0821513],[14.255434,41.0821292],[14.2554895,41.0821291],[14.2554903,41.0823022],[14.2555595,41.0823014],[14.2555592,41.0820235],[14.2553438,41.0820247],[14.2553444,41.0821425],[14.2553452,41.0822509],[14.2553456,41.0823026],[14.2553457,41.0823192]]]},"properties":{"site":"capua","name":null,"category":"other","historic":null,"building":"apartments","osm_id":618781697}},{"type":"Feature","geometry":{"type":"Polygon","coordinates":[[[14.2553438,41.0820247],[14.255128,41.0820253],[14.2551285,41.082143],[14.2552207,41.0821428],[14.2552208,41.0821504],[14.255261,41.0821503],[14.255261,41.0821427],[14.25527,41.0821427],[14.2553444,41.0821425],[14.2553438,41.0820247]]]},"properties":{"site":"capua","name":null,"category":"other","historic":null,"building":"apartments","osm_id":618781698}},{"type":"Feature","geometry":{"type":"Polygon","coordinates":[[[14.254856,41.0824142],[14.2548576,41.0825202],[14.2548734,41.0825201],[14.2548739,41.0825492],[14.2550181,41.0825479],[14.2550162,41.0824258],[14.2549578,41.0824264],[14.2549576,41.0824133],[14.254856,41.0824142]]]},"properties":{"site":"capua","name":null,"category":"other","historic":null,"building":"apartments","osm_id":618781705}},{"type":"Feature","geometry":{"type":"Polygon","coordinates":[[[14.2547653,41.0822544],[14.2547667,41.0823484],[14.2547673,41.0823918],[14.2548438,41.0823912],[14.2548418,41.0822538],[14.2547653,41.0822544]]]},"properties":{"site":"capua","name":null,"category":"other","historic":null,"building":"apartments","osm_id":618781707}},{"type":"Feature","geometry":{"type":"Polygon","coordinates":[[[14.2549096,41.0822555],[14.2549117,41.0823884],[14.2550813,41.0823869],[14.2550792,41.082254],[14.2549096,41.0822555]]]},"properties":{"site":"capua","name":null,"category":"other","historic":null,"building":"apartments","osm_id":618781708}},{"type":"Feature","geometry":{"type":"Polygon","coordinates":[[[14.254693,41.082118],[14.2546917,41.0820321],[14.2550529,41.0820288],[14.255056,41.0822231],[14.2549364,41.0822242],[14.2549361,41.0822049],[14.2549659,41.0822046],[14.2549646,41.0821241],[14.2547929,41.0821256],[14.2547942,41.0822062],[14.2548318,41.0822059],[14.2548322,41.0822251],[14.2546947,41.0822263],[14.254693,41.082118]]]},"properties":{"site":"capua","name":null,"category":"other","historic":null,"building":"apartments","osm_id":618781709}},{"type":"Feature","geometry":{"type":"Polygon","coordinates":[[[14.2545771,41.0820311],[14.2546917,41.0820321],[14.254693,41.082118],[14.2546055,41.082117],[14.2545771,41.0820311]]]},"properties":{"site":"capua","name":null,"category":"other","historic":null,"building":"apartments","osm_id":618781710}},{"type":"Feature","geometry":{"type":"Polygon","coordinates":[[[14.2542243,41.0809828],[14.2542156,41.0809383],[14.254411,41.0809155],[14.2544199,41.0809598],[14.2542243,41.0809828]]]},"properties":{"site":"capua","name":null,"category":"other","historic":null,"building":"apartments","osm_id":618781714}},{"type":"Feature","geometry":{"type":"Polygon","coordinates":[[[14.2542243,41.0809828],[14.2542565,41.0811384],[14.2544679,41.0811115],[14.2549042,41.0810626],[14.2548895,41.0809914],[14.2546554,41.0810189],[14.2546379,41.0809342],[14.2545543,41.080944],[14.2545643,41.0809924],[14.2545973,41.0809885],[14.2546083,41.0810413],[14.2544408,41.081061],[14.2544199,41.0809598],[14.2542243,41.0809828]]]},"properties":{"site":"capua","name":null,"category":"other","historic":null,"building":"apartments","osm_id":618781715}},{"type":"Feature","geometry":{"type":"Polygon","coordinates":[[[14.2544805,41.0807866],[14.2543799,41.0807873],[14.2543788,41.0806886],[14.2542806,41.0806892],[14.2542825,41.0808483],[14.2542042,41.0808488],[14.254174,41.0806052],[14.2544737,41.0806017],[14.2544805,41.0807866]]]},"properties":{"site":"capua","name":null,"category":"other","historic":null,"building":"apartments","osm_id":618781716}},{"type":"Feature","geometry":{"type":"Polygon","coordinates":[[[14.2547459,41.0805992],[14.2547475,41.0806809],[14.2547795,41.0808594],[14.2547852,41.0808887],[14.2547259,41.0808938],[14.2547232,41.0808716],[14.2547031,41.0808716],[14.2546789,41.0807118],[14.2545716,41.0807098],[14.254577,41.0809059],[14.2543504,41.080913],[14.254349,41.0808726],[14.2543343,41.0808726],[14.2543249,41.0807877],[14.2543799,41.0807873],[14.2544805,41.0807866],[14.2544737,41.0806017],[14.2547459,41.0805992]]]},"properties":{"site":"capua","name":null,"category":"other","historic":null,"building":"apartments","osm_id":618781717}},{"type":"Feature","geometry":{"type":"Polygon","coordinates":[[[14.2547795,41.0808594],[14.2550539,41.080838],[14.2550565,41.0808769],[14.2551591,41.0808758],[14.2551617,41.0809383],[14.2550357,41.0809393],[14.2550343,41.0809009],[14.2547916,41.0809211],[14.2547852,41.0808887],[14.2547795,41.0808594]]]},"properties":{"site":"capua","name":null,"category":"other","historic":null,"building":"apartments","osm_id":618781718}},{"type":"Feature","geometry":{"type":"Polygon","coordinates":[[[14.2550236,41.0807215],[14.2549644,41.0807222],[14.2549641,41.0807102],[14.2549015,41.0807109],[14.2549009,41.0806791],[14.2547475,41.0806809],[14.2547459,41.0805992],[14.2550211,41.080596],[14.2550236,41.0807215]]]},"properties":{"site":"capua","name":null,"category":"other","historic":null,"building":"apartments","osm_id":618781719}},{"type":"Feature","geometry":{"type":"Polygon","coordinates":[[[14.255273,41.0805956],[14.2552703,41.0806673],[14.2552127,41.0806653],[14.255214,41.0807058],[14.2551443,41.0807048],[14.2551443,41.0807674],[14.2551886,41.0807664],[14.2551899,41.0808261],[14.255261,41.0808251],[14.2552611,41.0808992],[14.2551792,41.0808978],[14.2551792,41.0808756],[14.2551591,41.0808758],[14.2550565,41.0808769],[14.2550539,41.080838],[14.255046,41.08072],[14.2550236,41.0807215],[14.2550211,41.080596],[14.255273,41.0805956]]]},"properties":{"site":"capua","name":null,"category":"other","historic":null,"building":"apartments","osm_id":618781720}},{"type":"Feature","geometry":{"type":"Polygon","coordinates":[[[14.2553783,41.0805947],[14.2553884,41.0808838],[14.2553889,41.0808969],[14.2552611,41.0808992],[14.255261,41.0808251],[14.2553374,41.0808241],[14.2553361,41.0807361],[14.2552677,41.0807361],[14.2552703,41.0806673],[14.255273,41.0805956],[14.2553783,41.0805947]]]},"properties":{"site":"capua","name":null,"category":"other","historic":null,"building":"apartments","osm_id":618781721}},{"type":"Feature","geometry":{"type":"Polygon","coordinates":[[[14.255508,41.0806006],[14.2555104,41.0807417],[14.2554594,41.0807423],[14.2554607,41.080818],[14.2555144,41.0808175],[14.2555155,41.0808837],[14.2553884,41.0808838],[14.2553783,41.0805947],[14.255508,41.0806006]]]},"properties":{"site":"capua","name":null,"category":"other","historic":null,"building":"apartments","osm_id":618781722}},{"type":"Feature","geometry":{"type":"Polygon","coordinates":[[[14.2558417,41.0805976],[14.2558444,41.0807583],[14.2558446,41.0807755],[14.2557492,41.0807764],[14.2557518,41.0809322],[14.2556083,41.0809335],[14.2556057,41.0807777],[14.2555748,41.080778],[14.2555742,41.0807412],[14.2555104,41.0807417],[14.255508,41.0806006],[14.2558417,41.0805976]]]},"properties":{"site":"capua","name":null,"category":"other","historic":null,"building":"apartments","osm_id":618781723}},{"type":"Feature","geometry":{"type":"Polygon","coordinates":[[[14.2558447,41.0808734],[14.2558465,41.080943],[14.2560081,41.0809406],[14.2560063,41.080871],[14.2558447,41.0808734]]]},"properties":{"site":"capua","name":null,"category":"other","historic":null,"building":"apartments","osm_id":618781724}},{"type":"Feature","geometry":{"type":"Polygon","coordinates":[[[14.2558188,41.0808086],[14.2558203,41.0808683],[14.2560033,41.0808658],[14.2560019,41.0808061],[14.2558188,41.0808086]]]},"properties":{"site":"capua","name":null,"category":"other","historic":null,"building":"apartments","osm_id":618781725}},{"type":"Feature","geometry":{"type":"Polygon","coordinates":[[[14.2559516,41.0805986],[14.2558417,41.0805976],[14.2558444,41.0807583],[14.2558953,41.0807583],[14.2558953,41.0807351],[14.2559684,41.0807361],[14.2559516,41.0805986]]]},"properties":{"site":"capua","name":null,"category":"other","historic":null,"building":"apartments","osm_id":618781726}},{"type":"Feature","geometry":{"type":"Polygon","coordinates":[[[14.2560844,41.0805966],[14.2560978,41.0807058],[14.2561065,41.080773],[14.2561084,41.0807926],[14.2560455,41.0807947],[14.2560388,41.0807472],[14.2559704,41.0807482],[14.2559684,41.0807361],[14.2559516,41.0805986],[14.2560844,41.0805966]]]},"properties":{"site":"capua","name":null,"category":"other","historic":null,"building":"apartments","osm_id":618781727}},{"type":"Feature","geometry":{"type":"Polygon","coordinates":[[[14.256241,41.0810166],[14.2563124,41.0810161],[14.2562829,41.0805956],[14.2560844,41.0805966],[14.2560978,41.0807058],[14.2561743,41.0807068],[14.2561877,41.0807725],[14.2561065,41.080773],[14.2561084,41.0807926],[14.2561112,41.0808429],[14.2561984,41.0808422],[14.256241,41.0810166]]]},"properties":{"site":"capua","name":null,"category":"other","historic":null,"building":"apartments","osm_id":618781728}},{"type":"Feature","geometry":{"type":"Polygon","coordinates":[[[14.2562763,41.0811608],[14.2563218,41.0811587],[14.2563124,41.0810161],[14.256241,41.0810166],[14.2562763,41.0811608]]]},"properties":{"site":"capua","name":null,"category":"other","historic":null,"building":"apartments","osm_id":618781729}},{"type":"Feature","geometry":{"type":"Polygon","coordinates":[[[14.2560817,41.0808433],[14.2561072,41.081003],[14.2560884,41.081004],[14.2561139,41.0811678],[14.2561495,41.0811657],[14.2562763,41.0811608],[14.256241,41.0810166],[14.2561984,41.0808422],[14.2561112,41.0808429],[14.2560817,41.0808433]]]},"properties":{"site":"capua","name":null,"category":"other","historic":null,"building":"apartments","osm_id":618781730}},{"type":"Feature","geometry":{"type":"Polygon","coordinates":[[[14.2562648,41.081612],[14.2562601,41.0815772],[14.2562386,41.0813831],[14.2563446,41.081377],[14.2563727,41.0816065],[14.2562648,41.081612]]]},"properties":{"site":"capua","name":null,"category":"other","historic":null,"building":"apartments","osm_id":618781732}},{"type":"Feature","geometry":{"type":"Polygon","coordinates":[[[14.2562648,41.081612],[14.2563727,41.0816065],[14.2564157,41.0819279],[14.2563084,41.0819279],[14.2562648,41.081612]]]},"properties":{"site":"capua","name":null,"category":"other","historic":null,"building":"apartments","osm_id":618781733}},{"type":"Feature","geometry":{"type":"Polygon","coordinates":[[[14.255849,41.0819325],[14.2563084,41.0819279],[14.2562648,41.081612],[14.2562601,41.0815772],[14.256138,41.0815786],[14.2558684,41.0815817],[14.2558256,41.0815822],[14.2558306,41.0816383],[14.2558423,41.0817781],[14.255849,41.0819325]]]},"properties":{"site":"capua","name":null,"category":"other","historic":null,"building":"apartments","osm_id":618781736}},{"type":"Feature","geometry":{"type":"Polygon","coordinates":[[[14.2558423,41.0817781],[14.2558306,41.0816383],[14.2557361,41.0816428],[14.2557478,41.0817826],[14.2558423,41.0817781]]]},"properties":{"site":"capua","name":null,"category":"other","historic":null,"building":"apartments","osm_id":618781737}},{"type":"Feature","geometry":{"type":"Polygon","coordinates":[[[14.2557042,41.0819351],[14.255849,41.0819325],[14.2558423,41.0817781],[14.2557478,41.0817826],[14.2557513,41.0818382],[14.2557011,41.0818391],[14.2557038,41.0819237],[14.2557042,41.0819351]]]},"properties":{"site":"capua","name":null,"category":"other","historic":null,"building":"apartments","osm_id":618781738}},{"type":"Feature","geometry":{"type":"Polygon","coordinates":[[[14.2556065,41.0817183],[14.2556928,41.0817167],[14.255686,41.0815971],[14.2557304,41.0815956],[14.2557249,41.0815029],[14.2557884,41.0815008],[14.2557856,41.0814677],[14.2557841,41.0814059],[14.2555891,41.081428],[14.2556004,41.0816202],[14.2556065,41.0817183]]]},"properties":{"site":"capua","name":null,"category":"other","historic":null,"building":"apartments","osm_id":618781739}},{"type":"Feature","geometry":{"type":"Polygon","coordinates":[[[14.2554472,41.0816117],[14.2554411,41.081508],[14.2554748,41.0815068],[14.2554736,41.0814855],[14.2554985,41.0814847],[14.2554954,41.0814311],[14.2555891,41.081428],[14.2556004,41.0816202],[14.255448,41.0816253],[14.2554472,41.0816117]]]},"properties":{"site":"capua","name":null,"category":"other","historic":null,"building":"apartments","osm_id":618781740}},{"type":"Feature","geometry":{"type":"Polygon","coordinates":[[[14.2554604,41.0818413],[14.25542,41.0818418],[14.255421,41.0818813],[14.25547,41.0818806],[14.2554715,41.0819384],[14.2557042,41.0819351],[14.2557038,41.0819237],[14.2557011,41.0818391],[14.2556993,41.0817169],[14.2556928,41.0817167],[14.2556065,41.0817183],[14.2555992,41.0817184],[14.2556013,41.0818001],[14.2554877,41.0818018],[14.2554862,41.0817397],[14.2554994,41.0817396],[14.2554986,41.0817109],[14.2554578,41.0817115],[14.2554189,41.081712],[14.255421,41.0817928],[14.2554592,41.0817922],[14.2554604,41.0818413]]]},"properties":{"site":"capua","name":null,"category":"other","historic":null,"building":"apartments","osm_id":618781741}},{"type":"Feature","geometry":{"type":"Polygon","coordinates":[[[14.2503586,41.0848922],[14.2504061,41.0848164],[14.2504402,41.0846343],[14.2504637,41.0845135],[14.2504469,41.0845067],[14.2504326,41.0843584],[14.2505281,41.084353],[14.2504613,41.084226],[14.2503879,41.0841577],[14.2503223,41.084121],[14.2502716,41.0841115],[14.2502337,41.0841385],[14.2502328,41.084843],[14.2503586,41.0848922]]]},"properties":{"site":"capua","name":"Resti del primo Anfiteatro","category":"theater","historic":"archaeological_site","building":"ruins","osm_id":781074088}},{"type":"Feature","geometry":{"type":"Polygon","coordinates":[[[14.2564386,41.0898181],[14.2573923,41.0898085],[14.2573891,41.0888469],[14.2567799,41.0888421],[14.2567575,41.0891954],[14.2563556,41.0892123],[14.2564386,41.0898181]]]},"properties":{"site":"capua","name":"Tennis club Sammaritano","category":"other","historic":null,"building":"yes","osm_id":781074092}},{"type":"Feature","geometry":{"type":"Polygon","coordinates":[[[14.2502335,41.0839706],[14.2504304,41.0839359],[14.2505645,41.083758],[14.2505484,41.0836367],[14.2502909,41.0835275],[14.2502345,41.0835468],[14.2502335,41.0839706]]]},"properties":{"site":"capua","name":"Macellum","category":"archaeological","historic":"building","building":"ruins","osm_id":791679600}},{"type":"Feature","geometry":{"type":"Polygon","coordinates":[[[14.2690156,41.0820985],[14.2692607,41.0819199],[14.2692692,41.08179],[14.2690294,41.0817827],[14.2690156,41.0820985]]]},"properties":{"site":"capua","name":null,"category":"archaeological","historic":"archaeological_site","building":null,"osm_id":791713842}},{"type":"Feature","geometry":{"type":"Polygon","coordinates":[[[14.269127,41.0818727],[14.2691771,41.0818724],[14.2691776,41.0819347],[14.2691342,41.0819648],[14.2690977,41.0819649],[14.2690971,41.0818915],[14.2691272,41.0818914],[14.269127,41.0818727]]]},"properties":{"site":"capua","name":"Castellum aquae","category":"medieval","historic":"ruins","building":"yes","osm_id":791713843}},{"type":"Feature","geometry":{"type":"Polygon","coordinates":[[[14.2703177,41.0811863],[14.2720045,41.0804983],[14.2717288,41.0801143],[14.2713386,41.0802734],[14.2712515,41.080152],[14.2700825,41.0806217],[14.2700666,41.0808366],[14.2703177,41.0811863]]]},"properties":{"site":"capua","name":"Centro Commerciale Le Corti","category":"other","historic":null,"building":"yes","osm_id":849313871}},{"type":"Feature","geometry":{"type":"Polygon","coordinates":[[[14.2476089,41.0840034],[14.2476829,41.0840666],[14.2477293,41.0840357],[14.2476553,41.0839725],[14.2476089,41.0840034]]]},"properties":{"site":"capua","name":null,"category":"other","historic":"building","building":"yes","osm_id":932919251}},{"type":"Feature","geometry":{"type":"Polygon","coordinates":[[[14.2537372,41.09164],[14.2537322,41.091485],[14.2543161,41.0914742],[14.2543211,41.0916293],[14.2537372,41.09164]]]},"properties":{"site":"capua","name":null,"category":"other","historic":null,"building":"yes","osm_id":998201845}},{"type":"Feature","geometry":{"type":"Polygon","coordinates":[[[14.2537401,41.092026],[14.2537301,41.0917199],[14.2542132,41.0917109],[14.2542233,41.0920169],[14.2537401,41.092026]]]},"properties":{"site":"capua","name":null,"category":"other","historic":null,"building":"yes","osm_id":998201846}},{"type":"Feature","geometry":{"type":"Polygon","coordinates":[[[14.2669556,41.0895258],[14.2670644,41.0896532],[14.2674469,41.0896547],[14.2674558,41.089467],[14.2674568,41.0894424],[14.2674409,41.089429],[14.2674202,41.089429],[14.2669487,41.089429],[14.2669556,41.0895258]]]},"properties":{"site":"capua","name":"Piscina Comunale \"Circolo Villani\"","category":"amphitheater","historic":null,"building":"yes","osm_id":1041952339}},{"type":"Feature","geometry":{"type":"Polygon","coordinates":[[[14.2650092,41.0884694],[14.2650215,41.0884697],[14.265269,41.0884745],[14.265274,41.0883312],[14.2650299,41.0883264],[14.2650142,41.0883261],[14.2650092,41.0884694]]]},"properties":{"site":"capua","name":null,"category":"other","historic":null,"building":"roof","osm_id":1063679363}},{"type":"Feature","geometry":{"type":"Polygon","coordinates":[[[14.2646593,41.0885509],[14.2647573,41.0885515],[14.2647582,41.0884754],[14.2646602,41.0884748],[14.2646593,41.0885509]]]},"properties":{"site":"capua","name":null,"category":"other","historic":null,"building":"roof","osm_id":1063679364}},{"type":"Feature","geometry":{"type":"Polygon","coordinates":[[[14.2629533,41.0882452],[14.2632122,41.0882417],[14.2632143,41.0883319],[14.2635091,41.088328],[14.2635017,41.0880157],[14.2629481,41.0880231],[14.2629533,41.0882452]]]},"properties":{"site":"capua","name":null,"category":"other","historic":null,"building":"apartments","osm_id":1063679367}},{"type":"Feature","geometry":{"type":"Polygon","coordinates":[[[14.2636839,41.087655],[14.2639723,41.0876534],[14.2639704,41.0874593],[14.2637698,41.0874604],[14.2637707,41.08755],[14.2636829,41.0875505],[14.2636839,41.087655]]]},"properties":{"site":"capua","name":null,"category":"other","historic":null,"building":"yes","osm_id":1063679368}},{"type":"Feature","geometry":{"type":"Polygon","coordinates":[[[14.2649843,41.0876799],[14.2650943,41.0876788],[14.2650945,41.0876925],[14.2651452,41.087692],[14.2651451,41.0876841],[14.2651911,41.0876836],[14.2651909,41.0876721],[14.265236,41.0876716],[14.265231,41.0873938],[14.2650402,41.0873958],[14.2650431,41.0875581],[14.2649821,41.0875587],[14.2649843,41.0876799]]]},"properties":{"site":"capua","name":null,"category":"other","historic":null,"building":"yes","osm_id":1063679369}},{"type":"Feature","geometry":{"type":"Polygon","coordinates":[[[14.2641375,41.0874907],[14.2642118,41.0874892],[14.2643143,41.087487],[14.2643173,41.0875668],[14.2643711,41.0875656],[14.2643708,41.0875557],[14.2645772,41.0875515],[14.2645776,41.0875639],[14.2646447,41.0875626],[14.2646461,41.0876017],[14.2646618,41.0876014],[14.264663,41.0876376],[14.264645,41.0876379],[14.2646463,41.0876788],[14.2645109,41.0876812],[14.2645098,41.0876459],[14.2644633,41.0876467],[14.2644642,41.0876753],[14.2643273,41.0876777],[14.2643262,41.0876459],[14.2643027,41.0876464],[14.2643018,41.0876202],[14.2642081,41.087622],[14.2642078,41.0876131],[14.264142,41.0876145],[14.2641375,41.0874907]]]},"properties":{"site":"capua","name":null,"category":"other","historic":null,"building":"yes","osm_id":1063679370}},{"type":"Feature","geometry":{"type":"Polygon","coordinates":[[[14.2648448,41.087275],[14.2652471,41.0872772],[14.2652483,41.0871469],[14.264846,41.0871447],[14.2648448,41.087275]]]},"properties":{"site":"capua","name":null,"category":"other","historic":null,"building":"yes","osm_id":1063679371}},{"type":"Feature","geometry":{"type":"Polygon","coordinates":[[[14.2666149,41.0813476],[14.2667767,41.0813394],[14.2667833,41.0814148],[14.2667959,41.0815575],[14.2666342,41.0815657],[14.2666215,41.0814228],[14.2666149,41.0813476]]]},"properties":{"site":"capua","name":null,"category":"other","historic":null,"building":"roof","osm_id":1085684995}},{"type":"Feature","geometry":{"type":"Polygon","coordinates":[[[14.252608,41.0787448],[14.2526141,41.0786101],[14.2528606,41.0786055],[14.2529438,41.0785938],[14.2529561,41.078696],[14.2530054,41.0786984],[14.2530054,41.0787564],[14.2528514,41.0787541],[14.252722,41.0787425],[14.252608,41.0787448]]]},"properties":{"site":"capua","name":null,"category":"other","historic":null,"building":"yes","osm_id":1162480940}},{"type":"Feature","geometry":{"type":"Polygon","coordinates":[[[14.259012,41.0831256],[14.2590058,41.0830281],[14.2591814,41.0830188],[14.2591907,41.0831279],[14.259012,41.0831256]]]},"properties":{"site":"capua","name":null,"category":"other","historic":null,"building":"apartments","osm_id":1162488377}},{"type":"Feature","geometry":{"type":"Polygon","coordinates":[[[14.2513712,41.0787481],[14.2513925,41.0784893],[14.2515517,41.0785053],[14.2515447,41.0787587],[14.2513712,41.0787481]]]},"properties":{"site":"capua","name":null,"category":"other","historic":null,"building":"house","osm_id":1162490063}},{"type":"Feature","geometry":{"type":"Polygon","coordinates":[[[14.2516756,41.0790255],[14.2519941,41.0787027],[14.2524932,41.0791509],[14.2516756,41.0790255]]]},"properties":{"site":"capua","name":null,"category":"other","historic":null,"building":"yes","osm_id":1162490963}},{"type":"Feature","geometry":{"type":"Polygon","coordinates":[[[14.2738647,41.0743479],[14.2739571,41.0743536],[14.2739632,41.0742968],[14.2738709,41.0742911],[14.2738647,41.0743479]]]},"properties":{"site":"capua","name":null,"category":"other","historic":null,"building":"roof","osm_id":1176375610}},{"type":"Feature","geometry":{"type":"Polygon","coordinates":[[[14.2544752,41.0915204],[14.2550091,41.0915128],[14.2550206,41.0919767],[14.2544868,41.0919842],[14.2544752,41.0915204]]]},"properties":{"site":"capua","name":null,"category":"other","historic":null,"building":"yes","osm_id":1221790375}},{"type":"Feature","geometry":{"type":"Polygon","coordinates":[[[14.2551465,41.0915236],[14.2554817,41.0915212],[14.2554839,41.0916991],[14.2551488,41.0917015],[14.2551465,41.0915236]]]},"properties":{"site":"capua","name":null,"category":"other","historic":null,"building":"apartments","osm_id":1225035073}},{"type":"Feature","geometry":{"type":"Polygon","coordinates":[[[14.2551536,41.091881],[14.2554899,41.0918777],[14.255492,41.0919985],[14.2551557,41.0920019],[14.2551536,41.091881]]]},"properties":{"site":"capua","name":null,"category":"other","historic":null,"building":"apartments","osm_id":1225035074}},{"type":"Feature","geometry":{"type":"Polygon","coordinates":[[[14.2551284,41.0907312],[14.255311,41.0907399],[14.2553057,41.0908025],[14.2553587,41.090805],[14.2553636,41.0907468],[14.255543,41.0907553],[14.2554965,41.0913112],[14.2553247,41.091303],[14.2553293,41.0912488],[14.2552627,41.0912456],[14.255258,41.0913012],[14.2550811,41.0912927],[14.2551284,41.0907312]]]},"properties":{"site":"capua","name":"Centro Polifunzionale","category":"other","historic":null,"building":"apartments","osm_id":1225035076}},{"type":"Feature","geometry":{"type":"Polygon","coordinates":[[[14.2557023,41.0913205],[14.2559616,41.0913323],[14.2559711,41.0912122],[14.2558613,41.0912072],[14.2558649,41.0911622],[14.2559271,41.091165],[14.2559313,41.0911124],[14.2558727,41.0911097],[14.2558758,41.0910711],[14.2559907,41.0910763],[14.256001,41.090947],[14.2557331,41.0909349],[14.2557023,41.0913205]]]},"properties":{"site":"capua","name":null,"category":"other","historic":null,"building":"apartments","osm_id":1225035077}},{"type":"Feature","geometry":{"type":"Polygon","coordinates":[[[14.2542357,41.0911675],[14.2542273,41.0912738],[14.2543048,41.0912773],[14.2543039,41.0912878],[14.2544526,41.0912946],[14.2544538,41.0912798],[14.2545243,41.0912831],[14.2545229,41.0913],[14.2546105,41.0913041],[14.2546096,41.0913142],[14.254773,41.0913221],[14.2547844,41.0911886],[14.2547682,41.0911878],[14.2547723,41.0911403],[14.2547613,41.0911397],[14.2547639,41.0911104],[14.2547778,41.0911111],[14.2547822,41.0910626],[14.2547915,41.091063],[14.2548005,41.0909649],[14.2547888,41.0909643],[14.2547929,41.0909206],[14.2547753,41.0909197],[14.2547781,41.0908888],[14.2547984,41.0908898],[14.2548027,41.090844],[14.2548137,41.0908446],[14.2548228,41.090745],[14.2548074,41.0907442],[14.254811,41.0907035],[14.2547941,41.0907026],[14.2547963,41.0906782],[14.2546808,41.0906724],[14.2546769,41.0907167],[14.2546576,41.0907157],[14.2546458,41.090853],[14.2546747,41.0908544],[14.2546672,41.0909425],[14.2546396,41.0909411],[14.2546287,41.0910707],[14.2546538,41.0910719],[14.2546465,41.0911611],[14.2546231,41.09116],[14.254619,41.0912116],[14.2545443,41.0912082],[14.2545467,41.091179],[14.2544932,41.0911765],[14.2544943,41.0911631],[14.254414,41.0911594],[14.2544129,41.091173],[14.2543704,41.0911711],[14.2543716,41.0911557],[14.2542998,41.0911525],[14.2542984,41.0911703],[14.2542357,41.0911675]]]},"properties":{"site":"capua","name":null,"category":"other","historic":null,"building":"apartments","osm_id":1225035078}},{"type":"Feature","geometry":{"type":"Polygon","coordinates":[[[14.2542547,41.0907645],[14.254263,41.0906582],[14.2541856,41.0906547],[14.2541865,41.0906442],[14.2540378,41.0906374],[14.2540366,41.0906522],[14.2539661,41.0906489],[14.2539675,41.090632],[14.2538799,41.0906278],[14.2538808,41.0906178],[14.2537174,41.0906099],[14.253706,41.0907434],[14.2537222,41.0907442],[14.2537181,41.0907917],[14.253729,41.0907922],[14.2537264,41.0908216],[14.2537126,41.0908209],[14.2537082,41.0908694],[14.2536989,41.0908689],[14.2536898,41.0909671],[14.2537015,41.0909677],[14.2536975,41.0910114],[14.2537151,41.0910123],[14.2537122,41.0910432],[14.2536919,41.0910422],[14.2536877,41.091088],[14.2536767,41.0910874],[14.2536676,41.091187],[14.253683,41.0911878],[14.2536793,41.0912285],[14.2536963,41.0912294],[14.2536941,41.0912538],[14.2538096,41.0912596],[14.2538135,41.0912153],[14.2538328,41.0912163],[14.2538446,41.091079],[14.2538157,41.0910776],[14.2538232,41.0909895],[14.2538508,41.0909908],[14.2538617,41.0908613],[14.2538365,41.0908601],[14.2538439,41.0907709],[14.2538672,41.090772],[14.2538714,41.0907204],[14.2539461,41.0907238],[14.2539437,41.090753],[14.2539971,41.0907555],[14.2539961,41.0907689],[14.2540764,41.0907726],[14.2540775,41.090759],[14.2541199,41.0907609],[14.2541187,41.0907763],[14.2541905,41.0907795],[14.2541919,41.0907617],[14.2542547,41.0907645]]]},"properties":{"site":"capua","name":null,"category":"other","historic":null,"building":"apartments","osm_id":1225035079}},{"type":"Feature","geometry":{"type":"Polygon","coordinates":[[[14.2537955,41.0904848],[14.2539665,41.0904827],[14.2539621,41.0902808],[14.2543111,41.0902766],[14.2543102,41.0902364],[14.2545228,41.0902338],[14.2545236,41.0902687],[14.254729,41.0902662],[14.254726,41.0901256],[14.2537879,41.0901372],[14.2537955,41.0904848]]]},"properties":{"site":"capua","name":null,"category":"other","historic":null,"building":"apartments","osm_id":1225035080}},{"type":"Feature","geometry":{"type":"Polygon","coordinates":[[[14.2552155,41.090454],[14.2553864,41.0904519],[14.2553821,41.0902501],[14.2557311,41.0902458],[14.2557302,41.0902056],[14.2559428,41.090203],[14.2559435,41.0902379],[14.256149,41.0902354],[14.2561459,41.0900948],[14.2552079,41.0901064],[14.2552155,41.090454]]]},"properties":{"site":"capua","name":null,"category":"other","historic":null,"building":"apartments","osm_id":1225035081}},{"type":"Feature","geometry":{"type":"Polygon","coordinates":[[[14.2550829,41.0896562],[14.2560512,41.0896414],[14.2560545,41.0897596],[14.2550862,41.0897746],[14.2550829,41.0896562]]]},"properties":{"site":"capua","name":null,"category":"other","historic":null,"building":"apartments","osm_id":1225035082}},{"type":"Feature","geometry":{"type":"Polygon","coordinates":[[[14.2537968,41.089675],[14.2547651,41.0896601],[14.2547683,41.0897784],[14.2538,41.0897933],[14.2537968,41.089675]]]},"properties":{"site":"capua","name":null,"category":"other","historic":null,"building":"apartments","osm_id":1225035083}},{"type":"Feature","geometry":{"type":"Polygon","coordinates":[[[14.2593651,41.0903047],[14.2595337,41.0903045],[14.2595346,41.0908442],[14.2595348,41.0909628],[14.2595349,41.0910139],[14.2594737,41.0910139],[14.2594744,41.0915133],[14.2593076,41.0915135],[14.2593066,41.0907907],[14.2593659,41.0907907],[14.2593651,41.0903047]]]},"properties":{"site":"capua","name":"Istituto Comprensivo \"Raffaele Uccella\"","category":"other","historic":null,"building":"school","osm_id":1225035086}},{"type":"Feature","geometry":{"type":"Polygon","coordinates":[[[14.2579253,41.0902632],[14.2580186,41.0901679],[14.2581436,41.0902374],[14.2582115,41.0901681],[14.2583095,41.0902227],[14.2582006,41.0903337],[14.2582899,41.0903834],[14.258221,41.0904537],[14.2581076,41.0903906],[14.2580324,41.0904673],[14.2579161,41.0904025],[14.2580077,41.090309],[14.2579253,41.0902632]]]},"properties":{"site":"capua","name":null,"category":"other","historic":null,"building":"yes","osm_id":1225035088}},{"type":"Feature","geometry":{"type":"Polygon","coordinates":[[[14.2585736,41.0901879],[14.258667,41.0900926],[14.2587919,41.0901622],[14.2588598,41.0900928],[14.2589578,41.0901474],[14.258849,41.0902585],[14.2589383,41.0903082],[14.2588693,41.0903785],[14.2587559,41.0903153],[14.2586807,41.090392],[14.2585644,41.0903272],[14.258656,41.0902338],[14.2585736,41.0901879]]]},"properties":{"site":"capua","name":null,"category":"other","historic":null,"building":"yes","osm_id":1225035089}},{"type":"Feature","geometry":{"type":"Polygon","coordinates":[[[14.256349,41.0907158],[14.2564948,41.0907211],[14.2564859,41.0908588],[14.256424,41.0908565],[14.2564189,41.090935],[14.2564855,41.0909374],[14.256477,41.09107],[14.2564063,41.0910674],[14.2564006,41.0911553],[14.256457,41.0911573],[14.2564489,41.0912823],[14.2563796,41.0912797],[14.2563734,41.0913751],[14.2561964,41.0913685],[14.256202,41.0912823],[14.2562525,41.0912841],[14.2562566,41.0912211],[14.2563221,41.0912235],[14.2563265,41.0911554],[14.2562094,41.0911511],[14.256216,41.0910489],[14.2562711,41.0910509],[14.2562741,41.0910043],[14.2563422,41.0910069],[14.2563465,41.0909406],[14.2562235,41.0909361],[14.2562305,41.0908274],[14.2562838,41.0908294],[14.2562865,41.0907868],[14.2563443,41.0907889],[14.256349,41.0907158]]]},"properties":{"site":"capua","name":null,"category":"other","historic":null,"building":"apartments","osm_id":1225035092}},{"type":"Feature","geometry":{"type":"Polygon","coordinates":[[[14.2559736,41.0903295],[14.2562672,41.0903374],[14.2562567,41.0905575],[14.2559631,41.0905495],[14.2559736,41.0903295]]]},"properties":{"site":"capua","name":null,"category":"other","historic":null,"building":"yes","osm_id":1225035093}},{"type":"Feature","geometry":{"type":"Polygon","coordinates":[[[14.2572179,41.0914243],[14.2575251,41.0914636],[14.2575158,41.0915051],[14.2574525,41.0914971],[14.2574558,41.0914823],[14.2574146,41.0914771],[14.2574108,41.0914943],[14.2573489,41.0914866],[14.2573444,41.0915073],[14.2572982,41.0915016],[14.2572827,41.091573],[14.2572975,41.0915748],[14.2572889,41.0916146],[14.2573836,41.0916262],[14.2573766,41.0916583],[14.2574825,41.0916712],[14.2574789,41.0916595],[14.2575192,41.0916646],[14.2575328,41.0916045],[14.2576177,41.0916154],[14.2575889,41.091743],[14.2571585,41.0916879],[14.2572179,41.0914243]]]},"properties":{"site":"capua","name":null,"category":"other","historic":null,"building":"yes","osm_id":1225035094}},{"type":"Feature","geometry":{"type":"Polygon","coordinates":[[[14.2569973,41.0913213],[14.2569736,41.0913638],[14.2570664,41.0914414],[14.2570841,41.0914477],[14.2571607,41.0913259],[14.257142,41.0913192],[14.2571433,41.0912817],[14.2571684,41.0912822],[14.2572076,41.0911923],[14.256983,41.0911911],[14.2569818,41.0913212],[14.2569973,41.0913213]]]},"properties":{"site":"capua","name":null,"category":"other","historic":null,"building":"yes","osm_id":1225035095}},{"type":"Feature","geometry":{"type":"Polygon","coordinates":[[[14.2567669,41.0905815],[14.2568585,41.0905837],[14.2568573,41.0906113],[14.2569022,41.0906124],[14.2569049,41.0906199],[14.2569324,41.0906205],[14.2569318,41.0906353],[14.2569832,41.0906365],[14.2569846,41.0906019],[14.2570702,41.0906038],[14.2570693,41.0906257],[14.2571469,41.0906275],[14.2571457,41.0906587],[14.2571906,41.0906597],[14.2571902,41.0906701],[14.2572713,41.090672],[14.2572723,41.0906464],[14.2573576,41.0906484],[14.2573526,41.0907709],[14.2572216,41.0907679],[14.2572225,41.0907453],[14.2570598,41.0907415],[14.2570606,41.0907217],[14.2569318,41.0907186],[14.2569324,41.0907045],[14.2567619,41.0907004],[14.2567669,41.0905815]]]},"properties":{"site":"capua","name":null,"category":"other","historic":null,"building":"yes","osm_id":1225035096}},{"type":"Feature","geometry":{"type":"Polygon","coordinates":[[[14.2568091,41.0908843],[14.2569929,41.0908139],[14.2570608,41.0909146],[14.2570266,41.0909277],[14.2571055,41.0910448],[14.2569531,41.0911032],[14.2569056,41.0910328],[14.2569442,41.091018],[14.2569144,41.0909737],[14.2568786,41.0909874],[14.2568091,41.0908843]]]},"properties":{"site":"capua","name":null,"category":"other","historic":null,"building":"yes","osm_id":1225035097}},{"type":"Feature","geometry":{"type":"Polygon","coordinates":[[[14.2477322,41.0840873],[14.2477893,41.0840462],[14.2478261,41.0840753],[14.2477691,41.0841163],[14.2477322,41.0840873]]]},"properties":{"site":"capua","name":null,"category":"other","historic":"building","building":"yes","osm_id":1241013651}},{"type":"Feature","geometry":{"type":"Polygon","coordinates":[[[14.2493053,41.0820386],[14.2494134,41.0820421],[14.2494071,41.0821522],[14.2492989,41.0821487],[14.2493053,41.0820386]]]},"properties":{"site":"capua","name":null,"category":"other","historic":null,"building":"yes","osm_id":1245535059}},{"type":"Feature","geometry":{"type":"Polygon","coordinates":[[[14.250059,41.0821261],[14.2502352,41.0821311],[14.2502317,41.0822007],[14.2500555,41.0821956],[14.250059,41.0821261]]]},"properties":{"site":"capua","name":null,"category":"other","historic":null,"building":"roof","osm_id":1245535060}},{"type":"Feature","geometry":{"type":"Polygon","coordinates":[[[14.249081,41.0818929],[14.2492263,41.0818973],[14.2492273,41.081877],[14.2493805,41.0818816],[14.2493839,41.0818178],[14.2493471,41.0818167],[14.2493499,41.0817626],[14.2494688,41.0817662],[14.249466,41.0818192],[14.249607,41.0818234],[14.2496181,41.0816142],[14.2496624,41.0816155],[14.2496718,41.0814385],[14.2494476,41.0814318],[14.2494449,41.0814822],[14.2494035,41.0814809],[14.2493941,41.0816583],[14.2491414,41.0816506],[14.2491391,41.0816932],[14.2490917,41.0816918],[14.249081,41.0818929]]]},"properties":{"site":"capua","name":"IC \"Mazzocchi\"","category":"other","historic":null,"building":"school","osm_id":1245536867}},{"type":"Feature","geometry":{"type":"Polygon","coordinates":[[[14.255018,41.0843438],[14.2550089,41.0840478],[14.2551383,41.0840455],[14.2551473,41.0843416],[14.255018,41.0843438]]]},"properties":{"site":"capua","name":null,"category":"other","historic":null,"building":"yes","osm_id":1267221548}},{"type":"Feature","geometry":{"type":"Polygon","coordinates":[[[14.2553991,41.0827381],[14.2553937,41.0826102],[14.2556685,41.0826036],[14.2556739,41.0827315],[14.2553991,41.0827381]]]},"properties":{"site":"capua","name":null,"category":"other","historic":null,"building":"yes","osm_id":1267221549}},{"type":"Feature","geometry":{"type":"Polygon","coordinates":[[[14.2459884,41.0828481],[14.2459599,41.0827651],[14.2463237,41.0827104],[14.2463721,41.0827757],[14.2459884,41.0828481]]]},"properties":{"site":"capua","name":null,"category":"other","historic":null,"building":"yes","osm_id":1267221550}},{"type":"Feature","geometry":{"type":"Polygon","coordinates":[[[14.2536963,41.0835781],[14.2537067,41.0834682],[14.2540743,41.0834881],[14.2540638,41.083598],[14.2536963,41.0835781]]]},"properties":{"site":"capua","name":null,"category":"other","historic":null,"building":"yes","osm_id":1267221551}},{"type":"Feature","geometry":{"type":"Polygon","coordinates":[[[14.2540328,41.0839207],[14.254006,41.0842186],[14.2537894,41.0842056],[14.2537959,41.0841215],[14.2538494,41.0841229],[14.2538574,41.0839755],[14.2538775,41.0839763],[14.2538824,41.0839121],[14.2540328,41.0839207]]]},"properties":{"site":"capua","name":null,"category":"other","historic":null,"building":"yes","osm_id":1267221552}},{"type":"Feature","geometry":{"type":"Polygon","coordinates":[[[14.2522165,41.0863137],[14.2522397,41.0861781],[14.2522696,41.086181],[14.2522816,41.0861109],[14.2523856,41.086121],[14.2523745,41.0861857],[14.252388,41.086187],[14.252364,41.086328],[14.2522165,41.0863137]]]},"properties":{"site":"capua","name":null,"category":"other","historic":null,"building":"yes","osm_id":1267221555}},{"type":"Feature","geometry":{"type":"Polygon","coordinates":[[[14.2554282,41.0833905],[14.2554248,41.0830452],[14.255576,41.0830443],[14.2555782,41.0832687],[14.2557011,41.083268],[14.2557022,41.083389],[14.2554282,41.0833905]]]},"properties":{"site":"capua","name":null,"category":"other","historic":null,"building":"yes","osm_id":1267221556}},{"type":"Feature","geometry":{"type":"Polygon","coordinates":[[[14.2535202,41.0840852],[14.2535652,41.0836532],[14.2537192,41.0836623],[14.2536742,41.0840943],[14.2535202,41.0840852]]]},"properties":{"site":"capua","name":null,"category":"other","historic":null,"building":"yes","osm_id":1267221560}},{"type":"Feature","geometry":{"type":"Polygon","coordinates":[[[14.2553922,41.0827769],[14.255535,41.0827786],[14.2555325,41.0828995],[14.2557054,41.0829015],[14.2557031,41.0830113],[14.2553873,41.0830076],[14.2553922,41.0827769]]]},"properties":{"site":"capua","name":null,"category":"other","historic":null,"building":"yes","osm_id":1267221562}},{"type":"Feature","geometry":{"type":"Polygon","coordinates":[[[14.2550322,41.0848104],[14.2550174,41.0844747],[14.2551675,41.084471],[14.2551823,41.0848066],[14.2550322,41.0848104]]]},"properties":{"site":"capua","name":null,"category":"other","historic":null,"building":"yes","osm_id":1267221563}},{"type":"Feature","geometry":{"type":"Polygon","coordinates":[[[14.2532286,41.0840281],[14.253267,41.083635],[14.2534168,41.0836434],[14.2533784,41.0840364],[14.2532286,41.0840281]]]},"properties":{"site":"capua","name":null,"category":"other","historic":null,"building":"yes","osm_id":1267221564}},{"type":"Feature","geometry":{"type":"Polygon","coordinates":[[[14.2547815,41.0833358],[14.2547763,41.0829502],[14.2549272,41.0829491],[14.2549323,41.0833347],[14.2547815,41.0833358]]]},"properties":{"site":"capua","name":null,"category":"other","historic":null,"building":"yes","osm_id":1267221566}},{"type":"Feature","geometry":{"type":"Polygon","coordinates":[[[14.2550528,41.0829985],[14.255038,41.0826251],[14.2553218,41.0826187],[14.255327,41.082751],[14.2552185,41.0827534],[14.2552228,41.082862],[14.2553182,41.0828598],[14.2553234,41.0829924],[14.2550528,41.0829985]]]},"properties":{"site":"capua","name":null,"category":"other","historic":null,"building":"yes","osm_id":1267221567}},{"type":"Feature","geometry":{"type":"Polygon","coordinates":[[[14.2523031,41.0860149],[14.2523348,41.085831],[14.2524911,41.0858463],[14.2524594,41.0860302],[14.2523031,41.0860149]]]},"properties":{"site":"capua","name":null,"category":"other","historic":null,"building":"yes","osm_id":1267221568}},{"type":"Feature","geometry":{"type":"Polygon","coordinates":[[[14.2538824,41.0839121],[14.2538973,41.0836749],[14.2540518,41.0836794],[14.2540328,41.0839207],[14.2538824,41.0839121]]]},"properties":{"site":"capua","name":null,"category":"other","historic":null,"building":"yes","osm_id":1267221570}},{"type":"Feature","geometry":{"type":"Polygon","coordinates":[[[14.246336,41.0830935],[14.2462305,41.0829031],[14.2463766,41.0828571],[14.246482,41.0830475],[14.246336,41.0830935]]]},"properties":{"site":"capua","name":null,"category":"other","historic":null,"building":"yes","osm_id":1267221571}},{"type":"Feature","geometry":{"type":"Polygon","coordinates":[[[14.2499883,41.0850591],[14.2499835,41.0849798],[14.2500018,41.0849792],[14.2500517,41.08498],[14.250066,41.0849804],[14.2500699,41.0850563],[14.2499883,41.0850591]]]},"properties":{"site":"capua","name":null,"category":"other","historic":null,"building":"yes","osm_id":1267224539}},{"type":"Feature","geometry":{"type":"Polygon","coordinates":[[[14.2497801,41.0848195],[14.24978,41.0847501],[14.2500008,41.0847501],[14.2500008,41.0848922],[14.2499111,41.0848923],[14.2499111,41.0848195],[14.2497801,41.0848195]]]},"properties":{"site":"capua","name":null,"category":"other","historic":null,"building":"yes","osm_id":1267224540}},{"type":"Feature","geometry":{"type":"Polygon","coordinates":[[[14.2589375,41.08145],[14.2588978,41.0814497],[14.2588975,41.0814806],[14.2586723,41.0814743],[14.2586649,41.0815328],[14.2586768,41.0815528],[14.2587017,41.0815657],[14.2587007,41.0815771],[14.258894,41.0815818],[14.2588943,41.0816105],[14.2589338,41.0816102],[14.2589334,41.0815815],[14.2589371,41.0814809],[14.2589375,41.08145]]]},"properties":{"site":"capua","name":"Chiesa di San Pietro Apostolo","category":"medieval","historic":null,"building":"chiesa_parrocchiale","osm_id":1267479790}},{"type":"Feature","geometry":{"type":"Polygon","coordinates":[[[14.2588975,41.0814806],[14.2588978,41.0814497],[14.2589375,41.08145],[14.2589371,41.0814809],[14.2588975,41.0814806]]]},"properties":{"site":"capua","name":null,"category":"other","historic":null,"building":"yes","osm_id":1267479795}},{"type":"Feature","geometry":{"type":"Polygon","coordinates":[[[14.258894,41.0815818],[14.2589334,41.0815815],[14.2589338,41.0816102],[14.2588943,41.0816105],[14.258894,41.0815818]]]},"properties":{"site":"capua","name":null,"category":"other","historic":null,"building":"yes","osm_id":1267479797}},{"type":"Feature","geometry":{"type":"Polygon","coordinates":[[[14.2509325,41.0842867],[14.2509312,41.0840606],[14.2509034,41.0840611],[14.2507259,41.084064],[14.2507757,41.0842864],[14.2507889,41.0842862],[14.2509099,41.0842861],[14.2509325,41.0842867]]]},"properties":{"site":"capua","name":"Amfiteatro Campano","category":"theater","historic":null,"building":"yes","osm_id":1267494441}},{"type":"Feature","geometry":{"type":"Polygon","coordinates":[[[14.2507889,41.0842862],[14.250789,41.0843373],[14.25091,41.0843372],[14.2509099,41.0842861],[14.2507889,41.0842862]]]},"properties":{"site":"capua","name":null,"category":"other","historic":null,"building":"yes","osm_id":1267494445}},{"type":"Feature","geometry":{"type":"Polygon","coordinates":[[[14.2488767,41.0861378],[14.2487748,41.0862326],[14.2494341,41.0869391],[14.249301,41.0870248],[14.2494031,41.0872604],[14.2494499,41.0872701],[14.249613,41.0872145],[14.2498047,41.0871646],[14.2499643,41.0871301],[14.2507646,41.0870996],[14.2510318,41.087108],[14.2514151,41.0870615],[14.251601,41.0870228],[14.2517997,41.0869591],[14.2520891,41.0850988],[14.2512033,41.0849982],[14.2512281,41.0847884],[14.2511773,41.084784],[14.2509356,41.0847573],[14.2509395,41.0847272],[14.2509476,41.0847294],[14.250953,41.0846676],[14.2509391,41.084668],[14.2509383,41.0845441],[14.2509502,41.0845447],[14.2509516,41.0845208],[14.2509243,41.0845213],[14.2509325,41.0842867],[14.2509099,41.0842861],[14.2507889,41.0842862],[14.2507757,41.0842864],[14.2507259,41.084064],[14.250623,41.0835899],[14.2505882,41.0835838],[14.2505481,41.0835729],[14.2505318,41.0835259],[14.2502336,41.0834074],[14.2502345,41.0835468],[14.2502335,41.0839706],[14.2502359,41.0840835],[14.2502544,41.0840968],[14.2502716,41.0841115],[14.2502337,41.0841385],[14.2502328,41.084843],[14.2502323,41.0849162],[14.2501134,41.0849135],[14.2500035,41.0849131],[14.250003,41.0849331],[14.2500018,41.0849792],[14.2499835,41.0849798],[14.2499883,41.0850591],[14.2499847,41.085091],[14.2498433,41.0851083],[14.2496501,41.0851602],[14.2495195,41.0852315],[14.2494012,41.0853049],[14.2493089,41.0853984],[14.2492675,41.08545],[14.2492149,41.0855353],[14.2491536,41.0856648],[14.2491396,41.0857479],[14.2487095,41.0857435],[14.2486273,41.0858173],[14.2485934,41.0859242],[14.2485949,41.0860189],[14.2486482,41.0860827],[14.2488767,41.0861378]]]},"properties":{"site":"capua","name":"Parco Anfieatro Campano","category":"archaeological","historic":"archaeological_site","building":null,"osm_id":1267494454}},{"type":"Feature","geometry":{"type":"Polygon","coordinates":[[[14.2500018,41.0849792],[14.250003,41.0849331],[14.2500529,41.0849339],[14.2500517,41.08498],[14.2500018,41.0849792]]]},"properties":{"site":"capua","name":null,"category":"other","historic":null,"building":"yes","osm_id":1267494457}},{"type":"Feature","geometry":{"type":"Polygon","coordinates":[[[14.2604341,41.0883558],[14.2604387,41.0880806],[14.2592679,41.0880841],[14.2588104,41.0887076],[14.2589669,41.0887658],[14.2592576,41.0883583],[14.2604341,41.0883558]]]},"properties":{"site":"capua","name":null,"category":"other","historic":null,"building":"yes","osm_id":1276458578}},{"type":"Feature","geometry":{"type":"Polygon","coordinates":[[[14.2621416,41.0888802],[14.2623038,41.0888781],[14.2622931,41.0884081],[14.2621308,41.0884103],[14.2621416,41.0888802]]]},"properties":{"site":"capua","name":null,"category":"other","historic":null,"building":"yes","osm_id":1276458579}},{"type":"Feature","geometry":{"type":"Polygon","coordinates":[[[14.2616428,41.088154],[14.2622615,41.0881512],[14.2622606,41.0880367],[14.2616419,41.0880395],[14.2616428,41.088154]]]},"properties":{"site":"capua","name":null,"category":"other","historic":null,"building":"yes","osm_id":1276458580}},{"type":"Feature","geometry":{"type":"Polygon","coordinates":[[[14.2621012,41.0872535],[14.2621082,41.0869719],[14.2619588,41.0869736],[14.2619588,41.0870616],[14.2613283,41.0870511],[14.2613283,41.0869684],[14.2611672,41.0869666],[14.2611625,41.0872394],[14.2613166,41.0872429],[14.2613143,41.0871567],[14.2619518,41.0871672],[14.2619471,41.0872517],[14.2621012,41.0872535]]]},"properties":{"site":"capua","name":null,"category":"other","historic":null,"building":"yes","osm_id":1276458581}},{"type":"Feature","geometry":{"type":"Polygon","coordinates":[[[14.2611491,41.0876102],[14.2613096,41.0876125],[14.2613118,41.0875245],[14.2617978,41.0875316],[14.2618008,41.0874148],[14.261313,41.0874077],[14.2613148,41.0873356],[14.2611562,41.0873333],[14.2611491,41.0876102]]]},"properties":{"site":"capua","name":null,"category":"other","historic":null,"building":"yes","osm_id":1276458582}},{"type":"Feature","geometry":{"type":"Polygon","coordinates":[[[14.2631822,41.0875968],[14.2635032,41.0875874],[14.2634863,41.0872602],[14.2631652,41.0872697],[14.2631822,41.0875968]]]},"properties":{"site":"capua","name":null,"category":"other","historic":null,"building":"yes","osm_id":1276458583}},{"type":"Feature","geometry":{"type":"Polygon","coordinates":[[[14.2633055,41.0871116],[14.2634601,41.0871075],[14.2634456,41.0867961],[14.2632901,41.0868002],[14.2632946,41.0868953],[14.2631688,41.0868986],[14.2631738,41.0870055],[14.2633004,41.0870021],[14.2633055,41.0871116]]]},"properties":{"site":"capua","name":null,"category":"other","historic":null,"building":"yes","osm_id":1276458584}},{"type":"Feature","geometry":{"type":"Polygon","coordinates":[[[14.2629024,41.0876726],[14.2629948,41.0875972],[14.2629655,41.0875728],[14.2629779,41.08756],[14.2629332,41.0875275],[14.2629055,41.0875438],[14.2628623,41.0875124],[14.2628315,41.0875287],[14.2628192,41.087517],[14.2628176,41.0874915],[14.2628346,41.0874764],[14.2628577,41.0874903],[14.2628931,41.0874636],[14.2629162,41.0874799],[14.2629809,41.0874427],[14.2629717,41.0874323],[14.2630195,41.0873963],[14.2629255,41.0873359],[14.2629132,41.0873394],[14.2628854,41.0873162],[14.2628223,41.087358],[14.2628361,41.0873696],[14.2627899,41.0873986],[14.2628007,41.0874021],[14.2627791,41.0874184],[14.2627653,41.0874091],[14.2627699,41.0873998],[14.2627268,41.0873661],[14.2627391,41.0873568],[14.262679,41.0873139],[14.2626528,41.0873313],[14.262642,41.0873243],[14.2625511,41.0873951],[14.2626004,41.08743],[14.2625927,41.0874393],[14.2626374,41.0874787],[14.2626636,41.0874636],[14.262699,41.0874915],[14.2627237,41.0874741],[14.2627406,41.0874903],[14.2627406,41.0875147],[14.2627237,41.0875217],[14.2627036,41.0875054],[14.2626605,41.0875345],[14.2626405,41.0875205],[14.2625881,41.087553],[14.2625989,41.0875681],[14.2625665,41.0875937],[14.2625943,41.0876181],[14.2625866,41.087625],[14.2626466,41.0876703],[14.2626913,41.0876378],[14.2627113,41.0876471],[14.2627606,41.0876088],[14.2627745,41.087589],[14.2627992,41.0876018],[14.262793,41.0876111],[14.2628423,41.0876483],[14.2628546,41.0876366],[14.2629024,41.0876726]]]},"properties":{"site":"capua","name":null,"category":"other","historic":null,"building":"yes","osm_id":1276458585}},{"type":"Feature","geometry":{"type":"Polygon","coordinates":[[[14.2627906,41.0867529],[14.2630016,41.0867401],[14.2629831,41.0865288],[14.2627767,41.0865357],[14.2627906,41.0867529]]]},"properties":{"site":"capua","name":null,"category":"other","historic":null,"building":"yes","osm_id":1276458586}},{"type":"Feature","geometry":{"type":"Polygon","coordinates":[[[14.2606309,41.0876002],[14.2607875,41.0876022],[14.2607901,41.0874988],[14.2608777,41.0875008],[14.2608795,41.0873734],[14.2598022,41.0873668],[14.2598022,41.0874864],[14.2599023,41.0874881],[14.2599016,41.0875944],[14.2600664,41.0875955],[14.260071,41.0874928],[14.2606316,41.0875013],[14.2606309,41.0876002]]]},"properties":{"site":"capua","name":null,"category":"other","historic":null,"building":"yes","osm_id":1276458587}},{"type":"Feature","geometry":{"type":"Polygon","coordinates":[[[14.2606007,41.0872799],[14.2607618,41.0872826],[14.2607649,41.0871768],[14.2608737,41.0871786],[14.2608773,41.0870563],[14.2601279,41.0870439],[14.2601244,41.0871663],[14.2606038,41.0871743],[14.2606007,41.0872799]]]},"properties":{"site":"capua","name":null,"category":"other","historic":null,"building":"yes","osm_id":1276458588}},{"type":"Feature","geometry":{"type":"Polygon","coordinates":[[[14.2577099,41.0876255],[14.2580625,41.0876096],[14.2580228,41.0868546],[14.2576656,41.0868722],[14.2577099,41.0876255]]]},"properties":{"site":"capua","name":null,"category":"other","historic":null,"building":"yes","osm_id":1276458589}},{"type":"Feature","geometry":{"type":"Polygon","coordinates":[[[14.2582999,41.0876068],[14.2586515,41.0875942],[14.2586344,41.0873216],[14.2582827,41.0873342],[14.2582999,41.0876068]]]},"properties":{"site":"capua","name":null,"category":"other","historic":null,"building":"yes","osm_id":1276458590}},{"type":"Feature","geometry":{"type":"Polygon","coordinates":[[[14.2582671,41.0871175],[14.2586209,41.0871051],[14.2586046,41.086842],[14.2582509,41.0868544],[14.2582671,41.0871175]]]},"properties":{"site":"capua","name":null,"category":"other","historic":null,"building":"yes","osm_id":1276458591}},{"type":"Feature","geometry":{"type":"Polygon","coordinates":[[[14.2607931,41.088655],[14.261348,41.088648],[14.2613461,41.08856],[14.2607912,41.088567],[14.2607931,41.088655]]]},"properties":{"site":"capua","name":null,"category":"other","historic":null,"building":"yes","osm_id":1276458592}},{"type":"Feature","geometry":{"type":"Polygon","coordinates":[[[14.2607659,41.0893436],[14.2613635,41.0893385],[14.2613622,41.0892481],[14.2607646,41.0892532],[14.2607659,41.0893436]]]},"properties":{"site":"capua","name":null,"category":"other","historic":null,"building":"yes","osm_id":1276458593}},{"type":"Feature","geometry":{"type":"Polygon","coordinates":[[[14.2613547,41.0891894],[14.2614746,41.0891878],[14.2614645,41.0887052],[14.2613486,41.0887052],[14.2613547,41.0891894]]]},"properties":{"site":"capua","name":null,"category":"other","historic":null,"building":"yes","osm_id":1276458594}},{"type":"Feature","geometry":{"type":"Polygon","coordinates":[[[14.2604829,41.0905176],[14.2606026,41.0904598],[14.2606463,41.0905114],[14.2607611,41.090456],[14.2605548,41.0902129],[14.260674,41.0901555],[14.2605949,41.0900622],[14.2604724,41.0901213],[14.2604295,41.0900709],[14.2603241,41.0901217],[14.2605279,41.0903617],[14.260402,41.0904224],[14.2604829,41.0905176]]]},"properties":{"site":"capua","name":null,"category":"other","historic":null,"building":"yes","osm_id":1276458596}},{"type":"Feature","geometry":{"type":"Polygon","coordinates":[[[14.2664351,41.0743079],[14.2665526,41.0743296],[14.2665154,41.0744978],[14.2665514,41.074505],[14.2664962,41.074619],[14.2663619,41.0745801],[14.2664351,41.0743079]]]},"properties":{"site":"capua","name":"Pam","category":"other","historic":null,"building":"yes","osm_id":1276759790}},{"type":"Feature","geometry":{"type":"Polygon","coordinates":[[[14.2660555,41.0779926],[14.2661015,41.0779966],[14.2664054,41.0780232],[14.2664247,41.0780249],[14.2663803,41.0783379],[14.2660448,41.0783102],[14.2660785,41.0780977],[14.2660387,41.0780931],[14.2660555,41.0779926]]]},"properties":{"site":"capua","name":"Museo Civico Garibaldino & Risorgimentale","category":"other","historic":null,"building":"yes","osm_id":1283289228}},{"type":"Feature","geometry":{"type":"Polygon","coordinates":[[[14.2661015,41.0779966],[14.2661261,41.0777956],[14.2660822,41.0777937],[14.2661282,41.0775174],[14.2665712,41.0775399],[14.2665787,41.0775032],[14.2664757,41.0774976],[14.2664832,41.0774609],[14.2662561,41.0774496],[14.2662586,41.0774355],[14.2662043,41.0774318],[14.2662012,41.077452],[14.2661382,41.0774454],[14.2661475,41.0773923],[14.2662617,41.0773993],[14.266263,41.0773819],[14.2664576,41.0773951],[14.2664651,41.0772963],[14.266583,41.0773062],[14.2666635,41.0773085],[14.2667939,41.0773015],[14.2667995,41.0774017],[14.2666248,41.0774078],[14.2664938,41.0773993],[14.2664901,41.0774506],[14.2668663,41.0774755],[14.2668532,41.0775808],[14.266676,41.0775682],[14.266651,41.0776923],[14.2663947,41.0776772],[14.2663796,41.0777457],[14.266526,41.0777546],[14.2665041,41.0778453],[14.2664317,41.0778434],[14.2664054,41.0780232],[14.2661015,41.0779966]]]},"properties":{"site":"capua","name":"Istituto Osservazione Minorenni \"A.Angiulli\"","category":"other","historic":null,"building":"school","osm_id":1283289230}},{"type":"Feature","geometry":{"type":"Polygon","coordinates":[[[14.2694227,41.0786359],[14.2698471,41.078622],[14.2698437,41.0787168],[14.2698691,41.078716],[14.2699063,41.078688],[14.2699904,41.0786844],[14.2700236,41.0787057],[14.2700187,41.0788177],[14.2699953,41.078834],[14.2699923,41.0788575],[14.2700373,41.078859],[14.2700529,41.0788657],[14.2700657,41.0788745],[14.2700676,41.0788856],[14.2700666,41.0788988],[14.2700559,41.0789062],[14.2700383,41.0789136],[14.2699728,41.0789143],[14.2699718,41.0789504],[14.2699581,41.0789607],[14.2699395,41.078971],[14.2699268,41.0789718],[14.2699073,41.0789703],[14.2698975,41.0789629],[14.2698877,41.0789534],[14.2698897,41.0789224],[14.2698545,41.0789224],[14.2698535,41.0789408],[14.2697997,41.0789408],[14.2697684,41.0789696],[14.2697205,41.0789401],[14.2695641,41.0789364],[14.269523,41.0789651],[14.2694781,41.0789364],[14.2694253,41.0789371],[14.2694227,41.0786359]]]},"properties":{"site":"capua","name":"Palazzetto dello Sport di Curti","category":"port","historic":null,"building":"yes","osm_id":1283289236}},{"type":"Feature","geometry":{"type":"Polygon","coordinates":[[[14.2603266,41.0767801],[14.260731,41.0767686],[14.261281,41.0768286],[14.2612963,41.0767628],[14.2611646,41.0767512],[14.2611768,41.0766958],[14.2611293,41.0766889],[14.2611784,41.0764371],[14.2611232,41.0764383],[14.2611186,41.0764001],[14.2609639,41.0764082],[14.2609639,41.0763967],[14.260944,41.0763967],[14.2609363,41.076347],[14.2608873,41.0763482],[14.2608858,41.0764071],[14.2606468,41.0764105],[14.2606575,41.0762465],[14.2603557,41.0762431],[14.2603266,41.0767801]]]},"properties":{"site":"capua","name":"Palazzo Garibaldino Fortini","category":"other","historic":"castle","building":"yes","osm_id":1283292282}},{"type":"Feature","geometry":{"type":"Polygon","coordinates":[[[14.2729325,41.0883378],[14.2731712,41.0883306],[14.2731546,41.0880165],[14.272916,41.0880237],[14.2729325,41.0883378]]]},"properties":{"site":"capua","name":null,"category":"other","historic":null,"building":"yes","osm_id":1310768879}},{"type":"Feature","geometry":{"type":"Polygon","coordinates":[[[14.2671968,41.0897037],[14.2671968,41.0897942],[14.2672605,41.0897942],[14.2672605,41.0897249],[14.2672525,41.0897141],[14.2672401,41.089707],[14.2672276,41.0897037],[14.2671968,41.0897037]]]},"properties":{"site":"capua","name":null,"category":"other","historic":null,"building":"yes","osm_id":1336953375}},{"type":"Feature","geometry":{"type":"Polygon","coordinates":[[[14.2696723,41.0873896],[14.2697141,41.0873905],[14.2697175,41.0873043],[14.2695545,41.0873006],[14.2695472,41.0874838],[14.2696685,41.0874866],[14.2696723,41.0873896]]]},"properties":{"site":"capua","name":null,"category":"other","historic":null,"building":"yes","osm_id":1383298485}},{"type":"Feature","geometry":{"type":"Polygon","coordinates":[[[14.2687927,41.087623],[14.268791,41.0876673],[14.2688464,41.0877696],[14.2689765,41.0877725],[14.2689822,41.0876273],[14.2687927,41.087623]]]},"properties":{"site":"capua","name":null,"category":"other","historic":null,"building":"yes","osm_id":1383298486}},{"type":"Feature","geometry":{"type":"Polygon","coordinates":[[[14.2697731,41.0876119],[14.2697668,41.0877698],[14.2699367,41.0877736],[14.2699429,41.0876157],[14.2697731,41.0876119]]]},"properties":{"site":"capua","name":null,"category":"other","historic":null,"building":"yes","osm_id":1383298487}},{"type":"Feature","geometry":{"type":"Polygon","coordinates":[[[14.2693862,41.0876977],[14.2693841,41.0877504],[14.2696011,41.0877553],[14.2696081,41.0875796],[14.2693957,41.0875748],[14.2693962,41.0875635],[14.2692997,41.0875614],[14.2692943,41.0876957],[14.2693862,41.0876977]]]},"properties":{"site":"capua","name":null,"category":"other","historic":null,"building":"yes","osm_id":1383298488}},{"type":"Feature","geometry":{"type":"Polygon","coordinates":[[[14.2690703,41.0875492],[14.2690621,41.0877563],[14.2692044,41.0877595],[14.2692126,41.0875524],[14.2690703,41.0875492]]]},"properties":{"site":"capua","name":null,"category":"other","historic":null,"building":"yes","osm_id":1383298489}},{"type":"Feature","geometry":{"type":"Polygon","coordinates":[[[14.2690891,41.0872713],[14.2690805,41.0874879],[14.2692018,41.0874906],[14.2692103,41.087274],[14.2690891,41.0872713]]]},"properties":{"site":"capua","name":null,"category":"other","historic":null,"building":"yes","osm_id":1383298490}},{"type":"Feature","geometry":{"type":"Polygon","coordinates":[[[14.2692956,41.0872885],[14.269288,41.08748],[14.2694445,41.0874835],[14.2694521,41.087292],[14.2692956,41.0872885]]]},"properties":{"site":"capua","name":null,"category":"other","historic":null,"building":"yes","osm_id":1383298491}},{"type":"Feature","geometry":{"type":"Polygon","coordinates":[[[14.2686854,41.0874613],[14.2686825,41.0875348],[14.2689671,41.0875412],[14.26897,41.0874677],[14.2686854,41.0874613]]]},"properties":{"site":"capua","name":null,"category":"other","historic":null,"building":"yes","osm_id":1383298492}},{"type":"Feature","geometry":{"type":"Polygon","coordinates":[[[14.2686908,41.0872773],[14.2686875,41.0873609],[14.2689738,41.0873673],[14.2689771,41.0872838],[14.2686908,41.0872773]]]},"properties":{"site":"capua","name":null,"category":"other","historic":null,"building":"yes","osm_id":1383298493}},{"type":"Feature","geometry":{"type":"Polygon","coordinates":[[[14.2682411,41.0901002],[14.2682341,41.0899524],[14.268465,41.0899461],[14.268472,41.0900939],[14.2682411,41.0901002]]]},"properties":{"site":"capua","name":null,"category":"other","historic":null,"building":"civic","osm_id":1454795698}},{"type":"Feature","geometry":{"type":"Polygon","coordinates":[[[14.2741887,41.0904175],[14.2741842,41.0905144],[14.2739967,41.0905094],[14.2740032,41.0903701],[14.2741666,41.0903744],[14.2741646,41.0904168],[14.2741887,41.0904175]]]},"properties":{"site":"capua","name":null,"category":"other","historic":null,"building":"yes","osm_id":1460627662}},{"type":"Feature","geometry":{"type":"Polygon","coordinates":[[[14.2739358,41.0895119],[14.274067,41.0895163],[14.2740571,41.0896809],[14.2739259,41.0896764],[14.2739358,41.0895119]]]},"properties":{"site":"capua","name":null,"category":"other","historic":null,"building":"yes","osm_id":1460627665}},{"type":"Feature","geometry":{"type":"Polygon","coordinates":[[[14.2740188,41.0892564],[14.2740133,41.0894342],[14.2739141,41.0894325],[14.2739151,41.0893993],[14.27386,41.0893983],[14.2738644,41.0892537],[14.2740188,41.0892564]]]},"properties":{"site":"capua","name":null,"category":"other","historic":null,"building":"yes","osm_id":1460627666}},{"type":"Feature","geometry":{"type":"Polygon","coordinates":[[[14.2740487,41.08914],[14.2738139,41.0891357],[14.2738145,41.0891184],[14.2737528,41.0891172],[14.2737567,41.0889992],[14.2740531,41.0890047],[14.2740487,41.08914]]]},"properties":{"site":"capua","name":null,"category":"other","historic":null,"building":"yes","osm_id":1460627669}},{"type":"Feature","geometry":{"type":"Polygon","coordinates":[[[14.2741198,41.0888378],[14.2741158,41.0889266],[14.2738479,41.0889199],[14.2738518,41.088831],[14.2741198,41.0888378]]]},"properties":{"site":"capua","name":null,"category":"other","historic":null,"building":"yes","osm_id":1460627670}},{"type":"Feature","geometry":{"type":"Polygon","coordinates":[[[14.2741149,41.0887179],[14.273888,41.0887192],[14.2738892,41.0888304],[14.2736809,41.0888246],[14.2736615,41.0887055],[14.2737833,41.0887048],[14.2737826,41.0886422],[14.2740213,41.0886407],[14.2740208,41.0885971],[14.2739297,41.0885977],[14.2739282,41.0884614],[14.2741123,41.0884603],[14.2741149,41.0887179]]]},"properties":{"site":"capua","name":null,"category":"other","historic":null,"building":"yes","osm_id":1460627671}},{"type":"Feature","geometry":{"type":"Polygon","coordinates":[[[14.2736757,41.0884828],[14.2737588,41.0884844],[14.2737595,41.0884621],[14.2738899,41.0884645],[14.2738885,41.0885069],[14.2738574,41.0885064],[14.2738546,41.0885921],[14.2736723,41.0885887],[14.2736757,41.0884828]]]},"properties":{"site":"capua","name":null,"category":"other","historic":null,"building":"yes","osm_id":1460627672}},{"type":"Feature","geometry":{"type":"Polygon","coordinates":[[[14.2737905,41.087943],[14.2738866,41.0879608],[14.2737966,41.0882372],[14.2737005,41.0882195],[14.2737905,41.087943]]]},"properties":{"site":"capua","name":null,"category":"other","historic":null,"building":"yes","osm_id":1460627678}},{"type":"Feature","geometry":{"type":"Polygon","coordinates":[[[14.2740246,41.0880877],[14.2739897,41.0882709],[14.273892,41.0882617],[14.2738975,41.0882287],[14.2738649,41.0882256],[14.2738806,41.0881312],[14.2739255,41.0881355],[14.2739494,41.0879922],[14.2739028,41.0879878],[14.2739077,41.0879383],[14.2743765,41.0879214],[14.2743502,41.0880553],[14.274212,41.0880575],[14.274214,41.0880765],[14.2740246,41.0880877]]]},"properties":{"site":"capua","name":null,"category":"other","historic":null,"building":"yes","osm_id":1460627679}},{"type":"Feature","geometry":{"type":"Polygon","coordinates":[[[14.2739638,41.0883946],[14.273969,41.0882735],[14.2741297,41.0882774],[14.2741283,41.0883097],[14.2742677,41.0883131],[14.2742687,41.0882888],[14.2744161,41.0882924],[14.2744142,41.0883369],[14.2744838,41.0883385],[14.2744868,41.0882699],[14.2745618,41.0882717],[14.2745591,41.0883343],[14.2746904,41.0883375],[14.2746872,41.0884122],[14.2739638,41.0883946]]]},"properties":{"site":"capua","name":null,"category":"other","historic":null,"building":"yes","osm_id":1460627682}},{"type":"Feature","geometry":{"type":"Polygon","coordinates":[[[14.2721914,41.0897292],[14.2721905,41.0896059],[14.2722388,41.0896056],[14.2722385,41.0895794],[14.2724236,41.0895786],[14.2724233,41.0895361],[14.2725681,41.0895355],[14.2725696,41.0897275],[14.2721914,41.0897292]]]},"properties":{"site":"capua","name":null,"category":"other","historic":null,"building":"yes","osm_id":1460627835}},{"type":"Feature","geometry":{"type":"Polygon","coordinates":[[[14.2729984,41.089456],[14.2729991,41.0895652],[14.2726719,41.0895664],[14.2726712,41.0894573],[14.2729984,41.089456]]]},"properties":{"site":"capua","name":null,"category":"other","historic":null,"building":"yes","osm_id":1460627836}},{"type":"Feature","geometry":{"type":"Polygon","coordinates":[[[14.2733921,41.0896491],[14.2730622,41.0896516],[14.2730608,41.0895506],[14.273152,41.0895499],[14.2731508,41.089463],[14.2732823,41.0894619],[14.2732835,41.0895509],[14.2733907,41.0895501],[14.2733921,41.0896491]]]},"properties":{"site":"capua","name":null,"category":"other","historic":null,"building":"yes","osm_id":1460627837}},{"type":"Feature","geometry":{"type":"Polygon","coordinates":[[[14.2734927,41.0894604],[14.2736617,41.08946],[14.2736624,41.089646],[14.2734934,41.0896464],[14.2734927,41.0894604]]]},"properties":{"site":"capua","name":null,"category":"other","historic":null,"building":"yes","osm_id":1460627838}},{"type":"Feature","geometry":{"type":"Polygon","coordinates":[[[14.2735608,41.0899458],[14.273563,41.0898116],[14.273689,41.0898127],[14.2736869,41.0899469],[14.2735608,41.0899458]]]},"properties":{"site":"capua","name":null,"category":"other","historic":null,"building":"yes","osm_id":1460627839}},{"type":"Feature","geometry":{"type":"Polygon","coordinates":[[[14.2735351,41.0899828],[14.2733582,41.0899866],[14.2733517,41.0898138],[14.2735285,41.0898099],[14.2735351,41.0899828]]]},"properties":{"site":"capua","name":null,"category":"other","historic":null,"building":"yes","osm_id":1460627840}},{"type":"Feature","geometry":{"type":"Polygon","coordinates":[[[14.2732855,41.0898058],[14.2732843,41.089923],[14.2732629,41.0899229],[14.2732624,41.0899734],[14.2731122,41.0899726],[14.2731138,41.0898048],[14.2732855,41.0898058]]]},"properties":{"site":"capua","name":null,"category":"other","historic":null,"building":"yes","osm_id":1460627841}},{"type":"Feature","geometry":{"type":"Polygon","coordinates":[[[14.2727132,41.0898477],[14.2727909,41.0898494],[14.2727916,41.0898312],[14.2729807,41.0898353],[14.2729756,41.0899687],[14.2729112,41.0899672],[14.2729097,41.0900076],[14.2727072,41.0900032],[14.2727132,41.0898477]]]},"properties":{"site":"capua","name":null,"category":"other","historic":null,"building":"yes","osm_id":1460627842}},{"type":"Feature","geometry":{"type":"Polygon","coordinates":[[[14.273003,41.0900683],[14.2729956,41.0901804],[14.2728271,41.0901741],[14.2728255,41.0901983],[14.2727372,41.090195],[14.2727442,41.0900881],[14.2728165,41.0900908],[14.2728184,41.0900614],[14.273003,41.0900683]]]},"properties":{"site":"capua","name":null,"category":"other","historic":null,"building":"yes","osm_id":1460627843}},{"type":"Feature","geometry":{"type":"Polygon","coordinates":[[[14.2731313,41.0900488],[14.2732707,41.0900509],[14.2732666,41.0902093],[14.2731272,41.0902073],[14.2731313,41.0900488]]]},"properties":{"site":"capua","name":null,"category":"other","historic":null,"building":"yes","osm_id":1460627844}},{"type":"Feature","geometry":{"type":"Polygon","coordinates":[[[14.2733833,41.0900483],[14.27352,41.0900506],[14.2735148,41.0902264],[14.2733781,41.0902241],[14.2733833,41.0900483]]]},"properties":{"site":"capua","name":null,"category":"other","historic":null,"building":"yes","osm_id":1460627845}},{"type":"Feature","geometry":{"type":"Polygon","coordinates":[[[14.2736467,41.0904884],[14.2734026,41.0904895],[14.2734015,41.0903602],[14.2736456,41.0903591],[14.2736467,41.0904884]]]},"properties":{"site":"capua","name":null,"category":"other","historic":null,"building":"yes","osm_id":1460627846}},{"type":"Feature","geometry":{"type":"Polygon","coordinates":[[[14.2733331,41.0903493],[14.27333,41.0904766],[14.2731033,41.0904735],[14.2731063,41.0903462],[14.2733331,41.0903493]]]},"properties":{"site":"capua","name":null,"category":"other","historic":null,"building":"yes","osm_id":1460627847}},{"type":"Feature","geometry":{"type":"Polygon","coordinates":[[[14.2727343,41.0903706],[14.2730024,41.090375],[14.2729992,41.090487],[14.2727311,41.0904826],[14.2727343,41.0903706]]]},"properties":{"site":"capua","name":null,"category":"other","historic":null,"building":"yes","osm_id":1460627848}},{"type":"Feature","geometry":{"type":"Polygon","coordinates":[[[14.2720295,41.0903718],[14.2722105,41.090368],[14.2722126,41.0904233],[14.2721616,41.0904244],[14.2721632,41.0904668],[14.272332,41.0904633],[14.2723289,41.0903784],[14.2724656,41.0903756],[14.2724762,41.0906624],[14.2723368,41.0906653],[14.2723331,41.0905663],[14.272242,41.0905682],[14.2722425,41.0905824],[14.2721702,41.0905839],[14.2721728,41.0906546],[14.27204,41.0906574],[14.2720295,41.0903718]]]},"properties":{"site":"capua","name":null,"category":"other","historic":null,"building":"yes","osm_id":1460627849}},{"type":"Feature","geometry":{"type":"Polygon","coordinates":[[[14.2727177,41.0905991],[14.2727168,41.0905607],[14.2728187,41.0905595],[14.272821,41.0906666],[14.2725797,41.0906695],[14.2725782,41.0906008],[14.2727177,41.0905991]]]},"properties":{"site":"capua","name":null,"category":"other","historic":null,"building":"yes","osm_id":1460627850}},{"type":"Feature","geometry":{"type":"Polygon","coordinates":[[[14.2732041,41.0906629],[14.2729146,41.090669],[14.2729106,41.0905599],[14.2732,41.0905538],[14.2732041,41.0906629]]]},"properties":{"site":"capua","name":null,"category":"other","historic":null,"building":"yes","osm_id":1460627851}},{"type":"Feature","geometry":{"type":"Polygon","coordinates":[[[14.273469,41.0906644],[14.2733041,41.0906673],[14.2733005,41.0905542],[14.2734655,41.0905512],[14.273469,41.0906644]]]},"properties":{"site":"capua","name":null,"category":"other","historic":null,"building":"yes","osm_id":1460627852}},{"type":"Feature","geometry":{"type":"Polygon","coordinates":[[[14.2735717,41.09055],[14.2737446,41.0905514],[14.2737427,41.0906788],[14.2735698,41.0906773],[14.2735717,41.09055]]]},"properties":{"site":"capua","name":null,"category":"other","historic":null,"building":"yes","osm_id":1460627853}},{"type":"Feature","geometry":{"type":"Polygon","coordinates":[[[14.2737193,41.0907556],[14.2737181,41.0908748],[14.2734258,41.0908732],[14.273427,41.0907539],[14.2737193,41.0907556]]]},"properties":{"site":"capua","name":null,"category":"other","historic":null,"building":"yes","osm_id":1460627854}},{"type":"Feature","geometry":{"type":"Polygon","coordinates":[[[14.2729243,41.0909105],[14.2729224,41.0907597],[14.2732457,41.0907574],[14.2732476,41.0909081],[14.2729243,41.0909105]]]},"properties":{"site":"capua","name":null,"category":"other","historic":null,"building":"yes","osm_id":1460627855}},{"type":"Feature","geometry":{"type":"Polygon","coordinates":[[[14.2728029,41.0907614],[14.2728037,41.0908847],[14.2725475,41.0908857],[14.2725467,41.0907623],[14.2728029,41.0907614]]]},"properties":{"site":"capua","name":null,"category":"other","historic":null,"building":"yes","osm_id":1460627856}},{"type":"Feature","geometry":{"type":"Polygon","coordinates":[[[14.2724526,41.0907667],[14.2724546,41.090888],[14.2720657,41.0908915],[14.2720638,41.0907702],[14.2724526,41.0907667]]]},"properties":{"site":"capua","name":null,"category":"other","historic":null,"building":"yes","osm_id":1460627857}},{"type":"Feature","geometry":{"type":"Polygon","coordinates":[[[14.273809,41.0910748],[14.2738051,41.0912506],[14.2735665,41.0912476],[14.2735703,41.0910718],[14.273809,41.0910748]]]},"properties":{"site":"capua","name":null,"category":"other","historic":null,"building":"yes","osm_id":1460627858}},{"type":"Feature","geometry":{"type":"Polygon","coordinates":[[[14.2734711,41.0910898],[14.2734712,41.0912354],[14.2733036,41.0912355],[14.2733036,41.0912254],[14.2731025,41.0912255],[14.2731024,41.0911426],[14.2730675,41.0911426],[14.2730675,41.0910901],[14.2734711,41.0910898]]]},"properties":{"site":"capua","name":null,"category":"other","historic":null,"building":"yes","osm_id":1460627859}},{"type":"Feature","geometry":{"type":"Polygon","coordinates":[[[14.2729219,41.0915667],[14.2729032,41.091329],[14.2732346,41.0913142],[14.2732535,41.0915539],[14.2730838,41.0915615],[14.2730855,41.0915837],[14.2730013,41.0915874],[14.2729994,41.0915632],[14.2729219,41.0915667]]]},"properties":{"site":"capua","name":null,"category":"other","historic":null,"building":"yes","osm_id":1460627860}},{"type":"Feature","geometry":{"type":"Polygon","coordinates":[[[14.2737576,41.0915416],[14.2733942,41.0915427],[14.2733939,41.091487],[14.273355,41.0914871],[14.2733546,41.0914103],[14.2735209,41.0914098],[14.2735208,41.0913875],[14.273612,41.0913873],[14.2736122,41.0914196],[14.2737275,41.0914193],[14.2737277,41.0914678],[14.2737572,41.0914677],[14.2737576,41.0915416]]]},"properties":{"site":"capua","name":null,"category":"other","historic":null,"building":"yes","osm_id":1460627861}},{"type":"Feature","geometry":{"type":"Polygon","coordinates":[[[14.2726193,41.0914475],[14.2727789,41.0914492],[14.2727762,41.0915987],[14.2725711,41.0915966],[14.2725717,41.0915611],[14.2726173,41.0915615],[14.2726193,41.0914475]]]},"properties":{"site":"capua","name":null,"category":"other","historic":null,"building":"yes","osm_id":1460627862}},{"type":"Feature","geometry":{"type":"Polygon","coordinates":[[[14.2723392,41.0915786],[14.2723352,41.0914554],[14.2725122,41.0914522],[14.2725161,41.0915754],[14.2723392,41.0915786]]]},"properties":{"site":"capua","name":null,"category":"other","historic":null,"building":"yes","osm_id":1460627863}},{"type":"Feature","geometry":{"type":"Polygon","coordinates":[[[14.2722345,41.0915704],[14.2720427,41.0915709],[14.2720424,41.0914961],[14.2720357,41.0914961],[14.272035,41.0913222],[14.2720806,41.0913221],[14.2720808,41.0913706],[14.2721666,41.0913704],[14.2721666,41.0913583],[14.2722336,41.0913582],[14.2722345,41.0915704]]]},"properties":{"site":"capua","name":null,"category":"other","historic":null,"building":"yes","osm_id":1460627864}},{"type":"Feature","geometry":{"type":"Polygon","coordinates":[[[14.2722432,41.0910592],[14.2722396,41.0913037],[14.2721162,41.0913027],[14.2721165,41.0912825],[14.2720388,41.0912818],[14.2720413,41.09111],[14.2720199,41.0911098],[14.2720207,41.0910573],[14.2722432,41.0910592]]]},"properties":{"site":"capua","name":null,"category":"other","historic":null,"building":"yes","osm_id":1460627865}},{"type":"Feature","geometry":{"type":"Polygon","coordinates":[[[14.2720785,41.091647],[14.2722689,41.0916448],[14.2722726,41.0918206],[14.2720822,41.0918229],[14.2720785,41.091647]]]},"properties":{"site":"capua","name":null,"category":"other","historic":null,"building":"yes","osm_id":1460627866}},{"type":"Feature","geometry":{"type":"Polygon","coordinates":[[[14.272395,41.0916374],[14.2727221,41.091632],[14.2727266,41.0917856],[14.2723995,41.091791],[14.272395,41.0916374]]]},"properties":{"site":"capua","name":null,"category":"other","historic":null,"building":"yes","osm_id":1460627867}},{"type":"Feature","geometry":{"type":"Polygon","coordinates":[[[14.272858,41.0918109],[14.2728562,41.0916383],[14.2730385,41.0916372],[14.2730404,41.0918098],[14.272858,41.0918109]]]},"properties":{"site":"capua","name":null,"category":"other","historic":null,"building":"yes","osm_id":1460627868}},{"type":"Feature","geometry":{"type":"Polygon","coordinates":[[[14.2730867,41.0918189],[14.2730876,41.091641],[14.2732995,41.0916416],[14.2732986,41.0918195],[14.2730867,41.0918189]]]},"properties":{"site":"capua","name":null,"category":"other","historic":null,"building":"yes","osm_id":1460627869}},{"type":"Feature","geometry":{"type":"Polygon","coordinates":[[[14.2735373,41.0918006],[14.2733778,41.091804],[14.2733742,41.0917091],[14.273389,41.0917088],[14.2733865,41.0916441],[14.2735312,41.091641],[14.2735373,41.0918006]]]},"properties":{"site":"capua","name":null,"category":"other","historic":null,"building":"yes","osm_id":1460627870}},{"type":"Feature","geometry":{"type":"Polygon","coordinates":[[[14.2736316,41.091654],[14.2735941,41.0916537],[14.2735948,41.091602],[14.2736779,41.0916026],[14.2736775,41.0916341],[14.2738143,41.0916351],[14.2738128,41.0917503],[14.2737967,41.0917502],[14.2737958,41.0918169],[14.2736295,41.0918157],[14.2736316,41.091654]]]},"properties":{"site":"capua","name":null,"category":"other","historic":null,"building":"yes","osm_id":1460627871}},{"type":"Feature","geometry":{"type":"Polygon","coordinates":[[[14.2732151,41.0922064],[14.2732115,41.0920832],[14.2733549,41.0920807],[14.2733552,41.0920929],[14.2736488,41.0920879],[14.2736457,41.0919829],[14.2737932,41.0919804],[14.2737999,41.0922087],[14.2735238,41.0922133],[14.2735234,41.0922012],[14.2732151,41.0922064]]]},"properties":{"site":"capua","name":null,"category":"other","historic":null,"building":"yes","osm_id":1460627872}},{"type":"Feature","geometry":{"type":"Polygon","coordinates":[[[14.2731532,41.0886625],[14.2731541,41.0887858],[14.2729476,41.0887867],[14.2729467,41.0886633],[14.2731532,41.0886625]]]},"properties":{"site":"capua","name":null,"category":"other","historic":null,"building":"yes","osm_id":1460627988}},{"type":"Feature","geometry":{"type":"Polygon","coordinates":[[[14.2726638,41.0886609],[14.2728701,41.0886653],[14.2728656,41.0887857],[14.2726592,41.0887813],[14.2726638,41.0886609]]]},"properties":{"site":"capua","name":null,"category":"other","historic":null,"building":"yes","osm_id":1460627989}},{"type":"Feature","geometry":{"type":"Polygon","coordinates":[[[14.2726775,41.0888767],[14.2729837,41.0888572],[14.2729916,41.0889881],[14.2728691,41.0890024],[14.2728606,41.0889768],[14.2727647,41.0889814],[14.2727746,41.0890217],[14.2728265,41.0890144],[14.272859,41.0891461],[14.2727423,41.0891624],[14.2727195,41.0890698],[14.2726884,41.0890742],[14.2726778,41.0890312],[14.2727011,41.0890279],[14.2726775,41.0888767]]]},"properties":{"site":"capua","name":null,"category":"other","historic":null,"building":"yes","osm_id":1460627990}},{"type":"Feature","geometry":{"type":"Polygon","coordinates":[[[14.2724293,41.0890023],[14.2724883,41.0890011],[14.2724877,41.088983],[14.2726029,41.0889807],[14.2726072,41.089106],[14.272433,41.0891094],[14.2724293,41.0890023]]]},"properties":{"site":"capua","name":null,"category":"other","historic":null,"building":"yes","osm_id":1460627991}},{"type":"Feature","geometry":{"type":"Polygon","coordinates":[[[14.2722602,41.089126],[14.272102,41.089128],[14.2720988,41.0889866],[14.272257,41.0889845],[14.2722602,41.089126]]]},"properties":{"site":"capua","name":null,"category":"other","historic":null,"building":"yes","osm_id":1460627992}},{"type":"Feature","geometry":{"type":"Polygon","coordinates":[[[14.2725562,41.0889197],[14.2724033,41.0889185],[14.2724052,41.088777],[14.2725581,41.0887782],[14.2725562,41.0889197]]]},"properties":{"site":"capua","name":null,"category":"other","historic":null,"building":"yes","osm_id":1460627993}},{"type":"Feature","geometry":{"type":"Polygon","coordinates":[[[14.27258,41.0893441],[14.2723682,41.0893465],[14.2723659,41.0892354],[14.2725777,41.0892329],[14.27258,41.0893441]]]},"properties":{"site":"capua","name":null,"category":"other","historic":null,"building":"yes","osm_id":1460627994}},{"type":"Feature","geometry":{"type":"Polygon","coordinates":[[[14.2721528,41.0888191],[14.2721153,41.08882],[14.2721123,41.0887452],[14.2723026,41.0887409],[14.2723089,41.0888992],[14.2721562,41.0889027],[14.2721528,41.0888191]]]},"properties":{"site":"capua","name":null,"category":"other","historic":null,"building":"yes","osm_id":1460627995}},{"type":"Feature","geometry":{"type":"Polygon","coordinates":[[[14.2724055,41.0886106],[14.2724042,41.0885096],[14.2723854,41.0885097],[14.2723848,41.0884592],[14.2725376,41.088458],[14.2725396,41.0886096],[14.2724055,41.0886106]]]},"properties":{"site":"capua","name":null,"category":"other","historic":null,"building":"yes","osm_id":1460627996}},{"type":"Feature","geometry":{"type":"Polygon","coordinates":[[[14.2722725,41.0886035],[14.2721105,41.0886052],[14.2721077,41.0884557],[14.2722696,41.088454],[14.2722725,41.0886035]]]},"properties":{"site":"capua","name":null,"category":"other","historic":null,"building":"yes","osm_id":1460627997}},{"type":"Feature","geometry":{"type":"Polygon","coordinates":[[[14.2724395,41.088234],[14.2725707,41.0882299],[14.2725807,41.0884135],[14.2724174,41.0884186],[14.2724144,41.0883641],[14.2724465,41.0883631],[14.2724395,41.088234]]]},"properties":{"site":"capua","name":null,"category":"other","historic":null,"building":"yes","osm_id":1460627998}},{"type":"Feature","geometry":{"type":"Polygon","coordinates":[[[14.2721031,41.0883823],[14.2720998,41.0882772],[14.2723689,41.0882724],[14.2723722,41.0883775],[14.2721031,41.0883823]]]},"properties":{"site":"capua","name":null,"category":"other","historic":null,"building":"yes","osm_id":1460627999}},{"type":"Feature","geometry":{"type":"Polygon","coordinates":[[[14.272346,41.0884518],[14.2722507,41.0884521],[14.2722485,41.0884124],[14.2723477,41.0884132],[14.272346,41.0884518]]]},"properties":{"site":"capua","name":null,"category":"other","historic":null,"building":"roof","osm_id":1460628000}},{"type":"Feature","geometry":{"type":"Polygon","coordinates":[[[14.2726014,41.0886517],[14.2725506,41.0886536],[14.2725475,41.0886052],[14.2725984,41.0886033],[14.2726014,41.0886517]]]},"properties":{"site":"capua","name":null,"category":"other","historic":null,"building":"roof","osm_id":1460628001}},{"type":"Feature","geometry":{"type":"Polygon","coordinates":[[[14.2723769,41.0879788],[14.2724932,41.0879775],[14.2724976,41.0881998],[14.2723813,41.0882011],[14.2723769,41.0879788]]]},"properties":{"site":"capua","name":null,"category":"other","historic":null,"building":"yes","osm_id":1460628002}},{"type":"Feature","geometry":{"type":"Polygon","coordinates":[[[14.2721171,41.0879692],[14.2722716,41.0879723],[14.2722639,41.0881877],[14.2721095,41.0881846],[14.2721171,41.0879692]]]},"properties":{"site":"capua","name":null,"category":"other","historic":null,"building":"yes","osm_id":1460628003}},{"type":"Feature","geometry":{"type":"Polygon","coordinates":[[[14.2717571,41.0879688],[14.2719366,41.0879648],[14.2719422,41.0881082],[14.2717627,41.0881122],[14.2717571,41.0879688]]]},"properties":{"site":"capua","name":null,"category":"other","historic":null,"building":"yes","osm_id":1460628004}},{"type":"Feature","geometry":{"type":"Polygon","coordinates":[[[14.2714674,41.0880767],[14.2714692,41.0879393],[14.2716596,41.0879408],[14.2716568,41.0881469],[14.2716005,41.0881465],[14.2716004,41.0881566],[14.2714261,41.0881553],[14.2714258,41.0881775],[14.2712863,41.0881764],[14.2712877,41.0880754],[14.2714674,41.0880767]]]},"properties":{"site":"capua","name":null,"category":"other","historic":null,"building":"yes","osm_id":1460628005}},{"type":"Feature","geometry":{"type":"Polygon","coordinates":[[[14.271936,41.088278],[14.2719355,41.0884721],[14.2717236,41.0884718],[14.2717239,41.0883606],[14.2717705,41.0883607],[14.2717706,41.0883222],[14.27174,41.0883222],[14.2717402,41.088275],[14.2717858,41.088275],[14.2717859,41.0882374],[14.2718878,41.0882375],[14.2718877,41.0882779],[14.271936,41.088278]]]},"properties":{"site":"capua","name":null,"category":"other","historic":null,"building":"yes","osm_id":1460628006}},{"type":"Feature","geometry":{"type":"Polygon","coordinates":[[[14.2716559,41.0882142],[14.271653,41.0883221],[14.2715494,41.0883205],[14.2715523,41.0882126],[14.2716559,41.0882142]]]},"properties":{"site":"capua","name":null,"category":"other","historic":null,"building":"yes","osm_id":1460628007}},{"type":"Feature","geometry":{"type":"Polygon","coordinates":[[[14.2715014,41.088365],[14.2716434,41.0883622],[14.2716448,41.0884026],[14.2715027,41.0884054],[14.2715014,41.088365]]]},"properties":{"site":"capua","name":null,"category":"other","historic":null,"building":"yes","osm_id":1460628008}},{"type":"Feature","geometry":{"type":"Polygon","coordinates":[[[14.2715465,41.0883096],[14.2715019,41.0883104],[14.2714994,41.0882202],[14.2715439,41.0882195],[14.2715465,41.0883096]]]},"properties":{"site":"capua","name":null,"category":"other","historic":null,"building":"yes","osm_id":1460628009}},{"type":"Feature","geometry":{"type":"Polygon","coordinates":[[[14.2714789,41.0882119],[14.2714802,41.0882543],[14.2713033,41.0882576],[14.271302,41.0882151],[14.2714789,41.0882119]]]},"properties":{"site":"capua","name":null,"category":"other","historic":null,"building":"yes","osm_id":1460628010}},{"type":"Feature","geometry":{"type":"Polygon","coordinates":[[[14.2714579,41.0885516],[14.2713187,41.0885564],[14.2713154,41.0885019],[14.2712993,41.0885025],[14.2712939,41.0884117],[14.2713715,41.088409],[14.2713686,41.0883606],[14.2713043,41.0883628],[14.2713008,41.0883043],[14.2714427,41.0882994],[14.2714579,41.0885516]]]},"properties":{"site":"capua","name":null,"category":"other","historic":null,"building":"yes","osm_id":1460628011}},{"type":"Feature","geometry":{"type":"Polygon","coordinates":[[[14.2715154,41.0886301],[14.2715215,41.0886847],[14.2712727,41.0886957],[14.2712714,41.0886331],[14.2715154,41.0886301]]]},"properties":{"site":"capua","name":null,"category":"other","historic":null,"building":"yes","osm_id":1460628012}},{"type":"Feature","geometry":{"type":"Polygon","coordinates":[[[14.2709369,41.0882547],[14.271079,41.088252],[14.2710814,41.0883227],[14.2709393,41.0883254],[14.2709369,41.0882547]]]},"properties":{"site":"capua","name":null,"category":"other","historic":null,"building":"yes","osm_id":1460628013}},{"type":"Feature","geometry":{"type":"Polygon","coordinates":[[[14.2703365,41.0876617],[14.2703331,41.0877898],[14.2701106,41.0877864],[14.270114,41.0876584],[14.2703365,41.0876617]]]},"properties":{"site":"capua","name":null,"category":"other","historic":null,"building":"yes","osm_id":1460628014}},{"type":"Feature","geometry":{"type":"Polygon","coordinates":[[[14.2702343,41.0876368],[14.2702304,41.0875285],[14.2703992,41.0875251],[14.2704032,41.0876334],[14.2702343,41.0876368]]]},"properties":{"site":"capua","name":null,"category":"other","historic":null,"building":"yes","osm_id":1460628015}},{"type":"Feature","geometry":{"type":"Polygon","coordinates":[[[14.2701019,41.0874519],[14.270252,41.0874494],[14.2702533,41.0874918],[14.2701032,41.0874944],[14.2701019,41.0874519]]]},"properties":{"site":"capua","name":null,"category":"other","historic":null,"building":"yes","osm_id":1460628016}},{"type":"Feature","geometry":{"type":"Polygon","coordinates":[[[14.270141,41.0873158],[14.2701061,41.0873155],[14.2701065,41.0872852],[14.27038,41.0872871],[14.2703788,41.0873902],[14.270427,41.0873905],[14.2704263,41.0874532],[14.2702734,41.0874521],[14.2702739,41.0874137],[14.2701398,41.0874128],[14.270141,41.0873158]]]},"properties":{"site":"capua","name":null,"category":"other","historic":null,"building":"yes","osm_id":1460628017}},{"type":"Feature","geometry":{"type":"Polygon","coordinates":[[[14.2708378,41.0876417],[14.271055,41.0876452],[14.27105,41.087823],[14.2708864,41.0878204],[14.2708892,41.0877234],[14.2707685,41.0877215],[14.2707661,41.0878064],[14.2705275,41.0878025],[14.2705323,41.0876328],[14.2706476,41.0876346],[14.2706509,41.0875154],[14.2706687,41.0875157],[14.2706802,41.0871083],[14.2706758,41.0871082],[14.2706797,41.08697],[14.270862,41.086973],[14.2708599,41.0870477],[14.2709162,41.0870486],[14.2709144,41.0871113],[14.2708662,41.0871105],[14.2708623,41.0872486],[14.2708489,41.0872484],[14.2708378,41.0876417]]]},"properties":{"site":"capua","name":null,"category":"other","historic":null,"building":"yes","osm_id":1460628018}},{"type":"Feature","geometry":{"type":"Polygon","coordinates":[[[14.2710927,41.0872784],[14.2710895,41.0874239],[14.2709527,41.0874222],[14.270956,41.0872767],[14.2710927,41.0872784]]]},"properties":{"site":"capua","name":null,"category":"other","historic":null,"building":"yes","osm_id":1460628019}},{"type":"Feature","geometry":{"type":"Polygon","coordinates":[[[14.2716309,41.0878169],[14.2716346,41.087753],[14.2716061,41.0877521],[14.2716176,41.0875544],[14.2718068,41.0875606],[14.2718026,41.0876325],[14.2717794,41.0876318],[14.2717713,41.0877717],[14.2717418,41.0877708],[14.2717389,41.0878204],[14.2716309,41.0878169]]]},"properties":{"site":"capua","name":null,"category":"other","historic":null,"building":"yes","osm_id":1460628020}},{"type":"Feature","geometry":{"type":"Polygon","coordinates":[[[14.271993,41.0873076],[14.2719733,41.0876357],[14.2719626,41.0876353],[14.2719538,41.0877826],[14.2718548,41.0877792],[14.2718589,41.0877106],[14.2718304,41.0877097],[14.2718349,41.0876337],[14.2718848,41.0876354],[14.2719047,41.0873046],[14.271993,41.0873076]]]},"properties":{"site":"capua","name":null,"category":"other","historic":null,"building":"yes","osm_id":1460628021}},{"type":"Feature","geometry":{"type":"Polygon","coordinates":[[[14.2718119,41.0872915],[14.2718057,41.0874936],[14.2718442,41.0874942],[14.2718428,41.0875407],[14.2716579,41.0875375],[14.2716654,41.087289],[14.2718119,41.0872915]]]},"properties":{"site":"capua","name":null,"category":"other","historic":null,"building":"yes","osm_id":1460628022}},{"type":"Feature","geometry":{"type":"Polygon","coordinates":[[[14.2716718,41.0872827],[14.2716947,41.0870088],[14.2718469,41.087016],[14.2718242,41.0872886],[14.2718402,41.0872894],[14.2718383,41.0873115],[14.2718143,41.0873104],[14.271816,41.0872895],[14.2716718,41.0872827]]]},"properties":{"site":"capua","name":null,"category":"other","historic":null,"building":"yes","osm_id":1460628023}},{"type":"Feature","geometry":{"type":"Polygon","coordinates":[[[14.2717072,41.0869252],[14.2718438,41.0869283],[14.2718418,41.0869788],[14.2718139,41.0869782],[14.2718127,41.0870085],[14.2717039,41.0870059],[14.2717072,41.0869252]]]},"properties":{"site":"capua","name":null,"category":"other","historic":null,"building":"yes","osm_id":1460628024}},{"type":"Feature","geometry":{"type":"Polygon","coordinates":[[[14.2717251,41.086672],[14.271875,41.0866776],[14.2718585,41.0869257],[14.2717087,41.08692],[14.2717251,41.086672]]]},"properties":{"site":"capua","name":null,"category":"other","historic":null,"building":"yes","osm_id":1460628025}},{"type":"Feature","geometry":{"type":"Polygon","coordinates":[[[14.2713223,41.0888687],[14.2718686,41.0888245],[14.2718981,41.0890324],[14.271817,41.089039],[14.2718197,41.0890582],[14.2715057,41.0890836],[14.271502,41.0890576],[14.2714835,41.0890591],[14.2714895,41.0891018],[14.2713304,41.0891146],[14.2713052,41.0889368],[14.2713317,41.0889346],[14.2713223,41.0888687]]]},"properties":{"site":"capua","name":null,"category":"other","historic":null,"building":"yes","osm_id":1460628026}},{"type":"Feature","geometry":{"type":"Polygon","coordinates":[[[14.2714128,41.0894136],[14.2714678,41.0893228],[14.2714006,41.0892701],[14.2714903,41.0892052],[14.2715198,41.0892154],[14.2715824,41.0892645],[14.2716147,41.0892756],[14.2717264,41.0891948],[14.2717588,41.089206],[14.2718459,41.0892744],[14.2718858,41.0892881],[14.2718703,41.0893137],[14.2718598,41.0893054],[14.2718096,41.0892881],[14.2718072,41.089292],[14.2717615,41.0893251],[14.2717914,41.0893486],[14.2718105,41.0893551],[14.2718563,41.0893912],[14.2718072,41.0894267],[14.271805,41.0894303],[14.2717371,41.0894795],[14.2717554,41.0894938],[14.2716292,41.0894504],[14.2715997,41.0894992],[14.2715426,41.0894544],[14.2715022,41.0894837],[14.2714128,41.0894136]]]},"properties":{"site":"capua","name":null,"category":"other","historic":null,"building":"yes","osm_id":1460628027}},{"type":"Feature","geometry":{"type":"Polygon","coordinates":[[[14.273811,41.0868247],[14.2740363,41.0868266],[14.2740359,41.0868571],[14.27431,41.0868595],[14.2743099,41.0868679],[14.2743088,41.0869369],[14.2743086,41.0869508],[14.2739864,41.086948],[14.2739856,41.0870032],[14.2738083,41.0870017],[14.273811,41.0868247]]]},"properties":{"site":"capua","name":null,"category":"other","historic":null,"building":"yes","osm_id":1461426393}},{"type":"Feature","geometry":{"type":"Polygon","coordinates":[[[14.2678622,41.0870384],[14.2679102,41.0869138],[14.2680736,41.0869148],[14.2681801,41.0870737],[14.2680148,41.0870725],[14.2680143,41.0870426],[14.2678622,41.0870384]]]},"properties":{"site":"capua","name":null,"category":"other","historic":null,"building":"yes","osm_id":1461426631}},{"type":"Feature","geometry":{"type":"Polygon","coordinates":[[[14.2684384,41.086983],[14.2684386,41.0869647],[14.2684093,41.0869645],[14.2684095,41.0869455],[14.268373,41.0869453],[14.2683741,41.0868367],[14.2683564,41.0868366],[14.2683574,41.0867162],[14.2685108,41.0867169],[14.2685098,41.086843],[14.268474,41.0868428],[14.2684739,41.0868552],[14.2685284,41.0868554],[14.2685275,41.0870239],[14.2684382,41.0870236],[14.2684384,41.086983]]]},"properties":{"site":"capua","name":null,"category":"other","historic":null,"building":"yes","osm_id":1461426632}},{"type":"Feature","geometry":{"type":"Polygon","coordinates":[[[14.2686563,41.0871274],[14.268661,41.0869333],[14.2688005,41.0869353],[14.2687958,41.0871293],[14.2686563,41.0871274]]]},"properties":{"site":"capua","name":null,"category":"other","historic":null,"building":"yes","osm_id":1461426633}},{"type":"Feature","geometry":{"type":"Polygon","coordinates":[[[14.2688584,41.0871367],[14.2688643,41.0869366],[14.2689983,41.0869388],[14.2689925,41.0871389],[14.2688584,41.0871367]]]},"properties":{"site":"capua","name":null,"category":"other","historic":null,"building":"yes","osm_id":1461426634}},{"type":"Feature","geometry":{"type":"Polygon","coordinates":[[[14.2689228,41.0867615],[14.2689252,41.0868666],[14.2687375,41.086869],[14.2687351,41.086764],[14.2689228,41.0867615]]]},"properties":{"site":"capua","name":null,"category":"other","historic":null,"building":"yes","osm_id":1461426635}},{"type":"Feature","geometry":{"type":"Polygon","coordinates":[[[14.2690854,41.0871552],[14.269076,41.0867793],[14.2692154,41.0867773],[14.2692221,41.0870441],[14.2692097,41.0870442],[14.2692108,41.0870887],[14.2691652,41.0870893],[14.2691668,41.087154],[14.2690854,41.0871552]]]},"properties":{"site":"capua","name":null,"category":"other","historic":null,"building":"yes","osm_id":1461426636}},{"type":"Feature","geometry":{"type":"Polygon","coordinates":[[[14.2693226,41.0867372],[14.2694486,41.0867385],[14.2694457,41.0869002],[14.2693197,41.0868989],[14.2693226,41.0867372]]]},"properties":{"site":"capua","name":null,"category":"other","historic":null,"building":"yes","osm_id":1461426637}},{"type":"Feature","geometry":{"type":"Polygon","coordinates":[[[14.2695343,41.0869121],[14.2695391,41.0867464],[14.2696732,41.0867486],[14.2696683,41.0869143],[14.2695343,41.0869121]]]},"properties":{"site":"capua","name":null,"category":"other","historic":null,"building":"yes","osm_id":1461426638}},{"type":"Feature","geometry":{"type":"Polygon","coordinates":[[[14.2699275,41.0869911],[14.2699185,41.0871708],[14.2697642,41.0871664],[14.2697726,41.086998],[14.2697378,41.086997],[14.2697395,41.0869635],[14.269792,41.086965],[14.2697909,41.0869872],[14.2699275,41.0869911]]]},"properties":{"site":"capua","name":null,"category":"other","historic":null,"building":"yes","osm_id":1461426639}},{"type":"Feature","geometry":{"type":"Polygon","coordinates":[[[14.2702408,41.0870259],[14.2704202,41.0870313],[14.2704129,41.0871698],[14.2702335,41.0871644],[14.2702408,41.0870259]]]},"properties":{"site":"capua","name":null,"category":"other","historic":null,"building":"yes","osm_id":1461426640}},{"type":"Feature","geometry":{"type":"Polygon","coordinates":[[[14.2702665,41.086781],[14.2703522,41.0867832],[14.2703506,41.0868195],[14.2704326,41.0868216],[14.2704267,41.0869549],[14.2702589,41.0869506],[14.2702665,41.086781]]]},"properties":{"site":"capua","name":null,"category":"other","historic":null,"building":"yes","osm_id":1461426641}},{"type":"Feature","geometry":{"type":"Polygon","coordinates":[[[14.2693109,41.087137],[14.2693126,41.0870756],[14.2693318,41.0870759],[14.2693337,41.087008],[14.2694935,41.0870129],[14.2694884,41.087111],[14.269374,41.0871096],[14.2693732,41.087138],[14.2693109,41.087137]]]},"properties":{"site":"capua","name":null,"category":"other","historic":null,"building":"yes","osm_id":1461426642}},{"type":"Feature","geometry":{"type":"Polygon","coordinates":[[[14.2694884,41.087111],[14.2695446,41.0871127],[14.269542,41.0871633],[14.2696226,41.0871657],[14.269623,41.0871571],[14.2696613,41.0871583],[14.2696664,41.0870607],[14.2696525,41.0870603],[14.2696547,41.0870177],[14.2694935,41.0870129],[14.2694884,41.087111]]]},"properties":{"site":"capua","name":null,"category":"other","historic":null,"building":"yes","osm_id":1461426643}},{"type":"Feature","geometry":{"type":"Polygon","coordinates":[[[14.2697674,41.0869129],[14.2697735,41.0867454],[14.2699312,41.0867487],[14.2699251,41.0869162],[14.2697674,41.0869129]]]},"properties":{"site":"capua","name":null,"category":"other","historic":null,"building":"yes","osm_id":1461426644}},{"type":"Feature","geometry":{"type":"Polygon","coordinates":[[[14.2700202,41.0869126],[14.2700265,41.0867588],[14.2701796,41.0867624],[14.2701773,41.086819],[14.2701583,41.0868186],[14.2701543,41.0869158],[14.2700202,41.0869126]]]},"properties":{"site":"capua","name":null,"category":"other","historic":null,"building":"yes","osm_id":1461426645}},{"type":"Feature","geometry":{"type":"Polygon","coordinates":[[[14.2706194,41.0868828],[14.2706231,41.0868163],[14.2706581,41.0867858],[14.2708763,41.0867948],[14.27087,41.0868906],[14.2706194,41.0868828]]]},"properties":{"site":"capua","name":null,"category":"other","historic":null,"building":"yes","osm_id":1461426646}},{"type":"Feature","geometry":{"type":"Polygon","coordinates":[[[14.2711038,41.0871127],[14.2709612,41.0871089],[14.2709753,41.0868102],[14.2711179,41.086814],[14.2711038,41.0871127]]]},"properties":{"site":"capua","name":null,"category":"other","historic":null,"building":"yes","osm_id":1461426647}},{"type":"Feature","geometry":{"type":"Polygon","coordinates":[[[14.2700201,41.0870061],[14.2701497,41.0870096],[14.2701427,41.0871557],[14.2700131,41.0871522],[14.2700201,41.0870061]]]},"properties":{"site":"capua","name":null,"category":"other","historic":null,"building":"yes","osm_id":1461426934}},{"type":"Feature","geometry":{"type":"Polygon","coordinates":[[[14.2694924,41.0869485],[14.2696372,41.0869463],[14.2696384,41.0869928],[14.2694936,41.086995],[14.2694924,41.0869485]]]},"properties":{"site":"capua","name":null,"category":"other","historic":null,"building":"yes","osm_id":1461426935}},{"type":"Feature","geometry":{"type":"Polygon","coordinates":[[[14.27167,41.0859437],[14.2716504,41.0861671],[14.2716932,41.0861692],[14.271688,41.0862283],[14.2716464,41.0862263],[14.2716207,41.0865202],[14.2716688,41.0865225],[14.2716614,41.0866071],[14.2715118,41.0865997],[14.2715139,41.0865755],[14.2714712,41.0865734],[14.2714843,41.0864237],[14.271527,41.0864258],[14.2715305,41.0863856],[14.2714894,41.0863835],[14.2715021,41.0862386],[14.2715421,41.0862406],[14.2715456,41.0862011],[14.2715039,41.086199],[14.2715166,41.0860533],[14.2715567,41.0860553],[14.2715604,41.086013],[14.2715192,41.086011],[14.2715257,41.0859365],[14.27167,41.0859437]]]},"properties":{"site":"capua","name":null,"category":"other","historic":null,"building":"yes","osm_id":1461426936}},{"type":"Feature","geometry":{"type":"Polygon","coordinates":[[[14.2713669,41.0866349],[14.2711916,41.0866307],[14.2712137,41.0861056],[14.2713889,41.0861098],[14.2713669,41.0866349]]]},"properties":{"site":"capua","name":null,"category":"other","historic":null,"building":"yes","osm_id":1461426937}},{"type":"Feature","geometry":{"type":"Polygon","coordinates":[[[14.2710572,41.085666],[14.2711591,41.0856671],[14.2711406,41.0866232],[14.2710172,41.0866218],[14.2710264,41.0861461],[14.2710479,41.0861463],[14.2710572,41.085666]]]},"properties":{"site":"capua","name":null,"category":"other","historic":null,"building":"yes","osm_id":1461426938}},{"type":"Feature","geometry":{"type":"Polygon","coordinates":[[[14.2708875,41.0866207],[14.2707508,41.0866173],[14.2707514,41.0866052],[14.2706522,41.0866027],[14.2706561,41.0865138],[14.2708919,41.0865197],[14.2708875,41.0866207]]]},"properties":{"site":"capua","name":null,"category":"other","historic":null,"building":"yes","osm_id":1461426939}},{"type":"Feature","geometry":{"type":"Polygon","coordinates":[[[14.2706477,41.0863013],[14.2708807,41.0863081],[14.2708736,41.0864473],[14.2706406,41.0864406],[14.2706477,41.0863013]]]},"properties":{"site":"capua","name":null,"category":"other","historic":null,"building":"yes","osm_id":1461426940}},{"type":"Feature","geometry":{"type":"Polygon","coordinates":[[[14.2709069,41.0862263],[14.2706656,41.0862227],[14.2706692,41.0860845],[14.2709105,41.0860881],[14.2709069,41.0862263]]]},"properties":{"site":"capua","name":null,"category":"other","historic":null,"building":"yes","osm_id":1461426941}},{"type":"Feature","geometry":{"type":"Polygon","coordinates":[[[14.2707309,41.0860086],[14.2707367,41.0858773],[14.2709591,41.0858829],[14.2709535,41.0860088],[14.2708689,41.0860067],[14.2708694,41.0859959],[14.270804,41.0859942],[14.2708033,41.0860104],[14.2707309,41.0860086]]]},"properties":{"site":"capua","name":null,"category":"other","historic":null,"building":"yes","osm_id":1461426942}},{"type":"Feature","geometry":{"type":"Polygon","coordinates":[[[14.2704766,41.0861562],[14.2703105,41.0861525],[14.270316,41.0860131],[14.270257,41.0860118],[14.2702589,41.0859641],[14.270484,41.0859692],[14.2704766,41.0861562]]]},"properties":{"site":"capua","name":null,"category":"other","historic":null,"building":"yes","osm_id":1461426943}},{"type":"Feature","geometry":{"type":"Polygon","coordinates":[[[14.2701975,41.0859812],[14.2701901,41.0861528],[14.2700465,41.0861493],[14.270054,41.0859776],[14.2701975,41.0859812]]]},"properties":{"site":"capua","name":null,"category":"other","historic":null,"building":"yes","osm_id":1461426944}},{"type":"Feature","geometry":{"type":"Polygon","coordinates":[[[14.2699514,41.0859739],[14.2699458,41.0862022],[14.2697984,41.0862002],[14.2698039,41.0859739],[14.2698334,41.0859743],[14.2698345,41.0859278],[14.2699176,41.0859289],[14.2699165,41.0859734],[14.2699514,41.0859739]]]},"properties":{"site":"capua","name":null,"category":"other","historic":null,"building":"yes","osm_id":1461426945}},{"type":"Feature","geometry":{"type":"Polygon","coordinates":[[[14.2701161,41.0864867],[14.2703913,41.0864895],[14.2703891,41.086612],[14.2701998,41.0866101],[14.270201,41.0865422],[14.2701152,41.0865413],[14.2701161,41.0864867]]]},"properties":{"site":"capua","name":null,"category":"other","historic":null,"building":"yes","osm_id":1461426946}},{"type":"Feature","geometry":{"type":"Polygon","coordinates":[[[14.2696633,41.0865898],[14.2695604,41.0865878],[14.2695665,41.086412],[14.2696694,41.0864141],[14.2696633,41.0865898]]]},"properties":{"site":"capua","name":null,"category":"other","historic":null,"building":"yes","osm_id":1461426947}},{"type":"Feature","geometry":{"type":"Polygon","coordinates":[[[14.2694402,41.0863274],[14.2694438,41.0861871],[14.2696272,41.0861898],[14.2696236,41.08633],[14.2694402,41.0863274]]]},"properties":{"site":"capua","name":null,"category":"other","historic":null,"building":"yes","osm_id":1461426948}},{"type":"Feature","geometry":{"type":"Polygon","coordinates":[[[14.2696376,41.0860498],[14.2694447,41.0860452],[14.2694497,41.085924],[14.2696426,41.0859286],[14.2696376,41.0860498]]]},"properties":{"site":"capua","name":null,"category":"other","historic":null,"building":"yes","osm_id":1461426949}},{"type":"Feature","geometry":{"type":"Polygon","coordinates":[[[14.2691416,41.08599],[14.2693142,41.0859982],[14.2692878,41.0863135],[14.2691927,41.086309],[14.2691947,41.0862848],[14.2690975,41.0862802],[14.2691041,41.0862005],[14.26918,41.0862041],[14.2691849,41.0861457],[14.2691288,41.086143],[14.2691416,41.08599]]]},"properties":{"site":"capua","name":null,"category":"other","historic":null,"building":"yes","osm_id":1461426950}},{"type":"Feature","geometry":{"type":"Polygon","coordinates":[[[14.268827,41.0860088],[14.2688299,41.0858855],[14.2690203,41.085888],[14.2690174,41.0860113],[14.268827,41.0860088]]]},"properties":{"site":"capua","name":null,"category":"other","historic":null,"building":"yes","osm_id":1461426951}},{"type":"Feature","geometry":{"type":"Polygon","coordinates":[[[14.2690146,41.0861084],[14.2690051,41.0862637],[14.268807,41.0862568],[14.2688165,41.0861015],[14.2690146,41.0861084]]]},"properties":{"site":"capua","name":null,"category":"other","historic":null,"building":"yes","osm_id":1461426952}},{"type":"Feature","geometry":{"type":"Polygon","coordinates":[[[14.2685254,41.0858815],[14.2687214,41.0858917],[14.2687101,41.0860144],[14.2686663,41.0860122],[14.2686579,41.0861039],[14.2687097,41.0861066],[14.2686987,41.0862273],[14.2684958,41.0862167],[14.2685065,41.0861],[14.2685545,41.0861025],[14.2685636,41.0860039],[14.2685144,41.0860014],[14.2685254,41.0858815]]]},"properties":{"site":"capua","name":null,"category":"other","historic":null,"building":"yes","osm_id":1461426953}},{"type":"Feature","geometry":{"type":"Polygon","coordinates":[[[14.269041,41.0865625],[14.2690468,41.0864271],[14.2691219,41.086429],[14.2691211,41.0864472],[14.2691924,41.0864489],[14.269193,41.0864348],[14.269276,41.0864368],[14.2692746,41.0864691],[14.2693159,41.0864701],[14.2693195,41.0863873],[14.2694577,41.0863907],[14.2694495,41.0865817],[14.2693273,41.0865787],[14.2693277,41.0865695],[14.269041,41.0865625]]]},"properties":{"site":"capua","name":null,"category":"other","historic":null,"building":"yes","osm_id":1461426954}},{"type":"Feature","geometry":{"type":"Polygon","coordinates":[[[14.2690391,41.086499],[14.26859,41.0864841],[14.2685882,41.0865058],[14.2685202,41.0865025],[14.2684463,41.0864998],[14.2684424,41.0865296],[14.2682981,41.0865293],[14.2681917,41.0865229],[14.2681517,41.0865197],[14.2681567,41.0863462],[14.2682389,41.086346],[14.2683064,41.0863445],[14.2683029,41.0863773],[14.2684404,41.0863823],[14.2684419,41.0863593],[14.2685157,41.086362],[14.2685168,41.0863447],[14.2685945,41.0863475],[14.2685934,41.0863636],[14.2689707,41.0863773],[14.2689711,41.0863712],[14.2690471,41.086374],[14.2690391,41.086499]]]},"properties":{"site":"capua","name":null,"category":"other","historic":null,"building":"yes","osm_id":1461426955}},{"type":"Feature","geometry":{"type":"Polygon","coordinates":[[[14.2683936,41.0862423],[14.2682088,41.0862368],[14.2682174,41.0860733],[14.2684022,41.0860788],[14.2683936,41.0862423]]]},"properties":{"site":"capua","name":null,"category":"other","historic":null,"building":"yes","osm_id":1461426956}},{"type":"Feature","geometry":{"type":"Polygon","coordinates":[[[14.2684194,41.0860115],[14.2681729,41.0860052],[14.2681762,41.0859305],[14.2682255,41.0859318],[14.2682278,41.0858813],[14.2684249,41.0858863],[14.2684194,41.0860115]]]},"properties":{"site":"capua","name":null,"category":"other","historic":null,"building":"yes","osm_id":1461426957}},{"type":"Feature","geometry":{"type":"Polygon","coordinates":[[[14.2688697,41.0912935],[14.268874,41.0912148],[14.2689704,41.0912177],[14.2689661,41.0912964],[14.2688697,41.0912935]]]},"properties":{"site":"capua","name":null,"category":"other","historic":null,"building":"yes","osm_id":1461427418}},{"type":"Feature","geometry":{"type":"Polygon","coordinates":[[[14.2664416,41.086143],[14.2664162,41.0860751],[14.2666156,41.0859212],[14.2668714,41.0859177],[14.2669146,41.0860513],[14.2664416,41.086143]]]},"properties":{"site":"capua","name":null,"category":"other","historic":null,"building":"yes","osm_id":1462950217}},{"type":"Feature","geometry":{"type":"Polygon","coordinates":[[[14.2643143,41.087487],[14.26431,41.087373],[14.2644088,41.0873718],[14.2644066,41.0872671],[14.2645037,41.0872659],[14.2645012,41.0871451],[14.2644212,41.0871461],[14.2644208,41.0871278],[14.2642282,41.0871302],[14.264219,41.0871465],[14.2641458,41.087147],[14.2641472,41.087254],[14.2642437,41.0872532],[14.2642451,41.0873542],[14.2641947,41.0873546],[14.264195,41.0873756],[14.2641615,41.087376],[14.2641631,41.0874647],[14.2642114,41.0874642],[14.2642118,41.0874892],[14.2643143,41.087487]]]},"properties":{"site":"capua","name":null,"category":"other","historic":null,"building":"yes","osm_id":1462950895}},{"type":"Feature","geometry":{"type":"Polygon","coordinates":[[[14.2643569,41.0882845],[14.2643556,41.0882418],[14.2645414,41.0882387],[14.2645426,41.0882814],[14.2643569,41.0882845]]]},"properties":{"site":"capua","name":null,"category":"other","historic":null,"building":"yes","osm_id":1462950896}},{"type":"Feature","geometry":{"type":"Polygon","coordinates":[[[14.2569679,41.0757214],[14.2569841,41.0756146],[14.2571481,41.0756288],[14.2571319,41.0757356],[14.2569679,41.0757214]]]},"properties":{"site":"capua","name":"Aprea luxury beauty","category":"other","historic":null,"building":"yes","osm_id":1483799473}},{"type":"Feature","geometry":{"type":"Polygon","coordinates":[[[14.2620591,41.0837749],[14.2621998,41.0837741],[14.2622378,41.0837483],[14.2622407,41.0836466],[14.2621703,41.0836452],[14.2621684,41.0836781],[14.262061,41.0836789],[14.2620591,41.0837749]]]},"properties":{"site":"capua","name":null,"category":"other","historic":null,"building":"yes","osm_id":1492032923}},{"type":"Feature","geometry":{"type":"Polygon","coordinates":[[[14.2619975,41.0840628],[14.2620706,41.0840619],[14.262073,41.0841066],[14.2621159,41.0841074],[14.2621159,41.0841905],[14.2622459,41.0841879],[14.2622447,41.0840576],[14.2621438,41.0840567],[14.2621252,41.0840392],[14.262124,41.083929],[14.2619946,41.0839294],[14.2619975,41.0840628]]]},"properties":{"site":"capua","name":null,"category":"other","historic":null,"building":"yes","osm_id":1492032924}},{"type":"Feature","geometry":{"type":"Polygon","coordinates":[[[14.2621702,41.0836078],[14.2622548,41.0836076],[14.2622535,41.0836378],[14.2621699,41.0836385],[14.2621702,41.0836078]]]},"properties":{"site":"capua","name":null,"category":"other","historic":null,"building":"yes","osm_id":1492441516}},{"type":"Feature","geometry":{"type":"Polygon","coordinates":[[[14.2620595,41.0836033],[14.2622561,41.0836047],[14.2622598,41.0835594],[14.2620597,41.0835588],[14.2620595,41.0836033]]]},"properties":{"site":"capua","name":null,"category":"other","historic":null,"building":"yes","osm_id":1492441517}},{"type":"Feature","geometry":{"type":"Polygon","coordinates":[[[14.2624513,41.0837671],[14.2624566,41.0836993],[14.2625036,41.0836993],[14.2625041,41.0836569],[14.2626939,41.0836543],[14.2626927,41.0836635],[14.2628279,41.0836622],[14.2628279,41.0837759],[14.2626394,41.0837759],[14.262637,41.0837658],[14.2624513,41.0837671]]]},"properties":{"site":"capua","name":null,"category":"other","historic":null,"building":"yes","osm_id":1492441518}},{"type":"Feature","geometry":{"type":"Polygon","coordinates":[[[14.2623883,41.0839653],[14.2625159,41.0839589],[14.2625155,41.0839464],[14.2625724,41.0839476],[14.2625391,41.0844815],[14.2623659,41.0844815],[14.2623883,41.0839653]]]},"properties":{"site":"capua","name":null,"category":"other","historic":null,"building":"yes","osm_id":1492441519}},{"type":"Feature","geometry":{"type":"Polygon","coordinates":[[[14.2631737,41.0822185],[14.2632265,41.0822177],[14.2632286,41.0821907],[14.2633902,41.0821795],[14.2633849,41.0822002],[14.2634409,41.0821994],[14.2634271,41.0820291],[14.2631589,41.0820458],[14.2631737,41.0822185]]]},"properties":{"site":"capua","name":null,"category":"other","historic":null,"building":"yes","osm_id":1493035180}},{"type":"Feature","geometry":{"type":"Polygon","coordinates":[[[14.2634496,41.0822045],[14.2635056,41.0822013],[14.263526,41.0821207],[14.2635477,41.0820355],[14.2634341,41.0820392],[14.2634496,41.0822045]]]},"properties":{"site":"capua","name":null,"category":"other","historic":null,"building":"yes","osm_id":1493267444}},{"type":"Feature","geometry":{"type":"Polygon","coordinates":[[[14.2634762,41.0823392],[14.263795,41.0823867],[14.2638237,41.0822684],[14.2638314,41.0821459],[14.263526,41.0821207],[14.2634762,41.0823392]]]},"properties":{"site":"capua","name":null,"category":"other","historic":null,"building":"yes","osm_id":1493267445}},{"type":"Feature","geometry":{"type":"Polygon","coordinates":[[[14.2633984,41.0826631],[14.2634215,41.0825742],[14.2634549,41.0825825],[14.2634583,41.0825703],[14.2635199,41.08258],[14.2635147,41.082598],[14.2635815,41.0826083],[14.2635772,41.0826193],[14.2636413,41.0826309],[14.2636277,41.0826728],[14.2636379,41.082678],[14.2636302,41.0826889],[14.2636379,41.0826935],[14.2636319,41.0827005],[14.2636901,41.0827134],[14.2636816,41.0827418],[14.263649,41.0827367],[14.2636371,41.0827683],[14.2636482,41.0827721],[14.2636242,41.0828572],[14.2636362,41.0828605],[14.2636277,41.0828953],[14.2636285,41.082905],[14.2636217,41.0829237],[14.2636071,41.0829217],[14.2635977,41.0829643],[14.2635886,41.0829605],[14.2635835,41.0829889],[14.2635723,41.0830344],[14.2635945,41.0830372],[14.2635911,41.0830609],[14.2635804,41.0830594],[14.2635697,41.0830987],[14.263556,41.0830969],[14.2635491,41.0831194],[14.2634987,41.0831133],[14.2635025,41.0831022],[14.2634438,41.0830909],[14.2634749,41.0829755],[14.2634871,41.0829143],[14.2634761,41.0829117],[14.2634871,41.0828789],[14.2635003,41.0828811],[14.2635177,41.0828031],[14.2635046,41.0827988],[14.2635127,41.082771],[14.2635278,41.0827734],[14.2635404,41.0827162],[14.2635132,41.0827087],[14.2635186,41.0826945],[14.2634773,41.082688],[14.2634794,41.0826781],[14.2633984,41.0826631]]]},"properties":{"site":"capua","name":null,"category":"other","historic":null,"building":"yes","osm_id":1493267448}},{"type":"Feature","geometry":{"type":"Polygon","coordinates":[[[14.2615446,41.0818058],[14.262011,41.0818188],[14.2620156,41.081682],[14.261807,41.0816726],[14.261807,41.0816333],[14.2617603,41.0816304],[14.2617564,41.0816738],[14.2615516,41.0816679],[14.2615446,41.0818058]]]},"properties":{"site":"capua","name":null,"category":"other","historic":null,"building":"yes","osm_id":1493267450}},{"type":"Feature","geometry":{"type":"Polygon","coordinates":[[[14.2618607,41.083791],[14.2620536,41.0837858],[14.2620562,41.0836567],[14.2620198,41.0836554],[14.2620198,41.0836482],[14.2619627,41.0836475],[14.2619584,41.0836586],[14.2619351,41.0836645],[14.2619001,41.0836718],[14.2618617,41.0836709],[14.2618608,41.0837812],[14.2618607,41.083791]]]},"properties":{"site":"capua","name":null,"category":"other","historic":null,"building":"yes","osm_id":1504239117}},{"type":"Feature","geometry":{"type":"Polygon","coordinates":[[[14.2616643,41.0837806],[14.2618608,41.0837812],[14.2618546,41.0836554],[14.2616712,41.0836593],[14.2616643,41.0837806]]]},"properties":{"site":"capua","name":null,"category":"other","historic":null,"building":"yes","osm_id":1504239118}},{"type":"Feature","geometry":{"type":"Polygon","coordinates":[[[14.2614394,41.0837884],[14.2616626,41.083791],[14.261679,41.0833893],[14.2614472,41.0833828],[14.2614394,41.0837884]]]},"properties":{"site":"capua","name":null,"category":"other","historic":null,"building":"yes","osm_id":1504239119}},{"type":"Feature","geometry":{"type":"Polygon","coordinates":[[[14.2611211,41.083804],[14.2613598,41.0837988],[14.2613633,41.0834343],[14.2611263,41.0834369],[14.2611262,41.0834434],[14.2611211,41.083804]]]},"properties":{"site":"capua","name":null,"category":"other","historic":null,"building":"yes","osm_id":1504239120}},{"type":"Feature","geometry":{"type":"Polygon","coordinates":[[[14.2609247,41.083804],[14.2611211,41.083804],[14.2611262,41.0834434],[14.2609351,41.0834396],[14.2609247,41.083804]]]},"properties":{"site":"capua","name":null,"category":"other","historic":null,"building":"yes","osm_id":1504239121}},{"type":"Feature","geometry":{"type":"Polygon","coordinates":[[[14.2605657,41.0838112],[14.2608642,41.0838099],[14.2608815,41.0834637],[14.2607768,41.083465],[14.2607777,41.0835054],[14.2606661,41.0835093],[14.2606609,41.0836241],[14.2605856,41.0836254],[14.2605874,41.0837056],[14.2605683,41.0837075],[14.2605657,41.0838112]]]},"properties":{"site":"capua","name":null,"category":"other","historic":null,"building":"yes","osm_id":1504239122}},{"type":"Feature","geometry":{"type":"Polygon","coordinates":[[[14.2602898,41.0838001],[14.2602855,41.0837049],[14.2605147,41.0836997],[14.2605138,41.0837995],[14.2602898,41.0838001]]]},"properties":{"site":"capua","name":null,"category":"other","historic":null,"building":"yes","osm_id":1504239123}},{"type":"Feature","geometry":{"type":"Polygon","coordinates":[[[14.2600405,41.0837864],[14.260163,41.0837889],[14.2601688,41.0837553],[14.2601753,41.0837514],[14.2601753,41.083734],[14.260163,41.0837325],[14.2601611,41.0837179],[14.2600566,41.0837092],[14.2600566,41.0837451],[14.2600431,41.083748],[14.2600405,41.0837864]]]},"properties":{"site":"capua","name":null,"category":"other","historic":null,"building":"yes","osm_id":1504239124}},{"type":"Feature","geometry":{"type":"Polygon","coordinates":[[[14.2600444,41.0839206],[14.2600205,41.0841325],[14.2604751,41.0841524],[14.260488,41.0839211],[14.2600444,41.0839206]]]},"properties":{"site":"capua","name":null,"category":"other","historic":null,"building":"yes","osm_id":1504239125}},{"type":"Feature","geometry":{"type":"Polygon","coordinates":[[[14.2605937,41.0839799],[14.2605989,41.0841174],[14.2605305,41.0841169],[14.2605505,41.0840484],[14.2605505,41.0839799],[14.2605937,41.0839799]]]},"properties":{"site":"capua","name":null,"category":"other","historic":null,"building":"yes","osm_id":1504239126}},{"type":"Feature","geometry":{"type":"Polygon","coordinates":[[[14.2606027,41.0840377],[14.2606924,41.0840362],[14.2606898,41.0839585],[14.2605995,41.0839614],[14.2606027,41.0840377]]]},"properties":{"site":"capua","name":null,"category":"other","historic":null,"building":"yes","osm_id":1504239127}},{"type":"Feature","geometry":{"type":"Polygon","coordinates":[[[14.2607549,41.0842559],[14.2607723,41.0842559],[14.2607923,41.0842559],[14.2607962,41.0842778],[14.2608761,41.0842753],[14.2608735,41.0842515],[14.2608768,41.0841818],[14.2608867,41.0841814],[14.2608836,41.0841095],[14.2608296,41.0841131],[14.2608302,41.0840887],[14.2607498,41.0840925],[14.2607523,41.0841742],[14.2607372,41.0841742],[14.2607377,41.0842184],[14.2607543,41.0842197],[14.2607549,41.0842559]]]},"properties":{"site":"capua","name":null,"category":"other","historic":null,"building":"yes","osm_id":1504239128}},{"type":"Feature","geometry":{"type":"Polygon","coordinates":[[[14.2609099,41.084135],[14.2610446,41.0841285],[14.2610388,41.0839255],[14.2608884,41.0839298],[14.2608927,41.0840907],[14.2609099,41.0840918],[14.2609099,41.084135]]]},"properties":{"site":"capua","name":null,"category":"other","historic":null,"building":"yes","osm_id":1504239129}},{"type":"Feature","geometry":{"type":"Polygon","coordinates":[[[14.2611047,41.0841166],[14.2613899,41.084109],[14.2613841,41.0840529],[14.2613426,41.0840529],[14.2613426,41.0839935],[14.2613813,41.0839903],[14.2613841,41.0839255],[14.2610861,41.0839201],[14.2610947,41.084],[14.2611535,41.0839978],[14.2611549,41.0840479],[14.2611291,41.0840486],[14.2611306,41.0840727],[14.2611004,41.0840723],[14.2611047,41.0841166]]]},"properties":{"site":"capua","name":null,"category":"other","historic":null,"building":"yes","osm_id":1504239130}},{"type":"Feature","geometry":{"type":"Polygon","coordinates":[[[14.2614085,41.0843402],[14.2616807,41.0843315],[14.2616807,41.0842365],[14.2614042,41.0842419],[14.2614085,41.0843402]]]},"properties":{"site":"capua","name":null,"category":"other","historic":null,"building":"yes","osm_id":1504239131}},{"type":"Feature","geometry":{"type":"Polygon","coordinates":[[[14.2617595,41.0842505],[14.2618885,41.0842494],[14.2618655,41.0839471],[14.2617495,41.0839481],[14.2617595,41.0842505]]]},"properties":{"site":"capua","name":null,"category":"other","historic":null,"building":"yes","osm_id":1504239132}},{"type":"Feature","geometry":{"type":"Polygon","coordinates":[[[14.2604949,41.0839443],[14.2605381,41.083945],[14.2605228,41.0841116],[14.2604872,41.0841116],[14.2604949,41.0839443]]]},"properties":{"site":"capua","name":null,"category":"other","historic":null,"building":"yes","osm_id":1504239133}},{"type":"Feature","geometry":{"type":"Polygon","coordinates":[[[14.2477501,41.0892753],[14.2479081,41.0891852],[14.2480162,41.0892928],[14.2478582,41.089383],[14.2477501,41.0892753]]]},"properties":{"site":"capua","name":null,"category":"other","historic":null,"building":"yes","osm_id":1521393732}}]}