{"type":"FeatureCollection","features":[{"type":"Feature","geometry":{"type":"Polygon","coordinates":[[[-6.0464532,37.4465918],[-6.0468989,37.4464904],[-6.0473446,37.4463191],[-6.0478312,37.4459277],[-6.0490507,37.4453334],[-6.0486279,37.4448038],[-6.048417,37.4445397],[-6.0505628,37.4435857],[-6.0495727,37.4421703],[-6.0491765,37.4423382],[-6.0481253,37.4390057],[-6.047695,37.4375507],[-6.0467216,37.4376328],[-6.0462362,37.4375638],[-6.0454942,37.4372736],[-6.0450426,37.4368402],[-6.0434464,37.4373381],[-6.0425465,37.4376152],[-6.0425682,37.4376625],[-6.0425157,37.4376782],[-6.0429904,37.4387576],[-6.0429523,37.4387786],[-6.0428608,37.4388351],[-6.0426485,37.438962],[-6.0425978,37.4389565],[-6.0413394,37.4396962],[-6.0412573,37.4396846],[-6.0412898,37.4397215],[-6.0413632,37.4397996],[-6.0414443,37.4398851],[-6.041231,37.4400013],[-6.0411779,37.4399403],[-6.0411512,37.4399543],[-6.0411263,37.4399657],[-6.0410368,37.4400067],[-6.0409324,37.4400546],[-6.0409122,37.4400297],[-6.0408854,37.4399966],[-6.0408106,37.4399042],[-6.0407276,37.4400434],[-6.0406789,37.4402006],[-6.0407171,37.4404729],[-6.0409534,37.4410133],[-6.0410536,37.4411825],[-6.0411626,37.4413496],[-6.0412792,37.441514],[-6.0414086,37.4416765],[-6.0417874,37.4421317],[-6.0420362,37.4423876],[-6.0423402,37.4426432],[-6.0431682,37.4432826],[-6.0436664,37.4436191],[-6.0441722,37.4439761],[-6.0443312,37.4440825],[-6.0444075,37.4441357],[-6.0445326,37.4442229],[-6.0449274,37.4441459],[-6.0452402,37.4446533],[-6.0450484,37.444784],[-6.0454524,37.4453039],[-6.0464532,37.4465918]]]},"properties":{"site":"italica","name":"Conjunto Arqueológico de Itálica","category":"archaeological","historic":"archaeological_site","building":null,"osm_id":48747073}},{"type":"Feature","geometry":{"type":"Polygon","coordinates":[[[-6.044218,37.4442003],[-6.0440834,37.4440986],[-6.0438973,37.4442458],[-6.0432884,37.4442828],[-6.043293,37.4443429],[-6.04366,37.4443263],[-6.0437417,37.4443359],[-6.0437543,37.4443786],[-6.0438233,37.4443799],[-6.0438187,37.444363],[-6.0439682,37.4443583],[-6.0439636,37.444292],[-6.0439821,37.4442797],[-6.0440098,37.4443136],[-6.0440662,37.4443003],[-6.044218,37.4442003]]]},"properties":{"site":"italica","name":null,"category":"other","historic":null,"building":"yes","osm_id":132676062}},{"type":"Feature","geometry":{"type":"Polygon","coordinates":[[[-6.0440834,37.4440986],[-6.0438944,37.4442451],[-6.0431626,37.4442843],[-6.0430664,37.4442832],[-6.0430561,37.4441284],[-6.043137,37.4441205],[-6.0435829,37.4439706],[-6.0436332,37.4439873],[-6.0436668,37.4440633],[-6.0437141,37.4440367],[-6.0437408,37.4440416],[-6.0438157,37.4439607],[-6.0438621,37.4439893],[-6.0438797,37.4439702],[-6.0440834,37.4440986]]]},"properties":{"site":"italica","name":null,"category":"other","historic":null,"building":"yes","osm_id":132676063}},{"type":"Feature","geometry":{"type":"Polygon","coordinates":[[[-6.050514,37.4397446],[-6.0503596,37.4397074],[-6.05046,37.4394445],[-6.0506144,37.4394817],[-6.050514,37.4397446]]]},"properties":{"site":"italica","name":"Cisterna Romana","category":"archaeological","historic":"archaeological_site","building":"yes","osm_id":156357743}},{"type":"Feature","geometry":{"type":"Polygon","coordinates":[[[-6.0446083,37.4415529],[-6.0448051,37.4418002],[-6.0443063,37.4420504],[-6.0441095,37.4418032],[-6.0446083,37.4415529]]]},"properties":{"site":"italica","name":"Casa de los Pájaros","category":"domus","historic":"ruins","building":"historic","osm_id":221697207}},{"type":"Feature","geometry":{"type":"Polygon","coordinates":[[[-6.046059,37.4413047],[-6.0463479,37.441672],[-6.0459067,37.4418908],[-6.0456178,37.4415234],[-6.046059,37.4413047]]]},"properties":{"site":"italica","name":"Casa del Planetario","category":"domus","historic":"ruins","building":"historic","osm_id":221697208}},{"type":"Feature","geometry":{"type":"Polygon","coordinates":[[[-6.0416603,37.4384842],[-6.0417737,37.4384385],[-6.04191,37.4383932],[-6.0419614,37.4383761],[-6.0420043,37.4383186],[-6.0418327,37.4379417],[-6.0415725,37.4380311],[-6.041602,37.4380971],[-6.0414487,37.4381289],[-6.0414682,37.4381721],[-6.0414822,37.4382028],[-6.0415008,37.4382438],[-6.0415837,37.4384265],[-6.0415937,37.438442],[-6.0416327,37.4384437],[-6.0416603,37.4384842]]]},"properties":{"site":"italica","name":"Termas menores","category":"archaeological","historic":"archaeological_site","building":null,"osm_id":356963692}},{"type":"Feature","geometry":{"type":"Polygon","coordinates":[[[-6.0448122,37.4429637],[-6.0446128,37.4427049],[-6.0452955,37.4423516],[-6.0455563,37.4426774],[-6.0449925,37.4429454],[-6.0448122,37.4429637]]]},"properties":{"site":"italica","name":"Edificio de la Exedra","category":"building","historic":"ruins","building":"ruins","osm_id":428812831}},{"type":"Feature","geometry":{"type":"Polygon","coordinates":[[[-6.0440987,37.4422954],[-6.0448729,37.4418788],[-6.0452049,37.4422678],[-6.0449444,37.442408],[-6.0447815,37.4422171],[-6.0442678,37.4424936],[-6.0440987,37.4422954]]]},"properties":{"site":"italica","name":"Edificio del mosaico Neptuno","category":"building","historic":"ruins","building":"ruins","osm_id":428812832}},{"type":"Feature","geometry":{"type":"Polygon","coordinates":[[[-6.0443063,37.4420504],[-6.0438157,37.4422996],[-6.0435877,37.4420535],[-6.0441095,37.4418032],[-6.0443063,37.4420504]]]},"properties":{"site":"italica","name":"Casa de Patio Rodio","category":"domus","historic":"ruins","building":"ruins","osm_id":428812833}},{"type":"Feature","geometry":{"type":"Polygon","coordinates":[[[-6.0435199,37.4419459],[-6.044026,37.4416941],[-6.0438086,37.441414],[-6.0432883,37.4416715],[-6.0435199,37.4419459]]]},"properties":{"site":"italica","name":"Casa de Hylas","category":"domus","historic":"ruins","building":"ruins","osm_id":428812834}},{"type":"Feature","geometry":{"type":"Polygon","coordinates":[[[-6.0399487,37.4409072],[-6.0399004,37.4408678],[-6.0398912,37.4407704],[-6.0398707,37.4407739],[-6.0398717,37.4406779],[-6.0398359,37.4406798],[-6.0398344,37.440646],[-6.0398572,37.4406314],[-6.0399836,37.440622],[-6.040006,37.4409034],[-6.0399487,37.4409072]]]},"properties":{"site":"italica","name":"Museo Municipal Fernando Marmolejo","category":"other","historic":null,"building":"yes","osm_id":660731482}},{"type":"Feature","geometry":{"type":"Polygon","coordinates":[[[-6.0404219,37.4403527],[-6.0404039,37.4403626],[-6.0403826,37.4403382],[-6.0404005,37.4403283],[-6.0404219,37.4403527]]]},"properties":{"site":"italica","name":null,"category":"other","historic":null,"building":"yes","osm_id":1133490980}},{"type":"Feature","geometry":{"type":"Polygon","coordinates":[[[-6.0388744,37.4379477],[-6.0387433,37.4379969],[-6.0387882,37.4381024],[-6.0388825,37.4380674],[-6.0389211,37.4380332],[-6.0388744,37.4379477]]]},"properties":{"site":"italica","name":null,"category":"other","historic":null,"building":"yes","osm_id":1206993211}},{"type":"Feature","geometry":{"type":"Polygon","coordinates":[[[-6.0389454,37.4379213],[-6.0389631,37.4379531],[-6.0389696,37.4379648],[-6.0389525,37.4379705],[-6.0389759,37.438004],[-6.0390702,37.4379641],[-6.0390118,37.4378928],[-6.0389454,37.4379213]]]},"properties":{"site":"italica","name":null,"category":"other","historic":null,"building":"yes","osm_id":1206993216}},{"type":"Feature","geometry":{"type":"Polygon","coordinates":[[[-6.0389211,37.4380332],[-6.0389427,37.4380218],[-6.038913,37.437974],[-6.0389631,37.4379531],[-6.0389454,37.4379213],[-6.0388744,37.4379477],[-6.0389211,37.4380332]]]},"properties":{"site":"italica","name":null,"category":"other","historic":null,"building":"yes","osm_id":1206993217}},{"type":"Feature","geometry":{"type":"Polygon","coordinates":[[[-6.0405582,37.4378873],[-6.0405493,37.4378924],[-6.0404198,37.4379662],[-6.0404603,37.4380036],[-6.0406045,37.4379569],[-6.0405582,37.4378873]]]},"properties":{"site":"italica","name":null,"category":"other","historic":null,"building":"yes","osm_id":1206999500}},{"type":"Feature","geometry":{"type":"Polygon","coordinates":[[[-6.0393301,37.4389372],[-6.0392226,37.4389757],[-6.0392429,37.4390054],[-6.0392344,37.4390085],[-6.0393065,37.4391204],[-6.0392527,37.4391413],[-6.0392658,37.4391709],[-6.039298,37.4391626],[-6.0392855,37.4392641],[-6.0394225,37.4393297],[-6.0394396,37.4392417],[-6.0394227,37.4391284],[-6.0394173,37.4390918],[-6.0393957,37.4390534],[-6.0393678,37.439004],[-6.0393301,37.4389372]]]},"properties":{"site":"italica","name":null,"category":"other","historic":null,"building":"yes","osm_id":1207017992}},{"type":"Feature","geometry":{"type":"Polygon","coordinates":[[[-6.0392226,37.4389757],[-6.0391393,37.4390075],[-6.0391616,37.4390382],[-6.0391459,37.4390434],[-6.0391852,37.4391185],[-6.0392062,37.4391584],[-6.0392527,37.4391413],[-6.0393065,37.4391204],[-6.0392344,37.4390085],[-6.0392429,37.4390054],[-6.0392226,37.4389757]]]},"properties":{"site":"italica","name":null,"category":"other","historic":null,"building":"yes","osm_id":1207017993}},{"type":"Feature","geometry":{"type":"Polygon","coordinates":[[[-6.0391393,37.4390075],[-6.0390908,37.4390231],[-6.0391059,37.439058],[-6.0390928,37.4390621],[-6.0391156,37.4391059],[-6.0391314,37.4391361],[-6.0391852,37.4391185],[-6.0391459,37.4390434],[-6.0391616,37.4390382],[-6.0391393,37.4390075]]]},"properties":{"site":"italica","name":null,"category":"other","historic":null,"building":"yes","osm_id":1207017994}},{"type":"Feature","geometry":{"type":"Polygon","coordinates":[[[-6.0391676,37.439396],[-6.0391519,37.439391],[-6.03904,37.4393554],[-6.0390062,37.4394276],[-6.0391096,37.439462],[-6.0391353,37.4394705],[-6.0391676,37.439396]]]},"properties":{"site":"italica","name":null,"category":"other","historic":null,"building":"yes","osm_id":1207017995}},{"type":"Feature","geometry":{"type":"Polygon","coordinates":[[[-6.0390062,37.4394276],[-6.0389746,37.4394986],[-6.0391601,37.4395594],[-6.0391744,37.4395278],[-6.0390865,37.4395016],[-6.0391096,37.439462],[-6.0390062,37.4394276]]]},"properties":{"site":"italica","name":null,"category":"other","historic":null,"building":"yes","osm_id":1207017996}},{"type":"Feature","geometry":{"type":"Polygon","coordinates":[[[-6.0389746,37.4394986],[-6.0389355,37.4395785],[-6.0391511,37.4396407],[-6.039196,37.4395701],[-6.0391601,37.4395594],[-6.0389746,37.4394986]]]},"properties":{"site":"italica","name":null,"category":"other","historic":null,"building":"yes","osm_id":1207017997}},{"type":"Feature","geometry":{"type":"Polygon","coordinates":[[[-6.0389355,37.4395785],[-6.0389017,37.4396489],[-6.0391414,37.4397097],[-6.0391585,37.4396653],[-6.0391628,37.439653],[-6.0391654,37.4396457],[-6.0391511,37.4396407],[-6.0389355,37.4395785]]]},"properties":{"site":"italica","name":null,"category":"other","historic":null,"building":"yes","osm_id":1207017998}},{"type":"Feature","geometry":{"type":"Polygon","coordinates":[[[-6.03904,37.4393554],[-6.039065,37.4393058],[-6.03918,37.4393413],[-6.0391519,37.439391],[-6.03904,37.4393554]]]},"properties":{"site":"italica","name":null,"category":"other","historic":null,"building":"yes","osm_id":1207017999}},{"type":"Feature","geometry":{"type":"Polygon","coordinates":[[[-6.039065,37.4393058],[-6.0390946,37.4392418],[-6.0391738,37.4392686],[-6.0392344,37.4392938],[-6.0392172,37.4393255],[-6.0392324,37.4393277],[-6.0392165,37.4393534],[-6.03918,37.4393413],[-6.039065,37.4393058]]]},"properties":{"site":"italica","name":null,"category":"other","historic":null,"building":"yes","osm_id":1207018000}},{"type":"Feature","geometry":{"type":"Polygon","coordinates":[[[-6.0394693,37.4394852],[-6.0394163,37.4395289],[-6.0394321,37.4395962],[-6.0395293,37.4395803],[-6.039521,37.4394841],[-6.0394693,37.4394852]]]},"properties":{"site":"italica","name":null,"category":"other","historic":null,"building":"yes","osm_id":1207018001}},{"type":"Feature","geometry":{"type":"Polygon","coordinates":[[[-6.0396815,37.4394688],[-6.0395733,37.4395016],[-6.0396291,37.4396082],[-6.0396939,37.4395907],[-6.0397056,37.439617],[-6.0397573,37.4396066],[-6.0397338,37.4395727],[-6.0396815,37.4394688]]]},"properties":{"site":"italica","name":null,"category":"other","historic":null,"building":"yes","osm_id":1207018002}},{"type":"Feature","geometry":{"type":"Polygon","coordinates":[[[-6.0396815,37.4394688],[-6.0397848,37.439436],[-6.0398268,37.4395213],[-6.0399584,37.4394775],[-6.0399811,37.4395109],[-6.0398434,37.4395557],[-6.0398372,37.4395421],[-6.0397338,37.4395727],[-6.0396815,37.4394688]]]},"properties":{"site":"italica","name":null,"category":"other","historic":null,"building":"yes","osm_id":1207018003}},{"type":"Feature","geometry":{"type":"Polygon","coordinates":[[[-6.0394597,37.439734],[-6.0393784,37.4397455],[-6.0393653,37.4398554],[-6.0394893,37.4398647],[-6.0394934,37.4398122],[-6.0395272,37.4398111],[-6.0395258,37.4397953],[-6.0395107,37.4397734],[-6.0394755,37.439774],[-6.0394597,37.439734]]]},"properties":{"site":"italica","name":null,"category":"other","historic":null,"building":"yes","osm_id":1207018004}},{"type":"Feature","geometry":{"type":"Polygon","coordinates":[[[-6.0393784,37.4397455],[-6.0393832,37.4396832],[-6.039439,37.439681],[-6.0394597,37.439734],[-6.0393784,37.4397455]]]},"properties":{"site":"italica","name":null,"category":"other","historic":null,"building":"yes","osm_id":1207018005}},{"type":"Feature","geometry":{"type":"Polygon","coordinates":[[[-6.0405039,37.4390346],[-6.0401492,37.4391806],[-6.0402031,37.4392703],[-6.040144,37.4392974],[-6.0401926,37.4393579],[-6.0405919,37.4391649],[-6.0405039,37.4390346]]]},"properties":{"site":"italica","name":null,"category":"other","historic":null,"building":"yes","osm_id":1207018006}},{"type":"Feature","geometry":{"type":"Polygon","coordinates":[[[-6.0401926,37.4393579],[-6.0400967,37.4393996],[-6.0399633,37.4392409],[-6.0400308,37.4392102],[-6.0400418,37.4392246],[-6.0400573,37.4392171],[-6.0401282,37.4393078],[-6.040144,37.4392974],[-6.0401926,37.4393579]]]},"properties":{"site":"italica","name":null,"category":"other","historic":null,"building":"yes","osm_id":1207018007}},{"type":"Feature","geometry":{"type":"Polygon","coordinates":[[[-6.0399633,37.4392409],[-6.0399005,37.4391711],[-6.0400113,37.4391038],[-6.0400633,37.4391589],[-6.0401036,37.4391391],[-6.0400606,37.4390823],[-6.0402011,37.4390221],[-6.0402546,37.4390958],[-6.0400781,37.4391711],[-6.0401009,37.4392031],[-6.0400573,37.4392171],[-6.0400418,37.4392246],[-6.0400308,37.4392102],[-6.0399633,37.4392409]]]},"properties":{"site":"italica","name":null,"category":"other","historic":null,"building":"yes","osm_id":1207018008}},{"type":"Feature","geometry":{"type":"Polygon","coordinates":[[[-6.0405181,37.4386712],[-6.0405569,37.4387719],[-6.0403366,37.4388391],[-6.040326,37.4388069],[-6.0402714,37.4388237],[-6.0402361,37.4387453],[-6.0402749,37.4387355],[-6.0402573,37.4386936],[-6.0403665,37.4386558],[-6.0403877,37.4387062],[-6.0405181,37.4386712]]]},"properties":{"site":"italica","name":"Motofilia","category":"other","historic":null,"building":"yes","osm_id":1207018009}},{"type":"Feature","geometry":{"type":"Polygon","coordinates":[[[-6.0400606,37.4390823],[-6.0400335,37.4390895],[-6.04003,37.4388993],[-6.0401251,37.4388727],[-6.0402011,37.4390221],[-6.0400606,37.4390823]]]},"properties":{"site":"italica","name":null,"category":"other","historic":null,"building":"yes","osm_id":1207018010}},{"type":"Feature","geometry":{"type":"Polygon","coordinates":[[[-6.0403331,37.4383172],[-6.0402379,37.438334],[-6.040185,37.4383592],[-6.0402414,37.4384781],[-6.0403824,37.4384375],[-6.0403331,37.4383172]]]},"properties":{"site":"italica","name":null,"category":"other","historic":null,"building":"yes","osm_id":1207018011}},{"type":"Feature","geometry":{"type":"Polygon","coordinates":[[[-6.0393139,37.4382331],[-6.0391541,37.4382854],[-6.0391999,37.4383657],[-6.0392559,37.4383481],[-6.0392969,37.4383352],[-6.0393339,37.4383236],[-6.0393219,37.4382956],[-6.039346,37.4382892],[-6.0393604,37.438314],[-6.0393785,37.4383076],[-6.0394263,37.4382905],[-6.0394086,37.4382618],[-6.0393412,37.4382803],[-6.0393139,37.4382331]]]},"properties":{"site":"italica","name":null,"category":"other","historic":null,"building":"yes","osm_id":1207026173}},{"type":"Feature","geometry":{"type":"Polygon","coordinates":[[[-6.0391999,37.4383657],[-6.0392376,37.4384345],[-6.039394,37.4383851],[-6.0394415,37.4383701],[-6.0394311,37.4383497],[-6.0394038,37.4383574],[-6.0393785,37.4383076],[-6.0393604,37.438314],[-6.0393339,37.4383236],[-6.0392969,37.4383352],[-6.0393075,37.4383593],[-6.0392681,37.4383714],[-6.0392559,37.4383481],[-6.0391999,37.4383657]]]},"properties":{"site":"italica","name":null,"category":"other","historic":null,"building":"yes","osm_id":1207026174}},{"type":"Feature","geometry":{"type":"Polygon","coordinates":[[[-6.0392376,37.4384345],[-6.0392585,37.4384695],[-6.0394126,37.4384205],[-6.039394,37.4383851],[-6.0392376,37.4384345]]]},"properties":{"site":"italica","name":null,"category":"other","historic":null,"building":"yes","osm_id":1207026175}},{"type":"Feature","geometry":{"type":"Polygon","coordinates":[[[-6.0392585,37.4384695],[-6.0392794,37.438511],[-6.0394808,37.4384415],[-6.0394736,37.4384249],[-6.0394263,37.4384434],[-6.0394126,37.4384205],[-6.0392585,37.4384695]]]},"properties":{"site":"italica","name":null,"category":"other","historic":null,"building":"yes","osm_id":1207026176}},{"type":"Feature","geometry":{"type":"Polygon","coordinates":[[[-6.0392794,37.438511],[-6.0393203,37.43859],[-6.0394535,37.4385448],[-6.0394295,37.4384931],[-6.0395105,37.4384702],[-6.0395338,37.438511],[-6.0395828,37.4384931],[-6.039541,37.4384224],[-6.0394808,37.4384415],[-6.0392794,37.438511]]]},"properties":{"site":"italica","name":null,"category":"other","historic":null,"building":"yes","osm_id":1207026177}},{"type":"Feature","geometry":{"type":"Polygon","coordinates":[[[-6.0393203,37.43859],[-6.03935,37.4386518],[-6.0394414,37.4386184],[-6.0394897,37.4386008],[-6.0394619,37.4385578],[-6.0394535,37.4385448],[-6.0393203,37.43859]]]},"properties":{"site":"italica","name":null,"category":"other","historic":null,"building":"yes","osm_id":1207026178}},{"type":"Feature","geometry":{"type":"Polygon","coordinates":[[[-6.03935,37.4386518],[-6.0393949,37.4387487],[-6.0394287,37.4387353],[-6.0394816,37.4387047],[-6.0395683,37.4385753],[-6.039566,37.43857],[-6.0394897,37.4386008],[-6.0394728,37.4386423],[-6.0394551,37.4386467],[-6.0394414,37.4386184],[-6.03935,37.4386518]]]},"properties":{"site":"italica","name":null,"category":"other","historic":null,"building":"yes","osm_id":1207026179}},{"type":"Feature","geometry":{"type":"Polygon","coordinates":[[[-6.0397802,37.438743],[-6.0396044,37.4386837],[-6.0395611,37.4387615],[-6.0396253,37.4387857],[-6.0396061,37.4388156],[-6.0396248,37.438822],[-6.0397184,37.4388539],[-6.0397204,37.4388503],[-6.0397802,37.438743]]]},"properties":{"site":"italica","name":null,"category":"other","historic":null,"building":"yes","osm_id":1207026180}},{"type":"Feature","geometry":{"type":"Polygon","coordinates":[[[-6.0395611,37.4387615],[-6.0395394,37.4387946],[-6.0396061,37.4388156],[-6.0396253,37.4387857],[-6.0395611,37.4387615]]]},"properties":{"site":"italica","name":null,"category":"other","historic":null,"building":"yes","osm_id":1207026181}},{"type":"Feature","geometry":{"type":"Polygon","coordinates":[[[-6.0395394,37.4387946],[-6.0394961,37.4388845],[-6.0395306,37.4389546],[-6.0395459,37.4389558],[-6.0396248,37.438822],[-6.0396061,37.4388156],[-6.0395394,37.4387946]]]},"properties":{"site":"italica","name":null,"category":"other","historic":null,"building":"yes","osm_id":1207026182}},{"type":"Feature","geometry":{"type":"Polygon","coordinates":[[[-6.0393301,37.4389372],[-6.039411,37.4389125],[-6.0394616,37.4390081],[-6.0394608,37.4390387],[-6.0394808,37.4390317],[-6.0395033,37.4390661],[-6.0394816,37.4390699],[-6.0394897,37.4391337],[-6.0394712,37.4391356],[-6.0394672,37.4391184],[-6.0394227,37.4391284],[-6.0394173,37.4390918],[-6.0393957,37.4390534],[-6.0394359,37.4390419],[-6.039415,37.4389928],[-6.0393678,37.439004],[-6.0393301,37.4389372]]]},"properties":{"site":"italica","name":null,"category":"other","historic":null,"building":"yes","osm_id":1207026183}},{"type":"Feature","geometry":{"type":"Polygon","coordinates":[[[-6.0390908,37.4390231],[-6.0389984,37.4390597],[-6.0390145,37.4390865],[-6.0390024,37.4390922],[-6.0390185,37.4391337],[-6.0390321,37.4391305],[-6.0390658,37.4392025],[-6.0391172,37.4391897],[-6.0390811,37.4391164],[-6.0391156,37.4391059],[-6.0390928,37.4390621],[-6.0391059,37.439058],[-6.0390908,37.4390231]]]},"properties":{"site":"italica","name":null,"category":"other","historic":null,"building":"yes","osm_id":1207026184}},{"type":"Feature","geometry":{"type":"Polygon","coordinates":[[[-6.0389984,37.4390597],[-6.0389599,37.4390699],[-6.0389952,37.4391413],[-6.0390185,37.4391337],[-6.0390024,37.4390922],[-6.0390145,37.4390865],[-6.0389984,37.4390597]]]},"properties":{"site":"italica","name":null,"category":"other","historic":null,"building":"yes","osm_id":1207026185}},{"type":"Feature","geometry":{"type":"Polygon","coordinates":[[[-6.0389599,37.4390699],[-6.0388732,37.4390999],[-6.0389154,37.439173],[-6.0389262,37.4391917],[-6.0389785,37.4391754],[-6.039008,37.4391662],[-6.0389952,37.4391413],[-6.0389599,37.4390699]]]},"properties":{"site":"italica","name":null,"category":"other","historic":null,"building":"yes","osm_id":1207026186}},{"type":"Feature","geometry":{"type":"Polygon","coordinates":[[[-6.0388732,37.4390999],[-6.0388323,37.4391145],[-6.038874,37.4391866],[-6.0389154,37.439173],[-6.0388732,37.4390999]]]},"properties":{"site":"italica","name":null,"category":"other","historic":null,"building":"yes","osm_id":1207026187}},{"type":"Feature","geometry":{"type":"Polygon","coordinates":[[[-6.0388323,37.4391145],[-6.0387889,37.4391305],[-6.0388307,37.4391964],[-6.0388499,37.4392267],[-6.0388901,37.4392133],[-6.038874,37.4391866],[-6.0388323,37.4391145]]]},"properties":{"site":"italica","name":null,"category":"other","historic":null,"building":"yes","osm_id":1207026188}},{"type":"Feature","geometry":{"type":"Polygon","coordinates":[[[-6.0387889,37.4391305],[-6.0387432,37.439147],[-6.0387873,37.4392101],[-6.0388307,37.4391964],[-6.0387889,37.4391305]]]},"properties":{"site":"italica","name":null,"category":"other","historic":null,"building":"yes","osm_id":1207026189}},{"type":"Feature","geometry":{"type":"Polygon","coordinates":[[[-6.0387432,37.439147],[-6.0387111,37.4391566],[-6.0387504,37.4392331],[-6.0387777,37.4392235],[-6.0387849,37.4392369],[-6.0387977,37.4392337],[-6.0387873,37.4392101],[-6.0387432,37.439147]]]},"properties":{"site":"italica","name":null,"category":"other","historic":null,"building":"yes","osm_id":1207026190}},{"type":"Feature","geometry":{"type":"Polygon","coordinates":[[[-6.0387111,37.4391566],[-6.038634,37.4391827],[-6.0386733,37.439249],[-6.0387151,37.4392344],[-6.0387367,37.4392834],[-6.0387488,37.4392777],[-6.0387608,37.4392994],[-6.0387748,37.4392945],[-6.0387849,37.4392911],[-6.0387504,37.4392331],[-6.0387111,37.4391566]]]},"properties":{"site":"italica","name":null,"category":"other","historic":null,"building":"yes","osm_id":1207026191}},{"type":"Feature","geometry":{"type":"Polygon","coordinates":[[[-6.0387608,37.4392994],[-6.0387182,37.4393123],[-6.0386847,37.4393224],[-6.0386597,37.43933],[-6.0386886,37.439386],[-6.0387797,37.4393579],[-6.0388002,37.4393516],[-6.0387748,37.4392945],[-6.0387608,37.4392994]]]},"properties":{"site":"italica","name":null,"category":"other","historic":null,"building":"yes","osm_id":1207026192}},{"type":"Feature","geometry":{"type":"Polygon","coordinates":[[[-6.038634,37.4391827],[-6.0385666,37.4392025],[-6.0386348,37.4393064],[-6.0386685,37.4392936],[-6.0386847,37.4393224],[-6.0387182,37.4393123],[-6.0386733,37.439249],[-6.038634,37.4391827]]]},"properties":{"site":"italica","name":null,"category":"other","historic":null,"building":"yes","osm_id":1207026193}},{"type":"Feature","geometry":{"type":"Polygon","coordinates":[[[-6.0388324,37.4394606],[-6.0387933,37.4394754],[-6.0387959,37.439481],[-6.0387574,37.4394932],[-6.0388093,37.4395757],[-6.0389171,37.4395274],[-6.0388908,37.4394978],[-6.0388581,37.4395085],[-6.0388324,37.4394606]]]},"properties":{"site":"italica","name":null,"category":"other","historic":null,"building":"yes","osm_id":1207026194}},{"type":"Feature","geometry":{"type":"Polygon","coordinates":[[[-6.0387797,37.4393579],[-6.0388125,37.4394143],[-6.0388893,37.4393885],[-6.0388975,37.4393858],[-6.0389673,37.4393711],[-6.0389923,37.4392888],[-6.0388002,37.4393516],[-6.0387797,37.4393579]]]},"properties":{"site":"italica","name":null,"category":"other","historic":null,"building":"yes","osm_id":1207026195}},{"type":"Feature","geometry":{"type":"Polygon","coordinates":[[[-6.0389673,37.4393711],[-6.0389663,37.4394068],[-6.0389171,37.4394264],[-6.0388893,37.4393885],[-6.0388975,37.4393858],[-6.0389673,37.4393711]]]},"properties":{"site":"italica","name":null,"category":"other","historic":null,"building":"yes","osm_id":1207026196}},{"type":"Feature","geometry":{"type":"Polygon","coordinates":[[[-6.0389663,37.4394068],[-6.0389477,37.4394799],[-6.038938,37.4394947],[-6.0388855,37.4394395],[-6.0389171,37.4394264],[-6.0389663,37.4394068]]]},"properties":{"site":"italica","name":null,"category":"other","historic":null,"building":"yes","osm_id":1207026197}},{"type":"Feature","geometry":{"type":"Polygon","coordinates":[[[-6.038587,37.4393776],[-6.038636,37.4394381],[-6.0385208,37.4395007],[-6.0385058,37.4395071],[-6.0384129,37.4395468],[-6.0383712,37.4394719],[-6.0384682,37.4394316],[-6.0384846,37.4394676],[-6.0385317,37.4394467],[-6.0385054,37.4394129],[-6.0385326,37.4394012],[-6.038587,37.4393776]]]},"properties":{"site":"italica","name":null,"category":"other","historic":null,"building":"yes","osm_id":1207026198}},{"type":"Feature","geometry":{"type":"Polygon","coordinates":[[[-6.0383712,37.4394719],[-6.0383259,37.4394],[-6.0383975,37.4393726],[-6.0384284,37.439418],[-6.0384456,37.4394108],[-6.0384682,37.4394316],[-6.0383712,37.4394719]]]},"properties":{"site":"italica","name":null,"category":"other","historic":null,"building":"yes","osm_id":1207026199}},{"type":"Feature","geometry":{"type":"Polygon","coordinates":[[[-6.0383259,37.4394],[-6.0382815,37.4393294],[-6.0383622,37.4392956],[-6.0384138,37.4393647],[-6.0383975,37.4393726],[-6.0383259,37.4394]]]},"properties":{"site":"italica","name":null,"category":"other","historic":null,"building":"yes","osm_id":1207026200}},{"type":"Feature","geometry":{"type":"Polygon","coordinates":[[[-6.0383622,37.4392956],[-6.0384302,37.4392639],[-6.0384792,37.4393296],[-6.0385326,37.4394012],[-6.0385054,37.4394129],[-6.0384909,37.4394215],[-6.038451,37.439369],[-6.0384247,37.4393812],[-6.0384138,37.4393647],[-6.0383622,37.4392956]]]},"properties":{"site":"italica","name":null,"category":"other","historic":null,"building":"yes","osm_id":1207026201}},{"type":"Feature","geometry":{"type":"Polygon","coordinates":[[[-6.0384302,37.4392639],[-6.0384982,37.4392351],[-6.0385571,37.4393287],[-6.0385254,37.4393438],[-6.0385072,37.4393186],[-6.0384792,37.4393296],[-6.0384302,37.4392639]]]},"properties":{"site":"italica","name":null,"category":"other","historic":null,"building":"yes","osm_id":1207026202}},{"type":"Feature","geometry":{"type":"Polygon","coordinates":[[[-6.038238,37.4394007],[-6.038136,37.4394552],[-6.0380569,37.4394975],[-6.0380275,37.4395132],[-6.0380185,37.439518],[-6.0380349,37.4395425],[-6.0381192,37.4394986],[-6.0381654,37.4395518],[-6.0382969,37.4394914],[-6.038238,37.4394007]]]},"properties":{"site":"italica","name":null,"category":"other","historic":null,"building":"yes","osm_id":1207026203}},{"type":"Feature","geometry":{"type":"Polygon","coordinates":[[[-6.038238,37.4394007],[-6.0381763,37.4393244],[-6.0379951,37.4394146],[-6.0377801,37.4395216],[-6.0378554,37.4396246],[-6.0379025,37.4396008],[-6.0378925,37.4395857],[-6.0379302,37.4395615],[-6.0379687,37.4395367],[-6.0380185,37.439518],[-6.0380275,37.4395132],[-6.0380569,37.4394975],[-6.0380331,37.4394662],[-6.0379215,37.4395267],[-6.0379034,37.4395029],[-6.0380367,37.4394331],[-6.0380494,37.4394489],[-6.0381092,37.4394201],[-6.038136,37.4394552],[-6.038238,37.4394007]]]},"properties":{"site":"italica","name":null,"category":"other","historic":null,"building":"yes","osm_id":1207026204}},{"type":"Feature","geometry":{"type":"Polygon","coordinates":[[[-6.0378554,37.4396246],[-6.0379315,37.4397304],[-6.037975,37.439703],[-6.0379632,37.4396857],[-6.0380448,37.4396272],[-6.0380856,37.4395979],[-6.0380603,37.4395598],[-6.0380222,37.4395763],[-6.0380457,37.439603],[-6.0380331,37.4396116],[-6.0380258,37.4395943],[-6.0379741,37.4396267],[-6.0379302,37.4395615],[-6.0378925,37.4395857],[-6.0379025,37.4396008],[-6.0378554,37.4396246]]]},"properties":{"site":"italica","name":null,"category":"other","historic":null,"building":"yes","osm_id":1207026205}},{"type":"Feature","geometry":{"type":"Polygon","coordinates":[[[-6.0413072,37.4419808],[-6.0412278,37.4420234],[-6.0411943,37.4420414],[-6.0411142,37.4420845],[-6.0415119,37.4425514],[-6.0417049,37.4424478],[-6.0413072,37.4419808]]]},"properties":{"site":"italica","name":null,"category":"other","historic":null,"building":"yes","osm_id":1207030921}},{"type":"Feature","geometry":{"type":"Polygon","coordinates":[[[-6.0415119,37.4425514],[-6.0416675,37.4426943],[-6.0418306,37.442571],[-6.0417739,37.4425237],[-6.0416692,37.4426029],[-6.0416399,37.4425785],[-6.041755,37.4424914],[-6.0417049,37.4424478],[-6.0415119,37.4425514]]]},"properties":{"site":"italica","name":null,"category":"other","historic":null,"building":"yes","osm_id":1207030922}},{"type":"Feature","geometry":{"type":"Polygon","coordinates":[[[-6.0418306,37.442571],[-6.0419919,37.4427055],[-6.0418255,37.4428313],[-6.0417595,37.4427763],[-6.0418857,37.4426809],[-6.0418658,37.4426643],[-6.0417429,37.4427572],[-6.0416675,37.4426943],[-6.0418306,37.442571]]]},"properties":{"site":"italica","name":null,"category":"other","historic":null,"building":"yes","osm_id":1207030923}},{"type":"Feature","geometry":{"type":"Polygon","coordinates":[[[-6.0419919,37.4427055],[-6.0420225,37.4427311],[-6.0419194,37.442809],[-6.0419327,37.4428201],[-6.0418694,37.442868],[-6.0418255,37.4428313],[-6.0419919,37.4427055]]]},"properties":{"site":"italica","name":null,"category":"other","historic":null,"building":"yes","osm_id":1207030924}},{"type":"Feature","geometry":{"type":"Polygon","coordinates":[[[-6.0420225,37.4427311],[-6.0420742,37.4427741],[-6.041971,37.4428521],[-6.0419327,37.4428201],[-6.0419194,37.442809],[-6.0420225,37.4427311]]]},"properties":{"site":"italica","name":null,"category":"other","historic":null,"building":"yes","osm_id":1207030925}},{"type":"Feature","geometry":{"type":"Polygon","coordinates":[[[-6.0420742,37.4427741],[-6.0422091,37.4428866],[-6.0420477,37.4430087],[-6.0419128,37.4428962],[-6.041971,37.4428521],[-6.0420742,37.4427741]]]},"properties":{"site":"italica","name":null,"category":"other","historic":null,"building":"yes","osm_id":1207030926}},{"type":"Feature","geometry":{"type":"Polygon","coordinates":[[[-6.0422091,37.4428866],[-6.0423393,37.4429953],[-6.0421779,37.4431173],[-6.0420477,37.4430087],[-6.0422091,37.4428866]]]},"properties":{"site":"italica","name":null,"category":"other","historic":null,"building":"yes","osm_id":1207030927}},{"type":"Feature","geometry":{"type":"Polygon","coordinates":[[[-6.0423393,37.4429953],[-6.0424752,37.4431086],[-6.0423138,37.4432306],[-6.0421779,37.4431173],[-6.0423393,37.4429953]]]},"properties":{"site":"italica","name":null,"category":"other","historic":null,"building":"yes","osm_id":1207030928}},{"type":"Feature","geometry":{"type":"Polygon","coordinates":[[[-6.0424752,37.4431086],[-6.0425105,37.443138],[-6.0423491,37.44326],[-6.0423138,37.4432306],[-6.0424752,37.4431086]]]},"properties":{"site":"italica","name":null,"category":"other","historic":null,"building":"yes","osm_id":1207030929}},{"type":"Feature","geometry":{"type":"Polygon","coordinates":[[[-6.0425105,37.443138],[-6.0425559,37.4431759],[-6.0424846,37.4432298],[-6.0424536,37.4432532],[-6.0424302,37.4432337],[-6.0423954,37.44326],[-6.0424177,37.4432787],[-6.0423935,37.443297],[-6.0423491,37.44326],[-6.0425105,37.443138]]]},"properties":{"site":"italica","name":null,"category":"other","historic":null,"building":"yes","osm_id":1207030930}},{"type":"Feature","geometry":{"type":"Polygon","coordinates":[[[-6.0425559,37.4431759],[-6.042627,37.4432351],[-6.0424656,37.4433571],[-6.0423935,37.443297],[-6.0424177,37.4432787],[-6.0424336,37.4432667],[-6.0424696,37.4432967],[-6.0425195,37.4432589],[-6.0424846,37.4432298],[-6.0425559,37.4431759]]]},"properties":{"site":"italica","name":null,"category":"other","historic":null,"building":"yes","osm_id":1207030931}},{"type":"Feature","geometry":{"type":"Polygon","coordinates":[[[-6.0427987,37.443343],[-6.04272,37.4432805],[-6.0426324,37.4433614],[-6.0427111,37.4434182],[-6.0427987,37.443343]]]},"properties":{"site":"italica","name":null,"category":"other","historic":null,"building":"yes","osm_id":1207030932}},{"type":"Feature","geometry":{"type":"Polygon","coordinates":[[[-6.039889,37.4409909],[-6.03978,37.4410466],[-6.0398263,37.4410916],[-6.0398099,37.4410999],[-6.039977,37.441305],[-6.0396128,37.4415017],[-6.0395979,37.441465],[-6.0396576,37.4414472],[-6.0396785,37.4414496],[-6.0396922,37.4414491],[-6.0396984,37.44144],[-6.0397015,37.4414302],[-6.0396984,37.4414223],[-6.0396892,37.4414162],[-6.0396792,37.4414107],[-6.0396692,37.4414125],[-6.0395778,37.4412063],[-6.0397937,37.441185],[-6.0397975,37.4411954],[-6.0398106,37.4412033],[-6.0398313,37.4412021],[-6.0398413,37.4411905],[-6.0398451,37.4411777],[-6.0398398,37.4411667],[-6.0398305,37.441163],[-6.0398113,37.4411606],[-6.039806,37.4411136],[-6.0397837,37.4411148],[-6.0397791,37.4410703],[-6.0393834,37.4411148],[-6.0395363,37.4414534],[-6.0395678,37.4414442],[-6.0396024,37.4415278],[-6.0395755,37.4415412],[-6.0396185,37.4416401],[-6.0401748,37.4413393],[-6.039889,37.4409909]]]},"properties":{"site":"italica","name":null,"category":"other","historic":null,"building":"yes","osm_id":1207030933}},{"type":"Feature","geometry":{"type":"Polygon","coordinates":[[[-6.0410056,37.4416097],[-6.0409219,37.4416519],[-6.0408136,37.4417066],[-6.0408609,37.4417846],[-6.0409565,37.4417369],[-6.041062,37.4416843],[-6.0410056,37.4416097]]]},"properties":{"site":"italica","name":null,"category":"other","historic":null,"building":"yes","osm_id":1207030934}},{"type":"Feature","geometry":{"type":"Polygon","coordinates":[[[-6.0391541,37.4382854],[-6.0391454,37.4382648],[-6.0393034,37.4382081],[-6.0393193,37.4382024],[-6.0393337,37.4382252],[-6.0393139,37.4382331],[-6.0391541,37.4382854]]]},"properties":{"site":"italica","name":null,"category":"other","historic":null,"building":"yes","osm_id":1207030935}},{"type":"Feature","geometry":{"type":"Polygon","coordinates":[[[-6.0391454,37.4382648],[-6.0391199,37.4382138],[-6.0391927,37.4381885],[-6.0392822,37.4381561],[-6.0393034,37.4382081],[-6.0391454,37.4382648]]]},"properties":{"site":"italica","name":null,"category":"other","historic":null,"building":"yes","osm_id":1207030936}},{"type":"Feature","geometry":{"type":"Polygon","coordinates":[[[-6.0393449,37.4381362],[-6.0394412,37.4381038],[-6.0394966,37.4382191],[-6.0394423,37.4382358],[-6.0394611,37.4382762],[-6.0394263,37.4382905],[-6.0394086,37.4382618],[-6.0393412,37.4382803],[-6.0393139,37.4382331],[-6.0393337,37.4382252],[-6.0393503,37.4382182],[-6.0393361,37.4381956],[-6.0393692,37.4381821],[-6.0393449,37.4381362]]]},"properties":{"site":"italica","name":null,"category":"other","historic":null,"building":"yes","osm_id":1207030937}},{"type":"Feature","geometry":{"type":"Polygon","coordinates":[[[-6.0401389,37.4380143],[-6.0399607,37.4380744],[-6.0399458,37.4380794],[-6.0399652,37.4381165],[-6.0400339,37.4380913],[-6.0401635,37.4380437],[-6.0401389,37.4380143]]]},"properties":{"site":"italica","name":null,"category":"other","historic":null,"building":"yes","osm_id":1207030938}},{"type":"Feature","geometry":{"type":"Polygon","coordinates":[[[-6.0401635,37.4380437],[-6.0402023,37.438099],[-6.040071,37.438161],[-6.0400481,37.4381718],[-6.0400357,37.438155],[-6.0400684,37.4381382],[-6.0400339,37.4380913],[-6.0401635,37.4380437]]]},"properties":{"site":"italica","name":null,"category":"other","historic":null,"building":"yes","osm_id":1207030939}},{"type":"Feature","geometry":{"type":"Polygon","coordinates":[[[-6.0401151,37.438211],[-6.0399679,37.438302],[-6.0399317,37.4382334],[-6.0399855,37.4382047],[-6.040004,37.4382271],[-6.0400648,37.4381914],[-6.0400481,37.4381718],[-6.040071,37.438161],[-6.0401151,37.438211]]]},"properties":{"site":"italica","name":null,"category":"other","historic":null,"building":"yes","osm_id":1207030940}},{"type":"Feature","geometry":{"type":"Polygon","coordinates":[[[-6.0403331,37.4383172],[-6.040294,37.4382208],[-6.0402076,37.4382383],[-6.0402379,37.438334],[-6.0403331,37.4383172]]]},"properties":{"site":"italica","name":null,"category":"other","historic":null,"building":"yes","osm_id":1207030941}},{"type":"Feature","geometry":{"type":"Polygon","coordinates":[[[-6.0401389,37.4380143],[-6.0400542,37.4379156],[-6.0400208,37.4379345],[-6.0400313,37.4379436],[-6.0399855,37.4379632],[-6.0398683,37.4380003],[-6.0398832,37.438029],[-6.0399282,37.4380157],[-6.0399607,37.4380744],[-6.0401389,37.4380143]]]},"properties":{"site":"italica","name":null,"category":"other","historic":null,"building":"yes","osm_id":1207030942}},{"type":"Feature","geometry":{"type":"Polygon","coordinates":[[[-6.0400542,37.4379156],[-6.0400075,37.4378722],[-6.039878,37.4379107],[-6.0398427,37.4379366],[-6.0398683,37.4380003],[-6.0399855,37.4379632],[-6.0400313,37.4379436],[-6.0400208,37.4379345],[-6.0400542,37.4379156]]]},"properties":{"site":"italica","name":null,"category":"other","historic":null,"building":"yes","osm_id":1207030943}},{"type":"Feature","geometry":{"type":"Polygon","coordinates":[[[-6.0394412,37.4381038],[-6.0394178,37.4380689],[-6.0394654,37.43805],[-6.0394743,37.4380619],[-6.0395057,37.438056],[-6.0395897,37.4380402],[-6.0396171,37.4380885],[-6.0395324,37.4381221],[-6.0395739,37.4381879],[-6.0394966,37.4382191],[-6.0394412,37.4381038]]]},"properties":{"site":"italica","name":null,"category":"other","historic":null,"building":"yes","osm_id":1207030945}},{"type":"Feature","geometry":{"type":"Polygon","coordinates":[[[-6.0393049,37.4380607],[-6.0392609,37.4379646],[-6.0391373,37.4380136],[-6.0391851,37.4381046],[-6.0392362,37.4380827],[-6.0392266,37.4380605],[-6.0392645,37.4380451],[-6.0392746,37.4380704],[-6.0393049,37.4380607]]]},"properties":{"site":"italica","name":null,"category":"other","historic":null,"building":"yes","osm_id":1207030946}},{"type":"Feature","geometry":{"type":"Polygon","coordinates":[[[-6.0390229,37.4387634],[-6.0389344,37.4387971],[-6.038948,37.4388186],[-6.0388089,37.4388501],[-6.0388297,37.4388867],[-6.0388759,37.438878],[-6.0389588,37.4388623],[-6.0389741,37.4388566],[-6.0389714,37.438848],[-6.038994,37.4388415],[-6.0390048,37.4388573],[-6.0390653,37.4388344],[-6.0390229,37.4387634]]]},"properties":{"site":"italica","name":null,"category":"other","historic":null,"building":"yes","osm_id":1207043470}},{"type":"Feature","geometry":{"type":"Polygon","coordinates":[[[-6.0390653,37.4388344],[-6.0390915,37.4388752],[-6.0390193,37.4388974],[-6.0390184,37.4389068],[-6.0389776,37.4389206],[-6.0389615,37.4389261],[-6.0389425,37.4388881],[-6.0389714,37.4388788],[-6.0389588,37.4388623],[-6.0389741,37.4388566],[-6.0389714,37.438848],[-6.038994,37.4388415],[-6.0390048,37.4388573],[-6.0390653,37.4388344]]]},"properties":{"site":"italica","name":null,"category":"other","historic":null,"building":"yes","osm_id":1207043471}},{"type":"Feature","geometry":{"type":"Polygon","coordinates":[[[-6.0390915,37.4388752],[-6.0391312,37.4389397],[-6.0390816,37.4389584],[-6.0390635,37.438924],[-6.0389877,37.4389462],[-6.0389776,37.4389206],[-6.0390184,37.4389068],[-6.0390193,37.4388974],[-6.0390915,37.4388752]]]},"properties":{"site":"italica","name":null,"category":"other","historic":null,"building":"yes","osm_id":1207043472}},{"type":"Feature","geometry":{"type":"Polygon","coordinates":[[[-6.0390229,37.4387634],[-6.0389886,37.4387082],[-6.0389045,37.4387409],[-6.0388748,37.4387527],[-6.038892,37.4387892],[-6.0389055,37.4387835],[-6.0389155,37.4388057],[-6.0389344,37.4387971],[-6.0390229,37.4387634]]]},"properties":{"site":"italica","name":null,"category":"other","historic":null,"building":"yes","osm_id":1207043473}},{"type":"Feature","geometry":{"type":"Polygon","coordinates":[[[-6.0389886,37.4387082],[-6.0389769,37.4386803],[-6.0388893,37.4387104],[-6.0389045,37.4387409],[-6.0389886,37.4387082]]]},"properties":{"site":"italica","name":null,"category":"other","historic":null,"building":"yes","osm_id":1207043474}},{"type":"Feature","geometry":{"type":"Polygon","coordinates":[[[-6.0389769,37.4386803],[-6.03892,37.4385863],[-6.0388622,37.4386064],[-6.0388857,37.4386473],[-6.0388523,37.438658],[-6.0388893,37.4387104],[-6.0389769,37.4386803]]]},"properties":{"site":"italica","name":null,"category":"other","historic":null,"building":"yes","osm_id":1207043475}},{"type":"Feature","geometry":{"type":"Polygon","coordinates":[[[-6.0388622,37.4386064],[-6.0387982,37.4386302],[-6.038824,37.4386698],[-6.0387982,37.4386754],[-6.0388186,37.4387143],[-6.0388471,37.4387023],[-6.0388586,37.4387199],[-6.0388275,37.4387298],[-6.0388327,37.4387402],[-6.0388444,37.4387637],[-6.0388748,37.4387527],[-6.0389045,37.4387409],[-6.0388893,37.4387104],[-6.0388523,37.438658],[-6.0388857,37.4386473],[-6.0388622,37.4386064]]]},"properties":{"site":"italica","name":null,"category":"other","historic":null,"building":"yes","osm_id":1207043476}},{"type":"Feature","geometry":{"type":"Polygon","coordinates":[[[-6.0387982,37.4386302],[-6.0387386,37.4386493],[-6.0387763,37.4387205],[-6.0387599,37.4387277],[-6.038775,37.4387588],[-6.0388327,37.4387402],[-6.0388275,37.4387298],[-6.0388186,37.4387143],[-6.0387982,37.4386754],[-6.038824,37.4386698],[-6.0387982,37.4386302]]]},"properties":{"site":"italica","name":null,"category":"other","historic":null,"building":"yes","osm_id":1207043477}},{"type":"Feature","geometry":{"type":"Polygon","coordinates":[[[-6.0387386,37.4386493],[-6.038679,37.4386726],[-6.0387368,37.4387785],[-6.0387101,37.438787],[-6.038727,37.4388195],[-6.0387644,37.4388075],[-6.0387546,37.4387715],[-6.0387789,37.4387641],[-6.038775,37.4387588],[-6.0387599,37.4387277],[-6.0387763,37.4387205],[-6.0387386,37.4386493]]]},"properties":{"site":"italica","name":null,"category":"other","historic":null,"building":"yes","osm_id":1207043478}},{"type":"Feature","geometry":{"type":"Polygon","coordinates":[[[-6.038679,37.4386726],[-6.0386344,37.4386861],[-6.0386731,37.4387542],[-6.0386958,37.4387942],[-6.0386816,37.4387984],[-6.0386976,37.4388316],[-6.038727,37.4388195],[-6.0387101,37.438787],[-6.0387368,37.4387785],[-6.038679,37.4386726]]]},"properties":{"site":"italica","name":null,"category":"other","historic":null,"building":"yes","osm_id":1207043479}},{"type":"Feature","geometry":{"type":"Polygon","coordinates":[[[-6.0386344,37.4386861],[-6.0385891,37.4387045],[-6.0386247,37.4387702],[-6.0386731,37.4387542],[-6.0386344,37.4386861]]]},"properties":{"site":"italica","name":null,"category":"other","historic":null,"building":"yes","osm_id":1207043480}},{"type":"Feature","geometry":{"type":"Polygon","coordinates":[[[-6.0385891,37.4387045],[-6.0384307,37.4387546],[-6.0384698,37.4388217],[-6.0385125,37.4388083],[-6.0385535,37.438886],[-6.038622,37.4388606],[-6.0386282,37.4388754],[-6.0386736,37.4388578],[-6.0386247,37.4387702],[-6.0385891,37.4387045]]]},"properties":{"site":"italica","name":null,"category":"other","historic":null,"building":"yes","osm_id":1207043481}},{"type":"Feature","geometry":{"type":"Polygon","coordinates":[[[-6.0384307,37.4387546],[-6.0382901,37.4388048],[-6.0383714,37.4389276],[-6.0384173,37.4389969],[-6.0384813,37.438976],[-6.0385176,37.4389641],[-6.038568,37.4389476],[-6.0385811,37.4389433],[-6.0385677,37.4389129],[-6.0385962,37.4389016],[-6.038614,37.4389312],[-6.0386985,37.4389044],[-6.0386736,37.4388578],[-6.0386282,37.4388754],[-6.038622,37.4388606],[-6.0385535,37.438886],[-6.0385125,37.4388083],[-6.0384698,37.4388217],[-6.0384307,37.4387546]]]},"properties":{"site":"italica","name":null,"category":"other","historic":null,"building":"yes","osm_id":1207043482}},{"type":"Feature","geometry":{"type":"Polygon","coordinates":[[[-6.0382901,37.4388048],[-6.0381513,37.4388514],[-6.0382091,37.4389461],[-6.0382999,37.4389115],[-6.0383248,37.4389468],[-6.0383714,37.4389276],[-6.0382901,37.4388048]]]},"properties":{"site":"italica","name":null,"category":"other","historic":null,"building":"yes","osm_id":1207043483}},{"type":"Feature","geometry":{"type":"Polygon","coordinates":[[[-6.0381513,37.4388514],[-6.0380098,37.4389009],[-6.0381024,37.439052],[-6.0381273,37.4390923],[-6.0381807,37.4390732],[-6.038105,37.4389538],[-6.0381593,37.4389305],[-6.0381967,37.4389906],[-6.0382278,37.4389779],[-6.0382091,37.4389461],[-6.0381513,37.4388514]]]},"properties":{"site":"italica","name":null,"category":"other","historic":null,"building":"yes","osm_id":1207043484}},{"type":"Feature","geometry":{"type":"Polygon","coordinates":[[[-6.0380098,37.4389009],[-6.0378737,37.4389475],[-6.0379395,37.4390528],[-6.0379689,37.4390436],[-6.0379484,37.4390061],[-6.0380152,37.4389835],[-6.0380659,37.4390655],[-6.0381024,37.439052],[-6.0380098,37.4389009]]]},"properties":{"site":"italica","name":null,"category":"other","historic":null,"building":"yes","osm_id":1207043485}},{"type":"Feature","geometry":{"type":"Polygon","coordinates":[[[-6.0387791,37.4383567],[-6.0387061,37.4383807],[-6.0387704,37.4384851],[-6.0387967,37.4384766],[-6.0388113,37.4385053],[-6.0388594,37.4384914],[-6.0387791,37.4383567]]]},"properties":{"site":"italica","name":null,"category":"other","historic":null,"building":"yes","osm_id":1207044970}},{"type":"Feature","geometry":{"type":"Polygon","coordinates":[[[-6.0388594,37.4384914],[-6.0388766,37.4385292],[-6.038819,37.4385457],[-6.0388018,37.438508],[-6.0388113,37.4385053],[-6.0388594,37.4384914]]]},"properties":{"site":"italica","name":null,"category":"other","historic":null,"building":"yes","osm_id":1207044971}},{"type":"Feature","geometry":{"type":"Polygon","coordinates":[[[-6.0387285,37.4382747],[-6.0385911,37.4383018],[-6.0386359,37.4383915],[-6.0387704,37.4383459],[-6.0387285,37.4382747]]]},"properties":{"site":"italica","name":null,"category":"other","historic":null,"building":"yes","osm_id":1207044972}},{"type":"Feature","geometry":{"type":"Polygon","coordinates":[[[-6.0381763,37.4393244],[-6.0381414,37.4392781],[-6.0381129,37.4392402],[-6.0380808,37.4392544],[-6.0380299,37.4392768],[-6.0380518,37.4393171],[-6.0379611,37.4393647],[-6.0379951,37.4394146],[-6.0381763,37.4393244]]]},"properties":{"site":"italica","name":null,"category":"other","historic":null,"building":"yes","osm_id":1207044978}},{"type":"Feature","geometry":{"type":"Polygon","coordinates":[[[-6.0381414,37.4392781],[-6.0382156,37.439253],[-6.0381821,37.4391917],[-6.0381579,37.4391917],[-6.0381406,37.439156],[-6.0380403,37.4391926],[-6.0380808,37.4392544],[-6.0381129,37.4392402],[-6.0381414,37.4392781]]]},"properties":{"site":"italica","name":null,"category":"other","historic":null,"building":"yes","osm_id":1207044979}},{"type":"Feature","geometry":{"type":"Polygon","coordinates":[[[-6.0382156,37.439253],[-6.0382802,37.4392301],[-6.0382513,37.4391779],[-6.038264,37.4391715],[-6.0382098,37.4390815],[-6.0382017,37.4390681],[-6.0381807,37.4390732],[-6.0381971,37.4391102],[-6.0381291,37.4391312],[-6.0381406,37.439156],[-6.0381579,37.4391917],[-6.0381821,37.4391917],[-6.0382156,37.439253]]]},"properties":{"site":"italica","name":null,"category":"other","historic":null,"building":"yes","osm_id":1207044980}},{"type":"Feature","geometry":{"type":"Polygon","coordinates":[[[-6.0385811,37.4389433],[-6.038568,37.4389476],[-6.0385867,37.4389784],[-6.0386159,37.4390263],[-6.0386345,37.4390569],[-6.0386619,37.4391019],[-6.0387553,37.4390699],[-6.0387221,37.439003],[-6.0387034,37.4389655],[-6.0386723,37.4389719],[-6.0386781,37.4389847],[-6.0386481,37.438992],[-6.038614,37.4389312],[-6.0385811,37.4389433]]]},"properties":{"site":"italica","name":null,"category":"other","historic":null,"building":"yes","osm_id":1207044981}},{"type":"Feature","geometry":{"type":"Polygon","coordinates":[[[-6.0385176,37.4389641],[-6.0385335,37.4389935],[-6.0386031,37.4391221],[-6.0385235,37.4391505],[-6.0384796,37.4390672],[-6.0384705,37.4390497],[-6.0385143,37.4390351],[-6.0384813,37.438976],[-6.0385176,37.4389641]]]},"properties":{"site":"italica","name":null,"category":"other","historic":null,"building":"yes","osm_id":1207044982}},{"type":"Feature","geometry":{"type":"Polygon","coordinates":[[[-6.0384796,37.4390672],[-6.038399,37.4390964],[-6.0384474,37.439177],[-6.0385235,37.4391505],[-6.0384796,37.4390672]]]},"properties":{"site":"italica","name":null,"category":"other","historic":null,"building":"yes","osm_id":1207044983}},{"type":"Feature","geometry":{"type":"Polygon","coordinates":[[[-6.0384474,37.439177],[-6.0383678,37.4392018],[-6.0383274,37.4391441],[-6.0383401,37.4391377],[-6.0383148,37.4390955],[-6.0383574,37.4390772],[-6.0383251,37.4390278],[-6.0383517,37.4390195],[-6.038399,37.4390964],[-6.0384474,37.439177]]]},"properties":{"site":"italica","name":null,"category":"other","historic":null,"building":"yes","osm_id":1207044984}},{"type":"Feature","geometry":{"type":"Polygon","coordinates":[[[-6.0385867,37.4389784],[-6.0385335,37.4389935],[-6.0386031,37.4391221],[-6.0386619,37.4391019],[-6.0386345,37.4390569],[-6.0386123,37.4390635],[-6.038595,37.439036],[-6.0386159,37.4390263],[-6.0385867,37.4389784]]]},"properties":{"site":"italica","name":null,"category":"other","historic":null,"building":"yes","osm_id":1207044985}},{"type":"Feature","geometry":{"type":"Polygon","coordinates":[[[-6.0387553,37.4390699],[-6.0388418,37.4390415],[-6.0388176,37.4389966],[-6.0387957,37.4389801],[-6.0387646,37.4389234],[-6.0387357,37.4389307],[-6.0387657,37.4389911],[-6.0387221,37.439003],[-6.0387553,37.4390699]]]},"properties":{"site":"italica","name":null,"category":"other","historic":null,"building":"yes","osm_id":1207044986}},{"type":"Feature","geometry":{"type":"Polygon","coordinates":[[[-6.0388418,37.4390415],[-6.0389237,37.4390113],[-6.0389041,37.4389783],[-6.0388834,37.4389847],[-6.0388326,37.4388959],[-6.0387911,37.438906],[-6.0388257,37.4389701],[-6.0387957,37.4389801],[-6.0388176,37.4389966],[-6.0388418,37.4390415]]]},"properties":{"site":"italica","name":null,"category":"other","historic":null,"building":"yes","osm_id":1207044987}},{"type":"Feature","geometry":{"type":"Polygon","coordinates":[[[-6.0390816,37.4389584],[-6.0389699,37.4389966],[-6.0389537,37.43896],[-6.0389249,37.4389682],[-6.0389035,37.4389289],[-6.0388914,37.4389069],[-6.0389237,37.4388986],[-6.0389687,37.4389527],[-6.0389877,37.4389462],[-6.0390635,37.438924],[-6.0390816,37.4389584]]]},"properties":{"site":"italica","name":null,"category":"other","historic":null,"building":"yes","osm_id":1207044988}},{"type":"Feature","geometry":{"type":"Polygon","coordinates":[[[-6.0389699,37.4389966],[-6.0389237,37.4390113],[-6.0389041,37.4389783],[-6.0388834,37.4389847],[-6.0388326,37.4388959],[-6.0388297,37.4388867],[-6.0388759,37.438878],[-6.0388914,37.4389069],[-6.038873,37.4389124],[-6.0388822,37.4389353],[-6.0389035,37.4389289],[-6.0389249,37.4389682],[-6.0389537,37.43896],[-6.0389699,37.4389966]]]},"properties":{"site":"italica","name":null,"category":"other","historic":null,"building":"yes","osm_id":1207044989}},{"type":"Feature","geometry":{"type":"Polygon","coordinates":[[[-6.0402301,37.4394366],[-6.0401113,37.4394677],[-6.0401609,37.4395648],[-6.0402331,37.4397062],[-6.0403682,37.4396763],[-6.0402877,37.4395363],[-6.0402604,37.4395474],[-6.0402988,37.4396072],[-6.0402464,37.4396224],[-6.0401962,37.439531],[-6.0402744,37.4395099],[-6.0402626,37.439487],[-6.04018,37.4395134],[-6.0401623,37.439487],[-6.0402471,37.4394624],[-6.0402301,37.4394366]]]},"properties":{"site":"italica","name":null,"category":"other","historic":null,"building":"yes","osm_id":1207045216}},{"type":"Feature","geometry":{"type":"Polygon","coordinates":[[[-6.0402331,37.4397062],[-6.0401224,37.4397413],[-6.0400951,37.4396892],[-6.0401386,37.4396728],[-6.0401187,37.4396306],[-6.0400663,37.4396493],[-6.0400397,37.4396054],[-6.0401609,37.4395648],[-6.0402331,37.4397062]]]},"properties":{"site":"italica","name":null,"category":"other","historic":null,"building":"yes","osm_id":1207045217}},{"type":"Feature","geometry":{"type":"Polygon","coordinates":[[[-6.0405534,37.4397507],[-6.0404966,37.439797],[-6.0405224,37.4398761],[-6.0405748,37.4399025],[-6.0406405,37.4398035],[-6.0405608,37.4397636],[-6.0405534,37.4397507]]]},"properties":{"site":"italica","name":null,"category":"other","historic":null,"building":"yes","osm_id":1207045218}},{"type":"Feature","geometry":{"type":"Polygon","coordinates":[[[-6.0404395,37.4398042],[-6.0403868,37.4398169],[-6.0403177,37.4398315],[-6.0403642,37.4399572],[-6.0404162,37.4399484],[-6.040404,37.4399133],[-6.0404516,37.4399027],[-6.0404749,37.4399581],[-6.0405114,37.4399546],[-6.0404395,37.4398042]]]},"properties":{"site":"italica","name":null,"category":"other","historic":null,"building":"yes","osm_id":1207045219}},{"type":"Feature","geometry":{"type":"Polygon","coordinates":[[[-6.0404395,37.4398042],[-6.0404118,37.4397427],[-6.0403631,37.4397541],[-6.0403868,37.4398169],[-6.0404395,37.4398042]]]},"properties":{"site":"italica","name":null,"category":"other","historic":null,"building":"yes","osm_id":1207045220}},{"type":"Feature","geometry":{"type":"Polygon","coordinates":[[[-6.0403631,37.4397541],[-6.0402966,37.4397708],[-6.0403177,37.4398315],[-6.0403868,37.4398169],[-6.0403631,37.4397541]]]},"properties":{"site":"italica","name":null,"category":"other","historic":null,"building":"yes","osm_id":1207045221}},{"type":"Feature","geometry":{"type":"Polygon","coordinates":[[[-6.0401113,37.4394677],[-6.0400154,37.439457],[-6.0399584,37.4394775],[-6.0399811,37.4395109],[-6.0400397,37.4396054],[-6.0401609,37.4395648],[-6.0401113,37.4394677]]]},"properties":{"site":"italica","name":null,"category":"other","historic":null,"building":"yes","osm_id":1207045222}},{"type":"Feature","geometry":{"type":"Polygon","coordinates":[[[-6.0397802,37.438743],[-6.0398604,37.4387668],[-6.0398869,37.4388081],[-6.0399047,37.4389119],[-6.0397718,37.4388846],[-6.0397873,37.4388521],[-6.0397762,37.438846],[-6.0397674,37.4388627],[-6.0397204,37.4388503],[-6.0397802,37.438743]]]},"properties":{"site":"italica","name":null,"category":"other","historic":null,"building":"yes","osm_id":1207045223}},{"type":"Feature","geometry":{"type":"Polygon","coordinates":[[[-6.0379122,37.4386054],[-6.0377715,37.438649],[-6.0378275,37.438752],[-6.0378881,37.4388632],[-6.0380239,37.4388173],[-6.0379729,37.4387225],[-6.0378958,37.43875],[-6.037891,37.438737],[-6.0378736,37.4387408],[-6.0378486,37.4386957],[-6.037942,37.4386636],[-6.0379122,37.4386054]]]},"properties":{"site":"italica","name":null,"category":"other","historic":null,"building":"yes","osm_id":1207045899}},{"type":"Feature","geometry":{"type":"Polygon","coordinates":[[[-6.0380239,37.4388173],[-6.0380904,37.4387959],[-6.0380413,37.438701],[-6.0380162,37.4387102],[-6.0379556,37.4385942],[-6.0379406,37.4385985],[-6.0379122,37.4386054],[-6.037942,37.4386636],[-6.0379729,37.4387225],[-6.0380239,37.4388173]]]},"properties":{"site":"italica","name":null,"category":"other","historic":null,"building":"yes","osm_id":1207045900}},{"type":"Feature","geometry":{"type":"Polygon","coordinates":[[[-6.0380904,37.4387959],[-6.038155,37.4387722],[-6.0381068,37.4386773],[-6.0380711,37.4386888],[-6.0380567,37.4386574],[-6.038021,37.4386689],[-6.0380413,37.438701],[-6.0380904,37.4387959]]]},"properties":{"site":"italica","name":null,"category":"other","historic":null,"building":"yes","osm_id":1207045901}},{"type":"Feature","geometry":{"type":"Polygon","coordinates":[[[-6.038155,37.4387722],[-6.0382291,37.4387469],[-6.0381867,37.4386758],[-6.0381578,37.4386888],[-6.0381395,37.4386506],[-6.0380991,37.4386605],[-6.0381068,37.4386773],[-6.038155,37.4387722]]]},"properties":{"site":"italica","name":null,"category":"other","historic":null,"building":"yes","osm_id":1207045902}},{"type":"Feature","geometry":{"type":"Polygon","coordinates":[[[-6.0382291,37.4387469],[-6.0382869,37.4387301],[-6.0382372,37.438635],[-6.038207,37.4385771],[-6.0381656,37.4385924],[-6.0382089,37.4386674],[-6.0381867,37.4386758],[-6.0382291,37.4387469]]]},"properties":{"site":"italica","name":null,"category":"other","historic":null,"building":"yes","osm_id":1207045903}},{"type":"Feature","geometry":{"type":"Polygon","coordinates":[[[-6.0385911,37.4383018],[-6.038495,37.4383216],[-6.0385365,37.4384096],[-6.0385846,37.4383958],[-6.0385914,37.4384065],[-6.0386359,37.4383915],[-6.0385911,37.4383018]]]},"properties":{"site":"italica","name":null,"category":"other","historic":null,"building":"yes","osm_id":1207045904}},{"type":"Feature","geometry":{"type":"Polygon","coordinates":[[[-6.0385365,37.4384096],[-6.0385634,37.4384731],[-6.038576,37.4384716],[-6.0385895,37.4384991],[-6.0385606,37.4385106],[-6.0386145,37.4386138],[-6.0386771,37.4385924],[-6.038601,37.4384478],[-6.0386126,37.438444],[-6.0385914,37.4384065],[-6.0385846,37.4383958],[-6.0385365,37.4384096]]]},"properties":{"site":"italica","name":null,"category":"other","historic":null,"building":"yes","osm_id":1207045905}},{"type":"Feature","geometry":{"type":"Polygon","coordinates":[[[-6.0386145,37.4386138],[-6.0385519,37.438636],[-6.0384517,37.4384516],[-6.0384401,37.4384303],[-6.0384652,37.4384206],[-6.038496,37.4384088],[-6.0385143,37.4384364],[-6.038496,37.4384425],[-6.0385259,37.4385098],[-6.0385528,37.4384991],[-6.0385606,37.4385106],[-6.0386145,37.4386138]]]},"properties":{"site":"italica","name":null,"category":"other","historic":null,"building":"yes","osm_id":1207045906}},{"type":"Feature","geometry":{"type":"Polygon","coordinates":[[[-6.0385519,37.438636],[-6.0384199,37.4386835],[-6.0383669,37.4385825],[-6.0383939,37.4385725],[-6.0384122,37.4386024],[-6.0384719,37.438584],[-6.0384315,37.4385098],[-6.0383457,37.4385404],[-6.0383226,37.4384945],[-6.038387,37.4384731],[-6.0384169,37.4384632],[-6.0384517,37.4384516],[-6.0385519,37.438636]]]},"properties":{"site":"italica","name":null,"category":"other","historic":null,"building":"yes","osm_id":1207045907}},{"type":"Feature","geometry":{"type":"Polygon","coordinates":[[[-6.0382372,37.438635],[-6.0382802,37.43862],[-6.0382908,37.4386437],[-6.0383187,37.4386368],[-6.0383553,37.4387072],[-6.0382869,37.4387301],[-6.0382372,37.438635]]]},"properties":{"site":"italica","name":null,"category":"other","historic":null,"building":"yes","osm_id":1207045908}},{"type":"Feature","geometry":{"type":"Polygon","coordinates":[[[-6.0383553,37.4387072],[-6.0384199,37.4386835],[-6.0383669,37.4385825],[-6.0383043,37.4386047],[-6.0382995,37.4385909],[-6.0382735,37.4386001],[-6.0382802,37.43862],[-6.0382908,37.4386437],[-6.0383187,37.4386368],[-6.0383553,37.4387072]]]},"properties":{"site":"italica","name":null,"category":"other","historic":null,"building":"yes","osm_id":1207045909}},{"type":"Feature","geometry":{"type":"Polygon","coordinates":[[[-6.0394178,37.4380689],[-6.0393654,37.4379815],[-6.0394263,37.4379649],[-6.0394487,37.4380201],[-6.0394919,37.4380182],[-6.0395057,37.438056],[-6.0394743,37.4380619],[-6.0394654,37.43805],[-6.0394178,37.4380689]]]},"properties":{"site":"italica","name":null,"category":"other","historic":null,"building":"yes","osm_id":1207046563}},{"type":"Feature","geometry":{"type":"Polygon","coordinates":[[[-6.0379315,37.4397304],[-6.0379547,37.4397582],[-6.0380478,37.4396932],[-6.0380243,37.4396718],[-6.0380618,37.4396462],[-6.0380448,37.4396272],[-6.0379632,37.4396857],[-6.037975,37.439703],[-6.0379315,37.4397304]]]},"properties":{"site":"italica","name":null,"category":"other","historic":null,"building":"yes","osm_id":1207053241}},{"type":"Feature","geometry":{"type":"Polygon","coordinates":[[[-6.0379547,37.4397582],[-6.0379747,37.4397837],[-6.038047,37.439745],[-6.0380356,37.4397367],[-6.0380467,37.4397243],[-6.038067,37.4397015],[-6.0380478,37.4396932],[-6.0379547,37.4397582]]]},"properties":{"site":"italica","name":null,"category":"other","historic":null,"building":"yes","osm_id":1207053242}},{"type":"Feature","geometry":{"type":"Polygon","coordinates":[[[-6.0379747,37.4397837],[-6.0380008,37.4398224],[-6.0380365,37.4398093],[-6.03802,37.4397837],[-6.0380783,37.439754],[-6.0380629,37.4397395],[-6.0380467,37.4397243],[-6.0380356,37.4397367],[-6.038047,37.439745],[-6.0379747,37.4397837]]]},"properties":{"site":"italica","name":null,"category":"other","historic":null,"building":"yes","osm_id":1207053243}},{"type":"Feature","geometry":{"type":"Polygon","coordinates":[[[-6.0380008,37.4398224],[-6.0380826,37.4399316],[-6.0381288,37.4399088],[-6.0381044,37.4398805],[-6.0381436,37.4398597],[-6.0381479,37.4398086],[-6.0381088,37.4397582],[-6.038141,37.4397008],[-6.0381584,37.4397077],[-6.0381671,37.4396704],[-6.0381209,37.4396559],[-6.0380629,37.4397395],[-6.0380783,37.439754],[-6.03802,37.4397837],[-6.0380365,37.4398093],[-6.0380008,37.4398224]]]},"properties":{"site":"italica","name":null,"category":"other","historic":null,"building":"yes","osm_id":1207053244}},{"type":"Feature","geometry":{"type":"Polygon","coordinates":[[[-6.0384099,37.4396503],[-6.0384743,37.4397409],[-6.0383673,37.4397934],[-6.0383368,37.4397616],[-6.0383542,37.4397554],[-6.0383307,37.439725],[-6.0383237,37.4397015],[-6.0383603,37.4396863],[-6.0383716,37.4397029],[-6.0383882,37.4396953],[-6.0383681,37.4396704],[-6.0384099,37.4396503]]]},"properties":{"site":"italica","name":null,"category":"other","historic":null,"building":"yes","osm_id":1207053245}},{"type":"Feature","geometry":{"type":"Polygon","coordinates":[[[-6.0381288,37.4399088],[-6.0381862,37.4398853],[-6.0381601,37.4398494],[-6.0382054,37.439821],[-6.0381906,37.4397962],[-6.0381854,37.4397602],[-6.0381549,37.4397602],[-6.0381479,37.4398086],[-6.0381436,37.4398597],[-6.0381044,37.4398805],[-6.0381288,37.4399088]]]},"properties":{"site":"italica","name":null,"category":"other","historic":null,"building":"yes","osm_id":1207053246}},{"type":"Feature","geometry":{"type":"Polygon","coordinates":[[[-6.0381862,37.4398853],[-6.0382498,37.4398535],[-6.0382202,37.4398176],[-6.0382602,37.4397934],[-6.0382419,37.4397699],[-6.0382341,37.4396994],[-6.038208,37.4397001],[-6.0382062,37.4396821],[-6.0381941,37.4396842],[-6.0381854,37.4397602],[-6.0381906,37.4397962],[-6.0382054,37.439821],[-6.0381601,37.4398494],[-6.0381862,37.4398853]]]},"properties":{"site":"italica","name":null,"category":"other","historic":null,"building":"yes","osm_id":1207053247}},{"type":"Feature","geometry":{"type":"Polygon","coordinates":[[[-6.0382498,37.4398535],[-6.0383673,37.4397934],[-6.0383368,37.4397616],[-6.0383542,37.4397554],[-6.0383307,37.439725],[-6.0383237,37.4397015],[-6.0383142,37.4396863],[-6.0382863,37.439696],[-6.0383107,37.4397353],[-6.0382759,37.4397457],[-6.0382628,37.4396966],[-6.0382341,37.4396994],[-6.0382419,37.4397699],[-6.0382602,37.4397934],[-6.0382202,37.4398176],[-6.0382498,37.4398535]]]},"properties":{"site":"italica","name":null,"category":"other","historic":null,"building":"yes","osm_id":1207053248}},{"type":"Feature","geometry":{"type":"Polygon","coordinates":[[[-6.0391927,37.4381885],[-6.0391751,37.4381467],[-6.0391423,37.4381245],[-6.0391377,37.4381213],[-6.0390933,37.4381467],[-6.0390619,37.4381514],[-6.0390905,37.4382234],[-6.0391199,37.4382138],[-6.0391927,37.4381885]]]},"properties":{"site":"italica","name":null,"category":"other","historic":null,"building":"yes","osm_id":1207325653}},{"type":"Feature","geometry":{"type":"Polygon","coordinates":[[[-6.0390905,37.4382234],[-6.0390517,37.4382344],[-6.0390208,37.4381646],[-6.0389823,37.4380989],[-6.0389713,37.4380802],[-6.0390388,37.438052],[-6.0390582,37.4380931],[-6.0390249,37.4381037],[-6.0390374,37.4381265],[-6.0390439,37.4381265],[-6.0390619,37.4381514],[-6.0390905,37.4382234]]]},"properties":{"site":"italica","name":null,"category":"other","historic":null,"building":"yes","osm_id":1207325654}},{"type":"Feature","geometry":{"type":"Polygon","coordinates":[[[-6.0390388,37.438052],[-6.0390702,37.4380402],[-6.0391049,37.4380931],[-6.0391377,37.4381213],[-6.0390933,37.4381467],[-6.0390582,37.4380931],[-6.0390388,37.438052]]]},"properties":{"site":"italica","name":null,"category":"other","historic":null,"building":"yes","osm_id":1207325655}},{"type":"Feature","geometry":{"type":"Polygon","coordinates":[[[-6.0390702,37.4380402],[-6.0391373,37.4380136],[-6.0391851,37.4381046],[-6.0391423,37.4381245],[-6.0391377,37.4381213],[-6.0391049,37.4380931],[-6.0390702,37.4380402]]]},"properties":{"site":"italica","name":null,"category":"other","historic":null,"building":"yes","osm_id":1207325656}},{"type":"Feature","geometry":{"type":"Polygon","coordinates":[[[-6.0389823,37.4380989],[-6.0389353,37.4381158],[-6.0389695,37.4381738],[-6.0389399,37.4381848],[-6.0389852,37.4382549],[-6.0390517,37.4382344],[-6.0390208,37.4381646],[-6.0389823,37.4380989]]]},"properties":{"site":"italica","name":null,"category":"other","historic":null,"building":"yes","osm_id":1207325657}},{"type":"Feature","geometry":{"type":"Polygon","coordinates":[[[-6.0389852,37.4382549],[-6.0389057,37.4382762],[-6.0388821,37.438241],[-6.0389306,37.4382245],[-6.0389163,37.4381946],[-6.0389071,37.4381753],[-6.0389274,37.4381643],[-6.0389399,37.4381848],[-6.0389852,37.4382549]]]},"properties":{"site":"italica","name":null,"category":"other","historic":null,"building":"yes","osm_id":1207325658}},{"type":"Feature","geometry":{"type":"Polygon","coordinates":[[[-6.0388821,37.438241],[-6.0388442,37.4381826],[-6.0388803,37.4381687],[-6.0388829,37.4381741],[-6.0388964,37.4382017],[-6.0389163,37.4381946],[-6.0389306,37.4382245],[-6.0388821,37.438241]]]},"properties":{"site":"italica","name":null,"category":"other","historic":null,"building":"yes","osm_id":1207325659}},{"type":"Feature","geometry":{"type":"Polygon","coordinates":[[[-6.0388442,37.4381826],[-6.0388179,37.4381415],[-6.03889,37.4381129],[-6.0389209,37.4381562],[-6.0388829,37.4381741],[-6.0388803,37.4381687],[-6.0388442,37.4381826]]]},"properties":{"site":"italica","name":null,"category":"other","historic":null,"building":"yes","osm_id":1207325660}},{"type":"Feature","geometry":{"type":"Polygon","coordinates":[[[-6.0386898,37.4380883],[-6.0387492,37.4381953],[-6.0386131,37.4382106],[-6.0385971,37.4381608],[-6.0386252,37.4381573],[-6.0386182,37.4381228],[-6.0386495,37.4381167],[-6.0386482,37.4380974],[-6.0386898,37.4380883]]]},"properties":{"site":"italica","name":null,"category":"other","historic":null,"building":"yes","osm_id":1207327554}},{"type":"Feature","geometry":{"type":"Polygon","coordinates":[[[-6.0386131,37.4382106],[-6.0384795,37.4382278],[-6.038454,37.4381472],[-6.0384482,37.4381289],[-6.0384732,37.438125],[-6.038491,37.4381223],[-6.0385038,37.4381735],[-6.0385613,37.4381644],[-6.038546,37.4381126],[-6.0385558,37.4381111],[-6.0385786,37.4381076],[-6.0385971,37.4381608],[-6.0386131,37.4382106]]]},"properties":{"site":"italica","name":null,"category":"other","historic":null,"building":"yes","osm_id":1207327555}},{"type":"Feature","geometry":{"type":"Polygon","coordinates":[[[-6.0384795,37.4382278],[-6.0384009,37.4382385],[-6.0383862,37.4381969],[-6.0384041,37.4381938],[-6.0383658,37.4381024],[-6.0383057,37.4379589],[-6.0383728,37.4379411],[-6.0383894,37.4379853],[-6.0383485,37.4379924],[-6.038392,37.4380953],[-6.0384329,37.4380862],[-6.0384453,37.438123],[-6.0384188,37.4381292],[-6.0384281,37.4381522],[-6.038454,37.4381472],[-6.0384795,37.4382278]]]},"properties":{"site":"italica","name":null,"category":"other","historic":null,"building":"yes","osm_id":1207327556}},{"type":"Feature","geometry":{"type":"Polygon","coordinates":[[[-6.0383658,37.4381024],[-6.0383104,37.4381141],[-6.038351,37.438206],[-6.0383241,37.4382126],[-6.0383398,37.4382538],[-6.0384009,37.4382385],[-6.0383862,37.4381969],[-6.0384041,37.4381938],[-6.0383658,37.4381024]]]},"properties":{"site":"italica","name":null,"category":"other","historic":null,"building":"yes","osm_id":1207327557}},{"type":"Feature","geometry":{"type":"Polygon","coordinates":[[[-6.0383398,37.4382538],[-6.0382926,37.4382645],[-6.03828,37.4381669],[-6.0382581,37.4381289],[-6.0383104,37.4381141],[-6.038351,37.438206],[-6.0383241,37.4382126],[-6.0383398,37.4382538]]]},"properties":{"site":"italica","name":null,"category":"other","historic":null,"building":"yes","osm_id":1207566005}},{"type":"Feature","geometry":{"type":"Polygon","coordinates":[[[-6.0382025,37.4379193],[-6.0381155,37.437961],[-6.0381475,37.4380067],[-6.0381852,37.4380605],[-6.0382691,37.4380306],[-6.0382354,37.4379734],[-6.0382025,37.4379193]]]},"properties":{"site":"italica","name":null,"category":"other","historic":null,"building":"yes","osm_id":1207566007}},{"type":"Feature","geometry":{"type":"Polygon","coordinates":[[[-6.0381852,37.4380605],[-6.0382134,37.4380997],[-6.0382322,37.4381389],[-6.0381993,37.4381488],[-6.0382108,37.4381705],[-6.0382197,37.4381874],[-6.0382307,37.4381843],[-6.0382479,37.4382185],[-6.038226,37.4382247],[-6.0382448,37.4382764],[-6.038186,37.4382919],[-6.0381547,37.4382073],[-6.0381359,37.4382135],[-6.0381202,37.4381768],[-6.0381445,37.4381644],[-6.0381414,37.4381519],[-6.0381813,37.4381345],[-6.0381703,37.4381121],[-6.0379604,37.4381961],[-6.0379291,37.4381532],[-6.0380148,37.4381196],[-6.0380941,37.4380886],[-6.0381453,37.4380686],[-6.0381171,37.4380226],[-6.0381475,37.4380067],[-6.0381852,37.4380605]]]},"properties":{"site":"italica","name":null,"category":"other","historic":null,"building":"yes","osm_id":1207566008}},{"type":"Feature","geometry":{"type":"Polygon","coordinates":[[[-6.0381202,37.4381768],[-6.0380834,37.438193],[-6.0380998,37.438226],[-6.038063,37.4382378],[-6.0380983,37.4383137],[-6.038186,37.4382919],[-6.0381547,37.4382073],[-6.0381359,37.4382135],[-6.0381202,37.4381768]]]},"properties":{"site":"italica","name":null,"category":"other","historic":null,"building":"yes","osm_id":1207566009}},{"type":"Feature","geometry":{"type":"Polygon","coordinates":[[[-6.0382448,37.4382764],[-6.0382926,37.4382645],[-6.03828,37.4381669],[-6.0382581,37.4381289],[-6.0382322,37.4381389],[-6.0381993,37.4381488],[-6.0382108,37.4381705],[-6.0382346,37.4381625],[-6.0382448,37.4381793],[-6.0382307,37.4381843],[-6.0382479,37.4382185],[-6.038226,37.4382247],[-6.0382448,37.4382764]]]},"properties":{"site":"italica","name":null,"category":"other","historic":null,"building":"yes","osm_id":1207566010}},{"type":"Feature","geometry":{"type":"Polygon","coordinates":[[[-6.0380983,37.4383137],[-6.037962,37.438346],[-6.0378907,37.4382372],[-6.0379377,37.4382197],[-6.0379729,37.4382732],[-6.0380301,37.4382521],[-6.0380097,37.4382216],[-6.0380489,37.4382073],[-6.038063,37.4382378],[-6.0380983,37.4383137]]]},"properties":{"site":"italica","name":null,"category":"other","historic":null,"building":"yes","osm_id":1207566011}},{"type":"Feature","geometry":{"type":"Polygon","coordinates":[[[-6.0378907,37.4382372],[-6.0378155,37.4381289],[-6.0378797,37.4381003],[-6.037864,37.4380754],[-6.0379275,37.4380499],[-6.0379071,37.4380176],[-6.0379353,37.4380033],[-6.0380148,37.4381196],[-6.0379291,37.4381532],[-6.0379604,37.4381961],[-6.0379674,37.438211],[-6.0379377,37.4382197],[-6.0378907,37.4382372]]]},"properties":{"site":"italica","name":null,"category":"other","historic":null,"building":"yes","osm_id":1207566012}},{"type":"Feature","geometry":{"type":"Polygon","coordinates":[[[-6.0380202,37.4379675],[-6.0380941,37.4380886],[-6.0381453,37.4380686],[-6.0381171,37.4380226],[-6.0380788,37.4379603],[-6.0380512,37.4379567],[-6.0380202,37.4379675]]]},"properties":{"site":"italica","name":null,"category":"other","historic":null,"building":"yes","osm_id":1207566019}},{"type":"Feature","geometry":{"type":"Polygon","coordinates":[[[-6.0386898,37.4380883],[-6.0386568,37.4380237],[-6.0385663,37.4380408],[-6.0384645,37.4380599],[-6.0384537,37.438062],[-6.0384732,37.438125],[-6.038491,37.4381223],[-6.0385296,37.438116],[-6.0385217,37.4380833],[-6.0385477,37.4380833],[-6.0385558,37.4381111],[-6.0385786,37.4381076],[-6.0386482,37.4380974],[-6.0386898,37.4380883]]]},"properties":{"site":"italica","name":null,"category":"other","historic":null,"building":"yes","osm_id":1207577827}},{"type":"Feature","geometry":{"type":"Polygon","coordinates":[[[-6.0386568,37.4380237],[-6.0386141,37.4379503],[-6.0383984,37.4380011],[-6.0384229,37.4380676],[-6.0384537,37.438062],[-6.0384645,37.4380599],[-6.0384489,37.4380243],[-6.0385462,37.438003],[-6.0385663,37.4380408],[-6.0386568,37.4380237]]]},"properties":{"site":"italica","name":null,"category":"other","historic":null,"building":"yes","osm_id":1207577828}},{"type":"Feature","geometry":{"type":"Polygon","coordinates":[[[-6.0386141,37.4379503],[-6.0385778,37.437885],[-6.0384442,37.4379145],[-6.0383716,37.4379332],[-6.0383728,37.4379411],[-6.0383894,37.4379853],[-6.0383984,37.4380011],[-6.0386141,37.4379503]]]},"properties":{"site":"italica","name":null,"category":"other","historic":null,"building":"yes","osm_id":1207577829}},{"type":"Feature","geometry":{"type":"Polygon","coordinates":[[[-6.0379406,37.4385985],[-6.0378727,37.4384531],[-6.0379883,37.4384188],[-6.0380299,37.4385186],[-6.0379388,37.4385445],[-6.037963,37.4385915],[-6.0379556,37.4385942],[-6.0379406,37.4385985]]]},"properties":{"site":"italica","name":null,"category":"other","historic":null,"building":"yes","osm_id":1207583819}},{"type":"Feature","geometry":{"type":"Polygon","coordinates":[[[-6.0379883,37.4384188],[-6.038012,37.4384104],[-6.0380859,37.4383975],[-6.0381501,37.4385284],[-6.0381055,37.4385393],[-6.0380959,37.4385165],[-6.0381129,37.4385123],[-6.0380927,37.4384743],[-6.0380746,37.438476],[-6.0380928,37.4385122],[-6.038064,37.4385223],[-6.0380768,37.4385506],[-6.0380498,37.4385604],[-6.0380299,37.4385186],[-6.0379883,37.4384188]]]},"properties":{"site":"italica","name":null,"category":"other","historic":null,"building":"yes","osm_id":1207583820}},{"type":"Feature","geometry":{"type":"Polygon","coordinates":[[[-6.038496,37.4384088],[-6.0384925,37.4383903],[-6.0384645,37.4383741],[-6.0384454,37.4383286],[-6.0383296,37.4383499],[-6.0383771,37.4384518],[-6.038387,37.4384731],[-6.0384169,37.4384632],[-6.0384008,37.4384166],[-6.0384581,37.4384085],[-6.0384652,37.4384206],[-6.038496,37.4384088]]]},"properties":{"site":"italica","name":null,"category":"other","historic":null,"building":"yes","osm_id":1207583821}},{"type":"Feature","geometry":{"type":"Polygon","coordinates":[[[-6.0383296,37.4383499],[-6.0382506,37.438366],[-6.0383003,37.4384742],[-6.0383771,37.4384518],[-6.0383296,37.4383499]]]},"properties":{"site":"italica","name":null,"category":"other","historic":null,"building":"yes","osm_id":1207583822}},{"type":"Feature","geometry":{"type":"Polygon","coordinates":[[[-6.0406929,37.4380927],[-6.0406781,37.4380969],[-6.0405286,37.4381398],[-6.0405767,37.4382276],[-6.0407017,37.4381875],[-6.0406649,37.43812],[-6.0407001,37.4381098],[-6.0406929,37.4380927]]]},"properties":{"site":"italica","name":null,"category":"other","historic":null,"building":"yes","osm_id":1207915330}},{"type":"Feature","geometry":{"type":"Polygon","coordinates":[[[-6.0405767,37.4382276],[-6.0406288,37.4382912],[-6.0407971,37.4382314],[-6.0407602,37.4381659],[-6.0407017,37.4381875],[-6.0405767,37.4382276]]]},"properties":{"site":"italica","name":null,"category":"other","historic":null,"building":"yes","osm_id":1207915331}},{"type":"Feature","geometry":{"type":"Polygon","coordinates":[[[-6.0405286,37.4381398],[-6.0404973,37.4380787],[-6.0405799,37.4380507],[-6.0405855,37.4380589],[-6.040652,37.4380456],[-6.0406576,37.4380608],[-6.0406616,37.4380678],[-6.0406781,37.4380969],[-6.0405286,37.4381398]]]},"properties":{"site":"italica","name":null,"category":"other","historic":null,"building":"yes","osm_id":1207915332}},{"type":"Feature","geometry":{"type":"Polygon","coordinates":[[[-6.0404973,37.4380787],[-6.0404885,37.4380564],[-6.0405703,37.4380316],[-6.0405799,37.4380507],[-6.0404973,37.4380787]]]},"properties":{"site":"italica","name":null,"category":"other","historic":null,"building":"yes","osm_id":1207915333}},{"type":"Feature","geometry":{"type":"Polygon","coordinates":[[[-6.0405703,37.4380316],[-6.0406448,37.4380144],[-6.040652,37.4380456],[-6.0405855,37.4380589],[-6.0405799,37.4380507],[-6.0405703,37.4380316]]]},"properties":{"site":"italica","name":null,"category":"other","historic":null,"building":"yes","osm_id":1207915334}},{"type":"Feature","geometry":{"type":"Polygon","coordinates":[[[-6.0406288,37.4382912],[-6.0406689,37.4383396],[-6.0409166,37.4382476],[-6.0408869,37.4381983],[-6.0408786,37.4382011],[-6.0408377,37.4382166],[-6.0407971,37.4382314],[-6.0406288,37.4382912]]]},"properties":{"site":"italica","name":null,"category":"other","historic":null,"building":"yes","osm_id":1207915335}},{"type":"Feature","geometry":{"type":"Polygon","coordinates":[[[-6.0406689,37.4383396],[-6.0407009,37.4383854],[-6.0409224,37.438309],[-6.0409478,37.4383002],[-6.0409352,37.4382797],[-6.0409166,37.4382476],[-6.0406689,37.4383396]]]},"properties":{"site":"italica","name":null,"category":"other","historic":null,"building":"yes","osm_id":1207915336}},{"type":"Feature","geometry":{"type":"Polygon","coordinates":[[[-6.0409166,37.4382476],[-6.0408869,37.4381983],[-6.0408842,37.4381936],[-6.0409093,37.4381843],[-6.0409735,37.4381639],[-6.0409895,37.4381862],[-6.0411274,37.4381429],[-6.041157,37.4382091],[-6.0410068,37.4382569],[-6.0409352,37.4382797],[-6.0409166,37.4382476]]]},"properties":{"site":"italica","name":null,"category":"other","historic":null,"building":"yes","osm_id":1207915337}},{"type":"Feature","geometry":{"type":"Polygon","coordinates":[[[-6.0407602,37.4381659],[-6.0407747,37.438162],[-6.0407276,37.4380823],[-6.0407218,37.4380723],[-6.040753,37.4380621],[-6.0407418,37.4380373],[-6.0407122,37.4380443],[-6.0406929,37.4380029],[-6.0407923,37.4379794],[-6.0408091,37.4380169],[-6.0407995,37.4380201],[-6.0408322,37.4380847],[-6.0408388,37.4380978],[-6.0408011,37.4381118],[-6.0408412,37.4381786],[-6.0408621,37.4381722],[-6.040876,37.4381967],[-6.0408786,37.4382011],[-6.0408377,37.4382166],[-6.0407971,37.4382314],[-6.0407602,37.4381659]]]},"properties":{"site":"italica","name":null,"category":"other","historic":null,"building":"yes","osm_id":1207915338}},{"type":"Feature","geometry":{"type":"Polygon","coordinates":[[[-6.0407923,37.4379794],[-6.0408781,37.4379571],[-6.0409656,37.4381469],[-6.0409735,37.4381639],[-6.0409093,37.4381843],[-6.0408842,37.4381936],[-6.040876,37.4381967],[-6.0408621,37.4381722],[-6.040858,37.4381589],[-6.0409158,37.4381449],[-6.0408845,37.438071],[-6.0408322,37.4380847],[-6.0407995,37.4380201],[-6.0408091,37.4380169],[-6.0407923,37.4379794]]]},"properties":{"site":"italica","name":null,"category":"other","historic":null,"building":"yes","osm_id":1207915339}},{"type":"Feature","geometry":{"type":"Polygon","coordinates":[[[-6.0406929,37.4380029],[-6.0406448,37.4380144],[-6.040652,37.4380456],[-6.0406576,37.4380608],[-6.0406616,37.4380678],[-6.0406769,37.4380634],[-6.0406929,37.4380927],[-6.0407276,37.4380823],[-6.0407218,37.4380723],[-6.0407122,37.4380443],[-6.0406929,37.4380029]]]},"properties":{"site":"italica","name":null,"category":"other","historic":null,"building":"yes","osm_id":1207915340}},{"type":"Feature","geometry":{"type":"Polygon","coordinates":[[[-6.0408781,37.4379571],[-6.0409342,37.4379412],[-6.0410128,37.4381347],[-6.0409656,37.4381469],[-6.0408781,37.4379571]]]},"properties":{"site":"italica","name":null,"category":"other","historic":null,"building":"yes","osm_id":1207915341}},{"type":"Feature","geometry":{"type":"Polygon","coordinates":[[[-6.0409342,37.4379412],[-6.041024,37.4379208],[-6.0411049,37.4381028],[-6.0410128,37.4381347],[-6.0409342,37.4379412]]]},"properties":{"site":"italica","name":null,"category":"other","historic":null,"building":"yes","osm_id":1207915342}},{"type":"Feature","geometry":{"type":"Polygon","coordinates":[[[-6.0411049,37.4381028],[-6.0411274,37.4381429],[-6.0409895,37.4381862],[-6.0409735,37.4381639],[-6.0409656,37.4381469],[-6.0410128,37.4381347],[-6.0411049,37.4381028]]]},"properties":{"site":"italica","name":null,"category":"other","historic":null,"building":"yes","osm_id":1207915343}},{"type":"Feature","geometry":{"type":"Polygon","coordinates":[[[-6.041157,37.4382091],[-6.0411803,37.4382594],[-6.0410644,37.4382916],[-6.041028,37.4383021],[-6.0410068,37.4382569],[-6.041157,37.4382091]]]},"properties":{"site":"italica","name":null,"category":"other","historic":null,"building":"yes","osm_id":1207915344}},{"type":"Feature","geometry":{"type":"Polygon","coordinates":[[[-6.0411803,37.4382594],[-6.0412067,37.4383224],[-6.0410859,37.4383498],[-6.0410644,37.4382916],[-6.0411803,37.4382594]]]},"properties":{"site":"italica","name":null,"category":"other","historic":null,"building":"yes","osm_id":1207915345}},{"type":"Feature","geometry":{"type":"Polygon","coordinates":[[[-6.0412067,37.4383224],[-6.0412308,37.4383848],[-6.0409897,37.4384489],[-6.0409783,37.438425],[-6.0409552,37.4383808],[-6.0410859,37.4383498],[-6.0412067,37.4383224]]]},"properties":{"site":"italica","name":null,"category":"other","historic":null,"building":"yes","osm_id":1207915346}},{"type":"Feature","geometry":{"type":"Polygon","coordinates":[[[-6.0412308,37.4383848],[-6.0412548,37.4384529],[-6.0410264,37.4385166],[-6.0410037,37.4384748],[-6.0409897,37.4384489],[-6.0412308,37.4383848]]]},"properties":{"site":"italica","name":null,"category":"other","historic":null,"building":"yes","osm_id":1207915347}},{"type":"Feature","geometry":{"type":"Polygon","coordinates":[[[-6.0412548,37.4384529],[-6.0412776,37.4385066],[-6.0410495,37.4385613],[-6.0410264,37.4385166],[-6.0412548,37.4384529]]]},"properties":{"site":"italica","name":null,"category":"other","historic":null,"building":"yes","osm_id":1208049685}},{"type":"Feature","geometry":{"type":"Polygon","coordinates":[[[-6.0412776,37.4385066],[-6.0412956,37.4385542],[-6.0411795,37.4385815],[-6.0410704,37.438606],[-6.0410495,37.4385613],[-6.0412776,37.4385066]]]},"properties":{"site":"italica","name":null,"category":"other","historic":null,"building":"yes","osm_id":1208049686}},{"type":"Feature","geometry":{"type":"Polygon","coordinates":[[[-6.0412956,37.4385542],[-6.0413366,37.4386558],[-6.0412242,37.4386858],[-6.0411795,37.4385815],[-6.0412956,37.4385542]]]},"properties":{"site":"italica","name":null,"category":"other","historic":null,"building":"yes","osm_id":1208049687}},{"type":"Feature","geometry":{"type":"Polygon","coordinates":[[[-6.0407009,37.4383854],[-6.0407516,37.4384542],[-6.0409552,37.4383808],[-6.0409224,37.438309],[-6.0407009,37.4383854]]]},"properties":{"site":"italica","name":null,"category":"other","historic":null,"building":"yes","osm_id":1208049689}},{"type":"Feature","geometry":{"type":"Polygon","coordinates":[[[-6.0407516,37.4384542],[-6.0407779,37.4384897],[-6.0409783,37.438425],[-6.0409552,37.4383808],[-6.0407516,37.4384542]]]},"properties":{"site":"italica","name":null,"category":"other","historic":null,"building":"yes","osm_id":1208049690}},{"type":"Feature","geometry":{"type":"Polygon","coordinates":[[[-6.0407779,37.4384897],[-6.0408042,37.4385353],[-6.0410037,37.4384748],[-6.0409897,37.4384489],[-6.0409783,37.438425],[-6.0407779,37.4384897]]]},"properties":{"site":"italica","name":null,"category":"other","historic":null,"building":"yes","osm_id":1208049691}},{"type":"Feature","geometry":{"type":"Polygon","coordinates":[[[-6.0408042,37.4385353],[-6.0408272,37.4385744],[-6.0410264,37.4385166],[-6.0410037,37.4384748],[-6.0408042,37.4385353]]]},"properties":{"site":"italica","name":null,"category":"other","historic":null,"building":"yes","osm_id":1208049692}},{"type":"Feature","geometry":{"type":"Polygon","coordinates":[[[-6.0408272,37.4385744],[-6.0408526,37.4386174],[-6.0410495,37.4385613],[-6.0410264,37.4385166],[-6.0408272,37.4385744]]]},"properties":{"site":"italica","name":null,"category":"other","historic":null,"building":"yes","osm_id":1208049693}},{"type":"Feature","geometry":{"type":"Polygon","coordinates":[[[-6.0408526,37.4386174],[-6.0408928,37.4387131],[-6.0410938,37.4386558],[-6.0410704,37.438606],[-6.0410495,37.4385613],[-6.0408526,37.4386174]]]},"properties":{"site":"italica","name":null,"category":"other","historic":null,"building":"yes","osm_id":1208049694}},{"type":"Feature","geometry":{"type":"Polygon","coordinates":[[[-6.0408928,37.4387131],[-6.0409051,37.438749],[-6.0411073,37.4386927],[-6.0410938,37.4386558],[-6.0408928,37.4387131]]]},"properties":{"site":"italica","name":null,"category":"other","historic":null,"building":"yes","osm_id":1208049695}},{"type":"Feature","geometry":{"type":"Polygon","coordinates":[[[-6.0409051,37.438749],[-6.0409302,37.4388286],[-6.0410554,37.4387955],[-6.0411406,37.438773],[-6.041138,37.4387661],[-6.0411189,37.4387195],[-6.0411073,37.4386927],[-6.0409051,37.438749]]]},"properties":{"site":"italica","name":null,"category":"other","historic":null,"building":"yes","osm_id":1208049696}},{"type":"Feature","geometry":{"type":"Polygon","coordinates":[[[-6.0409302,37.4388286],[-6.0409521,37.4388809],[-6.0411624,37.4388253],[-6.0411573,37.4388131],[-6.0411406,37.438773],[-6.0410554,37.4387955],[-6.0409302,37.4388286]]]},"properties":{"site":"italica","name":null,"category":"other","historic":null,"building":"yes","osm_id":1208049697}},{"type":"Feature","geometry":{"type":"Polygon","coordinates":[[[-6.0409521,37.4388809],[-6.040969,37.4389343],[-6.041181,37.438879],[-6.0411624,37.4388253],[-6.0409521,37.4388809]]]},"properties":{"site":"italica","name":null,"category":"other","historic":null,"building":"yes","osm_id":1208049698}},{"type":"Feature","geometry":{"type":"Polygon","coordinates":[[[-6.040969,37.4389343],[-6.0409896,37.43899],[-6.0412045,37.4389349],[-6.0411973,37.4389168],[-6.041181,37.438879],[-6.040969,37.4389343]]]},"properties":{"site":"italica","name":null,"category":"other","historic":null,"building":"yes","osm_id":1208049699}},{"type":"Feature","geometry":{"type":"Polygon","coordinates":[[[-6.0409896,37.43899],[-6.0410068,37.4390382],[-6.0412258,37.4389848],[-6.0412158,37.4389607],[-6.0412045,37.4389349],[-6.0409896,37.43899]]]},"properties":{"site":"italica","name":null,"category":"other","historic":null,"building":"yes","osm_id":1208049700}},{"type":"Feature","geometry":{"type":"Polygon","coordinates":[[[-6.0413366,37.4386558],[-6.0413566,37.4387044],[-6.041138,37.4387661],[-6.0411189,37.4387195],[-6.0412242,37.4386858],[-6.0413366,37.4386558]]]},"properties":{"site":"italica","name":null,"category":"other","historic":null,"building":"yes","osm_id":1208049701}},{"type":"Feature","geometry":{"type":"Polygon","coordinates":[[[-6.0413566,37.4387044],[-6.0413784,37.4387565],[-6.0411573,37.4388131],[-6.0411406,37.438773],[-6.041138,37.4387661],[-6.0413566,37.4387044]]]},"properties":{"site":"italica","name":null,"category":"other","historic":null,"building":"yes","osm_id":1208049702}},{"type":"Feature","geometry":{"type":"Polygon","coordinates":[[[-6.0413784,37.4387565],[-6.0414013,37.4388205],[-6.041181,37.438879],[-6.0411624,37.4388253],[-6.0411573,37.4388131],[-6.0413784,37.4387565]]]},"properties":{"site":"italica","name":null,"category":"other","historic":null,"building":"yes","osm_id":1208049703}},{"type":"Feature","geometry":{"type":"Polygon","coordinates":[[[-6.0414013,37.4388205],[-6.0414182,37.4388568],[-6.0411973,37.4389168],[-6.041181,37.438879],[-6.0414013,37.4388205]]]},"properties":{"site":"italica","name":null,"category":"other","historic":null,"building":"yes","osm_id":1208049704}},{"type":"Feature","geometry":{"type":"Polygon","coordinates":[[[-6.0412045,37.4389349],[-6.0412158,37.4389607],[-6.0412591,37.4389492],[-6.0412491,37.4389255],[-6.0412889,37.4389161],[-6.0412959,37.4389358],[-6.0413377,37.4389255],[-6.0413406,37.4389374],[-6.0413944,37.43892],[-6.0413834,37.4389003],[-6.0414262,37.4388916],[-6.0414182,37.4388568],[-6.0411973,37.4389168],[-6.0412045,37.4389349]]]},"properties":{"site":"italica","name":null,"category":"other","historic":null,"building":"yes","osm_id":1208049705}},{"type":"Feature","geometry":{"type":"Polygon","coordinates":[[[-6.0414262,37.4388916],[-6.0414495,37.4389461],[-6.0413172,37.4389829],[-6.0413091,37.4389835],[-6.0413015,37.4389674],[-6.0412258,37.4389848],[-6.0412158,37.4389607],[-6.0412591,37.4389492],[-6.0412959,37.4389358],[-6.0413377,37.4389255],[-6.0413406,37.4389374],[-6.0413944,37.43892],[-6.0413834,37.4389003],[-6.0414262,37.4388916]]]},"properties":{"site":"italica","name":null,"category":"other","historic":null,"building":"yes","osm_id":1208049706}},{"type":"Feature","geometry":{"type":"Polygon","coordinates":[[[-6.0414495,37.4389461],[-6.0414731,37.4389948],[-6.0413447,37.4390276],[-6.0413343,37.4390302],[-6.0413172,37.4389829],[-6.0414495,37.4389461]]]},"properties":{"site":"italica","name":null,"category":"other","historic":null,"building":"yes","osm_id":1208049707}},{"type":"Feature","geometry":{"type":"Polygon","coordinates":[[[-6.0414731,37.4389948],[-6.041495,37.4390502],[-6.041325,37.439085],[-6.0413158,37.4390649],[-6.0413545,37.4390583],[-6.0413447,37.4390276],[-6.0414731,37.4389948]]]},"properties":{"site":"italica","name":null,"category":"other","historic":null,"building":"yes","osm_id":1208049708}},{"type":"Feature","geometry":{"type":"Polygon","coordinates":[[[-6.041495,37.4390502],[-6.0415059,37.4390776],[-6.0413498,37.4391061],[-6.0413301,37.4391097],[-6.041325,37.439085],[-6.041495,37.4390502]]]},"properties":{"site":"italica","name":null,"category":"other","historic":null,"building":"yes","osm_id":1208049709}},{"type":"Feature","geometry":{"type":"Polygon","coordinates":[[[-6.0415059,37.4390776],[-6.0415177,37.439113],[-6.0413756,37.4391384],[-6.04123,37.4391645],[-6.041223,37.439142],[-6.0412199,37.4391317],[-6.0412889,37.4391204],[-6.0412964,37.4391384],[-6.0413503,37.4391257],[-6.0413498,37.4391061],[-6.0415059,37.4390776]]]},"properties":{"site":"italica","name":null,"category":"other","historic":null,"building":"yes","osm_id":1208049710}},{"type":"Feature","geometry":{"type":"Polygon","coordinates":[[[-6.04123,37.4391645],[-6.0411562,37.4391833],[-6.0410626,37.4392072],[-6.0410432,37.4391371],[-6.0410954,37.4391331],[-6.0410954,37.4391237],[-6.0411593,37.439115],[-6.0411694,37.4391504],[-6.041223,37.439142],[-6.04123,37.4391645]]]},"properties":{"site":"italica","name":null,"category":"other","historic":null,"building":"yes","osm_id":1208049711}},{"type":"Feature","geometry":{"type":"Polygon","coordinates":[[[-6.0410432,37.4391371],[-6.0410256,37.4390883],[-6.0412502,37.4390422],[-6.0412687,37.4390963],[-6.0412359,37.4391003],[-6.0412241,37.4390836],[-6.041177,37.439093],[-6.0411871,37.4391097],[-6.0411593,37.439115],[-6.0410954,37.4391237],[-6.0410954,37.4391331],[-6.0410432,37.4391371]]]},"properties":{"site":"italica","name":null,"category":"other","historic":null,"building":"yes","osm_id":1208049712}},{"type":"Feature","geometry":{"type":"Polygon","coordinates":[[[-6.0410626,37.4392072],[-6.041071,37.4392379],[-6.0411703,37.4392192],[-6.0411562,37.4391833],[-6.0410626,37.4392072]]]},"properties":{"site":"italica","name":null,"category":"other","historic":null,"building":"yes","osm_id":1208049713}},{"type":"Feature","geometry":{"type":"Polygon","coordinates":[[[-6.041071,37.4392379],[-6.0410811,37.4392727],[-6.0412165,37.4392546],[-6.0412132,37.4392306],[-6.0412519,37.4392232],[-6.0412611,37.4392439],[-6.0413032,37.4392332],[-6.0412922,37.4391932],[-6.0411703,37.4392192],[-6.041071,37.4392379]]]},"properties":{"site":"italica","name":null,"category":"other","historic":null,"building":"yes","osm_id":1208049714}},{"type":"Feature","geometry":{"type":"Polygon","coordinates":[[[-6.0410811,37.4392727],[-6.041087,37.4393094],[-6.041165,37.4393022],[-6.0412171,37.4392934],[-6.0412224,37.4392927],[-6.0412216,37.4392673],[-6.0412704,37.439256],[-6.0412762,37.439276],[-6.0413284,37.4392626],[-6.0413225,37.4392326],[-6.0413032,37.4392332],[-6.0412611,37.4392439],[-6.0412165,37.4392546],[-6.0410811,37.4392727]]]},"properties":{"site":"italica","name":null,"category":"other","historic":null,"building":"yes","osm_id":1208049715}},{"type":"Feature","geometry":{"type":"Polygon","coordinates":[[[-6.041087,37.4393094],[-6.041092,37.4393662],[-6.0412258,37.4393521],[-6.0412171,37.4392934],[-6.041165,37.4393022],[-6.041087,37.4393094]]]},"properties":{"site":"italica","name":null,"category":"other","historic":null,"building":"yes","osm_id":1208049716}},{"type":"Feature","geometry":{"type":"Polygon","coordinates":[[[-6.041092,37.4393662],[-6.0410965,37.4394299],[-6.0411979,37.439427],[-6.0411984,37.4394207],[-6.0412372,37.4394136],[-6.0412258,37.4393521],[-6.041092,37.4393662]]]},"properties":{"site":"italica","name":null,"category":"other","historic":null,"building":"yes","osm_id":1208049717}},{"type":"Feature","geometry":{"type":"Polygon","coordinates":[[[-6.0410965,37.4394299],[-6.0410951,37.4394615],[-6.0411886,37.4394611],[-6.0412251,37.4394563],[-6.0412474,37.4394533],[-6.0412372,37.4394136],[-6.0411984,37.4394207],[-6.0411979,37.439427],[-6.0410965,37.4394299]]]},"properties":{"site":"italica","name":null,"category":"other","historic":null,"building":"yes","osm_id":1208049718}},{"type":"Feature","geometry":{"type":"Polygon","coordinates":[[[-6.0410951,37.4394615],[-6.0410868,37.4395321],[-6.0411013,37.4395324],[-6.0411595,37.4395338],[-6.041233,37.4395355],[-6.0412347,37.4395029],[-6.0412228,37.4395036],[-6.0412251,37.4394563],[-6.0411886,37.4394611],[-6.0410951,37.4394615]]]},"properties":{"site":"italica","name":null,"category":"other","historic":null,"building":"yes","osm_id":1208049719}},{"type":"Feature","geometry":{"type":"Polygon","coordinates":[[[-6.0411013,37.4395324],[-6.0411094,37.4395535],[-6.0411364,37.4396238],[-6.0411141,37.4396292],[-6.0411321,37.4396734],[-6.0412048,37.4396326],[-6.0411595,37.4395338],[-6.0411013,37.4395324]]]},"properties":{"site":"italica","name":null,"category":"other","historic":null,"building":"yes","osm_id":1208049720}},{"type":"Feature","geometry":{"type":"Polygon","coordinates":[[[-6.0411321,37.4396734],[-6.0411073,37.4396883],[-6.041062,37.4396143],[-6.0410149,37.4396061],[-6.0410098,37.4396299],[-6.0409679,37.4396252],[-6.0409781,37.4395851],[-6.0410679,37.4395464],[-6.0410731,37.4395586],[-6.0411094,37.4395535],[-6.0411364,37.4396238],[-6.0411141,37.4396292],[-6.0411321,37.4396734]]]},"properties":{"site":"italica","name":null,"category":"other","historic":null,"building":"yes","osm_id":1208049721}},{"type":"Feature","geometry":{"type":"Polygon","coordinates":[[[-6.0409679,37.4396252],[-6.0409533,37.4396686],[-6.0410449,37.4396822],[-6.0410893,37.4396978],[-6.0411073,37.4396883],[-6.041062,37.4396143],[-6.0410149,37.4396061],[-6.0410098,37.4396299],[-6.0409679,37.4396252]]]},"properties":{"site":"italica","name":null,"category":"other","historic":null,"building":"yes","osm_id":1208049722}},{"type":"Feature","geometry":{"type":"Polygon","coordinates":[[[-6.0410893,37.4396978],[-6.0409833,37.4397508],[-6.0409268,37.4397392],[-6.0409533,37.4396686],[-6.0410449,37.4396822],[-6.0410893,37.4396978]]]},"properties":{"site":"italica","name":null,"category":"other","historic":null,"building":"yes","osm_id":1208049723}},{"type":"Feature","geometry":{"type":"Polygon","coordinates":[[[-6.0416068,37.4393356],[-6.0414547,37.4393938],[-6.041446,37.4393971],[-6.041489,37.4394581],[-6.0415853,37.4393966],[-6.0416263,37.4393878],[-6.0416068,37.4393356]]]},"properties":{"site":"italica","name":null,"category":"other","historic":null,"building":"yes","osm_id":1208057206}},{"type":"Feature","geometry":{"type":"Polygon","coordinates":[[[-6.0416068,37.4393356],[-6.0415886,37.4392886],[-6.0414473,37.4393248],[-6.0414232,37.4393309],[-6.0414547,37.4393938],[-6.0416068,37.4393356]]]},"properties":{"site":"italica","name":null,"category":"other","historic":null,"building":"yes","osm_id":1208057207}},{"type":"Feature","geometry":{"type":"Polygon","coordinates":[[[-6.0415886,37.4392886],[-6.0415716,37.4392503],[-6.0415235,37.4392607],[-6.0415222,37.4392539],[-6.0414284,37.4392808],[-6.0414473,37.4393248],[-6.0415886,37.4392886]]]},"properties":{"site":"italica","name":null,"category":"other","historic":null,"building":"yes","osm_id":1208057208}},{"type":"Feature","geometry":{"type":"Polygon","coordinates":[[[-6.0415716,37.4392503],[-6.0415547,37.439211],[-6.0414252,37.4392416],[-6.0414102,37.4392452],[-6.0414284,37.4392808],[-6.0415222,37.4392539],[-6.0415235,37.4392607],[-6.0415716,37.4392503]]]},"properties":{"site":"italica","name":null,"category":"other","historic":null,"building":"yes","osm_id":1208057209}},{"type":"Feature","geometry":{"type":"Polygon","coordinates":[[[-6.0415547,37.439211],[-6.0415469,37.4391852],[-6.0414994,37.4391966],[-6.0414974,37.4391883],[-6.0414525,37.4391997],[-6.0413225,37.4392326],[-6.0413284,37.4392626],[-6.0413939,37.4392483],[-6.0413887,37.4392302],[-6.0414174,37.4392229],[-6.0414252,37.4392416],[-6.0415547,37.439211]]]},"properties":{"site":"italica","name":null,"category":"other","historic":null,"building":"yes","osm_id":1208057210}},{"type":"Feature","geometry":{"type":"Polygon","coordinates":[[[-6.0415469,37.4391852],[-6.0415371,37.4391588],[-6.0414896,37.4391692],[-6.0414844,37.4391532],[-6.0414376,37.4391625],[-6.0414525,37.4391997],[-6.0414974,37.4391883],[-6.0414994,37.4391966],[-6.0415469,37.4391852]]]},"properties":{"site":"italica","name":null,"category":"other","historic":null,"building":"yes","osm_id":1208057211}},{"type":"Feature","geometry":{"type":"Polygon","coordinates":[[[-6.0415177,37.439113],[-6.0415371,37.4391588],[-6.0414896,37.4391692],[-6.0414844,37.4391532],[-6.0414376,37.4391625],[-6.0413868,37.4391728],[-6.0413756,37.4391384],[-6.0415177,37.439113]]]},"properties":{"site":"italica","name":null,"category":"other","historic":null,"building":"yes","osm_id":1208057212}},{"type":"Feature","geometry":{"type":"Polygon","coordinates":[[[-6.04191,37.4383932],[-6.0419669,37.4384829],[-6.0418172,37.4385329],[-6.0417936,37.4384978],[-6.0418285,37.4384873],[-6.0418143,37.4384634],[-6.0417927,37.4384694],[-6.0417737,37.4384385],[-6.04191,37.4383932]]]},"properties":{"site":"italica","name":null,"category":"other","historic":null,"building":"yes","osm_id":1208063033}},{"type":"Feature","geometry":{"type":"Polygon","coordinates":[[[-6.0419669,37.4384829],[-6.0420007,37.4385344],[-6.041868,37.438577],[-6.0418539,37.4385494],[-6.0417522,37.4385808],[-6.0417701,37.4386129],[-6.0417372,37.4386234],[-6.0417061,37.4385726],[-6.0418172,37.4385329],[-6.0419669,37.4384829]]]},"properties":{"site":"italica","name":null,"category":"other","historic":null,"building":"yes","osm_id":1208063034}},{"type":"Feature","geometry":{"type":"Polygon","coordinates":[[[-6.0420007,37.4385344],[-6.0420337,37.4385883],[-6.0418727,37.4386428],[-6.0418398,37.4385897],[-6.041868,37.438577],[-6.0420007,37.4385344]]]},"properties":{"site":"italica","name":null,"category":"other","historic":null,"building":"yes","osm_id":1208063035}},{"type":"Feature","geometry":{"type":"Polygon","coordinates":[[[-6.0420337,37.4385883],[-6.0420676,37.4386353],[-6.0417983,37.4387333],[-6.0417767,37.4387026],[-6.0418529,37.4386809],[-6.0418322,37.438657],[-6.0418727,37.4386428],[-6.0420337,37.4385883]]]},"properties":{"site":"italica","name":null,"category":"other","historic":null,"building":"yes","osm_id":1208063036}},{"type":"Feature","geometry":{"type":"Polygon","coordinates":[[[-6.0417767,37.4387026],[-6.0417489,37.438711],[-6.0416797,37.438732],[-6.0415478,37.4387719],[-6.0415502,37.4387781],[-6.0415071,37.4387908],[-6.0415513,37.4388801],[-6.0416722,37.4388416],[-6.0416345,37.4387669],[-6.0416581,37.4387602],[-6.0416628,37.4387736],[-6.0417456,37.438743],[-6.0417635,37.4387789],[-6.0417127,37.4387916],[-6.0417164,37.438802],[-6.0417014,37.4388043],[-6.0417127,37.4388304],[-6.0418285,37.4387931],[-6.0417983,37.4387333],[-6.0417767,37.4387026]]]},"properties":{"site":"italica","name":null,"category":"other","historic":null,"building":"yes","osm_id":1208063037}},{"type":"Feature","geometry":{"type":"Polygon","coordinates":[[[-6.0415513,37.4388801],[-6.0415755,37.4389308],[-6.0416997,37.4388959],[-6.0417362,37.4388857],[-6.0417061,37.4388317],[-6.0416722,37.4388416],[-6.0415513,37.4388801]]]},"properties":{"site":"italica","name":null,"category":"other","historic":null,"building":"yes","osm_id":1208063038}},{"type":"Feature","geometry":{"type":"Polygon","coordinates":[[[-6.0415071,37.4387908],[-6.0414824,37.438741],[-6.0416771,37.4386781],[-6.0417492,37.4386549],[-6.0417767,37.4387026],[-6.0417489,37.438711],[-6.0417371,37.4386898],[-6.0416681,37.4387123],[-6.0416797,37.438732],[-6.0415478,37.4387719],[-6.0415502,37.4387781],[-6.0415071,37.4387908]]]},"properties":{"site":"italica","name":null,"category":"other","historic":null,"building":"yes","osm_id":1208063039}},{"type":"Feature","geometry":{"type":"Polygon","coordinates":[[[-6.0414824,37.438741],[-6.0414583,37.4386901],[-6.0415915,37.4386468],[-6.0416525,37.438627],[-6.0416771,37.4386781],[-6.0414824,37.438741]]]},"properties":{"site":"italica","name":null,"category":"other","historic":null,"building":"yes","osm_id":1208063040}},{"type":"Feature","geometry":{"type":"Polygon","coordinates":[[[-6.0414583,37.4386901],[-6.0414101,37.4385874],[-6.04156,37.4385418],[-6.0415717,37.4385682],[-6.0415579,37.4385727],[-6.0415915,37.4386468],[-6.0414583,37.4386901]]]},"properties":{"site":"italica","name":null,"category":"other","historic":null,"building":"yes","osm_id":1208063041}},{"type":"Feature","geometry":{"type":"Polygon","coordinates":[[[-6.0414101,37.4385874],[-6.0413669,37.438492],[-6.0414461,37.4384681],[-6.0415837,37.4384265],[-6.0415937,37.438442],[-6.0416327,37.4384437],[-6.0416603,37.4384842],[-6.0416705,37.4385058],[-6.0416262,37.4385196],[-6.0415968,37.4384537],[-6.0415111,37.4384802],[-6.0415309,37.4385229],[-6.0415437,37.4385176],[-6.04156,37.4385418],[-6.0414101,37.4385874]]]},"properties":{"site":"italica","name":null,"category":"other","historic":null,"building":"yes","osm_id":1208063042}},{"type":"Feature","geometry":{"type":"Polygon","coordinates":[[[-6.0416914,37.4379741],[-6.0416416,37.43786],[-6.0416071,37.4377809],[-6.0414848,37.4378079],[-6.0415274,37.4379085],[-6.0415467,37.4379033],[-6.0415367,37.4378838],[-6.0415867,37.4378683],[-6.041618,37.4379579],[-6.0415609,37.4379763],[-6.0415759,37.4380119],[-6.0416914,37.4379741]]]},"properties":{"site":"italica","name":null,"category":"other","historic":null,"building":"yes","osm_id":1208063043}},{"type":"Feature","geometry":{"type":"Polygon","coordinates":[[[-6.0413053,37.438068],[-6.0411795,37.4381042],[-6.0412169,37.438182],[-6.0413346,37.4381507],[-6.0413474,37.4381479],[-6.0413053,37.438068]]]},"properties":{"site":"italica","name":null,"category":"other","historic":null,"building":"yes","osm_id":1208063045}},{"type":"Feature","geometry":{"type":"Polygon","coordinates":[[[-6.0448738,37.4451383],[-6.04494,37.4452928],[-6.0449572,37.4452928],[-6.0449943,37.4453842],[-6.0446567,37.4454767],[-6.0445813,37.4453075],[-6.044531,37.4453201],[-6.0445019,37.4452339],[-6.0447017,37.4451446],[-6.044719,37.4451898],[-6.0448738,37.4451383]]]},"properties":{"site":"italica","name":null,"category":"other","historic":null,"building":"yes","osm_id":1208063962}},{"type":"Feature","geometry":{"type":"Polygon","coordinates":[[[-6.0442079,37.4443651],[-6.0442944,37.4443133],[-6.0445016,37.4445319],[-6.0442776,37.4446658],[-6.0442073,37.4445915],[-6.0442989,37.4445368],[-6.0441621,37.4443924],[-6.0441083,37.4443398],[-6.0441773,37.4443346],[-6.0442079,37.4443651]]]},"properties":{"site":"italica","name":null,"category":"other","historic":null,"building":"yes","osm_id":1208063963}},{"type":"Feature","geometry":{"type":"Polygon","coordinates":[[[-6.0447986,37.4442656],[-6.0447465,37.4442958],[-6.0448601,37.4444193],[-6.0447596,37.4444776],[-6.0448926,37.4446221],[-6.0449903,37.4445654],[-6.0450274,37.4446057],[-6.0450823,37.4445738],[-6.0447986,37.4442656]]]},"properties":{"site":"italica","name":null,"category":"other","historic":null,"building":"yes","osm_id":1208063964}},{"type":"Feature","geometry":{"type":"Polygon","coordinates":[[[-6.0415008,37.4382438],[-6.0414394,37.438262],[-6.0412828,37.4383082],[-6.0413169,37.4383759],[-6.0413948,37.4383536],[-6.0414642,37.4383337],[-6.0414492,37.4382887],[-6.0414785,37.438279],[-6.0414765,37.4382687],[-6.0415099,37.4382627],[-6.0415008,37.4382438]]]},"properties":{"site":"italica","name":null,"category":"other","historic":null,"building":"yes","osm_id":1208153854}},{"type":"Feature","geometry":{"type":"Polygon","coordinates":[[[-6.0412828,37.4383082],[-6.0412466,37.4382405],[-6.0414591,37.4381749],[-6.0414682,37.4381721],[-6.0414822,37.4382028],[-6.0414178,37.4382189],[-6.0414394,37.438262],[-6.0412828,37.4383082]]]},"properties":{"site":"italica","name":null,"category":"other","historic":null,"building":"yes","osm_id":1208153855}},{"type":"Feature","geometry":{"type":"Polygon","coordinates":[[[-6.0412466,37.4382405],[-6.0412169,37.438182],[-6.0413346,37.4381507],[-6.0413448,37.4381782],[-6.0414001,37.4381652],[-6.0413864,37.4381338],[-6.0414178,37.4381273],[-6.0414212,37.4381382],[-6.0414383,37.4381317],[-6.0414591,37.4381749],[-6.0412466,37.4382405]]]},"properties":{"site":"italica","name":null,"category":"other","historic":null,"building":"yes","osm_id":1208153856}},{"type":"Feature","geometry":{"type":"Polygon","coordinates":[[[-6.0411795,37.4381042],[-6.0411368,37.4380196],[-6.0411857,37.4380095],[-6.0412187,37.4380028],[-6.0412234,37.4380125],[-6.0412433,37.438006],[-6.0412766,37.4379952],[-6.0413005,37.4380401],[-6.0413748,37.4380239],[-6.0413858,37.4380412],[-6.0413053,37.438068],[-6.0411795,37.4381042]]]},"properties":{"site":"italica","name":null,"category":"other","historic":null,"building":"yes","osm_id":1208153857}},{"type":"Feature","geometry":{"type":"Polygon","coordinates":[[[-6.0413169,37.4383759],[-6.041332,37.438414],[-6.04141,37.4383928],[-6.0413948,37.4383536],[-6.0413169,37.4383759]]]},"properties":{"site":"italica","name":null,"category":"other","historic":null,"building":"yes","osm_id":1208153858}},{"type":"Feature","geometry":{"type":"Polygon","coordinates":[[[-6.041332,37.438414],[-6.0413468,37.4384489],[-6.0414261,37.4384263],[-6.04141,37.4383928],[-6.041332,37.438414]]]},"properties":{"site":"italica","name":null,"category":"other","historic":null,"building":"yes","osm_id":1208153859}},{"type":"Feature","geometry":{"type":"Polygon","coordinates":[[[-6.0413468,37.4384489],[-6.0413669,37.438492],[-6.0414461,37.4384681],[-6.0414261,37.4384263],[-6.0413468,37.4384489]]]},"properties":{"site":"italica","name":null,"category":"other","historic":null,"building":"yes","osm_id":1208153860}},{"type":"Feature","geometry":{"type":"Polygon","coordinates":[[[-6.0411368,37.4380196],[-6.041085,37.4379115],[-6.041142,37.4378967],[-6.0411857,37.4380095],[-6.0411368,37.4380196]]]},"properties":{"site":"italica","name":null,"category":"other","historic":null,"building":"yes","osm_id":1208153861}},{"type":"Feature","geometry":{"type":"Polygon","coordinates":[[[-6.041142,37.4378967],[-6.0411916,37.4378823],[-6.0412433,37.438006],[-6.0412234,37.4380125],[-6.0412187,37.4380028],[-6.0411857,37.4380095],[-6.041142,37.4378967]]]},"properties":{"site":"italica","name":null,"category":"other","historic":null,"building":"yes","osm_id":1208153862}},{"type":"Feature","geometry":{"type":"Polygon","coordinates":[[[-6.0411916,37.4378823],[-6.0412392,37.4378702],[-6.041273,37.4379555],[-6.0412872,37.4379913],[-6.0412766,37.4379952],[-6.0412433,37.438006],[-6.0411916,37.4378823]]]},"properties":{"site":"italica","name":null,"category":"other","historic":null,"building":"yes","osm_id":1208153863}},{"type":"Feature","geometry":{"type":"Polygon","coordinates":[[[-6.0420935,37.4386772],[-6.0421306,37.4387324],[-6.042003,37.4387881],[-6.0419863,37.4387619],[-6.0418754,37.4388109],[-6.0418926,37.4388334],[-6.0418597,37.4388458],[-6.0418285,37.4387931],[-6.0420506,37.4387042],[-6.042048,37.438698],[-6.0420935,37.4386772]]]},"properties":{"site":"italica","name":null,"category":"other","historic":null,"building":"yes","osm_id":1208153868}},{"type":"Feature","geometry":{"type":"Polygon","coordinates":[[[-6.0421306,37.4387324],[-6.0421657,37.4387848],[-6.0419732,37.4388682],[-6.0419502,37.4388334],[-6.0419962,37.4388143],[-6.0419857,37.4387964],[-6.042003,37.4387881],[-6.0421306,37.4387324]]]},"properties":{"site":"italica","name":null,"category":"other","historic":null,"building":"yes","osm_id":1208153869}},{"type":"Feature","geometry":{"type":"Polygon","coordinates":[[[-6.0421657,37.4387848],[-6.0422232,37.4388774],[-6.0421029,37.438933],[-6.0420558,37.4388674],[-6.0420161,37.438884],[-6.0420647,37.438953],[-6.0419475,37.4390066],[-6.04189,37.4389015],[-6.0419732,37.4388682],[-6.0421657,37.4387848]]]},"properties":{"site":"italica","name":null,"category":"other","historic":null,"building":"yes","osm_id":1208153870}},{"type":"Feature","geometry":{"type":"Polygon","coordinates":[[[-6.0421029,37.438933],[-6.0421453,37.4390012],[-6.0422206,37.4389559],[-6.042263,37.4389372],[-6.0422232,37.4388774],[-6.0421029,37.438933]]]},"properties":{"site":"italica","name":null,"category":"other","historic":null,"building":"yes","osm_id":1208153871}},{"type":"Feature","geometry":{"type":"Polygon","coordinates":[[[-6.042263,37.4389372],[-6.042298,37.4389891],[-6.0421547,37.4390734],[-6.0421248,37.4390365],[-6.0421113,37.4390199],[-6.0421453,37.4390012],[-6.0422206,37.4389559],[-6.042263,37.4389372]]]},"properties":{"site":"italica","name":null,"category":"other","historic":null,"building":"yes","osm_id":1208153872}},{"type":"Feature","geometry":{"type":"Polygon","coordinates":[[[-6.042121,37.439092],[-6.0420276,37.4391486],[-6.042002,37.4391023],[-6.0419957,37.4390909],[-6.0420788,37.4390385],[-6.042121,37.439092]]]},"properties":{"site":"italica","name":null,"category":"other","historic":null,"building":"yes","osm_id":1208153873}},{"type":"Feature","geometry":{"type":"Polygon","coordinates":[[[-6.0418806,37.43917],[-6.0418424,37.4391885],[-6.0417184,37.4392321],[-6.0416933,37.4391764],[-6.0418556,37.4391211],[-6.0418806,37.43917]]]},"properties":{"site":"italica","name":null,"category":"other","historic":null,"building":"yes","osm_id":1208153874}},{"type":"Feature","geometry":{"type":"Polygon","coordinates":[[[-6.0417184,37.4392321],[-6.0417461,37.4392894],[-6.0418419,37.4392558],[-6.0418952,37.4392296],[-6.0419963,37.4391674],[-6.0419671,37.4391201],[-6.0418806,37.43917],[-6.0418424,37.4391885],[-6.0417184,37.4392321]]]},"properties":{"site":"italica","name":null,"category":"other","historic":null,"building":"yes","osm_id":1208153875}},{"type":"Feature","geometry":{"type":"Polygon","coordinates":[[[-6.0416933,37.4391764],[-6.0416698,37.4391283],[-6.0418334,37.4390725],[-6.0418476,37.4390676],[-6.0418758,37.4391142],[-6.0418556,37.4391211],[-6.0416933,37.4391764]]]},"properties":{"site":"italica","name":null,"category":"other","historic":null,"building":"yes","osm_id":1208153876}},{"type":"Feature","geometry":{"type":"Polygon","coordinates":[[[-6.0416698,37.4391283],[-6.0416494,37.4390867],[-6.0417531,37.439052],[-6.0418131,37.4390319],[-6.0418334,37.4390725],[-6.0416698,37.4391283]]]},"properties":{"site":"italica","name":null,"category":"other","historic":null,"building":"yes","osm_id":1208153877}},{"type":"Feature","geometry":{"type":"Polygon","coordinates":[[[-6.0416494,37.4390867],[-6.0416033,37.4389924],[-6.0417305,37.4389526],[-6.0417524,37.4389945],[-6.0417278,37.4390024],[-6.0417531,37.439052],[-6.0416494,37.4390867]]]},"properties":{"site":"italica","name":null,"category":"other","historic":null,"building":"yes","osm_id":1208153878}},{"type":"Feature","geometry":{"type":"Polygon","coordinates":[[[-6.0415755,37.4389308],[-6.0416033,37.4389924],[-6.0417305,37.4389526],[-6.0417577,37.4389438],[-6.0417446,37.4389189],[-6.0417158,37.4389281],[-6.0416997,37.4388959],[-6.0415755,37.4389308]]]},"properties":{"site":"italica","name":null,"category":"other","historic":null,"building":"yes","osm_id":1208153879}},{"type":"Feature","geometry":{"type":"Polygon","coordinates":[[[-6.0424854,37.4383169],[-6.0424103,37.4383624],[-6.0425784,37.4385356],[-6.042657,37.4384831],[-6.0424854,37.4383169]]]},"properties":{"site":"italica","name":null,"category":"other","historic":null,"building":"yes","osm_id":1208159740}},{"type":"Feature","geometry":{"type":"Polygon","coordinates":[[[-6.0425655,37.4381612],[-6.0424751,37.4381893],[-6.0424922,37.4382252],[-6.0425196,37.4382165],[-6.0425331,37.4382461],[-6.0425948,37.4382257],[-6.0425655,37.4381612]]]},"properties":{"site":"italica","name":null,"category":"other","historic":null,"building":"yes","osm_id":1208159741}},{"type":"Feature","geometry":{"type":"Polygon","coordinates":[[[-6.0425556,37.4381465],[-6.0425196,37.4380545],[-6.0424268,37.4380773],[-6.0424599,37.4381684],[-6.0425556,37.4381465]]]},"properties":{"site":"italica","name":null,"category":"other","historic":null,"building":"yes","osm_id":1208159743}},{"type":"Feature","geometry":{"type":"Polygon","coordinates":[[[-6.0425196,37.4380545],[-6.042505,37.4380205],[-6.0424152,37.4380448],[-6.0424268,37.4380773],[-6.0425196,37.4380545]]]},"properties":{"site":"italica","name":null,"category":"other","historic":null,"building":"yes","osm_id":1208159744}},{"type":"Feature","geometry":{"type":"Polygon","coordinates":[[[-6.042505,37.4380205],[-6.0424677,37.437923],[-6.0423706,37.4379429],[-6.0423774,37.4379585],[-6.0424152,37.4380448],[-6.042505,37.4380205]]]},"properties":{"site":"italica","name":null,"category":"other","historic":null,"building":"yes","osm_id":1208159745}},{"type":"Feature","geometry":{"type":"Polygon","coordinates":[[[-6.0423774,37.4379585],[-6.0421775,37.4380124],[-6.0421699,37.4379954],[-6.0421114,37.4380108],[-6.042118,37.4380293],[-6.0419959,37.4380651],[-6.04197,37.4380148],[-6.0420982,37.4379748],[-6.0421451,37.4379626],[-6.0423003,37.4379221],[-6.0422881,37.4378949],[-6.0422997,37.4378918],[-6.0423486,37.4378789],[-6.0423706,37.4379429],[-6.0423774,37.4379585]]]},"properties":{"site":"italica","name":null,"category":"other","historic":null,"building":"yes","osm_id":1208159754}},{"type":"Feature","geometry":{"type":"Polygon","coordinates":[[[-6.0419959,37.4380651],[-6.0420181,37.4381148],[-6.0421496,37.4380801],[-6.0421813,37.4380717],[-6.0421569,37.438019],[-6.042118,37.4380293],[-6.0419959,37.4380651]]]},"properties":{"site":"italica","name":null,"category":"other","historic":null,"building":"yes","osm_id":1208159755}},{"type":"Feature","geometry":{"type":"Polygon","coordinates":[[[-6.0420181,37.4381148],[-6.0420631,37.4382195],[-6.0422805,37.4381602],[-6.0422675,37.4381299],[-6.0421897,37.4381511],[-6.0421783,37.4381214],[-6.0421676,37.4381232],[-6.0421496,37.4380801],[-6.0420181,37.4381148]]]},"properties":{"site":"italica","name":null,"category":"other","historic":null,"building":"yes","osm_id":1208159757}},{"type":"Feature","geometry":{"type":"Polygon","coordinates":[[[-6.04197,37.4380148],[-6.0419341,37.4379439],[-6.0420707,37.4379015],[-6.0420745,37.4379112],[-6.0420959,37.437904],[-6.0421134,37.4379445],[-6.042131,37.4379403],[-6.0421451,37.4379626],[-6.0420982,37.4379748],[-6.04197,37.4380148]]]},"properties":{"site":"italica","name":null,"category":"other","historic":null,"building":"yes","osm_id":1208159758}},{"type":"Feature","geometry":{"type":"Polygon","coordinates":[[[-6.0422532,37.4384037],[-6.0421623,37.4384285],[-6.0421954,37.4385103],[-6.04238,37.4384524],[-6.0423435,37.4383764],[-6.0422532,37.4384037]]]},"properties":{"site":"italica","name":null,"category":"other","historic":null,"building":"yes","osm_id":1208159765}},{"type":"Feature","geometry":{"type":"Polygon","coordinates":[[[-6.0423924,37.4386165],[-6.0423036,37.4386454],[-6.0422653,37.4386579],[-6.0422956,37.4387201],[-6.0424204,37.4386756],[-6.0423924,37.4386165]]]},"properties":{"site":"italica","name":null,"category":"other","historic":null,"building":"yes","osm_id":1208159767}},{"type":"Feature","geometry":{"type":"Polygon","coordinates":[[[-6.0422956,37.4387201],[-6.0423219,37.4387819],[-6.0424414,37.4387389],[-6.0424887,37.4387219],[-6.0424697,37.4386876],[-6.0424965,37.4386774],[-6.042501,37.4386845],[-6.0425665,37.4386614],[-6.04258,37.438689],[-6.0426079,37.4386796],[-6.0425855,37.4386179],[-6.0424204,37.4386756],[-6.0422956,37.4387201]]]},"properties":{"site":"italica","name":null,"category":"other","historic":null,"building":"yes","osm_id":1208159768}},{"type":"Feature","geometry":{"type":"Polygon","coordinates":[[[-6.0424414,37.4387389],[-6.0424495,37.4387534],[-6.0424204,37.4387623],[-6.0424366,37.4387943],[-6.0424271,37.4387979],[-6.042435,37.4388143],[-6.0423915,37.438826],[-6.0423493,37.4388374],[-6.0423219,37.4387819],[-6.0424414,37.4387389]]]},"properties":{"site":"italica","name":null,"category":"other","historic":null,"building":"yes","osm_id":1208159769}},{"type":"Feature","geometry":{"type":"Polygon","coordinates":[[[-6.0423493,37.4388374],[-6.042379,37.4389072],[-6.0424221,37.4388903],[-6.0424,37.4388438],[-6.0423915,37.438826],[-6.0423493,37.4388374]]]},"properties":{"site":"italica","name":null,"category":"other","historic":null,"building":"yes","osm_id":1208159770}},{"type":"Feature","geometry":{"type":"Polygon","coordinates":[[[-6.0424221,37.4388903],[-6.042496,37.4388632],[-6.0425363,37.4388419],[-6.0424993,37.4387961],[-6.0424529,37.4388085],[-6.0424585,37.4388245],[-6.0424,37.4388438],[-6.0424221,37.4388903]]]},"properties":{"site":"italica","name":null,"category":"other","historic":null,"building":"yes","osm_id":1208159771}},{"type":"Feature","geometry":{"type":"Polygon","coordinates":[[[-6.0425363,37.4388419],[-6.0425577,37.4388306],[-6.0425284,37.4387959],[-6.04255,37.4387838],[-6.0425284,37.4387619],[-6.0424887,37.4387836],[-6.0424993,37.4387961],[-6.0425363,37.4388419]]]},"properties":{"site":"italica","name":null,"category":"other","historic":null,"building":"yes","osm_id":1208159772}},{"type":"Feature","geometry":{"type":"Polygon","coordinates":[[[-6.0425577,37.4388306],[-6.0426729,37.438761],[-6.0427725,37.4386814],[-6.0427277,37.4386365],[-6.0426079,37.4386796],[-6.04258,37.438689],[-6.0425535,37.4387002],[-6.042599,37.4387514],[-6.04255,37.4387838],[-6.0425284,37.4387959],[-6.0425577,37.4388306]]]},"properties":{"site":"italica","name":null,"category":"other","historic":null,"building":"yes","osm_id":1208159774}},{"type":"Feature","geometry":{"type":"Polygon","coordinates":[[[-6.0421383,37.4383765],[-6.0421165,37.4383255],[-6.0424221,37.4382407],[-6.0424334,37.438266],[-6.0423387,37.4382928],[-6.0423471,37.4383203],[-6.0423078,37.4383315],[-6.0422928,37.4382995],[-6.0422637,37.4383069],[-6.0422806,37.4383367],[-6.0422278,37.4383503],[-6.0421383,37.4383765]]]},"properties":{"site":"italica","name":null,"category":"other","historic":null,"building":"yes","osm_id":1208159775}},{"type":"Feature","geometry":{"type":"Polygon","coordinates":[[[-6.0429897,37.4437834],[-6.042955,37.4438062],[-6.0427979,37.4438847],[-6.0429648,37.4440058],[-6.0430682,37.4439559],[-6.0431586,37.4438925],[-6.0429897,37.4437834]]]},"properties":{"site":"italica","name":null,"category":"other","historic":null,"building":"yes","osm_id":1208338222}},{"type":"Feature","geometry":{"type":"Polygon","coordinates":[[[-6.0427979,37.4438847],[-6.0427049,37.443932],[-6.0428659,37.4440604],[-6.0428967,37.4440401],[-6.042807,37.4439705],[-6.0428312,37.4439544],[-6.0429229,37.4440256],[-6.0429648,37.4440058],[-6.0427979,37.4438847]]]},"properties":{"site":"italica","name":null,"category":"other","historic":null,"building":"yes","osm_id":1208338223}},{"type":"Feature","geometry":{"type":"Polygon","coordinates":[[[-6.0427049,37.443932],[-6.0426113,37.4439762],[-6.0427222,37.4440704],[-6.0427697,37.4441108],[-6.0428659,37.4440604],[-6.0427049,37.443932]]]},"properties":{"site":"italica","name":null,"category":"other","historic":null,"building":"yes","osm_id":1208338224}},{"type":"Feature","geometry":{"type":"Polygon","coordinates":[[[-6.0427222,37.4440704],[-6.0425386,37.4441612],[-6.0425792,37.4442096],[-6.0427697,37.4441108],[-6.0427222,37.4440704]]]},"properties":{"site":"italica","name":null,"category":"other","historic":null,"building":"yes","osm_id":1208338225}},{"type":"Feature","geometry":{"type":"Polygon","coordinates":[[[-6.0425386,37.4441612],[-6.0424522,37.4442101],[-6.0424328,37.4442205],[-6.0424064,37.4442122],[-6.0423867,37.4442574],[-6.0424555,37.4442803],[-6.0425792,37.4442096],[-6.0425386,37.4441612]]]},"properties":{"site":"italica","name":null,"category":"other","historic":null,"building":"yes","osm_id":1208338226}},{"type":"Feature","geometry":{"type":"Polygon","coordinates":[[[-6.0426113,37.4439762],[-6.0425234,37.4440212],[-6.0424965,37.443983],[-6.0422869,37.4441],[-6.0422174,37.4440084],[-6.042158,37.4439301],[-6.0420602,37.4439751],[-6.0421792,37.4441483],[-6.0422571,37.4441674],[-6.0422543,37.4441832],[-6.0424064,37.4442122],[-6.0424328,37.4442205],[-6.0424522,37.4442101],[-6.0425386,37.4441612],[-6.0427222,37.4440704],[-6.0426113,37.4439762]]]},"properties":{"site":"italica","name":null,"category":"other","historic":null,"building":"yes","osm_id":1208338227}},{"type":"Feature","geometry":{"type":"Polygon","coordinates":[[[-6.0420602,37.4439751],[-6.0420376,37.4439448],[-6.0424356,37.4437491],[-6.0424958,37.4438268],[-6.0425532,37.4439009],[-6.0424909,37.4439335],[-6.0424526,37.4438885],[-6.0422174,37.4440084],[-6.042158,37.4439301],[-6.0420602,37.4439751]]]},"properties":{"site":"italica","name":null,"category":"other","historic":null,"building":"yes","osm_id":1208338228}},{"type":"Feature","geometry":{"type":"Polygon","coordinates":[[[-6.0424958,37.4438268],[-6.0426297,37.4437671],[-6.0427104,37.4438267],[-6.0425532,37.4439009],[-6.0424958,37.4438268]]]},"properties":{"site":"italica","name":null,"category":"other","historic":null,"building":"yes","osm_id":1208338229}},{"type":"Feature","geometry":{"type":"Polygon","coordinates":[[[-6.0427111,37.4434182],[-6.0426495,37.4434769],[-6.0425688,37.443415],[-6.0426324,37.4433614],[-6.0427111,37.4434182]]]},"properties":{"site":"italica","name":null,"category":"other","historic":null,"building":"yes","osm_id":1208338230}},{"type":"Feature","geometry":{"type":"Polygon","coordinates":[[[-6.0420376,37.4439448],[-6.0417996,37.4440696],[-6.0420037,37.4441877],[-6.0420399,37.444148],[-6.0419073,37.4440752],[-6.0420135,37.4440201],[-6.0421183,37.4441596],[-6.0422464,37.4441993],[-6.0422543,37.4441832],[-6.0422571,37.4441674],[-6.0421792,37.4441483],[-6.0420602,37.4439751],[-6.0420376,37.4439448]]]},"properties":{"site":"italica","name":null,"category":"other","historic":null,"building":"yes","osm_id":1208338231}},{"type":"Feature","geometry":{"type":"Polygon","coordinates":[[[-6.0407988,37.4412858],[-6.0407525,37.4411944],[-6.0405519,37.4412935],[-6.0405996,37.4413849],[-6.0406613,37.4413659],[-6.0406501,37.4413336],[-6.0407988,37.4412858]]]},"properties":{"site":"italica","name":null,"category":"other","historic":null,"building":"yes","osm_id":1208338232}},{"type":"Feature","geometry":{"type":"Polygon","coordinates":[[[-6.0410056,37.4416097],[-6.0409432,37.4415241],[-6.0408605,37.441563],[-6.0409219,37.4416519],[-6.0410056,37.4416097]]]},"properties":{"site":"italica","name":null,"category":"other","historic":null,"building":"yes","osm_id":1208338233}},{"type":"Feature","geometry":{"type":"Polygon","coordinates":[[[-6.0409432,37.4415241],[-6.040897,37.4414483],[-6.040796,37.4414907],[-6.0408254,37.441533],[-6.0408493,37.441533],[-6.0408605,37.441563],[-6.0409432,37.4415241]]]},"properties":{"site":"italica","name":null,"category":"other","historic":null,"building":"yes","osm_id":1208338234}},{"type":"Feature","geometry":{"type":"Polygon","coordinates":[[[-6.040897,37.4414483],[-6.0408521,37.441367],[-6.0408058,37.4413861],[-6.0407413,37.4414127],[-6.040796,37.4414907],[-6.040897,37.4414483]]]},"properties":{"site":"italica","name":null,"category":"other","historic":null,"building":"yes","osm_id":1208338235}},{"type":"Feature","geometry":{"type":"Polygon","coordinates":[[[-6.0407988,37.4412858],[-6.0408521,37.441367],[-6.0408058,37.4413861],[-6.0407763,37.4413403],[-6.0406725,37.4413782],[-6.0407006,37.4414361],[-6.0406501,37.4414684],[-6.0405996,37.4413849],[-6.0406613,37.4413659],[-6.0406501,37.4413336],[-6.0407988,37.4412858]]]},"properties":{"site":"italica","name":null,"category":"other","historic":null,"building":"yes","osm_id":1208338236}},{"type":"Feature","geometry":{"type":"Polygon","coordinates":[[[-6.041062,37.4416843],[-6.0411186,37.4417524],[-6.0410656,37.4417826],[-6.0410386,37.441798],[-6.0410064,37.4417579],[-6.0409839,37.4417702],[-6.0409565,37.4417369],[-6.041062,37.4416843]]]},"properties":{"site":"italica","name":null,"category":"other","historic":null,"building":"yes","osm_id":1208338237}},{"type":"Feature","geometry":{"type":"Polygon","coordinates":[[[-6.0411186,37.4417524],[-6.0411761,37.4418248],[-6.0409895,37.4419361],[-6.0409264,37.4418582],[-6.0409797,37.4418337],[-6.0410022,37.4418671],[-6.0410933,37.441817],[-6.0410656,37.4417826],[-6.0411186,37.4417524]]]},"properties":{"site":"italica","name":null,"category":"other","historic":null,"building":"yes","osm_id":1208338238}},{"type":"Feature","geometry":{"type":"Polygon","coordinates":[[[-6.0413072,37.4419808],[-6.0412353,37.4418965],[-6.041156,37.4419391],[-6.0412278,37.4420234],[-6.0413072,37.4419808]]]},"properties":{"site":"italica","name":null,"category":"other","historic":null,"building":"yes","osm_id":1208338239}},{"type":"Feature","geometry":{"type":"Polygon","coordinates":[[[-6.0411943,37.4420414],[-6.0411333,37.4419698],[-6.0410531,37.4420128],[-6.0411142,37.4420845],[-6.0411943,37.4420414]]]},"properties":{"site":"italica","name":null,"category":"other","historic":null,"building":"yes","osm_id":1208338240}},{"type":"Feature","geometry":{"type":"Polygon","coordinates":[[[-6.0391201,37.4405648],[-6.039103,37.4405269],[-6.0382543,37.4407686],[-6.0382714,37.4408063],[-6.0391201,37.4405648]]]},"properties":{"site":"italica","name":null,"category":"other","historic":null,"building":"roof","osm_id":1280799410}},{"type":"Feature","geometry":{"type":"Polygon","coordinates":[[[-6.0392809,37.4405112],[-6.0392535,37.4404782],[-6.039284,37.4404636],[-6.0392687,37.4404241],[-6.0393145,37.4404063],[-6.0392708,37.4403313],[-6.0393185,37.4403184],[-6.039409,37.4404604],[-6.0392809,37.4405112]]]},"properties":{"site":"italica","name":null,"category":"other","historic":null,"building":"yes","osm_id":1280799411}},{"type":"Feature","geometry":{"type":"Polygon","coordinates":[[[-6.0392809,37.4405112],[-6.0392555,37.4405217],[-6.0392507,37.4405166],[-6.0391884,37.4404491],[-6.0391722,37.4404241],[-6.0391439,37.4404305],[-6.0391295,37.4404338],[-6.0391061,37.4403958],[-6.0391935,37.4403563],[-6.0392515,37.4403958],[-6.0392687,37.4404241],[-6.039284,37.4404636],[-6.0392535,37.4404782],[-6.0392809,37.4405112]]]},"properties":{"site":"italica","name":null,"category":"other","historic":null,"building":"yes","osm_id":1280799412}},{"type":"Feature","geometry":{"type":"Polygon","coordinates":[[[-6.0392507,37.4405166],[-6.0391915,37.4405346],[-6.0391439,37.4404305],[-6.0391722,37.4404241],[-6.0391884,37.4404491],[-6.0392507,37.4405166]]]},"properties":{"site":"italica","name":null,"category":"other","historic":null,"building":"yes","osm_id":1280799413}},{"type":"Feature","geometry":{"type":"Polygon","coordinates":[[[-6.0391378,37.4405808],[-6.0380113,37.4409045],[-6.0377887,37.4403295],[-6.0378182,37.4402422],[-6.0379282,37.440189],[-6.0379067,37.4401613],[-6.0385209,37.4398014],[-6.0385406,37.4397521],[-6.0385197,37.4396812],[-6.0385465,37.4396],[-6.0386899,37.4395233],[-6.0387346,37.4395701],[-6.0388698,37.4396646],[-6.0389236,37.4396686],[-6.0390598,37.4397122],[-6.0392419,37.4397551],[-6.0392352,37.4398403],[-6.0393385,37.4398627],[-6.0393264,37.4399255],[-6.039372,37.4400682],[-6.0395235,37.4400192],[-6.0395919,37.4402183],[-6.0395101,37.4402662],[-6.0392392,37.4402918],[-6.0390863,37.4403759],[-6.039195,37.4405548],[-6.0391378,37.4405808]]]},"properties":{"site":"italica","name":"Itálica","category":"archaeological","historic":"archaeological_site","building":null,"osm_id":1280799414}},{"type":"Feature","geometry":{"type":"Polygon","coordinates":[[[-6.0385811,37.4398784],[-6.0384738,37.439913],[-6.0384432,37.4398531],[-6.0385505,37.4398186],[-6.0385811,37.4398784]]]},"properties":{"site":"italica","name":null,"category":"other","historic":null,"building":"roof","osm_id":1286069501}},{"type":"Feature","geometry":{"type":"Polygon","coordinates":[[[-6.0386469,37.4401666],[-6.0385876,37.4400407],[-6.0386597,37.4400192],[-6.0387191,37.4401452],[-6.0386469,37.4401666]]]},"properties":{"site":"italica","name":null,"category":"other","historic":null,"building":"roof","osm_id":1286069522}},{"type":"Feature","geometry":{"type":"Polygon","coordinates":[[[-6.0443278,37.4415446],[-6.044304,37.4415261],[-6.0445351,37.4413707],[-6.0448552,37.441162],[-6.044876,37.4411804],[-6.0443278,37.4415446]]]},"properties":{"site":"italica","name":null,"category":"other","historic":null,"building":"yes","osm_id":1286682571}},{"type":"Feature","geometry":{"type":"Polygon","coordinates":[[[-6.0440552,37.4415181],[-6.0440859,37.4414981],[-6.0439407,37.4413575],[-6.04391,37.4413775],[-6.0440552,37.4415181]]]},"properties":{"site":"italica","name":null,"category":"other","historic":null,"building":"yes","osm_id":1286682572}},{"type":"Feature","geometry":{"type":"Polygon","coordinates":[[[-6.0439672,37.4413399],[-6.0439882,37.4413597],[-6.0444719,37.4410307],[-6.0444553,37.4410148],[-6.0439672,37.4413399]]]},"properties":{"site":"italica","name":null,"category":"other","historic":null,"building":"yes","osm_id":1286682573}},{"type":"Feature","geometry":{"type":"Polygon","coordinates":[[[-6.0442248,37.4414565],[-6.0441444,37.4415118],[-6.0441906,37.4415542],[-6.0444458,37.4413788],[-6.0444014,37.4413381],[-6.0442649,37.4414319],[-6.0442835,37.4414489],[-6.0442451,37.4414752],[-6.0442248,37.4414565]]]},"properties":{"site":"italica","name":null,"category":"other","historic":null,"building":"yes","osm_id":1286682574}},{"type":"Feature","geometry":{"type":"Polygon","coordinates":[[[-6.0442835,37.4414489],[-6.0442649,37.4414319],[-6.0442486,37.4414168],[-6.0442102,37.4414432],[-6.0442248,37.4414565],[-6.0442451,37.4414752],[-6.0442835,37.4414489]]]},"properties":{"site":"italica","name":null,"category":"other","historic":null,"building":"yes","osm_id":1286682575}},{"type":"Feature","geometry":{"type":"Polygon","coordinates":[[[-6.0447178,37.4411912],[-6.0444871,37.4413526],[-6.0444444,37.4413115],[-6.044616,37.4411947],[-6.0446335,37.4412118],[-6.0446617,37.4411937],[-6.0446695,37.4411892],[-6.0446959,37.4411718],[-6.0447178,37.4411912]]]},"properties":{"site":"italica","name":null,"category":"other","historic":null,"building":"yes","osm_id":1286682576}},{"type":"Feature","geometry":{"type":"Polygon","coordinates":[[[-6.0448187,37.441129],[-6.0447845,37.4411528],[-6.0447194,37.4410915],[-6.0447563,37.4410696],[-6.0448187,37.441129]]]},"properties":{"site":"italica","name":null,"category":"other","historic":null,"building":"yes","osm_id":1286682577}},{"type":"Feature","geometry":{"type":"Polygon","coordinates":[[[-6.044462,37.4410057],[-6.0444244,37.4409734],[-6.0445623,37.4408851],[-6.0445956,37.4409112],[-6.044462,37.4410057]]]},"properties":{"site":"italica","name":null,"category":"other","historic":null,"building":"yes","osm_id":1286682579}},{"type":"Feature","geometry":{"type":"Polygon","coordinates":[[[-6.0446959,37.4411718],[-6.0446712,37.4411481],[-6.0446448,37.4411654],[-6.0446695,37.4411892],[-6.0446959,37.4411718]]]},"properties":{"site":"italica","name":null,"category":"other","historic":null,"building":"yes","osm_id":1286682580}},{"type":"Feature","geometry":{"type":"Polygon","coordinates":[[[-6.0446617,37.4411937],[-6.0446384,37.4411708],[-6.0446102,37.4411889],[-6.044616,37.4411947],[-6.0446335,37.4412118],[-6.0446617,37.4411937]]]},"properties":{"site":"italica","name":null,"category":"other","historic":null,"building":"yes","osm_id":1286682581}},{"type":"Feature","geometry":{"type":"Polygon","coordinates":[[[-6.044496,37.4411412],[-6.0444649,37.4411633],[-6.0444468,37.4411466],[-6.0444785,37.4411254],[-6.044496,37.4411412]]]},"properties":{"site":"italica","name":null,"category":"other","historic":null,"building":"yes","osm_id":1286682582}},{"type":"Feature","geometry":{"type":"Polygon","coordinates":[[[-6.0445787,37.4410865],[-6.0445557,37.4411042],[-6.0445376,37.4410878],[-6.0445353,37.4410858],[-6.0445588,37.4410696],[-6.0445787,37.4410865]]]},"properties":{"site":"italica","name":null,"category":"other","historic":null,"building":"yes","osm_id":1286682583}},{"type":"Feature","geometry":{"type":"Polygon","coordinates":[[[-6.0446101,37.441064],[-6.0445813,37.441084],[-6.044561,37.4410661],[-6.0445906,37.4410457],[-6.0446101,37.441064]]]},"properties":{"site":"italica","name":null,"category":"other","historic":null,"building":"yes","osm_id":1286682584}},{"type":"Feature","geometry":{"type":"Polygon","coordinates":[[[-6.0445279,37.4411231],[-6.0444996,37.4411431],[-6.0444785,37.4411254],[-6.0445089,37.4411062],[-6.0445279,37.4411231]]]},"properties":{"site":"italica","name":null,"category":"other","historic":null,"building":"yes","osm_id":1286682585}},{"type":"Feature","geometry":{"type":"Polygon","coordinates":[[[-6.0445557,37.4411042],[-6.0445279,37.4411231],[-6.0445089,37.4411062],[-6.0445376,37.4410878],[-6.0445557,37.4411042]]]},"properties":{"site":"italica","name":null,"category":"other","historic":null,"building":"yes","osm_id":1286682586}},{"type":"Feature","geometry":{"type":"Polygon","coordinates":[[[-6.0444673,37.4411666],[-6.0444403,37.4411849],[-6.04442,37.4411659],[-6.0444468,37.4411466],[-6.0444673,37.4411666]]]},"properties":{"site":"italica","name":null,"category":"other","historic":null,"building":"yes","osm_id":1286682587}},{"type":"Feature","geometry":{"type":"Polygon","coordinates":[[[-6.0444359,37.4411859],[-6.0444094,37.4412035],[-6.044389,37.4411849],[-6.0444151,37.441167],[-6.0444359,37.4411859]]]},"properties":{"site":"italica","name":null,"category":"other","historic":null,"building":"yes","osm_id":1286682588}},{"type":"Feature","geometry":{"type":"Polygon","coordinates":[[[-6.0447005,37.4411088],[-6.0446837,37.4410933],[-6.0447042,37.4410793],[-6.044721,37.4410948],[-6.0447005,37.4411088]]]},"properties":{"site":"italica","name":null,"category":"other","historic":null,"building":"yes","osm_id":1286682589}},{"type":"Feature","geometry":{"type":"Polygon","coordinates":[[[-6.0452889,37.4440952],[-6.0453232,37.4441711],[-6.0450288,37.4442551],[-6.0449944,37.4441792],[-6.0452889,37.4440952]]]},"properties":{"site":"italica","name":null,"category":"other","historic":null,"building":"yes","osm_id":1445377077}},{"type":"Feature","geometry":{"type":"Polygon","coordinates":[[[-6.0455486,37.4444754],[-6.0454917,37.4445002],[-6.0454402,37.4444257],[-6.0454971,37.4444009],[-6.0455486,37.4444754]]]},"properties":{"site":"italica","name":null,"category":"other","historic":null,"building":"yes","osm_id":1445377078}},{"type":"Feature","geometry":{"type":"Polygon","coordinates":[[[-6.045354,37.4445964],[-6.0453176,37.444549],[-6.0453643,37.4445265],[-6.0454006,37.4445738],[-6.045354,37.4445964]]]},"properties":{"site":"italica","name":null,"category":"other","historic":null,"building":"yes","osm_id":1445377079}},{"type":"Feature","geometry":{"type":"Polygon","coordinates":[[[-6.0453995,37.4445645],[-6.0454809,37.4445241],[-6.0455163,37.444569],[-6.045435,37.4446094],[-6.0453995,37.4445645]]]},"properties":{"site":"italica","name":null,"category":"other","historic":null,"building":"yes","osm_id":1445377080}},{"type":"Feature","geometry":{"type":"Polygon","coordinates":[[[-6.0456463,37.4444638],[-6.04562,37.4444359],[-6.0455778,37.444461],[-6.0455577,37.4444396],[-6.0455999,37.4444146],[-6.0455866,37.4444005],[-6.0456887,37.4443398],[-6.0457484,37.4444031],[-6.0456463,37.4444638]]]},"properties":{"site":"italica","name":null,"category":"other","historic":null,"building":"yes","osm_id":1445377081}},{"type":"Feature","geometry":{"type":"Polygon","coordinates":[[[-6.0383678,37.4392018],[-6.0382802,37.4392301],[-6.0382513,37.4391779],[-6.038264,37.4391715],[-6.0382098,37.4390815],[-6.0382541,37.439066],[-6.0382484,37.4390536],[-6.0382716,37.4390454],[-6.0383022,37.4391002],[-6.0383148,37.4390955],[-6.0383401,37.4391377],[-6.0383274,37.4391441],[-6.0383678,37.4392018]]]},"properties":{"site":"italica","name":null,"category":"other","historic":null,"building":"yes","osm_id":1531680859}},{"type":"Feature","geometry":{"type":"Polygon","coordinates":[[[-6.0389923,37.4392888],[-6.0389994,37.4392213],[-6.0387849,37.4392911],[-6.0387748,37.4392945],[-6.0388002,37.4393516],[-6.0389923,37.4392888]]]},"properties":{"site":"italica","name":null,"category":"other","historic":null,"building":"yes","osm_id":1531680865}},{"type":"Feature","geometry":{"type":"Polygon","coordinates":[[[-6.0389994,37.4392213],[-6.0390658,37.4392025],[-6.0390321,37.4391305],[-6.0390185,37.4391337],[-6.0389952,37.4391413],[-6.039008,37.4391662],[-6.0389785,37.4391754],[-6.0389994,37.4392213]]]},"properties":{"site":"italica","name":null,"category":"other","historic":null,"building":"yes","osm_id":1531680866}},{"type":"Feature","geometry":{"type":"Polygon","coordinates":[[[-6.0391172,37.4391897],[-6.0392489,37.4392532],[-6.0392662,37.4391934],[-6.0392658,37.4391709],[-6.0392527,37.4391413],[-6.0392062,37.4391584],[-6.0391172,37.4391897]]]},"properties":{"site":"italica","name":null,"category":"other","historic":null,"building":"yes","osm_id":1531680867}},{"type":"Feature","geometry":{"type":"Polygon","coordinates":[[[-6.0396631,37.4394282],[-6.0396289,37.4393347],[-6.0395891,37.4393328],[-6.0395438,37.4393966],[-6.0396058,37.439432],[-6.0396631,37.4394282]]]},"properties":{"site":"italica","name":null,"category":"other","historic":null,"building":"yes","osm_id":1531680869}},{"type":"Feature","geometry":{"type":"Polygon","coordinates":[[[-6.0398579,37.4393195],[-6.0398529,37.4392755],[-6.0397445,37.4392833],[-6.0397496,37.4393274],[-6.0398579,37.4393195]]]},"properties":{"site":"italica","name":null,"category":"other","historic":null,"building":"yes","osm_id":1531680870}},{"type":"Feature","geometry":{"type":"Polygon","coordinates":[[[-6.0398529,37.4392755],[-6.0398489,37.43924],[-6.0397084,37.4392494],[-6.0397121,37.439285],[-6.0397445,37.4392833],[-6.0398529,37.4392755]]]},"properties":{"site":"italica","name":null,"category":"other","historic":null,"building":"yes","osm_id":1531680871}},{"type":"Feature","geometry":{"type":"Polygon","coordinates":[[[-6.0398489,37.43924],[-6.0398453,37.4392044],[-6.0398398,37.4392048],[-6.0396993,37.4392136],[-6.0396892,37.4392142],[-6.0396928,37.4392499],[-6.0397084,37.4392494],[-6.0398489,37.43924]]]},"properties":{"site":"italica","name":null,"category":"other","historic":null,"building":"yes","osm_id":1531680872}},{"type":"Feature","geometry":{"type":"Polygon","coordinates":[[[-6.0398398,37.4392048],[-6.0398419,37.4391753],[-6.0397223,37.439177],[-6.0396977,37.4391774],[-6.0396993,37.4392136],[-6.0398398,37.4392048]]]},"properties":{"site":"italica","name":null,"category":"other","historic":null,"building":"yes","osm_id":1531680873}},{"type":"Feature","geometry":{"type":"Polygon","coordinates":[[[-6.0398419,37.4391753],[-6.0398497,37.4391749],[-6.0398617,37.4391154],[-6.039756,37.439113],[-6.0397347,37.4391125],[-6.0397223,37.439177],[-6.0398419,37.4391753]]]},"properties":{"site":"italica","name":null,"category":"other","historic":null,"building":"yes","osm_id":1531680874}},{"type":"Feature","geometry":{"type":"Polygon","coordinates":[[[-6.0398617,37.4391154],[-6.0398752,37.4390559],[-6.0397347,37.4390456],[-6.0397321,37.4390794],[-6.0397591,37.4390819],[-6.039756,37.439113],[-6.0398617,37.4391154]]]},"properties":{"site":"italica","name":null,"category":"other","historic":null,"building":"yes","osm_id":1531680875}},{"type":"Feature","geometry":{"type":"Polygon","coordinates":[[[-6.0398752,37.4390559],[-6.0398976,37.4389666],[-6.0397508,37.438946],[-6.0397087,37.4390423],[-6.0397347,37.4390456],[-6.0398752,37.4390559]]]},"properties":{"site":"italica","name":null,"category":"other","historic":null,"building":"yes","osm_id":1531680876}},{"type":"Feature","geometry":{"type":"Polygon","coordinates":[[[-6.0398976,37.4389666],[-6.0399047,37.4389119],[-6.0397718,37.4388846],[-6.0397508,37.438946],[-6.0398976,37.4389666]]]},"properties":{"site":"italica","name":null,"category":"other","historic":null,"building":"yes","osm_id":1531680877}},{"type":"Feature","geometry":{"type":"Polygon","coordinates":[[[-6.039904,37.4387381],[-6.0401194,37.4386745],[-6.0401007,37.4386071],[-6.0398522,37.4386921],[-6.039904,37.4387381]]]},"properties":{"site":"italica","name":null,"category":"other","historic":null,"building":"yes","osm_id":1531680878}},{"type":"Feature","geometry":{"type":"Polygon","coordinates":[[[-6.0398522,37.4386921],[-6.0397976,37.4386268],[-6.0399254,37.4385775],[-6.0400545,37.4385276],[-6.0401007,37.4386071],[-6.0398522,37.4386921]]]},"properties":{"site":"italica","name":null,"category":"other","historic":null,"building":"yes","osm_id":1531680879}},{"type":"Feature","geometry":{"type":"Polygon","coordinates":[[[-6.0397976,37.4386268],[-6.0397693,37.4385912],[-6.0398018,37.4385746],[-6.0398833,37.4385331],[-6.0399254,37.4385775],[-6.0397976,37.4386268]]]},"properties":{"site":"italica","name":null,"category":"other","historic":null,"building":"yes","osm_id":1531680880}},{"type":"Feature","geometry":{"type":"Polygon","coordinates":[[[-6.0395683,37.4385753],[-6.039566,37.43857],[-6.0394897,37.4386008],[-6.0394619,37.4385578],[-6.0395987,37.4385224],[-6.0396091,37.4385575],[-6.0395683,37.4385753]]]},"properties":{"site":"italica","name":null,"category":"other","historic":null,"building":"yes","osm_id":1531680881}},{"type":"Feature","geometry":{"type":"Polygon","coordinates":[[[-6.0396091,37.4385575],[-6.0397119,37.4385104],[-6.0396884,37.4384835],[-6.0396772,37.4384884],[-6.0395987,37.4385224],[-6.0396091,37.4385575]]]},"properties":{"site":"italica","name":null,"category":"other","historic":null,"building":"yes","osm_id":1531680882}},{"type":"Feature","geometry":{"type":"Polygon","coordinates":[[[-6.0397119,37.4385104],[-6.0397969,37.4384671],[-6.0397646,37.4384067],[-6.0396673,37.4384447],[-6.0396533,37.4384501],[-6.0396772,37.4384884],[-6.0396884,37.4384835],[-6.0397119,37.4385104]]]},"properties":{"site":"italica","name":null,"category":"other","historic":null,"building":"yes","osm_id":1531680883}},{"type":"Feature","geometry":{"type":"Polygon","coordinates":[[[-6.0397646,37.4384067],[-6.0397365,37.4383464],[-6.0396028,37.4383927],[-6.0396345,37.4384361],[-6.0396536,37.4384269],[-6.0396673,37.4384447],[-6.0397646,37.4384067]]]},"properties":{"site":"italica","name":null,"category":"other","historic":null,"building":"yes","osm_id":1531680884}},{"type":"Feature","geometry":{"type":"Polygon","coordinates":[[[-6.0397365,37.4383464],[-6.0397058,37.4382898],[-6.0396598,37.4383064],[-6.0395721,37.4383382],[-6.0396028,37.4383927],[-6.0397365,37.4383464]]]},"properties":{"site":"italica","name":null,"category":"other","historic":null,"building":"yes","osm_id":1531680885}},{"type":"Feature","geometry":{"type":"Polygon","coordinates":[[[-6.0397058,37.4382898],[-6.0397724,37.4382679],[-6.0397391,37.438194],[-6.0396647,37.4382146],[-6.0396569,37.438203],[-6.0396142,37.4382146],[-6.0396598,37.4383064],[-6.0397058,37.4382898]]]},"properties":{"site":"italica","name":null,"category":"other","historic":null,"building":"yes","osm_id":1531680886}},{"type":"Feature","geometry":{"type":"Polygon","coordinates":[[[-6.0397724,37.4382679],[-6.039838,37.438244],[-6.0397974,37.4381737],[-6.0397852,37.438178],[-6.0397391,37.438194],[-6.0397724,37.4382679]]]},"properties":{"site":"italica","name":null,"category":"other","historic":null,"building":"yes","osm_id":1531680887}},{"type":"Feature","geometry":{"type":"Polygon","coordinates":[[[-6.039838,37.438244],[-6.0398952,37.4382245],[-6.0398396,37.438108],[-6.0397594,37.4381299],[-6.0397852,37.438178],[-6.0397974,37.4381737],[-6.039838,37.438244]]]},"properties":{"site":"italica","name":null,"category":"other","historic":null,"building":"yes","osm_id":1531680888}},{"type":"Feature","geometry":{"type":"Polygon","coordinates":[[[-6.0398952,37.4382245],[-6.0399317,37.4382334],[-6.0399855,37.4382047],[-6.0399652,37.4381165],[-6.0399458,37.4380794],[-6.0398396,37.438108],[-6.0398952,37.4382245]]]},"properties":{"site":"italica","name":null,"category":"other","historic":null,"building":"yes","osm_id":1531680889}},{"type":"Feature","geometry":{"type":"Polygon","coordinates":[[[-6.0397743,37.4385325],[-6.0398018,37.4385746],[-6.0398833,37.4385331],[-6.0399014,37.4385208],[-6.0398519,37.4384772],[-6.0397743,37.4385325]]]},"properties":{"site":"italica","name":null,"category":"other","historic":null,"building":"yes","osm_id":1531680890}},{"type":"Feature","geometry":{"type":"Polygon","coordinates":[[[-6.0397743,37.4385325],[-6.0397327,37.4385586],[-6.0397693,37.4385912],[-6.0398018,37.4385746],[-6.0397743,37.4385325]]]},"properties":{"site":"italica","name":null,"category":"other","historic":null,"building":"yes","osm_id":1531680891}},{"type":"Feature","geometry":{"type":"Polygon","coordinates":[[[-6.0398519,37.4384772],[-6.0398815,37.4384428],[-6.0399423,37.4384998],[-6.0399014,37.4385208],[-6.0398519,37.4384772]]]},"properties":{"site":"italica","name":null,"category":"other","historic":null,"building":"yes","osm_id":1531680892}},{"type":"Feature","geometry":{"type":"Polygon","coordinates":[[[-6.0398815,37.4384428],[-6.0399236,37.4384098],[-6.0399829,37.4384771],[-6.0399423,37.4384998],[-6.0398815,37.4384428]]]},"properties":{"site":"italica","name":null,"category":"other","historic":null,"building":"yes","osm_id":1531680893}},{"type":"Feature","geometry":{"type":"Polygon","coordinates":[[[-6.0399236,37.4384098],[-6.0399673,37.4383767],[-6.0399692,37.4383794],[-6.0400168,37.4384479],[-6.0400256,37.4384606],[-6.0399892,37.4384841],[-6.0399829,37.4384771],[-6.0399236,37.4384098]]]},"properties":{"site":"italica","name":null,"category":"other","historic":null,"building":"yes","osm_id":1531680894}},{"type":"Feature","geometry":{"type":"Polygon","coordinates":[[[-6.0399692,37.4383794],[-6.0399991,37.4383511],[-6.0400267,37.4383798],[-6.0400662,37.4384209],[-6.0400168,37.4384479],[-6.0399692,37.4383794]]]},"properties":{"site":"italica","name":null,"category":"other","historic":null,"building":"yes","osm_id":1531680895}},{"type":"Feature","geometry":{"type":"Polygon","coordinates":[[[-6.0399991,37.4383511],[-6.0400225,37.4383333],[-6.0400542,37.4383622],[-6.0400267,37.4383798],[-6.0399991,37.4383511]]]},"properties":{"site":"italica","name":null,"category":"other","historic":null,"building":"yes","osm_id":1531680896}},{"type":"Feature","geometry":{"type":"Polygon","coordinates":[[[-6.0400225,37.4383333],[-6.0400927,37.4382775],[-6.0401219,37.4383164],[-6.0400995,37.438347],[-6.0400808,37.4383635],[-6.0401086,37.4383985],[-6.0401146,37.438406],[-6.0400662,37.4384209],[-6.0400267,37.4383798],[-6.0400542,37.4383622],[-6.0400225,37.4383333]]]},"properties":{"site":"italica","name":null,"category":"other","historic":null,"building":"yes","osm_id":1531680897}},{"type":"Feature","geometry":{"type":"Polygon","coordinates":[[[-6.0402076,37.4382383],[-6.0400927,37.4382775],[-6.0401219,37.4383164],[-6.0400995,37.438347],[-6.0400808,37.4383635],[-6.0401086,37.4383985],[-6.040185,37.4383592],[-6.0402379,37.438334],[-6.0402076,37.4382383]]]},"properties":{"site":"italica","name":null,"category":"other","historic":null,"building":"yes","osm_id":1531680898}},{"type":"Feature","geometry":{"type":"Polygon","coordinates":[[[-6.0384129,37.4395468],[-6.0384378,37.4395974],[-6.0384868,37.4395771],[-6.0385358,37.4395568],[-6.0385058,37.4395071],[-6.0384129,37.4395468]]]},"properties":{"site":"italica","name":null,"category":"other","historic":null,"building":"yes","osm_id":1531680899}},{"type":"Feature","geometry":{"type":"Polygon","coordinates":[[[-6.0384378,37.4395974],[-6.0384709,37.4396555],[-6.0384933,37.4396477],[-6.0385186,37.4396389],[-6.0384868,37.4395771],[-6.0384378,37.4395974]]]},"properties":{"site":"italica","name":null,"category":"other","historic":null,"building":"yes","osm_id":1531680900}},{"type":"Feature","geometry":{"type":"Polygon","coordinates":[[[-6.0384709,37.4396555],[-6.0385108,37.4397362],[-6.0385316,37.4397276],[-6.0384933,37.4396477],[-6.0384709,37.4396555]]]},"properties":{"site":"italica","name":null,"category":"other","historic":null,"building":"yes","osm_id":1531680901}},{"type":"Feature","geometry":{"type":"Polygon","coordinates":[[[-6.0393034,37.4382081],[-6.0393193,37.4382024],[-6.0393361,37.4381956],[-6.0393692,37.4381821],[-6.0393449,37.4381362],[-6.0393049,37.4380607],[-6.0392746,37.4380704],[-6.0392464,37.4380792],[-6.0392822,37.4381561],[-6.0393034,37.4382081]]]},"properties":{"site":"italica","name":null,"category":"other","historic":null,"building":"yes","osm_id":1531680917}},{"type":"Feature","geometry":{"type":"Polygon","coordinates":[[[-6.0380859,37.4383975],[-6.0381598,37.4383848],[-6.0382137,37.438515],[-6.0381501,37.4385284],[-6.0380859,37.4383975]]]},"properties":{"site":"italica","name":null,"category":"other","historic":null,"building":"yes","osm_id":1531680919}},{"type":"Feature","geometry":{"type":"Polygon","coordinates":[[[-6.0401151,37.438211],[-6.0402415,37.438141],[-6.0402023,37.438099],[-6.040071,37.438161],[-6.0401151,37.438211]]]},"properties":{"site":"italica","name":null,"category":"other","historic":null,"building":"yes","osm_id":1531680920}},{"type":"Feature","geometry":{"type":"Polygon","coordinates":[[[-6.0423143,37.4386354],[-6.0423931,37.4386099],[-6.0423449,37.4385162],[-6.0422662,37.4385418],[-6.0423143,37.4386354]]]},"properties":{"site":"italica","name":null,"category":"other","historic":null,"building":"yes","osm_id":1531745706}},{"type":"Feature","geometry":{"type":"Polygon","coordinates":[[[-6.0424115,37.4385953],[-6.0424919,37.4385683],[-6.0424486,37.4384868],[-6.0423682,37.4385138],[-6.0424115,37.4385953]]]},"properties":{"site":"italica","name":null,"category":"other","historic":null,"building":"yes","osm_id":1531745707}},{"type":"Feature","geometry":{"type":"Polygon","coordinates":[[[-6.0422079,37.4385386],[-6.0423934,37.4384831],[-6.04238,37.4384524],[-6.0421954,37.4385103],[-6.0422079,37.4385386]]]},"properties":{"site":"italica","name":null,"category":"other","historic":null,"building":"yes","osm_id":1531745708}},{"type":"Feature","geometry":{"type":"Polygon","coordinates":[[[-6.0421547,37.4390734],[-6.042121,37.439092],[-6.0420788,37.4390385],[-6.0421113,37.4390199],[-6.0421547,37.4390734]]]},"properties":{"site":"italica","name":null,"category":"other","historic":null,"building":"yes","osm_id":1531745712}},{"type":"Feature","geometry":{"type":"Polygon","coordinates":[[[-6.0420276,37.4391486],[-6.0419963,37.4391674],[-6.0419671,37.4391201],[-6.042002,37.4391023],[-6.0420276,37.4391486]]]},"properties":{"site":"italica","name":null,"category":"other","historic":null,"building":"yes","osm_id":1531745713}},{"type":"Feature","geometry":{"type":"Polygon","coordinates":[[[-6.0408106,37.4399042],[-6.0409003,37.4398562],[-6.0409016,37.4398554],[-6.0410368,37.4400067],[-6.0409324,37.4400546],[-6.0409122,37.4400297],[-6.0409677,37.44],[-6.0409413,37.4399677],[-6.0408854,37.4399966],[-6.0408106,37.4399042]]]},"properties":{"site":"italica","name":null,"category":"other","historic":null,"building":"yes","osm_id":1531884547}},{"type":"Feature","geometry":{"type":"Polygon","coordinates":[[[-6.0409016,37.4398554],[-6.0409942,37.4398081],[-6.0410517,37.4398767],[-6.0409978,37.4399053],[-6.041041,37.4399526],[-6.0410928,37.4399258],[-6.0411263,37.4399657],[-6.0410368,37.4400067],[-6.0409016,37.4398554]]]},"properties":{"site":"italica","name":null,"category":"other","historic":null,"building":"yes","osm_id":1531884548}},{"type":"Feature","geometry":{"type":"Polygon","coordinates":[[[-6.0409942,37.4398081],[-6.0410546,37.4397979],[-6.0410898,37.4398399],[-6.0411301,37.4398828],[-6.04108,37.439911],[-6.0410517,37.4398767],[-6.0409942,37.4398081]]]},"properties":{"site":"italica","name":null,"category":"other","historic":null,"building":"yes","osm_id":1531884549}},{"type":"Feature","geometry":{"type":"Polygon","coordinates":[[[-6.0411779,37.4399403],[-6.0411618,37.4399207],[-6.0411396,37.4399331],[-6.0411512,37.4399543],[-6.0411779,37.4399403]]]},"properties":{"site":"italica","name":null,"category":"other","historic":null,"building":"yes","osm_id":1531884551}},{"type":"Feature","geometry":{"type":"Polygon","coordinates":[[[-6.0410898,37.4398399],[-6.0412898,37.4397215],[-6.0413632,37.4397996],[-6.0412014,37.4398954],[-6.0411745,37.4398668],[-6.0411363,37.4398894],[-6.0411301,37.4398828],[-6.0410898,37.4398399]]]},"properties":{"site":"italica","name":null,"category":"other","historic":null,"building":"yes","osm_id":1531884555}}]}