{"type":"FeatureCollection","features":[{"type":"Feature","geometry":{"type":"Polygon","coordinates":[[[10.0220199,44.0628433],[10.0220713,44.0628851],[10.0221298,44.0629248],[10.0222059,44.062968],[10.0223076,44.0630045],[10.0223677,44.0630191],[10.0224306,44.0630259],[10.0224803,44.0630306],[10.0225482,44.063029],[10.0226542,44.0630015],[10.0227432,44.0629703],[10.0228258,44.0629093],[10.0228693,44.0628475],[10.0228945,44.0627959],[10.0229055,44.062755],[10.0229078,44.0627086],[10.0228827,44.0626278],[10.0228662,44.0625767],[10.0228371,44.0625228],[10.0228076,44.0624794],[10.0227578,44.0624238],[10.0226954,44.0623805],[10.0226208,44.0623315],[10.0225479,44.0622918],[10.0224606,44.0622556],[10.0223744,44.0622471],[10.0222953,44.0622393],[10.0222108,44.0622539],[10.0221391,44.0622666],[10.0220564,44.062291],[10.0219907,44.0623306],[10.0219271,44.0623984],[10.0218833,44.062467],[10.0218688,44.0625102],[10.0218661,44.0625681],[10.0218847,44.0626409],[10.0219253,44.0627334],[10.0219667,44.0627897],[10.0220199,44.0628433]]]},"properties":{"site":"luni","name":"Anfiteatro romano di Luni","category":"theater","historic":"ruins","building":null,"osm_id":57737176}},{"type":"Feature","geometry":{"type":"Polygon","coordinates":[[[10.0157385,44.0665669],[10.0166222,44.0662725],[10.0173087,44.066054],[10.0173968,44.0660402],[10.0177052,44.0659531],[10.0182067,44.0658067],[10.0181416,44.0657389],[10.0181767,44.0657203],[10.0200057,44.0651499],[10.020702,44.0649017],[10.020437,44.0645568],[10.0197545,44.063634],[10.0195662,44.0637128],[10.0193652,44.0633613],[10.0192255,44.0630377],[10.0189787,44.0626214],[10.018571,44.0620278],[10.0182062,44.0614418],[10.0170539,44.0616113],[10.0159532,44.0617733],[10.0156313,44.0613801],[10.014655,44.0615035],[10.0128633,44.0620894],[10.0134196,44.0630515],[10.0138563,44.0637592],[10.0145631,44.0648582],[10.0146259,44.0649286],[10.0146562,44.064973],[10.0147227,44.0650459],[10.0148642,44.0651886],[10.0149422,44.0652662],[10.0152792,44.0657667],[10.0155945,44.0662955],[10.0157385,44.0665669]]]},"properties":{"site":"luni","name":null,"category":"archaeological","historic":"archaeological_site","building":null,"osm_id":77287923}},{"type":"Feature","geometry":{"type":"Polygon","coordinates":[[[10.0131473,44.0635742],[10.0133215,44.0635116],[10.0131995,44.0633238],[10.0130195,44.0633823],[10.0131473,44.0635742]]]},"properties":{"site":"luni","name":"Tabernae Lunae","category":"taberna","historic":null,"building":"yes","osm_id":77287933}},{"type":"Feature","geometry":{"type":"Polygon","coordinates":[[[10.0200057,44.0651499],[10.0197353,44.0648142],[10.020437,44.0645568],[10.020702,44.0649017],[10.0200057,44.0651499]]]},"properties":{"site":"luni","name":"Teatro Romano di Luni","category":"theater","historic":"ruins","building":null,"osm_id":77287942}},{"type":"Feature","geometry":{"type":"Polygon","coordinates":[[[10.0170215,44.0640879],[10.0174008,44.0639685],[10.0170362,44.0633706],[10.0166569,44.06349],[10.0170215,44.0640879]]]},"properties":{"site":"luni","name":"Foro","category":"archaeological","historic":"ruins","building":null,"osm_id":77287971}},{"type":"Feature","geometry":{"type":"Polygon","coordinates":[[[10.0135835,44.0561081],[10.013605,44.056029],[10.0137283,44.0560445],[10.0137096,44.0561254],[10.0135835,44.0561081]]]},"properties":{"site":"luni","name":null,"category":"other","historic":null,"building":"yes","osm_id":204062488}},{"type":"Feature","geometry":{"type":"Polygon","coordinates":[[[10.0102035,44.0561342],[10.0101836,44.0561412],[10.0101614,44.056143],[10.0101469,44.056141],[10.0101271,44.0561338],[10.0101119,44.056122],[10.0101047,44.0561113],[10.0101016,44.0560954],[10.0101072,44.0560781],[10.0101198,44.0560648],[10.0101426,44.056054],[10.0101644,44.0560509],[10.0101864,44.0560534],[10.0101977,44.0560571],[10.0102148,44.0560673],[10.0102259,44.0560812],[10.0102293,44.0560911],[10.0102283,44.0561071],[10.0102197,44.0561219],[10.0102035,44.0561342]]]},"properties":{"site":"luni","name":null,"category":"other","historic":null,"building":"yes","osm_id":204062490}},{"type":"Feature","geometry":{"type":"Polygon","coordinates":[[[10.0115321,44.0571669],[10.0114645,44.0571473],[10.0114832,44.057114],[10.0115507,44.0571336],[10.0115321,44.0571669]]]},"properties":{"site":"luni","name":null,"category":"other","historic":null,"building":"yes","osm_id":204062492}},{"type":"Feature","geometry":{"type":"Polygon","coordinates":[[[10.0103592,44.0561439],[10.0103388,44.0561511],[10.0103161,44.056153],[10.010294,44.0561491],[10.0102735,44.056139],[10.0102606,44.0561255],[10.0102551,44.0561117],[10.0102563,44.0560953],[10.0102697,44.0560758],[10.0102871,44.0560652],[10.0103166,44.0560588],[10.0103393,44.0560608],[10.0103677,44.0560733],[10.0103803,44.0560869],[10.0103857,44.0561028],[10.0103853,44.0561124],[10.0103783,44.0561279],[10.0103592,44.0561439]]]},"properties":{"site":"luni","name":null,"category":"other","historic":null,"building":"yes","osm_id":204062493}},{"type":"Feature","geometry":{"type":"Polygon","coordinates":[[[10.013328,44.0560261],[10.0133407,44.0559859],[10.0134858,44.0560096],[10.0134731,44.0560497],[10.013328,44.0560261]]]},"properties":{"site":"luni","name":null,"category":"other","historic":null,"building":"yes","osm_id":204062494}},{"type":"Feature","geometry":{"type":"Polygon","coordinates":[[[10.0133069,44.0594488],[10.0134942,44.0594657],[10.0135051,44.0594667],[10.0135313,44.0593417],[10.0135377,44.0593104],[10.0134858,44.0593055],[10.013473,44.0593977],[10.0134283,44.0593969],[10.0134236,44.0594273],[10.0133122,44.0594184],[10.0133069,44.0594488]]]},"properties":{"site":"luni","name":null,"category":"other","historic":null,"building":"yes","osm_id":205904716}},{"type":"Feature","geometry":{"type":"Polygon","coordinates":[[[10.0149534,44.0590123],[10.0150268,44.0590117],[10.0150279,44.0590391],[10.0150762,44.0590326],[10.0150702,44.0590092],[10.0150949,44.0590059],[10.0150802,44.0589483],[10.0150647,44.0589503],[10.0150525,44.0588931],[10.0149407,44.0588996],[10.0149534,44.0590123]]]},"properties":{"site":"luni","name":null,"category":"other","historic":null,"building":"yes","osm_id":205904881}},{"type":"Feature","geometry":{"type":"Polygon","coordinates":[[[10.0232906,44.0591221],[10.0232291,44.0591511],[10.0231664,44.0591807],[10.0231756,44.0591907],[10.0232897,44.0591484],[10.0233645,44.0592223],[10.0233942,44.059206],[10.0233174,44.0591391],[10.023387,44.0590848],[10.0233692,44.0590701],[10.0232906,44.0591221]]]},"properties":{"site":"luni","name":null,"category":"other","historic":null,"building":"yes","osm_id":205904942}},{"type":"Feature","geometry":{"type":"Polygon","coordinates":[[[10.0134344,44.0617721],[10.0136499,44.061713],[10.0136442,44.0617022],[10.0137613,44.0616702],[10.0137144,44.0615813],[10.0136458,44.0616001],[10.013651,44.0616081],[10.0134092,44.0616917],[10.013426,44.0617168],[10.0134011,44.0617254],[10.0134042,44.0617297],[10.0134311,44.0617675],[10.0134344,44.0617721]]]},"properties":{"site":"luni","name":null,"category":"other","historic":null,"building":"yes","osm_id":205906552}},{"type":"Feature","geometry":{"type":"Polygon","coordinates":[[[10.0261467,44.0584022],[10.0261666,44.0583966],[10.0261914,44.0584432],[10.0262147,44.0584367],[10.0262296,44.0584645],[10.0263091,44.0584425],[10.0262543,44.0583398],[10.0263556,44.0583117],[10.026324,44.0582524],[10.0261488,44.058301],[10.0261522,44.0583073],[10.0261139,44.0583179],[10.0261032,44.0583209],[10.0261467,44.0584022]]]},"properties":{"site":"luni","name":null,"category":"other","historic":null,"building":"yes","osm_id":205907187}},{"type":"Feature","geometry":{"type":"Polygon","coordinates":[[[10.0100382,44.0609257],[10.0100483,44.0608774],[10.0099697,44.0608667],[10.0099556,44.0609123],[10.0100382,44.0609257]]]},"properties":{"site":"luni","name":null,"category":"other","historic":null,"building":"yes","osm_id":205910998}},{"type":"Feature","geometry":{"type":"Polygon","coordinates":[[[10.014843,44.0589801],[10.0148274,44.0588724],[10.0146793,44.0588835],[10.0146949,44.0589912],[10.014843,44.0589801]]]},"properties":{"site":"luni","name":null,"category":"other","historic":null,"building":"yes","osm_id":205913324}},{"type":"Feature","geometry":{"type":"Polygon","coordinates":[[[10.0174486,44.0567521],[10.0174648,44.0567057],[10.0173744,44.0566892],[10.0173581,44.0567356],[10.0174486,44.0567521]]]},"properties":{"site":"luni","name":null,"category":"other","historic":null,"building":"yes","osm_id":205914761}},{"type":"Feature","geometry":{"type":"Polygon","coordinates":[[[10.0190423,44.0597556],[10.0191925,44.0597136],[10.0191086,44.0595576],[10.0189584,44.0595996],[10.0190423,44.0597556]]]},"properties":{"site":"luni","name":null,"category":"other","historic":null,"building":"yes","osm_id":205915547}},{"type":"Feature","geometry":{"type":"Polygon","coordinates":[[[10.017776,44.0566615],[10.0177934,44.0566099],[10.0175565,44.0565684],[10.0175365,44.0566196],[10.017776,44.0566615]]]},"properties":{"site":"luni","name":null,"category":"other","historic":null,"building":"yes","osm_id":205916107}},{"type":"Feature","geometry":{"type":"Polygon","coordinates":[[[10.0171091,44.056552],[10.0173594,44.0565936],[10.0173744,44.056538],[10.0171295,44.0564907],[10.0171091,44.056552]]]},"properties":{"site":"luni","name":null,"category":"other","historic":null,"building":"yes","osm_id":205917372}},{"type":"Feature","geometry":{"type":"Polygon","coordinates":[[[10.013919,44.061565],[10.0140588,44.0615225],[10.0139992,44.0614208],[10.0138642,44.0614599],[10.013919,44.061565]]]},"properties":{"site":"luni","name":null,"category":"other","historic":null,"building":"yes","osm_id":205917854}},{"type":"Feature","geometry":{"type":"Polygon","coordinates":[[[10.011267,44.0572993],[10.0113651,44.0573221],[10.0113861,44.0572721],[10.0112892,44.0572496],[10.0112696,44.0572935],[10.011267,44.0572993]]]},"properties":{"site":"luni","name":null,"category":"other","historic":null,"building":"yes","osm_id":205918835}},{"type":"Feature","geometry":{"type":"Polygon","coordinates":[[[10.0174084,44.056622],[10.0174262,44.0565479],[10.0173744,44.056538],[10.0173594,44.0565936],[10.0173532,44.0566129],[10.0174084,44.056622]]]},"properties":{"site":"luni","name":null,"category":"other","historic":null,"building":"yes","osm_id":205919799}},{"type":"Feature","geometry":{"type":"Polygon","coordinates":[[[10.0175365,44.0566196],[10.0175565,44.0565684],[10.0175019,44.0565589],[10.0174809,44.0566325],[10.0175294,44.056641],[10.0175365,44.0566196]]]},"properties":{"site":"luni","name":null,"category":"other","historic":null,"building":"yes","osm_id":205920455}},{"type":"Feature","geometry":{"type":"Polygon","coordinates":[[[10.0101041,44.0618838],[10.0101052,44.0618279],[10.0100002,44.0618243],[10.0099942,44.0618242],[10.0099941,44.0618322],[10.0099938,44.0618771],[10.0101041,44.0618838]]]},"properties":{"site":"luni","name":null,"category":"other","historic":null,"building":"yes","osm_id":205921394}},{"type":"Feature","geometry":{"type":"Polygon","coordinates":[[[10.0134283,44.0593969],[10.013473,44.0593977],[10.0134858,44.0593055],[10.0133341,44.059291],[10.0133122,44.0594184],[10.0134236,44.0594273],[10.0134283,44.0593969]]]},"properties":{"site":"luni","name":null,"category":"other","historic":null,"building":"yes","osm_id":205922214}},{"type":"Feature","geometry":{"type":"Polygon","coordinates":[[[10.0098687,44.0609615],[10.0098573,44.0610574],[10.0100538,44.0610693],[10.0100574,44.0610695],[10.0100686,44.0609737],[10.0098762,44.060962],[10.0098687,44.0609615]]]},"properties":{"site":"luni","name":null,"category":"other","historic":null,"building":"yes","osm_id":205922285}},{"type":"Feature","geometry":{"type":"Polygon","coordinates":[[[10.0145693,44.0625455],[10.0146093,44.062608],[10.0146337,44.0626461],[10.0147042,44.0627563],[10.0147801,44.062731],[10.0146451,44.0625203],[10.0145693,44.0625455]]]},"properties":{"site":"luni","name":null,"category":"other","historic":null,"building":"yes","osm_id":205924313}},{"type":"Feature","geometry":{"type":"Polygon","coordinates":[[[10.0116189,44.0573811],[10.0116348,44.0573474],[10.0116568,44.0573007],[10.0115353,44.0572712],[10.0115317,44.0572787],[10.0115002,44.0573535],[10.0116189,44.0573811]]]},"properties":{"site":"luni","name":null,"category":"other","historic":null,"building":"yes","osm_id":205925846}},{"type":"Feature","geometry":{"type":"Polygon","coordinates":[[[10.0113651,44.0573221],[10.0115002,44.0573535],[10.0115317,44.0572787],[10.0114846,44.0572671],[10.0114696,44.0572916],[10.0113861,44.0572721],[10.0113651,44.0573221]]]},"properties":{"site":"luni","name":null,"category":"other","historic":null,"building":"yes","osm_id":205925971}},{"type":"Feature","geometry":{"type":"Polygon","coordinates":[[[10.0140249,44.0589804],[10.0141543,44.058973],[10.0141498,44.058931],[10.0141806,44.0589291],[10.0141739,44.0588704],[10.0140138,44.0588795],[10.0140249,44.0589804]]]},"properties":{"site":"luni","name":null,"category":"other","historic":null,"building":"yes","osm_id":205925990}},{"type":"Feature","geometry":{"type":"Polygon","coordinates":[[[10.0156074,44.0589698],[10.0156814,44.0589564],[10.0156719,44.058929],[10.0157134,44.0589214],[10.0156675,44.0587899],[10.0155262,44.0588156],[10.0155714,44.0589448],[10.0155971,44.0589402],[10.0156074,44.0589698]]]},"properties":{"site":"luni","name":null,"category":"other","historic":null,"building":"yes","osm_id":205927990}},{"type":"Feature","geometry":{"type":"Polygon","coordinates":[[[10.0177018,44.0594809],[10.0176863,44.0594505],[10.0176686,44.0594158],[10.0176588,44.0594185],[10.0176307,44.0593635],[10.0174863,44.0594019],[10.0174928,44.0594148],[10.0175475,44.0595219],[10.0177018,44.0594809]]]},"properties":{"site":"luni","name":null,"category":"other","historic":null,"building":"yes","osm_id":205930413}},{"type":"Feature","geometry":{"type":"Polygon","coordinates":[[[10.0233942,44.059206],[10.0233945,44.0592059],[10.023397,44.0592084],[10.0234023,44.0592136],[10.0235295,44.0591327],[10.0234343,44.0590548],[10.023387,44.0590848],[10.0233174,44.0591391],[10.0233942,44.059206]]]},"properties":{"site":"luni","name":null,"category":"other","historic":null,"building":"yes","osm_id":205930759}},{"type":"Feature","geometry":{"type":"Polygon","coordinates":[[[10.0184336,44.0588899],[10.0185733,44.0588538],[10.018571,44.0588493],[10.0186391,44.0588317],[10.0185892,44.0587314],[10.0185173,44.0587499],[10.0185138,44.058743],[10.0185084,44.0587444],[10.018378,44.058778],[10.0184336,44.0588899]]]},"properties":{"site":"luni","name":null,"category":"other","historic":null,"building":"yes","osm_id":205930897}},{"type":"Feature","geometry":{"type":"Polygon","coordinates":[[[10.0100002,44.0618243],[10.0101052,44.0618279],[10.0101182,44.0618281],[10.0101188,44.0618007],[10.0101851,44.0618015],[10.0101875,44.0616852],[10.0100176,44.0616834],[10.0100162,44.0617536],[10.0100016,44.0617534],[10.0100002,44.0618243]]]},"properties":{"site":"luni","name":null,"category":"other","historic":null,"building":"yes","osm_id":205931264}},{"type":"Feature","geometry":{"type":"Polygon","coordinates":[[[10.0173774,44.0564501],[10.0175969,44.0564829],[10.0176238,44.0563891],[10.0175481,44.0563778],[10.0175515,44.056366],[10.0174934,44.0563573],[10.0174894,44.0563712],[10.0174038,44.0563584],[10.0173787,44.0564458],[10.0173774,44.0564501]]]},"properties":{"site":"luni","name":null,"category":"other","historic":null,"building":"yes","osm_id":205931946}},{"type":"Feature","geometry":{"type":"Polygon","coordinates":[[[10.0231381,44.0592081],[10.0232035,44.0592936],[10.0232799,44.0592643],[10.0232948,44.0592844],[10.0233864,44.0592466],[10.0233622,44.0592237],[10.0233645,44.0592223],[10.0232897,44.0591484],[10.0231756,44.0591907],[10.0231381,44.0592081]]]},"properties":{"site":"luni","name":null,"category":"other","historic":null,"building":"yes","osm_id":205932033}},{"type":"Feature","geometry":{"type":"Polygon","coordinates":[[[10.0225233,44.0684692],[10.0225455,44.068492],[10.0225774,44.0684787],[10.0225572,44.0684536],[10.0226399,44.0684193],[10.0225964,44.0683649],[10.0225427,44.0683873],[10.0223916,44.0684456],[10.0224153,44.0684747],[10.0224386,44.0685034],[10.0225233,44.0684692]]]},"properties":{"site":"luni","name":null,"category":"other","historic":null,"building":"yes","osm_id":206022549}},{"type":"Feature","geometry":{"type":"Polygon","coordinates":[[[10.0272645,44.0631032],[10.0274035,44.0630428],[10.0272095,44.062836],[10.027079,44.0629022],[10.0271377,44.0629712],[10.0271495,44.062966],[10.0271702,44.0629904],[10.0271549,44.0629972],[10.0272154,44.0630683],[10.0272206,44.0630668],[10.0272645,44.0631032]]]},"properties":{"site":"luni","name":null,"category":"other","historic":null,"building":"yes","osm_id":206022553}},{"type":"Feature","geometry":{"type":"Polygon","coordinates":[[[10.031368,44.0694689],[10.0314846,44.0694603],[10.0314789,44.0694283],[10.0315819,44.0694127],[10.0315554,44.0693105],[10.0314391,44.0693207],[10.0314427,44.069342],[10.0313804,44.0693475],[10.0313864,44.0693832],[10.031354,44.0693861],[10.031368,44.0694689]]]},"properties":{"site":"luni","name":null,"category":"other","historic":null,"building":"yes","osm_id":206022555}},{"type":"Feature","geometry":{"type":"Polygon","coordinates":[[[10.0237444,44.0614675],[10.0237028,44.0613806],[10.0237152,44.0613775],[10.0236902,44.0613251],[10.0236125,44.0613446],[10.0236274,44.0613717],[10.0236406,44.0613668],[10.0236747,44.0614359],[10.0235387,44.0614697],[10.0235597,44.0615135],[10.0237444,44.0614675]]]},"properties":{"site":"luni","name":null,"category":"other","historic":null,"building":"yes","osm_id":206022562}},{"type":"Feature","geometry":{"type":"Polygon","coordinates":[[[10.0293808,44.0662013],[10.0294368,44.0661767],[10.0294266,44.0661643],[10.0294933,44.0661352],[10.0295714,44.066223],[10.0295947,44.0662114],[10.0295008,44.0661097],[10.0293378,44.0661865],[10.0293731,44.0662254],[10.029391,44.0662138],[10.0293808,44.0662013]]]},"properties":{"site":"luni","name":null,"category":"other","historic":null,"building":"yes","osm_id":206022564}},{"type":"Feature","geometry":{"type":"Polygon","coordinates":[[[10.0276512,44.0666931],[10.027579,44.0666137],[10.0276175,44.0665932],[10.02761,44.0665857],[10.0275831,44.0665995],[10.0275683,44.0665846],[10.0274732,44.0666336],[10.0275044,44.0666651],[10.0274575,44.0666892],[10.0275253,44.0667578],[10.0276512,44.0666931]]]},"properties":{"site":"luni","name":null,"category":"other","historic":null,"building":"yes","osm_id":206022577}},{"type":"Feature","geometry":{"type":"Polygon","coordinates":[[[10.0276307,44.0643978],[10.0277673,44.0643417],[10.0277105,44.0642682],[10.0276809,44.0642302],[10.0276718,44.0642183],[10.0276309,44.0642275],[10.02759,44.0641797],[10.0275028,44.0642185],[10.0275434,44.0642661],[10.0275251,44.0642743],[10.0276307,44.0643978]]]},"properties":{"site":"luni","name":null,"category":"other","historic":null,"building":"yes","osm_id":206022582}},{"type":"Feature","geometry":{"type":"Polygon","coordinates":[[[10.0221417,44.0663807],[10.0222664,44.0663515],[10.0222038,44.066232],[10.0221864,44.0662366],[10.0221791,44.0662228],[10.0220972,44.0662451],[10.0221058,44.0662616],[10.022063,44.0662732],[10.0220964,44.066337],[10.0221161,44.0663316],[10.0221417,44.0663807]]]},"properties":{"site":"luni","name":null,"category":"other","historic":null,"building":"yes","osm_id":206022598}},{"type":"Feature","geometry":{"type":"Polygon","coordinates":[[[10.029477,44.0617228],[10.0295192,44.0617074],[10.0295044,44.0616865],[10.029596,44.0616529],[10.0295389,44.0615717],[10.0295167,44.0615799],[10.0294847,44.0615344],[10.0293691,44.0615767],[10.0294584,44.0617037],[10.0294654,44.0617013],[10.029477,44.0617228]]]},"properties":{"site":"luni","name":null,"category":"other","historic":null,"building":"yes","osm_id":206022599}},{"type":"Feature","geometry":{"type":"Polygon","coordinates":[[[10.029739,44.0622186],[10.0297733,44.0622009],[10.0298128,44.0622408],[10.0298131,44.0622409],[10.029817,44.0622388],[10.0298382,44.0622278],[10.029673,44.0620616],[10.0296692,44.0620578],[10.0296687,44.0620581],[10.0296098,44.0620885],[10.029739,44.0622186]]]},"properties":{"site":"luni","name":null,"category":"other","historic":null,"building":"yes","osm_id":206022613}},{"type":"Feature","geometry":{"type":"Polygon","coordinates":[[[10.0285091,44.0685877],[10.0286509,44.0685272],[10.0286447,44.0685201],[10.0286122,44.0685304],[10.0285999,44.0685161],[10.0285774,44.0685215],[10.0285592,44.0684973],[10.0285357,44.0685043],[10.0284964,44.0684547],[10.0284248,44.0684852],[10.0285091,44.0685877]]]},"properties":{"site":"luni","name":null,"category":"other","historic":null,"building":"yes","osm_id":206022621}},{"type":"Feature","geometry":{"type":"Polygon","coordinates":[[[10.0149148,44.0647143],[10.0147094,44.0647982],[10.0146668,44.064755],[10.0146009,44.0647822],[10.0146371,44.064828],[10.0146238,44.0648335],[10.0146615,44.0648724],[10.0147265,44.0648436],[10.0147554,44.0648739],[10.0149686,44.0647759],[10.0149148,44.0647143]]]},"properties":{"site":"luni","name":null,"category":"other","historic":null,"building":"yes","osm_id":206022628}},{"type":"Feature","geometry":{"type":"Polygon","coordinates":[[[10.026905,44.0644241],[10.0268697,44.0643853],[10.0268772,44.0643815],[10.0268446,44.0643481],[10.0268548,44.0643431],[10.0268349,44.0643228],[10.0268175,44.0643317],[10.0267683,44.0642811],[10.0266527,44.0643397],[10.0267884,44.064479],[10.026905,44.0644241]]]},"properties":{"site":"luni","name":null,"category":"other","historic":null,"building":"yes","osm_id":206022638}},{"type":"Feature","geometry":{"type":"Polygon","coordinates":[[[10.0261523,44.0690478],[10.0260456,44.0689644],[10.0259872,44.0690031],[10.0259867,44.0690034],[10.025992,44.0690077],[10.0260048,44.0690177],[10.0259558,44.0690503],[10.025952,44.0690557],[10.0260375,44.0691241],[10.0260571,44.069111],[10.0261523,44.0690478]]]},"properties":{"site":"luni","name":null,"category":"other","historic":null,"building":"yes","osm_id":206022643}},{"type":"Feature","geometry":{"type":"Polygon","coordinates":[[[10.0289947,44.067253],[10.0289224,44.0672907],[10.028926,44.0672942],[10.0289955,44.0673674],[10.0290041,44.0673758],[10.0291083,44.067323],[10.0291703,44.0672916],[10.0291441,44.0672646],[10.0291612,44.0672557],[10.0291031,44.0672019],[10.0289947,44.067253]]]},"properties":{"site":"luni","name":null,"category":"other","historic":null,"building":"yes","osm_id":206022684}},{"type":"Feature","geometry":{"type":"Polygon","coordinates":[[[10.0281563,44.0625114],[10.0282564,44.0624749],[10.0282488,44.062464],[10.0282989,44.0624456],[10.0282586,44.062388],[10.0282675,44.0623847],[10.0282297,44.0623307],[10.0281759,44.0623503],[10.0281683,44.0623396],[10.0280627,44.0623781],[10.0281563,44.0625114]]]},"properties":{"site":"luni","name":null,"category":"other","historic":null,"building":"yes","osm_id":206022708}},{"type":"Feature","geometry":{"type":"Polygon","coordinates":[[[10.0299431,44.067294],[10.0298843,44.0672115],[10.0297401,44.0672667],[10.0297685,44.0673051],[10.0297788,44.0673057],[10.0298033,44.0673377],[10.0298063,44.0673417],[10.0298117,44.0673472],[10.0298146,44.06735],[10.0298488,44.0673351],[10.0299431,44.067294]]]},"properties":{"site":"luni","name":null,"category":"other","historic":null,"building":"yes","osm_id":206022715}},{"type":"Feature","geometry":{"type":"Polygon","coordinates":[[[10.0253433,44.0619192],[10.0254046,44.0618855],[10.0254236,44.0619035],[10.0255039,44.0618593],[10.0253913,44.0617529],[10.0253189,44.0617842],[10.0253246,44.0617899],[10.0252625,44.0618262],[10.025294,44.0618543],[10.0252798,44.0618627],[10.0253433,44.0619192]]]},"properties":{"site":"luni","name":null,"category":"other","historic":null,"building":"yes","osm_id":206022716}},{"type":"Feature","geometry":{"type":"Polygon","coordinates":[[[10.0300943,44.068911],[10.0300822,44.0688273],[10.0298503,44.0688405],[10.0298568,44.0689002],[10.0299005,44.0688978],[10.0299024,44.0689163],[10.0299344,44.0689145],[10.0299326,44.0688989],[10.0299964,44.0688954],[10.0299987,44.0689164],[10.0300943,44.068911]]]},"properties":{"site":"luni","name":null,"category":"other","historic":null,"building":"yes","osm_id":206022737}},{"type":"Feature","geometry":{"type":"Polygon","coordinates":[[[10.0291389,44.0678032],[10.0291049,44.0677698],[10.0290309,44.0678022],[10.0290196,44.0677925],[10.0290047,44.0677994],[10.0290147,44.0678091],[10.028975,44.0678301],[10.0289957,44.0678504],[10.0290319,44.0678311],[10.0290512,44.0678498],[10.0291389,44.0678032]]]},"properties":{"site":"luni","name":null,"category":"other","historic":null,"building":"yes","osm_id":206022778}},{"type":"Feature","geometry":{"type":"Polygon","coordinates":[[[10.030604,44.0652274],[10.030655,44.0652078],[10.0306608,44.0652053],[10.0306504,44.0651961],[10.0305311,44.0652255],[10.0306066,44.065334],[10.0306545,44.0653203],[10.0306886,44.0653105],[10.0306847,44.0653033],[10.0306561,44.065312],[10.030604,44.0652274]]]},"properties":{"site":"luni","name":null,"category":"other","historic":null,"building":"yes","osm_id":206022786}},{"type":"Feature","geometry":{"type":"Polygon","coordinates":[[[10.0290047,44.0677994],[10.0290196,44.0677925],[10.0290309,44.0678022],[10.0291049,44.0677698],[10.0289756,44.0676434],[10.02882,44.0677193],[10.0289053,44.0678098],[10.0289418,44.0677904],[10.0289316,44.0677805],[10.0289664,44.067762],[10.0290047,44.0677994]]]},"properties":{"site":"luni","name":null,"category":"other","historic":null,"building":"yes","osm_id":206022796}},{"type":"Feature","geometry":{"type":"Polygon","coordinates":[[[10.0286509,44.0685272],[10.0287683,44.0684772],[10.0286841,44.0683746],[10.0284964,44.0684547],[10.0285357,44.0685043],[10.0285592,44.0684973],[10.0285774,44.0685215],[10.0285999,44.0685161],[10.0286122,44.0685304],[10.0286447,44.0685201],[10.0286509,44.0685272]]]},"properties":{"site":"luni","name":null,"category":"other","historic":null,"building":"yes","osm_id":206022802}},{"type":"Feature","geometry":{"type":"Polygon","coordinates":[[[10.0316733,44.0669602],[10.0316137,44.0669763],[10.0316594,44.0670641],[10.0316448,44.0670644],[10.0316471,44.0670682],[10.0316768,44.0671116],[10.0316779,44.0671131],[10.0317402,44.0670909],[10.0317104,44.0670476],[10.0316733,44.0669602]]]},"properties":{"site":"luni","name":null,"category":"other","historic":null,"building":"yes","osm_id":206022805}},{"type":"Feature","geometry":{"type":"Polygon","coordinates":[[[10.0292932,44.0656992],[10.0291993,44.0655149],[10.0291429,44.0655305],[10.0291323,44.0655334],[10.0291582,44.0655818],[10.0291393,44.0655871],[10.0291665,44.0656384],[10.0291841,44.0656716],[10.0291982,44.0656677],[10.0292249,44.065718],[10.0292932,44.0656992]]]},"properties":{"site":"luni","name":null,"category":"other","historic":null,"building":"yes","osm_id":206022810}},{"type":"Feature","geometry":{"type":"Polygon","coordinates":[[[10.0246386,44.0688915],[10.024678,44.0688552],[10.0246605,44.0688452],[10.0246917,44.0688165],[10.0246449,44.06879],[10.0246275,44.0688057],[10.0245717,44.068772],[10.0245269,44.0688131],[10.0245906,44.0688553],[10.0245834,44.0688627],[10.0246386,44.0688915]]]},"properties":{"site":"luni","name":null,"category":"other","historic":null,"building":"yes","osm_id":206022813}},{"type":"Feature","geometry":{"type":"Polygon","coordinates":[[[10.0310281,44.0678397],[10.0311016,44.0678194],[10.0311277,44.0678092],[10.0310939,44.0677643],[10.0310854,44.0677667],[10.0310355,44.0676834],[10.0308777,44.06773],[10.030963,44.0678636],[10.03102,44.0678419],[10.0310277,44.0678389],[10.0310281,44.0678397]]]},"properties":{"site":"luni","name":null,"category":"other","historic":null,"building":"yes","osm_id":206022821}},{"type":"Feature","geometry":{"type":"Polygon","coordinates":[[[10.0300941,44.0672298],[10.0301922,44.0671841],[10.0301712,44.0671607],[10.0301758,44.0671588],[10.0300844,44.0670678],[10.0300199,44.0671014],[10.0300282,44.0671097],[10.0299875,44.0671308],[10.0300688,44.0672116],[10.0300734,44.0672092],[10.0300941,44.0672298]]]},"properties":{"site":"luni","name":null,"category":"other","historic":null,"building":"yes","osm_id":206022822}},{"type":"Feature","geometry":{"type":"Polygon","coordinates":[[[10.027379,44.0655579],[10.0275336,44.0654865],[10.0275055,44.065455],[10.0275122,44.065452],[10.0274817,44.0654177],[10.0274699,44.0654232],[10.0274479,44.0653989],[10.0273085,44.0654752],[10.0273315,44.0654971],[10.0273211,44.0655028],[10.027379,44.0655579]]]},"properties":{"site":"luni","name":null,"category":"other","historic":null,"building":"yes","osm_id":206022825}},{"type":"Feature","geometry":{"type":"Polygon","coordinates":[[[10.0274844,44.066213],[10.0275249,44.0661896],[10.0275318,44.0661958],[10.0275934,44.0661601],[10.0275816,44.0661495],[10.0276547,44.0661071],[10.0275644,44.0660262],[10.0274552,44.0660895],[10.0274426,44.0660783],[10.0273673,44.0661235],[10.0274844,44.066213]]]},"properties":{"site":"luni","name":null,"category":"other","historic":null,"building":"yes","osm_id":206022837}},{"type":"Feature","geometry":{"type":"Polygon","coordinates":[[[10.030058,44.0639182],[10.0301784,44.0638923],[10.0301317,44.0637796],[10.0300984,44.0637867],[10.0300902,44.0637666],[10.0300144,44.063783],[10.0300228,44.0638034],[10.0300169,44.0638047],[10.0300115,44.0638059],[10.0300312,44.0638537],[10.030058,44.0639182]]]},"properties":{"site":"luni","name":null,"category":"other","historic":null,"building":"yes","osm_id":206022839}},{"type":"Feature","geometry":{"type":"Polygon","coordinates":[[[10.020316,44.0689709],[10.0202104,44.0688166],[10.0200682,44.068868],[10.0200896,44.0688988],[10.0200716,44.0689053],[10.0201164,44.0689698],[10.0201302,44.0689647],[10.0201739,44.069026],[10.0202593,44.0690001],[10.0202541,44.0689907],[10.020316,44.0689709]]]},"properties":{"site":"luni","name":null,"category":"other","historic":null,"building":"yes","osm_id":206022845}},{"type":"Feature","geometry":{"type":"Polygon","coordinates":[[[10.0183461,44.0695226],[10.0183549,44.0694884],[10.0183674,44.0694902],[10.0183829,44.0694298],[10.0182993,44.0693418],[10.0181598,44.0694168],[10.0181976,44.0694608],[10.0182431,44.069469],[10.0182316,44.0695009],[10.018293,44.0695126],[10.0183461,44.0695226]]]},"properties":{"site":"luni","name":null,"category":"other","historic":null,"building":"yes","osm_id":206022860}},{"type":"Feature","geometry":{"type":"Polygon","coordinates":[[[10.0267151,44.0637007],[10.0268073,44.063661],[10.0267786,44.0636263],[10.0268392,44.0636002],[10.0267991,44.0635519],[10.0267841,44.0635584],[10.02675,44.0635173],[10.0267309,44.0635255],[10.0266812,44.0635469],[10.0266123,44.0635765],[10.0267151,44.0637007]]]},"properties":{"site":"luni","name":null,"category":"other","historic":null,"building":"yes","osm_id":206022871}},{"type":"Feature","geometry":{"type":"Polygon","coordinates":[[[10.0144709,44.0668422],[10.0146106,44.0667655],[10.0145596,44.0667171],[10.0145633,44.066715],[10.0145079,44.0666625],[10.0144917,44.0666714],[10.0144022,44.0667206],[10.0144185,44.0667359],[10.0143863,44.0667536],[10.0143805,44.0667568],[10.0144709,44.0668422]]]},"properties":{"site":"luni","name":null,"category":"other","historic":null,"building":"yes","osm_id":206022877}},{"type":"Feature","geometry":{"type":"Polygon","coordinates":[[[10.0225397,44.0684943],[10.0225455,44.068492],[10.0225233,44.0684692],[10.0224386,44.0685034],[10.0224411,44.0685067],[10.0224317,44.0685106],[10.02252,44.0686209],[10.022582,44.0685951],[10.022552,44.0685574],[10.0225806,44.0685456],[10.0225397,44.0684943]]]},"properties":{"site":"luni","name":null,"category":"other","historic":null,"building":"yes","osm_id":206022883}},{"type":"Feature","geometry":{"type":"Polygon","coordinates":[[[10.0311865,44.0692513],[10.0312589,44.0692194],[10.031232,44.0691877],[10.0313092,44.0691536],[10.0312592,44.0690947],[10.0312504,44.069096],[10.0312095,44.0690492],[10.0310667,44.0691141],[10.0310987,44.0691559],[10.0311111,44.069151],[10.0311865,44.0692513]]]},"properties":{"site":"luni","name":null,"category":"other","historic":null,"building":"yes","osm_id":206022897}},{"type":"Feature","geometry":{"type":"Polygon","coordinates":[[[10.0235387,44.0614697],[10.0236747,44.0614359],[10.0236406,44.0613668],[10.0236274,44.0613717],[10.0236125,44.0613446],[10.0235612,44.0613574],[10.0235205,44.0613637],[10.0235316,44.0613925],[10.0235078,44.061402],[10.0235287,44.0614489],[10.0235387,44.0614697]]]},"properties":{"site":"luni","name":null,"category":"other","historic":null,"building":"yes","osm_id":206022922}},{"type":"Feature","geometry":{"type":"Polygon","coordinates":[[[10.0119731,44.0693442],[10.0120595,44.0694004],[10.012076,44.0693872],[10.0121159,44.0694132],[10.012188,44.0693557],[10.0121723,44.0693455],[10.012232,44.0692979],[10.0121319,44.0692327],[10.0120943,44.0692627],[10.0120837,44.0692559],[10.0119731,44.0693442]]]},"properties":{"site":"luni","name":null,"category":"other","historic":null,"building":"yes","osm_id":206022927}},{"type":"Feature","geometry":{"type":"Polygon","coordinates":[[[10.0296052,44.0644656],[10.0296636,44.064442],[10.0297029,44.0644927],[10.0298415,44.0644436],[10.029835,44.0644334],[10.0297934,44.0643698],[10.0297888,44.0643625],[10.029736,44.0643808],[10.029705,44.0643402],[10.029555,44.0644001],[10.0296052,44.0644656]]]},"properties":{"site":"luni","name":null,"category":"other","historic":null,"building":"yes","osm_id":206022949}},{"type":"Feature","geometry":{"type":"Polygon","coordinates":[[[10.0315754,44.0664833],[10.0313585,44.0665813],[10.0313171,44.0665957],[10.031323,44.0666033],[10.031369,44.066591],[10.031398,44.0666221],[10.031662,44.0665015],[10.031694,44.0664887],[10.031637,44.0664226],[10.0315549,44.0664593],[10.0315754,44.0664833]]]},"properties":{"site":"luni","name":null,"category":"other","historic":null,"building":"yes","osm_id":206022956}},{"type":"Feature","geometry":{"type":"Polygon","coordinates":[[[10.02787,44.0621008],[10.0280275,44.06204],[10.0279845,44.0619821],[10.0279479,44.0619328],[10.0279416,44.0619244],[10.0278829,44.061947],[10.0278767,44.0619389],[10.0277913,44.0619719],[10.0278369,44.0620333],[10.0278238,44.0620385],[10.02787,44.0621008]]]},"properties":{"site":"luni","name":null,"category":"other","historic":null,"building":"yes","osm_id":206022963}},{"type":"Feature","geometry":{"type":"Polygon","coordinates":[[[10.0297266,44.0639871],[10.0296777,44.0639032],[10.0296681,44.0639061],[10.0296465,44.0638694],[10.0295016,44.0639133],[10.0295291,44.0639606],[10.0295187,44.0639637],[10.029569,44.0640501],[10.0296551,44.064024],[10.0296475,44.064011],[10.0297266,44.0639871]]]},"properties":{"site":"luni","name":null,"category":"other","historic":null,"building":"yes","osm_id":206022965}},{"type":"Feature","geometry":{"type":"Polygon","coordinates":[[[10.028194,44.0664876],[10.0283293,44.0664492],[10.0283036,44.0664065],[10.0282928,44.0663852],[10.0282778,44.0663906],[10.0282539,44.066399],[10.0282164,44.0663441],[10.0280995,44.0663856],[10.0281427,44.0664486],[10.0281627,44.0664416],[10.028194,44.0664876]]]},"properties":{"site":"luni","name":null,"category":"other","historic":null,"building":"yes","osm_id":206022968}},{"type":"Feature","geometry":{"type":"Polygon","coordinates":[[[10.0293989,44.0663091],[10.0295714,44.066223],[10.0294933,44.0661352],[10.0294266,44.0661643],[10.0294368,44.0661767],[10.0293808,44.0662013],[10.029391,44.0662138],[10.0293731,44.0662254],[10.0293736,44.066226],[10.029369,44.0662282],[10.0293385,44.0662425],[10.0293989,44.0663091]]]},"properties":{"site":"luni","name":null,"category":"other","historic":null,"building":"yes","osm_id":206022991}},{"type":"Feature","geometry":{"type":"Polygon","coordinates":[[[10.0315258,44.0700985],[10.0316542,44.070041],[10.0316427,44.0700278],[10.031622,44.0699989],[10.0316719,44.0699766],[10.0316997,44.0699642],[10.0316906,44.0699536],[10.0316349,44.069889],[10.031493,44.0699525],[10.0315105,44.0699726],[10.0314433,44.0700028],[10.0315258,44.0700985]]]},"properties":{"site":"luni","name":null,"category":"other","historic":null,"building":"yes","osm_id":206022999}},{"type":"Feature","geometry":{"type":"Polygon","coordinates":[[[10.0308163,44.0652657],[10.0309409,44.0652301],[10.0309013,44.0651677],[10.0308652,44.065111],[10.0307013,44.0651634],[10.0307139,44.0651939],[10.0306672,44.065204],[10.030604,44.0652274],[10.0306561,44.065312],[10.0306847,44.0653033],[10.0307578,44.0652824],[10.0308163,44.0652657]]]},"properties":{"site":"luni","name":null,"category":"other","historic":null,"building":"yes","osm_id":206023011}},{"type":"Feature","geometry":{"type":"Polygon","coordinates":[[[10.0311777,44.0668594],[10.0311978,44.0668518],[10.0312432,44.0668348],[10.0312756,44.0668226],[10.03126,44.066801],[10.0312907,44.066788],[10.031233,44.0666953],[10.0311676,44.0667147],[10.0311306,44.0667256],[10.0311645,44.0667827],[10.0311371,44.0667912],[10.0311777,44.0668594]]]},"properties":{"site":"luni","name":null,"category":"other","historic":null,"building":"yes","osm_id":206023030}},{"type":"Feature","geometry":{"type":"Polygon","coordinates":[[[10.0247952,44.0695544],[10.0247537,44.0695215],[10.0247355,44.0695334],[10.0247168,44.0695186],[10.0246858,44.069539],[10.0246549,44.0695592],[10.0246232,44.06958],[10.0246399,44.0695931],[10.0245479,44.0696535],[10.0245928,44.069689],[10.0246021,44.0696828],[10.0247952,44.0695544]]]},"properties":{"site":"luni","name":null,"category":"other","historic":null,"building":"yes","osm_id":206023032}},{"type":"Feature","geometry":{"type":"Polygon","coordinates":[[[10.0173964,44.0660363],[10.0174882,44.0660093],[10.0174864,44.066006],[10.0174927,44.0660041],[10.017473,44.0659696],[10.0174634,44.0659725],[10.0174565,44.0659603],[10.0174291,44.0659683],[10.0174011,44.065919],[10.0173399,44.065937],[10.0173923,44.066029],[10.0173964,44.0660363]]]},"properties":{"site":"luni","name":null,"category":"other","historic":null,"building":"yes","osm_id":206023047}},{"type":"Feature","geometry":{"type":"Polygon","coordinates":[[[10.0309894,44.0696422],[10.031082,44.0696043],[10.0310754,44.0695958],[10.0311182,44.0695784],[10.031084,44.0695348],[10.0310551,44.0695466],[10.0310309,44.0695161],[10.0309128,44.0695643],[10.0309411,44.0696005],[10.0309682,44.069635],[10.0309784,44.0696474],[10.0309894,44.0696422]]]},"properties":{"site":"luni","name":null,"category":"other","historic":null,"building":"yes","osm_id":206023059}},{"type":"Feature","geometry":{"type":"Polygon","coordinates":[[[10.0296079,44.0659949],[10.0296355,44.0660506],[10.0296725,44.0660405],[10.029685,44.0660671],[10.0297522,44.0660431],[10.029791,44.0660337],[10.0297656,44.0659795],[10.0297547,44.0659823],[10.0297533,44.0659793],[10.0297285,44.0659838],[10.0297151,44.0659662],[10.0296079,44.0659949]]]},"properties":{"site":"luni","name":null,"category":"other","historic":null,"building":"yes","osm_id":206023094}},{"type":"Feature","geometry":{"type":"Polygon","coordinates":[[[10.0291572,44.0636691],[10.029181,44.0636637],[10.0292285,44.063653],[10.0293256,44.0636311],[10.0293207,44.0636228],[10.0292935,44.0635761],[10.0292842,44.0635755],[10.0292606,44.063539],[10.0291809,44.0635593],[10.0291754,44.063548],[10.0291065,44.0635656],[10.0291572,44.0636691]]]},"properties":{"site":"luni","name":null,"category":"other","historic":null,"building":"yes","osm_id":206023095}},{"type":"Feature","geometry":{"type":"Polygon","coordinates":[[[10.0167466,44.0686134],[10.0167064,44.0685624],[10.0167827,44.0685294],[10.0167476,44.0684776],[10.0165627,44.0685523],[10.0166428,44.068667],[10.0166642,44.0686861],[10.0167302,44.0686611],[10.0167157,44.0686399],[10.016749,44.0686281],[10.0167405,44.0686155],[10.0167466,44.0686134]]]},"properties":{"site":"luni","name":null,"category":"other","historic":null,"building":"yes","osm_id":206023116}},{"type":"Feature","geometry":{"type":"Polygon","coordinates":[[[10.0291622,44.0649483],[10.0291887,44.0649382],[10.0292311,44.0649223],[10.0292734,44.0649063],[10.029299,44.0648967],[10.0292174,44.0647842],[10.0292099,44.0647873],[10.029131,44.0646985],[10.0290242,44.0647374],[10.0290938,44.0648371],[10.0290862,44.0648397],[10.0291622,44.0649483]]]},"properties":{"site":"luni","name":null,"category":"other","historic":null,"building":"yes","osm_id":206023140}},{"type":"Feature","geometry":{"type":"Polygon","coordinates":[[[10.0300914,44.0692621],[10.0301618,44.0692573],[10.0301493,44.0691607],[10.0301636,44.0691587],[10.0301555,44.0691191],[10.0301424,44.0690566],[10.0299465,44.0690724],[10.029963,44.0691794],[10.0299699,44.0691819],[10.0299812,44.0692299],[10.0300877,44.0692246],[10.0300914,44.0692621]]]},"properties":{"site":"luni","name":null,"category":"other","historic":null,"building":"yes","osm_id":206023143}},{"type":"Feature","geometry":{"type":"Polygon","coordinates":[[[10.0233324,44.0606941],[10.0234861,44.0606347],[10.0233595,44.0604644],[10.0232715,44.0604985],[10.0232289,44.060515],[10.0232171,44.0605195],[10.0232769,44.0605999],[10.0232851,44.0606111],[10.023274,44.0606154],[10.0233051,44.0606572],[10.023318,44.0606745],[10.0233324,44.0606941]]]},"properties":{"site":"luni","name":null,"category":"other","historic":null,"building":"yes","osm_id":206023146}},{"type":"Feature","geometry":{"type":"Polygon","coordinates":[[[10.0318034,44.0693496],[10.0319501,44.0693425],[10.0319484,44.0693297],[10.0320157,44.0693225],[10.032014,44.0692819],[10.0320138,44.069279],[10.0319527,44.0692862],[10.0319383,44.0692266],[10.0317989,44.0692441],[10.0318076,44.0692801],[10.0317872,44.0692826],[10.0318034,44.0693496]]]},"properties":{"site":"luni","name":null,"category":"other","historic":null,"building":"yes","osm_id":206023148}},{"type":"Feature","geometry":{"type":"Polygon","coordinates":[[[10.030376,44.0630652],[10.0304728,44.06303],[10.0304303,44.0629674],[10.0304683,44.0629503],[10.0306095,44.0628868],[10.0305326,44.0627933],[10.0303525,44.0628631],[10.0303318,44.0628352],[10.0301904,44.0628901],[10.0302413,44.0629583],[10.0302838,44.0629418],[10.030376,44.0630652]]]},"properties":{"site":"luni","name":null,"category":"other","historic":null,"building":"yes","osm_id":206023156}},{"type":"Feature","geometry":{"type":"Polygon","coordinates":[[[10.0208921,44.0624909],[10.0208004,44.0624109],[10.020748,44.0624422],[10.0207743,44.0624652],[10.0207081,44.0625047],[10.0206791,44.0624793],[10.0206285,44.0625095],[10.0206469,44.0625256],[10.0206504,44.0625286],[10.0207186,44.062587],[10.0207236,44.0625913],[10.0208921,44.0624909]]]},"properties":{"site":"luni","name":null,"category":"other","historic":null,"building":"yes","osm_id":206023167}},{"type":"Feature","geometry":{"type":"Polygon","coordinates":[[[10.0270769,44.0656371],[10.0271013,44.0656223],[10.0270844,44.0656078],[10.0271347,44.0655764],[10.0271072,44.0655519],[10.027062,44.0655785],[10.0270741,44.0655893],[10.0270036,44.0656308],[10.027045,44.0656688],[10.0270854,44.0656443],[10.0270769,44.0656371]]]},"properties":{"site":"luni","name":null,"category":"other","historic":null,"building":"yes","osm_id":206023169}},{"type":"Feature","geometry":{"type":"Polygon","coordinates":[[[10.0294457,44.0630679],[10.029449,44.0630758],[10.0295591,44.0630521],[10.0295139,44.0629436],[10.0294403,44.0629543],[10.0294428,44.0629615],[10.0292799,44.0629903],[10.0293199,44.0630846],[10.0293967,44.0630731],[10.0293986,44.0630772],[10.029412,44.0630753],[10.0294457,44.0630679]]]},"properties":{"site":"luni","name":null,"category":"other","historic":null,"building":"yes","osm_id":206023173}},{"type":"Feature","geometry":{"type":"Polygon","coordinates":[[[10.0294054,44.0648654],[10.0294304,44.0648556],[10.029474,44.0648388],[10.0295167,44.0648221],[10.0295411,44.0648126],[10.0294609,44.0647052],[10.0294519,44.0647091],[10.0293679,44.0646163],[10.0292637,44.0646546],[10.0293323,44.0647514],[10.0293262,44.0647537],[10.0294054,44.0648654]]]},"properties":{"site":"luni","name":null,"category":"other","historic":null,"building":"yes","osm_id":206023181}},{"type":"Feature","geometry":{"type":"Polygon","coordinates":[[[10.0223826,44.069411],[10.0224438,44.0693636],[10.0225096,44.0693124],[10.0224333,44.0692613],[10.0224243,44.0692553],[10.0224158,44.069262],[10.0223858,44.069242],[10.0223731,44.0692334],[10.0222596,44.069319],[10.0222625,44.0693211],[10.0223268,44.0693693],[10.0223826,44.069411]]]},"properties":{"site":"luni","name":null,"category":"other","historic":null,"building":"yes","osm_id":206023185}},{"type":"Feature","geometry":{"type":"Polygon","coordinates":[[[10.0162422,44.0642902],[10.0162946,44.0643823],[10.0163378,44.0643694],[10.0163555,44.0644003],[10.0165331,44.0643476],[10.0165152,44.0643163],[10.0166096,44.0642883],[10.0165591,44.0641993],[10.0163513,44.0642609],[10.0163995,44.0643456],[10.0163473,44.064361],[10.0162976,44.0642738],[10.0162422,44.0642902]]]},"properties":{"site":"luni","name":null,"category":"other","historic":null,"building":"yes","osm_id":206023213}},{"type":"Feature","geometry":{"type":"Polygon","coordinates":[[[10.0296544,44.0619239],[10.0297028,44.0619062],[10.0297096,44.0619159],[10.0299734,44.0618191],[10.0299012,44.0617167],[10.0297071,44.0617879],[10.0297144,44.0617983],[10.0296391,44.0618258],[10.0296438,44.0618328],[10.029613,44.0618441],[10.0296256,44.061862],[10.0296138,44.0618662],[10.0296544,44.0619239]]]},"properties":{"site":"luni","name":null,"category":"other","historic":null,"building":"yes","osm_id":206023233}},{"type":"Feature","geometry":{"type":"Polygon","coordinates":[[[10.0106937,44.0684562],[10.010795,44.0685011],[10.0108288,44.0684613],[10.0108426,44.0684674],[10.0108831,44.06842],[10.0108005,44.0683834],[10.010797,44.0683874],[10.0107292,44.0683574],[10.0106916,44.0684016],[10.0106858,44.0684117],[10.0106934,44.0684143],[10.0106705,44.0684442],[10.0106937,44.0684562]]]},"properties":{"site":"luni","name":null,"category":"other","historic":null,"building":"yes","osm_id":206023269}},{"type":"Feature","geometry":{"type":"Polygon","coordinates":[[[10.0261861,44.0637861],[10.0262347,44.0637628],[10.0262095,44.0637357],[10.0262376,44.063722],[10.0262436,44.0637284],[10.026279,44.0637114],[10.0262707,44.0637025],[10.0263001,44.0636883],[10.0262868,44.0636741],[10.0263067,44.0636645],[10.0262423,44.0635951],[10.0260811,44.0636728],[10.0261861,44.0637861]]]},"properties":{"site":"luni","name":null,"category":"other","historic":null,"building":"yes","osm_id":206023276}},{"type":"Feature","geometry":{"type":"Polygon","coordinates":[[[10.0297724,44.0615924],[10.0298525,44.0615637],[10.0298182,44.0615268],[10.0298594,44.0615079],[10.0298337,44.0614698],[10.0298483,44.0614646],[10.0297914,44.0613809],[10.0296387,44.0614347],[10.0297161,44.0615489],[10.029725,44.0615458],[10.0297352,44.0615607],[10.0297479,44.0615563],[10.0297724,44.0615924]]]},"properties":{"site":"luni","name":null,"category":"other","historic":null,"building":"yes","osm_id":206023282}},{"type":"Feature","geometry":{"type":"Polygon","coordinates":[[[10.0287675,44.0620562],[10.0287794,44.0620521],[10.0288756,44.0620185],[10.0288821,44.0620284],[10.0289638,44.0619999],[10.0289539,44.061985],[10.028974,44.061978],[10.0289209,44.0618989],[10.0288266,44.0619318],[10.028826,44.0619279],[10.028727,44.0619623],[10.0287089,44.0619685],[10.0287675,44.0620562]]]},"properties":{"site":"luni","name":null,"category":"other","historic":null,"building":"yes","osm_id":206023284}},{"type":"Feature","geometry":{"type":"Polygon","coordinates":[[[10.031769,44.0647166],[10.0317934,44.0647086],[10.0318013,44.064721],[10.0318944,44.0646903],[10.0318813,44.0646696],[10.0319757,44.0646385],[10.0319193,44.0645494],[10.0317652,44.0646002],[10.0317712,44.0646097],[10.031731,44.0646229],[10.0317582,44.0646659],[10.0317403,44.0646717],[10.031769,44.0647166]]]},"properties":{"site":"luni","name":null,"category":"other","historic":null,"building":"yes","osm_id":206023294}},{"type":"Feature","geometry":{"type":"Polygon","coordinates":[[[10.0300499,44.0652983],[10.0301041,44.0652784],[10.0300999,44.0652724],[10.0301494,44.065254],[10.0301554,44.0652625],[10.0302509,44.0652273],[10.0302436,44.065217],[10.0302916,44.0651993],[10.0302988,44.0652094],[10.0303545,44.0651888],[10.0302826,44.0650873],[10.0299852,44.065197],[10.0300499,44.0652983]]]},"properties":{"site":"luni","name":null,"category":"other","historic":null,"building":"yes","osm_id":206023295}},{"type":"Feature","geometry":{"type":"Polygon","coordinates":[[[10.0303282,44.0633677],[10.0304082,44.0633526],[10.0304048,44.0633458],[10.030455,44.063331],[10.0304531,44.0633275],[10.0304265,44.0632807],[10.030454,44.0632672],[10.0304155,44.0631867],[10.0303206,44.0632108],[10.0303237,44.063217],[10.0302624,44.0632325],[10.0303258,44.0633629],[10.0303282,44.0633677]]]},"properties":{"site":"luni","name":null,"category":"other","historic":null,"building":"yes","osm_id":206023296}},{"type":"Feature","geometry":{"type":"Polygon","coordinates":[[[10.0182431,44.069469],[10.0181976,44.0694608],[10.0181598,44.0694168],[10.0182993,44.0693418],[10.0182968,44.0693391],[10.0182202,44.0692585],[10.0180978,44.069319],[10.0181241,44.0693467],[10.0181124,44.0694152],[10.0182135,44.0695221],[10.0182243,44.0695187],[10.0182316,44.0695009],[10.0182431,44.069469]]]},"properties":{"site":"luni","name":null,"category":"other","historic":null,"building":"yes","osm_id":206023301}},{"type":"Feature","geometry":{"type":"Polygon","coordinates":[[[10.0277683,44.0660051],[10.027808,44.0659895],[10.0278937,44.0659556],[10.0279025,44.0659671],[10.027946,44.0659499],[10.0280231,44.0659194],[10.0280313,44.0659301],[10.0280348,44.0659288],[10.0280624,44.0659178],[10.0279664,44.0657913],[10.0278159,44.0658509],[10.0276891,44.065901],[10.0277683,44.0660051]]]},"properties":{"site":"luni","name":null,"category":"other","historic":null,"building":"yes","osm_id":206023309}},{"type":"Feature","geometry":{"type":"Polygon","coordinates":[[[10.0270995,44.0638354],[10.0271316,44.0638223],[10.0271396,44.0638325],[10.0271916,44.0638112],[10.0272042,44.0638072],[10.0271809,44.0637804],[10.0271555,44.0637552],[10.0270784,44.0637885],[10.0270801,44.0637937],[10.0270188,44.0638199],[10.0270611,44.0638746],[10.0271134,44.0638531],[10.0270995,44.0638354]]]},"properties":{"site":"luni","name":null,"category":"other","historic":null,"building":"yes","osm_id":206023314}},{"type":"Feature","geometry":{"type":"Polygon","coordinates":[[[10.0275407,44.0658157],[10.0275918,44.0657946],[10.0275992,44.0658038],[10.0276709,44.0657742],[10.0276648,44.0657664],[10.0277607,44.0657253],[10.0276263,44.065567],[10.0274986,44.0656233],[10.0275697,44.0657071],[10.0275296,44.0657249],[10.0275384,44.0657353],[10.0274905,44.0657564],[10.0275407,44.0658157]]]},"properties":{"site":"luni","name":null,"category":"other","historic":null,"building":"yes","osm_id":206023324}},{"type":"Feature","geometry":{"type":"Polygon","coordinates":[[[10.0297534,44.0696125],[10.0297544,44.069611],[10.0297716,44.069585],[10.029847,44.0695993],[10.0298509,44.0696],[10.0298506,44.0695967],[10.0298437,44.0695298],[10.0297962,44.0695224],[10.0297798,44.0695567],[10.0296555,44.0695326],[10.029649,44.0695586],[10.0296449,44.0695748],[10.0297534,44.0696125]]]},"properties":{"site":"luni","name":null,"category":"other","historic":null,"building":"yes","osm_id":206023352}},{"type":"Feature","geometry":{"type":"Polygon","coordinates":[[[10.0278523,44.0665328],[10.0278821,44.0665794],[10.0278754,44.0665816],[10.0278898,44.066604],[10.0279273,44.0665931],[10.0279373,44.066588],[10.0279357,44.0665817],[10.0280196,44.0665508],[10.027963,44.0664567],[10.0279202,44.0664663],[10.0278271,44.0664948],[10.027835,44.0665057],[10.0278523,44.0665328]]]},"properties":{"site":"luni","name":null,"category":"other","historic":null,"building":"yes","osm_id":206023359}},{"type":"Feature","geometry":{"type":"Polygon","coordinates":[[[10.0299523,44.0646413],[10.0298737,44.0645263],[10.0297069,44.0645783],[10.0297101,44.0645836],[10.0296217,44.0646111],[10.0296905,44.0647258],[10.0297348,44.064712],[10.0297398,44.0647153],[10.0298127,44.0646911],[10.0298102,44.0646872],[10.029854,44.0646727],[10.0298575,44.0646745],[10.0299523,44.0646413]]]},"properties":{"site":"luni","name":null,"category":"other","historic":null,"building":"yes","osm_id":206023379}},{"type":"Feature","geometry":{"type":"Polygon","coordinates":[[[10.0280117,44.0652343],[10.0280506,44.0652137],[10.0280358,44.0651813],[10.0280469,44.0651768],[10.028033,44.0651619],[10.0280664,44.0651457],[10.0280393,44.0651166],[10.0280572,44.065108],[10.0279587,44.0650017],[10.0278935,44.0650331],[10.0278969,44.0650367],[10.0278496,44.0650595],[10.0280117,44.0652343]]]},"properties":{"site":"luni","name":null,"category":"other","historic":null,"building":"yes","osm_id":206023390}},{"type":"Feature","geometry":{"type":"Polygon","coordinates":[[[10.0265523,44.0684965],[10.0265783,44.0684809],[10.026615,44.0685124],[10.0267395,44.0684369],[10.0267162,44.068417],[10.0267478,44.0683979],[10.0266353,44.0682983],[10.0265887,44.0683236],[10.0264798,44.0683827],[10.0264725,44.0683867],[10.0265189,44.0684312],[10.0264966,44.0684433],[10.0265523,44.0684965]]]},"properties":{"site":"luni","name":null,"category":"other","historic":null,"building":"yes","osm_id":206023395}},{"type":"Feature","geometry":{"type":"Polygon","coordinates":[[[10.0320132,44.069923],[10.0321239,44.0698902],[10.0320691,44.0697991],[10.0320501,44.069805],[10.0320415,44.0697909],[10.0320035,44.0698027],[10.0320152,44.0698222],[10.0318799,44.0698645],[10.0319496,44.0699807],[10.0320037,44.0699638],[10.0320009,44.0699591],[10.0319845,44.0699319],[10.0320132,44.069923]]]},"properties":{"site":"luni","name":null,"category":"other","historic":null,"building":"yes","osm_id":206023435}},{"type":"Feature","geometry":{"type":"Polygon","coordinates":[[[10.0275963,44.0663378],[10.0276743,44.0664042],[10.0277248,44.0663875],[10.0276987,44.0663456],[10.0276787,44.0663212],[10.0276995,44.0663103],[10.0276438,44.0662636],[10.0276575,44.0662549],[10.0276005,44.0662074],[10.0274895,44.0662765],[10.0275411,44.0663195],[10.0275606,44.0663074],[10.0275963,44.0663378]]]},"properties":{"site":"luni","name":null,"category":"other","historic":null,"building":"yes","osm_id":206023442}},{"type":"Feature","geometry":{"type":"Polygon","coordinates":[[[10.0256882,44.0620954],[10.0256585,44.0620454],[10.0256467,44.062049],[10.0256268,44.0620155],[10.0255672,44.0620339],[10.0255722,44.0620424],[10.0254304,44.0620861],[10.0254575,44.0621318],[10.0254769,44.0621259],[10.0254987,44.0621628],[10.025634,44.062121],[10.0256296,44.0621135],[10.0256882,44.0620954]]]},"properties":{"site":"luni","name":null,"category":"other","historic":null,"building":"yes","osm_id":206023452}},{"type":"Feature","geometry":{"type":"Polygon","coordinates":[[[10.030234,44.0654744],[10.0303439,44.0654346],[10.0303504,44.0654441],[10.030359,44.065441],[10.0304742,44.0653995],[10.0304401,44.0653505],[10.0304516,44.0653464],[10.0304169,44.0652966],[10.0303801,44.065312],[10.0303627,44.0652943],[10.0302982,44.0653169],[10.0301625,44.0653642],[10.030234,44.0654744]]]},"properties":{"site":"luni","name":null,"category":"other","historic":null,"building":"yes","osm_id":206023477}},{"type":"Feature","geometry":{"type":"Polygon","coordinates":[[[10.0262463,44.0618965],[10.0262557,44.0618907],[10.0262676,44.0619008],[10.0263879,44.0618483],[10.0263808,44.0618393],[10.0264729,44.0618013],[10.0264084,44.0617201],[10.0263918,44.061727],[10.0262947,44.061767],[10.0262818,44.0617506],[10.0262756,44.0617428],[10.0261616,44.0617897],[10.0262463,44.0618965]]]},"properties":{"site":"luni","name":null,"category":"other","historic":null,"building":"yes","osm_id":206023489}},{"type":"Feature","geometry":{"type":"Polygon","coordinates":[[[10.0284797,44.0648894],[10.0284394,44.0648382],[10.0283742,44.0648649],[10.0283684,44.0648672],[10.0283791,44.0648808],[10.0283396,44.0648969],[10.0283692,44.0649346],[10.0284134,44.0649165],[10.0284303,44.0649381],[10.0284487,44.0649306],[10.0284646,44.0649241],[10.0284475,44.0649025],[10.0284797,44.0648894]]]},"properties":{"site":"luni","name":null,"category":"other","historic":null,"building":"yes","osm_id":206023491}},{"type":"Feature","geometry":{"type":"Polygon","coordinates":[[[10.0188277,44.0673104],[10.0189276,44.0672569],[10.0188849,44.0672137],[10.0189166,44.0671951],[10.0189125,44.0671906],[10.0188829,44.0672048],[10.0188493,44.0671726],[10.0187943,44.0672007],[10.0187894,44.0672033],[10.0188254,44.0672398],[10.0187782,44.0672641],[10.0188252,44.0673118],[10.0188277,44.0673104]]]},"properties":{"site":"luni","name":null,"category":"other","historic":null,"building":"yes","osm_id":206023492}},{"type":"Feature","geometry":{"type":"Polygon","coordinates":[[[10.0302242,44.0649879],[10.0302078,44.0649646],[10.0301716,44.06498],[10.0301814,44.0649895],[10.0300977,44.0650237],[10.0300881,44.0650118],[10.0300685,44.0650196],[10.0300765,44.0650313],[10.0300261,44.0650484],[10.0300164,44.0650388],[10.0299796,44.0650528],[10.0299952,44.065075],[10.0299938,44.0650724],[10.0302242,44.0649879]]]},"properties":{"site":"luni","name":null,"category":"other","historic":null,"building":"yes","osm_id":206023505}},{"type":"Feature","geometry":{"type":"Polygon","coordinates":[[[10.0291764,44.0628103],[10.029175,44.0628077],[10.0291384,44.0627414],[10.0291276,44.0627445],[10.0291065,44.0627061],[10.0290019,44.0627361],[10.0289844,44.0627454],[10.0290066,44.0627879],[10.028988,44.0627929],[10.0290124,44.0628401],[10.0290549,44.0628299],[10.0290641,44.0628427],[10.0291762,44.0628104],[10.0291764,44.0628103]]]},"properties":{"site":"luni","name":null,"category":"other","historic":null,"building":"yes","osm_id":206023508}},{"type":"Feature","geometry":{"type":"Polygon","coordinates":[[[10.027338,44.0659611],[10.0273939,44.0659318],[10.0273801,44.065918],[10.027476,44.0658677],[10.0274211,44.0658133],[10.0274034,44.0658227],[10.0273561,44.0657758],[10.027219,44.0658478],[10.0272387,44.0658673],[10.0271519,44.0659128],[10.0271615,44.0659225],[10.0272327,44.0659862],[10.027318,44.0659414],[10.027338,44.0659611]]]},"properties":{"site":"luni","name":null,"category":"other","historic":null,"building":"yes","osm_id":206023529}},{"type":"Feature","geometry":{"type":"Polygon","coordinates":[[[10.0295236,44.0669514],[10.0295726,44.0670242],[10.029544,44.0670416],[10.0295591,44.0670546],[10.0295407,44.0670658],[10.0295877,44.0671063],[10.0297065,44.0670443],[10.0296711,44.0670088],[10.029678,44.0670038],[10.029578,44.0669167],[10.029567,44.0669254],[10.0295683,44.0669267],[10.0295585,44.0669321],[10.0295236,44.0669514]]]},"properties":{"site":"luni","name":null,"category":"other","historic":null,"building":"yes","osm_id":206023550}},{"type":"Feature","geometry":{"type":"Polygon","coordinates":[[[10.0272222,44.0693474],[10.0271572,44.0692855],[10.0270731,44.0693314],[10.0270798,44.0693378],[10.0270363,44.0693616],[10.027021,44.0693485],[10.0269162,44.0694151],[10.0270067,44.0694927],[10.0270829,44.0694476],[10.0270997,44.0694624],[10.0272012,44.0694024],[10.0271723,44.069377],[10.0272063,44.0693568],[10.0272222,44.0693474]]]},"properties":{"site":"luni","name":null,"category":"other","historic":null,"building":"yes","osm_id":206023567}},{"type":"Feature","geometry":{"type":"Polygon","coordinates":[[[10.0286918,44.0664477],[10.0289005,44.0663836],[10.028903,44.0663879],[10.0289522,44.0663727],[10.0288903,44.0662681],[10.0288471,44.0662814],[10.0288328,44.0662574],[10.0287532,44.0662751],[10.0287623,44.0662929],[10.0286773,44.0663247],[10.0286658,44.066329],[10.028677,44.0663444],[10.02863,44.066362],[10.0286918,44.0664477]]]},"properties":{"site":"luni","name":null,"category":"other","historic":null,"building":"yes","osm_id":206023570}},{"type":"Feature","geometry":{"type":"Polygon","coordinates":[[[10.0282464,44.0699658],[10.0283505,44.0700853],[10.0284004,44.0701425],[10.0284545,44.070118],[10.0284507,44.0701136],[10.0284615,44.0701088],[10.0284703,44.0701048],[10.0284786,44.0700641],[10.0284228,44.0699951],[10.0284536,44.0699811],[10.028415,44.0699479],[10.0283961,44.0699593],[10.0283497,44.0699166],[10.0282464,44.0699658]]]},"properties":{"site":"luni","name":null,"category":"other","historic":null,"building":"yes","osm_id":206023579}},{"type":"Feature","geometry":{"type":"Polygon","coordinates":[[[10.0270188,44.0638199],[10.0270801,44.0637937],[10.0270784,44.0637885],[10.0271555,44.0637552],[10.0271085,44.0637084],[10.0270446,44.0637316],[10.0270514,44.063742],[10.0269787,44.0637768],[10.0270362,44.0638574],[10.0269832,44.0638769],[10.0270159,44.0639227],[10.0270787,44.063897],[10.0270611,44.0638746],[10.0270188,44.0638199]]]},"properties":{"site":"luni","name":null,"category":"other","historic":null,"building":"yes","osm_id":206023589}},{"type":"Feature","geometry":{"type":"Polygon","coordinates":[[[10.0319298,44.0649269],[10.0319576,44.0649181],[10.0319729,44.0649434],[10.0320787,44.0649102],[10.0320759,44.0649055],[10.0321299,44.0648885],[10.032087,44.0648176],[10.0320446,44.0647474],[10.0319915,44.0647641],[10.0319856,44.0647543],[10.0318797,44.0647876],[10.0318959,44.0648144],[10.0318672,44.0648234],[10.0319298,44.0649269]]]},"properties":{"site":"luni","name":null,"category":"other","historic":null,"building":"yes","osm_id":206023591}},{"type":"Feature","geometry":{"type":"Polygon","coordinates":[[[10.0290124,44.0628401],[10.028988,44.0627929],[10.0290066,44.0627879],[10.0289844,44.0627454],[10.0289945,44.0627395],[10.0289978,44.0627373],[10.0289925,44.0627279],[10.0289117,44.0627511],[10.0289146,44.0627562],[10.0288517,44.0627744],[10.0288975,44.0628572],[10.0289346,44.0628483],[10.028939,44.0628578],[10.0290124,44.0628401]]]},"properties":{"site":"luni","name":null,"category":"other","historic":null,"building":"yes","osm_id":206023592}},{"type":"Feature","geometry":{"type":"Polygon","coordinates":[[[10.0280333,44.0678922],[10.0281365,44.0678328],[10.0281302,44.067827],[10.0282185,44.0677762],[10.0281308,44.0676971],[10.0281281,44.0676986],[10.0280636,44.0677358],[10.0280754,44.0677466],[10.0280489,44.0677618],[10.0280451,44.0677584],[10.0280133,44.0677765],[10.0280014,44.0677656],[10.0279354,44.0678036],[10.0280333,44.0678922]]]},"properties":{"site":"luni","name":null,"category":"other","historic":null,"building":"yes","osm_id":206023605}},{"type":"Feature","geometry":{"type":"Polygon","coordinates":[[[10.0313514,44.0661147],[10.031468,44.0660487],[10.0314729,44.0660459],[10.0314677,44.0660411],[10.0314285,44.0660053],[10.0314253,44.0660071],[10.0313923,44.0660258],[10.0313778,44.0660124],[10.0313084,44.0660516],[10.0312992,44.0660432],[10.0312731,44.0660579],[10.0313174,44.0660986],[10.0313275,44.0660929],[10.0313514,44.0661147]]]},"properties":{"site":"luni","name":null,"category":"other","historic":null,"building":"yes","osm_id":206023609}},{"type":"Feature","geometry":{"type":"Polygon","coordinates":[[[10.0146574,44.0693631],[10.0147325,44.0693145],[10.0147731,44.0693485],[10.0148273,44.06931],[10.0147816,44.0692766],[10.0147374,44.0693081],[10.0147134,44.0692966],[10.0147773,44.069259],[10.0147505,44.069236],[10.0146936,44.0692706],[10.014701,44.0692769],[10.0146064,44.0693343],[10.0146515,44.0693673],[10.0146574,44.0693631]]]},"properties":{"site":"luni","name":null,"category":"other","historic":null,"building":"yes","osm_id":206023630}},{"type":"Feature","geometry":{"type":"Polygon","coordinates":[[[10.0292109,44.0676311],[10.0292002,44.0676197],[10.0292986,44.0675721],[10.0292935,44.0675664],[10.0292976,44.0675645],[10.0292226,44.0674873],[10.0291199,44.067533],[10.0291264,44.0675408],[10.0290464,44.0675763],[10.0291585,44.0677077],[10.0292196,44.0676782],[10.0291969,44.0676537],[10.0291866,44.0676428],[10.0292109,44.0676311]]]},"properties":{"site":"luni","name":null,"category":"other","historic":null,"building":"yes","osm_id":206023644}},{"type":"Feature","geometry":{"type":"Polygon","coordinates":[[[10.0297342,44.0659389],[10.029588,44.0659747],[10.0296458,44.0660974],[10.0297101,44.0660816],[10.029704,44.0660686],[10.029758,44.0660553],[10.0297522,44.0660431],[10.029685,44.0660671],[10.0296725,44.0660405],[10.0296355,44.0660506],[10.0296079,44.0659949],[10.0297151,44.0659662],[10.0297285,44.0659838],[10.0297533,44.0659793],[10.0297342,44.0659389]]]},"properties":{"site":"luni","name":null,"category":"other","historic":null,"building":"yes","osm_id":206023666}},{"type":"Feature","geometry":{"type":"Polygon","coordinates":[[[10.0261468,44.0629844],[10.026212,44.0630505],[10.0261958,44.0630588],[10.0263083,44.0631727],[10.0263539,44.0631493],[10.0263665,44.0631622],[10.0264154,44.0631372],[10.0264023,44.063124],[10.0264646,44.0630921],[10.0263935,44.0630201],[10.0263484,44.0630433],[10.0263171,44.0630116],[10.0263353,44.0630022],[10.0262604,44.0629262],[10.0261468,44.0629844]]]},"properties":{"site":"luni","name":null,"category":"other","historic":null,"building":"yes","osm_id":206023684}},{"type":"Feature","geometry":{"type":"Polygon","coordinates":[[[10.0298106,44.0653062],[10.0297891,44.0652639],[10.029804,44.0652599],[10.0297789,44.0652105],[10.0297767,44.0652063],[10.0297629,44.06521],[10.0297471,44.0651791],[10.0296385,44.0652126],[10.0296542,44.0652397],[10.0296485,44.0652414],[10.0296864,44.0653067],[10.0296967,44.0653247],[10.0297291,44.0653195],[10.0297328,44.0653268],[10.0298106,44.0653062]]]},"properties":{"site":"luni","name":null,"category":"other","historic":null,"building":"yes","osm_id":206023691}},{"type":"Feature","geometry":{"type":"Polygon","coordinates":[[[10.0280764,44.0641583],[10.0280794,44.0641571],[10.0281555,44.0641266],[10.0281858,44.0641658],[10.028219,44.0641524],[10.0282111,44.0641422],[10.0282294,44.0641349],[10.0282263,44.064131],[10.0281327,44.0640094],[10.0280978,44.0640234],[10.0281309,44.0640663],[10.0280755,44.0640886],[10.0280465,44.0640509],[10.0280061,44.0640671],[10.0280764,44.0641583]]]},"properties":{"site":"luni","name":null,"category":"other","historic":null,"building":"yes","osm_id":206023694}},{"type":"Feature","geometry":{"type":"Polygon","coordinates":[[[10.0162427,44.0688935],[10.0162116,44.0688405],[10.0162237,44.0688368],[10.0161879,44.06878],[10.0162415,44.0687535],[10.0162076,44.068713],[10.0160735,44.0687605],[10.016072,44.0687611],[10.0160736,44.0687634],[10.0160758,44.0687666],[10.0161428,44.0688608],[10.0161166,44.0688735],[10.0161484,44.0689297],[10.0162368,44.0688958],[10.0162427,44.0688935]]]},"properties":{"site":"luni","name":null,"category":"other","historic":null,"building":"yes","osm_id":206023716}},{"type":"Feature","geometry":{"type":"Polygon","coordinates":[[[10.0284276,44.0676944],[10.0285595,44.0676335],[10.0284632,44.0675148],[10.028481,44.0675072],[10.0284606,44.067482],[10.0284442,44.067489],[10.0284386,44.0674821],[10.0283882,44.0675035],[10.0284083,44.0675282],[10.0284023,44.0675308],[10.0284435,44.0675814],[10.0284248,44.0675893],[10.028455,44.0676267],[10.0283935,44.0676526],[10.0284276,44.0676944]]]},"properties":{"site":"luni","name":null,"category":"other","historic":null,"building":"yes","osm_id":206023719}},{"type":"Feature","geometry":{"type":"Polygon","coordinates":[[[10.0252772,44.0700142],[10.0252518,44.0699942],[10.0252793,44.0699761],[10.025267,44.0699665],[10.0252999,44.0699447],[10.025358,44.0699902],[10.0254153,44.0699224],[10.0254133,44.0699205],[10.0253815,44.0698932],[10.0255407,44.069786],[10.0255522,44.0697783],[10.0254602,44.0697073],[10.0252144,44.0698727],[10.0250733,44.0699676],[10.0251996,44.0700653],[10.0252772,44.0700142]]]},"properties":{"site":"luni","name":null,"category":"other","historic":null,"building":"apartments","osm_id":206023771}},{"type":"Feature","geometry":{"type":"Polygon","coordinates":[[[10.0279202,44.0664663],[10.0278767,44.0663958],[10.0279047,44.0663867],[10.0278536,44.0663039],[10.0277939,44.0663231],[10.0277823,44.0663098],[10.0276987,44.0663456],[10.0277248,44.0663875],[10.0277297,44.0663859],[10.0277591,44.0664321],[10.0277345,44.0664402],[10.0277848,44.0665191],[10.0277866,44.0665218],[10.027835,44.0665057],[10.0278271,44.0664948],[10.0279202,44.0664663]]]},"properties":{"site":"luni","name":null,"category":"other","historic":null,"building":"yes","osm_id":206023774}},{"type":"Feature","geometry":{"type":"Polygon","coordinates":[[[10.0249813,44.0694195],[10.0251101,44.069335],[10.0249874,44.0692337],[10.024975,44.0692405],[10.0248608,44.0693051],[10.024914,44.0693541],[10.0248673,44.0693819],[10.024815,44.0693432],[10.024652,44.0694482],[10.0247407,44.0695197],[10.0247852,44.0694937],[10.0247789,44.0694872],[10.0248985,44.0694086],[10.0249326,44.0694355],[10.0249717,44.0694149],[10.0249813,44.0694195]]]},"properties":{"site":"luni","name":null,"category":"other","historic":null,"building":"yes","osm_id":206023776}},{"type":"Feature","geometry":{"type":"Polygon","coordinates":[[[10.0315455,44.0676957],[10.0315397,44.067634],[10.0314925,44.067634],[10.0314782,44.0675615],[10.0315127,44.0675565],[10.0314886,44.0674759],[10.0314217,44.0674864],[10.0313946,44.0674663],[10.0313795,44.0674769],[10.0313463,44.0674494],[10.0312582,44.0674975],[10.0313394,44.0675747],[10.0313455,44.0676303],[10.0313623,44.0676292],[10.0313706,44.0677057],[10.0315455,44.0676957]]]},"properties":{"site":"luni","name":null,"category":"other","historic":null,"building":"yes","osm_id":206023805}},{"type":"Feature","geometry":{"type":"Polygon","coordinates":[[[10.015814,44.0700154],[10.0158819,44.0700808],[10.0159031,44.0700729],[10.0159294,44.0700962],[10.0160292,44.0700378],[10.0160033,44.0700146],[10.0160332,44.0699971],[10.0160426,44.0699916],[10.0159911,44.0699459],[10.0159736,44.0699304],[10.0159364,44.0699522],[10.0159129,44.0699314],[10.0158938,44.0699425],[10.0158912,44.0699441],[10.0158471,44.0699696],[10.0158653,44.0699922],[10.015814,44.0700154]]]},"properties":{"site":"luni","name":null,"category":"other","historic":null,"building":"yes","osm_id":206023841}},{"type":"Feature","geometry":{"type":"Polygon","coordinates":[[[10.0300261,44.0650484],[10.0300765,44.0650313],[10.0300685,44.0650196],[10.0300881,44.0650118],[10.0300977,44.0650237],[10.0301814,44.0649895],[10.0301716,44.06498],[10.0302078,44.0649646],[10.0301459,44.0648771],[10.030094,44.0648961],[10.0301011,44.0649064],[10.0300469,44.0649263],[10.0300412,44.0649183],[10.0299168,44.064964],[10.0299796,44.0650528],[10.0300164,44.0650388],[10.0300261,44.0650484]]]},"properties":{"site":"luni","name":null,"category":"other","historic":null,"building":"yes","osm_id":206023844}},{"type":"Feature","geometry":{"type":"Polygon","coordinates":[[[10.0305371,44.06559],[10.0305543,44.0655839],[10.0305604,44.065593],[10.0306263,44.0655696],[10.0305708,44.0654882],[10.0305327,44.0655017],[10.030504,44.0655128],[10.0304953,44.0655004],[10.0304015,44.0655356],[10.0304101,44.065548],[10.0303818,44.0655557],[10.0303452,44.0655687],[10.0304012,44.0656511],[10.0304656,44.0656282],[10.0304585,44.0656178],[10.0304737,44.0656124],[10.0305371,44.06559]]]},"properties":{"site":"luni","name":null,"category":"other","historic":null,"building":"yes","osm_id":206023858}},{"type":"Feature","geometry":{"type":"Polygon","coordinates":[[[10.025645,44.0691616],[10.0257166,44.0691121],[10.0256868,44.0690915],[10.0256957,44.0690843],[10.0256214,44.0690217],[10.0255513,44.0690569],[10.025437,44.0689385],[10.0254337,44.0689401],[10.0253772,44.0689685],[10.0253936,44.0689855],[10.0253515,44.0690094],[10.0255334,44.0691815],[10.0255204,44.0691886],[10.025549,44.0692158],[10.0256005,44.0691874],[10.02564,44.0691905],[10.0256619,44.0691772],[10.025645,44.0691616]]]},"properties":{"site":"luni","name":null,"category":"other","historic":null,"building":"yes","osm_id":206023890}},{"type":"Feature","geometry":{"type":"Polygon","coordinates":[[[10.0292475,44.0627399],[10.0292737,44.0627897],[10.0292845,44.0627868],[10.0293118,44.0628382],[10.0293142,44.062843],[10.0293146,44.0628429],[10.0294635,44.0628038],[10.0294396,44.0627565],[10.0294204,44.0627615],[10.0294044,44.0627299],[10.0294204,44.0627257],[10.0293687,44.0626233],[10.0293599,44.0626258],[10.0292184,44.0626647],[10.0292508,44.0627182],[10.0292351,44.0627246],[10.0292408,44.0627418],[10.0292475,44.0627399]]]},"properties":{"site":"luni","name":null,"category":"other","historic":null,"building":"yes","osm_id":206023894}},{"type":"Feature","geometry":{"type":"Polygon","coordinates":[[[10.0296876,44.0693172],[10.0296952,44.069326],[10.0297493,44.0693035],[10.0297741,44.0693433],[10.0298355,44.0693239],[10.0298116,44.069288],[10.0297908,44.0692566],[10.0298137,44.0692444],[10.0297592,44.0691889],[10.0297155,44.0692154],[10.0296765,44.0691857],[10.0296018,44.0692415],[10.0295862,44.0692306],[10.0295442,44.0692622],[10.0296012,44.0693019],[10.029623,44.0693391],[10.0296463,44.0693319],[10.0296876,44.0693172]]]},"properties":{"site":"luni","name":null,"category":"other","historic":null,"building":"yes","osm_id":206023901}},{"type":"Feature","geometry":{"type":"Polygon","coordinates":[[[10.0271123,44.0657187],[10.027227,44.0656511],[10.0271391,44.0655736],[10.0271347,44.0655764],[10.0270844,44.0656078],[10.0271013,44.0656223],[10.0270769,44.0656371],[10.0270854,44.0656443],[10.027045,44.0656688],[10.0270036,44.0656308],[10.0269998,44.0656275],[10.0269333,44.0656667],[10.0269772,44.0657053],[10.0269714,44.0657088],[10.0269872,44.0657229],[10.0270031,44.0657136],[10.0270398,44.065746],[10.0271019,44.0657094],[10.0271123,44.0657187]]]},"properties":{"site":"luni","name":null,"category":"other","historic":null,"building":"yes","osm_id":206023904}},{"type":"Feature","geometry":{"type":"Polygon","coordinates":[[[10.025938,44.0689091],[10.0259526,44.0689223],[10.0259351,44.0689322],[10.0259789,44.0689722],[10.0260654,44.068923],[10.0261223,44.068975],[10.0261367,44.0689668],[10.0260589,44.0688987],[10.0261152,44.0688636],[10.0261185,44.0688617],[10.026095,44.0688402],[10.0260442,44.0688692],[10.026007,44.0688351],[10.0259227,44.0688832],[10.0259086,44.0688702],[10.0258693,44.0688926],[10.025907,44.0689268],[10.025938,44.0689091]]]},"properties":{"site":"luni","name":null,"category":"other","historic":null,"building":"yes","osm_id":206023916}},{"type":"Feature","geometry":{"type":"Polygon","coordinates":[[[10.0297741,44.0693433],[10.0297493,44.0693035],[10.0296952,44.069326],[10.0296876,44.0693172],[10.0296463,44.0693319],[10.0296628,44.0693601],[10.0296189,44.0693734],[10.02958,44.0693852],[10.0295824,44.0693891],[10.0295985,44.0694167],[10.0296056,44.0694857],[10.0296656,44.0694933],[10.0296555,44.0695326],[10.0297798,44.0695567],[10.0297962,44.0695224],[10.0297955,44.0694948],[10.0297923,44.0694131],[10.0297741,44.0693433]]]},"properties":{"site":"luni","name":null,"category":"other","historic":null,"building":"yes","osm_id":206023937}},{"type":"Feature","geometry":{"type":"Polygon","coordinates":[[[10.0289808,44.0646424],[10.0289907,44.0646523],[10.0290057,44.0646515],[10.0290813,44.0646264],[10.0290873,44.0646218],[10.0290863,44.064611],[10.0290188,44.0645224],[10.0290297,44.0645107],[10.0289676,44.0644231],[10.0289586,44.0644203],[10.0288441,44.0644648],[10.0288367,44.0644745],[10.028842,44.0644815],[10.0288594,44.0644878],[10.0289019,44.0645516],[10.0289254,44.0645435],[10.028936,44.0645595],[10.0289262,44.064563],[10.0289808,44.0646424]]]},"properties":{"site":"luni","name":null,"category":"other","historic":null,"building":"yes","osm_id":206023978}},{"type":"Feature","geometry":{"type":"Polygon","coordinates":[[[10.0292526,44.0640443],[10.0293037,44.0640309],[10.0293088,44.064041],[10.0293666,44.0640259],[10.029361,44.0640149],[10.029408,44.0640026],[10.0293166,44.0638214],[10.0293104,44.0638231],[10.0292683,44.063834],[10.0292634,44.063824],[10.0292081,44.0638386],[10.0292128,44.0638479],[10.0291572,44.0638624],[10.0291862,44.06392],[10.0292001,44.0639163],[10.0292178,44.0639513],[10.0292347,44.0639849],[10.0292242,44.0639877],[10.0292526,44.0640443]]]},"properties":{"site":"luni","name":null,"category":"other","historic":null,"building":"yes","osm_id":206023989}},{"type":"Feature","geometry":{"type":"Polygon","coordinates":[[[10.013391,44.067066],[10.013399,44.0670524],[10.0134135,44.0670571],[10.0134572,44.066994],[10.0134751,44.0669681],[10.0135427,44.0669925],[10.0136041,44.0669039],[10.0135265,44.0668759],[10.0135162,44.0668892],[10.0134672,44.0668775],[10.0134462,44.0669065],[10.0133867,44.0668842],[10.0133752,44.0669002],[10.013363,44.0668957],[10.013361,44.0668984],[10.0132814,44.0670083],[10.013292,44.0670125],[10.0132828,44.0670253],[10.013391,44.067066]]]},"properties":{"site":"luni","name":null,"category":"other","historic":null,"building":"house","osm_id":206023998}},{"type":"Feature","geometry":{"type":"Polygon","coordinates":[[[10.0260388,44.060884],[10.0259992,44.0609016],[10.025994,44.0609039],[10.0258747,44.0609046],[10.0258762,44.0609798],[10.025949,44.060985],[10.0259458,44.0610085],[10.0259576,44.0610126],[10.0259647,44.0610124],[10.0260535,44.0610088],[10.0261085,44.0610757],[10.0262014,44.0610382],[10.0261978,44.0610339],[10.0261405,44.0609686],[10.0261888,44.0609083],[10.0261924,44.0608999],[10.0261638,44.0608922],[10.026195,44.0608413],[10.0261008,44.0608035],[10.0260388,44.060884]]]},"properties":{"site":"luni","name":null,"category":"other","historic":null,"building":"yes","osm_id":206024005}},{"type":"Feature","geometry":{"type":"Polygon","coordinates":[[[10.0240343,44.0677074],[10.0241325,44.0678073],[10.0240957,44.067826],[10.0241474,44.0678741],[10.0241612,44.0678771],[10.024268,44.0678231],[10.0242737,44.0678202],[10.0242466,44.0677923],[10.0243393,44.0677453],[10.0243082,44.0677134],[10.0242651,44.0676691],[10.0242415,44.0676446],[10.0242124,44.0676593],[10.0241975,44.067646],[10.0242182,44.0676294],[10.0241634,44.0675738],[10.0240809,44.0676161],[10.0240475,44.0676331],[10.0239727,44.0676714],[10.0240169,44.0677163],[10.0240343,44.0677074]]]},"properties":{"site":"luni","name":null,"category":"other","historic":null,"building":"yes","osm_id":206024022}},{"type":"Feature","geometry":{"type":"Polygon","coordinates":[[[10.0316838,44.0663126],[10.0318039,44.0662585],[10.031818,44.0662747],[10.0318251,44.0662829],[10.0319299,44.0662356],[10.0319048,44.0662067],[10.0319352,44.066193],[10.0319223,44.0661782],[10.0319472,44.0661671],[10.0319226,44.0661387],[10.0319291,44.0661359],[10.0319214,44.066127],[10.0319689,44.0661055],[10.0319156,44.0660442],[10.0317864,44.0661025],[10.031832,44.0661551],[10.0318022,44.0661686],[10.0318094,44.0661769],[10.0317683,44.0661955],[10.0317505,44.066175],[10.0317474,44.0661715],[10.0316137,44.0662317],[10.0316838,44.0663126]]]},"properties":{"site":"luni","name":null,"category":"other","historic":null,"building":"yes","osm_id":206024078}},{"type":"Feature","geometry":{"type":"Polygon","coordinates":[[[10.0313171,44.0665957],[10.0312759,44.0665419],[10.0313292,44.0665188],[10.0313237,44.0665071],[10.0312791,44.0664194],[10.0312745,44.0664107],[10.031133,44.0664787],[10.0311921,44.0665424],[10.0311834,44.0665518],[10.0312332,44.066621],[10.0312501,44.0666128],[10.0313507,44.0667675],[10.0314519,44.0667335],[10.0314601,44.0667461],[10.0314724,44.066742],[10.0314974,44.0667806],[10.0316155,44.066734],[10.0315986,44.0667116],[10.0315435,44.0666373],[10.0314353,44.0666749],[10.031398,44.0666221],[10.031369,44.066591],[10.031323,44.0666033],[10.0313171,44.0665957]]]},"properties":{"site":"luni","name":null,"category":"other","historic":null,"building":"yes","osm_id":206024088}},{"type":"Feature","geometry":{"type":"Polygon","coordinates":[[[10.0286105,44.0620355],[10.0285242,44.0620669],[10.0285472,44.0620998],[10.0285129,44.0621122],[10.0284896,44.0620788],[10.0283263,44.0621382],[10.0283493,44.062171],[10.0283326,44.0621771],[10.0283652,44.062224],[10.028522,44.062167],[10.02854,44.0621926],[10.0285233,44.0621986],[10.0285276,44.0622048],[10.0285432,44.0622271],[10.0285472,44.0622328],[10.0285606,44.062228],[10.0285814,44.062258],[10.0284247,44.0623149],[10.0284575,44.0623618],[10.0284747,44.0623555],[10.0284988,44.06239],[10.0287828,44.0622868],[10.0287572,44.0622502],[10.028772,44.0622449],[10.0287411,44.0622008],[10.0287285,44.0622054],[10.0286659,44.0621159],[10.028681,44.0621105],[10.0286566,44.0620755],[10.0286489,44.0620645],[10.0286345,44.0620697],[10.0286122,44.0620379],[10.0286105,44.0620355]]]},"properties":{"site":"luni","name":null,"category":"other","historic":null,"building":"yes","osm_id":206024171}},{"type":"Feature","geometry":{"type":"Polygon","coordinates":[[[10.0198924,44.0634887],[10.0200971,44.0634121],[10.0200456,44.0633404],[10.0198409,44.0634171],[10.0198924,44.0634887]]]},"properties":{"site":"luni","name":null,"category":"other","historic":null,"building":"yes","osm_id":206024187}},{"type":"Feature","geometry":{"type":"Polygon","coordinates":[[[10.0288441,44.0655782],[10.0289768,44.0655227],[10.0289027,44.0654305],[10.0287738,44.065491],[10.0288441,44.0655782]]]},"properties":{"site":"luni","name":null,"category":"other","historic":null,"building":"yes","osm_id":206024232}},{"type":"Feature","geometry":{"type":"Polygon","coordinates":[[[10.0272888,44.0648636],[10.0274167,44.0648065],[10.0273359,44.0647128],[10.0272081,44.06477],[10.0272888,44.0648636]]]},"properties":{"site":"luni","name":null,"category":"other","historic":null,"building":"yes","osm_id":206024237}},{"type":"Feature","geometry":{"type":"Polygon","coordinates":[[[10.0316961,44.0690422],[10.0316271,44.0689361],[10.0315454,44.0689653],[10.0316177,44.0690703],[10.0316961,44.0690422]]]},"properties":{"site":"luni","name":null,"category":"other","historic":null,"building":"yes","osm_id":206024248}},{"type":"Feature","geometry":{"type":"Polygon","coordinates":[[[10.0305976,44.0694845],[10.0306959,44.0694392],[10.0306631,44.0694022],[10.0305636,44.069446],[10.0305976,44.0694845]]]},"properties":{"site":"luni","name":null,"category":"other","historic":null,"building":"yes","osm_id":206024249}},{"type":"Feature","geometry":{"type":"Polygon","coordinates":[[[10.0300647,44.0659543],[10.0301704,44.0659136],[10.0301329,44.0658651],[10.0300331,44.0659071],[10.0300647,44.0659543]]]},"properties":{"site":"luni","name":null,"category":"other","historic":null,"building":"yes","osm_id":206024255}},{"type":"Feature","geometry":{"type":"Polygon","coordinates":[[[10.0304313,44.0695598],[10.0305323,44.0695133],[10.030499,44.0694759],[10.0303968,44.0695208],[10.0304313,44.0695598]]]},"properties":{"site":"luni","name":null,"category":"other","historic":null,"building":"yes","osm_id":206024261}},{"type":"Feature","geometry":{"type":"Polygon","coordinates":[[[10.030637,44.0649719],[10.0307513,44.0649369],[10.0307248,44.0649004],[10.0306146,44.0649353],[10.030637,44.0649719]]]},"properties":{"site":"luni","name":null,"category":"other","historic":null,"building":"yes","osm_id":206024279}},{"type":"Feature","geometry":{"type":"Polygon","coordinates":[[[10.0274386,44.0645613],[10.0275162,44.0645294],[10.0273708,44.0643612],[10.0272923,44.0643977],[10.0274386,44.0645613]]]},"properties":{"site":"luni","name":null,"category":"other","historic":null,"building":"yes","osm_id":206024283}},{"type":"Feature","geometry":{"type":"Polygon","coordinates":[[[10.0318405,44.0641213],[10.0316007,44.0641803],[10.0316579,44.0642937],[10.0319109,44.0642264],[10.0318405,44.0641213]]]},"properties":{"site":"luni","name":null,"category":"other","historic":null,"building":"yes","osm_id":206024297}},{"type":"Feature","geometry":{"type":"Polygon","coordinates":[[[10.0302786,44.067114],[10.0304713,44.0670108],[10.0303952,44.0669368],[10.0302026,44.06704],[10.0302786,44.067114]]]},"properties":{"site":"luni","name":null,"category":"other","historic":null,"building":"yes","osm_id":206024302}},{"type":"Feature","geometry":{"type":"Polygon","coordinates":[[[10.0284057,44.0648423],[10.0285134,44.0647966],[10.0284044,44.064654],[10.0282972,44.064695],[10.0284057,44.0648423]]]},"properties":{"site":"luni","name":null,"category":"other","historic":null,"building":"yes","osm_id":206024330}},{"type":"Feature","geometry":{"type":"Polygon","coordinates":[[[10.0272223,44.0643158],[10.0273014,44.0642798],[10.0271597,44.0641074],[10.0270737,44.0641467],[10.0272223,44.0643158]]]},"properties":{"site":"luni","name":null,"category":"other","historic":null,"building":"yes","osm_id":206024332}},{"type":"Feature","geometry":{"type":"Polygon","coordinates":[[[10.024722,44.0697778],[10.0249166,44.0696506],[10.0247952,44.0695544],[10.0246021,44.0696828],[10.024722,44.0697778]]]},"properties":{"site":"luni","name":"Antica Luni","category":"other","historic":null,"building":"yes","osm_id":206024380}},{"type":"Feature","geometry":{"type":"Polygon","coordinates":[[[10.0262461,44.0609747],[10.0261888,44.0609083],[10.0261405,44.0609686],[10.0261978,44.0610339],[10.0262461,44.0609747]]]},"properties":{"site":"luni","name":null,"category":"other","historic":null,"building":"yes","osm_id":206024383}},{"type":"Feature","geometry":{"type":"Polygon","coordinates":[[[10.0282642,44.0687569],[10.028177,44.0686552],[10.0281121,44.0686844],[10.0281967,44.0687852],[10.0282642,44.0687569]]]},"properties":{"site":"luni","name":null,"category":"other","historic":null,"building":"yes","osm_id":206024387}},{"type":"Feature","geometry":{"type":"Polygon","coordinates":[[[10.0249914,44.0616151],[10.0251429,44.061546],[10.025077,44.0614708],[10.0249255,44.0615398],[10.0249914,44.0616151]]]},"properties":{"site":"luni","name":null,"category":"other","historic":null,"building":"yes","osm_id":206024399}},{"type":"Feature","geometry":{"type":"Polygon","coordinates":[[[10.0259826,44.0698232],[10.0258465,44.0697163],[10.0258268,44.0697284],[10.025961,44.0698363],[10.0259826,44.0698232]]]},"properties":{"site":"luni","name":null,"category":"other","historic":null,"building":"yes","osm_id":206024401}},{"type":"Feature","geometry":{"type":"Polygon","coordinates":[[[10.0282642,44.0687569],[10.0284579,44.0686756],[10.0283669,44.0685702],[10.028177,44.0686552],[10.0282642,44.0687569]]]},"properties":{"site":"luni","name":null,"category":"other","historic":null,"building":"yes","osm_id":206024420}},{"type":"Feature","geometry":{"type":"Polygon","coordinates":[[[10.0278797,44.067783],[10.0279481,44.0677123],[10.027836,44.0676558],[10.0277676,44.0677265],[10.0278797,44.067783]]]},"properties":{"site":"luni","name":null,"category":"other","historic":null,"building":"yes","osm_id":206024469}},{"type":"Feature","geometry":{"type":"Polygon","coordinates":[[[10.0219933,44.0696902],[10.0220929,44.069597],[10.022063,44.0695804],[10.0219594,44.0696742],[10.0219933,44.0696902]]]},"properties":{"site":"luni","name":null,"category":"other","historic":null,"building":"yes","osm_id":206024491}},{"type":"Feature","geometry":{"type":"Polygon","coordinates":[[[10.0219137,44.0694975],[10.0218855,44.0694819],[10.021785,44.0695762],[10.0218178,44.0695944],[10.0219137,44.0694975]]]},"properties":{"site":"luni","name":null,"category":"other","historic":null,"building":"yes","osm_id":206024494}},{"type":"Feature","geometry":{"type":"Polygon","coordinates":[[[10.0285141,44.0650403],[10.0284491,44.0650717],[10.0285099,44.0651372],[10.0285802,44.0651033],[10.0285141,44.0650403]]]},"properties":{"site":"luni","name":null,"category":"other","historic":null,"building":"yes","osm_id":206024506}},{"type":"Feature","geometry":{"type":"Polygon","coordinates":[[[10.024327,44.0675662],[10.0244577,44.067496],[10.0243255,44.0673681],[10.0241949,44.0674382],[10.024327,44.0675662]]]},"properties":{"site":"luni","name":null,"category":"other","historic":null,"building":"yes","osm_id":206024514}},{"type":"Feature","geometry":{"type":"Polygon","coordinates":[[[10.0162581,44.0638987],[10.0163164,44.0638799],[10.0162886,44.0638355],[10.0162303,44.0638544],[10.0162581,44.0638987]]]},"properties":{"site":"luni","name":null,"category":"other","historic":null,"building":"yes","osm_id":206024539}},{"type":"Feature","geometry":{"type":"Polygon","coordinates":[[[10.0316961,44.0690422],[10.0318398,44.0689909],[10.0317677,44.0688859],[10.0316271,44.0689361],[10.0316961,44.0690422]]]},"properties":{"site":"luni","name":null,"category":"other","historic":null,"building":"yes","osm_id":206024562}},{"type":"Feature","geometry":{"type":"Polygon","coordinates":[[[10.0296626,44.0642628],[10.0296109,44.0641853],[10.0293998,44.06425],[10.0294465,44.064329],[10.0296626,44.0642628]]]},"properties":{"site":"luni","name":null,"category":"other","historic":null,"building":"yes","osm_id":206024568}},{"type":"Feature","geometry":{"type":"Polygon","coordinates":[[[10.0292959,44.0609648],[10.029243,44.0608892],[10.0291988,44.0609054],[10.0292524,44.0609809],[10.0292959,44.0609648]]]},"properties":{"site":"luni","name":null,"category":"other","historic":null,"building":"yes","osm_id":206024576}},{"type":"Feature","geometry":{"type":"Polygon","coordinates":[[[10.0284158,44.0649993],[10.0283985,44.0649611],[10.0283569,44.0649754],[10.0283839,44.0650137],[10.0284158,44.0649993]]]},"properties":{"site":"luni","name":null,"category":"other","historic":null,"building":"yes","osm_id":206024588}},{"type":"Feature","geometry":{"type":"Polygon","coordinates":[[[10.0313237,44.0665071],[10.0314177,44.0664676],[10.0313581,44.0663964],[10.0312791,44.0664194],[10.0313237,44.0665071]]]},"properties":{"site":"luni","name":null,"category":"other","historic":null,"building":"yes","osm_id":206024606}},{"type":"Feature","geometry":{"type":"Polygon","coordinates":[[[10.0191039,44.0671457],[10.019216,44.0670923],[10.0191527,44.0670232],[10.0190461,44.0670739],[10.0191039,44.0671457]]]},"properties":{"site":"luni","name":null,"category":"other","historic":null,"building":"yes","osm_id":206024624}},{"type":"Feature","geometry":{"type":"Polygon","coordinates":[[[10.0275389,44.0651698],[10.0276512,44.0651122],[10.0275603,44.0650034],[10.027444,44.0650522],[10.0275389,44.0651698]]]},"properties":{"site":"luni","name":null,"category":"other","historic":null,"building":"yes","osm_id":206024626}},{"type":"Feature","geometry":{"type":"Polygon","coordinates":[[[10.0291013,44.0621531],[10.0290483,44.0620777],[10.0289587,44.0621103],[10.0290104,44.0621863],[10.0291013,44.0621531]]]},"properties":{"site":"luni","name":null,"category":"other","historic":null,"building":"yes","osm_id":206024633}},{"type":"Feature","geometry":{"type":"Polygon","coordinates":[[[10.012908,44.0676365],[10.0130097,44.0675116],[10.0129548,44.067483],[10.0128508,44.0676103],[10.012908,44.0676365]]]},"properties":{"site":"luni","name":null,"category":"other","historic":null,"building":"yes","osm_id":206024650}},{"type":"Feature","geometry":{"type":"Polygon","coordinates":[[[10.0314378,44.0664613],[10.0316076,44.0663811],[10.0315121,44.066276],[10.0313459,44.0663485],[10.0314378,44.0664613]]]},"properties":{"site":"luni","name":null,"category":"other","historic":null,"building":"yes","osm_id":206024656}},{"type":"Feature","geometry":{"type":"Polygon","coordinates":[[[10.0315712,44.0679588],[10.0315226,44.0678563],[10.0314982,44.0678623],[10.0315485,44.0679647],[10.0315712,44.0679588]]]},"properties":{"site":"luni","name":null,"category":"other","historic":null,"building":"yes","osm_id":206024693}},{"type":"Feature","geometry":{"type":"Polygon","coordinates":[[[10.0298961,44.0667046],[10.0298472,44.0667217],[10.0298939,44.0667962],[10.0299418,44.0667802],[10.0298961,44.0667046]]]},"properties":{"site":"luni","name":null,"category":"other","historic":null,"building":"yes","osm_id":206024701}},{"type":"Feature","geometry":{"type":"Polygon","coordinates":[[[10.0315912,44.0696465],[10.0315591,44.0695515],[10.0314267,44.0695747],[10.0314588,44.0696697],[10.0315912,44.0696465]]]},"properties":{"site":"luni","name":null,"category":"other","historic":null,"building":"yes","osm_id":206024706}},{"type":"Feature","geometry":{"type":"Polygon","coordinates":[[[10.030897,44.0694189],[10.0310771,44.0693416],[10.0310271,44.069281],[10.0308513,44.0693564],[10.030897,44.0694189]]]},"properties":{"site":"luni","name":null,"category":"other","historic":null,"building":"yes","osm_id":206024714}},{"type":"Feature","geometry":{"type":"Polygon","coordinates":[[[10.0186654,44.0635734],[10.0187113,44.0635526],[10.0186785,44.0635145],[10.0186719,44.0635068],[10.0186612,44.0635115],[10.0186469,44.0634949],[10.0186121,44.0635104],[10.0186654,44.0635734]]]},"properties":{"site":"luni","name":null,"category":"other","historic":null,"building":"yes","osm_id":206024716}},{"type":"Feature","geometry":{"type":"Polygon","coordinates":[[[10.0252637,44.0693365],[10.0254376,44.06924],[10.0253306,44.0691398],[10.0251567,44.0692363],[10.0252637,44.0693365]]]},"properties":{"site":"luni","name":null,"category":"other","historic":null,"building":"yes","osm_id":206024752}},{"type":"Feature","geometry":{"type":"Polygon","coordinates":[[[10.0292766,44.0620539],[10.029419,44.0619959],[10.0293495,44.0619072],[10.0292071,44.0619652],[10.0292766,44.0620539]]]},"properties":{"site":"luni","name":null,"category":"other","historic":null,"building":"yes","osm_id":206024786}},{"type":"Feature","geometry":{"type":"Polygon","coordinates":[[[10.0161103,44.0639776],[10.0162406,44.0639323],[10.0161896,44.0638557],[10.0160593,44.0639009],[10.0161103,44.0639776]]]},"properties":{"site":"luni","name":null,"category":"other","historic":null,"building":"yes","osm_id":206024793}},{"type":"Feature","geometry":{"type":"Polygon","coordinates":[[[10.0305636,44.069446],[10.0304981,44.0693741],[10.0304329,44.0694041],[10.030499,44.0694759],[10.0305636,44.069446]]]},"properties":{"site":"luni","name":null,"category":"other","historic":null,"building":"yes","osm_id":206024799}},{"type":"Feature","geometry":{"type":"Polygon","coordinates":[[[10.0313585,44.0665813],[10.0313292,44.0665188],[10.0312759,44.0665419],[10.0313171,44.0665957],[10.0313585,44.0665813]]]},"properties":{"site":"luni","name":null,"category":"other","historic":null,"building":"yes","osm_id":206024806}},{"type":"Feature","geometry":{"type":"Polygon","coordinates":[[[10.0268825,44.0632962],[10.0269998,44.0632359],[10.0269185,44.0631536],[10.0267998,44.0632217],[10.0268825,44.0632962]]]},"properties":{"site":"luni","name":null,"category":"other","historic":null,"building":"yes","osm_id":206024812}},{"type":"Feature","geometry":{"type":"Polygon","coordinates":[[[10.0292682,44.0674671],[10.0292226,44.0674873],[10.0292976,44.0675645],[10.0293427,44.0675428],[10.0292682,44.0674671]]]},"properties":{"site":"luni","name":null,"category":"other","historic":null,"building":"yes","osm_id":206024813}},{"type":"Feature","geometry":{"type":"Polygon","coordinates":[[[10.0229026,44.0614543],[10.0228723,44.0614068],[10.0228112,44.0614278],[10.0228375,44.061475],[10.0229026,44.0614543]]]},"properties":{"site":"luni","name":null,"category":"other","historic":null,"building":"yes","osm_id":206024817}},{"type":"Feature","geometry":{"type":"Polygon","coordinates":[[[10.0146574,44.0693631],[10.0147043,44.0693973],[10.0147731,44.0693485],[10.0147325,44.0693145],[10.0146574,44.0693631]]]},"properties":{"site":"luni","name":null,"category":"other","historic":null,"building":"yes","osm_id":206024829}},{"type":"Feature","geometry":{"type":"Polygon","coordinates":[[[10.0214093,44.0690468],[10.0213731,44.0689582],[10.0213253,44.0689667],[10.0213563,44.0690563],[10.0214093,44.0690468]]]},"properties":{"site":"luni","name":null,"category":"other","historic":null,"building":"yes","osm_id":206024835}},{"type":"Feature","geometry":{"type":"Polygon","coordinates":[[[10.0292541,44.060885],[10.0294941,44.0607942],[10.0294814,44.0607765],[10.0292404,44.0608656],[10.0292541,44.060885]]]},"properties":{"site":"luni","name":null,"category":"other","historic":null,"building":"yes","osm_id":206024843}},{"type":"Feature","geometry":{"type":"Polygon","coordinates":[[[10.0265885,44.0640201],[10.0265061,44.063937],[10.0264634,44.0639591],[10.0265459,44.0640421],[10.0265885,44.0640201]]]},"properties":{"site":"luni","name":null,"category":"other","historic":null,"building":"yes","osm_id":206024854}},{"type":"Feature","geometry":{"type":"Polygon","coordinates":[[[10.0210898,44.0688759],[10.0212042,44.068822],[10.021088,44.0686937],[10.0209737,44.0687475],[10.0210898,44.0688759]]]},"properties":{"site":"luni","name":null,"category":"other","historic":null,"building":"yes","osm_id":206024860}},{"type":"Feature","geometry":{"type":"Polygon","coordinates":[[[10.0317807,44.0678661],[10.0317334,44.0677859],[10.0316587,44.0678089],[10.0317061,44.067889],[10.0317807,44.0678661]]]},"properties":{"site":"luni","name":null,"category":"other","historic":null,"building":"yes","osm_id":206024866}},{"type":"Feature","geometry":{"type":"Polygon","coordinates":[[[10.0278152,44.0650067],[10.0279749,44.0649385],[10.0278729,44.0648143],[10.0277131,44.0648825],[10.0278152,44.0650067]]]},"properties":{"site":"luni","name":null,"category":"other","historic":null,"building":"yes","osm_id":206024878}},{"type":"Feature","geometry":{"type":"Polygon","coordinates":[[[10.0316404,44.0657838],[10.0315652,44.0656963],[10.0314729,44.0657376],[10.0315512,44.0658284],[10.0316404,44.0657838]]]},"properties":{"site":"luni","name":null,"category":"other","historic":null,"building":"yes","osm_id":206024879}},{"type":"Feature","geometry":{"type":"Polygon","coordinates":[[[10.0306204,44.0647764],[10.0307835,44.0647338],[10.0307337,44.0646348],[10.0305706,44.0646774],[10.0306204,44.0647764]]]},"properties":{"site":"luni","name":null,"category":"other","historic":null,"building":"yes","osm_id":206024880}},{"type":"Feature","geometry":{"type":"Polygon","coordinates":[[[10.0153841,44.064308],[10.0154429,44.0642935],[10.0154206,44.0642513],[10.0153624,44.0642674],[10.0153841,44.064308]]]},"properties":{"site":"luni","name":null,"category":"other","historic":null,"building":"yes","osm_id":206024916}},{"type":"Feature","geometry":{"type":"Polygon","coordinates":[[[10.0260537,44.0626268],[10.0261401,44.0627118],[10.0262418,44.0626583],[10.0261555,44.0625731],[10.0260537,44.0626268]]]},"properties":{"site":"luni","name":null,"category":"other","historic":null,"building":"yes","osm_id":206024923}},{"type":"Feature","geometry":{"type":"Polygon","coordinates":[[[10.0243668,44.0696702],[10.0244741,44.0696004],[10.0243701,44.0695174],[10.024263,44.0695872],[10.0243668,44.0696702]]]},"properties":{"site":"luni","name":null,"category":"other","historic":null,"building":"yes","osm_id":206024926}},{"type":"Feature","geometry":{"type":"Polygon","coordinates":[[[10.0174927,44.0660041],[10.0175689,44.0659817],[10.0175493,44.0659472],[10.017473,44.0659696],[10.0174927,44.0660041]]]},"properties":{"site":"luni","name":null,"category":"other","historic":null,"building":"yes","osm_id":206024932}},{"type":"Feature","geometry":{"type":"Polygon","coordinates":[[[10.0215666,44.0690186],[10.0215357,44.0689291],[10.0213731,44.0689582],[10.0214093,44.0690468],[10.0215666,44.0690186]]]},"properties":{"site":"luni","name":null,"category":"other","historic":null,"building":"yes","osm_id":206024952}},{"type":"Feature","geometry":{"type":"Polygon","coordinates":[[[10.0165233,44.0661285],[10.0164525,44.0660491],[10.0164075,44.0660701],[10.0164782,44.0661494],[10.0165233,44.0661285]]]},"properties":{"site":"luni","name":null,"category":"other","historic":null,"building":"yes","osm_id":206024963}},{"type":"Feature","geometry":{"type":"Polygon","coordinates":[[[10.0290998,44.069926],[10.0292312,44.0698795],[10.0291432,44.0697504],[10.0290119,44.069797],[10.0290998,44.069926]]]},"properties":{"site":"luni","name":null,"category":"other","historic":null,"building":"yes","osm_id":206024970}},{"type":"Feature","geometry":{"type":"Polygon","coordinates":[[[10.0318306,44.0651459],[10.0319345,44.0651108],[10.0318523,44.0649839],[10.0317485,44.0650189],[10.0318306,44.0651459]]]},"properties":{"site":"luni","name":null,"category":"other","historic":null,"building":"yes","osm_id":206024971}},{"type":"Feature","geometry":{"type":"Polygon","coordinates":[[[10.0181001,44.0653933],[10.0180242,44.0652827],[10.0178966,44.0653279],[10.0179725,44.0654385],[10.0181001,44.0653933]]]},"properties":{"site":"luni","name":null,"category":"other","historic":null,"building":"yes","osm_id":206024980}},{"type":"Feature","geometry":{"type":"Polygon","coordinates":[[[10.0266854,44.063393],[10.0268258,44.0633194],[10.0267381,44.0632323],[10.0265977,44.0633059],[10.0266854,44.063393]]]},"properties":{"site":"luni","name":null,"category":"other","historic":null,"building":"yes","osm_id":206024995}},{"type":"Feature","geometry":{"type":"Polygon","coordinates":[[[10.0300312,44.0658067],[10.0301578,44.0657613],[10.0300684,44.0656318],[10.0299418,44.0656773],[10.0300312,44.0658067]]]},"properties":{"site":"luni","name":null,"category":"other","historic":null,"building":"yes","osm_id":206024996}},{"type":"Feature","geometry":{"type":"Polygon","coordinates":[[[10.0301743,44.0647554],[10.0301175,44.0646689],[10.0299768,44.0647147],[10.0300384,44.0648038],[10.0301743,44.0647554]]]},"properties":{"site":"luni","name":null,"category":"other","historic":null,"building":"yes","osm_id":206025002}},{"type":"Feature","geometry":{"type":"Polygon","coordinates":[[[10.0168519,44.0688541],[10.0169899,44.0687861],[10.0169085,44.0687003],[10.0167705,44.0687682],[10.0168519,44.0688541]]]},"properties":{"site":"luni","name":null,"category":"other","historic":null,"building":"yes","osm_id":206025006}},{"type":"Feature","geometry":{"type":"Polygon","coordinates":[[[10.0316719,44.0699766],[10.031622,44.0699989],[10.0316427,44.0700278],[10.0316955,44.070004],[10.0316719,44.0699766]]]},"properties":{"site":"luni","name":null,"category":"other","historic":null,"building":"yes","osm_id":206025018}},{"type":"Feature","geometry":{"type":"Polygon","coordinates":[[[10.0269728,44.069989],[10.0269113,44.0699327],[10.0268348,44.0699763],[10.0268978,44.0700317],[10.0269728,44.069989]]]},"properties":{"site":"luni","name":null,"category":"other","historic":null,"building":"yes","osm_id":206025020}},{"type":"Feature","geometry":{"type":"Polygon","coordinates":[[[10.030218,44.0664493],[10.0301646,44.066355],[10.0300234,44.0663939],[10.030073,44.0664887],[10.030218,44.0664493]]]},"properties":{"site":"luni","name":null,"category":"other","historic":null,"building":"yes","osm_id":206025038}},{"type":"Feature","geometry":{"type":"Polygon","coordinates":[[[10.0127028,44.0655795],[10.0126619,44.0655166],[10.0125488,44.0655534],[10.0126005,44.0656205],[10.0127028,44.0655795]]]},"properties":{"site":"luni","name":null,"category":"other","historic":null,"building":"yes","osm_id":206025044}},{"type":"Feature","geometry":{"type":"Polygon","coordinates":[[[10.0298913,44.0638962],[10.0298517,44.0638165],[10.0297513,44.0638424],[10.029791,44.0639222],[10.0298913,44.0638962]]]},"properties":{"site":"luni","name":null,"category":"other","historic":null,"building":"yes","osm_id":206025045}},{"type":"Feature","geometry":{"type":"Polygon","coordinates":[[[10.0268572,44.0684063],[10.0269559,44.0684933],[10.0270128,44.0684598],[10.0269146,44.0683742],[10.0268572,44.0684063]]]},"properties":{"site":"luni","name":null,"category":"other","historic":null,"building":"yes","osm_id":206025060}},{"type":"Feature","geometry":{"type":"Polygon","coordinates":[[[10.0282597,44.0675397],[10.0283771,44.067479],[10.02831,44.0674116],[10.0281927,44.0674723],[10.0282597,44.0675397]]]},"properties":{"site":"luni","name":null,"category":"other","historic":null,"building":"yes","osm_id":206025066}},{"type":"Feature","geometry":{"type":"Polygon","coordinates":[[[10.0316716,44.0658201],[10.0316404,44.0657838],[10.0315512,44.0658284],[10.0315793,44.0658613],[10.0316716,44.0658201]]]},"properties":{"site":"luni","name":null,"category":"other","historic":null,"building":"yes","osm_id":206025079}},{"type":"Feature","geometry":{"type":"Polygon","coordinates":[[[10.0312675,44.0661597],[10.0313253,44.0661298],[10.0312326,44.0660368],[10.031175,44.0660667],[10.0312675,44.0661597]]]},"properties":{"site":"luni","name":null,"category":"other","historic":null,"building":"yes","osm_id":206025102}},{"type":"Feature","geometry":{"type":"Polygon","coordinates":[[[10.031056,44.0678902],[10.0311366,44.067866],[10.0311016,44.0678194],[10.0310281,44.0678397],[10.031056,44.0678902]]]},"properties":{"site":"luni","name":null,"category":"other","historic":null,"building":"yes","osm_id":206025106}},{"type":"Feature","geometry":{"type":"Polygon","coordinates":[[[10.0283202,44.0614132],[10.0284456,44.0613689],[10.0283825,44.0612764],[10.0282572,44.0613208],[10.0283202,44.0614132]]]},"properties":{"site":"luni","name":null,"category":"other","historic":null,"building":"yes","osm_id":206025130}},{"type":"Feature","geometry":{"type":"Polygon","coordinates":[[[10.0281349,44.0632724],[10.0282502,44.0632443],[10.0281591,44.0630816],[10.0280522,44.0631103],[10.0281349,44.0632724]]]},"properties":{"site":"luni","name":null,"category":"other","historic":null,"building":"yes","osm_id":206025134}},{"type":"Feature","geometry":{"type":"Polygon","coordinates":[[[10.0288172,44.0696015],[10.0289296,44.0695668],[10.0288944,44.0695073],[10.028782,44.0695419],[10.0288172,44.0696015]]]},"properties":{"site":"luni","name":null,"category":"other","historic":null,"building":"yes","osm_id":206025142}},{"type":"Feature","geometry":{"type":"Polygon","coordinates":[[[10.0297684,44.06491],[10.0298972,44.0648687],[10.029847,44.0647871],[10.029718,44.0648284],[10.0297684,44.06491]]]},"properties":{"site":"luni","name":null,"category":"other","historic":null,"building":"yes","osm_id":206025144}},{"type":"Feature","geometry":{"type":"Polygon","coordinates":[[[10.0259052,44.0620483],[10.0260323,44.0619863],[10.0259505,44.0618994],[10.0258235,44.0619614],[10.0259052,44.0620483]]]},"properties":{"site":"luni","name":null,"category":"other","historic":null,"building":"yes","osm_id":206025186}},{"type":"Feature","geometry":{"type":"Polygon","coordinates":[[[10.0269204,44.0644412],[10.026905,44.0644241],[10.0267884,44.064479],[10.0268047,44.0644957],[10.0269204,44.0644412]]]},"properties":{"site":"luni","name":null,"category":"other","historic":null,"building":"yes","osm_id":206025192}},{"type":"Feature","geometry":{"type":"Polygon","coordinates":[[[10.0303465,44.0645354],[10.0304693,44.0644981],[10.0303657,44.0643206],[10.0302429,44.0643578],[10.0303465,44.0645354]]]},"properties":{"site":"luni","name":null,"category":"other","historic":null,"building":"yes","osm_id":206025197}},{"type":"Feature","geometry":{"type":"Polygon","coordinates":[[[10.0184585,44.0656178],[10.0185277,44.0655958],[10.0185009,44.0655511],[10.018431,44.0655735],[10.0184585,44.0656178]]]},"properties":{"site":"luni","name":null,"category":"other","historic":null,"building":"yes","osm_id":206025216}},{"type":"Feature","geometry":{"type":"Polygon","coordinates":[[[10.028926,44.0672942],[10.0288866,44.0673147],[10.0289612,44.0673892],[10.0289955,44.0673674],[10.028926,44.0672942]]]},"properties":{"site":"luni","name":null,"category":"other","historic":null,"building":"yes","osm_id":206025230}},{"type":"Feature","geometry":{"type":"Polygon","coordinates":[[[10.0270019,44.0631134],[10.0271221,44.0632233],[10.0272299,44.0631619],[10.0271098,44.063052],[10.0270019,44.0631134]]]},"properties":{"site":"luni","name":null,"category":"other","historic":null,"building":"yes","osm_id":206025234}},{"type":"Feature","geometry":{"type":"Polygon","coordinates":[[[10.0131629,44.0670087],[10.0131939,44.0669779],[10.0131618,44.066961],[10.0131282,44.0669904],[10.0131629,44.0670087]]]},"properties":{"site":"luni","name":null,"category":"other","historic":null,"building":"yes","osm_id":206025263}},{"type":"Feature","geometry":{"type":"Polygon","coordinates":[[[10.0168217,44.068587],[10.0167827,44.0685294],[10.0167064,44.0685624],[10.0167466,44.0686134],[10.0168217,44.068587]]]},"properties":{"site":"luni","name":null,"category":"other","historic":null,"building":"yes","osm_id":206025264}},{"type":"Feature","geometry":{"type":"Polygon","coordinates":[[[10.0279808,44.0682812],[10.0279297,44.0682289],[10.0278749,44.0682567],[10.0279295,44.0683061],[10.0279808,44.0682812]]]},"properties":{"site":"luni","name":null,"category":"other","historic":null,"building":"yes","osm_id":206025274}},{"type":"Feature","geometry":{"type":"Polygon","coordinates":[[[10.0273724,44.0652717],[10.0272789,44.065173],[10.0271047,44.0652587],[10.0271979,44.0653574],[10.0273724,44.0652717]]]},"properties":{"site":"luni","name":null,"category":"other","historic":null,"building":"yes","osm_id":206025281}},{"type":"Feature","geometry":{"type":"Polygon","coordinates":[[[10.0285385,44.062819],[10.0284705,44.0627017],[10.0283217,44.0627466],[10.0283894,44.0628637],[10.0285385,44.062819]]]},"properties":{"site":"luni","name":null,"category":"other","historic":null,"building":"yes","osm_id":206025297}},{"type":"Feature","geometry":{"type":"Polygon","coordinates":[[[10.0252093,44.0683739],[10.0251666,44.0683986],[10.0252416,44.0684814],[10.0252921,44.0684545],[10.0252093,44.0683739]]]},"properties":{"site":"luni","name":null,"category":"other","historic":null,"building":"yes","osm_id":206025298}},{"type":"Feature","geometry":{"type":"Polygon","coordinates":[[[10.0108657,44.0698452],[10.0109009,44.0698088],[10.0107433,44.0697406],[10.0107117,44.0697786],[10.0108657,44.0698452]]]},"properties":{"site":"luni","name":null,"category":"other","historic":null,"building":"yes","osm_id":206025299}},{"type":"Feature","geometry":{"type":"Polygon","coordinates":[[[10.0128593,44.0673569],[10.0126689,44.0672802],[10.0126291,44.0673315],[10.0128223,44.0674095],[10.0128593,44.0673569]]]},"properties":{"site":"luni","name":null,"category":"other","historic":null,"building":"yes","osm_id":206025322}},{"type":"Feature","geometry":{"type":"Polygon","coordinates":[[[10.0307093,44.0684894],[10.030845,44.0684343],[10.0307621,44.0683282],[10.0306306,44.0683776],[10.0307093,44.0684894]]]},"properties":{"site":"luni","name":null,"category":"other","historic":null,"building":"yes","osm_id":206025339}},{"type":"Feature","geometry":{"type":"Polygon","coordinates":[[[10.0130381,44.0674768],[10.01298,44.0674521],[10.0129669,44.067468],[10.0129548,44.067483],[10.0130097,44.0675116],[10.0130381,44.0674768]]]},"properties":{"site":"luni","name":null,"category":"other","historic":null,"building":"yes","osm_id":206025371}},{"type":"Feature","geometry":{"type":"Polygon","coordinates":[[[10.0154682,44.064341],[10.0154429,44.0642935],[10.0153841,44.064308],[10.0151716,44.0643667],[10.0152012,44.0644148],[10.0154682,44.064341]]]},"properties":{"site":"luni","name":null,"category":"other","historic":null,"building":"yes","osm_id":206025376}},{"type":"Feature","geometry":{"type":"Polygon","coordinates":[[[10.0286464,44.0679206],[10.0286776,44.0679039],[10.0288188,44.0678283],[10.0287453,44.0677568],[10.028573,44.0678491],[10.0286464,44.0679206]]]},"properties":{"site":"luni","name":null,"category":"other","historic":null,"building":"yes","osm_id":206025379}},{"type":"Feature","geometry":{"type":"Polygon","coordinates":[[[10.0299666,44.0659922],[10.0300647,44.0659543],[10.0300331,44.0659071],[10.0300096,44.065887],[10.0299156,44.0659235],[10.0299666,44.0659922]]]},"properties":{"site":"luni","name":null,"category":"other","historic":null,"building":"yes","osm_id":206025387}},{"type":"Feature","geometry":{"type":"Polygon","coordinates":[[[10.0310805,44.066259],[10.0312452,44.0661726],[10.0311536,44.0660819],[10.0311515,44.0660797],[10.0309867,44.0661663],[10.0310805,44.066259]]]},"properties":{"site":"luni","name":null,"category":"other","historic":null,"building":"yes","osm_id":206025416}},{"type":"Feature","geometry":{"type":"Polygon","coordinates":[[[10.0262469,44.0689392],[10.0263633,44.068875],[10.0262217,44.0687414],[10.0261957,44.0687541],[10.0261048,44.0687988],[10.0262469,44.0689392]]]},"properties":{"site":"luni","name":null,"category":"other","historic":null,"building":"yes","osm_id":206025425}},{"type":"Feature","geometry":{"type":"Polygon","coordinates":[[[10.0133901,44.0683088],[10.0134702,44.0683156],[10.0135169,44.0683195],[10.0135346,44.0682103],[10.0134078,44.0681995],[10.0133901,44.0683088]]]},"properties":{"site":"luni","name":null,"category":"other","historic":null,"building":"yes","osm_id":206025445}},{"type":"Feature","geometry":{"type":"Polygon","coordinates":[[[10.0300729,44.0646122],[10.0302116,44.0645681],[10.0301496,44.0644665],[10.030102,44.0644817],[10.0300109,44.0645106],[10.0300729,44.0646122]]]},"properties":{"site":"luni","name":null,"category":"other","historic":null,"building":"yes","osm_id":206025463}},{"type":"Feature","geometry":{"type":"Polygon","coordinates":[[[10.0228253,44.0683429],[10.0228299,44.0683411],[10.0228001,44.0683019],[10.0227517,44.0683209],[10.022784,44.0683592],[10.0228253,44.0683429]]]},"properties":{"site":"luni","name":null,"category":"other","historic":null,"building":"yes","osm_id":206025477}},{"type":"Feature","geometry":{"type":"Polygon","coordinates":[[[10.0279725,44.0628543],[10.0280619,44.0628201],[10.0279995,44.0627364],[10.0279102,44.0627724],[10.0279406,44.0628094],[10.0279725,44.0628543]]]},"properties":{"site":"luni","name":null,"category":"other","historic":null,"building":"yes","osm_id":206025486}},{"type":"Feature","geometry":{"type":"Polygon","coordinates":[[[10.0316699,44.0674503],[10.031649,44.0674084],[10.0316432,44.0673965],[10.0315773,44.0674134],[10.0316041,44.0674673],[10.0316699,44.0674503]]]},"properties":{"site":"luni","name":null,"category":"other","historic":null,"building":"yes","osm_id":206025500}},{"type":"Feature","geometry":{"type":"Polygon","coordinates":[[[10.0207186,44.062587],[10.0206504,44.0625286],[10.0206469,44.0625256],[10.020604,44.0625511],[10.0206749,44.062613],[10.0207186,44.062587]]]},"properties":{"site":"luni","name":null,"category":"other","historic":null,"building":"yes","osm_id":206025515}},{"type":"Feature","geometry":{"type":"Polygon","coordinates":[[[10.0169047,44.0697393],[10.0170455,44.0696789],[10.0169628,44.0695786],[10.016822,44.069639],[10.0168493,44.0696721],[10.0169047,44.0697393]]]},"properties":{"site":"luni","name":null,"category":"other","historic":null,"building":"yes","osm_id":206025522}},{"type":"Feature","geometry":{"type":"Polygon","coordinates":[[[10.0286689,44.067473],[10.0287427,44.0674335],[10.0287238,44.0674151],[10.02872,44.0674114],[10.0286462,44.0674511],[10.0286689,44.067473]]]},"properties":{"site":"luni","name":null,"category":"other","historic":null,"building":"yes","osm_id":206025532}},{"type":"Feature","geometry":{"type":"Polygon","coordinates":[[[10.0283828,44.0615387],[10.0283241,44.0614626],[10.0283191,44.0614563],[10.0282655,44.0614754],[10.0283208,44.0615598],[10.0283828,44.0615387]]]},"properties":{"site":"luni","name":null,"category":"other","historic":null,"building":"yes","osm_id":206025538}},{"type":"Feature","geometry":{"type":"Polygon","coordinates":[[[10.0269213,44.0683705],[10.0271187,44.0682581],[10.0270544,44.0681998],[10.0268565,44.0683105],[10.0268887,44.0683404],[10.0269213,44.0683705]]]},"properties":{"site":"luni","name":null,"category":"other","historic":null,"building":"yes","osm_id":206025549}},{"type":"Feature","geometry":{"type":"Polygon","coordinates":[[[10.0185277,44.0655958],[10.0187758,44.0655168],[10.0187486,44.0654724],[10.0187245,44.0654801],[10.0185009,44.0655511],[10.0185277,44.0655958]]]},"properties":{"site":"luni","name":null,"category":"other","historic":null,"building":"yes","osm_id":206025556}},{"type":"Feature","geometry":{"type":"Polygon","coordinates":[[[10.0281279,44.0650537],[10.0281735,44.0651232],[10.0282258,44.0651044],[10.0282202,44.0650938],[10.0281763,44.0650372],[10.0281279,44.0650537]]]},"properties":{"site":"luni","name":null,"category":"other","historic":null,"building":"yes","osm_id":206025586}},{"type":"Feature","geometry":{"type":"Polygon","coordinates":[[[10.0298675,44.0669775],[10.0299967,44.0669084],[10.0299241,44.0668378],[10.0298982,44.0668517],[10.0297984,44.0669051],[10.0298675,44.0669775]]]},"properties":{"site":"luni","name":null,"category":"other","historic":null,"building":"yes","osm_id":206025596}},{"type":"Feature","geometry":{"type":"Polygon","coordinates":[[[10.0263896,44.0688585],[10.0264978,44.0688042],[10.0264948,44.0688012],[10.0264134,44.0687168],[10.0263052,44.0687711],[10.0263896,44.0688585]]]},"properties":{"site":"luni","name":null,"category":"other","historic":null,"building":"yes","osm_id":206025606}},{"type":"Feature","geometry":{"type":"Polygon","coordinates":[[[10.0294899,44.063173],[10.0294712,44.0631492],[10.0294534,44.0631267],[10.0294001,44.0631487],[10.0294366,44.0631948],[10.0294899,44.063173]]]},"properties":{"site":"luni","name":null,"category":"other","historic":null,"building":"yes","osm_id":206025613}},{"type":"Feature","geometry":{"type":"Polygon","coordinates":[[[10.0303743,44.0665746],[10.0305526,44.066524],[10.03057,44.0665191],[10.0304715,44.0663382],[10.0302758,44.0663937],[10.0303743,44.0665746]]]},"properties":{"site":"luni","name":null,"category":"other","historic":null,"building":"yes","osm_id":206025614}},{"type":"Feature","geometry":{"type":"Polygon","coordinates":[[[10.0247584,44.0698212],[10.0249626,44.069687],[10.0249166,44.0696506],[10.024722,44.0697778],[10.0247119,44.0697844],[10.0247584,44.0698212]]]},"properties":{"site":"luni","name":null,"category":"other","historic":null,"building":"yes","osm_id":206025641}},{"type":"Feature","geometry":{"type":"Polygon","coordinates":[[[10.0100995,44.0694312],[10.0101842,44.0693156],[10.0101168,44.0692876],[10.0100274,44.0694018],[10.0100914,44.0694279],[10.0100995,44.0694312]]]},"properties":{"site":"luni","name":null,"category":"other","historic":null,"building":"yes","osm_id":206025661}},{"type":"Feature","geometry":{"type":"Polygon","coordinates":[[[10.022784,44.0683592],[10.0227517,44.0683209],[10.0226328,44.0683679],[10.0226297,44.0683691],[10.022663,44.0684069],[10.022784,44.0683592]]]},"properties":{"site":"luni","name":null,"category":"other","historic":null,"building":"yes","osm_id":206025690}},{"type":"Feature","geometry":{"type":"Polygon","coordinates":[[[10.030133,44.0634004],[10.0301903,44.0633861],[10.0301623,44.063328],[10.0301467,44.0632956],[10.0300894,44.06331],[10.030133,44.0634004]]]},"properties":{"site":"luni","name":null,"category":"other","historic":null,"building":"yes","osm_id":206025697}},{"type":"Feature","geometry":{"type":"Polygon","coordinates":[[[10.0304357,44.0669124],[10.0305177,44.0669979],[10.0305685,44.0669704],[10.0304859,44.0668875],[10.0304691,44.0668958],[10.0304357,44.0669124]]]},"properties":{"site":"luni","name":null,"category":"other","historic":null,"building":"yes","osm_id":206025715}},{"type":"Feature","geometry":{"type":"Polygon","coordinates":[[[10.0187113,44.0635526],[10.018831,44.0634993],[10.0187982,44.0634613],[10.0186785,44.0635145],[10.0187113,44.0635526]]]},"properties":{"site":"luni","name":null,"category":"other","historic":null,"building":"yes","osm_id":206025717}},{"type":"Feature","geometry":{"type":"Polygon","coordinates":[[[10.0271515,44.0660288],[10.0272327,44.0659862],[10.0271615,44.0659225],[10.0270848,44.0659627],[10.0270906,44.0659686],[10.0271515,44.0660288]]]},"properties":{"site":"luni","name":null,"category":"other","historic":null,"building":"yes","osm_id":206025722}},{"type":"Feature","geometry":{"type":"Polygon","coordinates":[[[10.0277745,44.0666296],[10.0276976,44.0665521],[10.0276175,44.0665932],[10.027579,44.0666137],[10.0276512,44.0666931],[10.0277745,44.0666296]]]},"properties":{"site":"luni","name":null,"category":"other","historic":null,"building":"yes","osm_id":206025738}},{"type":"Feature","geometry":{"type":"Polygon","coordinates":[[[10.0142326,44.0666231],[10.0142286,44.0666196],[10.0141623,44.0665615],[10.0140583,44.0666203],[10.0141215,44.0666822],[10.0142326,44.0666231]]]},"properties":{"site":"luni","name":null,"category":"other","historic":null,"building":"yes","osm_id":206025749}},{"type":"Feature","geometry":{"type":"Polygon","coordinates":[[[10.0308073,44.0650143],[10.0307513,44.0649369],[10.030637,44.0649719],[10.0306335,44.064975],[10.0306912,44.0650579],[10.0308073,44.0650143]]]},"properties":{"site":"luni","name":null,"category":"other","historic":null,"building":"yes","osm_id":206025818}},{"type":"Feature","geometry":{"type":"Polygon","coordinates":[[[10.0313,44.0696926],[10.0314023,44.0696609],[10.0313529,44.069578],[10.0312507,44.0696096],[10.0312523,44.0696125],[10.0313,44.0696926]]]},"properties":{"site":"luni","name":null,"category":"other","historic":null,"building":"yes","osm_id":206025840}},{"type":"Feature","geometry":{"type":"Polygon","coordinates":[[[10.0295162,44.0668753],[10.029567,44.0669254],[10.029578,44.0669167],[10.0296266,44.0668859],[10.0295922,44.0668354],[10.0295162,44.0668753]]]},"properties":{"site":"luni","name":null,"category":"other","historic":null,"building":"yes","osm_id":206025856}},{"type":"Feature","geometry":{"type":"Polygon","coordinates":[[[10.0318154,44.0656952],[10.031808,44.0656991],[10.0317494,44.0657298],[10.0317848,44.0657839],[10.0318578,44.0657551],[10.0318154,44.0656952]]]},"properties":{"site":"luni","name":null,"category":"other","historic":null,"building":"yes","osm_id":206025857}},{"type":"Feature","geometry":{"type":"Polygon","coordinates":[[[10.0230106,44.0615297],[10.0229583,44.0614352],[10.0229026,44.0614543],[10.0228375,44.061475],[10.0228905,44.0615709],[10.0230106,44.0615297]]]},"properties":{"site":"luni","name":null,"category":"other","historic":null,"building":"yes","osm_id":206025872}},{"type":"Feature","geometry":{"type":"Polygon","coordinates":[[[10.0245686,44.068413],[10.0247046,44.0683483],[10.0246254,44.0682666],[10.0244968,44.0683314],[10.0245625,44.0684063],[10.0245686,44.068413]]]},"properties":{"site":"luni","name":null,"category":"other","historic":null,"building":"yes","osm_id":206025908}},{"type":"Feature","geometry":{"type":"Polygon","coordinates":[[[10.0309625,44.0692048],[10.0309304,44.0691653],[10.0309103,44.0691402],[10.0307903,44.0691913],[10.0308372,44.0692486],[10.0308425,44.0692552],[10.0309625,44.0692048]]]},"properties":{"site":"luni","name":null,"category":"other","historic":null,"building":"yes","osm_id":206025920}},{"type":"Feature","geometry":{"type":"Polygon","coordinates":[[[10.0164861,44.068749],[10.0165587,44.068724],[10.0164465,44.0685719],[10.0163642,44.0686045],[10.0164147,44.0686705],[10.0164235,44.068667],[10.0164861,44.068749]]]},"properties":{"site":"luni","name":null,"category":"other","historic":null,"building":"yes","osm_id":206025925}},{"type":"Feature","geometry":{"type":"Polygon","coordinates":[[[10.018456,44.0693342],[10.0185877,44.0692781],[10.0185113,44.0691851],[10.0184233,44.0692225],[10.0184445,44.0692484],[10.0184011,44.0692671],[10.018456,44.0693342]]]},"properties":{"site":"luni","name":null,"category":"other","historic":null,"building":"yes","osm_id":206025942}},{"type":"Feature","geometry":{"type":"Polygon","coordinates":[[[10.0222466,44.0698389],[10.0223912,44.0697421],[10.0222554,44.0696367],[10.0221021,44.0697395],[10.022187,44.0698054],[10.0221959,44.0697995],[10.0222466,44.0698389]]]},"properties":{"site":"luni","name":null,"category":"other","historic":null,"building":"yes","osm_id":206025948}},{"type":"Feature","geometry":{"type":"Polygon","coordinates":[[[10.0315191,44.0648835],[10.0316751,44.0648344],[10.0316147,44.0647347],[10.0316286,44.0647303],[10.0315926,44.0646706],[10.0314227,44.064724],[10.0315191,44.0648835]]]},"properties":{"site":"luni","name":null,"category":"other","historic":null,"building":"yes","osm_id":206025949}},{"type":"Feature","geometry":{"type":"Polygon","coordinates":[[[10.0305687,44.064438],[10.0307055,44.0644096],[10.0306602,44.0642966],[10.0306063,44.0643078],[10.0305996,44.0642908],[10.0305166,44.0643079],[10.0305687,44.064438]]]},"properties":{"site":"luni","name":null,"category":"other","historic":null,"building":"yes","osm_id":206025950}},{"type":"Feature","geometry":{"type":"Polygon","coordinates":[[[10.0320124,44.0644212],[10.0319593,44.0643168],[10.0317711,44.0643667],[10.0318274,44.0644768],[10.0319518,44.0644438],[10.0319489,44.0644381],[10.0320124,44.0644212]]]},"properties":{"site":"luni","name":null,"category":"other","historic":null,"building":"yes","osm_id":206025952}},{"type":"Feature","geometry":{"type":"Polygon","coordinates":[[[10.0260535,44.0610088],[10.0259647,44.0610124],[10.0259576,44.0610126],[10.0259582,44.0610135],[10.0260104,44.0610754],[10.0261085,44.0610757],[10.0260535,44.0610088]]]},"properties":{"site":"luni","name":null,"category":"other","historic":null,"building":"yes","osm_id":206025965}},{"type":"Feature","geometry":{"type":"Polygon","coordinates":[[[10.0275241,44.0686356],[10.0275926,44.0685982],[10.0275542,44.0685615],[10.0274998,44.0685913],[10.0274859,44.068578],[10.0274704,44.0685843],[10.0275241,44.0686356]]]},"properties":{"site":"luni","name":null,"category":"other","historic":null,"building":"yes","osm_id":206025966}},{"type":"Feature","geometry":{"type":"Polygon","coordinates":[[[10.0252416,44.0684814],[10.0251666,44.0683986],[10.0252093,44.0683739],[10.0251646,44.0683304],[10.0250058,44.0684074],[10.0251318,44.06854],[10.0252416,44.0684814]]]},"properties":{"site":"luni","name":null,"category":"other","historic":null,"building":"yes","osm_id":206025975}},{"type":"Feature","geometry":{"type":"Polygon","coordinates":[[[10.0281491,44.0661224],[10.0281362,44.0660896],[10.0281059,44.0660128],[10.0281042,44.0660088],[10.0279698,44.0660364],[10.0280148,44.06615],[10.0281491,44.0661224]]]},"properties":{"site":"luni","name":null,"category":"other","historic":null,"building":"yes","osm_id":206025984}},{"type":"Feature","geometry":{"type":"Polygon","coordinates":[[[10.0306024,44.0670193],[10.0306625,44.0669867],[10.0306338,44.0669592],[10.0305837,44.0669849],[10.0305726,44.066991],[10.0306024,44.0670193]]]},"properties":{"site":"luni","name":null,"category":"other","historic":null,"building":"yes","osm_id":206026004}},{"type":"Feature","geometry":{"type":"Polygon","coordinates":[[[10.0319035,44.066603],[10.0320477,44.0665587],[10.031988,44.0664576],[10.0320087,44.0664513],[10.0319865,44.0664137],[10.03181,44.066469],[10.0319035,44.066603]]]},"properties":{"site":"luni","name":null,"category":"other","historic":null,"building":"yes","osm_id":206026006}},{"type":"Feature","geometry":{"type":"Polygon","coordinates":[[[10.0269935,44.0635755],[10.0271771,44.0634897],[10.0271926,44.0634824],[10.0271624,44.0634488],[10.0270922,44.0633706],[10.0268905,44.0634652],[10.0269935,44.0635755]]]},"properties":{"site":"luni","name":null,"category":"other","historic":null,"building":"yes","osm_id":206026010}},{"type":"Feature","geometry":{"type":"Polygon","coordinates":[[[10.0115107,44.0688236],[10.0116328,44.0688787],[10.0116616,44.0688454],[10.011667,44.0688478],[10.0117237,44.0687824],[10.0115963,44.0687249],[10.0115107,44.0688236]]]},"properties":{"site":"luni","name":null,"category":"other","historic":null,"building":"yes","osm_id":206026018}},{"type":"Feature","geometry":{"type":"Polygon","coordinates":[[[10.0310245,44.0647017],[10.0311519,44.0646664],[10.0311607,44.0646829],[10.0313205,44.0646386],[10.0312509,44.0645086],[10.030964,44.0645882],[10.0310245,44.0647017]]]},"properties":{"site":"luni","name":null,"category":"other","historic":null,"building":"yes","osm_id":206026021}},{"type":"Feature","geometry":{"type":"Polygon","coordinates":[[[10.0303855,44.0694259],[10.0303337,44.069448],[10.0303517,44.06947],[10.0303968,44.0695208],[10.030499,44.0694759],[10.0304329,44.0694041],[10.0303855,44.0694259]]]},"properties":{"site":"luni","name":null,"category":"other","historic":null,"building":"yes","osm_id":206026028}},{"type":"Feature","geometry":{"type":"Polygon","coordinates":[[[10.0314062,44.0680351],[10.0315584,44.0680043],[10.0315435,44.0679661],[10.0313994,44.0680034],[10.0313962,44.067998],[10.0313888,44.0680004],[10.0314062,44.0680351]]]},"properties":{"site":"luni","name":null,"category":"other","historic":null,"building":"yes","osm_id":206026037}},{"type":"Feature","geometry":{"type":"Polygon","coordinates":[[[10.0279378,44.0685114],[10.0281204,44.0684243],[10.0280501,44.0683523],[10.028002,44.0683801],[10.0280142,44.0683904],[10.0278817,44.0684541],[10.0279378,44.0685114]]]},"properties":{"site":"luni","name":null,"category":"other","historic":null,"building":"yes","osm_id":206026048}},{"type":"Feature","geometry":{"type":"Polygon","coordinates":[[[10.0272735,44.0669814],[10.0273985,44.0668901],[10.0272827,44.0668077],[10.0271578,44.0668991],[10.0271663,44.066905],[10.0272675,44.0669772],[10.0272735,44.0669814]]]},"properties":{"site":"luni","name":null,"category":"other","historic":null,"building":"yes","osm_id":206026068}},{"type":"Feature","geometry":{"type":"Polygon","coordinates":[[[10.0256619,44.0691772],[10.0257291,44.0692349],[10.0258453,44.0691623],[10.0257595,44.0690922],[10.0257166,44.0691121],[10.025645,44.0691616],[10.0256619,44.0691772]]]},"properties":{"site":"luni","name":null,"category":"other","historic":null,"building":"yes","osm_id":206026077}},{"type":"Feature","geometry":{"type":"Polygon","coordinates":[[[10.028819,44.0640435],[10.0289693,44.0639993],[10.0289144,44.0639082],[10.0288459,44.063932],[10.0288397,44.0639226],[10.0287574,44.0639509],[10.028819,44.0640435]]]},"properties":{"site":"luni","name":null,"category":"other","historic":null,"building":"yes","osm_id":206026084}},{"type":"Feature","geometry":{"type":"Polygon","coordinates":[[[10.0290693,44.0651318],[10.0291603,44.0650953],[10.029023,44.0649167],[10.0289812,44.0649333],[10.028932,44.064953],[10.0289947,44.0650345],[10.0290693,44.0651318]]]},"properties":{"site":"luni","name":null,"category":"other","historic":null,"building":"yes","osm_id":206026086}},{"type":"Feature","geometry":{"type":"Polygon","coordinates":[[[10.015625,44.0646435],[10.0156754,44.0647434],[10.0157405,44.0647264],[10.0157578,44.0647606],[10.0158209,44.0647442],[10.0157532,44.0646101],[10.015625,44.0646435]]]},"properties":{"site":"luni","name":null,"category":"other","historic":null,"building":"yes","osm_id":206026096}},{"type":"Feature","geometry":{"type":"Polygon","coordinates":[[[10.0280619,44.0628201],[10.0279725,44.0628543],[10.0279406,44.0628094],[10.0278447,44.0628502],[10.027907,44.0629406],[10.0280969,44.0628671],[10.0280619,44.0628201]]]},"properties":{"site":"luni","name":null,"category":"other","historic":null,"building":"yes","osm_id":206026101}},{"type":"Feature","geometry":{"type":"Polygon","coordinates":[[[10.0316422,44.0656787],[10.0316869,44.0656587],[10.0317069,44.0656822],[10.0317914,44.0656446],[10.0317076,44.0655467],[10.0315785,44.0656043],[10.0316422,44.0656787]]]},"properties":{"site":"luni","name":null,"category":"other","historic":null,"building":"yes","osm_id":206026105}},{"type":"Feature","geometry":{"type":"Polygon","coordinates":[[[10.0279668,44.0643719],[10.0280798,44.064324],[10.0279511,44.0641661],[10.0278654,44.0642022],[10.0279147,44.0642628],[10.0278873,44.0642744],[10.0279668,44.0643719]]]},"properties":{"site":"luni","name":null,"category":"other","historic":null,"building":"yes","osm_id":206026109}},{"type":"Feature","geometry":{"type":"Polygon","coordinates":[[[10.0301626,44.0667147],[10.0301058,44.0666031],[10.030104,44.0665997],[10.030103,44.0666],[10.0300492,44.0666204],[10.0301036,44.0667347],[10.0301626,44.0667147]]]},"properties":{"site":"luni","name":null,"category":"other","historic":null,"building":"yes","osm_id":206026142}},{"type":"Feature","geometry":{"type":"Polygon","coordinates":[[[10.0295124,44.0623338],[10.0296563,44.0622697],[10.0295152,44.0621052],[10.0294536,44.0621326],[10.029462,44.0621424],[10.0293796,44.0621792],[10.0295124,44.0623338]]]},"properties":{"site":"luni","name":null,"category":"other","historic":null,"building":"yes","osm_id":206026144}},{"type":"Feature","geometry":{"type":"Polygon","coordinates":[[[10.0247785,44.0687366],[10.0246742,44.0686776],[10.0245717,44.068772],[10.0246275,44.0688057],[10.0246449,44.06879],[10.0246917,44.0688165],[10.0247785,44.0687366]]]},"properties":{"site":"luni","name":null,"category":"other","historic":null,"building":"yes","osm_id":206026149}},{"type":"Feature","geometry":{"type":"Polygon","coordinates":[[[10.0177869,44.0652399],[10.0179283,44.0651928],[10.0178706,44.0651035],[10.0178101,44.0651237],[10.0178151,44.0651314],[10.0177343,44.0651584],[10.0177869,44.0652399]]]},"properties":{"site":"luni","name":null,"category":"other","historic":null,"building":"yes","osm_id":206026157}},{"type":"Feature","geometry":{"type":"Polygon","coordinates":[[[10.0276536,44.0681121],[10.0276045,44.0680695],[10.027572,44.0680901],[10.0275535,44.0680749],[10.0275178,44.0680976],[10.0275869,44.0681545],[10.0276536,44.0681121]]]},"properties":{"site":"luni","name":null,"category":"other","historic":null,"building":"yes","osm_id":206026158}},{"type":"Feature","geometry":{"type":"Polygon","coordinates":[[[10.0307499,44.0673406],[10.0307075,44.067277],[10.0305485,44.0673321],[10.0305659,44.0673582],[10.0305885,44.067392],[10.0305911,44.0673958],[10.0307499,44.0673406]]]},"properties":{"site":"luni","name":null,"category":"other","historic":null,"building":"yes","osm_id":206026159}},{"type":"Feature","geometry":{"type":"Polygon","coordinates":[[[10.0220699,44.0660985],[10.0220273,44.0660324],[10.02196,44.066055],[10.0219716,44.066073],[10.0220134,44.0660633],[10.0220415,44.066108],[10.0220699,44.0660985]]]},"properties":{"site":"luni","name":null,"category":"other","historic":null,"building":"yes","osm_id":206026161}},{"type":"Feature","geometry":{"type":"Polygon","coordinates":[[[10.0219258,44.0661852],[10.0220058,44.0661585],[10.0219854,44.0661268],[10.0219409,44.0661393],[10.0219146,44.0660979],[10.0218756,44.0661118],[10.0219258,44.0661852]]]},"properties":{"site":"luni","name":null,"category":"other","historic":null,"building":"yes","osm_id":206026192}},{"type":"Feature","geometry":{"type":"Polygon","coordinates":[[[10.0223424,44.0684348],[10.0223845,44.0684875],[10.0224153,44.0684747],[10.0223916,44.0684456],[10.0225427,44.0683873],[10.0225213,44.0683604],[10.0223424,44.0684348]]]},"properties":{"site":"luni","name":null,"category":"other","historic":null,"building":"yes","osm_id":206026199}},{"type":"Feature","geometry":{"type":"Polygon","coordinates":[[[10.0135257,44.0678929],[10.0135037,44.067876],[10.0133763,44.0679644],[10.0134305,44.068001],[10.0134366,44.0679986],[10.0134096,44.0679796],[10.0135257,44.0678929]]]},"properties":{"site":"luni","name":null,"category":"other","historic":null,"building":"yes","osm_id":206026200}},{"type":"Feature","geometry":{"type":"Polygon","coordinates":[[[10.0285584,44.0617931],[10.0286374,44.061905],[10.0288235,44.0618367],[10.0287901,44.0617894],[10.0287826,44.0617921],[10.0287369,44.0617274],[10.0285584,44.0617931]]]},"properties":{"site":"luni","name":null,"category":"other","historic":null,"building":"yes","osm_id":206026212}},{"type":"Feature","geometry":{"type":"Polygon","coordinates":[[[10.0272686,44.0638069],[10.0272326,44.0637611],[10.0271809,44.0637804],[10.0272042,44.0638072],[10.0271916,44.0638112],[10.0272079,44.0638319],[10.0272686,44.0638069]]]},"properties":{"site":"luni","name":null,"category":"other","historic":null,"building":"yes","osm_id":206026220}},{"type":"Feature","geometry":{"type":"Polygon","coordinates":[[[10.0128731,44.06743],[10.0129182,44.0673719],[10.0128644,44.0673502],[10.0128593,44.0673569],[10.0128223,44.0674095],[10.0128383,44.0674159],[10.0128731,44.06743]]]},"properties":{"site":"luni","name":null,"category":"other","historic":null,"building":"yes","osm_id":206026222}},{"type":"Feature","geometry":{"type":"Polygon","coordinates":[[[10.0257698,44.0699521],[10.0258262,44.0699179],[10.0257591,44.0698654],[10.0257228,44.0698895],[10.0257103,44.069881],[10.0256958,44.0698899],[10.0257698,44.0699521]]]},"properties":{"site":"luni","name":null,"category":"other","historic":null,"building":"yes","osm_id":206026281}},{"type":"Feature","geometry":{"type":"Polygon","coordinates":[[[10.0244933,44.0684392],[10.0245625,44.0684063],[10.0244968,44.0683314],[10.0244892,44.0683351],[10.0243807,44.0682231],[10.024322,44.0682515],[10.0244933,44.0684392]]]},"properties":{"site":"luni","name":null,"category":"other","historic":null,"building":"yes","osm_id":206026329}},{"type":"Feature","geometry":{"type":"Polygon","coordinates":[[[10.0151448,44.069366],[10.0152221,44.0693131],[10.0151953,44.0692914],[10.0152209,44.0692745],[10.0151553,44.0692188],[10.0150487,44.0692861],[10.0151448,44.069366]]]},"properties":{"site":"luni","name":null,"category":"other","historic":null,"building":"yes","osm_id":206026356}},{"type":"Feature","geometry":{"type":"Polygon","coordinates":[[[10.0307884,44.0664061],[10.0306514,44.0662259],[10.0304948,44.0662877],[10.0305575,44.0663702],[10.0305456,44.0663748],[10.0306201,44.0664726],[10.0307884,44.0664061]]]},"properties":{"site":"luni","name":null,"category":"other","historic":null,"building":"yes","osm_id":206026359}},{"type":"Feature","geometry":{"type":"Polygon","coordinates":[[[10.0232518,44.0645506],[10.0233827,44.0644955],[10.0233083,44.0644037],[10.0233036,44.0644057],[10.0231868,44.0644548],[10.0231774,44.0644589],[10.0232518,44.0645506]]]},"properties":{"site":"luni","name":null,"category":"other","historic":null,"building":"yes","osm_id":206026360}},{"type":"Feature","geometry":{"type":"Polygon","coordinates":[[[10.0303974,44.0642279],[10.0305347,44.064204],[10.0305009,44.064103],[10.0304847,44.0641014],[10.0304856,44.0640966],[10.0303549,44.0641247],[10.0303974,44.0642279]]]},"properties":{"site":"luni","name":null,"category":"other","historic":null,"building":"yes","osm_id":206026364}},{"type":"Feature","geometry":{"type":"Polygon","coordinates":[[[10.0280646,44.0665354],[10.0280074,44.0664479],[10.0280068,44.066447],[10.027963,44.0664567],[10.0280196,44.0665508],[10.0280233,44.0665493],[10.0280646,44.0665354]]]},"properties":{"site":"luni","name":null,"category":"other","historic":null,"building":"yes","osm_id":206026399}},{"type":"Feature","geometry":{"type":"Polygon","coordinates":[[[10.030515,44.0685953],[10.0305902,44.0685673],[10.0305804,44.0685538],[10.0306232,44.0685378],[10.0305388,44.0684201],[10.0304208,44.068464],[10.030515,44.0685953]]]},"properties":{"site":"luni","name":null,"category":"other","historic":null,"building":"yes","osm_id":206026411}},{"type":"Feature","geometry":{"type":"Polygon","coordinates":[[[10.0321404,44.0689649],[10.0321403,44.0689614],[10.032133,44.0688505],[10.0319823,44.0688555],[10.0319898,44.06897],[10.0320903,44.0689665],[10.0321404,44.0689649]]]},"properties":{"site":"luni","name":null,"category":"other","historic":null,"building":"yes","osm_id":206026414}},{"type":"Feature","geometry":{"type":"Polygon","coordinates":[[[10.0186121,44.0635104],[10.0186032,44.0634999],[10.0184862,44.0635511],[10.0185484,44.0636246],[10.0186654,44.0635734],[10.0186121,44.0635104]]]},"properties":{"site":"luni","name":null,"category":"other","historic":null,"building":"yes","osm_id":206026416}},{"type":"Feature","geometry":{"type":"Polygon","coordinates":[[[10.0109527,44.0696901],[10.0108883,44.0696604],[10.0109319,44.0695968],[10.0109236,44.0695931],[10.0108265,44.069707],[10.0109076,44.069743],[10.0109527,44.0696901]]]},"properties":{"site":"luni","name":null,"category":"other","historic":null,"building":"yes","osm_id":206026419}},{"type":"Feature","geometry":{"type":"Polygon","coordinates":[[[10.0284661,44.0616568],[10.0286372,44.0615926],[10.0285546,44.0614782],[10.0284345,44.0615233],[10.0284383,44.0615285],[10.0283873,44.0615477],[10.0284661,44.0616568]]]},"properties":{"site":"luni","name":null,"category":"other","historic":null,"building":"yes","osm_id":206026421}},{"type":"Feature","geometry":{"type":"Polygon","coordinates":[[[10.0198659,44.0633674],[10.0200138,44.0633093],[10.0199548,44.063231],[10.0199003,44.0632524],[10.0198142,44.0632862],[10.0198066,44.0632891],[10.0198659,44.0633674]]]},"properties":{"site":"luni","name":null,"category":"other","historic":null,"building":"yes","osm_id":206026423}},{"type":"Feature","geometry":{"type":"Polygon","coordinates":[[[10.0286957,44.0658696],[10.0290289,44.0657302],[10.0290488,44.0657218],[10.0289906,44.0656496],[10.0286376,44.0657975],[10.0286875,44.0658594],[10.0286957,44.0658696]]]},"properties":{"site":"luni","name":null,"category":"other","historic":null,"building":"yes","osm_id":206026431}},{"type":"Feature","geometry":{"type":"Polygon","coordinates":[[[10.0320065,44.0660993],[10.0320518,44.0660757],[10.0320579,44.0660818],[10.032092,44.066064],[10.0320186,44.0659905],[10.0319394,44.0660253],[10.0320065,44.0660993]]]},"properties":{"site":"luni","name":null,"category":"other","historic":null,"building":"yes","osm_id":206026444}},{"type":"Feature","geometry":{"type":"Polygon","coordinates":[[[10.0311508,44.0683668],[10.0311105,44.0683115],[10.031072,44.0683267],[10.0310302,44.0682714],[10.0309183,44.0683156],[10.0310018,44.0684255],[10.0311508,44.0683668]]]},"properties":{"site":"luni","name":null,"category":"other","historic":null,"building":"yes","osm_id":206026448}},{"type":"Feature","geometry":{"type":"Polygon","coordinates":[[[10.028075,44.0645855],[10.0282735,44.0645047],[10.0282127,44.0644254],[10.0281622,44.0643908],[10.0279972,44.0644598],[10.0280117,44.0645091],[10.028075,44.0645855]]]},"properties":{"site":"luni","name":null,"category":"other","historic":null,"building":"yes","osm_id":206026455}},{"type":"Feature","geometry":{"type":"Polygon","coordinates":[[[10.0144507,44.0677262],[10.0146126,44.0678966],[10.0147322,44.0678375],[10.0145758,44.0676728],[10.0145156,44.0677027],[10.0145084,44.0676956],[10.0144507,44.0677262]]]},"properties":{"site":"luni","name":null,"category":"other","historic":null,"building":"yes","osm_id":206026461}},{"type":"Feature","geometry":{"type":"Polygon","coordinates":[[[10.031811,44.0670226],[10.0318095,44.0670194],[10.031881,44.067],[10.0318374,44.0669158],[10.0316733,44.0669602],[10.0317104,44.0670476],[10.031811,44.0670226]]]},"properties":{"site":"luni","name":null,"category":"other","historic":null,"building":"yes","osm_id":206026466}},{"type":"Feature","geometry":{"type":"Polygon","coordinates":[[[10.0110553,44.069592],[10.0109686,44.0695536],[10.0109319,44.0695968],[10.0108883,44.0696604],[10.0109527,44.0696901],[10.0109665,44.0696962],[10.0110553,44.069592]]]},"properties":{"site":"luni","name":null,"category":"other","historic":null,"building":"yes","osm_id":206026476}},{"type":"Feature","geometry":{"type":"Polygon","coordinates":[[[10.031954,44.0658113],[10.0321284,44.0657142],[10.0322294,44.065658],[10.0321539,44.0655874],[10.0320632,44.0656357],[10.0318762,44.0657355],[10.031954,44.0658113]]]},"properties":{"site":"luni","name":null,"category":"other","historic":null,"building":"yes","osm_id":206026540}},{"type":"Feature","geometry":{"type":"Polygon","coordinates":[[[10.0314588,44.0692769],[10.0315714,44.0692429],[10.0315543,44.0692172],[10.0315707,44.0692106],[10.0315416,44.0691731],[10.031417,44.0692041],[10.0314588,44.0692769]]]},"properties":{"site":"luni","name":null,"category":"other","historic":null,"building":"yes","osm_id":206026561}},{"type":"Feature","geometry":{"type":"Polygon","coordinates":[[[10.029412,44.0630753],[10.0293986,44.0630772],[10.0293967,44.0630731],[10.0293199,44.0630846],[10.0293393,44.0631302],[10.029427,44.0631112],[10.029412,44.0630753]]]},"properties":{"site":"luni","name":null,"category":"other","historic":null,"building":"yes","osm_id":206026563}},{"type":"Feature","geometry":{"type":"Polygon","coordinates":[[[10.0232881,44.06636],[10.02339,44.066324],[10.0233938,44.0663226],[10.0233391,44.0662422],[10.0232404,44.066277],[10.0232332,44.0662796],[10.0232881,44.06636]]]},"properties":{"site":"luni","name":null,"category":"other","historic":null,"building":"yes","osm_id":206026570}},{"type":"Feature","geometry":{"type":"Polygon","coordinates":[[[10.0303855,44.0694259],[10.0303663,44.0694043],[10.0302917,44.0694388],[10.0303289,44.0694806],[10.0303517,44.06947],[10.0303337,44.069448],[10.0303855,44.0694259]]]},"properties":{"site":"luni","name":null,"category":"other","historic":null,"building":"yes","osm_id":206026586}},{"type":"Feature","geometry":{"type":"Polygon","coordinates":[[[10.0306631,44.0694022],[10.0306158,44.0693488],[10.0305985,44.0693277],[10.0305472,44.0693515],[10.0304981,44.0693741],[10.0305636,44.069446],[10.0306631,44.0694022]]]},"properties":{"site":"luni","name":null,"category":"other","historic":null,"building":"yes","osm_id":206026599}},{"type":"Feature","geometry":{"type":"Polygon","coordinates":[[[10.0148827,44.0692785],[10.0149859,44.0692104],[10.0149657,44.0691944],[10.0148944,44.0691384],[10.0147913,44.0692066],[10.014879,44.0692755],[10.0148827,44.0692785]]]},"properties":{"site":"luni","name":null,"category":"other","historic":null,"building":"yes","osm_id":206026606}},{"type":"Feature","geometry":{"type":"Polygon","coordinates":[[[10.0272015,44.0686031],[10.0272442,44.06858],[10.0272592,44.0685942],[10.0273418,44.0685495],[10.0272915,44.0685012],[10.0271635,44.0685705],[10.0272015,44.0686031]]]},"properties":{"site":"luni","name":null,"category":"other","historic":null,"building":"yes","osm_id":206026624}},{"type":"Feature","geometry":{"type":"Polygon","coordinates":[[[10.0146309,44.0649312],[10.0147554,44.0648739],[10.0147265,44.0648436],[10.0146615,44.0648724],[10.0146238,44.0648335],[10.0145631,44.0648582],[10.0146309,44.0649312]]]},"properties":{"site":"luni","name":null,"category":"other","historic":null,"building":"house","osm_id":206026627}},{"type":"Feature","geometry":{"type":"Polygon","coordinates":[[[10.0311105,44.0683115],[10.0311508,44.0683668],[10.0311901,44.0684184],[10.0313143,44.0683695],[10.03132,44.0683672],[10.0312393,44.0682608],[10.0311105,44.0683115]]]},"properties":{"site":"luni","name":null,"category":"other","historic":null,"building":"yes","osm_id":206026635}},{"type":"Feature","geometry":{"type":"Polygon","coordinates":[[[10.0278618,44.0628069],[10.0278312,44.0627636],[10.0278719,44.0627485],[10.0278378,44.0627007],[10.0276706,44.0627624],[10.0277247,44.0628418],[10.0278618,44.0628069]]]},"properties":{"site":"luni","name":null,"category":"other","historic":null,"building":"yes","osm_id":206026636}},{"type":"Feature","geometry":{"type":"Polygon","coordinates":[[[10.0305472,44.0693515],[10.0305985,44.0693277],[10.0306158,44.0693488],[10.0306418,44.0693368],[10.0306052,44.0692954],[10.0305287,44.0693306],[10.0305472,44.0693515]]]},"properties":{"site":"luni","name":null,"category":"other","historic":null,"building":"yes","osm_id":206026643}},{"type":"Feature","geometry":{"type":"Polygon","coordinates":[[[10.0282568,44.0608528],[10.0282759,44.0608459],[10.0282802,44.0608528],[10.0284203,44.0608127],[10.0283676,44.0607173],[10.0282075,44.0607632],[10.0282568,44.0608528]]]},"properties":{"site":"luni","name":null,"category":"other","historic":null,"building":"yes","osm_id":206026661}},{"type":"Feature","geometry":{"type":"Polygon","coordinates":[[[10.031864,44.0678787],[10.0320092,44.0678311],[10.0319474,44.0677196],[10.0318531,44.0677488],[10.0318378,44.0677331],[10.0317905,44.0677493],[10.031864,44.0678787]]]},"properties":{"site":"luni","name":null,"category":"other","historic":null,"building":"yes","osm_id":206026670}},{"type":"Feature","geometry":{"type":"Polygon","coordinates":[[[10.0264991,44.0687752],[10.0266274,44.0687077],[10.0265424,44.0686237],[10.02649,44.0686513],[10.026448,44.0686099],[10.0263722,44.0686498],[10.0264991,44.0687752]]]},"properties":{"site":"luni","name":null,"category":"other","historic":null,"building":"yes","osm_id":206026691}},{"type":"Feature","geometry":{"type":"Polygon","coordinates":[[[10.0313294,44.068978],[10.0313862,44.0689586],[10.0313823,44.0689524],[10.0314639,44.0689246],[10.0314137,44.0688477],[10.031275,44.0688948],[10.0313294,44.068978]]]},"properties":{"site":"luni","name":null,"category":"other","historic":null,"building":"yes","osm_id":206026711}},{"type":"Feature","geometry":{"type":"Polygon","coordinates":[[[10.0276361,44.0646361],[10.0276102,44.0646054],[10.0275779,44.0646202],[10.0275584,44.064629],[10.0275625,44.0646338],[10.0275863,44.064661],[10.0276361,44.0646361]]]},"properties":{"site":"luni","name":null,"category":"other","historic":null,"building":"yes","osm_id":206026714}},{"type":"Feature","geometry":{"type":"Polygon","coordinates":[[[10.0292961,44.0610416],[10.0293139,44.0610729],[10.0293257,44.0610939],[10.0293851,44.0610764],[10.0293829,44.0610726],[10.0293555,44.0610241],[10.0292961,44.0610416]]]},"properties":{"site":"luni","name":null,"category":"other","historic":null,"building":"yes","osm_id":206026724}},{"type":"Feature","geometry":{"type":"Polygon","coordinates":[[[10.0268868,44.0630206],[10.0270118,44.0629345],[10.0269623,44.0628923],[10.026953,44.0628976],[10.0269148,44.0628634],[10.0267915,44.0629349],[10.0268868,44.0630206]]]},"properties":{"site":"luni","name":null,"category":"other","historic":null,"building":"yes","osm_id":206026727}},{"type":"Feature","geometry":{"type":"Polygon","coordinates":[[[10.0167231,44.06829],[10.0168058,44.0683646],[10.0169197,44.0682989],[10.0168345,44.0682217],[10.0167759,44.0682475],[10.0167878,44.0682615],[10.0167231,44.06829]]]},"properties":{"site":"luni","name":null,"category":"other","historic":null,"building":"yes","osm_id":206026740}},{"type":"Feature","geometry":{"type":"Polygon","coordinates":[[[10.0269213,44.0683705],[10.0269146,44.0683742],[10.0270128,44.0684598],[10.027212,44.0683426],[10.0271228,44.0682618],[10.0271187,44.0682581],[10.0269213,44.0683705]]]},"properties":{"site":"luni","name":null,"category":"other","historic":null,"building":"yes","osm_id":206026741}},{"type":"Feature","geometry":{"type":"Polygon","coordinates":[[[10.0289947,44.067253],[10.0291031,44.0672019],[10.0290659,44.0671676],[10.0290364,44.0671841],[10.0290064,44.0671562],[10.0289437,44.0671908],[10.0289947,44.067253]]]},"properties":{"site":"luni","name":null,"category":"other","historic":null,"building":"yes","osm_id":206026743}},{"type":"Feature","geometry":{"type":"Polygon","coordinates":[[[10.0249098,44.0676711],[10.0249525,44.067648],[10.024963,44.0676581],[10.0251064,44.0675808],[10.0250017,44.0674796],[10.0248155,44.0675801],[10.0249098,44.0676711]]]},"properties":{"site":"luni","name":null,"category":"other","historic":null,"building":"yes","osm_id":206026777}},{"type":"Feature","geometry":{"type":"Polygon","coordinates":[[[10.015814,44.0700154],[10.0158653,44.0699922],[10.0158471,44.0699696],[10.0158912,44.0699441],[10.0158785,44.0699329],[10.0157834,44.0699858],[10.015814,44.0700154]]]},"properties":{"site":"luni","name":null,"category":"other","historic":null,"building":"yes","osm_id":206026780}},{"type":"Feature","geometry":{"type":"Polygon","coordinates":[[[10.0302032,44.0688252],[10.0302027,44.0688205],[10.0300822,44.0688273],[10.0300943,44.068911],[10.0302118,44.0689043],[10.0302084,44.0688724],[10.0302032,44.0688252]]]},"properties":{"site":"luni","name":null,"category":"other","historic":null,"building":"yes","osm_id":206026782}},{"type":"Feature","geometry":{"type":"Polygon","coordinates":[[[10.0303014,44.064706],[10.030251,44.0646254],[10.0301175,44.0646689],[10.0301743,44.0647554],[10.0302362,44.0647333],[10.0302333,44.0647282],[10.0303014,44.064706]]]},"properties":{"site":"luni","name":null,"category":"other","historic":null,"building":"yes","osm_id":206026789}},{"type":"Feature","geometry":{"type":"Polygon","coordinates":[[[10.0298369,44.0635365],[10.0298526,44.0635325],[10.0299947,44.0634965],[10.0299462,44.0633973],[10.0297885,44.0634373],[10.0298255,44.0635131],[10.0298369,44.0635365]]]},"properties":{"site":"luni","name":null,"category":"other","historic":null,"building":"yes","osm_id":206026794}},{"type":"Feature","geometry":{"type":"Polygon","coordinates":[[[10.0294956,44.06745],[10.0295468,44.0674215],[10.0295711,44.067408],[10.0296137,44.0673842],[10.0295467,44.0673218],[10.0294287,44.0673876],[10.0294815,44.0674369],[10.0294956,44.06745]]]},"properties":{"site":"luni","name":null,"category":"other","historic":null,"building":"yes","osm_id":206026813}},{"type":"Feature","geometry":{"type":"Polygon","coordinates":[[[10.0310543,44.0663104],[10.0309476,44.0662052],[10.0307794,44.0662941],[10.030779,44.0662943],[10.0307801,44.0662953],[10.0308859,44.0663994],[10.0310115,44.066333],[10.0310543,44.0663104]]]},"properties":{"site":"luni","name":null,"category":"other","historic":null,"building":"yes","osm_id":206026826}},{"type":"Feature","geometry":{"type":"Polygon","coordinates":[[[10.0273706,44.0681959],[10.0274455,44.0681506],[10.0273996,44.0681112],[10.027323,44.068155],[10.0272447,44.0681942],[10.0272538,44.0682037],[10.0273328,44.068161],[10.0273706,44.0681959]]]},"properties":{"site":"luni","name":null,"category":"other","historic":null,"building":"yes","osm_id":206026854}},{"type":"Feature","geometry":{"type":"Polygon","coordinates":[[[10.0314639,44.0651867],[10.031616,44.0651327],[10.0315554,44.0650437],[10.0314226,44.0650877],[10.0314546,44.0651382],[10.0314369,44.065144],[10.0314446,44.0651563],[10.0314639,44.0651867]]]},"properties":{"site":"luni","name":null,"category":"other","historic":null,"building":"yes","osm_id":206026868}},{"type":"Feature","geometry":{"type":"Polygon","coordinates":[[[10.0262616,44.0689853],[10.0261233,44.068859],[10.026067,44.0688941],[10.0262053,44.0690173],[10.0262616,44.0689853]]]},"properties":{"site":"luni","name":null,"category":"other","historic":null,"building":"yes","osm_id":206026924}},{"type":"Feature","geometry":{"type":"Polygon","coordinates":[[[10.0273328,44.068161],[10.0272538,44.0682037],[10.027251,44.068205],[10.0272036,44.0682288],[10.0273043,44.0683237],[10.0274305,44.0682473],[10.0273706,44.0681959],[10.0273328,44.068161]]]},"properties":{"site":"luni","name":null,"category":"other","historic":null,"building":"yes","osm_id":206026952}},{"type":"Feature","geometry":{"type":"Polygon","coordinates":[[[10.0250452,44.0695271],[10.0249326,44.0694355],[10.0248985,44.0694086],[10.0247789,44.0694872],[10.0247852,44.0694937],[10.024957,44.0696288],[10.0250747,44.069551],[10.0250452,44.0695271]]]},"properties":{"site":"luni","name":null,"category":"other","historic":null,"building":"yes","osm_id":206026958}},{"type":"Feature","geometry":{"type":"Polygon","coordinates":[[[10.0258764,44.0618232],[10.0259959,44.0617712],[10.0259633,44.0617334],[10.0259205,44.0616838],[10.0259111,44.0616881],[10.025892,44.0616966],[10.0258078,44.0617374],[10.0258764,44.0618232]]]},"properties":{"site":"luni","name":null,"category":"other","historic":null,"building":"yes","osm_id":206026960}},{"type":"Feature","geometry":{"type":"Polygon","coordinates":[[[10.0289095,44.0642614],[10.0289195,44.0642244],[10.0288572,44.0641215],[10.0287769,44.0641468],[10.0288361,44.0642416],[10.0288297,44.0642433],[10.0288509,44.0642763],[10.0289095,44.0642614]]]},"properties":{"site":"luni","name":null,"category":"other","historic":null,"building":"yes","osm_id":206026981}},{"type":"Feature","geometry":{"type":"Polygon","coordinates":[[[10.0283036,44.0664065],[10.0284315,44.066361],[10.0283773,44.0662817],[10.0283187,44.0663024],[10.0283041,44.0662809],[10.0282376,44.0663045],[10.0282928,44.0663852],[10.0283036,44.0664065]]]},"properties":{"site":"luni","name":null,"category":"other","historic":null,"building":"yes","osm_id":206027074}},{"type":"Feature","geometry":{"type":"Polygon","coordinates":[[[10.0177371,44.0699204],[10.0178746,44.0698553],[10.0178675,44.069847],[10.0178397,44.0698153],[10.0177833,44.0697507],[10.0176542,44.0698072],[10.0176452,44.0698112],[10.0177371,44.0699204]]]},"properties":{"site":"luni","name":null,"category":"other","historic":null,"building":"yes","osm_id":206027081}},{"type":"Feature","geometry":{"type":"Polygon","coordinates":[[[10.0149532,44.0647103],[10.0149859,44.0647519],[10.0150066,44.0647435],[10.0150212,44.064762],[10.0155917,44.0645294],[10.0155178,44.064458],[10.015363,44.0645422],[10.0149532,44.0647103]]]},"properties":{"site":"luni","name":null,"category":"other","historic":null,"building":"yes","osm_id":206027096}},{"type":"Feature","geometry":{"type":"Polygon","coordinates":[[[10.0235849,44.068332],[10.0235643,44.0683111],[10.0235914,44.0682972],[10.0235383,44.068243],[10.023384,44.0683214],[10.0234543,44.0683931],[10.0234579,44.0683967],[10.0235849,44.068332]]]},"properties":{"site":"luni","name":null,"category":"other","historic":null,"building":"yes","osm_id":206027111}},{"type":"Feature","geometry":{"type":"Polygon","coordinates":[[[10.018268,44.0655854],[10.0183157,44.0656633],[10.0184585,44.0656178],[10.018431,44.0655735],[10.0184118,44.0655796],[10.0183884,44.0655412],[10.0182651,44.0655804],[10.018268,44.0655854]]]},"properties":{"site":"luni","name":null,"category":"other","historic":null,"building":"yes","osm_id":206027128}},{"type":"Feature","geometry":{"type":"Polygon","coordinates":[[[10.0288361,44.0642416],[10.0287769,44.0641468],[10.0286638,44.0641824],[10.0286981,44.0642391],[10.0287112,44.064235],[10.0287362,44.0642764],[10.0288297,44.0642433],[10.0288361,44.0642416]]]},"properties":{"site":"luni","name":null,"category":"other","historic":null,"building":"yes","osm_id":206027149}},{"type":"Feature","geometry":{"type":"Polygon","coordinates":[[[10.0219854,44.0661268],[10.0220415,44.066108],[10.0220134,44.0660633],[10.0219716,44.066073],[10.021974,44.0660768],[10.0219146,44.0660979],[10.0219409,44.0661393],[10.0219854,44.0661268]]]},"properties":{"site":"luni","name":null,"category":"other","historic":null,"building":"yes","osm_id":206027167}},{"type":"Feature","geometry":{"type":"Polygon","coordinates":[[[10.0261397,44.06219],[10.0262148,44.0622726],[10.0263355,44.0622148],[10.0263421,44.0622117],[10.0262678,44.0621296],[10.0262002,44.0621615],[10.0261439,44.062188],[10.0261397,44.06219]]]},"properties":{"site":"luni","name":null,"category":"other","historic":null,"building":"yes","osm_id":206027187}},{"type":"Feature","geometry":{"type":"Polygon","coordinates":[[[10.0318578,44.0657551],[10.0317848,44.0657839],[10.0317208,44.0658112],[10.0317906,44.0658901],[10.0318258,44.0658739],[10.0318239,44.0658648],[10.0319084,44.0658263],[10.0318578,44.0657551]]]},"properties":{"site":"luni","name":null,"category":"other","historic":null,"building":"yes","osm_id":206027199}},{"type":"Feature","geometry":{"type":"Polygon","coordinates":[[[10.0175284,44.0659107],[10.0175493,44.0659472],[10.0175689,44.0659817],[10.0175727,44.0659806],[10.0175755,44.0659854],[10.0176923,44.065951],[10.0176491,44.0658752],[10.0175284,44.0659107]]]},"properties":{"site":"luni","name":null,"category":"other","historic":null,"building":"yes","osm_id":206027218}},{"type":"Feature","geometry":{"type":"Polygon","coordinates":[[[10.0279376,44.0666068],[10.0280384,44.0665726],[10.0280233,44.0665493],[10.0280196,44.0665508],[10.0279357,44.0665817],[10.0279373,44.066588],[10.0279273,44.0665931],[10.0279376,44.0666068]]]},"properties":{"site":"luni","name":null,"category":"other","historic":null,"building":"yes","osm_id":206027219}},{"type":"Feature","geometry":{"type":"Polygon","coordinates":[[[10.0189276,44.0672569],[10.0190832,44.0671735],[10.0190739,44.0671599],[10.0190485,44.0671339],[10.0190419,44.0671355],[10.0189166,44.0671951],[10.0188849,44.0672137],[10.0189276,44.0672569]]]},"properties":{"site":"luni","name":null,"category":"other","historic":null,"building":"yes","osm_id":206027229}},{"type":"Feature","geometry":{"type":"Polygon","coordinates":[[[10.0298085,44.0669995],[10.029861,44.0669714],[10.0298541,44.0669643],[10.0297984,44.0669051],[10.0297508,44.0669306],[10.0297375,44.0669377],[10.0298038,44.067002],[10.0298085,44.0669995]]]},"properties":{"site":"luni","name":null,"category":"other","historic":null,"building":"yes","osm_id":206027230}},{"type":"Feature","geometry":{"type":"Polygon","coordinates":[[[10.0186122,44.0634137],[10.0186383,44.0633989],[10.0186747,44.0633782],[10.0186475,44.0633534],[10.0186612,44.0633458],[10.0186119,44.0633006],[10.0185359,44.0633436],[10.0186122,44.0634137]]]},"properties":{"site":"luni","name":null,"category":"other","historic":null,"building":"yes","osm_id":206027235}},{"type":"Feature","geometry":{"type":"Polygon","coordinates":[[[10.029829,44.0656315],[10.0300205,44.0655608],[10.0300171,44.0655561],[10.0299528,44.0654656],[10.0297721,44.0655323],[10.0297976,44.0655682],[10.0297868,44.0655721],[10.029829,44.0656315]]]},"properties":{"site":"luni","name":null,"category":"other","historic":null,"building":"yes","osm_id":206027236}},{"type":"Feature","geometry":{"type":"Polygon","coordinates":[[[10.0130642,44.0670538],[10.0131282,44.0669904],[10.0131618,44.066961],[10.0131575,44.0669588],[10.0131731,44.0669432],[10.0131158,44.0669131],[10.013005,44.0670228],[10.0130642,44.0670538]]]},"properties":{"site":"luni","name":null,"category":"other","historic":null,"building":"yes","osm_id":206027271}},{"type":"Feature","geometry":{"type":"Polygon","coordinates":[[[10.0309318,44.0697052],[10.0309974,44.0696785],[10.0310129,44.0696722],[10.0309894,44.0696422],[10.0309784,44.0696474],[10.0309682,44.069635],[10.0308989,44.0696632],[10.0309318,44.0697052]]]},"properties":{"site":"luni","name":null,"category":"other","historic":null,"building":"yes","osm_id":206027297}},{"type":"Feature","geometry":{"type":"Polygon","coordinates":[[[10.0228112,44.0614278],[10.0228723,44.0614068],[10.0229026,44.0614543],[10.0229583,44.0614352],[10.022964,44.0614336],[10.0229013,44.0613201],[10.0227722,44.0613573],[10.0228112,44.0614278]]]},"properties":{"site":"luni","name":null,"category":"other","historic":null,"building":"yes","osm_id":206027299}},{"type":"Feature","geometry":{"type":"Polygon","coordinates":[[[10.0289486,44.0699718],[10.0290234,44.0699479],[10.0289826,44.0698812],[10.0289714,44.0698817],[10.0289368,44.069828],[10.0288704,44.0698503],[10.0288728,44.0698541],[10.0289486,44.0699718]]]},"properties":{"site":"luni","name":null,"category":"other","historic":null,"building":"yes","osm_id":206027304}},{"type":"Feature","geometry":{"type":"Polygon","coordinates":[[[10.0293179,44.0685799],[10.0295754,44.0684891],[10.0294839,44.0683541],[10.0293341,44.068407],[10.0293468,44.0684299],[10.0292433,44.0684729],[10.0292794,44.0685246],[10.0293179,44.0685799]]]},"properties":{"site":"luni","name":null,"category":"other","historic":null,"building":"yes","osm_id":206027311}},{"type":"Feature","geometry":{"type":"Polygon","coordinates":[[[10.0267372,44.0700319],[10.026826,44.070113],[10.0268855,44.0700791],[10.026889,44.0700772],[10.0268616,44.0700523],[10.0268978,44.0700317],[10.0268348,44.0699763],[10.0267372,44.0700319]]]},"properties":{"site":"luni","name":null,"category":"other","historic":null,"building":"yes","osm_id":206027317}},{"type":"Feature","geometry":{"type":"Polygon","coordinates":[[[10.0247407,44.0699135],[10.0247277,44.0699026],[10.0246352,44.0698242],[10.0244487,44.0699387],[10.0245225,44.070001],[10.0245488,44.0699849],[10.0245806,44.0700118],[10.0247407,44.0699135]]]},"properties":{"site":"luni","name":null,"category":"other","historic":null,"building":"apartments","osm_id":206027320}},{"type":"Feature","geometry":{"type":"Polygon","coordinates":[[[10.0262876,44.062339],[10.0264001,44.062286],[10.0263355,44.0622148],[10.0262148,44.0622726],[10.0262013,44.062279],[10.0262427,44.0623247],[10.026265,44.0623141],[10.0262876,44.062339]]]},"properties":{"site":"luni","name":null,"category":"other","historic":null,"building":"yes","osm_id":206027325}},{"type":"Feature","geometry":{"type":"Polygon","coordinates":[[[10.029185,44.0625851],[10.0293886,44.0625179],[10.0292885,44.06236],[10.0290984,44.0624227],[10.0290849,44.0624272],[10.0290959,44.0624447],[10.0291611,44.0625474],[10.029185,44.0625851]]]},"properties":{"site":"luni","name":null,"category":"other","historic":null,"building":"yes","osm_id":206027327}},{"type":"Feature","geometry":{"type":"Polygon","coordinates":[[[10.0258262,44.0699179],[10.025961,44.0698363],[10.0258268,44.0697284],[10.025655,44.0698344],[10.0257103,44.069881],[10.0257228,44.0698895],[10.0257591,44.0698654],[10.0258262,44.0699179]]]},"properties":{"site":"luni","name":null,"category":"other","historic":null,"building":"yes","osm_id":206027328}},{"type":"Feature","geometry":{"type":"Polygon","coordinates":[[[10.0252248,44.0696401],[10.0253453,44.069579],[10.0252211,44.0694515],[10.0251044,44.0695108],[10.0251353,44.0695423],[10.025149,44.0695353],[10.0252051,44.0695927],[10.0251873,44.0696017],[10.0252248,44.0696401]]]},"properties":{"site":"luni","name":null,"category":"other","historic":null,"building":"yes","osm_id":206027361}},{"type":"Feature","geometry":{"type":"Polygon","coordinates":[[[10.0302065,44.0667984],[10.0301626,44.0667147],[10.0301036,44.0667347],[10.0301202,44.0667694],[10.0301027,44.0667737],[10.0301076,44.0667838],[10.0299777,44.0668488],[10.0300138,44.0668864],[10.0302065,44.0667984]]]},"properties":{"site":"luni","name":null,"category":"other","historic":null,"building":"yes","osm_id":206027364}},{"type":"Feature","geometry":{"type":"Polygon","coordinates":[[[10.0277646,44.0680531],[10.0277153,44.0680219],[10.0276614,44.0680548],[10.0276431,44.0680397],[10.0276008,44.0680665],[10.0276045,44.0680695],[10.0276536,44.0681121],[10.0276616,44.0681185],[10.0277646,44.0680531]]]},"properties":{"site":"luni","name":null,"category":"other","historic":null,"building":"yes","osm_id":206027377}},{"type":"Feature","geometry":{"type":"Polygon","coordinates":[[[10.0258764,44.0618232],[10.0258078,44.0617374],[10.025892,44.0616966],[10.0258736,44.0616753],[10.0257854,44.0617149],[10.0257919,44.0617224],[10.0257473,44.0617489],[10.0258253,44.0618454],[10.0258764,44.0618232]]]},"properties":{"site":"luni","name":null,"category":"other","historic":null,"building":"yes","osm_id":206027413}},{"type":"Feature","geometry":{"type":"Polygon","coordinates":[[[10.0298961,44.0667046],[10.0299418,44.0667802],[10.0299736,44.0667698],[10.0299493,44.0667193],[10.0299767,44.0667088],[10.0299434,44.066656],[10.0298292,44.0666933],[10.0298472,44.0667217],[10.0298961,44.0667046]]]},"properties":{"site":"luni","name":null,"category":"other","historic":null,"building":"yes","osm_id":206027448}},{"type":"Feature","geometry":{"type":"Polygon","coordinates":[[[10.0304101,44.065548],[10.0304015,44.0655356],[10.0304953,44.0655004],[10.030504,44.0655128],[10.0305327,44.0655017],[10.0305154,44.0654762],[10.0303642,44.0655297],[10.0303818,44.0655557],[10.0304101,44.065548]]]},"properties":{"site":"luni","name":null,"category":"other","historic":null,"building":"yes","osm_id":206027453}},{"type":"Feature","geometry":{"type":"Polygon","coordinates":[[[10.0317321,44.0694914],[10.0317944,44.0694793],[10.0317993,44.0694924],[10.031909,44.069471],[10.031874,44.0693782],[10.0317574,44.0694068],[10.0317688,44.0694309],[10.0317102,44.0694453],[10.0317321,44.0694914]]]},"properties":{"site":"luni","name":null,"category":"other","historic":null,"building":"yes","osm_id":206027456}},{"type":"Feature","geometry":{"type":"Polygon","coordinates":[[[10.0319514,44.0687284],[10.0319789,44.0687237],[10.0319906,44.0687472],[10.0320591,44.0687306],[10.0320549,44.0687216],[10.0321425,44.0687005],[10.0320887,44.0685863],[10.0318927,44.0686398],[10.0319514,44.0687284]]]},"properties":{"site":"luni","name":null,"category":"other","historic":null,"building":"yes","osm_id":206027461}},{"type":"Feature","geometry":{"type":"Polygon","coordinates":[[[10.0293875,44.0656731],[10.0293553,44.0656124],[10.0293356,44.0656179],[10.0293038,44.065558],[10.0293267,44.0655517],[10.0292933,44.065489],[10.0291993,44.0655149],[10.0292932,44.0656992],[10.0293875,44.0656731]]]},"properties":{"site":"luni","name":null,"category":"other","historic":null,"building":"yes","osm_id":206027493}},{"type":"Feature","geometry":{"type":"Polygon","coordinates":[[[10.0285802,44.0651033],[10.0286864,44.065052],[10.0286042,44.0649634],[10.0285388,44.0649949],[10.0285302,44.064999],[10.0285366,44.0650058],[10.028499,44.0650241],[10.0285141,44.0650403],[10.0285802,44.0651033]]]},"properties":{"site":"luni","name":null,"category":"other","historic":null,"building":"yes","osm_id":206027506}},{"type":"Feature","geometry":{"type":"Polygon","coordinates":[[[10.0293304,44.0674326],[10.0293182,44.067438],[10.0293071,44.0674252],[10.0292529,44.0674491],[10.0292682,44.0674671],[10.0293427,44.0675428],[10.0293877,44.067521],[10.0294033,44.0675135],[10.0293304,44.0674326]]]},"properties":{"site":"luni","name":null,"category":"other","historic":null,"building":"yes","osm_id":206027530}},{"type":"Feature","geometry":{"type":"Polygon","coordinates":[[[10.0235205,44.0613637],[10.0235612,44.0613574],[10.0235457,44.0613252],[10.0234383,44.061352],[10.0234893,44.0614587],[10.0235287,44.0614489],[10.0235078,44.061402],[10.0235316,44.0613925],[10.0235205,44.0613637]]]},"properties":{"site":"luni","name":null,"category":"other","historic":null,"building":"yes","osm_id":206027554}},{"type":"Feature","geometry":{"type":"Polygon","coordinates":[[[10.0155054,44.0689723],[10.0156472,44.0689173],[10.0155921,44.0688436],[10.0155856,44.0688462],[10.0155674,44.0688218],[10.0154384,44.068872],[10.0154526,44.0688909],[10.0154464,44.0688933],[10.0155054,44.0689723]]]},"properties":{"site":"luni","name":null,"category":"other","historic":null,"building":"yes","osm_id":206027558}},{"type":"Feature","geometry":{"type":"Polygon","coordinates":[[[10.0313994,44.0654375],[10.031494,44.0653941],[10.0314539,44.0653461],[10.0314401,44.0653526],[10.0314213,44.0653323],[10.0313689,44.0653575],[10.0313841,44.0653739],[10.031354,44.0653883],[10.0313994,44.0654375]]]},"properties":{"site":"luni","name":null,"category":"other","historic":null,"building":"yes","osm_id":206027570}},{"type":"Feature","geometry":{"type":"Polygon","coordinates":[[[10.0308372,44.0692486],[10.0307903,44.0691913],[10.0309103,44.0691402],[10.0309304,44.0691653],[10.0309535,44.0691556],[10.0309212,44.0691157],[10.0307107,44.0692041],[10.0307698,44.069277],[10.0308372,44.0692486]]]},"properties":{"site":"luni","name":null,"category":"other","historic":null,"building":"yes","osm_id":206027577}},{"type":"Feature","geometry":{"type":"Polygon","coordinates":[[[10.0314087,44.0646034],[10.0315701,44.0645584],[10.0315521,44.0645248],[10.0315703,44.0645197],[10.0315245,44.0644345],[10.031357,44.0644813],[10.0313908,44.0645444],[10.0313786,44.0645477],[10.0314087,44.0646034]]]},"properties":{"site":"luni","name":null,"category":"other","historic":null,"building":"yes","osm_id":206027588}},{"type":"Feature","geometry":{"type":"Polygon","coordinates":[[[10.0312391,44.0672025],[10.0312672,44.0672062],[10.0312672,44.0672383],[10.0313656,44.0672438],[10.0313632,44.0672071],[10.0313931,44.0672055],[10.0313817,44.0670934],[10.0312378,44.0670955],[10.0312391,44.0672025]]]},"properties":{"site":"luni","name":null,"category":"other","historic":null,"building":"yes","osm_id":206027608}},{"type":"Feature","geometry":{"type":"Polygon","coordinates":[[[10.0244457,44.0616115],[10.0245048,44.0615853],[10.0245119,44.0615936],[10.0246815,44.0615185],[10.0246013,44.0614247],[10.024397,44.0615155],[10.0244213,44.0615441],[10.0243973,44.0615548],[10.0244457,44.0616115]]]},"properties":{"site":"luni","name":null,"category":"other","historic":null,"building":"yes","osm_id":206027610}},{"type":"Feature","geometry":{"type":"Polygon","coordinates":[[[10.0271,44.0620203],[10.0272119,44.0619671],[10.027196,44.0619497],[10.027154,44.061904],[10.0270803,44.0619391],[10.0270911,44.0619509],[10.027053,44.061969],[10.0270966,44.0620166],[10.0271,44.0620203]]]},"properties":{"site":"luni","name":null,"category":"other","historic":null,"building":"yes","osm_id":206027614}},{"type":"Feature","geometry":{"type":"Polygon","coordinates":[[[10.0280142,44.0623057],[10.0281746,44.0622463],[10.0280867,44.0621231],[10.0280285,44.0621447],[10.0280226,44.0621364],[10.0279315,44.0621702],[10.0279987,44.0622645],[10.0279877,44.0622686],[10.0280142,44.0623057]]]},"properties":{"site":"luni","name":null,"category":"other","historic":null,"building":"yes","osm_id":206027630}},{"type":"Feature","geometry":{"type":"Polygon","coordinates":[[[10.0287748,44.0627204],[10.029052,44.0626394],[10.0289965,44.0625479],[10.0288706,44.0625819],[10.0288631,44.0625675],[10.02878,44.0625898],[10.02879,44.0626092],[10.028726,44.0626264],[10.0287748,44.0627204]]]},"properties":{"site":"luni","name":null,"category":"other","historic":null,"building":"yes","osm_id":206027633}},{"type":"Feature","geometry":{"type":"Polygon","coordinates":[[[10.0284277,44.0681854],[10.028606,44.0680919],[10.0285907,44.0680768],[10.0286028,44.0680704],[10.0285495,44.0680176],[10.0283452,44.0681247],[10.0283976,44.0681767],[10.0284116,44.0681694],[10.0284277,44.0681854]]]},"properties":{"site":"luni","name":null,"category":"other","historic":null,"building":"yes","osm_id":206027677}},{"type":"Feature","geometry":{"type":"Polygon","coordinates":[[[10.0255615,44.0693838],[10.0255656,44.0693815],[10.0257202,44.0692974],[10.0257228,44.069296],[10.0256957,44.0692701],[10.0257174,44.0692519],[10.0256612,44.0692026],[10.0254769,44.069304],[10.0255615,44.0693838]]]},"properties":{"site":"luni","name":null,"category":"other","historic":null,"building":"yes","osm_id":206027696}},{"type":"Feature","geometry":{"type":"Polygon","coordinates":[[[10.0291983,44.06456],[10.0293282,44.064508],[10.0292513,44.064408],[10.0292447,44.0644107],[10.0291667,44.0643093],[10.0290547,44.0643542],[10.0291287,44.0644503],[10.0291174,44.0644548],[10.0291983,44.06456]]]},"properties":{"site":"luni","name":null,"category":"other","historic":null,"building":"yes","osm_id":206027702}},{"type":"Feature","geometry":{"type":"Polygon","coordinates":[[[10.0295439,44.0658636],[10.0296291,44.0658346],[10.029627,44.0658315],[10.029699,44.0658071],[10.0296373,44.0657126],[10.0295908,44.0657284],[10.0295861,44.0657211],[10.0294755,44.0657588],[10.0295439,44.0658636]]]},"properties":{"site":"luni","name":null,"category":"other","historic":null,"building":"yes","osm_id":206027710}},{"type":"Feature","geometry":{"type":"Polygon","coordinates":[[[10.0151575,44.0699312],[10.0152977,44.0698749],[10.0152376,44.069797],[10.015276,44.0697816],[10.0151889,44.0696689],[10.0149936,44.0697472],[10.0150819,44.069853],[10.0150874,44.0698506],[10.0151575,44.0699312]]]},"properties":{"site":"luni","name":null,"category":"other","historic":null,"building":"yes","osm_id":206027714}},{"type":"Feature","geometry":{"type":"Polygon","coordinates":[[[10.0293805,44.0652697],[10.0291247,44.0653355],[10.0291602,44.0654034],[10.0292463,44.0653825],[10.029239,44.0653667],[10.0293195,44.0653471],[10.029325,44.0653589],[10.0294121,44.0653377],[10.0293805,44.0652697]]]},"properties":{"site":"luni","name":null,"category":"other","historic":null,"building":"yes","osm_id":206027730}},{"type":"Feature","geometry":{"type":"Polygon","coordinates":[[[10.0268486,44.06159],[10.0267684,44.0614895],[10.0267324,44.0615081],[10.0266582,44.061424],[10.0265193,44.0614876],[10.0266079,44.0615882],[10.0266413,44.0615729],[10.0267115,44.0616527],[10.0268486,44.06159]]]},"properties":{"site":"luni","name":null,"category":"other","historic":null,"building":"yes","osm_id":206027731}},{"type":"Feature","geometry":{"type":"Polygon","coordinates":[[[10.0219594,44.0696742],[10.022063,44.0695804],[10.0219137,44.0694975],[10.0218178,44.0695944],[10.0218639,44.06962],[10.0218656,44.0696372],[10.0218875,44.0696498],[10.0219077,44.06965],[10.0219594,44.0696742]]]},"properties":{"site":"luni","name":null,"category":"other","historic":null,"building":"yes","osm_id":206027734}},{"type":"Feature","geometry":{"type":"Polygon","coordinates":[[[10.0191039,44.0671457],[10.0190461,44.0670739],[10.0190098,44.0670913],[10.019004,44.0670939],[10.0190398,44.0671331],[10.0190419,44.0671355],[10.0190485,44.0671339],[10.0190739,44.0671599],[10.0191039,44.0671457]]]},"properties":{"site":"luni","name":null,"category":"other","historic":null,"building":"yes","osm_id":206027744}},{"type":"Feature","geometry":{"type":"Polygon","coordinates":[[[10.0282978,44.0653787],[10.0283057,44.0653708],[10.0282755,44.0653374],[10.0282214,44.0653634],[10.028318,44.0654819],[10.0283777,44.0654555],[10.0283441,44.065421],[10.0283369,44.0654233],[10.0282978,44.0653787]]]},"properties":{"site":"luni","name":null,"category":"other","historic":null,"building":"yes","osm_id":206027745}},{"type":"Feature","geometry":{"type":"Polygon","coordinates":[[[10.0318236,44.0688097],[10.0317829,44.0687476],[10.0317723,44.0687512],[10.0317473,44.0687129],[10.0315927,44.0687651],[10.0316525,44.0688564],[10.0316976,44.0688411],[10.0317036,44.0688503],[10.0318236,44.0688097]]]},"properties":{"site":"luni","name":null,"category":"other","historic":null,"building":"yes","osm_id":206027749}},{"type":"Feature","geometry":{"type":"Polygon","coordinates":[[[10.0260783,44.0627814],[10.0259802,44.0626855],[10.0259385,44.0627076],[10.0259627,44.0627312],[10.0259309,44.0627481],[10.0259777,44.0627939],[10.0260056,44.062779],[10.0260329,44.0628056],[10.0260783,44.0627814]]]},"properties":{"site":"luni","name":null,"category":"other","historic":null,"building":"yes","osm_id":206027783}},{"type":"Feature","geometry":{"type":"Polygon","coordinates":[[[10.0304859,44.0668875],[10.0305685,44.0669704],[10.0305837,44.0669849],[10.0306338,44.0669592],[10.0306714,44.0669388],[10.0306574,44.0669254],[10.0306694,44.0669186],[10.0305791,44.0668409],[10.0304859,44.0668875]]]},"properties":{"site":"luni","name":null,"category":"other","historic":null,"building":"yes","osm_id":206027790}},{"type":"Feature","geometry":{"type":"Polygon","coordinates":[[[10.0314226,44.0673721],[10.0314434,44.0672783],[10.031366,44.0672695],[10.0313656,44.0672438],[10.0312672,44.0672383],[10.0312672,44.0672062],[10.0312391,44.0672025],[10.0312165,44.0673652],[10.0314226,44.0673721]]]},"properties":{"site":"luni","name":null,"category":"other","historic":null,"building":"yes","osm_id":206027794}},{"type":"Feature","geometry":{"type":"Polygon","coordinates":[[[10.0282202,44.0650938],[10.0283559,44.0650376],[10.0283493,44.0650294],[10.0283839,44.0650137],[10.0283569,44.0649754],[10.0281763,44.0650372],[10.0282202,44.0650938]]]},"properties":{"site":"luni","name":null,"category":"other","historic":null,"building":"yes","osm_id":206027821}},{"type":"Feature","geometry":{"type":"Polygon","coordinates":[[[10.0286154,44.0653324],[10.028688,44.0652967],[10.0287054,44.0653151],[10.0288255,44.0652559],[10.0287686,44.0651875],[10.0287529,44.0651945],[10.0287205,44.0651565],[10.0285354,44.0652384],[10.0286154,44.0653324]]]},"properties":{"site":"luni","name":null,"category":"other","historic":null,"building":"yes","osm_id":206027827}},{"type":"Feature","geometry":{"type":"Polygon","coordinates":[[[10.016616,44.0662282],[10.0167393,44.0661881],[10.0166887,44.0661071],[10.0166516,44.066119],[10.01664,44.0661006],[10.0166001,44.0661135],[10.0166106,44.0661305],[10.0165643,44.0661455],[10.016616,44.0662282]]]},"properties":{"site":"luni","name":null,"category":"other","historic":null,"building":"yes","osm_id":206027829}},{"type":"Feature","geometry":{"type":"Polygon","coordinates":[[[10.0291998,44.0627531],[10.0292408,44.0627418],[10.0292351,44.0627246],[10.0292508,44.0627182],[10.0292184,44.0626647],[10.0291613,44.0626803],[10.0291627,44.062683],[10.0291963,44.0627466],[10.0291998,44.0627531]]]},"properties":{"site":"luni","name":null,"category":"other","historic":null,"building":"yes","osm_id":206027842}},{"type":"Feature","geometry":{"type":"Polygon","coordinates":[[[10.0296372,44.0672569],[10.0295844,44.0672868],[10.0296613,44.0673933],[10.0298063,44.0673417],[10.0298033,44.0673377],[10.0297788,44.0673057],[10.0297685,44.0673051],[10.029694,44.0673338],[10.0296372,44.0672569]]]},"properties":{"site":"luni","name":null,"category":"other","historic":null,"building":"yes","osm_id":206027850}},{"type":"Feature","geometry":{"type":"Polygon","coordinates":[[[10.0273342,44.0642034],[10.0272662,44.0641258],[10.0272527,44.0641321],[10.0272106,44.0640842],[10.0271597,44.0641074],[10.0273014,44.0642798],[10.0273593,44.0642533],[10.0273208,44.0642095],[10.0273342,44.0642034]]]},"properties":{"site":"luni","name":null,"category":"other","historic":null,"building":"yes","osm_id":206027853}},{"type":"Feature","geometry":{"type":"Polygon","coordinates":[[[10.0277888,44.0653683],[10.0278496,44.065344],[10.0278403,44.0653318],[10.0279181,44.0652981],[10.0278227,44.0651966],[10.0276994,44.06525],[10.0277444,44.0653042],[10.0277309,44.0653112],[10.0277888,44.0653683]]]},"properties":{"site":"luni","name":null,"category":"other","historic":null,"building":"yes","osm_id":206027858}},{"type":"Feature","geometry":{"type":"Polygon","coordinates":[[[10.0289032,44.0632487],[10.0290612,44.0632019],[10.0290155,44.0631217],[10.0290399,44.0631117],[10.028968,44.0629967],[10.0288082,44.0630485],[10.0288655,44.0631403],[10.0288373,44.063152],[10.0289032,44.0632487]]]},"properties":{"site":"luni","name":null,"category":"other","historic":null,"building":"yes","osm_id":206027874}},{"type":"Feature","geometry":{"type":"Polygon","coordinates":[[[10.0298492,44.0635732],[10.0298963,44.0636729],[10.0298978,44.0636759],[10.0299124,44.0636723],[10.0300384,44.0636412],[10.0300005,44.0635614],[10.0299798,44.0635664],[10.029969,44.0635438],[10.0298492,44.0635732]]]},"properties":{"site":"luni","name":null,"category":"other","historic":null,"building":"yes","osm_id":206027884}},{"type":"Feature","geometry":{"type":"Polygon","coordinates":[[[10.0106705,44.0684442],[10.0106934,44.0684143],[10.0106858,44.0684117],[10.0106916,44.0684016],[10.0106692,44.0683917],[10.0106282,44.0684399],[10.010686,44.0684654],[10.0106937,44.0684562],[10.0106705,44.0684442]]]},"properties":{"site":"luni","name":null,"category":"other","historic":null,"building":"yes","osm_id":206027888}},{"type":"Feature","geometry":{"type":"Polygon","coordinates":[[[10.0291247,44.0653355],[10.0293805,44.0652697],[10.0293577,44.0652207],[10.029288,44.0652376],[10.0292739,44.0652244],[10.029162,44.0652569],[10.0291689,44.0652699],[10.0291001,44.0652886],[10.0291247,44.0653355]]]},"properties":{"site":"luni","name":null,"category":"other","historic":null,"building":"yes","osm_id":206027910}},{"type":"Feature","geometry":{"type":"Polygon","coordinates":[[[10.0313961,44.0643932],[10.0315445,44.0643505],[10.0315325,44.0643154],[10.0315537,44.0643078],[10.0315177,44.0642295],[10.031466,44.0642407],[10.0314596,44.0642351],[10.0313359,44.0642654],[10.0313961,44.0643932]]]},"properties":{"site":"luni","name":null,"category":"other","historic":null,"building":"yes","osm_id":206027944}},{"type":"Feature","geometry":{"type":"Polygon","coordinates":[[[10.0312298,44.0649806],[10.0313831,44.0649305],[10.0313323,44.0648494],[10.0313198,44.0648296],[10.0313353,44.0648246],[10.0312983,44.0647658],[10.0311296,44.064821],[10.031176,44.0648947],[10.0312298,44.0649806]]]},"properties":{"site":"luni","name":null,"category":"other","historic":null,"building":"yes","osm_id":206027946}},{"type":"Feature","geometry":{"type":"Polygon","coordinates":[[[10.0259393,44.0691892],[10.0260375,44.0691241],[10.025952,44.0690557],[10.0259558,44.0690503],[10.0259463,44.0690429],[10.0258968,44.0690757],[10.0259434,44.0691122],[10.0258879,44.069149],[10.0259393,44.0691892]]]},"properties":{"site":"luni","name":null,"category":"other","historic":null,"building":"yes","osm_id":206027954}},{"type":"Feature","geometry":{"type":"Polygon","coordinates":[[[10.0296442,44.065548],[10.0296577,44.0655443],[10.0296159,44.0654656],[10.0296044,44.0654634],[10.0295785,44.0654153],[10.0295148,44.0654331],[10.0296005,44.0656151],[10.0296709,44.0655988],[10.0296442,44.065548]]]},"properties":{"site":"luni","name":null,"category":"other","historic":null,"building":"yes","osm_id":206027973}},{"type":"Feature","geometry":{"type":"Polygon","coordinates":[[[10.0241076,44.0601938],[10.0242434,44.0601308],[10.024203,44.0600856],[10.0241913,44.060091],[10.0241538,44.0600491],[10.0240728,44.0600868],[10.0240797,44.0600946],[10.0240369,44.0601145],[10.0241076,44.0601938]]]},"properties":{"site":"luni","name":null,"category":"other","historic":null,"building":"yes","osm_id":206027976}},{"type":"Feature","geometry":{"type":"Polygon","coordinates":[[[10.0269783,44.0654804],[10.0268685,44.0653886],[10.0267494,44.0654627],[10.0267679,44.0654782],[10.0266658,44.0655416],[10.0267772,44.0656347],[10.0268954,44.065561],[10.0268755,44.0655445],[10.0269783,44.0654804]]]},"properties":{"site":"luni","name":null,"category":"other","historic":null,"building":"yes","osm_id":206027982}},{"type":"Feature","geometry":{"type":"Polygon","coordinates":[[[10.0135257,44.0678929],[10.0134096,44.0679796],[10.0134366,44.0679986],[10.0134305,44.068001],[10.01349,44.0680413],[10.0136022,44.0679553],[10.0135676,44.0679335],[10.0135699,44.0679268],[10.0135257,44.0678929]]]},"properties":{"site":"luni","name":null,"category":"other","historic":null,"building":"yes","osm_id":206027995}},{"type":"Feature","geometry":{"type":"Polygon","coordinates":[[[10.03207,44.0690502],[10.0320433,44.0690528],[10.0319529,44.0690615],[10.0319638,44.0691206],[10.0319492,44.0691219],[10.0319586,44.069173],[10.0320903,44.0691604],[10.0320784,44.0690962],[10.03207,44.0690502]]]},"properties":{"site":"luni","name":null,"category":"other","historic":null,"building":"yes","osm_id":206028001}},{"type":"Feature","geometry":{"type":"Polygon","coordinates":[[[10.0284715,44.0656797],[10.0285724,44.065636],[10.028588,44.0656293],[10.0285144,44.0655535],[10.028481,44.0655703],[10.0284727,44.0655616],[10.0284207,44.0655899],[10.0284038,44.0656005],[10.0284715,44.0656797]]]},"properties":{"site":"luni","name":null,"category":"other","historic":null,"building":"yes","osm_id":206028005}},{"type":"Feature","geometry":{"type":"Polygon","coordinates":[[[10.0305747,44.0671094],[10.0305718,44.0671065],[10.030505,44.0670396],[10.0302857,44.0671536],[10.0303162,44.0671842],[10.0303213,44.0671817],[10.0305107,44.067083],[10.0305425,44.0671147],[10.0305747,44.0671094]]]},"properties":{"site":"luni","name":null,"category":"other","historic":null,"building":"yes","osm_id":206028006}},{"type":"Feature","geometry":{"type":"Polygon","coordinates":[[[10.0274799,44.0643751],[10.0274683,44.0643804],[10.0274276,44.0643349],[10.0273708,44.0643612],[10.0275162,44.0645294],[10.0275764,44.0645047],[10.0275364,44.0644576],[10.0275485,44.064452],[10.0274799,44.0643751]]]},"properties":{"site":"luni","name":null,"category":"other","historic":null,"building":"yes","osm_id":206028009}},{"type":"Feature","geometry":{"type":"Polygon","coordinates":[[[10.0264701,44.0641469],[10.0265892,44.064263],[10.0265954,44.0642598],[10.0266199,44.0642837],[10.0266864,44.0642481],[10.0266586,44.0642211],[10.0266729,44.0642134],[10.0265572,44.0641004],[10.0264701,44.0641469]]]},"properties":{"site":"luni","name":null,"category":"other","historic":null,"building":"yes","osm_id":206028013}},{"type":"Feature","geometry":{"type":"Polygon","coordinates":[[[10.031337,44.069841],[10.0314125,44.0698153],[10.031374,44.0697565],[10.0313878,44.0697518],[10.0313509,44.0696942],[10.0312637,44.0697308],[10.031237,44.0697405],[10.0312927,44.0698262],[10.0313212,44.0698166],[10.031337,44.069841]]]},"properties":{"site":"luni","name":null,"category":"other","historic":null,"building":"yes","osm_id":206028039}},{"type":"Feature","geometry":{"type":"Polygon","coordinates":[[[10.0312067,44.0644329],[10.0311352,44.0643085],[10.0310362,44.0643379],[10.0310533,44.0643677],[10.0309219,44.0644067],[10.0309782,44.0645046],[10.0311219,44.0644619],[10.03112,44.0644587],[10.0312067,44.0644329]]]},"properties":{"site":"luni","name":null,"category":"other","historic":null,"building":"yes","osm_id":206028076}},{"type":"Feature","geometry":{"type":"Polygon","coordinates":[[[10.0290152,44.0621925],[10.0290104,44.0621863],[10.0289587,44.0621103],[10.0289551,44.0621117],[10.0289498,44.0621044],[10.0288444,44.0621429],[10.0288489,44.062149],[10.0288992,44.0622206],[10.0289019,44.0622245],[10.0290152,44.0621925]]]},"properties":{"site":"luni","name":null,"category":"other","historic":null,"building":"yes","osm_id":206028095}},{"type":"Feature","geometry":{"type":"Polygon","coordinates":[[[10.0278817,44.0684541],[10.0280142,44.0683904],[10.028002,44.0683801],[10.0280501,44.0683523],[10.0279808,44.0682812],[10.0279295,44.0683061],[10.0278749,44.0682567],[10.0277506,44.0683197],[10.0277644,44.0683338],[10.0278817,44.0684541]]]},"properties":{"site":"luni","name":null,"category":"other","historic":null,"building":"yes","osm_id":206028114}},{"type":"Feature","geometry":{"type":"Polygon","coordinates":[[[10.0284715,44.0656797],[10.0284038,44.0656005],[10.0284207,44.0655899],[10.0284186,44.0655878],[10.0284098,44.0655789],[10.0283058,44.0656285],[10.0283966,44.0657298],[10.0284618,44.0657025],[10.0284504,44.0656887],[10.0284715,44.0656797]]]},"properties":{"site":"luni","name":null,"category":"other","historic":null,"building":"yes","osm_id":206028117}},{"type":"Feature","geometry":{"type":"Polygon","coordinates":[[[10.0170067,44.0677549],[10.0171263,44.0676923],[10.0170496,44.0676161],[10.0170122,44.0676356],[10.0169513,44.0675752],[10.0168407,44.0676331],[10.0169019,44.0676938],[10.016913,44.0677048],[10.0169413,44.0676899],[10.0170067,44.0677549]]]},"properties":{"site":"luni","name":null,"category":"other","historic":null,"building":"yes","osm_id":206028124}},{"type":"Feature","geometry":{"type":"Polygon","coordinates":[[[10.0276263,44.0647278],[10.0277746,44.0646692],[10.0277681,44.0646604],[10.0278343,44.0646343],[10.0277576,44.0645385],[10.0276102,44.0646054],[10.0276361,44.0646361],[10.0275863,44.064661],[10.0275733,44.064667],[10.0276263,44.0647278]]]},"properties":{"site":"luni","name":null,"category":"other","historic":null,"building":"yes","osm_id":206028133}},{"type":"Feature","geometry":{"type":"Polygon","coordinates":[[[10.0290192,44.0660565],[10.0291286,44.0660175],[10.0291681,44.0660035],[10.0291268,44.065943],[10.0291371,44.0659393],[10.0290918,44.065873],[10.0289575,44.0659208],[10.0289972,44.0659788],[10.028972,44.0659877],[10.0290192,44.0660565]]]},"properties":{"site":"luni","name":null,"category":"other","historic":null,"building":"yes","osm_id":206028134}},{"type":"Feature","geometry":{"type":"Polygon","coordinates":[[[10.0287521,44.0661241],[10.0286873,44.0660166],[10.0286769,44.0659994],[10.0286003,44.0660235],[10.0286126,44.0660438],[10.0285001,44.0660791],[10.0285821,44.0662152],[10.0286704,44.0661875],[10.0286513,44.0661557],[10.0287521,44.0661241]]]},"properties":{"site":"luni","name":null,"category":"other","historic":null,"building":"yes","osm_id":206028138}},{"type":"Feature","geometry":{"type":"Polygon","coordinates":[[[10.0301958,44.0667219],[10.0302039,44.0667197],[10.0303428,44.0666821],[10.0303344,44.0666661],[10.0303807,44.0666536],[10.030325,44.0665468],[10.0302609,44.0665642],[10.0302698,44.0665815],[10.0301409,44.0666165],[10.0301958,44.0667219]]]},"properties":{"site":"luni","name":null,"category":"other","historic":null,"building":"yes","osm_id":206028143}},{"type":"Feature","geometry":{"type":"Polygon","coordinates":[[[10.0284185,44.0642419],[10.0283577,44.0642636],[10.0283117,44.06428],[10.0283199,44.0642919],[10.0282575,44.0643168],[10.0282906,44.0643616],[10.0285225,44.0642689],[10.0284871,44.0642254],[10.028427,44.0642508],[10.0284185,44.0642419]]]},"properties":{"site":"luni","name":null,"category":"other","historic":null,"building":"yes","osm_id":206028154}},{"type":"Feature","geometry":{"type":"Polygon","coordinates":[[[10.0274998,44.0685913],[10.0275542,44.0685615],[10.0275586,44.0685592],[10.0275879,44.0685431],[10.0274847,44.0684447],[10.0273687,44.0685079],[10.0274567,44.0685918],[10.0274704,44.0685843],[10.0274859,44.068578],[10.0274998,44.0685913]]]},"properties":{"site":"luni","name":null,"category":"other","historic":null,"building":"yes","osm_id":206028163}},{"type":"Feature","geometry":{"type":"Polygon","coordinates":[[[10.0155051,44.0695856],[10.0155245,44.0696152],[10.0155512,44.0696557],[10.0156457,44.0696234],[10.0156507,44.069631],[10.0156674,44.0696253],[10.0156797,44.069644],[10.015738,44.0696242],[10.0156746,44.0695276],[10.0155051,44.0695856]]]},"properties":{"site":"luni","name":null,"category":"other","historic":null,"building":"yes","osm_id":206028179}},{"type":"Feature","geometry":{"type":"Polygon","coordinates":[[[10.0297146,44.0632722],[10.0298679,44.0632299],[10.0298244,44.0631479],[10.0298143,44.0631467],[10.0298113,44.0631407],[10.0297778,44.0631493],[10.029731,44.0631612],[10.0297269,44.063153],[10.0296639,44.0631691],[10.0297146,44.0632722]]]},"properties":{"site":"luni","name":null,"category":"other","historic":null,"building":"yes","osm_id":206028181}},{"type":"Feature","geometry":{"type":"Polygon","coordinates":[[[10.0102299,44.069775],[10.0102844,44.0698317],[10.0103123,44.0698178],[10.0103364,44.0698397],[10.0103944,44.0698008],[10.0103718,44.0697792],[10.0103094,44.0697195],[10.0102547,44.0697449],[10.0102617,44.0697521],[10.0102299,44.069775]]]},"properties":{"site":"luni","name":null,"category":"other","historic":null,"building":"yes","osm_id":206028223}},{"type":"Feature","geometry":{"type":"Polygon","coordinates":[[[10.0284892,44.0643645],[10.0285736,44.064332],[10.0285225,44.0642689],[10.0282906,44.0643616],[10.0283384,44.0644259],[10.028418,44.0643952],[10.0284054,44.0643781],[10.0284363,44.0643663],[10.0284784,44.06435],[10.0284892,44.0643645]]]},"properties":{"site":"luni","name":null,"category":"other","historic":null,"building":"yes","osm_id":206028233}},{"type":"Feature","geometry":{"type":"Polygon","coordinates":[[[10.0316101,44.0683829],[10.0317398,44.0683502],[10.0317099,44.0682884],[10.0316813,44.0682956],[10.0316761,44.0682969],[10.0316575,44.0682587],[10.0315304,44.0682907],[10.0315552,44.068342],[10.0315866,44.0683341],[10.0316101,44.0683829]]]},"properties":{"site":"luni","name":null,"category":"other","historic":null,"building":"yes","osm_id":206028236}},{"type":"Feature","geometry":{"type":"Polygon","coordinates":[[[10.0276188,44.0697446],[10.0277727,44.0696649],[10.027532,44.0694249],[10.0274194,44.0694896],[10.027398,44.069502],[10.0274687,44.0695762],[10.0274179,44.0696014],[10.0274443,44.0696293],[10.0274881,44.0696076],[10.0276188,44.0697446]]]},"properties":{"site":"luni","name":null,"category":"other","historic":null,"building":"yes","osm_id":206028246}},{"type":"Feature","geometry":{"type":"Polygon","coordinates":[[[10.0289168,44.06246],[10.0288581,44.0623757],[10.0288535,44.0623692],[10.0287904,44.0623921],[10.0287831,44.0623807],[10.0286425,44.0624251],[10.0286476,44.0624334],[10.0285937,44.0624573],[10.0286578,44.0625516],[10.0289168,44.06246]]]},"properties":{"site":"luni","name":null,"category":"other","historic":null,"building":"yes","osm_id":206028251}},{"type":"Feature","geometry":{"type":"Polygon","coordinates":[[[10.0264816,44.0640753],[10.0265459,44.0640421],[10.0264634,44.0639591],[10.0264613,44.0639568],[10.0263815,44.0639979],[10.0264146,44.0640313],[10.0263985,44.0640395],[10.0264434,44.0640847],[10.0264749,44.0640685],[10.0264816,44.0640753]]]},"properties":{"site":"luni","name":null,"category":"other","historic":null,"building":"yes","osm_id":206028286}},{"type":"Feature","geometry":{"type":"Polygon","coordinates":[[[10.0278488,44.0656676],[10.0279842,44.0656086],[10.0279242,44.0655373],[10.0279531,44.0655247],[10.0279503,44.0655213],[10.0278774,44.0654345],[10.0277367,44.0654959],[10.0277961,44.0655665],[10.0277726,44.0655768],[10.0278488,44.0656676]]]},"properties":{"site":"luni","name":null,"category":"other","historic":null,"building":"yes","osm_id":206028288}},{"type":"Feature","geometry":{"type":"Polygon","coordinates":[[[10.0282978,44.0653787],[10.0283369,44.0654233],[10.0283441,44.065421],[10.0283777,44.0654555],[10.028457,44.0654206],[10.0284659,44.0654167],[10.0283613,44.0652962],[10.0282755,44.0653374],[10.0283057,44.0653708],[10.0282978,44.0653787]]]},"properties":{"site":"luni","name":null,"category":"other","historic":null,"building":"yes","osm_id":206028290}},{"type":"Feature","geometry":{"type":"Polygon","coordinates":[[[10.0296385,44.0652126],[10.0297471,44.0651791],[10.0297703,44.0651729],[10.0297323,44.0650985],[10.0297129,44.0651036],[10.0296963,44.0650712],[10.0295595,44.0651091],[10.0296209,44.0652148],[10.0296368,44.0652099],[10.0296385,44.0652126]]]},"properties":{"site":"luni","name":null,"category":"other","historic":null,"building":"yes","osm_id":206028296}},{"type":"Feature","geometry":{"type":"Polygon","coordinates":[[[10.0313994,44.0680034],[10.0315435,44.0679661],[10.0315485,44.0679647],[10.0314982,44.0678623],[10.0313533,44.0678979],[10.0313806,44.0679554],[10.0313697,44.0679619],[10.0313888,44.0680004],[10.0313962,44.067998],[10.0313994,44.0680034]]]},"properties":{"site":"luni","name":null,"category":"other","historic":null,"building":"yes","osm_id":206028304}},{"type":"Feature","geometry":{"type":"Polygon","coordinates":[[[10.0292541,44.060885],[10.029243,44.0608892],[10.0292959,44.0609648],[10.0292998,44.0609703],[10.0294221,44.0609252],[10.0295643,44.0608726],[10.0295722,44.0608697],[10.0295135,44.0607871],[10.0294941,44.0607942],[10.0292541,44.060885]]]},"properties":{"site":"luni","name":null,"category":"other","historic":null,"building":"yes","osm_id":206028306}},{"type":"Feature","geometry":{"type":"Polygon","coordinates":[[[10.0165627,44.0685523],[10.0165571,44.0685451],[10.0165542,44.0685414],[10.0165009,44.0685631],[10.0165478,44.068623],[10.0165788,44.0686118],[10.0166221,44.0686743],[10.0166411,44.0686655],[10.0166428,44.068667],[10.0165627,44.0685523]]]},"properties":{"site":"luni","name":null,"category":"other","historic":null,"building":"yes","osm_id":206028321}},{"type":"Feature","geometry":{"type":"Polygon","coordinates":[[[10.0317927,44.067412],[10.0319535,44.0673776],[10.0319478,44.0673666],[10.0320366,44.0673423],[10.0320414,44.0673409],[10.0320179,44.0672821],[10.0317622,44.0673342],[10.0317685,44.0673503],[10.0317894,44.0674034],[10.0317927,44.067412]]]},"properties":{"site":"luni","name":null,"category":"other","historic":null,"building":"yes","osm_id":206028322}},{"type":"Feature","geometry":{"type":"Polygon","coordinates":[[[10.0296005,44.0656151],[10.0295148,44.0654331],[10.0294171,44.0654602],[10.0294486,44.065519],[10.0294655,44.0655143],[10.0294847,44.06555],[10.029497,44.0655729],[10.0294736,44.0655794],[10.0295047,44.0656373],[10.0296005,44.0656151]]]},"properties":{"site":"luni","name":null,"category":"other","historic":null,"building":"yes","osm_id":206028360}},{"type":"Feature","geometry":{"type":"Polygon","coordinates":[[[10.0145771,44.0639665],[10.0150526,44.063798],[10.0149784,44.0636813],[10.0149468,44.0636899],[10.0148558,44.0635648],[10.0144169,44.0637211],[10.0145771,44.0639665]]]},"properties":{"site":"luni","name":"Basilica cristiana di Luni","category":"basilica_christian","historic":"archaeological_site","building":null,"osm_id":323397861}},{"type":"Feature","geometry":{"type":"Polygon","coordinates":[[[10.0184839,44.063517],[10.0186246,44.0634668],[10.0185617,44.0633848],[10.0184202,44.0634484],[10.0184839,44.063517]]]},"properties":{"site":"luni","name":"Mosaici di Oceano e del Circo Massimo","category":"amphitheater","historic":"archaeological_site","building":null,"osm_id":329135147}},{"type":"Feature","geometry":{"type":"Polygon","coordinates":[[[10.0155204,44.0691705],[10.0155486,44.0692101],[10.015605,44.0691894],[10.015577,44.0691497],[10.0155204,44.0691705]]]},"properties":{"site":"luni","name":null,"category":"other","historic":null,"building":"yes","osm_id":352024914}},{"type":"Feature","geometry":{"type":"Polygon","coordinates":[[[10.0280066,44.0700722],[10.028113,44.0700222],[10.0280355,44.0699327],[10.0279284,44.0699846],[10.0280066,44.0700722]]]},"properties":{"site":"luni","name":null,"category":"other","historic":null,"building":"yes","osm_id":352024918}},{"type":"Feature","geometry":{"type":"Polygon","coordinates":[[[10.0315344,44.0649788],[10.0315614,44.0650181],[10.0316379,44.0649911],[10.0316103,44.0649509],[10.0315344,44.0649788]]]},"properties":{"site":"luni","name":null,"category":"other","historic":null,"building":"yes","osm_id":352024971}},{"type":"Feature","geometry":{"type":"Polygon","coordinates":[[[10.0250362,44.0674264],[10.0251039,44.0673824],[10.0250917,44.0673725],[10.0250235,44.0674161],[10.0250362,44.0674264]]]},"properties":{"site":"luni","name":null,"category":"other","historic":null,"building":"yes","osm_id":352024972}},{"type":"Feature","geometry":{"type":"Polygon","coordinates":[[[10.0236872,44.0684563],[10.0236483,44.0684164],[10.0235412,44.0684705],[10.0235803,44.0685101],[10.0236872,44.0684563]]]},"properties":{"site":"luni","name":null,"category":"other","historic":null,"building":"yes","osm_id":352024978}},{"type":"Feature","geometry":{"type":"Polygon","coordinates":[[[10.0319959,44.0656311],[10.0320401,44.0656124],[10.032009,44.0655739],[10.0319646,44.0655926],[10.0319959,44.0656311]]]},"properties":{"site":"luni","name":null,"category":"other","historic":null,"building":"yes","osm_id":352024984}},{"type":"Feature","geometry":{"type":"Polygon","coordinates":[[[10.016645,44.0676067],[10.0166746,44.0676383],[10.0167647,44.0675944],[10.0167351,44.0675627],[10.016645,44.0676067]]]},"properties":{"site":"luni","name":null,"category":"other","historic":null,"building":"yes","osm_id":352024990}},{"type":"Feature","geometry":{"type":"Polygon","coordinates":[[[10.0177002,44.0675091],[10.017725,44.0675379],[10.0177743,44.0675158],[10.0177493,44.067487],[10.0177002,44.0675091]]]},"properties":{"site":"luni","name":null,"category":"other","historic":null,"building":"yes","osm_id":352024998}},{"type":"Feature","geometry":{"type":"Polygon","coordinates":[[[10.0286429,44.067981],[10.0286844,44.0680277],[10.0287336,44.0680049],[10.0286921,44.0679583],[10.0286429,44.067981]]]},"properties":{"site":"luni","name":null,"category":"other","historic":null,"building":"yes","osm_id":352025008}},{"type":"Feature","geometry":{"type":"Polygon","coordinates":[[[10.0279668,44.0697501],[10.0280305,44.0697192],[10.0279879,44.069677],[10.0279268,44.0697067],[10.0279668,44.0697501]]]},"properties":{"site":"luni","name":null,"category":"other","historic":null,"building":"yes","osm_id":352025018}},{"type":"Feature","geometry":{"type":"Polygon","coordinates":[[[10.0271224,44.0681904],[10.0271604,44.0682225],[10.0272467,44.0681682],[10.0272079,44.0681364],[10.0271224,44.0681904]]]},"properties":{"site":"luni","name":null,"category":"other","historic":null,"building":"yes","osm_id":352025022}},{"type":"Feature","geometry":{"type":"Polygon","coordinates":[[[10.0308361,44.0685402],[10.030873,44.0685902],[10.0309839,44.0685475],[10.0309468,44.0684975],[10.0308361,44.0685402]]]},"properties":{"site":"luni","name":null,"category":"other","historic":null,"building":"yes","osm_id":352025033}},{"type":"Feature","geometry":{"type":"Polygon","coordinates":[[[10.0169031,44.0694045],[10.0169319,44.0694393],[10.0169794,44.069419],[10.0169506,44.0693841],[10.0169031,44.0694045]]]},"properties":{"site":"luni","name":null,"category":"other","historic":null,"building":"yes","osm_id":352025038}},{"type":"Feature","geometry":{"type":"Polygon","coordinates":[[[10.0231719,44.067091],[10.0232009,44.0671194],[10.0232686,44.0670835],[10.0232397,44.0670551],[10.0231719,44.067091]]]},"properties":{"site":"luni","name":null,"category":"other","historic":null,"building":"yes","osm_id":352025055}},{"type":"Feature","geometry":{"type":"Polygon","coordinates":[[[10.0277723,44.0676319],[10.0278143,44.0676542],[10.0278519,44.0676174],[10.0278099,44.0675951],[10.0277723,44.0676319]]]},"properties":{"site":"luni","name":null,"category":"other","historic":null,"building":"yes","osm_id":352025073}},{"type":"Feature","geometry":{"type":"Polygon","coordinates":[[[10.0154636,44.068756],[10.0154965,44.0687706],[10.0155186,44.0687448],[10.0154858,44.0687301],[10.0154636,44.068756]]]},"properties":{"site":"luni","name":null,"category":"other","historic":null,"building":"yes","osm_id":352025083}},{"type":"Feature","geometry":{"type":"Polygon","coordinates":[[[10.0182971,44.0667903],[10.0183368,44.0667931],[10.0183408,44.0667626],[10.018301,44.0667599],[10.0182971,44.0667903]]]},"properties":{"site":"luni","name":null,"category":"other","historic":null,"building":"yes","osm_id":352025093}},{"type":"Feature","geometry":{"type":"Polygon","coordinates":[[[10.0250769,44.0674595],[10.025145,44.0674159],[10.0251039,44.0673824],[10.0250362,44.0674264],[10.0250769,44.0674595]]]},"properties":{"site":"luni","name":null,"category":"other","historic":null,"building":"yes","osm_id":352025095}},{"type":"Feature","geometry":{"type":"Polygon","coordinates":[[[10.0230757,44.0668384],[10.0231631,44.0669313],[10.0232211,44.066903],[10.0231338,44.06681],[10.0230757,44.0668384]]]},"properties":{"site":"luni","name":null,"category":"other","historic":null,"building":"yes","osm_id":352025100}},{"type":"Feature","geometry":{"type":"Polygon","coordinates":[[[10.0297879,44.0686028],[10.0298199,44.0686571],[10.0298799,44.0686387],[10.0298584,44.0686022],[10.029848,44.0685844],[10.0297879,44.0686028]]]},"properties":{"site":"luni","name":null,"category":"other","historic":null,"building":"yes","osm_id":352025116}},{"type":"Feature","geometry":{"type":"Polygon","coordinates":[[[10.0298799,44.0686387],[10.0299382,44.0686209],[10.0299071,44.0685668],[10.0298805,44.0685749],[10.0298907,44.0685923],[10.0298584,44.0686022],[10.0298799,44.0686387]]]},"properties":{"site":"luni","name":null,"category":"other","historic":null,"building":"yes","osm_id":352025128}},{"type":"Feature","geometry":{"type":"Polygon","coordinates":[[[10.0112342,44.0590722],[10.0112843,44.0590528],[10.0113109,44.0590421],[10.0112996,44.059026],[10.0112722,44.0590366],[10.0112638,44.059025],[10.0113098,44.0590075],[10.0112619,44.0589431],[10.0111651,44.0589803],[10.0112342,44.0590722]]]},"properties":{"site":"luni","name":null,"category":"other","historic":null,"building":"yes","osm_id":352030788}},{"type":"Feature","geometry":{"type":"Polygon","coordinates":[[[10.0112103,44.059077],[10.0112198,44.0590896],[10.0113173,44.0590523],[10.0113255,44.0590634],[10.0113614,44.0590496],[10.0113448,44.0590285],[10.0113328,44.0590133],[10.0113734,44.0589976],[10.0113652,44.0589864],[10.011324,44.059002],[10.0112756,44.0589376],[10.0112682,44.0589276],[10.0112543,44.0589329],[10.0112619,44.0589431],[10.0113098,44.0590075],[10.0112638,44.059025],[10.0112722,44.0590366],[10.0112996,44.059026],[10.0113109,44.0590421],[10.0112843,44.0590528],[10.0112342,44.0590722],[10.0111651,44.0589803],[10.0111445,44.0589882],[10.0112103,44.059077]]]},"properties":{"site":"luni","name":null,"category":"other","historic":null,"building":"yes","osm_id":352030789}},{"type":"Feature","geometry":{"type":"Polygon","coordinates":[[[10.0299551,44.0673171],[10.0300069,44.0673039],[10.0299931,44.0672763],[10.0299414,44.0672894],[10.0299551,44.0673171]]]},"properties":{"site":"luni","name":null,"category":"other","historic":null,"building":"yes","osm_id":352030803}},{"type":"Feature","geometry":{"type":"Polygon","coordinates":[[[10.0111445,44.0589882],[10.0110924,44.0590082],[10.0111579,44.0590971],[10.0112103,44.059077],[10.0111445,44.0589882]]]},"properties":{"site":"luni","name":null,"category":"other","historic":null,"building":"yes","osm_id":352030811}},{"type":"Feature","geometry":{"type":"Polygon","coordinates":[[[10.0265892,44.0686198],[10.0266597,44.0686849],[10.0267754,44.0686211],[10.0267044,44.0685556],[10.0265892,44.0686198]]]},"properties":{"site":"luni","name":null,"category":"other","historic":null,"building":"yes","osm_id":352030827}},{"type":"Feature","geometry":{"type":"Polygon","coordinates":[[[10.0149877,44.0692075],[10.0150164,44.0691875],[10.014961,44.0691464],[10.0149331,44.0691659],[10.0149877,44.0692075]]]},"properties":{"site":"luni","name":null,"category":"other","historic":null,"building":"yes","osm_id":352030836}},{"type":"Feature","geometry":{"type":"Polygon","coordinates":[[[10.0238071,44.0615893],[10.0238527,44.0615732],[10.023825,44.0615333],[10.0237799,44.0615501],[10.0238071,44.0615893]]]},"properties":{"site":"luni","name":null,"category":"other","historic":null,"building":"yes","osm_id":352030838}},{"type":"Feature","geometry":{"type":"Polygon","coordinates":[[[10.024461,44.0676049],[10.0245183,44.0676603],[10.0245917,44.0676205],[10.0245346,44.0675652],[10.024461,44.0676049]]]},"properties":{"site":"luni","name":null,"category":"other","historic":null,"building":"yes","osm_id":352030844}},{"type":"Feature","geometry":{"type":"Polygon","coordinates":[[[10.0112756,44.0589376],[10.011324,44.059002],[10.0113652,44.0589864],[10.0113173,44.0589213],[10.0112756,44.0589376]]]},"properties":{"site":"luni","name":null,"category":"other","historic":null,"building":"yes","osm_id":352030847}},{"type":"Feature","geometry":{"type":"Polygon","coordinates":[[[10.0139863,44.0589173],[10.013979,44.0588627],[10.0139068,44.0588677],[10.0139141,44.0589224],[10.0139863,44.0589173]]]},"properties":{"site":"luni","name":null,"category":"other","historic":null,"building":"yes","osm_id":352030870}},{"type":"Feature","geometry":{"type":"Polygon","coordinates":[[[10.026736,44.0685149],[10.0267688,44.068546],[10.0268388,44.0685074],[10.026806,44.0684764],[10.026736,44.0685149]]]},"properties":{"site":"luni","name":null,"category":"other","historic":null,"building":"yes","osm_id":352030872}},{"type":"Feature","geometry":{"type":"Polygon","coordinates":[[[10.0113448,44.0590285],[10.0113849,44.0590132],[10.0113734,44.0589976],[10.0113328,44.0590133],[10.0113448,44.0590285]]]},"properties":{"site":"luni","name":null,"category":"other","historic":null,"building":"yes","osm_id":352030875}},{"type":"Feature","geometry":{"type":"Polygon","coordinates":[[[10.0282515,44.0626233],[10.028385,44.0625718],[10.0283479,44.0625219],[10.0282146,44.0625734],[10.0282515,44.0626233]]]},"properties":{"site":"luni","name":null,"category":"other","historic":null,"building":"yes","osm_id":352030879}},{"type":"Feature","geometry":{"type":"Polygon","coordinates":[[[10.0218586,44.0698028],[10.0219127,44.0697683],[10.0218259,44.0696975],[10.0217717,44.069732],[10.0218586,44.0698028]]]},"properties":{"site":"luni","name":null,"category":"other","historic":null,"building":"yes","osm_id":352030882}},{"type":"Feature","geometry":{"type":"Polygon","coordinates":[[[10.0213795,44.0647477],[10.0214073,44.064781],[10.0214409,44.0647664],[10.0214347,44.0647589],[10.0214619,44.0647471],[10.0214405,44.0647213],[10.0213795,44.0647477]]]},"properties":{"site":"luni","name":null,"category":"other","historic":null,"building":"yes","osm_id":352030907}},{"type":"Feature","geometry":{"type":"Polygon","coordinates":[[[10.0299836,44.0672366],[10.0300228,44.067293],[10.0301026,44.0672642],[10.0300785,44.0672294],[10.0300306,44.0672467],[10.0300156,44.067225],[10.0299836,44.0672366]]]},"properties":{"site":"luni","name":null,"category":"other","historic":null,"building":"yes","osm_id":352030911}},{"type":"Feature","geometry":{"type":"Polygon","coordinates":[[[10.0296058,44.0674429],[10.0296134,44.0674554],[10.0295973,44.0674632],[10.0296216,44.0674908],[10.0296791,44.0674637],[10.0296456,44.0674245],[10.0296058,44.0674429]]]},"properties":{"site":"luni","name":null,"category":"other","historic":null,"building":"yes","osm_id":352030912}},{"type":"Feature","geometry":{"type":"Polygon","coordinates":[[[10.0181086,44.0667561],[10.018158,44.066803],[10.018682,44.0665217],[10.0186385,44.0664763],[10.0181086,44.0667561]]]},"properties":{"site":"luni","name":null,"category":"other","historic":null,"building":"yes","osm_id":393378389}},{"type":"Feature","geometry":{"type":"Polygon","coordinates":[[[10.0307748,44.0586961],[10.0308154,44.0587595],[10.0309401,44.0587184],[10.0308996,44.058655],[10.0307748,44.0586961]]]},"properties":{"site":"luni","name":null,"category":"other","historic":null,"building":"yes","osm_id":464327112}},{"type":"Feature","geometry":{"type":"Polygon","coordinates":[[[10.0309145,44.0579645],[10.0309725,44.0580459],[10.0311124,44.0579945],[10.0310544,44.0579131],[10.0309145,44.0579645]]]},"properties":{"site":"luni","name":null,"category":"other","historic":null,"building":"yes","osm_id":464327113}},{"type":"Feature","geometry":{"type":"Polygon","coordinates":[[[10.0305673,44.061556],[10.0305137,44.0615726],[10.0305332,44.0616065],[10.0305872,44.0615894],[10.0305673,44.061556]]]},"properties":{"site":"luni","name":null,"category":"other","historic":null,"building":"yes","osm_id":464327128}},{"type":"Feature","geometry":{"type":"Polygon","coordinates":[[[10.0315836,44.0559238],[10.0315117,44.0559417],[10.0315404,44.0560125],[10.0316103,44.0559974],[10.0315836,44.0559238]]]},"properties":{"site":"luni","name":null,"category":"other","historic":null,"building":"yes","osm_id":464327134}},{"type":"Feature","geometry":{"type":"Polygon","coordinates":[[[10.0309217,44.05835],[10.0308924,44.0583641],[10.0309106,44.0583836],[10.0309404,44.058371],[10.0309217,44.05835]]]},"properties":{"site":"luni","name":null,"category":"other","historic":null,"building":"yes","osm_id":464327135}},{"type":"Feature","geometry":{"type":"Polygon","coordinates":[[[10.0318577,44.060783],[10.0318629,44.0607876],[10.0318831,44.0607774],[10.0318706,44.0607638],[10.0318482,44.0607746],[10.0318577,44.060783]]]},"properties":{"site":"luni","name":null,"category":"other","historic":null,"building":"yes","osm_id":464327138}},{"type":"Feature","geometry":{"type":"Polygon","coordinates":[[[10.028739,44.0554249],[10.0286574,44.0554503],[10.0286953,44.0555137],[10.0287503,44.0554964],[10.0287374,44.055472],[10.0287629,44.0554627],[10.028739,44.0554249]]]},"properties":{"site":"luni","name":null,"category":"other","historic":null,"building":"yes","osm_id":464327140}},{"type":"Feature","geometry":{"type":"Polygon","coordinates":[[[10.0317302,44.057062],[10.0317746,44.0570499],[10.0317574,44.0570112],[10.0317249,44.0570189],[10.0317301,44.0570301],[10.0317183,44.0570333],[10.0317302,44.057062]]]},"properties":{"site":"luni","name":null,"category":"other","historic":null,"building":"yes","osm_id":464327145}},{"type":"Feature","geometry":{"type":"Polygon","coordinates":[[[10.0312185,44.0573473],[10.0312356,44.0573878],[10.0312972,44.0573721],[10.0312812,44.0573333],[10.0312185,44.0573473]]]},"properties":{"site":"luni","name":null,"category":"other","historic":null,"building":"yes","osm_id":464327154}},{"type":"Feature","geometry":{"type":"Polygon","coordinates":[[[10.0318387,44.0625699],[10.0318636,44.0626135],[10.031919,44.0625968],[10.0318961,44.0625545],[10.0318387,44.0625699]]]},"properties":{"site":"luni","name":null,"category":"other","historic":null,"building":"yes","osm_id":464327155}},{"type":"Feature","geometry":{"type":"Polygon","coordinates":[[[10.0310689,44.0574176],[10.0310106,44.0574334],[10.0310225,44.0574561],[10.0310808,44.0574402],[10.0310689,44.0574176]]]},"properties":{"site":"luni","name":null,"category":"other","historic":null,"building":"yes","osm_id":464327168}},{"type":"Feature","geometry":{"type":"Polygon","coordinates":[[[10.0307549,44.0585021],[10.0307253,44.0585169],[10.0307529,44.0585458],[10.0307826,44.0585309],[10.0307549,44.0585021]]]},"properties":{"site":"luni","name":null,"category":"other","historic":null,"building":"yes","osm_id":464327169}},{"type":"Feature","geometry":{"type":"Polygon","coordinates":[[[10.0308808,44.0586204],[10.0308765,44.058623],[10.03094,44.0586785],[10.0309429,44.058681],[10.0310309,44.0586294],[10.0310398,44.0586348],[10.0310793,44.0586113],[10.0310031,44.0585489],[10.0308808,44.0586204]]]},"properties":{"site":"luni","name":null,"category":"other","historic":null,"building":"yes","osm_id":464327179}},{"type":"Feature","geometry":{"type":"Polygon","coordinates":[[[10.030913,44.0572348],[10.0309724,44.057221],[10.0309914,44.0572184],[10.0309847,44.0572011],[10.0310253,44.057191],[10.0309896,44.0571148],[10.0308901,44.0571382],[10.0308967,44.0571562],[10.0308816,44.0571651],[10.0308813,44.0571653],[10.030913,44.0572348]]]},"properties":{"site":"luni","name":null,"category":"other","historic":null,"building":"yes","osm_id":464327180}},{"type":"Feature","geometry":{"type":"Polygon","coordinates":[[[10.0309048,44.0555762],[10.0308306,44.0555926],[10.0308696,44.0557116],[10.0309547,44.0556926],[10.0309118,44.0555746],[10.0309048,44.0555762]]]},"properties":{"site":"luni","name":null,"category":"other","historic":null,"building":"yes","osm_id":464327186}},{"type":"Feature","geometry":{"type":"Polygon","coordinates":[[[10.0310243,44.0563725],[10.0310038,44.0563771],[10.0310138,44.0564004],[10.0310361,44.0563955],[10.0310243,44.0563725]]]},"properties":{"site":"luni","name":null,"category":"other","historic":null,"building":"yes","osm_id":464327187}},{"type":"Feature","geometry":{"type":"Polygon","coordinates":[[[10.0313458,44.0604696],[10.0313245,44.0604787],[10.0313397,44.0604971],[10.031361,44.0604879],[10.0313458,44.0604696]]]},"properties":{"site":"luni","name":null,"category":"other","historic":null,"building":"yes","osm_id":464327189}},{"type":"Feature","geometry":{"type":"Polygon","coordinates":[[[10.0309283,44.0615425],[10.0309616,44.0615834],[10.0310064,44.0615659],[10.0310119,44.0615726],[10.031065,44.0615513],[10.0310608,44.0615442],[10.0311321,44.0615153],[10.0311271,44.0615078],[10.0311444,44.0615003],[10.0311153,44.0614595],[10.0311058,44.0614506],[10.0310975,44.0614405],[10.0310593,44.0614578],[10.0310458,44.0614639],[10.0310307,44.0614453],[10.0309966,44.0614592],[10.0308943,44.0615008],[10.0309283,44.0615425]]]},"properties":{"site":"luni","name":null,"category":"other","historic":null,"building":"yes","osm_id":464327192}},{"type":"Feature","geometry":{"type":"Polygon","coordinates":[[[10.0314622,44.0555082],[10.0315093,44.0555003],[10.0314908,44.0554429],[10.0314284,44.0554558],[10.0314311,44.0554644],[10.0314458,44.0555108],[10.0314622,44.0555082]]]},"properties":{"site":"luni","name":null,"category":"other","historic":null,"building":"yes","osm_id":464327199}},{"type":"Feature","geometry":{"type":"Polygon","coordinates":[[[10.0316187,44.0563798],[10.0316173,44.0563697],[10.0316153,44.056356],[10.0315823,44.0563593],[10.0315749,44.05636],[10.0315552,44.056362],[10.0315622,44.0563857],[10.0316187,44.0563798]]]},"properties":{"site":"luni","name":null,"category":"other","historic":null,"building":"yes","osm_id":464327203}},{"type":"Feature","geometry":{"type":"Polygon","coordinates":[[[10.0308142,44.0584753],[10.0308059,44.0584799],[10.0307746,44.0584976],[10.0308139,44.0585366],[10.0308544,44.058515],[10.0308142,44.0584753]]]},"properties":{"site":"luni","name":null,"category":"other","historic":null,"building":"yes","osm_id":464327206}},{"type":"Feature","geometry":{"type":"Polygon","coordinates":[[[10.0312215,44.0606499],[10.0312624,44.0606987],[10.0312997,44.0606832],[10.0312581,44.0606357],[10.0312215,44.0606499]]]},"properties":{"site":"luni","name":null,"category":"other","historic":null,"building":"yes","osm_id":464327218}},{"type":"Feature","geometry":{"type":"Polygon","coordinates":[[[10.0302587,44.0596516],[10.030201,44.0596827],[10.0302095,44.0596905],[10.0302418,44.0597199],[10.0302926,44.0596923],[10.0302599,44.0596512],[10.0302598,44.059651],[10.0302587,44.0596516]]]},"properties":{"site":"luni","name":null,"category":"other","historic":null,"building":"yes","osm_id":464327222}},{"type":"Feature","geometry":{"type":"Polygon","coordinates":[[[10.0314906,44.0554137],[10.0316618,44.0553848],[10.0316478,44.0553303],[10.0316315,44.0553323],[10.0316163,44.0552934],[10.031475,44.0553169],[10.0314531,44.0553193],[10.0314828,44.0554135],[10.0314906,44.0554137]]]},"properties":{"site":"luni","name":null,"category":"other","historic":null,"building":"yes","osm_id":464327225}},{"type":"Feature","geometry":{"type":"Polygon","coordinates":[[[10.0287928,44.0556315],[10.0288153,44.0556722],[10.0289277,44.0556392],[10.0289062,44.0556032],[10.02883,44.0554751],[10.0287236,44.0555068],[10.0287928,44.0556315]]]},"properties":{"site":"luni","name":null,"category":"other","historic":null,"building":"yes","osm_id":464327230}},{"type":"Feature","geometry":{"type":"Polygon","coordinates":[[[10.0313484,44.0570479],[10.0313627,44.057045],[10.0313438,44.0570038],[10.0313016,44.0570145],[10.0312966,44.0570038],[10.0311855,44.0570308],[10.0312078,44.0570818],[10.0312255,44.0570791],[10.031214,44.0570568],[10.0313419,44.0570278],[10.0313484,44.0570479]]]},"properties":{"site":"luni","name":null,"category":"other","historic":null,"building":"yes","osm_id":464327252}},{"type":"Feature","geometry":{"type":"Polygon","coordinates":[[[10.031647,44.0564918],[10.0316737,44.0564906],[10.0317926,44.0564779],[10.0318149,44.056476],[10.031804,44.0564198],[10.0316383,44.0564387],[10.031647,44.0564918]]]},"properties":{"site":"luni","name":null,"category":"other","historic":null,"building":"yes","osm_id":464327254}},{"type":"Feature","geometry":{"type":"Polygon","coordinates":[[[10.0318416,44.057175],[10.0318517,44.0571728],[10.0319047,44.0571608],[10.0318874,44.0571151],[10.0318811,44.0571003],[10.0318248,44.0571154],[10.0318171,44.0571174],[10.0318416,44.057175]]]},"properties":{"site":"luni","name":null,"category":"other","historic":null,"building":"yes","osm_id":464327256}},{"type":"Feature","geometry":{"type":"Polygon","coordinates":[[[10.0315946,44.0555837],[10.0316116,44.0555808],[10.0316316,44.0556492],[10.0316167,44.0556528],[10.0316331,44.0557072],[10.0317709,44.0556832],[10.0317345,44.0555764],[10.0316821,44.0555857],[10.0316658,44.0555886],[10.0316591,44.0555662],[10.0315914,44.0555766],[10.0315946,44.0555837]]]},"properties":{"site":"luni","name":null,"category":"other","historic":null,"building":"yes","osm_id":464327257}},{"type":"Feature","geometry":{"type":"Polygon","coordinates":[[[10.0318149,44.056476],[10.0319595,44.0564633],[10.0319358,44.0563386],[10.0317917,44.0563554],[10.031804,44.0564198],[10.0318149,44.056476]]]},"properties":{"site":"luni","name":null,"category":"other","historic":null,"building":"yes","osm_id":464327274}},{"type":"Feature","geometry":{"type":"Polygon","coordinates":[[[10.0315622,44.0563857],[10.0315778,44.0564381],[10.0316375,44.0564347],[10.031627,44.0563789],[10.0316187,44.0563798],[10.0315622,44.0563857]]]},"properties":{"site":"luni","name":null,"category":"other","historic":null,"building":"yes","osm_id":464327275}},{"type":"Feature","geometry":{"type":"Polygon","coordinates":[[[10.0303586,44.0597957],[10.0303113,44.0597443],[10.0302898,44.0597208],[10.0302524,44.0597386],[10.0303214,44.0598135],[10.0303586,44.0597957]]]},"properties":{"site":"luni","name":null,"category":"other","historic":null,"building":"yes","osm_id":464327278}},{"type":"Feature","geometry":{"type":"Polygon","coordinates":[[[10.0312862,44.0625288],[10.0313202,44.062594],[10.031377,44.0625786],[10.0313803,44.0625849],[10.0314951,44.0625539],[10.0314933,44.0625506],[10.031439,44.0624465],[10.0313664,44.0624661],[10.0313697,44.0624725],[10.0312764,44.0624992],[10.0312824,44.0625105],[10.0312773,44.0625119],[10.0312862,44.0625288]]]},"properties":{"site":"luni","name":null,"category":"other","historic":null,"building":"yes","osm_id":464327279}},{"type":"Feature","geometry":{"type":"Polygon","coordinates":[[[10.0309966,44.0614592],[10.0309623,44.0614075],[10.0309532,44.0614113],[10.0308389,44.0614591],[10.0309117,44.0615501],[10.0309283,44.0615425],[10.0308943,44.0615008],[10.0309966,44.0614592]]]},"properties":{"site":"luni","name":null,"category":"other","historic":null,"building":"yes","osm_id":464327284}},{"type":"Feature","geometry":{"type":"Polygon","coordinates":[[[10.0314906,44.0554137],[10.0314828,44.0554135],[10.0314531,44.0553193],[10.031475,44.0553169],[10.0314606,44.055277],[10.0314533,44.0552783],[10.0314009,44.0552879],[10.0314125,44.0553231],[10.0314064,44.0553247],[10.0314183,44.0553576],[10.031412,44.0553591],[10.0314353,44.0554278],[10.0314942,44.0554192],[10.0314906,44.0554137]]]},"properties":{"site":"luni","name":null,"category":"other","historic":null,"building":"yes","osm_id":464327291}},{"type":"Feature","geometry":{"type":"Polygon","coordinates":[[[10.0301114,44.0602817],[10.0300976,44.0602604],[10.0300454,44.0602755],[10.0300878,44.0603457],[10.0301423,44.0603294],[10.0301114,44.0602817]]]},"properties":{"site":"luni","name":null,"category":"other","historic":null,"building":"yes","osm_id":464327292}},{"type":"Feature","geometry":{"type":"Polygon","coordinates":[[[10.0311966,44.060853],[10.0312334,44.060837],[10.0312247,44.0608249],[10.0312498,44.060814],[10.0312206,44.060783],[10.0311854,44.0607952],[10.0311701,44.0607962],[10.0311355,44.0608115],[10.031167,44.0608533],[10.0311892,44.0608449],[10.0311966,44.060853]]]},"properties":{"site":"luni","name":null,"category":"other","historic":null,"building":"yes","osm_id":464327295}},{"type":"Feature","geometry":{"type":"Polygon","coordinates":[[[10.0311659,44.0625365],[10.0311816,44.0625645],[10.0312257,44.0625517],[10.03121,44.0625237],[10.0311659,44.0625365]]]},"properties":{"site":"luni","name":null,"category":"other","historic":null,"building":"yes","osm_id":464327297}},{"type":"Feature","geometry":{"type":"Polygon","coordinates":[[[10.0315902,44.0604178],[10.0315773,44.0604234],[10.0315824,44.0604309],[10.0315898,44.0604419],[10.0314683,44.0604907],[10.031511,44.0605449],[10.0316104,44.0605064],[10.0317075,44.0604663],[10.031644,44.0603851],[10.0316131,44.0603972],[10.031619,44.0604051],[10.0315902,44.0604178]]]},"properties":{"site":"luni","name":null,"category":"other","historic":null,"building":"yes","osm_id":464327298}},{"type":"Feature","geometry":{"type":"Polygon","coordinates":[[[10.031834,44.0566266],[10.0318622,44.0566418],[10.0319558,44.0566326],[10.0319533,44.0566165],[10.0319508,44.0565878],[10.0319477,44.0565771],[10.0319854,44.056568],[10.0319799,44.0565322],[10.0319559,44.0565166],[10.0319478,44.0564761],[10.0318121,44.056487],[10.0318154,44.0565002],[10.0318184,44.0565232],[10.031834,44.0566266]]]},"properties":{"site":"luni","name":null,"category":"other","historic":null,"building":"yes","osm_id":464327303}},{"type":"Feature","geometry":{"type":"Polygon","coordinates":[[[10.030536,44.0599411],[10.0305785,44.0600001],[10.0306056,44.0599922],[10.030615,44.0600059],[10.0306515,44.0599904],[10.0306394,44.0599763],[10.0305942,44.0599092],[10.03053,44.0599327],[10.030536,44.0599411]]]},"properties":{"site":"luni","name":null,"category":"other","historic":null,"building":"yes","osm_id":464327307}},{"type":"Feature","geometry":{"type":"Polygon","coordinates":[[[10.0297393,44.0601765],[10.0297602,44.0602109],[10.0297942,44.0602033],[10.0297765,44.0601687],[10.0297393,44.0601765]]]},"properties":{"site":"luni","name":null,"category":"other","historic":null,"building":"yes","osm_id":464327331}},{"type":"Feature","geometry":{"type":"Polygon","coordinates":[[[10.0310652,44.0581405],[10.0311234,44.0582247],[10.0312488,44.0581798],[10.0311908,44.0580944],[10.0310951,44.0581295],[10.0310652,44.0581405]]]},"properties":{"site":"luni","name":null,"category":"other","historic":null,"building":"yes","osm_id":464327335}},{"type":"Feature","geometry":{"type":"Polygon","coordinates":[[[10.0314149,44.0572089],[10.0314097,44.0572003],[10.0314309,44.0571921],[10.031421,44.0571659],[10.0313567,44.0571815],[10.031375,44.0572164],[10.0314149,44.0572089]]]},"properties":{"site":"luni","name":null,"category":"other","historic":null,"building":"yes","osm_id":464327345}},{"type":"Feature","geometry":{"type":"Polygon","coordinates":[[[10.0319353,44.0568902],[10.0319522,44.0569393],[10.0319742,44.0570032],[10.0320822,44.0569819],[10.0320367,44.0568608],[10.0319324,44.0568817],[10.0319353,44.0568902]]]},"properties":{"site":"luni","name":null,"category":"other","historic":null,"building":"yes","osm_id":464327357}},{"type":"Feature","geometry":{"type":"Polygon","coordinates":[[[10.0311541,44.0615412],[10.0311627,44.0615514],[10.0312152,44.0615308],[10.0313285,44.0614862],[10.0313085,44.0614618],[10.0312512,44.0613921],[10.0311989,44.0614131],[10.0311058,44.0614506],[10.0311153,44.0614595],[10.0311877,44.0614264],[10.0312192,44.0614673],[10.0311444,44.0615003],[10.0311271,44.0615078],[10.0311321,44.0615153],[10.0311541,44.0615412]]]},"properties":{"site":"luni","name":null,"category":"other","historic":null,"building":"yes","osm_id":464327366}},{"type":"Feature","geometry":{"type":"Polygon","coordinates":[[[10.0316324,44.0607349],[10.0317212,44.0608235],[10.0317622,44.060804],[10.0317776,44.0607967],[10.0317472,44.0607644],[10.0317604,44.0607573],[10.0317283,44.0607242],[10.031723,44.0607187],[10.0316982,44.0607],[10.0316472,44.0607279],[10.0316324,44.0607349]]]},"properties":{"site":"luni","name":null,"category":"other","historic":null,"building":"yes","osm_id":464327369}},{"type":"Feature","geometry":{"type":"Polygon","coordinates":[[[10.0313618,44.0555756],[10.0314563,44.0555538],[10.0314487,44.0555226],[10.0313509,44.0555408],[10.0313618,44.0555756]]]},"properties":{"site":"luni","name":null,"category":"other","historic":null,"building":"yes","osm_id":464327401}},{"type":"Feature","geometry":{"type":"Polygon","coordinates":[[[10.0316832,44.0563624],[10.0316687,44.0562828],[10.0316056,44.056288],[10.0316069,44.0562969],[10.0316153,44.056356],[10.0316173,44.0563697],[10.0316832,44.0563624]]]},"properties":{"site":"luni","name":null,"category":"other","historic":null,"building":"yes","osm_id":464327406}},{"type":"Feature","geometry":{"type":"Polygon","coordinates":[[[10.0309914,44.0572184],[10.0309963,44.0572273],[10.0310568,44.0572088],[10.03105,44.0571931],[10.031047,44.0571863],[10.0310253,44.057191],[10.0309847,44.0572011],[10.0309914,44.0572184]]]},"properties":{"site":"luni","name":null,"category":"other","historic":null,"building":"yes","osm_id":464327431}},{"type":"Feature","geometry":{"type":"Polygon","coordinates":[[[10.0316324,44.0607349],[10.0316472,44.0607279],[10.0316982,44.0607],[10.031723,44.0607187],[10.0317283,44.0607242],[10.0317683,44.0607031],[10.0317432,44.0606777],[10.0317606,44.0606681],[10.031707,44.0606168],[10.0316603,44.0606403],[10.0316456,44.0606275],[10.0315697,44.0606666],[10.0316324,44.0607349]]]},"properties":{"site":"luni","name":null,"category":"other","historic":null,"building":"yes","osm_id":464327435}},{"type":"Feature","geometry":{"type":"Polygon","coordinates":[[[10.0290435,44.0553275],[10.0289946,44.0553407],[10.029015,44.0553815],[10.0290154,44.0553824],[10.0290748,44.0553664],[10.0290515,44.0553254],[10.0290435,44.0553275]]]},"properties":{"site":"luni","name":null,"category":"other","historic":null,"building":"yes","osm_id":464327444}},{"type":"Feature","geometry":{"type":"Polygon","coordinates":[[[10.0286488,44.0558923],[10.0286842,44.0558794],[10.0286409,44.0558117],[10.0286055,44.0558218],[10.0286056,44.0558259],[10.0286488,44.0558923]]]},"properties":{"site":"luni","name":null,"category":"other","historic":null,"building":"yes","osm_id":464327448}},{"type":"Feature","geometry":{"type":"Polygon","coordinates":[[[10.031049,44.0573926],[10.0310734,44.0573872],[10.031053,44.0573438],[10.0310301,44.0573493],[10.0310317,44.0573528],[10.031049,44.0573926]]]},"properties":{"site":"luni","name":null,"category":"other","historic":null,"building":"yes","osm_id":464327450}},{"type":"Feature","geometry":{"type":"Polygon","coordinates":[[[10.032012,44.0573385],[10.0320972,44.0573252],[10.0320805,44.0572772],[10.0320526,44.0572829],[10.0319984,44.0572939],[10.032012,44.0573385]]]},"properties":{"site":"luni","name":null,"category":"other","historic":null,"building":"yes","osm_id":464327452}},{"type":"Feature","geometry":{"type":"Polygon","coordinates":[[[10.0307677,44.0583717],[10.0307788,44.0583855],[10.0308332,44.0583627],[10.0308456,44.0583575],[10.0308311,44.0583393],[10.0307643,44.0583673],[10.0307677,44.0583717]]]},"properties":{"site":"luni","name":null,"category":"other","historic":null,"building":"yes","osm_id":464327469}},{"type":"Feature","geometry":{"type":"Polygon","coordinates":[[[10.0319682,44.0572996],[10.0319819,44.0573433],[10.032012,44.0573385],[10.0319984,44.0572939],[10.0319682,44.0572996]]]},"properties":{"site":"luni","name":null,"category":"other","historic":null,"building":"yes","osm_id":464327470}},{"type":"Feature","geometry":{"type":"Polygon","coordinates":[[[10.0315368,44.0555938],[10.0315097,44.0555985],[10.031552,44.0557215],[10.0316331,44.0557072],[10.0316167,44.0556528],[10.0316316,44.0556492],[10.0316116,44.0555808],[10.0315946,44.0555837],[10.0315746,44.0555872],[10.0315368,44.0555938]]]},"properties":{"site":"luni","name":null,"category":"other","historic":null,"building":"yes","osm_id":464327471}},{"type":"Feature","geometry":{"type":"Polygon","coordinates":[[[10.031642,44.0571112],[10.0316431,44.0571155],[10.0317437,44.0570913],[10.0317405,44.0570845],[10.0317302,44.057062],[10.0317183,44.0570333],[10.0316834,44.0570431],[10.0316885,44.0570559],[10.0316221,44.0570726],[10.031642,44.0571112]]]},"properties":{"site":"luni","name":null,"category":"other","historic":null,"building":"yes","osm_id":464327472}},{"type":"Feature","geometry":{"type":"Polygon","coordinates":[[[10.0314356,44.0614685],[10.0314392,44.0614753],[10.0313517,44.0615031],[10.0313568,44.0615126],[10.031258,44.0615503],[10.0312908,44.0615986],[10.0314795,44.0615368],[10.0314745,44.0615306],[10.0317479,44.061433],[10.031745,44.0614289],[10.031716,44.0613872],[10.0316856,44.0613942],[10.0316699,44.0613715],[10.0315188,44.0614237],[10.0315308,44.0614412],[10.0315136,44.0614461],[10.0314356,44.0614685]]]},"properties":{"site":"luni","name":null,"category":"other","historic":null,"building":"yes","osm_id":464327488}},{"type":"Feature","geometry":{"type":"Polygon","coordinates":[[[10.0310793,44.0586113],[10.0311167,44.0585871],[10.0310454,44.0585245],[10.0310031,44.0585489],[10.0310793,44.0586113]]]},"properties":{"site":"luni","name":null,"category":"other","historic":null,"building":"yes","osm_id":464327492}},{"type":"Feature","geometry":{"type":"Polygon","coordinates":[[[10.0310057,44.0557889],[10.0310038,44.0558113],[10.0310326,44.0558123],[10.0310312,44.055789],[10.0310057,44.0557889]]]},"properties":{"site":"luni","name":null,"category":"other","historic":null,"building":"yes","osm_id":464327493}},{"type":"Feature","geometry":{"type":"Polygon","coordinates":[[[10.0310494,44.0562993],[10.0310022,44.0563086],[10.0310099,44.0563289],[10.0310571,44.0563197],[10.0310494,44.0562993]]]},"properties":{"site":"luni","name":null,"category":"other","historic":null,"building":"yes","osm_id":464327494}},{"type":"Feature","geometry":{"type":"Polygon","coordinates":[[[10.0313355,44.0571425],[10.0313404,44.0571516],[10.0314074,44.0571302],[10.0313963,44.0571013],[10.031372,44.0571054],[10.0313427,44.0571186],[10.0313476,44.0571319],[10.0313502,44.0571391],[10.0313355,44.0571425]]]},"properties":{"site":"luni","name":null,"category":"other","historic":null,"building":"yes","osm_id":464327503}},{"type":"Feature","geometry":{"type":"Polygon","coordinates":[[[10.0316375,44.0564347],[10.0316383,44.0564387],[10.031804,44.0564198],[10.0317917,44.0563554],[10.0317643,44.0563586],[10.0317634,44.0563537],[10.0316832,44.0563624],[10.0316173,44.0563697],[10.0316187,44.0563798],[10.031627,44.0563789],[10.0316375,44.0564347]]]},"properties":{"site":"luni","name":null,"category":"other","historic":null,"building":"yes","osm_id":464327506}},{"type":"Feature","geometry":{"type":"Polygon","coordinates":[[[10.0312571,44.0571492],[10.0312603,44.0571562],[10.0313355,44.0571425],[10.0313502,44.0571391],[10.0313476,44.0571319],[10.0313427,44.0571186],[10.031372,44.0571054],[10.0313484,44.0570479],[10.0313419,44.0570278],[10.031214,44.0570568],[10.0312255,44.0570791],[10.0312571,44.0571492]]]},"properties":{"site":"luni","name":null,"category":"other","historic":null,"building":"yes","osm_id":464327507}},{"type":"Feature","geometry":{"type":"Polygon","coordinates":[[[10.0318735,44.0572208],[10.0319234,44.0572093],[10.0319047,44.0571608],[10.0318517,44.0571728],[10.0318601,44.0571912],[10.0318735,44.0572208]]]},"properties":{"site":"luni","name":null,"category":"other","historic":null,"building":"yes","osm_id":464327512}},{"type":"Feature","geometry":{"type":"Polygon","coordinates":[[[10.0318831,44.0607774],[10.031889,44.0607838],[10.0319112,44.0607744],[10.0318851,44.0607497],[10.0318668,44.0607597],[10.0318706,44.0607638],[10.0318831,44.0607774]]]},"properties":{"site":"luni","name":null,"category":"other","historic":null,"building":"yes","osm_id":464327517}},{"type":"Feature","geometry":{"type":"Polygon","coordinates":[[[10.0314254,44.0565487],[10.0314209,44.0565345],[10.0314204,44.056533],[10.0313777,44.0565406],[10.0313783,44.0565431],[10.0313818,44.0565558],[10.0314254,44.0565487]]]},"properties":{"site":"luni","name":null,"category":"other","historic":null,"building":"yes","osm_id":464327526}},{"type":"Feature","geometry":{"type":"Polygon","coordinates":[[[10.031426,44.0567058],[10.0314548,44.0566997],[10.0314625,44.0566981],[10.0314554,44.0566742],[10.0314407,44.056625],[10.0314376,44.0566147],[10.0313576,44.056624],[10.0313617,44.0566363],[10.0313071,44.0566461],[10.0313379,44.05674],[10.03142,44.0567284],[10.031414,44.0567083],[10.031426,44.0567058]]]},"properties":{"site":"luni","name":null,"category":"other","historic":null,"building":"yes","osm_id":464327527}},{"type":"Feature","geometry":{"type":"Polygon","coordinates":[[[10.0313321,44.0565643],[10.0313796,44.0565562],[10.0313749,44.0565423],[10.0313273,44.056551],[10.0313321,44.0565643]]]},"properties":{"site":"luni","name":null,"category":"other","historic":null,"building":"yes","osm_id":464327546}},{"type":"Feature","geometry":{"type":"Polygon","coordinates":[[[10.0309267,44.0572676],[10.0309512,44.0573263],[10.0310106,44.057316],[10.0309816,44.0572439],[10.0309724,44.057221],[10.030913,44.0572348],[10.0309267,44.0572676]]]},"properties":{"site":"luni","name":null,"category":"other","historic":null,"building":"yes","osm_id":464327547}},{"type":"Feature","geometry":{"type":"Polygon","coordinates":[[[10.0289062,44.0556032],[10.0289733,44.0555838],[10.0288946,44.0554551],[10.0288933,44.0554529],[10.0288902,44.0554537],[10.0288255,44.055469],[10.02883,44.0554751],[10.0289062,44.0556032]]]},"properties":{"site":"luni","name":null,"category":"other","historic":null,"building":"yes","osm_id":464327552}},{"type":"Feature","geometry":{"type":"Polygon","coordinates":[[[10.031923,44.0607857],[10.0317778,44.0608632],[10.0318296,44.0609147],[10.0320031,44.0608235],[10.03195,44.0607728],[10.031923,44.0607857]]]},"properties":{"site":"luni","name":null,"category":"other","historic":null,"building":"yes","osm_id":464327558}},{"type":"Feature","geometry":{"type":"Polygon","coordinates":[[[10.0317938,44.0568953],[10.0318425,44.0568832],[10.0318248,44.0568349],[10.0317686,44.0568446],[10.0317891,44.0568964],[10.0317938,44.0568953]]]},"properties":{"site":"luni","name":null,"category":"other","historic":null,"building":"yes","osm_id":464327559}},{"type":"Feature","geometry":{"type":"Polygon","coordinates":[[[10.0299683,44.0602572],[10.0299688,44.0602292],[10.029969,44.0602182],[10.0298307,44.0602262],[10.0298374,44.0602674],[10.0299683,44.0602572]]]},"properties":{"site":"luni","name":null,"category":"other","historic":null,"building":"yes","osm_id":464327564}},{"type":"Feature","geometry":{"type":"Polygon","coordinates":[[[10.0320279,44.0619499],[10.032134,44.0619186],[10.0320507,44.0617733],[10.0318252,44.0618382],[10.0316311,44.0618941],[10.0317135,44.0620428],[10.0318177,44.0620119],[10.0320279,44.0619499]]]},"properties":{"site":"luni","name":null,"category":"other","historic":null,"building":"yes","osm_id":464327567}},{"type":"Feature","geometry":{"type":"Polygon","coordinates":[[[10.031421,44.0571659],[10.0314074,44.0571302],[10.0313404,44.0571516],[10.0313444,44.057159],[10.0313567,44.0571815],[10.031421,44.0571659]]]},"properties":{"site":"luni","name":null,"category":"other","historic":null,"building":"yes","osm_id":464327569}},{"type":"Feature","geometry":{"type":"Polygon","coordinates":[[[10.0314458,44.0555108],[10.0314311,44.0554644],[10.0313957,44.0554696],[10.0314099,44.0555165],[10.0314391,44.0555119],[10.0314458,44.0555108]]]},"properties":{"site":"luni","name":null,"category":"other","historic":null,"building":"yes","osm_id":464327570}},{"type":"Feature","geometry":{"type":"Polygon","coordinates":[[[10.0318248,44.0568349],[10.0318347,44.0568331],[10.0318137,44.0567853],[10.0317508,44.0567998],[10.0317686,44.0568446],[10.0318248,44.0568349]]]},"properties":{"site":"luni","name":null,"category":"other","historic":null,"building":"yes","osm_id":464327571}},{"type":"Feature","geometry":{"type":"Polygon","coordinates":[[[10.0292847,44.0554607],[10.0292852,44.0554606],[10.0293093,44.0554532],[10.0293516,44.0554402],[10.0293805,44.0554314],[10.029368,44.0554115],[10.029275,44.05544],[10.0292826,44.0554563],[10.0292835,44.0554582],[10.0292847,44.0554607]]]},"properties":{"site":"luni","name":null,"category":"other","historic":null,"building":"yes","osm_id":464327581}},{"type":"Feature","geometry":{"type":"Polygon","coordinates":[[[10.0315823,44.0563593],[10.0316153,44.056356],[10.0316069,44.0562969],[10.0315728,44.0563023],[10.0315823,44.0563593]]]},"properties":{"site":"luni","name":null,"category":"other","historic":null,"building":"yes","osm_id":464327583}},{"type":"Feature","geometry":{"type":"Polygon","coordinates":[[[10.0319706,44.0571462],[10.0319534,44.0570996],[10.0318874,44.0571151],[10.0319047,44.0571608],[10.0319706,44.0571462]]]},"properties":{"site":"luni","name":null,"category":"other","historic":null,"building":"yes","osm_id":464327585}},{"type":"Feature","geometry":{"type":"Polygon","coordinates":[[[10.0318177,44.0620119],[10.0318247,44.0620249],[10.0320334,44.0619619],[10.0320279,44.0619499],[10.0318177,44.0620119]]]},"properties":{"site":"luni","name":null,"category":"other","historic":null,"building":"yes","osm_id":464327589}},{"type":"Feature","geometry":{"type":"Polygon","coordinates":[[[10.0310125,44.0607076],[10.0309326,44.0607301],[10.0309534,44.0607683],[10.0310333,44.0607458],[10.0310125,44.0607076]]]},"properties":{"site":"luni","name":null,"category":"other","historic":null,"building":"yes","osm_id":464327594}},{"type":"Feature","geometry":{"type":"Polygon","coordinates":[[[10.0305942,44.0599092],[10.0305562,44.0598562],[10.0305433,44.0598381],[10.0304864,44.0598584],[10.0304802,44.0598606],[10.0304804,44.0598611],[10.0304963,44.0598841],[10.03053,44.0599327],[10.0305942,44.0599092]]]},"properties":{"site":"luni","name":null,"category":"other","historic":null,"building":"yes","osm_id":464327606}},{"type":"Feature","geometry":{"type":"Polygon","coordinates":[[[10.0293093,44.0554532],[10.0293261,44.0554795],[10.029366,44.0554663],[10.0293516,44.0554402],[10.0293093,44.0554532]]]},"properties":{"site":"luni","name":null,"category":"other","historic":null,"building":"yes","osm_id":464327617}},{"type":"Feature","geometry":{"type":"Polygon","coordinates":[[[10.0314933,44.0625506],[10.0315345,44.0625402],[10.0314825,44.0624359],[10.031439,44.0624465],[10.0314933,44.0625506]]]},"properties":{"site":"luni","name":null,"category":"other","historic":null,"building":"yes","osm_id":464327618}},{"type":"Feature","geometry":{"type":"Polygon","coordinates":[[[10.031647,44.0564918],[10.0316263,44.0564928],[10.0316455,44.0565444],[10.0316821,44.0565371],[10.0316737,44.0564906],[10.031647,44.0564918]]]},"properties":{"site":"luni","name":null,"category":"other","historic":null,"building":"yes","osm_id":464327622}},{"type":"Feature","geometry":{"type":"Polygon","coordinates":[[[10.0317708,44.0613942],[10.0317758,44.0613928],[10.0317621,44.0613755],[10.0317354,44.0613838],[10.0317482,44.0614004],[10.0317708,44.0613942]]]},"properties":{"site":"luni","name":null,"category":"other","historic":null,"building":"yes","osm_id":464327625}},{"type":"Feature","geometry":{"type":"Polygon","coordinates":[[[10.0287228,44.0558666],[10.0284974,44.0554328],[10.0285039,44.0553467],[10.0287861,44.0558479],[10.0287228,44.0558666]]]},"properties":{"site":"luni","name":null,"category":"other","historic":null,"building":"yes","osm_id":464327633}},{"type":"Feature","geometry":{"type":"Polygon","coordinates":[[[10.0286842,44.0558794],[10.0287228,44.0558666],[10.0287861,44.0558479],[10.0288255,44.0558349],[10.0287749,44.0557549],[10.0286345,44.0558011],[10.0286409,44.0558117],[10.0286842,44.0558794]]]},"properties":{"site":"luni","name":null,"category":"other","historic":null,"building":"yes","osm_id":464327634}},{"type":"Feature","geometry":{"type":"Polygon","coordinates":[[[10.0319533,44.0566165],[10.0319824,44.0566132],[10.0320068,44.0566105],[10.0320008,44.056567],[10.0319854,44.056568],[10.0319477,44.0565771],[10.0319508,44.0565878],[10.0319533,44.0566165]]]},"properties":{"site":"luni","name":null,"category":"other","historic":null,"building":"yes","osm_id":464327649}},{"type":"Feature","geometry":{"type":"Polygon","coordinates":[[[10.0316719,44.0627416],[10.0316562,44.0627984],[10.0318317,44.0628217],[10.0318461,44.0627636],[10.0316719,44.0627416]]]},"properties":{"site":"luni","name":null,"category":"other","historic":null,"building":"yes","osm_id":464327661}},{"type":"Feature","geometry":{"type":"Polygon","coordinates":[[[10.0319234,44.0572093],[10.0319881,44.0571943],[10.0319788,44.0571687],[10.0319706,44.0571462],[10.0319047,44.0571608],[10.0319234,44.0572093]]]},"properties":{"site":"luni","name":null,"category":"other","historic":null,"building":"yes","osm_id":464327662}},{"type":"Feature","geometry":{"type":"Polygon","coordinates":[[[10.0315167,44.0572657],[10.0315613,44.0572545],[10.0315414,44.0572046],[10.031491,44.0572164],[10.0315167,44.0572657]]]},"properties":{"site":"luni","name":null,"category":"other","historic":null,"building":"yes","osm_id":464327664}},{"type":"Feature","geometry":{"type":"Polygon","coordinates":[[[10.0293386,44.0553822],[10.029288,44.055396],[10.0293014,44.0554185],[10.0293506,44.0554047],[10.0293386,44.0553822]]]},"properties":{"site":"luni","name":null,"category":"other","historic":null,"building":"yes","osm_id":464327665}},{"type":"Feature","geometry":{"type":"Polygon","coordinates":[[[10.0311689,44.0573612],[10.0312185,44.0573473],[10.0312074,44.0573211],[10.0311552,44.0573342],[10.0311689,44.0573612]]]},"properties":{"site":"luni","name":null,"category":"other","historic":null,"building":"yes","osm_id":464327674}},{"type":"Feature","geometry":{"type":"Polygon","coordinates":[[[10.0319112,44.0607744],[10.031923,44.0607857],[10.03195,44.0607728],[10.0319753,44.0607608],[10.0319416,44.0607192],[10.0319362,44.0607222],[10.0318851,44.0607497],[10.0319112,44.0607744]]]},"properties":{"site":"luni","name":null,"category":"other","historic":null,"building":"yes","osm_id":464327676}},{"type":"Feature","geometry":{"type":"Polygon","coordinates":[[[10.0316821,44.0565371],[10.0316865,44.0565618],[10.0317672,44.0565557],[10.0317785,44.0565549],[10.0317712,44.056511],[10.0317895,44.0565101],[10.0317925,44.0565245],[10.0318184,44.0565232],[10.0318154,44.0565002],[10.0317969,44.0565005],[10.0317926,44.0564779],[10.0316737,44.0564906],[10.0316821,44.0565371]]]},"properties":{"site":"luni","name":null,"category":"other","historic":null,"building":"yes","osm_id":464327678}},{"type":"Feature","geometry":{"type":"Polygon","coordinates":[[[10.0312904,44.0565782],[10.0313003,44.0566086],[10.0314336,44.0565852],[10.0314296,44.0565674],[10.0314254,44.0565487],[10.0313818,44.0565558],[10.0313796,44.0565562],[10.0313321,44.0565643],[10.0312882,44.0565711],[10.0312904,44.0565782]]]},"properties":{"site":"luni","name":null,"category":"other","historic":null,"building":"yes","osm_id":464327686}},{"type":"Feature","geometry":{"type":"Polygon","coordinates":[[[10.030338,44.0601433],[10.030341,44.0601467],[10.0305316,44.0600543],[10.030495,44.0600148],[10.0303055,44.0601079],[10.030338,44.0601433]]]},"properties":{"site":"luni","name":null,"category":"other","historic":null,"building":"yes","osm_id":464327691}},{"type":"Feature","geometry":{"type":"Polygon","coordinates":[[[10.0312819,44.0606326],[10.0312978,44.0606514],[10.0313275,44.0606867],[10.0313738,44.0606694],[10.0314818,44.0606222],[10.0314864,44.0606202],[10.0314742,44.0606059],[10.0314284,44.0605523],[10.0314241,44.0605542],[10.0313229,44.060598],[10.0313127,44.0605862],[10.0313099,44.0605829],[10.0312591,44.0606055],[10.0312658,44.0606135],[10.0312819,44.0606326]]]},"properties":{"site":"luni","name":null,"category":"other","historic":null,"building":"yes","osm_id":464327693}},{"type":"Feature","geometry":{"type":"Polygon","coordinates":[[[10.0311153,44.0614595],[10.0311444,44.0615003],[10.0312192,44.0614673],[10.0311877,44.0614264],[10.0311153,44.0614595]]]},"properties":{"site":"luni","name":null,"category":"other","historic":null,"building":"yes","osm_id":464327695}},{"type":"Feature","geometry":{"type":"Polygon","coordinates":[[[10.0288956,44.0558014],[10.0289435,44.0557867],[10.0289418,44.0557833],[10.0289292,44.0557582],[10.0288782,44.0557723],[10.0288956,44.0558014]]]},"properties":{"site":"luni","name":null,"category":"other","historic":null,"building":"yes","osm_id":464327713}},{"type":"Feature","geometry":{"type":"Polygon","coordinates":[[[10.0312657,44.0552372],[10.0312746,44.0552696],[10.0313808,44.0552533],[10.0313729,44.0552217],[10.0312657,44.0552372]]]},"properties":{"site":"luni","name":null,"category":"other","historic":null,"building":"yes","osm_id":464327714}},{"type":"Feature","geometry":{"type":"Polygon","coordinates":[[[10.0308818,44.058437],[10.0308849,44.05844],[10.0309255,44.0584791],[10.0309988,44.0584414],[10.0309594,44.0584009],[10.0308818,44.058437]]]},"properties":{"site":"luni","name":null,"category":"other","historic":null,"building":"yes","osm_id":464327730}},{"type":"Feature","geometry":{"type":"Polygon","coordinates":[[[10.0313957,44.0554696],[10.0314311,44.0554644],[10.0314284,44.0554558],[10.0314252,44.0554473],[10.0313884,44.0554544],[10.0313957,44.0554696]]]},"properties":{"site":"luni","name":null,"category":"other","historic":null,"building":"yes","osm_id":464327735}},{"type":"Feature","geometry":{"type":"Polygon","coordinates":[[[10.0309594,44.0584009],[10.0309383,44.0583793],[10.0308618,44.0584175],[10.0308818,44.058437],[10.0309594,44.0584009]]]},"properties":{"site":"luni","name":null,"category":"other","historic":null,"building":"yes","osm_id":464327739}},{"type":"Feature","geometry":{"type":"Polygon","coordinates":[[[10.0312074,44.0573211],[10.031181,44.0572582],[10.0311589,44.0572059],[10.0311564,44.0572002],[10.0311385,44.0572044],[10.0311002,44.0572133],[10.0311021,44.0572175],[10.0311552,44.0573342],[10.0312074,44.0573211]]]},"properties":{"site":"luni","name":null,"category":"other","historic":null,"building":"yes","osm_id":464327742}},{"type":"Feature","geometry":{"type":"Polygon","coordinates":[[[10.0306708,44.061595],[10.0305657,44.0616345],[10.0306683,44.061788],[10.0307583,44.0617575],[10.0307362,44.0617241],[10.0307531,44.0617156],[10.0306708,44.061595]]]},"properties":{"site":"luni","name":null,"category":"other","historic":null,"building":"yes","osm_id":464327743}},{"type":"Feature","geometry":{"type":"Polygon","coordinates":[[[10.0316014,44.0603656],[10.0316133,44.0603823],[10.0316532,44.0603659],[10.0316367,44.0603467],[10.0315987,44.0603619],[10.0316014,44.0603656]]]},"properties":{"site":"luni","name":null,"category":"other","historic":null,"building":"yes","osm_id":464327752}},{"type":"Feature","geometry":{"type":"Polygon","coordinates":[[[10.0286327,44.0553076],[10.0285778,44.0553243],[10.0286261,44.0554069],[10.0286808,44.0553902],[10.0286327,44.0553076]]]},"properties":{"site":"luni","name":null,"category":"other","historic":null,"building":"yes","osm_id":464327760}},{"type":"Feature","geometry":{"type":"Polygon","coordinates":[[[10.0316221,44.0570726],[10.0316885,44.0570559],[10.0316834,44.0570431],[10.0317183,44.0570333],[10.0317301,44.0570301],[10.0317249,44.0570189],[10.0316917,44.0569475],[10.0315628,44.0569774],[10.0315778,44.0570097],[10.0315708,44.0570102],[10.0315661,44.0570105],[10.0315691,44.0570165],[10.0315882,44.0570551],[10.0315997,44.0570782],[10.0316221,44.0570726]]]},"properties":{"site":"luni","name":null,"category":"other","historic":null,"building":"yes","osm_id":464327762}},{"type":"Feature","geometry":{"type":"Polygon","coordinates":[[[10.0313108,44.0626551],[10.0312659,44.0626859],[10.0313079,44.0627217],[10.0313567,44.062691],[10.0313108,44.0626551]]]},"properties":{"site":"luni","name":null,"category":"other","historic":null,"building":"yes","osm_id":464327770}},{"type":"Feature","geometry":{"type":"Polygon","coordinates":[[[10.0318798,44.0627083],[10.0319238,44.0626994],[10.0319201,44.0626904],[10.0319144,44.062676],[10.0319674,44.0626657],[10.0320143,44.0626558],[10.0319958,44.0626103],[10.0319489,44.0626202],[10.0319204,44.0626257],[10.0318926,44.062631],[10.0318381,44.0626413],[10.0318217,44.0626029],[10.0317625,44.0626165],[10.0318045,44.0627237],[10.0318798,44.0627083]]]},"properties":{"site":"luni","name":null,"category":"other","historic":null,"building":"yes","osm_id":464327772}},{"type":"Feature","geometry":{"type":"Polygon","coordinates":[[[10.0318176,44.0558484],[10.0316815,44.0558794],[10.0317236,44.0559861],[10.0318602,44.0559564],[10.0318176,44.0558484]]]},"properties":{"site":"luni","name":null,"category":"other","historic":null,"building":"yes","osm_id":464327775}},{"type":"Feature","geometry":{"type":"Polygon","coordinates":[[[10.031519,44.0563662],[10.0315552,44.056362],[10.0315749,44.05636],[10.0315525,44.0562845],[10.0314956,44.0562939],[10.031519,44.0563662]]]},"properties":{"site":"luni","name":null,"category":"other","historic":null,"building":"yes","osm_id":464327786}},{"type":"Feature","geometry":{"type":"Polygon","coordinates":[[[10.0318811,44.0571003],[10.0318874,44.0571151],[10.0319534,44.0570996],[10.031962,44.0570975],[10.0319427,44.0570605],[10.0318907,44.0570732],[10.0318862,44.057066],[10.0318733,44.0570685],[10.031868,44.0570695],[10.0318811,44.0571003]]]},"properties":{"site":"luni","name":null,"category":"other","historic":null,"building":"yes","osm_id":464327788}},{"type":"Feature","geometry":{"type":"Polygon","coordinates":[[[10.0305562,44.0598562],[10.0305772,44.0598499],[10.0305658,44.0598333],[10.0305438,44.059838],[10.0305433,44.0598381],[10.0305562,44.0598562]]]},"properties":{"site":"luni","name":null,"category":"other","historic":null,"building":"yes","osm_id":464327789}},{"type":"Feature","geometry":{"type":"Polygon","coordinates":[[[10.0283094,44.0559158],[10.0283526,44.0559847],[10.0286488,44.0558923],[10.0286056,44.0558259],[10.0286055,44.0558218],[10.0283094,44.0559158]]]},"properties":{"site":"luni","name":null,"category":"other","historic":null,"building":"yes","osm_id":464327798}},{"type":"Feature","geometry":{"type":"Polygon","coordinates":[[[10.0290074,44.0556499],[10.0289863,44.0556164],[10.0289542,44.0556255],[10.028976,44.0556601],[10.0290074,44.0556499]]]},"properties":{"site":"luni","name":null,"category":"other","historic":null,"building":"yes","osm_id":464327802}},{"type":"Feature","geometry":{"type":"Polygon","coordinates":[[[10.0315997,44.0570782],[10.0316181,44.0571151],[10.031642,44.0571112],[10.0316221,44.0570726],[10.0315997,44.0570782]]]},"properties":{"site":"luni","name":null,"category":"other","historic":null,"building":"yes","osm_id":464327817}},{"type":"Feature","geometry":{"type":"Polygon","coordinates":[[[10.0316093,44.0624902],[10.0315875,44.0624951],[10.0315942,44.062515],[10.0315578,44.0625253],[10.0316173,44.0626523],[10.0316821,44.0626353],[10.0316733,44.0626154],[10.0316226,44.0625083],[10.0316182,44.0625089],[10.0316093,44.0624902]]]},"properties":{"site":"luni","name":null,"category":"other","historic":null,"building":"yes","osm_id":464327821}},{"type":"Feature","geometry":{"type":"Polygon","coordinates":[[[10.0317226,44.0604734],[10.0316718,44.060492],[10.0316841,44.0605092],[10.0317325,44.0604905],[10.0317226,44.0604734]]]},"properties":{"site":"luni","name":null,"category":"other","historic":null,"building":"yes","osm_id":464327829}},{"type":"Feature","geometry":{"type":"Polygon","coordinates":[[[10.0318247,44.0620249],[10.0317222,44.0620559],[10.0317372,44.0620847],[10.0318015,44.0622082],[10.0322217,44.0620801],[10.0321423,44.061929],[10.0320334,44.0619619],[10.0318247,44.0620249]]]},"properties":{"site":"luni","name":null,"category":"other","historic":null,"building":"yes","osm_id":464327838}},{"type":"Feature","geometry":{"type":"Polygon","coordinates":[[[10.031181,44.0572582],[10.0312429,44.057244],[10.0312198,44.057192],[10.0311589,44.0572059],[10.031181,44.0572582]]]},"properties":{"site":"luni","name":null,"category":"other","historic":null,"building":"yes","osm_id":464327849}},{"type":"Feature","geometry":{"type":"Polygon","coordinates":[[[10.0313722,44.0631081],[10.0313638,44.0631105],[10.031355,44.0631144],[10.0313514,44.0631177],[10.0313488,44.0631242],[10.0313496,44.0631293],[10.0313528,44.0631353],[10.0313584,44.0631383],[10.031364,44.0631407],[10.0313714,44.0631426],[10.0313809,44.0631422],[10.0313872,44.0631393],[10.0313928,44.0631354],[10.0313967,44.0631302],[10.0313964,44.0631234],[10.0313959,44.0631193],[10.031392,44.0631147],[10.0313869,44.0631108],[10.0313807,44.0631085],[10.0313722,44.0631081]]]},"properties":{"site":"luni","name":null,"category":"other","historic":null,"building":"yes","osm_id":464615855}},{"type":"Feature","geometry":{"type":"Polygon","coordinates":[[[10.0310711,44.0631991],[10.0310896,44.063233],[10.0313008,44.063176],[10.0312885,44.0631434],[10.0312392,44.0631569],[10.0312211,44.0631163],[10.0311465,44.0631337],[10.0311645,44.0631671],[10.0311819,44.063162],[10.0311879,44.0631702],[10.0310711,44.0631991]]]},"properties":{"site":"luni","name":null,"category":"other","historic":null,"building":"yes","osm_id":464615856}},{"type":"Feature","geometry":{"type":"Polygon","coordinates":[[[10.0313186,44.0631261],[10.0313092,44.0631264],[10.0313008,44.0631303],[10.0312943,44.0631353],[10.031293,44.063142],[10.0312949,44.0631478],[10.031297,44.0631513],[10.0313036,44.0631555],[10.0313133,44.0631586],[10.0313219,44.0631598],[10.0313284,44.0631574],[10.0313356,44.0631527],[10.0313416,44.0631452],[10.0313424,44.06314],[10.0313415,44.0631359],[10.0313373,44.0631324],[10.0313294,44.0631282],[10.0313186,44.0631261]]]},"properties":{"site":"luni","name":null,"category":"other","historic":null,"building":"yes","osm_id":464615859}},{"type":"Feature","geometry":{"type":"Polygon","coordinates":[[[10.0319419,44.0631755],[10.0319642,44.0632204],[10.0320937,44.0631825],[10.0320734,44.0631414],[10.0320719,44.0631385],[10.0320659,44.0631402],[10.0319419,44.0631755]]]},"properties":{"site":"luni","name":null,"category":"other","historic":null,"building":"yes","osm_id":464615868}},{"type":"Feature","geometry":{"type":"Polygon","coordinates":[[[10.0309817,44.0634433],[10.0316171,44.0632683],[10.0315338,44.0631159],[10.0313008,44.063176],[10.0310896,44.063233],[10.0308998,44.0632842],[10.0309817,44.0634433]]]},"properties":{"site":"luni","name":null,"category":"other","historic":null,"building":"yes","osm_id":464615870}},{"type":"Feature","geometry":{"type":"Polygon","coordinates":[[[10.0318864,44.0632023],[10.0317464,44.0632422],[10.0317719,44.0632865],[10.0319132,44.0632481],[10.0318864,44.0632023]]]},"properties":{"site":"luni","name":null,"category":"other","historic":null,"building":"yes","osm_id":464615875}},{"type":"Feature","geometry":{"type":"Polygon","coordinates":[[[10.0308851,44.0640988],[10.0309719,44.0642718],[10.0314641,44.0641357],[10.0314522,44.0641147],[10.0319799,44.0639652],[10.0318976,44.063807],[10.0309477,44.0640651],[10.030956,44.0640821],[10.0308851,44.0640988]]]},"properties":{"site":"luni","name":null,"category":"other","historic":null,"building":"yes","osm_id":464615881}},{"type":"Feature","geometry":{"type":"Polygon","coordinates":[[[10.0310084,44.0613644],[10.0310441,44.0614095],[10.0311605,44.061362],[10.0311249,44.0613169],[10.0310084,44.0613644]]]},"properties":{"site":"luni","name":null,"category":"other","historic":null,"building":"yes","osm_id":503464240}},{"type":"Feature","geometry":{"type":"Polygon","coordinates":[[[10.0318976,44.060658],[10.0319633,44.0607332],[10.032032,44.0607021],[10.0319663,44.060627],[10.0318976,44.060658]]]},"properties":{"site":"luni","name":null,"category":"other","historic":null,"building":"yes","osm_id":503464310}},{"type":"Feature","geometry":{"type":"Polygon","coordinates":[[[10.0298779,44.0620554],[10.0299642,44.0621622],[10.0300241,44.0621373],[10.0299534,44.0620499],[10.0300084,44.062027],[10.0299691,44.0619783],[10.0298859,44.062013],[10.0299095,44.0620422],[10.0298779,44.0620554]]]},"properties":{"site":"luni","name":null,"category":"other","historic":null,"building":"yes","osm_id":503465907}},{"type":"Feature","geometry":{"type":"Polygon","coordinates":[[[10.0300308,44.0621623],[10.0300847,44.062229],[10.0302145,44.0621749],[10.0301606,44.0621082],[10.0300308,44.0621623]]]},"properties":{"site":"luni","name":null,"category":"other","historic":null,"building":"yes","osm_id":503465908}},{"type":"Feature","geometry":{"type":"Polygon","coordinates":[[[10.029224,44.0555119],[10.0291791,44.0555239],[10.0292168,44.0555967],[10.0292617,44.0555847],[10.029224,44.0555119]]]},"properties":{"site":"luni","name":null,"category":"other","historic":null,"building":"yes","osm_id":531724281}},{"type":"Feature","geometry":{"type":"Polygon","coordinates":[[[10.0292813,44.0552329],[10.0292703,44.0552324],[10.0292695,44.0552426],[10.0292805,44.055243],[10.0292813,44.0552329]]]},"properties":{"site":"luni","name":null,"category":"other","historic":null,"building":"yes","osm_id":531724282}},{"type":"Feature","geometry":{"type":"Polygon","coordinates":[[[10.0294076,44.0551951],[10.0293927,44.0551946],[10.0293919,44.0552076],[10.0294068,44.0552081],[10.0294076,44.0551951]]]},"properties":{"site":"luni","name":null,"category":"other","historic":null,"building":"yes","osm_id":531724283}},{"type":"Feature","geometry":{"type":"Polygon","coordinates":[[[10.029173,44.0551162],[10.0291887,44.0551439],[10.0292311,44.0551315],[10.0292154,44.0551037],[10.029173,44.0551162]]]},"properties":{"site":"luni","name":null,"category":"other","historic":null,"building":"yes","osm_id":531724284}},{"type":"Feature","geometry":{"type":"Polygon","coordinates":[[[10.0289243,44.0553095],[10.0289353,44.0553285],[10.0289627,44.0553203],[10.0289517,44.0553013],[10.0289243,44.0553095]]]},"properties":{"site":"luni","name":null,"category":"other","historic":null,"building":"yes","osm_id":531724285}},{"type":"Feature","geometry":{"type":"Polygon","coordinates":[[[10.0287611,44.0553755],[10.0287294,44.0553851],[10.0287478,44.0554167],[10.0287795,44.0554071],[10.0287611,44.0553755]]]},"properties":{"site":"luni","name":null,"category":"other","historic":null,"building":"yes","osm_id":531724286}},{"type":"Feature","geometry":{"type":"Polygon","coordinates":[[[10.0294327,44.055384],[10.0294892,44.0554809],[10.029536,44.0554668],[10.0294796,44.0553699],[10.0294327,44.055384]]]},"properties":{"site":"luni","name":null,"category":"other","historic":null,"building":"yes","osm_id":531724287}},{"type":"Feature","geometry":{"type":"Polygon","coordinates":[[[10.0293919,44.0554539],[10.029407,44.0554778],[10.0294416,44.0554666],[10.0294264,44.0554426],[10.0293919,44.0554539]]]},"properties":{"site":"luni","name":null,"category":"other","historic":null,"building":"yes","osm_id":531724288}},{"type":"Feature","geometry":{"type":"Polygon","coordinates":[[[10.029009,44.0554257],[10.0290314,44.0554637],[10.029113,44.0554389],[10.0290906,44.0554009],[10.029009,44.0554257]]]},"properties":{"site":"luni","name":null,"category":"other","historic":null,"building":"yes","osm_id":531724289}},{"type":"Feature","geometry":{"type":"Polygon","coordinates":[[[10.0291801,44.0552983],[10.0292004,44.055332],[10.0292475,44.0553173],[10.0292271,44.0552836],[10.0291801,44.0552983]]]},"properties":{"site":"luni","name":null,"category":"other","historic":null,"building":"yes","osm_id":531724290}},{"type":"Feature","geometry":{"type":"Polygon","coordinates":[[[10.0288153,44.0556722],[10.0288643,44.0557584],[10.0289767,44.0557254],[10.0289277,44.0556392],[10.0288153,44.0556722]]]},"properties":{"site":"luni","name":null,"category":"other","historic":null,"building":"yes","osm_id":531795363}},{"type":"Feature","geometry":{"type":"Polygon","coordinates":[[[10.0311921,44.0567944],[10.0312179,44.0567884],[10.0311992,44.0567474],[10.0311734,44.0567534],[10.0311921,44.0567944]]]},"properties":{"site":"luni","name":null,"category":"other","historic":null,"building":"yes","osm_id":583639201}},{"type":"Feature","geometry":{"type":"Polygon","coordinates":[[[10.0310868,44.0567973],[10.0311051,44.056836],[10.0311602,44.0568226],[10.0311419,44.0567838],[10.0310868,44.0567973]]]},"properties":{"site":"luni","name":null,"category":"other","historic":null,"building":"yes","osm_id":583639202}},{"type":"Feature","geometry":{"type":"Polygon","coordinates":[[[10.0157385,44.0665669],[10.0155945,44.0662955],[10.0152792,44.0657667],[10.0149422,44.0652662],[10.0148642,44.0651886],[10.0147227,44.0650459],[10.0146562,44.064973],[10.0146309,44.0649312],[10.0145631,44.0648582],[10.0138563,44.0637592],[10.0134196,44.0630515],[10.0128633,44.0620894],[10.014655,44.0615035],[10.0156313,44.0613801],[10.0159532,44.0617733],[10.0170539,44.0616113],[10.0182062,44.0614418],[10.018571,44.0620278],[10.0189787,44.0626214],[10.0192255,44.0630377],[10.0193652,44.0633613],[10.0195662,44.0637128],[10.0197545,44.063634],[10.020437,44.0645568],[10.020702,44.0649017],[10.0200057,44.0651499],[10.0181767,44.0657203],[10.0181416,44.0657389],[10.0182067,44.0658067],[10.0177052,44.0659531],[10.0173968,44.0660402],[10.0173087,44.066054],[10.0166222,44.0662725],[10.0157385,44.0665669]]]},"properties":{"site":"luni","name":"Museo Archeologico Nazionale di Luni","category":"archaeological","historic":"archaeological_site","building":null,"osm_id":799426273}},{"type":"Feature","geometry":{"type":"Polygon","coordinates":[[[10.030928,44.0643162],[10.0309355,44.0643304],[10.0310066,44.0643108],[10.0310124,44.0643216],[10.0310358,44.0643151],[10.0310301,44.0643044],[10.0310225,44.0642901],[10.030928,44.0643162]]]},"properties":{"site":"luni","name":null,"category":"other","historic":null,"building":"yes","osm_id":832886596}},{"type":"Feature","geometry":{"type":"Polygon","coordinates":[[[10.031077,44.0642752],[10.0310903,44.0643001],[10.0311336,44.0642882],[10.0311464,44.0643122],[10.0311978,44.0642981],[10.0311721,44.06425],[10.031077,44.0642752]]]},"properties":{"site":"luni","name":null,"category":"other","historic":null,"building":"yes","osm_id":832886597}},{"type":"Feature","geometry":{"type":"Polygon","coordinates":[[[10.0312775,44.0642668],[10.0312977,44.0642613],[10.0312903,44.0642474],[10.0313135,44.064241],[10.0312991,44.064214],[10.0312208,44.064237],[10.0312462,44.0642848],[10.0312819,44.064275],[10.0312775,44.0642668]]]},"properties":{"site":"luni","name":null,"category":"other","historic":null,"building":"yes","osm_id":832886598}},{"type":"Feature","geometry":{"type":"Polygon","coordinates":[[[10.0311978,44.0642981],[10.0312462,44.0642848],[10.0312208,44.064237],[10.0311721,44.06425],[10.0311978,44.0642981]]]},"properties":{"site":"luni","name":null,"category":"other","historic":null,"building":"yes","osm_id":832886599}},{"type":"Feature","geometry":{"type":"Polygon","coordinates":[[[10.0310358,44.0643151],[10.0310903,44.0643001],[10.031077,44.0642752],[10.0310225,44.0642901],[10.0310301,44.0643044],[10.0310358,44.0643151]]]},"properties":{"site":"luni","name":null,"category":"other","historic":null,"building":"yes","osm_id":832886600}},{"type":"Feature","geometry":{"type":"Polygon","coordinates":[[[10.0166492,44.0638777],[10.0168397,44.0641735],[10.0169458,44.0641383],[10.0167554,44.0638424],[10.0166492,44.0638777]]]},"properties":{"site":"luni","name":null,"category":"other","historic":null,"building":"yes","osm_id":843654791}},{"type":"Feature","geometry":{"type":"Polygon","coordinates":[[[10.0172138,44.0634932],[10.0172482,44.0635495],[10.0173721,44.0635105],[10.0173377,44.0634542],[10.0172138,44.0634932]]]},"properties":{"site":"luni","name":null,"category":"other","historic":null,"building":"yes","osm_id":843654792}},{"type":"Feature","geometry":{"type":"Polygon","coordinates":[[[10.0174085,44.0634262],[10.017364,44.0634402],[10.0173973,44.0634947],[10.0174418,44.0634807],[10.0174561,44.0635042],[10.017537,44.0634787],[10.0174651,44.0633607],[10.0173841,44.0633862],[10.0174085,44.0634262]]]},"properties":{"site":"luni","name":null,"category":"other","historic":null,"building":"yes","osm_id":843654793}},{"type":"Feature","geometry":{"type":"Polygon","coordinates":[[[10.0173506,44.0632455],[10.0173792,44.0632924],[10.0175799,44.0632291],[10.0175514,44.0631823],[10.0173506,44.0632455]]]},"properties":{"site":"luni","name":null,"category":"other","historic":null,"building":"yes","osm_id":843654794}},{"type":"Feature","geometry":{"type":"Polygon","coordinates":[[[10.0172661,44.0629709],[10.0173588,44.0631229],[10.0174928,44.0630807],[10.0174001,44.0629287],[10.0172661,44.0629709]]]},"properties":{"site":"luni","name":null,"category":"other","historic":null,"building":"yes","osm_id":843654795}},{"type":"Feature","geometry":{"type":"Polygon","coordinates":[[[10.0169791,44.062994],[10.0170743,44.0631501],[10.0172916,44.0630817],[10.0171964,44.0629256],[10.0169791,44.062994]]]},"properties":{"site":"luni","name":null,"category":"other","historic":null,"building":"yes","osm_id":843654796}},{"type":"Feature","geometry":{"type":"Polygon","coordinates":[[[10.0173976,44.0641099],[10.0174345,44.0641664],[10.0175253,44.0641357],[10.0174883,44.0640793],[10.0173976,44.0641099]]]},"properties":{"site":"luni","name":null,"category":"other","historic":null,"building":"yes","osm_id":843654797}},{"type":"Feature","geometry":{"type":"Polygon","coordinates":[[[10.0179802,44.0643884],[10.0180494,44.064365],[10.0180076,44.064301],[10.0179664,44.064238],[10.0178971,44.0642614],[10.0179383,44.0643244],[10.0178151,44.064366],[10.017857,44.06443],[10.0179802,44.0643884]]]},"properties":{"site":"luni","name":null,"category":"other","historic":null,"building":"yes","osm_id":843654798}},{"type":"Feature","geometry":{"type":"Polygon","coordinates":[[[10.0177262,44.0645324],[10.0178882,44.0644777],[10.017857,44.06443],[10.0178151,44.064366],[10.0176532,44.0644208],[10.0177262,44.0645324]]]},"properties":{"site":"luni","name":null,"category":"other","historic":null,"building":"yes","osm_id":843654799}},{"type":"Feature","geometry":{"type":"Polygon","coordinates":[[[10.0175987,44.0644781],[10.0175638,44.0645156],[10.0176053,44.0645744],[10.0177262,44.0645324],[10.0176727,44.0644525],[10.0175987,44.0644781]]]},"properties":{"site":"luni","name":null,"category":"other","historic":null,"building":"yes","osm_id":843654800}},{"type":"Feature","geometry":{"type":"Polygon","coordinates":[[[10.0174954,44.0648612],[10.0175093,44.0648821],[10.0176201,44.064844],[10.0174637,44.064605],[10.0172543,44.0646774],[10.0173986,44.0648944],[10.0174954,44.0648612]]]},"properties":{"site":"luni","name":null,"category":"other","historic":null,"building":"yes","osm_id":843654801}},{"type":"Feature","geometry":{"type":"Polygon","coordinates":[[[10.0267601,44.0696746],[10.0267085,44.0697017],[10.0268045,44.0697962],[10.0269479,44.0697209],[10.0268326,44.0696075],[10.0267408,44.0696557],[10.0267601,44.0696746]]]},"properties":{"site":"luni","name":null,"category":"other","historic":null,"building":"yes","osm_id":843654805}},{"type":"Feature","geometry":{"type":"Polygon","coordinates":[[[10.0265621,44.0698576],[10.0265105,44.0698847],[10.0266065,44.0699792],[10.0267499,44.0699039],[10.0266346,44.0697905],[10.0265428,44.0698387],[10.0265621,44.0698576]]]},"properties":{"site":"luni","name":null,"category":"other","historic":null,"building":"yes","osm_id":843654806}},{"type":"Feature","geometry":{"type":"Polygon","coordinates":[[[10.0284429,44.068243],[10.0285067,44.0683064],[10.0287392,44.0681856],[10.0286753,44.0681222],[10.0284429,44.068243]]]},"properties":{"site":"luni","name":null,"category":"other","historic":null,"building":"yes","osm_id":843654807}},{"type":"Feature","geometry":{"type":"Polygon","coordinates":[[[10.0197374,44.0673409],[10.019725,44.067325],[10.0196561,44.0673529],[10.0198709,44.0676266],[10.0199348,44.0676007],[10.0199737,44.0676503],[10.0200404,44.0676233],[10.0197992,44.0673159],[10.0197374,44.0673409]]]},"properties":{"site":"luni","name":null,"category":"other","historic":null,"building":"yes","osm_id":843670328}}]}