{"type":"FeatureCollection","features":[{"type":"Feature","geometry":{"type":"Polygon","coordinates":[[[9.180693,45.4652642],[9.180692,45.4653381],[9.1806658,45.4653497],[9.1805922,45.4653393],[9.180508,45.4653296],[9.180395,45.4652874],[9.1803706,45.4649346],[9.1805748,45.4648942],[9.1805862,45.4649434],[9.1805746,45.4650477],[9.1805909,45.465067],[9.1806721,45.4650476],[9.180693,45.4652642]]]},"properties":{"site":"milan","name":"Villa Imperiale","category":"villa","historic":"archaeological_site","building":null,"osm_id":4519679}},{"type":"Feature","geometry":{"type":"Polygon","coordinates":[[[9.1828914,45.4650005],[9.1828674,45.4651179],[9.1828527,45.4651897],[9.1829184,45.4651963],[9.1828828,45.4653699],[9.1834897,45.465429],[9.1834951,45.4653801],[9.1835601,45.4650853],[9.1835653,45.4650602],[9.183566,45.4650603],[9.1835673,45.4650541],[9.183505,45.4650478],[9.1835036,45.4650542],[9.1834362,45.4650474],[9.1834381,45.465038],[9.1833842,45.4650325],[9.1833818,45.4650443],[9.1833112,45.4650372],[9.1833136,45.4650258],[9.1832693,45.4650214],[9.1832664,45.4650357],[9.1832284,45.4650319],[9.1831947,45.4650285],[9.1831976,45.4650141],[9.1831468,45.465009],[9.1831437,45.4650242],[9.1830759,45.4650174],[9.1830787,45.4650038],[9.1830273,45.4649986],[9.1830245,45.4650122],[9.1829548,45.4650052],[9.182956,45.4649992],[9.1828985,45.4649934],[9.182897,45.465001],[9.1828914,45.4650005]]]},"properties":{"site":"milan","name":"Palazzo Mezzanotte","category":"other","historic":"building","building":"yes","osm_id":22817835}},{"type":"Feature","geometry":{"type":"Polygon","coordinates":[[[9.1912203,45.4666638],[9.1915812,45.4669166],[9.1915977,45.4669048],[9.1917256,45.4669955],[9.1917554,45.4669745],[9.1917732,45.4669828],[9.1918017,45.4669886],[9.1918163,45.4669891],[9.1918263,45.4669883],[9.1918407,45.4669869],[9.1918495,45.4669843],[9.1918657,45.4669788],[9.1918784,45.4669713],[9.1918897,45.466963],[9.1918957,45.4669567],[9.1919011,45.4669491],[9.1919064,45.4669376],[9.1919079,45.466923],[9.1919055,45.4669109],[9.1919024,45.4669005],[9.1918846,45.4668835],[9.191912,45.4668647],[9.191908,45.4668617],[9.1917639,45.4667628],[9.191777,45.4667542],[9.191487,45.4665564],[9.1914615,45.4665408],[9.1914699,45.4665343],[9.1914337,45.466508],[9.1913132,45.4665959],[9.1912203,45.4666638]]]},"properties":{"site":"milan","name":"Chiesa di San Fedele","category":"medieval","historic":"church","building":"church","osm_id":23227442}},{"type":"Feature","geometry":{"type":"Polygon","coordinates":[[[9.192484,45.4584469],[9.192518,45.4584761],[9.1926472,45.4585986],[9.192804,45.4587498],[9.1929454,45.4586723],[9.192938,45.4586588],[9.1929867,45.4586415],[9.1930006,45.4586686],[9.193047,45.4586783],[9.1930727,45.4586919],[9.1930862,45.4587111],[9.1930949,45.458732],[9.1930928,45.4587491],[9.1930873,45.4587624],[9.1930661,45.4587827],[9.1930846,45.4588003],[9.1930654,45.4588133],[9.193053,45.4588018],[9.1929295,45.4588703],[9.1930215,45.4589487],[9.193027,45.458945],[9.1930402,45.458955],[9.193049,45.4589605],[9.1930298,45.4589701],[9.1930385,45.4589887],[9.1930392,45.4590133],[9.1930301,45.4590356],[9.1930145,45.4590522],[9.1929867,45.4590673],[9.1929453,45.4590742],[9.1929118,45.4590686],[9.1928888,45.4590623],[9.1928735,45.4590525],[9.1928543,45.4590622],[9.1928455,45.4590534],[9.1928382,45.459046],[9.1928464,45.459042],[9.1927628,45.4589568],[9.1926974,45.4589935],[9.1926414,45.4590247],[9.1926493,45.4590331],[9.1926264,45.4590454],[9.1926096,45.4590302],[9.1925897,45.4590365],[9.1925673,45.4590388],[9.1925303,45.4590325],[9.1925109,45.4590261],[9.1924835,45.4590016],[9.1924748,45.4589913],[9.1924716,45.458973],[9.1924763,45.4589522],[9.1924869,45.4589325],[9.1924974,45.4589239],[9.1925378,45.4589034],[9.1926487,45.4588431],[9.1924515,45.4586548],[9.1924388,45.4586563],[9.1923454,45.4585637],[9.192317,45.4585356],[9.1923901,45.458498],[9.192484,45.4584469]]]},"properties":{"site":"milan","name":"Basilica San Nazaro in Brolo","category":"basilica","historic":null,"building":"church","osm_id":24971631}},{"type":"Feature","geometry":{"type":"Polygon","coordinates":[[[9.1808066,45.4670692],[9.1810543,45.4669869],[9.181061,45.4669963],[9.1811075,45.4670687],[9.1811668,45.4670685],[9.1813084,45.4670168],[9.1813773,45.4670344],[9.1813987,45.4670735],[9.1814524,45.4670574],[9.1814924,45.4671162],[9.1815271,45.467171],[9.1814787,45.4671861],[9.1815021,45.4672211],[9.181479,45.4672724],[9.1813112,45.46732],[9.1812928,45.4673549],[9.1813401,45.4674259],[9.1810957,45.4675061],[9.1810491,45.4674363],[9.1810023,45.467432],[9.1808637,45.4674832],[9.1807884,45.4674729],[9.1807441,45.467472],[9.1806905,45.467441],[9.1806344,45.467434],[9.180593,45.4673822],[9.1805283,45.4674012],[9.1804641,45.4673021],[9.1808224,45.4671777],[9.1808658,45.4671416],[9.1808066,45.4670692]]]},"properties":{"site":"milan","name":"Teatro Dal Verme","category":"theater","historic":null,"building":"public","osm_id":26612583}},{"type":"Feature","geometry":{"type":"Polygon","coordinates":[[[9.195586,45.462024],[9.195625,45.4620254],[9.1956728,45.4620272],[9.1958216,45.4620341],[9.1961597,45.4620531],[9.1963446,45.4620634],[9.1963468,45.4620849],[9.1964549,45.4620843],[9.1964536,45.4621462],[9.1965177,45.4621466],[9.1965179,45.4621177],[9.1965545,45.4621173],[9.1965504,45.4621784],[9.1964496,45.4621815],[9.1964721,45.4621857],[9.196491,45.4621946],[9.1965089,45.4622133],[9.1965089,45.4622253],[9.1965124,45.462239],[9.1965046,45.4622546],[9.1964951,45.4622639],[9.1964868,45.4623819],[9.1963166,45.4623766],[9.1963133,45.4624184],[9.1962009,45.4624146],[9.196203,45.4624005],[9.1959476,45.462391],[9.1957426,45.4623819],[9.1957425,45.4623754],[9.1956611,45.4623724],[9.1956203,45.4623709],[9.1956354,45.4622033],[9.1956437,45.4620856],[9.1955854,45.4620844],[9.195586,45.462024]]]},"properties":{"site":"milan","name":"Santo Stefano Maggiore","category":"medieval","historic":null,"building":"church","osm_id":27596761}},{"type":"Feature","geometry":{"type":"Polygon","coordinates":[[[9.1874408,45.4648353],[9.187446,45.4648422],[9.1874746,45.4648767],[9.1875583,45.4649791],[9.1878086,45.4648785],[9.1878236,45.4648724],[9.1881199,45.4647533],[9.1880065,45.4646053],[9.1878852,45.4646551],[9.1877139,45.4647255],[9.1874408,45.4648353]]]},"properties":{"site":"milan","name":"Palazzo della Ragione","category":"other","historic":"building","building":"public","osm_id":27626058}},{"type":"Feature","geometry":{"type":"Polygon","coordinates":[[[9.1874811,45.4651957],[9.1875072,45.4651837],[9.1876791,45.4651213],[9.1880092,45.4649906],[9.1880464,45.4650403],[9.1881154,45.4650111],[9.1880823,45.4649624],[9.1882044,45.4649145],[9.1883916,45.464841],[9.1884332,45.4648806],[9.1884327,45.4649478],[9.1884013,45.4649902],[9.1878665,45.4651989],[9.1877673,45.4652376],[9.1875726,45.4653122],[9.1874811,45.4651957]]]},"properties":{"site":"milan","name":"Palazzo dei Giureconsulti","category":"other","historic":"building","building":"yes","osm_id":27626227}},{"type":"Feature","geometry":{"type":"Polygon","coordinates":[[[9.1932833,45.4623483],[9.1932261,45.4624501],[9.1932226,45.4624555],[9.1931222,45.4624064],[9.1931105,45.4624169],[9.1929844,45.4623596],[9.193002,45.4623376],[9.1928869,45.4622846],[9.1928141,45.4623784],[9.1927595,45.4623594],[9.1927543,45.4623682],[9.1926699,45.4623378],[9.1926801,45.4623248],[9.1928034,45.4621668],[9.1928377,45.4621523],[9.1928778,45.4621512],[9.1930556,45.4622376],[9.1932833,45.4623483]]]},"properties":{"site":"milan","name":null,"category":"other","historic":null,"building":"apartments","osm_id":39349367}},{"type":"Feature","geometry":{"type":"Polygon","coordinates":[[[9.1933428,45.4625348],[9.1932241,45.4625363],[9.1932241,45.4624877],[9.1927555,45.4624885],[9.1927428,45.4624798],[9.1927677,45.462454],[9.1927893,45.4624628],[9.1928459,45.4623881],[9.1928141,45.4623784],[9.1927595,45.4623594],[9.1927543,45.4623682],[9.1926699,45.4623378],[9.1924895,45.4625791],[9.192557,45.4626021],[9.1926114,45.4626206],[9.1930296,45.4626213],[9.1933971,45.462622],[9.1933978,45.4625565],[9.1933448,45.4625579],[9.1933428,45.4625348]]]},"properties":{"site":"milan","name":null,"category":"other","historic":null,"building":"apartments","osm_id":39349368}},{"type":"Feature","geometry":{"type":"Polygon","coordinates":[[[9.1953901,45.4623823],[9.1955256,45.4623882],[9.1956585,45.4623954],[9.1956495,45.4625009],[9.1956738,45.4625009],[9.1956745,45.4625202],[9.1957449,45.462522],[9.1957362,45.462661],[9.1956308,45.4626574],[9.1956296,45.4627433],[9.1955777,45.4627436],[9.1955751,45.4628271],[9.1954937,45.4628244],[9.1954141,45.4628217],[9.1954212,45.462734],[9.1953745,45.4627347],[9.1953813,45.4625803],[9.1953653,45.4625812],[9.195374,45.46244],[9.1953865,45.4624397],[9.1953901,45.4623823]]]},"properties":{"site":"milan","name":"Chiesa di San Bernardino alle Ossa","category":"medieval","historic":null,"building":"church","osm_id":39349468}},{"type":"Feature","geometry":{"type":"Polygon","coordinates":[[[9.196099,45.4713614],[9.195969,45.4712801],[9.1961783,45.4711076],[9.1962585,45.4711482],[9.1963181,45.4711816],[9.1962671,45.4712235],[9.1962778,45.4712297],[9.1961638,45.4713258],[9.1961524,45.4713186],[9.196099,45.4713614]]]},"properties":{"site":"milan","name":null,"category":"other","historic":null,"building":"yes","osm_id":40980361}},{"type":"Feature","geometry":{"type":"Polygon","coordinates":[[[9.1962585,45.4711482],[9.1961783,45.4711076],[9.1960667,45.4710462],[9.1959391,45.4709751],[9.1960128,45.4709111],[9.1960917,45.4708427],[9.196161,45.4708771],[9.1961142,45.4709204],[9.1961381,45.4709384],[9.1960776,45.4709875],[9.1961483,45.4710301],[9.1962091,45.4709837],[9.1962539,45.4710143],[9.1961921,45.4710603],[9.1962373,45.4710891],[9.1962976,45.4710459],[9.1963441,45.4710762],[9.1962585,45.4711482]]]},"properties":{"site":"milan","name":null,"category":"other","historic":null,"building":"yes","osm_id":40980362}},{"type":"Feature","geometry":{"type":"Polygon","coordinates":[[[9.1975269,45.4699582],[9.1975756,45.4699195],[9.1976132,45.4699396],[9.1976008,45.4699519],[9.197652,45.469982],[9.1976653,45.4699689],[9.1977649,45.4700232],[9.1976015,45.470158],[9.1974857,45.4700939],[9.1974472,45.470124],[9.1973511,45.4700556],[9.1973995,45.4700158],[9.1974732,45.4700577],[9.197502,45.4700333],[9.1974919,45.4700282],[9.1975494,45.4699749],[9.1975269,45.4699582]]]},"properties":{"site":"milan","name":null,"category":"other","historic":null,"building":"yes","osm_id":40980370}},{"type":"Feature","geometry":{"type":"Polygon","coordinates":[[[9.1973654,45.4697949],[9.1974401,45.4697319],[9.1975042,45.4696776],[9.1975999,45.4697284],[9.1975758,45.4697523],[9.1975597,45.4697429],[9.1975355,45.4697628],[9.1975691,45.4697824],[9.1976039,45.4698056],[9.1975629,45.4698424],[9.1975975,45.4698656],[9.1975531,45.4699065],[9.1973654,45.4697949]]]},"properties":{"site":"milan","name":null,"category":"other","historic":null,"building":"yes","osm_id":40980372}},{"type":"Feature","geometry":{"type":"Polygon","coordinates":[[[9.1928822,45.4720149],[9.1929446,45.4719883],[9.1930289,45.4719966],[9.1930179,45.4720406],[9.193179,45.4720579],[9.1931472,45.4721816],[9.1929351,45.4721581],[9.1929431,45.4721292],[9.1928573,45.4721161],[9.1928822,45.4720149]]]},"properties":{"site":"milan","name":null,"category":"other","historic":null,"building":"apartments","osm_id":40980502}},{"type":"Feature","geometry":{"type":"Polygon","coordinates":[[[9.1987075,45.4688584],[9.1987902,45.4687583],[9.1987501,45.4687316],[9.1987762,45.4687032],[9.1989712,45.4688406],[9.1989305,45.468865],[9.1989024,45.4688818],[9.1988728,45.4689082],[9.1987899,45.468875],[9.1987739,45.4688909],[9.1987075,45.4688584]]]},"properties":{"site":"milan","name":null,"category":"other","historic":null,"building":"yes","osm_id":41772893}},{"type":"Feature","geometry":{"type":"Polygon","coordinates":[[[9.1989487,45.4694669],[9.1991151,45.4696288],[9.1991922,45.4697038],[9.1993087,45.4698172],[9.1993892,45.4697805],[9.199349,45.4697222],[9.1993857,45.4697087],[9.1994196,45.4696962],[9.1992432,45.469499],[9.1991689,45.469416],[9.1991118,45.4693521],[9.199025,45.4693939],[9.198921,45.4694458],[9.1989487,45.4694669]]]},"properties":{"site":"milan","name":"Chiesa di San Pietro Celestino","category":"medieval","historic":null,"building":"church","osm_id":41773212}},{"type":"Feature","geometry":{"type":"Polygon","coordinates":[[[9.1978355,45.4708693],[9.1981205,45.4709654],[9.1981676,45.4709813],[9.1981525,45.4710027],[9.1981743,45.4710109],[9.1982203,45.471028],[9.1981835,45.4710805],[9.1982132,45.471092],[9.1981829,45.4711443],[9.1981175,45.471124],[9.1980946,45.471163],[9.1977273,45.4710388],[9.1978355,45.4708693]]]},"properties":{"site":"milan","name":null,"category":"other","historic":null,"building":"yes","osm_id":41773540}},{"type":"Feature","geometry":{"type":"Polygon","coordinates":[[[9.1983521,45.4710976],[9.1983499,45.4711777],[9.1984329,45.4711784],[9.1984381,45.471129],[9.1984714,45.4710762],[9.1983765,45.4710491],[9.1983521,45.4710976]]]},"properties":{"site":"milan","name":null,"category":"other","historic":null,"building":"yes","osm_id":41773542}},{"type":"Feature","geometry":{"type":"Polygon","coordinates":[[[9.1971154,45.4716329],[9.1973945,45.4715073],[9.1974793,45.4716004],[9.1973876,45.4716399],[9.1974063,45.471655],[9.1973169,45.4716963],[9.1973008,45.4716851],[9.1972084,45.4717258],[9.1971154,45.4716329]]]},"properties":{"site":"milan","name":null,"category":"other","historic":null,"building":"apartments","osm_id":41773543}},{"type":"Feature","geometry":{"type":"Polygon","coordinates":[[[9.1975215,45.471443],[9.1976632,45.4714376],[9.1977518,45.4714351],[9.197796,45.4715071],[9.1975979,45.4715713],[9.1975215,45.471443]]]},"properties":{"site":"milan","name":null,"category":"other","historic":null,"building":"apartments","osm_id":41773544}},{"type":"Feature","geometry":{"type":"Polygon","coordinates":[[[9.193774,45.4719399],[9.1939264,45.471872],[9.1938909,45.4718441],[9.1939822,45.4717884],[9.1938332,45.4716558],[9.1936732,45.4717465],[9.1937217,45.4717868],[9.1935709,45.4718658],[9.1936449,45.4719297],[9.193656,45.4719239],[9.1936931,45.471956],[9.1937049,45.4719499],[9.193774,45.4719399]]]},"properties":{"site":"milan","name":null,"category":"other","historic":null,"building":"yes","osm_id":41774678}},{"type":"Feature","geometry":{"type":"Polygon","coordinates":[[[9.1991332,45.4634314],[9.1992501,45.4633761],[9.1992161,45.4633417],[9.1992239,45.4633308],[9.1992853,45.4633376],[9.1992859,45.4633487],[9.1995093,45.4633753],[9.1995401,45.4632713],[9.1993794,45.4632538],[9.1992321,45.4632359],[9.1990463,45.4632731],[9.199035,45.4632812],[9.1990246,45.4632931],[9.1990233,45.4633083],[9.1990286,45.4633197],[9.1991171,45.4634136],[9.1991332,45.4634314]]]},"properties":{"site":"milan","name":null,"category":"other","historic":null,"building":"apartments","osm_id":41905707}},{"type":"Feature","geometry":{"type":"Polygon","coordinates":[[[9.1995093,45.4633753],[9.1994485,45.4635571],[9.1995238,45.4635701],[9.1995824,45.4633875],[9.1995093,45.4633753]]]},"properties":{"site":"milan","name":null,"category":"other","historic":null,"building":"yes","osm_id":41905708}},{"type":"Feature","geometry":{"type":"Polygon","coordinates":[[[9.1999058,45.4624306],[9.2002639,45.4624295],[9.2007037,45.4624282],[9.2007647,45.4624301],[9.200808,45.4624482],[9.2008254,45.4625158],[9.2007921,45.4625455],[9.2007333,45.462563],[9.2006372,45.4625954],[9.2000154,45.4627881],[9.1999619,45.4626331],[9.2001057,45.4626165],[9.2001538,45.4626352],[9.2004602,45.4625512],[9.2004468,45.4625223],[9.2001267,45.4625306],[9.2000891,45.4625619],[9.1999496,45.4625931],[9.1999058,45.4624306]]]},"properties":{"site":"milan","name":null,"category":"other","historic":null,"building":"apartments","osm_id":41912335}},{"type":"Feature","geometry":{"type":"Polygon","coordinates":[[[9.1996965,45.4626499],[9.1997203,45.4627308],[9.1996888,45.4627758],[9.1995684,45.4628126],[9.1994904,45.4627831],[9.1994672,45.4626356],[9.199326,45.4626443],[9.1993337,45.4626916],[9.199368,45.462903],[9.1994787,45.462947],[9.1998893,45.4628202],[9.1998642,45.4627338],[9.1998343,45.4626332],[9.1996965,45.4626499]]]},"properties":{"site":"milan","name":null,"category":"other","historic":null,"building":"apartments","osm_id":42023652}},{"type":"Feature","geometry":{"type":"Polygon","coordinates":[[[9.1998191,45.465452],[9.1996656,45.4654597],[9.1996322,45.4653833],[9.19959,45.4653919],[9.199584,45.4653729],[9.199575,45.4653528],[9.1995447,45.465294],[9.1995628,45.4652919],[9.1995366,45.4652326],[9.1997054,45.4651925],[9.1997359,45.4652524],[9.1997056,45.4652586],[9.1997253,45.4652945],[9.19976,45.4652866],[9.1998569,45.4652667],[9.1998993,45.4653627],[9.1997891,45.4653875],[9.1998191,45.465452]]]},"properties":{"site":"milan","name":null,"category":"other","historic":null,"building":"apartments","osm_id":42045826}},{"type":"Feature","geometry":{"type":"Polygon","coordinates":[[[9.1989414,45.464387],[9.1989032,45.4643408],[9.1988673,45.4642974],[9.1990161,45.4642438],[9.1990552,45.4642931],[9.1992034,45.4642391],[9.1992182,45.4642365],[9.199237,45.4642636],[9.1993114,45.4642357],[9.1993502,45.4643094],[9.1992674,45.4643294],[9.1992493,45.4642946],[9.1991796,45.4643232],[9.19919,45.4643389],[9.1991012,45.4643676],[9.199025,45.4643518],[9.1989414,45.464387]]]},"properties":{"site":"milan","name":null,"category":"other","historic":null,"building":"apartments","osm_id":42045832}},{"type":"Feature","geometry":{"type":"Polygon","coordinates":[[[9.1992089,45.4644971],[9.1991883,45.4644593],[9.1990175,45.4645065],[9.1991187,45.464656],[9.1991651,45.4647246],[9.1994235,45.4646673],[9.1994155,45.4646526],[9.1995022,45.4646317],[9.1994617,45.4645585],[9.1992676,45.4646052],[9.1992047,45.4645126],[9.199213,45.4645104],[9.1992089,45.4644971]]]},"properties":{"site":"milan","name":null,"category":"other","historic":null,"building":"apartments","osm_id":42045833}},{"type":"Feature","geometry":{"type":"Polygon","coordinates":[[[9.1989874,45.4635502],[9.1988246,45.4636322],[9.1987075,45.4635138],[9.1987347,45.4635022],[9.1986653,45.4634302],[9.198634,45.4634419],[9.1986004,45.4634085],[9.1986232,45.4633669],[9.1987637,45.4633368],[9.1988676,45.4634361],[9.1989874,45.4635502]]]},"properties":{"site":"milan","name":null,"category":"other","historic":null,"building":"apartments","osm_id":42045834}},{"type":"Feature","geometry":{"type":"Polygon","coordinates":[[[9.1829678,45.4723121],[9.1830107,45.4721533],[9.1830556,45.4719873],[9.1830637,45.4719754],[9.1830801,45.4719788],[9.1832839,45.472023],[9.1832413,45.4721344],[9.1831636,45.4721218],[9.1831232,45.4722508],[9.1831917,45.4722597],[9.183177,45.4723307],[9.1831741,45.4723372],[9.1829678,45.4723121]]]},"properties":{"site":"milan","name":null,"category":"other","historic":null,"building":"apartments","osm_id":42130060}},{"type":"Feature","geometry":{"type":"Polygon","coordinates":[[[9.1844593,45.4720629],[9.1844693,45.4720381],[9.184514,45.4719549],[9.1844452,45.4719389],[9.1844487,45.4719321],[9.1844185,45.4719263],[9.1844157,45.4719166],[9.1843814,45.4719095],[9.1843699,45.4719165],[9.184346,45.4719118],[9.1843444,45.4719157],[9.1842491,45.4718953],[9.1842837,45.4717969],[9.1842932,45.4717993],[9.184302,45.4717859],[9.1843064,45.4717738],[9.1843162,45.4717759],[9.1843197,45.4717643],[9.1842973,45.4717611],[9.1843126,45.4717232],[9.1841523,45.4716896],[9.1840488,45.4719732],[9.1843897,45.4720477],[9.1844593,45.4720629]]]},"properties":{"site":"milan","name":null,"category":"other","historic":null,"building":"apartments","osm_id":42859417}},{"type":"Feature","geometry":{"type":"Polygon","coordinates":[[[9.184384,45.4716109],[9.1843629,45.4716667],[9.184443,45.4716866],[9.1844198,45.4717288],[9.1843587,45.4717119],[9.1841623,45.4716622],[9.1841943,45.4715944],[9.1842044,45.471573],[9.184384,45.4716109]]]},"properties":{"site":"milan","name":null,"category":"other","historic":null,"building":"apartments","osm_id":42859522}},{"type":"Feature","geometry":{"type":"Polygon","coordinates":[[[9.1843949,45.4710435],[9.1845678,45.4710579],[9.1845655,45.4710888],[9.1846087,45.4710902],[9.1846094,45.4710608],[9.1848005,45.4710814],[9.184843,45.471084],[9.1848244,45.4711286],[9.1847936,45.471127],[9.1847036,45.4711235],[9.1843829,45.4710929],[9.184392,45.4710556],[9.1843949,45.4710435]]]},"properties":{"site":"milan","name":null,"category":"other","historic":null,"building":"apartments","osm_id":42860229}},{"type":"Feature","geometry":{"type":"Polygon","coordinates":[[[9.1848775,45.4713389],[9.1848599,45.4713646],[9.1847901,45.4713524],[9.1847223,45.4713341],[9.1847176,45.4713514],[9.1846713,45.4713456],[9.1846291,45.471342],[9.1846517,45.4712902],[9.1843575,45.4712467],[9.1843617,45.4712267],[9.1843708,45.4711839],[9.1845392,45.4711977],[9.1845311,45.4712264],[9.1846414,45.4712412],[9.1846481,45.4712036],[9.1848223,45.471224],[9.1848142,45.4712564],[9.184799,45.4713056],[9.184886,45.4713162],[9.1848775,45.4713389]]]},"properties":{"site":"milan","name":null,"category":"other","historic":null,"building":"apartments","osm_id":42860231}},{"type":"Feature","geometry":{"type":"Polygon","coordinates":[[[9.1895698,45.4704069],[9.1898466,45.4705512],[9.1898611,45.4706416],[9.1897982,45.4707013],[9.1896586,45.470834],[9.1894201,45.4707957],[9.189402,45.470773],[9.189438,45.4706816],[9.1894669,45.4706712],[9.1896161,45.4706959],[9.189691,45.4706221],[9.1896478,45.4706006],[9.1896388,45.4706094],[9.1896215,45.4706009],[9.1896312,45.4705905],[9.1895943,45.470571],[9.1895065,45.4705555],[9.189493,45.4705358],[9.1894986,45.4705115],[9.1895227,45.4704527],[9.1895698,45.4704069]]]},"properties":{"site":"milan","name":null,"category":"other","historic":null,"building":"apartments","osm_id":42860707}},{"type":"Feature","geometry":{"type":"Polygon","coordinates":[[[9.1901686,45.4707645],[9.1901589,45.4707731],[9.1901756,45.4707846],[9.190177,45.4707985],[9.1902742,45.4708517],[9.1901987,45.4709418],[9.1900926,45.4708917],[9.1900004,45.4708867],[9.189978,45.4708856],[9.1899015,45.4708486],[9.1898953,45.4708452],[9.1900545,45.4706899],[9.1901169,45.4707238],[9.1901077,45.4707324],[9.1901686,45.4707645]]]},"properties":{"site":"milan","name":null,"category":"other","historic":null,"building":"yes","osm_id":42860868}},{"type":"Feature","geometry":{"type":"Polygon","coordinates":[[[9.1995238,45.4659686],[9.1995376,45.4658892],[9.1997543,45.4658832],[9.2001089,45.4658735],[9.2001181,45.4659584],[9.2001251,45.4660885],[9.1999319,45.4660897],[9.1999261,45.4660032],[9.199555,45.4660099],[9.1995583,45.4659677],[9.1995238,45.4659686]]]},"properties":{"site":"milan","name":null,"category":"other","historic":null,"building":"yes","osm_id":43028765}},{"type":"Feature","geometry":{"type":"Polygon","coordinates":[[[9.1995587,45.4667952],[9.1995912,45.466622],[9.1996191,45.4666246],[9.1996199,45.4665854],[9.1996247,45.4665687],[9.1998346,45.4665945],[9.1998469,45.466632],[9.199831,45.466715],[9.199954,45.4667263],[9.1999666,45.4666442],[9.2000313,45.4666287],[9.2001523,45.4666356],[9.20013,45.4668588],[9.1998558,45.4668305],[9.1995573,45.4667998],[9.1995587,45.4667952]]]},"properties":{"site":"milan","name":null,"category":"other","historic":null,"building":"apartments","osm_id":43028768}},{"type":"Feature","geometry":{"type":"Polygon","coordinates":[[[9.1992152,45.4665404],[9.1993659,45.466566],[9.1993438,45.4666691],[9.1994753,45.466679],[9.1995028,45.4665776],[9.1995142,45.4665403],[9.1996295,45.4665402],[9.1996247,45.4665687],[9.1996199,45.4665854],[9.1995713,45.466581],[9.1995626,45.466621],[9.1995912,45.466622],[9.1995587,45.4667952],[9.1991754,45.4667528],[9.1991953,45.4666466],[9.1992152,45.4665404]]]},"properties":{"site":"milan","name":null,"category":"other","historic":null,"building":"apartments","osm_id":43028770}},{"type":"Feature","geometry":{"type":"Polygon","coordinates":[[[9.1962576,45.4604256],[9.1963425,45.4603987],[9.1964126,45.4604892],[9.1965068,45.4604627],[9.1965323,45.4605075],[9.1965863,45.4605915],[9.1964516,45.4606355],[9.1964332,45.4606165],[9.1962576,45.4604256]]]},"properties":{"site":"milan","name":null,"category":"other","historic":null,"building":"yes","osm_id":43159824}},{"type":"Feature","geometry":{"type":"Polygon","coordinates":[[[9.1973076,45.4608454],[9.1971827,45.4608436],[9.1969243,45.4608397],[9.1969283,45.4605679],[9.1970311,45.4605745],[9.1970289,45.4606404],[9.1970153,45.4606402],[9.1970131,45.4607225],[9.1970783,45.4607231],[9.1970924,45.4607103],[9.1971378,45.4607098],[9.1971515,45.4607241],[9.1972156,45.460725],[9.1972191,45.4606556],[9.1972046,45.4606555],[9.1972073,45.460584],[9.1973125,45.4605897],[9.1973062,45.4607451],[9.1973076,45.4608454]]]},"properties":{"site":"milan","name":null,"category":"other","historic":null,"building":"apartments","osm_id":43159825}},{"type":"Feature","geometry":{"type":"Polygon","coordinates":[[[9.1910943,45.4612203],[9.190866,45.4613989],[9.1907583,45.4613237],[9.1908105,45.4612791],[9.1906721,45.4611906],[9.190772,45.4611059],[9.1909267,45.4611961],[9.190983,45.4611451],[9.1910943,45.4612203]]]},"properties":{"site":"milan","name":null,"category":"other","historic":null,"building":"apartments","osm_id":43160120}},{"type":"Feature","geometry":{"type":"Polygon","coordinates":[[[9.1903949,45.4609401],[9.190436,45.4610525],[9.1905539,45.461031],[9.1905677,45.4610699],[9.1905825,45.4610981],[9.1906173,45.4611461],[9.1906721,45.4611906],[9.190772,45.4611059],[9.1907421,45.4610756],[9.1906974,45.4609974],[9.1908197,45.4609733],[9.1907864,45.4608635],[9.1905792,45.4609024],[9.1903949,45.4609401]]]},"properties":{"site":"milan","name":null,"category":"other","historic":null,"building":"apartments","osm_id":43160121}},{"type":"Feature","geometry":{"type":"Polygon","coordinates":[[[9.1898817,45.4617538],[9.1898814,45.4617049],[9.1901108,45.461704],[9.1901105,45.4617406],[9.1901143,45.4618044],[9.1901095,45.4619179],[9.1901084,45.4619322],[9.1899348,45.4619329],[9.1898806,45.4619331],[9.189883,45.4619178],[9.1898818,45.4617991],[9.1898817,45.4617538]]]},"properties":{"site":"milan","name":"Centro Diaz","category":"other","historic":"heritage","building":"apartments","osm_id":43160122}},{"type":"Feature","geometry":{"type":"Polygon","coordinates":[[[9.1892388,45.4612852],[9.1893005,45.4612732],[9.1893278,45.4613352],[9.1897543,45.4612498],[9.189756,45.4612151],[9.189788,45.4612067],[9.1897991,45.4612187],[9.1899073,45.4611513],[9.1897896,45.4610545],[9.1896901,45.4610737],[9.1893688,45.4611355],[9.1892842,45.4611531],[9.1892349,45.4611619],[9.1891964,45.4611695],[9.1892388,45.4612852]]]},"properties":{"site":"milan","name":null,"category":"other","historic":null,"building":"apartments","osm_id":43160124}},{"type":"Feature","geometry":{"type":"Polygon","coordinates":[[[9.1906598,45.4619741],[9.19053,45.461895],[9.1903948,45.4620018],[9.1903945,45.4620314],[9.190392,45.4622418],[9.1904032,45.4622362],[9.1905401,45.4622385],[9.1905652,45.4622238],[9.1905651,45.462136],[9.1906466,45.4621353],[9.1906466,45.4620673],[9.1905713,45.4620665],[9.190568,45.4620413],[9.1906598,45.4619741]]]},"properties":{"site":"milan","name":null,"category":"other","historic":null,"building":"apartments","osm_id":43160126}},{"type":"Feature","geometry":{"type":"Polygon","coordinates":[[[9.1875494,45.4587111],[9.1876852,45.4587296],[9.1877574,45.4589897],[9.1878252,45.4592544],[9.1877363,45.4592898],[9.1875099,45.4591449],[9.1875997,45.4590796],[9.1875688,45.45895],[9.1875289,45.4589535],[9.187457,45.459033],[9.1874656,45.4590375],[9.1874089,45.4590802],[9.187279,45.4589961],[9.1875494,45.4587111]]]},"properties":{"site":"milan","name":"Palazzo Bertarelli","category":"other","historic":"building","building":"office","osm_id":43165944}},{"type":"Feature","geometry":{"type":"Polygon","coordinates":[[[9.1942382,45.4699333],[9.1942144,45.4699213],[9.1941777,45.4699531],[9.1942458,45.4699902],[9.1942159,45.4700123],[9.1941284,45.4699687],[9.1940351,45.470047],[9.1942027,45.4701547],[9.1942358,45.470176],[9.1943411,45.4700966],[9.194352,45.4700892],[9.19429,45.4700516],[9.1943538,45.4699994],[9.1942878,45.4699606],[9.1942382,45.4699333]]]},"properties":{"site":"milan","name":null,"category":"other","historic":null,"building":"apartments","osm_id":43473598}},{"type":"Feature","geometry":{"type":"Polygon","coordinates":[[[9.1951064,45.4697219],[9.1951001,45.4697184],[9.1952605,45.469582],[9.1953277,45.469622],[9.1954055,45.4696686],[9.1953045,45.469753],[9.1952001,45.4697011],[9.1951516,45.4697465],[9.1951064,45.4697219]]]},"properties":{"site":"milan","name":null,"category":"other","historic":null,"building":"yes","osm_id":43473601}},{"type":"Feature","geometry":{"type":"Polygon","coordinates":[[[9.1954055,45.4696686],[9.1953045,45.469753],[9.195345,45.4697758],[9.1952668,45.4698435],[9.1952286,45.4698212],[9.1950033,45.4699979],[9.1950338,45.4700176],[9.1949834,45.47006],[9.1951451,45.4701662],[9.1952637,45.470066],[9.1952407,45.4700536],[9.195206,45.4700549],[9.1951589,45.4700288],[9.1951575,45.4700018],[9.1952401,45.4699302],[9.1953574,45.4699275],[9.1953503,45.4698441],[9.1953926,45.4698074],[9.1955028,45.4698739],[9.1954433,45.4699258],[9.1954875,45.4699518],[9.1954877,45.4699792],[9.1955213,45.4699975],[9.1955412,45.4699742],[9.1955976,45.4699316],[9.1955516,45.469907],[9.1955811,45.4698795],[9.1956283,45.4699044],[9.1956985,45.4698434],[9.1955337,45.4697489],[9.1954055,45.4696686]]]},"properties":{"site":"milan","name":null,"category":"other","historic":null,"building":"yes","osm_id":43473602}},{"type":"Feature","geometry":{"type":"Polygon","coordinates":[[[9.1955213,45.4699975],[9.1955412,45.4699742],[9.1955984,45.4700064],[9.195547,45.4700561],[9.1957032,45.4701393],[9.195741,45.47016],[9.1956948,45.4701987],[9.1956308,45.4701623],[9.1955873,45.4701992],[9.1955111,45.4701564],[9.19543,45.4702283],[9.1955001,45.47027],[9.1954142,45.4703415],[9.1953333,45.4702837],[9.195298,45.4702585],[9.1955271,45.4700716],[9.195471,45.4700431],[9.1955213,45.4699975]]]},"properties":{"site":"milan","name":null,"category":"other","historic":null,"building":"yes","osm_id":43473604}},{"type":"Feature","geometry":{"type":"Polygon","coordinates":[[[9.195305,45.4711101],[9.1951137,45.4712466],[9.1950147,45.4711818],[9.1950225,45.4711746],[9.195079,45.4711372],[9.1951466,45.4711873],[9.1951724,45.4711734],[9.1951768,45.4711344],[9.1951385,45.4710958],[9.1952242,45.4710409],[9.1952736,45.4710832],[9.195305,45.4711101]]]},"properties":{"site":"milan","name":null,"category":"other","historic":null,"building":"apartments","osm_id":43473993}},{"type":"Feature","geometry":{"type":"Polygon","coordinates":[[[9.190089,45.467916],[9.1899839,45.467844],[9.1900286,45.467813],[9.1899865,45.4677869],[9.1898594,45.4678724],[9.1900846,45.4680336],[9.1901266,45.468002],[9.1901902,45.4680491],[9.1901308,45.4680994],[9.1900386,45.4681581],[9.1899288,45.4682281],[9.1898679,45.4681969],[9.1897941,45.4681436],[9.1898211,45.4681216],[9.1898633,45.4681091],[9.1898692,45.4680824],[9.1896587,45.4679261],[9.1896255,45.4679426],[9.1896055,45.4679545],[9.1895688,45.4679276],[9.1896086,45.4679018],[9.1895267,45.4678511],[9.1895482,45.4678366],[9.1897184,45.4677218],[9.1899667,45.4675671],[9.1900076,45.4676013],[9.1900175,45.4675959],[9.1900994,45.4676626],[9.1902295,45.4677637],[9.1902223,45.4677692],[9.1902655,45.4678018],[9.1902124,45.4678368],[9.1901761,45.4678193],[9.1901443,45.4678418],[9.1901702,45.4678614],[9.190089,45.467916]]]},"properties":{"site":"milan","name":null,"category":"other","historic":null,"building":"yes","osm_id":43474229}},{"type":"Feature","geometry":{"type":"Polygon","coordinates":[[[9.1902875,45.4688442],[9.1901928,45.4688766],[9.1901503,45.4688726],[9.1901605,45.4688268],[9.1901993,45.4688185],[9.1902396,45.4688087],[9.1902875,45.4688442]]]},"properties":{"site":"milan","name":null,"category":"other","historic":null,"building":"yes","osm_id":43474245}},{"type":"Feature","geometry":{"type":"Polygon","coordinates":[[[9.1916671,45.469785],[9.1915928,45.4697606],[9.1916545,45.4696832],[9.1916624,45.4696711],[9.1916981,45.4696276],[9.1917485,45.4695707],[9.191965,45.4694236],[9.1920301,45.4694808],[9.1920951,45.4695379],[9.1920282,45.4695769],[9.192,45.4695534],[9.1919657,45.4695694],[9.191899,45.4695188],[9.1917918,45.4695863],[9.1918843,45.4696364],[9.1917764,45.4697403],[9.1917251,45.4697154],[9.1916671,45.469785]]]},"properties":{"site":"milan","name":null,"category":"other","historic":null,"building":"apartments","osm_id":43474253}},{"type":"Feature","geometry":{"type":"Polygon","coordinates":[[[9.1916922,45.4699103],[9.1917995,45.469969],[9.1919582,45.4698311],[9.1919677,45.4698209],[9.1920429,45.4698571],[9.1920686,45.4698371],[9.1921499,45.4699112],[9.1920916,45.4699414],[9.1920717,45.4699318],[9.1920169,45.4699723],[9.1919778,45.4699513],[9.1918889,45.4700226],[9.1919244,45.4700432],[9.191837,45.4701184],[9.1916603,45.4700173],[9.191603,45.4699851],[9.1916922,45.4699103]]]},"properties":{"site":"milan","name":null,"category":"other","historic":null,"building":"apartments","osm_id":43474255}},{"type":"Feature","geometry":{"type":"Polygon","coordinates":[[[9.1918319,45.4697705],[9.1916922,45.4699103],[9.191603,45.4699851],[9.1915619,45.4699614],[9.1915238,45.4699394],[9.1915884,45.4698738],[9.1916211,45.4698919],[9.1917764,45.4697403],[9.1918319,45.4697705]]]},"properties":{"site":"milan","name":null,"category":"other","historic":null,"building":"apartments","osm_id":43474257}},{"type":"Feature","geometry":{"type":"Polygon","coordinates":[[[9.1936211,45.46912],[9.193777,45.469196],[9.1937944,45.469179],[9.1939052,45.4692609],[9.1938304,45.4693236],[9.1938157,45.4693359],[9.1937247,45.4692697],[9.1937596,45.4692372],[9.1936905,45.4691968],[9.1936567,45.4692214],[9.1935644,45.4691555],[9.1935701,45.469152],[9.1936211,45.46912]]]},"properties":{"site":"milan","name":null,"category":"other","historic":null,"building":"yes","osm_id":43475539}},{"type":"Feature","geometry":{"type":"Polygon","coordinates":[[[9.1845104,45.469981],[9.184522,45.4699029],[9.1844797,45.4698629],[9.1843782,45.4697827],[9.1843483,45.4698004],[9.1843293,45.469792],[9.1842966,45.4697929],[9.1842702,45.4698103],[9.1841262,45.4699054],[9.1841128,45.4699299],[9.1841231,45.469971],[9.1841559,45.4700039],[9.1844901,45.4700767],[9.1845262,45.470002],[9.1845079,45.4699985],[9.1845104,45.469981]]]},"properties":{"site":"milan","name":"Palazzo Ferrero","category":"other","historic":null,"building":"office","osm_id":43522023}},{"type":"Feature","geometry":{"type":"Polygon","coordinates":[[[9.1846263,45.4703942],[9.1844646,45.4703517],[9.1844516,45.4703804],[9.1843774,45.4703617],[9.1844131,45.4702798],[9.1844081,45.4702743],[9.184388,45.4702674],[9.1843145,45.4702517],[9.1842893,45.4702986],[9.1843249,45.470307],[9.1843068,45.4703485],[9.1841742,45.4703353],[9.1841464,45.4703895],[9.1843515,45.4704435],[9.1845582,45.4704978],[9.1846263,45.4703942]]]},"properties":{"site":"milan","name":null,"category":"other","historic":null,"building":"apartments","osm_id":43522125}},{"type":"Feature","geometry":{"type":"Polygon","coordinates":[[[9.1851857,45.4684474],[9.1852127,45.4683489],[9.1851961,45.4683322],[9.1850954,45.4683285],[9.1850985,45.4682861],[9.1852181,45.4682879],[9.18539,45.4682937],[9.1853697,45.4683741],[9.1853469,45.4684642],[9.1851857,45.4684474]]]},"properties":{"site":"milan","name":null,"category":"other","historic":null,"building":"apartments","osm_id":43523332}},{"type":"Feature","geometry":{"type":"Polygon","coordinates":[[[9.1849439,45.4682768],[9.1850985,45.4682861],[9.1852181,45.4682879],[9.1852586,45.4680787],[9.1850523,45.468063],[9.1850346,45.4681221],[9.184949,45.4681134],[9.1849137,45.46825],[9.1849479,45.4682568],[9.1849439,45.4682768]]]},"properties":{"site":"milan","name":null,"category":"other","historic":null,"building":"yes","osm_id":43523334}},{"type":"Feature","geometry":{"type":"Polygon","coordinates":[[[9.1965616,45.461558],[9.1965807,45.4615783],[9.1966849,45.4616899],[9.1966964,45.4617034],[9.1967599,45.4616753],[9.19675,45.4616613],[9.1969424,45.4615765],[9.1969523,45.4615869],[9.1970288,45.4615545],[9.1969523,45.4614772],[9.1968872,45.4614078],[9.1965616,45.461558]]]},"properties":{"site":"milan","name":"Chiesa Evangelica Valdese","category":"medieval","historic":null,"building":"church","osm_id":43626244}},{"type":"Feature","geometry":{"type":"Polygon","coordinates":[[[9.1968377,45.461032],[9.1971239,45.4613401],[9.1971815,45.4613138],[9.1973335,45.4612443],[9.197176,45.4610747],[9.1971226,45.4610992],[9.1969939,45.4609606],[9.1968377,45.461032]]]},"properties":{"site":"milan","name":null,"category":"other","historic":null,"building":"apartments","osm_id":43626245}},{"type":"Feature","geometry":{"type":"Polygon","coordinates":[[[9.1962463,45.4611756],[9.196305,45.4611185],[9.1963966,45.461072],[9.1964503,45.4611226],[9.1964405,45.461131],[9.1965836,45.4612802],[9.1965895,45.4612756],[9.1966612,45.4613491],[9.1966228,45.4613687],[9.1966146,45.4613602],[9.1965876,45.4613726],[9.1965506,45.4613366],[9.1964928,45.461365],[9.1965425,45.4614112],[9.1965761,45.4614018],[9.1966108,45.4614415],[9.196839,45.4613324],[9.1964375,45.4609149],[9.1962174,45.4610187],[9.1961157,45.4611041],[9.1962463,45.4611756]]]},"properties":{"site":"milan","name":null,"category":"other","historic":null,"building":"apartments","osm_id":43626249}},{"type":"Feature","geometry":{"type":"Polygon","coordinates":[[[9.195205,45.4617112],[9.1951784,45.4616583],[9.1952039,45.4616498],[9.1951678,45.4616143],[9.195077,45.4616407],[9.1950431,45.4615789],[9.1950934,45.4615511],[9.1951214,45.4615748],[9.1951799,45.4615361],[9.195069,45.4614485],[9.1948549,45.4615621],[9.1949149,45.4616686],[9.1949778,45.4617802],[9.195205,45.4617112]]]},"properties":{"site":"milan","name":null,"category":"other","historic":null,"building":"apartments","osm_id":43626251}},{"type":"Feature","geometry":{"type":"Polygon","coordinates":[[[9.1982015,45.4609721],[9.1983363,45.4609755],[9.1984157,45.4610328],[9.1983546,45.4610764],[9.1983563,45.4611284],[9.1982437,45.4611284],[9.1982452,45.4610943],[9.1981831,45.4610926],[9.1981804,45.4610208],[9.1982027,45.4610201],[9.1982015,45.4609721]]]},"properties":{"site":"milan","name":null,"category":"other","historic":null,"building":"house","osm_id":43626252}},{"type":"Feature","geometry":{"type":"Polygon","coordinates":[[[9.1980083,45.4612966],[9.1984318,45.4611744],[9.1983989,45.4613645],[9.1983677,45.4615613],[9.1982086,45.4615466],[9.1982103,45.4615359],[9.198234,45.4613373],[9.1980628,45.4613893],[9.1980083,45.4612966]]]},"properties":{"site":"milan","name":null,"category":"other","historic":null,"building":"yes","osm_id":43626255}},{"type":"Feature","geometry":{"type":"Polygon","coordinates":[[[9.1985833,45.4625501],[9.1985856,45.4624537],[9.1985639,45.4624543],[9.1985649,45.4624316],[9.1987694,45.4624324],[9.1989824,45.4624332],[9.1989825,45.4625539],[9.1989826,45.4626706],[9.1988015,45.4626681],[9.1988012,45.4626369],[9.1987862,45.462637],[9.1987857,45.4625885],[9.1988053,45.4625882],[9.1988037,45.4625516],[9.1985833,45.4625501]]]},"properties":{"site":"milan","name":null,"category":"other","historic":null,"building":"apartments","osm_id":43626275}},{"type":"Feature","geometry":{"type":"Polygon","coordinates":[[[9.1901688,45.4698329],[9.1902434,45.4697234],[9.1904511,45.4698327],[9.1905692,45.4697188],[9.1903322,45.4695911],[9.190376,45.4694859],[9.1904718,45.4695092],[9.1908534,45.4697148],[9.1907345,45.4698284],[9.190712,45.4698151],[9.1906651,45.469859],[9.1906182,45.4699028],[9.1906433,45.4699156],[9.1905276,45.4700262],[9.1901688,45.4698329]]]},"properties":{"site":"milan","name":null,"category":"other","historic":null,"building":"yes","osm_id":43705496}},{"type":"Feature","geometry":{"type":"Polygon","coordinates":[[[9.190089,45.4702548],[9.1902039,45.4703116],[9.1902452,45.4702725],[9.190375,45.4701498],[9.1900646,45.4699772],[9.1899966,45.4700799],[9.1901276,45.4701456],[9.1901027,45.4701701],[9.1901484,45.4701952],[9.190089,45.4702548]]]},"properties":{"site":"milan","name":null,"category":"other","historic":null,"building":"yes","osm_id":43705497}},{"type":"Feature","geometry":{"type":"Polygon","coordinates":[[[9.1879454,45.4697578],[9.1880195,45.4695689],[9.1881062,45.4693399],[9.1879432,45.4693213],[9.1879284,45.4693899],[9.1878043,45.4693745],[9.1877906,45.4694312],[9.187904,45.4694479],[9.1877991,45.4697284],[9.1879454,45.4697578]]]},"properties":{"site":"milan","name":null,"category":"other","historic":null,"building":"yes","osm_id":43705499}},{"type":"Feature","geometry":{"type":"Polygon","coordinates":[[[9.1888705,45.4692959],[9.1889949,45.4693073],[9.1891283,45.4693196],[9.1891042,45.4694294],[9.1893,45.4694491],[9.1892518,45.4696485],[9.1892171,45.4696432],[9.1891202,45.469633],[9.1890964,45.469627],[9.189104,45.469586],[9.1890047,45.4695743],[9.1890257,45.4694437],[9.1889211,45.4694334],[9.1888961,45.4695667],[9.1888094,45.4695615],[9.1888705,45.4692959]]]},"properties":{"site":"milan","name":null,"category":"other","historic":null,"building":"yes","osm_id":43705500}},{"type":"Feature","geometry":{"type":"Polygon","coordinates":[[[9.1873765,45.4693836],[9.1873829,45.4693502],[9.1874191,45.4691604],[9.1876336,45.469172],[9.1877503,45.4691784],[9.1877403,45.4692369],[9.1876967,45.4692341],[9.1876934,45.469268],[9.1876754,45.469275],[9.1875755,45.4692695],[9.1875558,45.4693494],[9.1875404,45.4694035],[9.1873765,45.4693836]]]},"properties":{"site":"milan","name":null,"category":"other","historic":null,"building":"apartments","osm_id":43705503}},{"type":"Feature","geometry":{"type":"Polygon","coordinates":[[[9.1881062,45.4693399],[9.1879432,45.4693213],[9.1879578,45.4692544],[9.1878365,45.4692415],[9.1878043,45.4693745],[9.1877906,45.4694312],[9.1875404,45.4694035],[9.1875558,45.4693494],[9.1876626,45.4693582],[9.1876754,45.469275],[9.1876934,45.469268],[9.1876967,45.4692341],[9.1877403,45.4692369],[9.1877503,45.4691784],[9.1878069,45.4691791],[9.1879103,45.469192],[9.1881337,45.4692198],[9.1881062,45.4693399]]]},"properties":{"site":"milan","name":null,"category":"other","historic":null,"building":"yes","osm_id":43705504}},{"type":"Feature","geometry":{"type":"Polygon","coordinates":[[[9.1882773,45.4710395],[9.1881015,45.4710215],[9.18811,45.4709645],[9.1880665,45.4709598],[9.1880835,45.4708784],[9.1881375,45.4708826],[9.1881456,45.4708479],[9.1883182,45.4708682],[9.1882773,45.4710395]]]},"properties":{"site":"milan","name":null,"category":"other","historic":null,"building":"yes","osm_id":43705510}},{"type":"Feature","geometry":{"type":"Polygon","coordinates":[[[9.1882071,45.4713193],[9.1880416,45.4713002],[9.1880503,45.4712516],[9.1880172,45.4712454],[9.1880437,45.4711187],[9.1879288,45.4711103],[9.187951,45.4710177],[9.1880949,45.4710335],[9.1881015,45.4710215],[9.1882773,45.4710395],[9.1882188,45.4713198],[9.1882071,45.4713193]]]},"properties":{"site":"milan","name":null,"category":"other","historic":null,"building":"apartments","osm_id":43705512}},{"type":"Feature","geometry":{"type":"Polygon","coordinates":[[[9.1856794,45.4701873],[9.1862932,45.4703494],[9.1863481,45.47036],[9.1865338,45.4703921],[9.1865014,45.4704763],[9.1864588,45.4704641],[9.186432,45.4705129],[9.1864764,45.4705258],[9.1865072,45.4705716],[9.1864827,45.4706171],[9.18641,45.4706431],[9.1863027,45.4706135],[9.1862462,45.4707184],[9.1861873,45.4707023],[9.1860964,45.4706768],[9.1855073,45.4705141],[9.1855267,45.470473],[9.1855032,45.4704665],[9.1855216,45.4704315],[9.1855626,45.4703538],[9.1855978,45.4702934],[9.1856252,45.4702384],[9.1856488,45.4702442],[9.1856692,45.4702064],[9.1856794,45.4701873]]]},"properties":{"site":"milan","name":"Chiesa di Santa Maria del Carmine","category":"medieval","historic":null,"building":"church","osm_id":43705671}},{"type":"Feature","geometry":{"type":"Polygon","coordinates":[[[9.1875124,45.4718749],[9.1873284,45.4718528],[9.1873353,45.4718219],[9.1870041,45.4717841],[9.1870314,45.4716491],[9.1870974,45.4716577],[9.1871001,45.4716511],[9.1873497,45.4716772],[9.187376,45.4715472],[9.187392,45.4715488],[9.1875812,45.4715683],[9.1875477,45.4717176],[9.1875124,45.4718749]]]},"properties":{"site":"milan","name":null,"category":"other","historic":null,"building":"yes","osm_id":43705672}},{"type":"Feature","geometry":{"type":"Polygon","coordinates":[[[9.1979552,45.4642138],[9.1979933,45.4642721],[9.1980872,45.4644161],[9.1981186,45.4644643],[9.1981889,45.4644568],[9.198188,45.4644744],[9.1981652,45.4644844],[9.1981958,45.4644887],[9.198222,45.4644748],[9.1982881,45.4644565],[9.1983764,45.4644456],[9.1984313,45.4644504],[9.1983906,45.4643543],[9.1985264,45.4643226],[9.1983714,45.4640779],[9.1983043,45.4640997],[9.1982751,45.4640549],[9.1981797,45.4640842],[9.1982205,45.4641368],[9.1979552,45.4642138]]]},"properties":{"site":"milan","name":null,"category":"other","historic":null,"building":"yes","osm_id":44199284}},{"type":"Feature","geometry":{"type":"Polygon","coordinates":[[[9.198222,45.4644748],[9.1982881,45.4644565],[9.1983764,45.4644456],[9.1984313,45.4644504],[9.1984872,45.4644656],[9.1985312,45.4644627],[9.1985766,45.4644577],[9.1986223,45.4644648],[9.1986458,45.4644916],[9.1986496,45.4645119],[9.1986366,45.4645445],[9.1986181,45.4645588],[9.1985949,45.464564],[9.198511,45.4645706],[9.1984569,45.464601],[9.198356,45.4646198],[9.1982173,45.4646436],[9.1981917,45.4646113],[9.1981558,45.4645544],[9.1981543,45.4645098],[9.1981652,45.4644844],[9.1981958,45.4644887],[9.198222,45.4644748]]]},"properties":{"site":"milan","name":"Chiesa di Santa Maria della Sanità","category":"medieval","historic":null,"building":"church","osm_id":44199287}},{"type":"Feature","geometry":{"type":"Polygon","coordinates":[[[9.1961237,45.4646282],[9.1963048,45.4646532],[9.1962647,45.4647962],[9.1960842,45.4647712],[9.1960966,45.46473],[9.1961008,45.4647114],[9.1961137,45.464664],[9.1961237,45.4646282]]]},"properties":{"site":"milan","name":"Chiesa russa ortodossa di Sant'Ambrogio","category":"medieval","historic":null,"building":"church","osm_id":44200341}},{"type":"Feature","geometry":{"type":"Polygon","coordinates":[[[9.1965498,45.4655128],[9.196517,45.4654979],[9.1965343,45.4654724],[9.1965561,45.4654453],[9.1965735,45.465452],[9.196646,45.4653694],[9.1966585,45.4652931],[9.1965446,45.4652698],[9.1965839,45.4652023],[9.1965928,45.4651911],[9.1964889,45.4651622],[9.1964465,45.4652415],[9.1963975,45.465226],[9.1962714,45.465447],[9.1962446,45.4654399],[9.1962312,45.4654364],[9.1961963,45.4654272],[9.1961287,45.4655398],[9.1961239,45.4655493],[9.1961766,45.4655641],[9.1962414,45.465584],[9.1962987,45.4656058],[9.1964351,45.4656569],[9.1964456,45.4656468],[9.1965498,45.4655128]]]},"properties":{"site":"milan","name":null,"category":"other","historic":null,"building":"yes","osm_id":44200809}},{"type":"Feature","geometry":{"type":"Polygon","coordinates":[[[9.1974925,45.4655578],[9.1974816,45.4655604],[9.1973477,45.4655987],[9.1973729,45.4656407],[9.1973542,45.4656463],[9.1973519,45.4657722],[9.1973487,45.4658596],[9.1971671,45.465785],[9.1971604,45.4657952],[9.1970662,45.465761],[9.1969906,45.4658451],[9.1969735,45.4658682],[9.1971137,45.4659221],[9.1972049,45.4659622],[9.197213,45.4659694],[9.1972878,45.4660363],[9.1974357,45.4660326],[9.1974899,45.4660308],[9.1975706,45.466027],[9.1975692,45.466009],[9.1975217,45.4655997],[9.1975112,45.4655825],[9.1974925,45.4655578]]]},"properties":{"site":"milan","name":null,"category":"other","historic":null,"building":"apartments","osm_id":44200811}},{"type":"Feature","geometry":{"type":"Polygon","coordinates":[[[9.1866766,45.4698691],[9.1867208,45.4697224],[9.1868346,45.4697369],[9.186884,45.469743],[9.1868391,45.4698998],[9.1866766,45.4698691]]]},"properties":{"site":"milan","name":null,"category":"other","historic":null,"building":"yes","osm_id":44367028}},{"type":"Feature","geometry":{"type":"Polygon","coordinates":[[[9.1863296,45.4692029],[9.18636,45.4690976],[9.1865099,45.4691054],[9.1865443,45.4691072],[9.1865195,45.4691795],[9.1864252,45.4691681],[9.1864064,45.4692172],[9.1864965,45.4692366],[9.1864729,45.4693107],[9.1864405,45.4693865],[9.186428,45.4693847],[9.1864478,45.4693318],[9.1863193,45.4693099],[9.1863036,45.4693056],[9.1863296,45.4692029]]]},"properties":{"site":"milan","name":null,"category":"other","historic":null,"building":"apartments","osm_id":44367033}},{"type":"Feature","geometry":{"type":"Polygon","coordinates":[[[9.1859868,45.4695015],[9.1860743,45.469518],[9.1860159,45.4696608],[9.1863674,45.4697269],[9.1863425,45.4697929],[9.1863229,45.4697898],[9.1862928,45.4698703],[9.1859863,45.4698103],[9.1860087,45.4697444],[9.1857794,45.4696979],[9.1858059,45.4696319],[9.1857976,45.4696301],[9.1858273,45.4695547],[9.185836,45.4695564],[9.1858596,45.4694848],[9.1859845,45.4695079],[9.1859868,45.4695015]]]},"properties":{"site":"milan","name":null,"category":"other","historic":null,"building":"apartments","osm_id":44367039}},{"type":"Feature","geometry":{"type":"Polygon","coordinates":[[[9.187143,45.4704888],[9.1870189,45.4704602],[9.1870647,45.4703062],[9.1871311,45.4703219],[9.1871144,45.4703649],[9.1871821,45.4703802],[9.1871767,45.4703958],[9.187143,45.4704888]]]},"properties":{"site":"milan","name":null,"category":"other","historic":null,"building":"yes","osm_id":44367040}},{"type":"Feature","geometry":{"type":"Polygon","coordinates":[[[9.1871,45.4700003],[9.1870912,45.4700268],[9.1870768,45.4700701],[9.1869069,45.4700423],[9.1868857,45.4700349],[9.1869175,45.4699658],[9.1870012,45.4699808],[9.1869898,45.4700072],[9.1870204,45.4700141],[9.1870312,45.4699891],[9.1871,45.4700003]]]},"properties":{"site":"milan","name":null,"category":"other","historic":null,"building":"yes","osm_id":44367047}},{"type":"Feature","geometry":{"type":"Polygon","coordinates":[[[9.1858084,45.4699125],[9.1857619,45.4700125],[9.1858227,45.4700311],[9.1858576,45.4699649],[9.1858334,45.4699565],[9.18585,45.4699249],[9.1860035,45.4699618],[9.1859272,45.4701092],[9.1856589,45.4700401],[9.1856769,45.4700073],[9.1856399,45.469997],[9.1856268,45.4700282],[9.185606,45.4700213],[9.1852607,45.4699239],[9.1852244,45.4699153],[9.1852178,45.4699343],[9.1851078,45.4699092],[9.1851695,45.4698003],[9.1852006,45.4697455],[9.1853576,45.4697987],[9.1853037,45.4698904],[9.1854068,45.4699185],[9.1854575,45.469826],[9.1855907,45.469862],[9.185538,45.4699629],[9.1855993,45.469977],[9.1856569,45.469879],[9.1858084,45.4699125]]]},"properties":{"site":"milan","name":null,"category":"other","historic":null,"building":"yes","osm_id":44367050}},{"type":"Feature","geometry":{"type":"Polygon","coordinates":[[[9.19279,45.4684317],[9.1927122,45.4684995],[9.1926902,45.4684878],[9.1926677,45.4685053],[9.1926861,45.4685185],[9.192611,45.4685778],[9.1925398,45.4685273],[9.1926346,45.4684529],[9.1926474,45.4684599],[9.1926926,45.4683876],[9.1927166,45.468392],[9.19279,45.4684317]]]},"properties":{"site":"milan","name":null,"category":"other","historic":null,"building":"yes","osm_id":44447749}},{"type":"Feature","geometry":{"type":"Polygon","coordinates":[[[9.1940444,45.4681431],[9.1939277,45.4680924],[9.1939148,45.4681066],[9.1938743,45.4680885],[9.1939241,45.4680296],[9.1938274,45.467989],[9.193777,45.4680376],[9.1936489,45.4679666],[9.1936595,45.4679597],[9.1937183,45.4679037],[9.1937249,45.4678976],[9.1941181,45.4680655],[9.1940576,45.4681292],[9.1940444,45.4681431]]]},"properties":{"site":"milan","name":null,"category":"other","historic":null,"building":"yes","osm_id":44447755}},{"type":"Feature","geometry":{"type":"Polygon","coordinates":[[[9.194701,45.4674278],[9.1946436,45.4674055],[9.1946823,45.4673802],[9.194704,45.467375],[9.1948069,45.467165],[9.1948001,45.467163],[9.1947949,45.4671592],[9.1947949,45.4671573],[9.1946483,45.4671558],[9.1946062,45.4671582],[9.1945882,45.4670657],[9.1946066,45.4670669],[9.1946041,45.4670486],[9.1946027,45.4670313],[9.1947708,45.4670259],[9.194943,45.4670185],[9.194993,45.4670155],[9.1949942,45.4670354],[9.1949965,45.4671173],[9.1948399,45.4674354],[9.1948208,45.4674741],[9.194701,45.4674278]]]},"properties":{"site":"milan","name":null,"category":"other","historic":null,"building":"yes","osm_id":44447756}},{"type":"Feature","geometry":{"type":"Polygon","coordinates":[[[9.1941547,45.4674124],[9.1942559,45.4673367],[9.1942666,45.4673283],[9.1942665,45.4673182],[9.1941969,45.4672741],[9.1942023,45.4672653],[9.1942035,45.4672557],[9.1942005,45.4672464],[9.1941935,45.4672382],[9.1941833,45.4672319],[9.1941708,45.4672281],[9.1941573,45.4672272],[9.1941439,45.4672292],[9.1941321,45.4672341],[9.1940639,45.4671929],[9.1940352,45.467218],[9.1939857,45.4671874],[9.1939095,45.4672471],[9.1939141,45.4672499],[9.1939056,45.4672566],[9.1941547,45.4674124]]]},"properties":{"site":"milan","name":null,"category":"other","historic":null,"building":"yes","osm_id":44447757}},{"type":"Feature","geometry":{"type":"Polygon","coordinates":[[[9.1942559,45.4673367],[9.1941547,45.4674124],[9.1943013,45.4675019],[9.1944631,45.4676007],[9.1945533,45.4675205],[9.1945616,45.4675118],[9.1944589,45.4674497],[9.1944926,45.4674224],[9.1945059,45.467431],[9.1945479,45.4673975],[9.1946124,45.4674373],[9.1946204,45.4674282],[9.1946336,45.4674029],[9.1946647,45.4673655],[9.1946544,45.4673629],[9.1946388,45.4673664],[9.1946262,45.4673429],[9.1945229,45.4672774],[9.1944252,45.46728],[9.1943114,45.4673717],[9.1942559,45.4673367]]]},"properties":{"site":"milan","name":null,"category":"other","historic":null,"building":"yes","osm_id":44447758}},{"type":"Feature","geometry":{"type":"Polygon","coordinates":[[[9.1932465,45.468536],[9.1932919,45.4685528],[9.1933517,45.4684758],[9.1935001,45.4685395],[9.1934466,45.4686036],[9.1935941,45.468656],[9.1936589,45.4685788],[9.1937046,45.4685244],[9.1932228,45.4683186],[9.1931389,45.4684164],[9.1931938,45.4684453],[9.1932774,45.4684841],[9.1932326,45.4685286],[9.1932465,45.468536]]]},"properties":{"site":"milan","name":null,"category":"other","historic":null,"building":"yes","osm_id":44447762}},{"type":"Feature","geometry":{"type":"Polygon","coordinates":[[[9.1958175,45.4676537],[9.195668,45.4677798],[9.1955319,45.4678945],[9.1954033,45.4678135],[9.195485,45.4677417],[9.195308,45.4676401],[9.1953531,45.4675973],[9.1954001,45.4675576],[9.1955771,45.4676641],[9.1956704,45.4675875],[9.1957193,45.4676128],[9.1957282,45.4676048],[9.1958175,45.4676537]]]},"properties":{"site":"milan","name":null,"category":"other","historic":null,"building":"apartments","osm_id":44448047}},{"type":"Feature","geometry":{"type":"Polygon","coordinates":[[[9.1951818,45.4671621],[9.1953141,45.4671893],[9.1953543,45.4671151],[9.1953953,45.4671133],[9.1953997,45.4671447],[9.1954754,45.4671451],[9.1954718,45.4671096],[9.1955618,45.4671056],[9.1955498,45.4669961],[9.1952593,45.4670066],[9.1952445,45.467044],[9.1951818,45.4671621]]]},"properties":{"site":"milan","name":null,"category":"other","historic":null,"building":"apartments","osm_id":44448048}},{"type":"Feature","geometry":{"type":"Polygon","coordinates":[[[9.1951065,45.4673124],[9.1952457,45.4673476],[9.1952707,45.4673538],[9.1952546,45.4673935],[9.1952968,45.4674131],[9.1954695,45.4674969],[9.1954001,45.4675576],[9.1953531,45.4675973],[9.1951138,45.4674795],[9.1950332,45.4674569],[9.1951065,45.4673124]]]},"properties":{"site":"milan","name":null,"category":"other","historic":null,"building":"apartments","osm_id":44448049}},{"type":"Feature","geometry":{"type":"Polygon","coordinates":[[[9.1952441,45.4677211],[9.1951906,45.4677633],[9.1950694,45.467696],[9.1950639,45.4677157],[9.1950877,45.4677297],[9.1950847,45.4677526],[9.1950649,45.46776],[9.1950403,45.4677602],[9.1950348,45.4677788],[9.1950433,45.4678034],[9.1951072,45.4678398],[9.1950005,45.4679239],[9.1948526,45.4678263],[9.1949106,45.4677033],[9.1949806,45.4675734],[9.1951167,45.4676456],[9.1952441,45.4677211]]]},"properties":{"site":"milan","name":null,"category":"other","historic":null,"building":"apartments","osm_id":44448050}},{"type":"Feature","geometry":{"type":"Polygon","coordinates":[[[9.1949806,45.4675734],[9.1950227,45.4674802],[9.1950332,45.4674569],[9.1951138,45.4674795],[9.1953531,45.4675973],[9.195308,45.4676401],[9.1952103,45.4675831],[9.1951469,45.4675715],[9.1951167,45.4676456],[9.1949806,45.4675734]]]},"properties":{"site":"milan","name":null,"category":"other","historic":null,"building":"apartments","osm_id":44448051}},{"type":"Feature","geometry":{"type":"Polygon","coordinates":[[[9.1963316,45.4672239],[9.1965878,45.4670104],[9.1965835,45.4669558],[9.1961867,45.4669704],[9.1961874,45.4670849],[9.1962552,45.4670842],[9.1962552,45.4670972],[9.1962658,45.4671115],[9.1962834,45.4671242],[9.1962459,45.4671613],[9.1962288,45.4671508],[9.1962207,45.4671581],[9.1963316,45.4672239]]]},"properties":{"site":"milan","name":null,"category":"other","historic":null,"building":"apartments","osm_id":44448054}},{"type":"Feature","geometry":{"type":"Polygon","coordinates":[[[9.1963296,45.4673716],[9.1964198,45.4672904],[9.1965259,45.4673448],[9.1966289,45.4672526],[9.1965329,45.4671933],[9.1967591,45.4669985],[9.1968101,45.4670283],[9.1971189,45.4671878],[9.1969071,45.4673766],[9.1968697,45.4674099],[9.1966887,45.4675409],[9.1963296,45.4673716]]]},"properties":{"site":"milan","name":"Palazzetto Taverna","category":"other","historic":"building","building":"yes","osm_id":44448308}},{"type":"Feature","geometry":{"type":"Polygon","coordinates":[[[9.1981613,45.4668195],[9.1985965,45.4668739],[9.1985831,45.4669314],[9.1986162,45.4669468],[9.1986278,45.466964],[9.198628,45.466978],[9.1986172,45.4669962],[9.1985992,45.4670091],[9.1985678,45.4670134],[9.198559,45.4670507],[9.1985569,45.4670621],[9.1985456,45.4671076],[9.1985441,45.4671136],[9.1984739,45.4671086],[9.1984831,45.4670562],[9.1983848,45.4670457],[9.1983818,45.4670614],[9.1981398,45.4670319],[9.1981442,45.46701],[9.1981152,45.4670077],[9.1981368,45.4669248],[9.1981613,45.4668195]]]},"properties":{"site":"milan","name":"Basilica di San Babila","category":"basilica","historic":null,"building":"church","osm_id":44448850}},{"type":"Feature","geometry":{"type":"Polygon","coordinates":[[[9.192312,45.4663415],[9.1923288,45.4663621],[9.1925781,45.466572],[9.1925092,45.4665611],[9.1924181,45.4666149],[9.1923593,45.4665692],[9.1923382,45.46658],[9.1923512,45.4665903],[9.1922459,45.4666639],[9.192148,45.4665812],[9.1922527,45.4665093],[9.1922675,45.4665194],[9.1922869,45.4665048],[9.1922481,45.4664752],[9.1921221,45.4665612],[9.1920367,45.4664833],[9.1920669,45.466466],[9.1921265,45.4664318],[9.1920974,45.466405],[9.1921321,45.4663839],[9.1921794,45.4664222],[9.192312,45.4663415]]]},"properties":{"site":"milan","name":null,"category":"other","historic":null,"building":"yes","osm_id":44449504}},{"type":"Feature","geometry":{"type":"Polygon","coordinates":[[[9.1917817,45.4662668],[9.1916513,45.4661583],[9.1916663,45.4661492],[9.1917853,45.4660773],[9.1919033,45.466006],[9.1921421,45.4662041],[9.1920146,45.4662817],[9.1919086,45.4661954],[9.1918083,45.4662547],[9.1917817,45.4662668]]]},"properties":{"site":"milan","name":null,"category":"other","historic":null,"building":"yes","osm_id":44449508}},{"type":"Feature","geometry":{"type":"Polygon","coordinates":[[[9.1935678,45.4653578],[9.1934346,45.4653182],[9.1933698,45.4652978],[9.1933595,45.4652946],[9.1933125,45.4652683],[9.1932779,45.4652498],[9.1931903,45.4652029],[9.1932871,45.4650981],[9.1933842,45.4650007],[9.1934134,45.4649452],[9.1934228,45.4649276],[9.1937628,45.4650057],[9.1938978,45.4650469],[9.19389,45.4650645],[9.1938159,45.4652183],[9.1937493,45.4653568],[9.1935889,45.4653187],[9.1935678,45.4653578]]]},"properties":{"site":"milan","name":null,"category":"other","historic":null,"building":"yes","osm_id":44449621}},{"type":"Feature","geometry":{"type":"Polygon","coordinates":[[[9.1932446,45.4659464],[9.1930656,45.465899],[9.1930533,45.4659247],[9.1930403,45.4659519],[9.1929331,45.4659236],[9.1929487,45.4658973],[9.1929617,45.4658703],[9.192905,45.4658266],[9.1928879,45.4658098],[9.1927166,45.4659245],[9.192748,45.4659519],[9.19273,45.4659606],[9.1928359,45.4660446],[9.192861,45.466032],[9.1931535,45.4661016],[9.1932277,45.4659752],[9.1932446,45.4659464]]]},"properties":{"site":"milan","name":null,"category":"other","historic":null,"building":"yes","osm_id":44449626}},{"type":"Feature","geometry":{"type":"Polygon","coordinates":[[[9.1988818,45.4679733],[9.1989719,45.468066],[9.1990988,45.4679941],[9.1990012,45.4679164],[9.1989292,45.4679536],[9.1988668,45.4678871],[9.1990392,45.4678212],[9.1990818,45.4678505],[9.1991322,45.4678872],[9.1991914,45.4678353],[9.199363,45.4679256],[9.1993134,45.4679676],[9.1992817,45.4679512],[9.1992114,45.468021],[9.1992273,45.4680304],[9.1991931,45.4680548],[9.1992128,45.4680631],[9.1990315,45.4681678],[9.1990503,45.4681828],[9.1989396,45.4682568],[9.1989284,45.4682635],[9.1988604,45.4681834],[9.1987364,45.4680373],[9.1988818,45.4679733]]]},"properties":{"site":"milan","name":"Casa Fontana Silvestri","category":"other","historic":"building","building":"yes","osm_id":44449911}},{"type":"Feature","geometry":{"type":"Polygon","coordinates":[[[9.1995558,45.467064],[9.1995677,45.4670237],[9.1995095,45.4670133],[9.1995158,45.4670036],[9.1993418,45.466983],[9.1993521,45.4669531],[9.199275,45.4669424],[9.1992673,45.4670119],[9.1992289,45.4670101],[9.1992116,45.4671294],[9.1991466,45.4671214],[9.1991646,45.4669715],[9.1991918,45.4668526],[9.1993273,45.4668694],[9.1994589,45.4668858],[9.1995705,45.4669031],[9.1996236,45.4669113],[9.1995907,45.4670206],[9.1995973,45.4670215],[9.1995809,45.4670681],[9.1995558,45.467064]]]},"properties":{"site":"milan","name":null,"category":"other","historic":null,"building":"apartments","osm_id":44449913}},{"type":"Feature","geometry":{"type":"Polygon","coordinates":[[[9.1959625,45.4663106],[9.1959579,45.4663043],[9.195944,45.4662788],[9.195939,45.4662494],[9.195941,45.4662063],[9.1959616,45.4661563],[9.1959866,45.4661293],[9.1960216,45.466104],[9.1960698,45.4660769],[9.1961225,45.4660613],[9.1961442,45.4660575],[9.1961501,45.4660564],[9.1961804,45.466054],[9.196189,45.4660423],[9.1961949,45.4660334],[9.1963147,45.4660777],[9.1964283,45.4661197],[9.1964209,45.46613],[9.1964095,45.4661459],[9.1964379,45.4661538],[9.1964473,45.4661693],[9.1964574,45.466194],[9.1964614,45.4662253],[9.1964592,45.4662528],[9.1964489,45.4662906],[9.1964263,45.4663257],[9.1963996,45.4663501],[9.196394,45.466354],[9.1963613,45.4663768],[9.1963046,45.4664018],[9.1962768,45.4664096],[9.1962438,45.4664135],[9.1962097,45.4664143],[9.1961708,45.466412],[9.1961138,45.4664926],[9.1961059,45.4665046],[9.1960887,45.4665222],[9.1960694,45.4665342],[9.1960389,45.4665411],[9.1960092,45.4665408],[9.1959543,45.4665226],[9.1959364,45.466503],[9.1959294,45.4664827],[9.1959322,45.4664625],[9.1959358,45.4664429],[9.195907,45.4664325],[9.1959416,45.4663471],[9.1959625,45.4663106]]]},"properties":{"site":"milan","name":"Basilica di San Carlo al Corso","category":"basilica","historic":null,"building":"church","osm_id":44601409}},{"type":"Feature","geometry":{"type":"Polygon","coordinates":[[[9.1940942,45.4649604],[9.1941028,45.464948],[9.1941737,45.4648313],[9.1942041,45.4648404],[9.1943299,45.4647186],[9.194464,45.4647828],[9.1945853,45.4648409],[9.194601,45.4648913],[9.1945758,45.4649506],[9.1945369,45.4650344],[9.1945711,45.4650457],[9.1945582,45.465072],[9.1945481,45.4650933],[9.1944328,45.4650531],[9.1943584,45.4650307],[9.1941579,45.4649773],[9.1940942,45.4649604]]]},"properties":{"site":"milan","name":null,"category":"other","historic":null,"building":"yes","osm_id":44602263}},{"type":"Feature","geometry":{"type":"Polygon","coordinates":[[[9.1917732,45.465625],[9.1918896,45.4654745],[9.1919388,45.465478],[9.1919275,45.4654733],[9.1919163,45.4654662],[9.1919133,45.4654617],[9.1919138,45.4654528],[9.1919157,45.4654468],[9.1919268,45.4654403],[9.1919354,45.4654354],[9.1919434,45.4654364],[9.1919536,45.4654371],[9.1919631,45.465424],[9.1919522,45.4654177],[9.191929,45.4654122],[9.192007,45.4653082],[9.1920427,45.4652618],[9.1920717,45.4652732],[9.1921771,45.4653104],[9.1921422,45.4653617],[9.1921325,45.4653731],[9.1921308,45.465375],[9.1922823,45.4655021],[9.1923097,45.4654847],[9.1923259,45.4654748],[9.1923531,45.465498],[9.1923393,45.4655062],[9.1923246,45.4655138],[9.1923892,45.4655681],[9.1923289,45.465605],[9.1922767,45.4656369],[9.1921481,45.4657156],[9.1921477,45.465744],[9.1921251,45.4657774],[9.1921047,45.465792],[9.1920792,45.4658009],[9.1920381,45.46581],[9.1920567,45.4658273],[9.1920413,45.4658369],[9.1920274,45.4658434],[9.1919604,45.4657863],[9.1918669,45.4657305],[9.1919258,45.4656864],[9.1917732,45.465625]]]},"properties":{"site":"milan","name":null,"category":"other","historic":null,"building":"yes","osm_id":44602942}},{"type":"Feature","geometry":{"type":"Polygon","coordinates":[[[9.1917076,45.4658356],[9.1916586,45.4658721],[9.191611,45.4658331],[9.1915433,45.4658712],[9.1915618,45.4658853],[9.1914755,45.4659388],[9.1913785,45.4658685],[9.1913665,45.4658585],[9.1913777,45.465852],[9.1914842,45.4657966],[9.1915904,45.4657413],[9.1917076,45.4658356]]]},"properties":{"site":"milan","name":null,"category":"other","historic":null,"building":"yes","osm_id":44602946}},{"type":"Feature","geometry":{"type":"Polygon","coordinates":[[[9.1939002,45.4622467],[9.1940418,45.4622826],[9.1940259,45.4623049],[9.1940728,45.4623181],[9.1940855,45.462299],[9.1941786,45.4623449],[9.1940928,45.4624118],[9.193849,45.4623362],[9.1938691,45.4623034],[9.1939002,45.4622467]]]},"properties":{"site":"milan","name":null,"category":"other","historic":null,"building":"apartments","osm_id":44605186}},{"type":"Feature","geometry":{"type":"Polygon","coordinates":[[[9.1941341,45.4622336],[9.1942319,45.4621645],[9.1941466,45.4621325],[9.1941615,45.4621028],[9.1942422,45.4621323],[9.1943531,45.4621999],[9.1943339,45.4622155],[9.194233,45.4622976],[9.1941341,45.4622336]]]},"properties":{"site":"milan","name":null,"category":"other","historic":null,"building":"yes","osm_id":44605188}},{"type":"Feature","geometry":{"type":"Polygon","coordinates":[[[9.1940489,45.4619731],[9.1941007,45.461884],[9.1941955,45.4619137],[9.1942821,45.4619239],[9.1942498,45.4619515],[9.1942333,45.4619776],[9.194169,45.4619579],[9.1941444,45.4620013],[9.1940489,45.4619731]]]},"properties":{"site":"milan","name":null,"category":"other","historic":null,"building":"yes","osm_id":44605189}},{"type":"Feature","geometry":{"type":"Polygon","coordinates":[[[9.1941007,45.461884],[9.1941462,45.4618],[9.1941881,45.4617133],[9.1944581,45.461762],[9.1943733,45.4618019],[9.1942321,45.461765],[9.1941926,45.4618507],[9.1942424,45.4618635],[9.1942777,45.4618794],[9.1942585,45.4619095],[9.1942821,45.4619239],[9.1941955,45.4619137],[9.1941007,45.461884]]]},"properties":{"site":"milan","name":null,"category":"other","historic":null,"building":"apartments","osm_id":44605192}},{"type":"Feature","geometry":{"type":"Polygon","coordinates":[[[9.1942658,45.4615801],[9.1943886,45.4616145],[9.1943373,45.4616955],[9.1944494,45.461718],[9.1944581,45.461762],[9.1941881,45.4617133],[9.1941973,45.4616981],[9.1942658,45.4615801]]]},"properties":{"site":"milan","name":null,"category":"other","historic":null,"building":"apartments","osm_id":44605194}},{"type":"Feature","geometry":{"type":"Polygon","coordinates":[[[9.194734,45.4616408],[9.1946729,45.4615374],[9.1945456,45.4615835],[9.1945019,45.4616011],[9.1944662,45.4615812],[9.1945004,45.4615668],[9.1945127,45.4615456],[9.1945274,45.461551],[9.1945916,45.4615294],[9.1945636,45.4614783],[9.1945333,45.4614898],[9.1945095,45.4614472],[9.1945526,45.4614158],[9.1946722,45.4613851],[9.1947171,45.461473],[9.1947486,45.4615348],[9.1947849,45.4616236],[9.194734,45.4616408]]]},"properties":{"site":"milan","name":null,"category":"other","historic":null,"building":"apartments","osm_id":44605197}},{"type":"Feature","geometry":{"type":"Polygon","coordinates":[[[9.1871288,45.4671234],[9.1873696,45.467218],[9.1873391,45.467258],[9.1874807,45.4673074],[9.1874341,45.4673558],[9.1874036,45.4673395],[9.1873334,45.4674292],[9.187311,45.4674196],[9.1872265,45.4673849],[9.1871988,45.4674231],[9.1871664,45.4674101],[9.1871265,45.4674543],[9.1870392,45.4674203],[9.1870188,45.4674429],[9.1870117,45.4674514],[9.1869064,45.4674139],[9.1869001,45.467411],[9.1869333,45.4673694],[9.1869966,45.4672901],[9.1870201,45.4672984],[9.1870683,45.467235],[9.1871162,45.4671722],[9.187094,45.4671641],[9.1871288,45.4671234]]]},"properties":{"site":"milan","name":null,"category":"other","historic":null,"building":"yes","osm_id":44832374}},{"type":"Feature","geometry":{"type":"Polygon","coordinates":[[[9.1857867,45.468391],[9.1863094,45.4684127],[9.1863438,45.4682978],[9.1863601,45.4682359],[9.1864393,45.4682365],[9.1864528,45.4683076],[9.1865179,45.4683066],[9.1865227,45.4683787],[9.1865692,45.4683712],[9.1866473,45.4685013],[9.1865917,45.4685202],[9.18656,45.468531],[9.1861926,45.4685281],[9.1860334,45.4685269],[9.1858147,45.468524],[9.1856545,45.4685218],[9.1855438,45.4685209],[9.1855368,45.4685158],[9.1855593,45.468405],[9.1855656,45.4684017],[9.1856039,45.4684015],[9.1855983,45.4684332],[9.185622,45.4684345],[9.1856211,45.4684493],[9.1857508,45.4684515],[9.1857548,45.4683891],[9.1857867,45.468391]]]},"properties":{"site":"milan","name":null,"category":"other","historic":null,"building":"apartments","osm_id":44832375}},{"type":"Feature","geometry":{"type":"Polygon","coordinates":[[[9.1872186,45.4681694],[9.1872933,45.4682731],[9.1870576,45.4683585],[9.1869912,45.4682504],[9.1870483,45.4682278],[9.1870663,45.4682533],[9.1871656,45.4682194],[9.1871976,45.4682046],[9.1871801,45.4681833],[9.1872186,45.4681694]]]},"properties":{"site":"milan","name":null,"category":"other","historic":null,"building":"apartments","osm_id":44832377}},{"type":"Feature","geometry":{"type":"Polygon","coordinates":[[[9.1871988,45.4674231],[9.1871664,45.4674101],[9.1871265,45.4674543],[9.1871059,45.4674797],[9.1870188,45.4674429],[9.1870117,45.4674514],[9.1869064,45.4674139],[9.1868958,45.4674278],[9.1868536,45.4674833],[9.1868472,45.4674817],[9.1867807,45.4675715],[9.1871403,45.4677131],[9.187153,45.4677019],[9.1871832,45.4677136],[9.1873801,45.4677902],[9.1873923,45.46778],[9.1874174,45.4677798],[9.1874591,45.4677151],[9.1874229,45.4677044],[9.1874426,45.4676771],[9.1874814,45.4676933],[9.187544,45.4676323],[9.1875514,45.4676248],[9.1874617,45.4675727],[9.1874205,45.4676304],[9.187214,45.4675492],[9.1872813,45.4674621],[9.1871988,45.4674231]]]},"properties":{"site":"milan","name":null,"category":"other","historic":null,"building":"yes","osm_id":44832379}},{"type":"Feature","geometry":{"type":"Polygon","coordinates":[[[9.1883845,45.4669713],[9.1882977,45.4669164],[9.1882004,45.4669905],[9.188042,45.4668899],[9.1879765,45.4669411],[9.187966,45.4669349],[9.1879446,45.4669489],[9.1879166,45.466932],[9.1880491,45.466787],[9.1882358,45.4666207],[9.1885491,45.4668125],[9.188587,45.4668357],[9.1885264,45.46688],[9.1884659,45.4669242],[9.1884501,45.4669358],[9.1884431,45.4669315],[9.1883845,45.4669713]]]},"properties":{"site":"milan","name":null,"category":"other","historic":null,"building":"apartments","osm_id":44832383}},{"type":"Feature","geometry":{"type":"Polygon","coordinates":[[[9.1860188,45.4687864],[9.186011,45.4688742],[9.186008,45.4688983],[9.18614,45.4689053],[9.1861286,45.4689732],[9.1858757,45.4689537],[9.1858618,45.4689526],[9.1858874,45.468688],[9.1859401,45.4686873],[9.1859394,45.4685672],[9.185943,45.4685672],[9.1859856,45.4685681],[9.1860678,45.4685699],[9.186052,45.4686946],[9.1860319,45.468695],[9.1859203,45.4686988],[9.1859098,45.4687799],[9.1860188,45.4687864]]]},"properties":{"site":"milan","name":null,"category":"other","historic":null,"building":"apartments","osm_id":44832644}},{"type":"Feature","geometry":{"type":"Polygon","coordinates":[[[9.1863773,45.4689872],[9.1864056,45.4688752],[9.1863728,45.468873],[9.1863705,45.4688934],[9.1862523,45.4688847],[9.1862665,45.4688164],[9.1863832,45.4688284],[9.1863987,45.4685828],[9.1863124,45.4685791],[9.1862232,45.4685753],[9.1862045,45.4686839],[9.1863503,45.4686947],[9.1863456,45.4687547],[9.1861945,45.4687424],[9.1861877,45.4687834],[9.1861692,45.468887],[9.1861422,45.4688851],[9.18614,45.4689053],[9.1861286,45.4689732],[9.1862563,45.4689804],[9.1863773,45.4689872]]]},"properties":{"site":"milan","name":null,"category":"other","historic":null,"building":"apartments","osm_id":44832647}},{"type":"Feature","geometry":{"type":"Polygon","coordinates":[[[9.1869877,45.4684462],[9.1870751,45.4684149],[9.187177,45.4683784],[9.1872536,45.4684896],[9.1872959,45.4686192],[9.1873147,45.4686968],[9.1873203,45.4687829],[9.1871114,45.4688015],[9.1870668,45.4688043],[9.1870668,45.4687889],[9.1870756,45.4686573],[9.1872112,45.4686419],[9.1871607,45.4685237],[9.1870467,45.4685624],[9.1869877,45.4684462]]]},"properties":{"site":"milan","name":null,"category":"other","historic":null,"building":"apartments","osm_id":44832649}},{"type":"Feature","geometry":{"type":"Polygon","coordinates":[[[9.1872959,45.4686192],[9.18741,45.4686048],[9.1874414,45.4685533],[9.1874716,45.4685627],[9.1874999,45.4685033],[9.1875115,45.4684419],[9.1875231,45.4683142],[9.1874467,45.4683161],[9.1873899,45.4683224],[9.1873397,45.4683279],[9.187177,45.4683784],[9.1872536,45.4684896],[9.1872959,45.4686192]]]},"properties":{"site":"milan","name":null,"category":"other","historic":null,"building":"yes","osm_id":44832652}},{"type":"Feature","geometry":{"type":"Polygon","coordinates":[[[9.1871164,45.4689227],[9.1870999,45.4690399],[9.1871917,45.4690446],[9.1872879,45.4690496],[9.1873008,45.4689446],[9.1873026,45.4689342],[9.1872303,45.4689295],[9.1872227,45.4689637],[9.1871582,45.4689602],[9.1871611,45.468923],[9.1871164,45.4689227]]]},"properties":{"site":"milan","name":null,"category":"other","historic":null,"building":"yes","osm_id":44832657}},{"type":"Feature","geometry":{"type":"Polygon","coordinates":[[[9.186392,45.4660509],[9.1864474,45.4659161],[9.1865105,45.4657513],[9.1865291,45.4657516],[9.1865449,45.4657509],[9.1865632,45.4657489],[9.1865824,45.4657466],[9.1866048,45.465743],[9.1866242,45.4657392],[9.1866454,45.465734],[9.1866667,45.4657274],[9.1866879,45.4657201],[9.1867039,45.4657142],[9.1867236,45.4657055],[9.1867476,45.4656925],[9.1867667,45.465682],[9.1867797,45.4656726],[9.1867886,45.4656667],[9.1869843,45.4656672],[9.1880412,45.4656669],[9.188188,45.4658307],[9.1878669,45.4660143],[9.1876683,45.4661279],[9.1876496,45.4661389],[9.1876078,45.4661636],[9.1875757,45.4661755],[9.187533,45.4661912],[9.1865923,45.4660747],[9.1863988,45.4660512],[9.186392,45.4660509]]]},"properties":{"site":"milan","name":"Palazzo del Credito Italiano","category":"other","historic":"building","building":"office","osm_id":44832903}},{"type":"Feature","geometry":{"type":"Polygon","coordinates":[[[9.1887848,45.4681829],[9.1886077,45.4680721],[9.1885674,45.4681145],[9.188485,45.4680755],[9.1885683,45.4680152],[9.188557,45.4680013],[9.1885941,45.4679742],[9.1885988,45.4679773],[9.1886654,45.4679411],[9.188688,45.467931],[9.1887982,45.4680117],[9.18883,45.4679931],[9.1889469,45.4680751],[9.1889255,45.4680897],[9.1887848,45.4681829]]]},"properties":{"site":"milan","name":null,"category":"other","historic":null,"building":"yes","osm_id":44833378}},{"type":"Feature","geometry":{"type":"Polygon","coordinates":[[[9.188485,45.4680755],[9.1884177,45.4680349],[9.1883876,45.4680474],[9.1883645,45.4680608],[9.1884195,45.4681172],[9.1884364,45.4681092],[9.1884452,45.4681187],[9.188568,45.4681725],[9.1884378,45.4682548],[9.188355,45.4682169],[9.1883045,45.4682638],[9.1885491,45.4683569],[9.1885727,45.4683175],[9.1885888,45.4683072],[9.1887848,45.4681829],[9.1886077,45.4680721],[9.1885674,45.4681145],[9.188485,45.4680755]]]},"properties":{"site":"milan","name":null,"category":"other","historic":null,"building":"yes","osm_id":44833385}},{"type":"Feature","geometry":{"type":"Polygon","coordinates":[[[9.1855006,45.4663108],[9.1855099,45.4662707],[9.1855492,45.4662741],[9.1856324,45.4662821],[9.1856532,45.466195],[9.1855676,45.4661883],[9.1855962,45.4660777],[9.1857151,45.4660877],[9.1858839,45.466102],[9.1858463,45.4662118],[9.1857958,45.4662059],[9.1857677,45.4663172],[9.1858132,45.4663243],[9.1857904,45.4663624],[9.1855678,45.4663222],[9.1855006,45.4663108]]]},"properties":{"site":"milan","name":null,"category":"other","historic":null,"building":"apartments","osm_id":44833717}},{"type":"Feature","geometry":{"type":"Polygon","coordinates":[[[9.1838688,45.4666667],[9.1840025,45.4667526],[9.183868,45.4668576],[9.1838387,45.4668805],[9.1838308,45.4668791],[9.1837245,45.4668104],[9.1835476,45.466696],[9.1834995,45.46666],[9.1836584,45.4665353],[9.1837405,45.4665912],[9.1836926,45.4666285],[9.1838152,45.4667105],[9.1838688,45.4666667]]]},"properties":{"site":"milan","name":null,"category":"other","historic":null,"building":"apartments","osm_id":44833894}},{"type":"Feature","geometry":{"type":"Polygon","coordinates":[[[9.1985967,45.4619076],[9.1985952,45.4619313],[9.1985842,45.4619287],[9.1985048,45.4619204],[9.1985026,45.4619321],[9.1983892,45.4619206],[9.1984191,45.4617862],[9.1986041,45.4618043],[9.1986029,45.4618439],[9.1985967,45.4619076]]]},"properties":{"site":"milan","name":null,"category":"other","historic":null,"building":"apartments","osm_id":44897940}},{"type":"Feature","geometry":{"type":"Polygon","coordinates":[[[9.1988801,45.4620068],[9.1988828,45.4620583],[9.1989478,45.4620601],[9.1989487,45.4620906],[9.1988825,45.4620898],[9.1988792,45.4621455],[9.1989963,45.4621486],[9.1991146,45.4621518],[9.1991083,45.4620943],[9.1990711,45.462095],[9.1990721,45.462063],[9.19911,45.4620628],[9.1991169,45.4619345],[9.1990538,45.4619346],[9.1990478,45.4620336],[9.1989558,45.462035],[9.198961,45.461916],[9.1988804,45.4619149],[9.1988801,45.4620068]]]},"properties":{"site":"milan","name":null,"category":"other","historic":null,"building":"apartments","osm_id":44897949}},{"type":"Feature","geometry":{"type":"Polygon","coordinates":[[[9.1994181,45.4598879],[9.1997502,45.4599083],[9.199756,45.4598939],[9.1999302,45.4599043],[9.1999623,45.4600635],[9.1999883,45.460216],[9.199821,45.4602607],[9.1998171,45.4602513],[9.1993744,45.4602231],[9.1994181,45.4598879]]]},"properties":{"site":"milan","name":"Casa del Mutilato","category":"domus","historic":"yes","building":"yes","osm_id":44898731}},{"type":"Feature","geometry":{"type":"Polygon","coordinates":[[[9.198763,45.4598269],[9.1991463,45.4598489],[9.1991432,45.4598667],[9.1993116,45.4598771],[9.1992899,45.4600648],[9.1991167,45.4600593],[9.1991087,45.4601304],[9.1988336,45.4601148],[9.1987789,45.4601127],[9.1987219,45.4601071],[9.198763,45.4598269]]]},"properties":{"site":"milan","name":null,"category":"other","historic":null,"building":"yes","osm_id":44898732}},{"type":"Feature","geometry":{"type":"Polygon","coordinates":[[[9.1999009,45.4607101],[9.1998521,45.4607141],[9.1997624,45.4607242],[9.1997684,45.4607624],[9.1996415,45.4607788],[9.1996134,45.460631],[9.199721,45.4606193],[9.1997013,45.4605191],[9.1995384,45.4605362],[9.1995213,45.4605756],[9.1995585,45.4607392],[9.1995833,45.4608887],[9.1996886,45.4608891],[9.1996946,45.4608891],[9.1999334,45.460867],[9.1999177,45.4607911],[9.1999009,45.4607101]]]},"properties":{"site":"milan","name":null,"category":"other","historic":null,"building":"apartments","osm_id":44898737}},{"type":"Feature","geometry":{"type":"Polygon","coordinates":[[[9.1987925,45.4595869],[9.1990592,45.4596013],[9.1990582,45.4596089],[9.1991495,45.4596115],[9.1992037,45.4596136],[9.1992011,45.459632],[9.199218,45.4596326],[9.1992339,45.4596331],[9.1992734,45.4596365],[9.1992978,45.4596466],[9.1993109,45.4596604],[9.1993175,45.4596778],[9.1993103,45.4597398],[9.1993083,45.4597511],[9.1987717,45.4597249],[9.1987808,45.4596522],[9.198785,45.4595868],[9.1987925,45.4595869]]]},"properties":{"site":"milan","name":"Chiesa dei Santi Barnaba e Paolo","category":"medieval","historic":null,"building":"church","osm_id":44899340}},{"type":"Feature","geometry":{"type":"Polygon","coordinates":[[[9.1992251,45.4579832],[9.1992119,45.4579573],[9.1992173,45.4579282],[9.1991674,45.4579202],[9.1991762,45.4578786],[9.1994882,45.4579141],[9.1994828,45.4579278],[9.1995442,45.4579335],[9.1995461,45.4579256],[9.1996682,45.4579406],[9.1996679,45.4579507],[9.1999622,45.4579868],[9.199962,45.4579761],[9.2000888,45.4579925],[9.200087,45.458003],[9.2001469,45.4580098],[9.2001468,45.458003],[9.2003975,45.4580321],[9.2003968,45.4580386],[9.2004908,45.4580501],[9.2003967,45.4584149],[9.200202,45.4583914],[9.2002119,45.458355],[9.2001684,45.4583499],[9.2002001,45.4582288],[9.2002403,45.4582323],[9.2002717,45.4581143],[9.199857,45.4580621],[9.1998469,45.4581018],[9.1997244,45.4580841],[9.1997319,45.4580445],[9.1995334,45.4580225],[9.1995289,45.4580477],[9.1993079,45.4580218],[9.1993125,45.4579938],[9.1992251,45.4579832]]]},"properties":{"site":"milan","name":"Padiglione Cesarina Riva","category":"other","historic":null,"building":"hospital","osm_id":44899353}},{"type":"Feature","geometry":{"type":"Polygon","coordinates":[[[9.1991279,45.4575033],[9.1991608,45.4575066],[9.1991598,45.4575119],[9.1992721,45.4575185],[9.199254,45.4576455],[9.1993846,45.4576638],[9.1994163,45.4575282],[9.1994457,45.4575283],[9.1995006,45.4575329],[9.1994425,45.4577684],[9.1992668,45.4577483],[9.1990947,45.4577287],[9.1991279,45.4575033]]]},"properties":{"site":"milan","name":null,"category":"other","historic":null,"building":"apartments","osm_id":44962424}},{"type":"Feature","geometry":{"type":"Polygon","coordinates":[[[9.1996751,45.4573223],[9.1996848,45.4572483],[9.1997829,45.4572575],[9.1998012,45.4571909],[9.1996971,45.4571789],[9.1997087,45.4570976],[9.1998358,45.4571092],[9.1998292,45.4571407],[9.1998794,45.4571451],[9.199846,45.4572715],[9.1998365,45.4573035],[9.1997954,45.4573037],[9.1997918,45.4573387],[9.1996751,45.4573223]]]},"properties":{"site":"milan","name":null,"category":"other","historic":null,"building":"yes","osm_id":44962425}},{"type":"Feature","geometry":{"type":"Polygon","coordinates":[[[9.1948904,45.4572239],[9.1949656,45.4571146],[9.1948226,45.4570652],[9.1947422,45.4570382],[9.1947301,45.457061],[9.1946722,45.4571247],[9.1945351,45.4570813],[9.1944958,45.4571079],[9.1948904,45.4572239]]]},"properties":{"site":"milan","name":null,"category":"other","historic":null,"building":"yes","osm_id":44962799}},{"type":"Feature","geometry":{"type":"Polygon","coordinates":[[[9.1957672,45.4569646],[9.1955097,45.4573449],[9.1953983,45.4573078],[9.195377,45.4573362],[9.1952836,45.4573064],[9.1952501,45.4573608],[9.195023,45.4573002],[9.1949245,45.4572636],[9.1949324,45.4572396],[9.1948904,45.4572239],[9.1949656,45.4571146],[9.195029,45.4571331],[9.195001,45.4571662],[9.1950985,45.4571928],[9.1953472,45.4572657],[9.195483,45.4570577],[9.195291,45.4569953],[9.195368,45.4568847],[9.1955997,45.456963],[9.1956295,45.4569206],[9.1957672,45.4569646]]]},"properties":{"site":"milan","name":null,"category":"other","historic":null,"building":"yes","osm_id":44962800}},{"type":"Feature","geometry":{"type":"Polygon","coordinates":[[[9.1951537,45.4568677],[9.1950276,45.456932],[9.1951164,45.4570168],[9.1949656,45.4571146],[9.1948226,45.4570652],[9.1949931,45.4569568],[9.1948817,45.4568722],[9.1949097,45.4568608],[9.194815,45.4567777],[9.1949406,45.4566994],[9.1950278,45.456776],[9.1949693,45.4568099],[9.1950166,45.4568684],[9.1950929,45.4568305],[9.1951537,45.4568677]]]},"properties":{"site":"milan","name":null,"category":"other","historic":null,"building":"yes","osm_id":44962801}},{"type":"Feature","geometry":{"type":"Polygon","coordinates":[[[9.1939482,45.4577479],[9.1939879,45.4577908],[9.1941741,45.4577059],[9.1942787,45.4578276],[9.1940658,45.4579309],[9.1940024,45.4578637],[9.1939518,45.4578849],[9.1938791,45.4579229],[9.1940142,45.458067],[9.1940765,45.4581333],[9.1941424,45.4580918],[9.1941029,45.4580429],[9.1944044,45.4578991],[9.1943654,45.4578554],[9.1944326,45.4578198],[9.1944059,45.4577889],[9.1944176,45.4577767],[9.1942184,45.4575725],[9.1941076,45.4576671],[9.1939482,45.4577479]]]},"properties":{"site":"milan","name":null,"category":"other","historic":null,"building":"apartments","osm_id":44962803}},{"type":"Feature","geometry":{"type":"Polygon","coordinates":[[[9.1947779,45.4580699],[9.1948927,45.4581912],[9.1950621,45.4581124],[9.1949473,45.4579911],[9.1947779,45.4580699]]]},"properties":{"site":"milan","name":null,"category":"other","historic":null,"building":"yes","osm_id":44962804}},{"type":"Feature","geometry":{"type":"Polygon","coordinates":[[[9.193429,45.4584169],[9.1935267,45.4583697],[9.1936511,45.4584954],[9.1937013,45.4585456],[9.1936818,45.4585526],[9.193767,45.4586478],[9.1938131,45.4586275],[9.1938691,45.4586901],[9.1938231,45.4587104],[9.1938267,45.4587144],[9.1935891,45.4588213],[9.1935301,45.4587587],[9.1936768,45.4586895],[9.193544,45.458548],[9.193552,45.4585421],[9.193429,45.4584169]]]},"properties":{"site":"milan","name":"Ex obitorio","category":"other","historic":null,"building":"yes","osm_id":44962919}},{"type":"Feature","geometry":{"type":"Polygon","coordinates":[[[9.1920004,45.4570282],[9.1919603,45.4571372],[9.1920315,45.45715],[9.1920217,45.4571595],[9.1920265,45.4571741],[9.1920423,45.4571816],[9.1920568,45.4571811],[9.192069,45.4571752],[9.1920795,45.4571773],[9.1920736,45.4571977],[9.1921989,45.4572141],[9.1922025,45.457197],[9.1922596,45.4572024],[9.192284,45.4571248],[9.1923004,45.4570727],[9.1923039,45.4570576],[9.192258,45.4570517],[9.1922608,45.4570261],[9.1922108,45.4570198],[9.1921534,45.4570126],[9.192132,45.4570128],[9.1921268,45.4570281],[9.1920967,45.4570253],[9.1920882,45.4570428],[9.1920004,45.4570282]]]},"properties":{"site":"milan","name":"Chiesa di Santa Maria della Visitazione","category":"medieval","historic":null,"building":"church","osm_id":44963109}},{"type":"Feature","geometry":{"type":"Polygon","coordinates":[[[9.1909798,45.4587713],[9.1911019,45.4588761],[9.1913815,45.4587055],[9.1916828,45.4585216],[9.191561,45.4584159],[9.1909798,45.4587713]]]},"properties":{"site":"milan","name":null,"category":"other","historic":null,"building":"apartments","osm_id":44964303}},{"type":"Feature","geometry":{"type":"Polygon","coordinates":[[[9.1903652,45.4590348],[9.1903491,45.4590447],[9.1903918,45.459067],[9.1902994,45.4591418],[9.1903829,45.4591941],[9.1904763,45.4591296],[9.1904584,45.4591162],[9.1905456,45.4590569],[9.1906772,45.4591388],[9.1905517,45.459217],[9.1904097,45.4592893],[9.1903422,45.4592303],[9.1903005,45.4591921],[9.1902192,45.459141],[9.1903292,45.459019],[9.1903652,45.4590348]]]},"properties":{"site":"milan","name":null,"category":"other","historic":null,"building":"yes","osm_id":44964308}},{"type":"Feature","geometry":{"type":"Polygon","coordinates":[[[9.1968398,45.457631],[9.1968513,45.4575551],[9.1968669,45.4574529],[9.1968665,45.457421],[9.1969259,45.4574254],[9.1969523,45.4574106],[9.1969939,45.4574121],[9.1970338,45.4574335],[9.1970957,45.4574394],[9.1970639,45.4576471],[9.1968398,45.457631]]]},"properties":{"site":"milan","name":"Chiesa di San Giuseppe ai Padiglioni","category":"medieval","historic":null,"building":"church","osm_id":45061011}},{"type":"Feature","geometry":{"type":"Polygon","coordinates":[[[9.1965089,45.4572225],[9.1970854,45.4572658],[9.1970719,45.4573541],[9.1967367,45.4573289],[9.1967195,45.4574418],[9.1968669,45.4574529],[9.1968513,45.4575551],[9.1964227,45.4575229],[9.196438,45.4574227],[9.1966483,45.4574385],[9.1966661,45.4573222],[9.1964956,45.4573094],[9.1965089,45.4572225]]]},"properties":{"site":"milan","name":"Polo Scientifico","category":"other","historic":null,"building":"hospital","osm_id":45061014}},{"type":"Feature","geometry":{"type":"Polygon","coordinates":[[[9.1983325,45.4579143],[9.1983192,45.4579977],[9.1984279,45.4580093],[9.198383,45.4583187],[9.19827,45.4583071],[9.1982592,45.4583943],[9.1986685,45.4584238],[9.1986792,45.4583416],[9.1985601,45.4583316],[9.1986107,45.4580237],[9.1987261,45.4580295],[9.1987369,45.4579426],[9.1983325,45.4579143]]]},"properties":{"site":"milan","name":"Padiglione Litta","category":"other","historic":null,"building":"hospital","osm_id":45061015}},{"type":"Feature","geometry":{"type":"Polygon","coordinates":[[[9.195415,45.4582765],[9.1955874,45.4581758],[9.1955712,45.4581612],[9.1960367,45.457889],[9.1960515,45.4579037],[9.1962193,45.4578062],[9.1963184,45.4578852],[9.1960726,45.4580329],[9.1960479,45.4580121],[9.1959742,45.4580537],[9.1961019,45.458162],[9.1961722,45.4581206],[9.1962365,45.4581764],[9.1961429,45.4582314],[9.1961844,45.4582716],[9.1960746,45.4583348],[9.1960299,45.4582978],[9.1959867,45.4583229],[9.1959992,45.4583331],[9.1959455,45.4583657],[9.1959795,45.4583924],[9.1957264,45.458543],[9.1955587,45.4584046],[9.1956736,45.4583349],[9.1957333,45.4583844],[9.1959359,45.4582665],[9.1958937,45.4582295],[9.1959618,45.4581899],[9.1959056,45.4581407],[9.1958368,45.4581792],[9.1958031,45.4581502],[9.1957368,45.4581902],[9.1957677,45.4582165],[9.1955214,45.4583595],[9.195415,45.4582765]]]},"properties":{"site":"milan","name":"Padiglione Sacco","category":"other","historic":null,"building":"hospital","osm_id":45061590}},{"type":"Feature","geometry":{"type":"Polygon","coordinates":[[[9.1780639,45.467439],[9.1781082,45.4674202],[9.178008,45.4672704],[9.1790977,45.4669174],[9.1792987,45.4673516],[9.1787643,45.4675304],[9.1782436,45.4677046],[9.1780639,45.467439]]]},"properties":{"site":"milan","name":"Palazzo Edison","category":"other","historic":null,"building":"office","osm_id":45061640}},{"type":"Feature","geometry":{"type":"Polygon","coordinates":[[[9.1945704,45.4585837],[9.1950915,45.4583466],[9.1949898,45.4582121],[9.1951008,45.4581658],[9.1953645,45.4584199],[9.1948037,45.4586775],[9.1945704,45.4585837]]]},"properties":{"site":"milan","name":"Padiglione Romeo ed Enrica Invernizzi","category":"other","historic":null,"building":"hospital","osm_id":45065857}},{"type":"Feature","geometry":{"type":"Polygon","coordinates":[[[9.1930807,45.4606263],[9.1927212,45.4606833],[9.1927139,45.4606539],[9.1927583,45.4606436],[9.1927398,45.4606027],[9.192853,45.4605733],[9.19287,45.4606138],[9.1929412,45.4605958],[9.1929242,45.4605567],[9.1930467,45.4605261],[9.1930807,45.4606263]]]},"properties":{"site":"milan","name":null,"category":"other","historic":null,"building":"yes","osm_id":45066233}},{"type":"Feature","geometry":{"type":"Polygon","coordinates":[[[9.1941596,45.4609226],[9.1943219,45.4610929],[9.1943959,45.4611733],[9.1942408,45.4611978],[9.1940263,45.4609665],[9.194101,45.4609526],[9.1941596,45.4609226]]]},"properties":{"site":"milan","name":null,"category":"other","historic":null,"building":"apartments","osm_id":45066240}},{"type":"Feature","geometry":{"type":"Polygon","coordinates":[[[9.1917723,45.4607588],[9.191756,45.4607438],[9.1918267,45.4606882],[9.1917496,45.4606342],[9.1918988,45.460598],[9.1918877,45.4605733],[9.1918914,45.4605376],[9.19193,45.4605445],[9.1919971,45.4605616],[9.192001,45.4605829],[9.1920277,45.4606918],[9.1919984,45.4607001],[9.1917723,45.4607588]]]},"properties":{"site":"milan","name":null,"category":"other","historic":null,"building":"yes","osm_id":45066261}},{"type":"Feature","geometry":{"type":"Polygon","coordinates":[[[9.1930402,45.458955],[9.1931852,45.4588782],[9.1930956,45.458796],[9.1930846,45.4588003],[9.1930654,45.4588133],[9.193053,45.4588018],[9.1929295,45.4588703],[9.1930215,45.4589487],[9.193027,45.458945],[9.1930402,45.458955]]]},"properties":{"site":"milan","name":null,"category":"other","historic":null,"building":"yes","osm_id":45066490}},{"type":"Feature","geometry":{"type":"Polygon","coordinates":[[[9.1919944,45.4585486],[9.1920388,45.4585213],[9.1921576,45.4584484],[9.1922261,45.4585015],[9.1922955,45.458555],[9.1922945,45.4585575],[9.1922238,45.458601],[9.1921721,45.4585618],[9.1921259,45.4585865],[9.1921964,45.4586414],[9.1921588,45.4586652],[9.1919944,45.4585486]]]},"properties":{"site":"milan","name":null,"category":"other","historic":null,"building":"apartments","osm_id":45066491}},{"type":"Feature","geometry":{"type":"Polygon","coordinates":[[[9.1948497,45.4587856],[9.1949066,45.4587567],[9.1949209,45.4587662],[9.1950566,45.4587006],[9.1950382,45.4586774],[9.1951222,45.4586412],[9.1952492,45.4587699],[9.1951655,45.4588093],[9.1951515,45.4588],[9.1950087,45.458865],[9.1950199,45.4588736],[9.1949558,45.4589047],[9.1948497,45.4587856]]]},"properties":{"site":"milan","name":"Palazzina Bosisio","category":"other","historic":null,"building":"hospital","osm_id":45066492}},{"type":"Feature","geometry":{"type":"Polygon","coordinates":[[[9.1909989,45.4593312],[9.1910037,45.4593546],[9.190981,45.4593688],[9.1910275,45.4594021],[9.1909844,45.4594289],[9.1908575,45.4595152],[9.1907922,45.459491],[9.1908017,45.4594608],[9.1908871,45.4593671],[9.1909608,45.4593195],[9.1909989,45.4593312]]]},"properties":{"site":"milan","name":null,"category":"other","historic":null,"building":"yes","osm_id":45066907}},{"type":"Feature","geometry":{"type":"Polygon","coordinates":[[[9.1906303,45.4593462],[9.1906897,45.4593896],[9.1908017,45.4594608],[9.1907922,45.459491],[9.1907281,45.4595562],[9.190573,45.4594519],[9.1905174,45.4594129],[9.1906303,45.4593462]]]},"properties":{"site":"milan","name":null,"category":"other","historic":null,"building":"yes","osm_id":45066908}},{"type":"Feature","geometry":{"type":"Polygon","coordinates":[[[9.1916696,45.4590724],[9.1917404,45.4591307],[9.1915792,45.4592321],[9.1917254,45.4593512],[9.1917793,45.4593143],[9.1916815,45.4592351],[9.1918424,45.4591411],[9.1917776,45.4590962],[9.1917165,45.4590478],[9.1916696,45.4590724]]]},"properties":{"site":"milan","name":null,"category":"other","historic":null,"building":"yes","osm_id":45066911}},{"type":"Feature","geometry":{"type":"Polygon","coordinates":[[[9.1916758,45.4589543],[9.191636,45.4589865],[9.1917165,45.4590478],[9.1917776,45.4590962],[9.191807,45.4590744],[9.1917208,45.4590028],[9.1917725,45.4589735],[9.1918321,45.4590031],[9.1918959,45.4589335],[9.191794,45.4588793],[9.1917842,45.4588862],[9.1916758,45.4589543]]]},"properties":{"site":"milan","name":null,"category":"other","historic":null,"building":"yes","osm_id":45066912}},{"type":"Feature","geometry":{"type":"Polygon","coordinates":[[[9.186602,45.461101],[9.1866114,45.4610479],[9.1866205,45.4610037],[9.1866319,45.4609141],[9.1866445,45.4608349],[9.1866516,45.4607896],[9.1866641,45.4607275],[9.186762,45.4607372],[9.1870492,45.4607578],[9.1870358,45.4608577],[9.1872787,45.4608748],[9.1872714,45.460904],[9.1873492,45.4609093],[9.1873959,45.460926],[9.1874172,45.4609497],[9.1874203,45.4609807],[9.1874097,45.4610037],[9.1873737,45.4610261],[9.1873214,45.4610345],[9.1872565,45.461029],[9.1872493,45.4610545],[9.1870085,45.4610374],[9.1869897,45.4611339],[9.1867019,45.4611097],[9.186602,45.461101]]]},"properties":{"site":"milan","name":"Chiesa di Sant'Alessandro","category":"medieval","historic":null,"building":"church","osm_id":45074507}},{"type":"Feature","geometry":{"type":"Polygon","coordinates":[[[9.18712,45.4619779],[9.1870165,45.4620994],[9.1870365,45.4621102],[9.1869998,45.4621572],[9.1869743,45.4621459],[9.1869501,45.4621777],[9.1869687,45.4621921],[9.1869263,45.4622275],[9.1868323,45.4621851],[9.1867903,45.4621653],[9.1867641,45.4621399],[9.1867883,45.4621112],[9.186735,45.4620846],[9.186796,45.4619865],[9.1868088,45.4619898],[9.1868849,45.4618919],[9.1869104,45.461902],[9.1870062,45.4619398],[9.18712,45.4619779]]]},"properties":{"site":"milan","name":null,"category":"other","historic":null,"building":"yes","osm_id":45074514}},{"type":"Feature","geometry":{"type":"Polygon","coordinates":[[[9.1874009,45.4601749],[9.1873417,45.4602661],[9.1873223,45.4603089],[9.1872377,45.4602882],[9.1872498,45.4602567],[9.1871982,45.460243],[9.187168,45.4603075],[9.187217,45.4603201],[9.1871835,45.4604255],[9.1870753,45.4604076],[9.1870962,45.4603546],[9.1871479,45.4602266],[9.1871881,45.460125],[9.1872022,45.4601094],[9.1874009,45.4601749]]]},"properties":{"site":"milan","name":null,"category":"other","historic":null,"building":"apartments","osm_id":45074716}},{"type":"Feature","geometry":{"type":"Polygon","coordinates":[[[9.1866896,45.4606855],[9.1865614,45.460698],[9.1865118,45.4606942],[9.1863736,45.4606835],[9.1863793,45.4605803],[9.1864814,45.4605774],[9.1865097,45.4605192],[9.1865527,45.4605315],[9.1865366,45.4605659],[9.186509,45.4605629],[9.1864999,45.4606137],[9.1865939,45.4606205],[9.1866443,45.4606313],[9.1866593,45.4605641],[9.1865786,45.4605372],[9.1865967,45.4605164],[9.1867356,45.4605385],[9.1867274,45.4605765],[9.1866896,45.4606855]]]},"properties":{"site":"milan","name":null,"category":"other","historic":null,"building":"apartments","osm_id":45074721}},{"type":"Feature","geometry":{"type":"Polygon","coordinates":[[[9.1868536,45.4600271],[9.1871881,45.460125],[9.1871479,45.4602266],[9.1868938,45.4601542],[9.1868569,45.4602341],[9.1869735,45.4602694],[9.186924,45.4603611],[9.1868516,45.4603456],[9.1868173,45.4603865],[9.1868388,45.4603921],[9.1868187,45.4604199],[9.1866975,45.4604048],[9.1866641,45.4603958],[9.186775,45.4601848],[9.1868374,45.4600784],[9.1868288,45.460077],[9.1868536,45.4600271]]]},"properties":{"site":"milan","name":null,"category":"other","historic":null,"building":"apartments","osm_id":45074727}},{"type":"Feature","geometry":{"type":"Polygon","coordinates":[[[9.1818189,45.4668935],[9.1817976,45.4669014],[9.18178,45.4669075],[9.1817735,45.4668995],[9.1816095,45.4669561],[9.1816729,45.4670376],[9.1817351,45.4671174],[9.1818651,45.4670687],[9.1819606,45.4670342],[9.1819518,45.4670242],[9.1819735,45.4670152],[9.1819203,45.466949],[9.1818781,45.4669648],[9.1818042,45.466993],[9.1817792,45.4669597],[9.1818474,45.4669345],[9.1818189,45.4668935]]]},"properties":{"site":"milan","name":null,"category":"other","historic":null,"building":"yes","osm_id":45178076}},{"type":"Feature","geometry":{"type":"Polygon","coordinates":[[[9.1816638,45.4664578],[9.1816871,45.4665059],[9.1817344,45.4666036],[9.1819176,45.4665506],[9.1819062,45.4665243],[9.1818522,45.4665326],[9.1818342,45.4664949],[9.1818964,45.466488],[9.1818798,45.4664389],[9.181861,45.4664413],[9.1818491,45.466415],[9.1816638,45.4664578]]]},"properties":{"site":"milan","name":"Consolato Generale del Sud-Africa","category":"other","historic":null,"building":"office","osm_id":45178077}},{"type":"Feature","geometry":{"type":"Polygon","coordinates":[[[9.1814288,45.4664275],[9.1813953,45.466441],[9.1813232,45.4663575],[9.1812979,45.4663672],[9.1812627,45.466329],[9.1811252,45.4663733],[9.1812215,45.4664813],[9.1813174,45.4665887],[9.1815114,45.4665125],[9.1814288,45.4664275]]]},"properties":{"site":"milan","name":null,"category":"other","historic":null,"building":"apartments","osm_id":45178078}},{"type":"Feature","geometry":{"type":"Polygon","coordinates":[[[9.1823633,45.4670985],[9.1822864,45.4671736],[9.1822206,45.4672438],[9.1822446,45.4672023],[9.18225,45.4671796],[9.1822393,45.4671551],[9.1822191,45.4671372],[9.1821956,45.4671292],[9.1821684,45.4671243],[9.1821312,45.4671314],[9.1821017,45.4671481],[9.1820886,45.4671661],[9.182078,45.4671895],[9.1820672,45.4671803],[9.1820009,45.4671084],[9.1820495,45.4670674],[9.1820819,45.4670528],[9.1821865,45.4670476],[9.1823365,45.4670898],[9.1823633,45.4670985]]]},"properties":{"site":"milan","name":null,"category":"other","historic":null,"building":"yes","osm_id":45178081}},{"type":"Feature","geometry":{"type":"Polygon","coordinates":[[[9.1833224,45.4662964],[9.1831482,45.4662445],[9.1831028,45.4663047],[9.1830617,45.4663187],[9.1829883,45.4662994],[9.1829848,45.4663047],[9.1829529,45.4662963],[9.182962,45.4662633],[9.1829779,45.4662652],[9.1829857,45.4662104],[9.1829435,45.4662039],[9.1829356,45.4662204],[9.1828533,45.4662035],[9.1828383,45.4662421],[9.1827819,45.4662355],[9.1827445,45.4663683],[9.1827339,45.4663668],[9.1827311,45.4663779],[9.1831851,45.4664849],[9.1831924,45.4664823],[9.1833224,45.4662964]]]},"properties":{"site":"milan","name":null,"category":"other","historic":null,"building":"yes","osm_id":45178344}},{"type":"Feature","geometry":{"type":"Polygon","coordinates":[[[9.1872586,45.4652817],[9.1871732,45.4653169],[9.1868614,45.465437],[9.1868678,45.4654635],[9.1868701,45.4654965],[9.1868722,45.4655254],[9.1868712,45.4655557],[9.1873097,45.4655557],[9.1874252,45.4655544],[9.1874246,45.4654669],[9.1874108,45.4654526],[9.1873549,45.465398],[9.1872586,45.4652817]]]},"properties":{"site":"milan","name":"Palazzo Dario Biandrà","category":"other","historic":"building","building":"office","osm_id":45179237}},{"type":"Feature","geometry":{"type":"Polygon","coordinates":[[[9.1884097,45.4630175],[9.188392,45.4630178],[9.1883242,45.4629688],[9.1882698,45.4630104],[9.1882366,45.4629866],[9.1882119,45.4629659],[9.1881558,45.4629292],[9.1881712,45.4629194],[9.1880939,45.4628616],[9.1881604,45.4628155],[9.1883039,45.4628141],[9.1883574,45.4628527],[9.1884108,45.4628889],[9.1884127,45.4629051],[9.1884124,45.462918],[9.1884097,45.4630175]]]},"properties":{"site":"milan","name":null,"category":"other","historic":null,"building":"yes","osm_id":45179345}},{"type":"Feature","geometry":{"type":"Polygon","coordinates":[[[9.181472,45.4651886],[9.1815868,45.465275],[9.1818775,45.4650955],[9.1817617,45.4650069],[9.181472,45.4651886]]]},"properties":{"site":"milan","name":null,"category":"other","historic":null,"building":"apartments","osm_id":45179811}},{"type":"Feature","geometry":{"type":"Polygon","coordinates":[[[9.1822354,45.4655381],[9.1821191,45.465556],[9.1821191,45.4655833],[9.1820403,45.465584],[9.1819843,45.4655782],[9.1820025,45.465549],[9.1819262,45.4655321],[9.1818263,45.4655159],[9.1817807,45.4655763],[9.1818585,45.4656173],[9.1817673,45.4656276],[9.1817558,45.4656722],[9.1819639,45.465676],[9.182042,45.4656801],[9.1822501,45.4656821],[9.1822354,45.4655381]]]},"properties":{"site":"milan","name":null,"category":"other","historic":null,"building":"yes","osm_id":45179812}},{"type":"Feature","geometry":{"type":"Polygon","coordinates":[[[9.1819737,45.4648744],[9.1820251,45.4648411],[9.1822332,45.4647233],[9.1825076,45.4645654],[9.1825833,45.4646354],[9.1826676,45.4647112],[9.182692,45.4647314],[9.1826642,45.4647479],[9.1826176,45.4647755],[9.1825049,45.4646821],[9.1823716,45.4647613],[9.1822857,45.4648122],[9.1823792,45.4648898],[9.1823555,45.4649038],[9.1823039,45.4649418],[9.1822718,45.4649175],[9.1822259,45.4648839],[9.1821596,45.4649315],[9.1821193,45.4649591],[9.1820974,45.4649509],[9.1819737,45.4648744]]]},"properties":{"site":"milan","name":"Palazzo Fagnani Ronzoni","category":"other","historic":null,"building":"apartments","osm_id":45180522}},{"type":"Feature","geometry":{"type":"Polygon","coordinates":[[[9.1860737,45.4641569],[9.1860795,45.4641721],[9.1860718,45.4641853],[9.1859842,45.4642296],[9.185467,45.4644912],[9.1853554,45.4644876],[9.1852413,45.4644836],[9.1847325,45.4641389],[9.1847239,45.4640983],[9.1847592,45.4640616],[9.1847965,45.4640447],[9.1848955,45.464],[9.1854381,45.4637485],[9.1854722,45.4637423],[9.1855169,45.4637564],[9.1858712,45.4640114],[9.1860737,45.4641569]]]},"properties":{"site":"milan","name":"Palazzo della Banca d'Italia","category":"other","historic":"building","building":"office","osm_id":45180606}},{"type":"Feature","geometry":{"type":"Polygon","coordinates":[[[9.1805622,45.4653803],[9.1806168,45.4655174],[9.1805396,45.4655432],[9.1805272,45.4655489],[9.1804236,45.4655607],[9.1803945,45.4653516],[9.1804122,45.4653457],[9.1805049,45.4653782],[9.1805622,45.4653803]]]},"properties":{"site":"milan","name":null,"category":"other","historic":null,"building":"yes","osm_id":45246265}},{"type":"Feature","geometry":{"type":"Polygon","coordinates":[[[9.1806165,45.4650149],[9.1806119,45.4650039],[9.1808298,45.4649057],[9.1810214,45.4649819],[9.1809674,45.4650263],[9.1809422,45.4649996],[9.1809313,45.4650058],[9.1808648,45.4649566],[9.1806867,45.4650455],[9.1806136,45.4650438],[9.1806062,45.4650283],[9.1806165,45.4650149]]]},"properties":{"site":"milan","name":null,"category":"other","historic":null,"building":"yes","osm_id":45246733}},{"type":"Feature","geometry":{"type":"Polygon","coordinates":[[[9.1809408,45.4652479],[9.1809306,45.4652222],[9.1808645,45.4652637],[9.1808246,45.4652071],[9.180838,45.4652043],[9.1808068,45.4651741],[9.1809128,45.4651133],[9.1810127,45.4652042],[9.181099,45.4651657],[9.1809381,45.4650222],[9.1809522,45.4650151],[9.1809674,45.4650263],[9.1809836,45.4650384],[9.1811705,45.4651146],[9.1812799,45.4651819],[9.1810232,45.4653467],[9.1810196,45.4653426],[9.1809408,45.4652479]]]},"properties":{"site":"milan","name":null,"category":"other","historic":null,"building":"yes","osm_id":45246735}},{"type":"Feature","geometry":{"type":"Polygon","coordinates":[[[9.1803195,45.4652336],[9.1803539,45.4655626],[9.1803548,45.4655733],[9.18034,45.4655742],[9.1803144,45.465577],[9.1803049,45.4654783],[9.1802463,45.4654759],[9.1801763,45.465473],[9.180144,45.4654717],[9.1801423,45.465459],[9.1801517,45.4653997],[9.1802137,45.4653936],[9.1801963,45.4652766],[9.1801408,45.4652799],[9.180148,45.4653456],[9.1801131,45.4653447],[9.1801175,45.4654018],[9.1800578,45.4654054],[9.1800525,45.4653554],[9.180082,45.4653508],[9.1800775,45.4652367],[9.1801864,45.4652357],[9.1803195,45.4652336]]]},"properties":{"site":"milan","name":null,"category":"other","historic":null,"building":"apartments","osm_id":45246737}},{"type":"Feature","geometry":{"type":"Polygon","coordinates":[[[9.1791791,45.4643735],[9.1790103,45.4643575],[9.1790219,45.4642899],[9.1789289,45.4642783],[9.178939,45.4642044],[9.1789388,45.4641928],[9.1790613,45.464202],[9.1790809,45.4640834],[9.1791416,45.4640914],[9.1791527,45.4640399],[9.1792443,45.4640468],[9.1791791,45.4643735]]]},"properties":{"site":"milan","name":null,"category":"other","historic":null,"building":"yes","osm_id":45247409}},{"type":"Feature","geometry":{"type":"Polygon","coordinates":[[[9.1789352,45.4645211],[9.1789173,45.4646136],[9.1788293,45.4646073],[9.178869,45.4643538],[9.1789151,45.4643563],[9.1789596,45.4643664],[9.1789531,45.4643954],[9.1789469,45.4644476],[9.1789412,45.4644833],[9.1789352,45.4645211]]]},"properties":{"site":"milan","name":null,"category":"other","historic":null,"building":"yes","osm_id":45247412}},{"type":"Feature","geometry":{"type":"Polygon","coordinates":[[[9.1783302,45.4645683],[9.178445,45.4645754],[9.1784369,45.4646122],[9.1784503,45.4646326],[9.1785912,45.4646456],[9.1785825,45.4647025],[9.1783011,45.4646818],[9.1783302,45.4645683]]]},"properties":{"site":"milan","name":null,"category":"other","historic":null,"building":"apartments","osm_id":45247414}},{"type":"Feature","geometry":{"type":"Polygon","coordinates":[[[9.1789352,45.4645211],[9.1790271,45.464534],[9.1790078,45.4646389],[9.1789129,45.464631],[9.1788965,45.4647251],[9.1791012,45.4647383],[9.1791527,45.4647084],[9.1791856,45.4645018],[9.1789412,45.4644833],[9.1789352,45.4645211]]]},"properties":{"site":"milan","name":null,"category":"other","historic":null,"building":"apartments","osm_id":45247415}},{"type":"Feature","geometry":{"type":"Polygon","coordinates":[[[9.1789531,45.4643954],[9.1790601,45.4644017],[9.1790511,45.4644554],[9.1789469,45.4644476],[9.1789412,45.4644833],[9.1791856,45.4645018],[9.1792024,45.4643748],[9.1791791,45.4643735],[9.1790103,45.4643575],[9.1789592,45.4643538],[9.1789596,45.4643664],[9.1789531,45.4643954]]]},"properties":{"site":"milan","name":null,"category":"other","historic":null,"building":"apartments","osm_id":45247416}},{"type":"Feature","geometry":{"type":"Polygon","coordinates":[[[9.1819913,45.46407],[9.1821212,45.464098],[9.1821049,45.464154],[9.1821503,45.4641624],[9.1821443,45.4641894],[9.1820184,45.4642984],[9.1819457,45.4642804],[9.1819602,45.4641513],[9.1819913,45.46407]]]},"properties":{"site":"milan","name":null,"category":"other","historic":null,"building":"yes","osm_id":45247603}},{"type":"Feature","geometry":{"type":"Polygon","coordinates":[[[9.1826786,45.4637355],[9.1827116,45.4636955],[9.1827383,45.4637037],[9.1828097,45.4637255],[9.1828275,45.4637036],[9.1829509,45.4637384],[9.1829389,45.4637619],[9.1829953,45.4637775],[9.1829806,45.4637969],[9.1830495,45.4638272],[9.1830056,45.4638541],[9.1828339,45.4638115],[9.1827874,45.4638836],[9.1829161,45.4639467],[9.1829047,45.4639637],[9.182841,45.4640391],[9.1827873,45.4640177],[9.1827739,45.464037],[9.1826814,45.4639881],[9.1827109,45.4639585],[9.1825538,45.4638967],[9.182642,45.4637816],[9.1827359,45.4638154],[9.1827535,45.4637828],[9.182766,45.4637619],[9.1826786,45.4637355]]]},"properties":{"site":"milan","name":null,"category":"other","historic":null,"building":"yes","osm_id":45247607}},{"type":"Feature","geometry":{"type":"Polygon","coordinates":[[[9.1827644,45.4636847],[9.1828054,45.4636159],[9.1828492,45.4635472],[9.1828997,45.463561],[9.1829204,45.463533],[9.1829722,45.463513],[9.1830501,45.4635422],[9.1830646,45.4635478],[9.183166,45.4635809],[9.1831763,45.4635978],[9.1832479,45.4636202],[9.183224,45.4636586],[9.1831665,45.4636435],[9.1831447,45.4636812],[9.1831649,45.4637023],[9.1832024,45.463711],[9.18318,45.4637371],[9.1831541,45.4637403],[9.1831157,45.463748],[9.1829744,45.4637073],[9.1829509,45.4637384],[9.1828275,45.4637036],[9.1827644,45.4636847]]]},"properties":{"site":"milan","name":"Chiesa di Santa Maria del Podone","category":"medieval","historic":null,"building":"church","osm_id":45247611}},{"type":"Feature","geometry":{"type":"Polygon","coordinates":[[[9.182029,45.4643706],[9.182125,45.4644283],[9.1822951,45.4642891],[9.1821991,45.4642314],[9.182029,45.4643706]]]},"properties":{"site":"milan","name":null,"category":"other","historic":null,"building":"roof","osm_id":45247613}},{"type":"Feature","geometry":{"type":"Polygon","coordinates":[[[9.182201,45.4646757],[9.1821174,45.4646371],[9.1821322,45.4646249],[9.181948,45.464539],[9.1819525,45.4644504],[9.1820878,45.4645048],[9.182056,45.4645364],[9.1821236,45.4645743],[9.1821829,45.4645322],[9.1822046,45.4645271],[9.182311,45.4646095],[9.182201,45.4646757]]]},"properties":{"site":"milan","name":null,"category":"other","historic":null,"building":"yes","osm_id":45247615}},{"type":"Feature","geometry":{"type":"Polygon","coordinates":[[[9.1798336,45.4661203],[9.1798517,45.4661731],[9.1797539,45.4661816],[9.1796567,45.4661945],[9.1796445,45.4661368],[9.1796158,45.4660127],[9.1795917,45.4657764],[9.179664,45.4657674],[9.1797317,45.4657587],[9.1797327,45.4657749],[9.1797539,45.4658881],[9.1796772,45.4658951],[9.1796894,45.4659667],[9.1797865,45.4659597],[9.1798035,45.4660591],[9.1796716,45.466073],[9.1796864,45.4661349],[9.1798336,45.4661203]]]},"properties":{"site":"milan","name":null,"category":"other","historic":null,"building":"apartments","osm_id":45248187}},{"type":"Feature","geometry":{"type":"Polygon","coordinates":[[[9.1789204,45.4658361],[9.1789554,45.4659636],[9.1789298,45.4659676],[9.1789572,45.4660278],[9.1789846,45.4660238],[9.1789929,45.4660379],[9.1790737,45.466027],[9.1790867,45.466016],[9.1791236,45.466119],[9.1791552,45.4662319],[9.1790932,45.4662486],[9.179113,45.4663322],[9.17899,45.4663707],[9.1789179,45.4662327],[9.1790379,45.4662021],[9.1790136,45.4661203],[9.1788657,45.4661425],[9.1788352,45.4660493],[9.1788743,45.4660383],[9.1788284,45.4659043],[9.1786573,45.4659391],[9.1786277,45.4658441],[9.1789204,45.4658361]]]},"properties":{"site":"milan","name":null,"category":"other","historic":null,"building":"yes","osm_id":45248220}},{"type":"Feature","geometry":{"type":"Polygon","coordinates":[[[9.1790867,45.466016],[9.1792946,45.4659896],[9.1793407,45.4662279],[9.1792505,45.4662415],[9.1792481,45.4662167],[9.179236,45.4661607],[9.1792077,45.4661638],[9.179199,45.4661061],[9.1791236,45.466119],[9.1790867,45.466016]]]},"properties":{"site":"milan","name":null,"category":"other","historic":null,"building":"yes","osm_id":45248221}},{"type":"Feature","geometry":{"type":"Polygon","coordinates":[[[9.1775469,45.4631348],[9.1776434,45.4631781],[9.1776716,45.4631609],[9.1777856,45.4632175],[9.1777651,45.4632398],[9.177855,45.4632809],[9.1779483,45.463186],[9.1778391,45.4631337],[9.1779413,45.4630321],[9.1780998,45.4631084],[9.1780817,45.4631288],[9.178247,45.4632121],[9.1781278,45.4633349],[9.1779858,45.4632659],[9.1779299,45.463316],[9.1779766,45.4633438],[9.1778674,45.4634502],[9.177701,45.4633701],[9.1777134,45.463358],[9.1776756,45.4633392],[9.1774482,45.4632267],[9.1775469,45.4631348]]]},"properties":{"site":"milan","name":null,"category":"other","historic":null,"building":"apartments","osm_id":45249007}},{"type":"Feature","geometry":{"type":"Polygon","coordinates":[[[9.1877905,45.4628889],[9.1877454,45.4628738],[9.1877386,45.462884],[9.1876681,45.4628604],[9.1875942,45.4628357],[9.1876013,45.4628257],[9.1875591,45.4628117],[9.1875873,45.4627861],[9.1875329,45.4627552],[9.187528,45.4627524],[9.1875456,45.4627252],[9.1875276,45.4626889],[9.1875185,45.4627006],[9.1874825,45.4626863],[9.1874524,45.4627119],[9.1874226,45.4626956],[9.1874508,45.4626704],[9.1874032,45.462643],[9.1874454,45.4625951],[9.1874269,45.4625881],[9.1874763,45.4625324],[9.1875586,45.4625604],[9.1875549,45.4625654],[9.1875418,45.4625831],[9.187588,45.4626],[9.1876003,45.4625819],[9.1876434,45.4625177],[9.1880564,45.462654],[9.1880457,45.4626703],[9.1880604,45.4626694],[9.188077,45.4626702],[9.1880927,45.4626738],[9.1881068,45.4626791],[9.1881193,45.4626876],[9.1881288,45.4626972],[9.1881345,45.4627078],[9.1881366,45.4627194],[9.1881355,45.462731],[9.1881312,45.4627431],[9.1881235,45.4627522],[9.1881116,45.4627616],[9.1880995,45.462768],[9.1880862,45.4627721],[9.1880711,45.4627745],[9.1880567,45.462775],[9.188042,45.4627733],[9.1880273,45.462769],[9.1879967,45.4627487],[9.18798,45.4627376],[9.1879336,45.4627746],[9.1878821,45.4627558],[9.1878225,45.4628353],[9.1878419,45.4628478],[9.1877905,45.4628889]]]},"properties":{"site":"milan","name":"Santa Maria presso San Satiro","category":"medieval","historic":null,"building":"church","osm_id":45671470}},{"type":"Feature","geometry":{"type":"Polygon","coordinates":[[[9.1861143,45.4623195],[9.1860853,45.4622959],[9.1860317,45.4622984],[9.1859798,45.4622886],[9.1859352,45.4622674],[9.1859029,45.4622373],[9.1858864,45.4622014],[9.1858866,45.4621917],[9.1858873,45.4621637],[9.1859057,45.4621283],[9.1859395,45.4620989],[9.185985,45.4620789],[9.1860025,45.462076],[9.1860374,45.4620703],[9.1860907,45.4620741],[9.1861394,45.4620899],[9.1861783,45.4621159],[9.1862029,45.4621493],[9.1862109,45.4621865],[9.1862011,45.4622235],[9.1861918,45.4622351],[9.1863068,45.462331],[9.1862814,45.4623457],[9.1862013,45.4623922],[9.186196,45.4623874],[9.1860355,45.4624795],[9.1859471,45.4624183],[9.1861143,45.4623195]]]},"properties":{"site":"milan","name":"Civico Tempio di San Sebastiano","category":"temple","historic":null,"building":"church","osm_id":45672228}},{"type":"Feature","geometry":{"type":"Polygon","coordinates":[[[9.1857622,45.462987],[9.1859234,45.4628602],[9.1859734,45.4629015],[9.1858979,45.4629567],[9.1859587,45.4629972],[9.1860176,45.4629593],[9.1860677,45.4629977],[9.1860177,45.4630312],[9.1860685,45.4630646],[9.1859906,45.4631199],[9.1859753,45.4631302],[9.1859653,45.4631248],[9.1858169,45.463025],[9.1857622,45.462987]]]},"properties":{"site":"milan","name":null,"category":"other","historic":null,"building":"yes","osm_id":45672241}},{"type":"Feature","geometry":{"type":"Polygon","coordinates":[[[9.1872344,45.4630175],[9.1872477,45.4630093],[9.1872578,45.4630227],[9.187329,45.4630951],[9.1872153,45.46316],[9.1871504,45.4632072],[9.1871203,45.4631912],[9.18706,45.4632375],[9.1870161,45.4632081],[9.18694,45.4632635],[9.1868072,45.46318],[9.1869111,45.4631084],[9.1869847,45.4631587],[9.1870428,45.4631083],[9.187134,45.4631556],[9.1871909,45.4631176],[9.1871409,45.463072],[9.1872344,45.4630175]]]},"properties":{"site":"milan","name":null,"category":"other","historic":null,"building":"apartments","osm_id":45672243}},{"type":"Feature","geometry":{"type":"Polygon","coordinates":[[[9.1862111,45.4632072],[9.1862744,45.4632545],[9.1863316,45.4632225],[9.1863774,45.463261],[9.1862922,45.463314],[9.1863581,45.4633618],[9.186437,45.4633117],[9.1864671,45.4633327],[9.1864343,45.463357],[9.1863142,45.4634334],[9.1862419,45.4633792],[9.1861678,45.4633252],[9.1860048,45.4631911],[9.1860988,45.4631267],[9.1861515,45.4631725],[9.1861137,45.4631969],[9.1861551,45.4632264],[9.186197,45.4631984],[9.1862111,45.4632072]]]},"properties":{"site":"milan","name":null,"category":"other","historic":null,"building":"yes","osm_id":45672245}},{"type":"Feature","geometry":{"type":"Polygon","coordinates":[[[9.1883069,45.4575905],[9.1889146,45.4575535],[9.1888979,45.4574087],[9.1888991,45.4573914],[9.1882847,45.4574313],[9.1882942,45.4574992],[9.1883069,45.4575905]]]},"properties":{"site":"milan","name":"Basilica di Sant’Eufemia","category":"basilica","historic":null,"building":"basilica","osm_id":45735798}},{"type":"Feature","geometry":{"type":"Polygon","coordinates":[[[9.1892297,45.4574298],[9.1894325,45.4574568],[9.1895047,45.4574664],[9.1894972,45.457476],[9.1894662,45.4575682],[9.1893449,45.4575485],[9.1893086,45.4576535],[9.1891954,45.4576367],[9.1892128,45.4575341],[9.1892297,45.4574298]]]},"properties":{"site":"milan","name":null,"category":"other","historic":null,"building":"apartments","osm_id":45735800}},{"type":"Feature","geometry":{"type":"Polygon","coordinates":[[[9.1834513,45.4569904],[9.1834914,45.4570907],[9.1833014,45.4571252],[9.1833235,45.4572729],[9.1835059,45.4572665],[9.1835185,45.4573717],[9.1833335,45.4573805],[9.1833379,45.457404],[9.1831942,45.4574147],[9.1831832,45.4573077],[9.1831707,45.4571863],[9.1831584,45.457066],[9.1834513,45.4569904]]]},"properties":{"site":"milan","name":null,"category":"other","historic":null,"building":"apartments","osm_id":45743395}},{"type":"Feature","geometry":{"type":"Polygon","coordinates":[[[9.1848024,45.4580127],[9.1846084,45.4580214],[9.1846036,45.4579569],[9.1846001,45.457926],[9.1844461,45.4579387],[9.18445,45.4579499],[9.1844499,45.4579618],[9.1844409,45.4579657],[9.1844557,45.4581317],[9.1846949,45.4581256],[9.184773,45.4581176],[9.184851,45.4581054],[9.1848024,45.4580127]]]},"properties":{"site":"milan","name":null,"category":"other","historic":null,"building":"apartments","osm_id":45744010}},{"type":"Feature","geometry":{"type":"Polygon","coordinates":[[[9.185057,45.4571881],[9.1850846,45.4571855],[9.1851687,45.4571775],[9.185232,45.4574455],[9.1851101,45.4574583],[9.1850889,45.4574004],[9.1851723,45.4573942],[9.1851618,45.4573156],[9.1850776,45.4573208],[9.185057,45.4571881]]]},"properties":{"site":"milan","name":null,"category":"other","historic":null,"building":"apartments","osm_id":45744028}},{"type":"Feature","geometry":{"type":"Polygon","coordinates":[[[9.185415,45.4583139],[9.1855456,45.4582484],[9.1853653,45.4580572],[9.1852291,45.4581212],[9.185415,45.4583139]]]},"properties":{"site":"milan","name":null,"category":"other","historic":null,"building":"apartments","osm_id":45744032}},{"type":"Feature","geometry":{"type":"Polygon","coordinates":[[[9.1845042,45.4584949],[9.1846327,45.4584541],[9.1846175,45.4583421],[9.1847425,45.4583229],[9.1847786,45.4583547],[9.1848175,45.4583359],[9.1847883,45.4583078],[9.1847879,45.4582248],[9.1844771,45.4582461],[9.1845042,45.4584949]]]},"properties":{"site":"milan","name":null,"category":"other","historic":null,"building":"apartments","osm_id":45744034}},{"type":"Feature","geometry":{"type":"Polygon","coordinates":[[[9.1848442,45.4583281],[9.1848175,45.4583359],[9.1847883,45.4583078],[9.1847879,45.4582248],[9.1848732,45.4582198],[9.1850161,45.4581744],[9.1851439,45.4583094],[9.1852342,45.4582647],[9.1853302,45.4583528],[9.1850154,45.458501],[9.1849669,45.4584528],[9.1850682,45.4584016],[9.1849563,45.4582858],[9.1848283,45.4583121],[9.1848442,45.4583281]]]},"properties":{"site":"milan","name":null,"category":"other","historic":null,"building":"apartments","osm_id":45744035}},{"type":"Feature","geometry":{"type":"Polygon","coordinates":[[[9.1814038,45.457824],[9.1813707,45.4576703],[9.1817153,45.4575597],[9.1817605,45.4577056],[9.1817639,45.4577128],[9.1817218,45.457721],[9.1817087,45.4576777],[9.1814387,45.4577617],[9.1814533,45.4578123],[9.1814038,45.457824]]]},"properties":{"site":"milan","name":null,"category":"other","historic":null,"building":"yes","osm_id":45744300}},{"type":"Feature","geometry":{"type":"Polygon","coordinates":[[[9.181371,45.4580477],[9.181366,45.4579275],[9.1814037,45.4579234],[9.1817879,45.4579053],[9.1818,45.4580182],[9.181711,45.4580229],[9.1817112,45.4580315],[9.1816765,45.4580332],[9.1815968,45.458037],[9.181494,45.4580418],[9.1814066,45.458046],[9.181371,45.4580477]]]},"properties":{"site":"milan","name":null,"category":"other","historic":null,"building":"yes","osm_id":45744301}},{"type":"Feature","geometry":{"type":"Polygon","coordinates":[[[9.1814073,45.4583775],[9.1814415,45.4583759],[9.1815303,45.4583717],[9.1816281,45.4583671],[9.1817084,45.4583634],[9.1817393,45.4583619],[9.1817398,45.4583796],[9.1818374,45.4583746],[9.1818462,45.4584977],[9.181421,45.4585167],[9.1814187,45.4584809],[9.1814073,45.4583775]]]},"properties":{"site":"milan","name":null,"category":"other","historic":null,"building":"yes","osm_id":45744302}},{"type":"Feature","geometry":{"type":"Polygon","coordinates":[[[9.1813873,45.4588817],[9.1813941,45.4589362],[9.1814638,45.4589292],[9.1814611,45.4589098],[9.1815827,45.4588988],[9.1816044,45.4590145],[9.1815201,45.4590218],[9.1814358,45.4590291],[9.1812672,45.4590437],[9.1812644,45.4590181],[9.1812503,45.4588896],[9.1813873,45.4588817]]]},"properties":{"site":"milan","name":null,"category":"other","historic":null,"building":"yes","osm_id":45745003}},{"type":"Feature","geometry":{"type":"Polygon","coordinates":[[[9.1812503,45.4588896],[9.1812291,45.4586965],[9.1815042,45.458682],[9.1815643,45.4586788],[9.1815787,45.458795],[9.1814506,45.458803],[9.1814491,45.4587902],[9.1813997,45.458793],[9.1814097,45.4588804],[9.1813873,45.4588817],[9.1812503,45.4588896]]]},"properties":{"site":"milan","name":null,"category":"other","historic":null,"building":"yes","osm_id":45745004}},{"type":"Feature","geometry":{"type":"Polygon","coordinates":[[[9.181832,45.4595757],[9.1818303,45.4595316],[9.1816249,45.459524],[9.1816083,45.4594197],[9.181736,45.4594213],[9.1817575,45.4594],[9.18177,45.4592247],[9.1817395,45.4592055],[9.18152,45.4592211],[9.181515,45.4591835],[9.1814395,45.4591937],[9.1814252,45.4591278],[9.1814775,45.4591221],[9.181719,45.4591029],[9.1818339,45.4590929],[9.1818725,45.459101],[9.1818998,45.4591169],[9.1819129,45.4591356],[9.181911,45.459195],[9.1818962,45.459576],[9.181832,45.4595757]]]},"properties":{"site":"milan","name":null,"category":"other","historic":null,"building":"apartments","osm_id":45745674}},{"type":"Feature","geometry":{"type":"Polygon","coordinates":[[[9.1780881,45.4606601],[9.1780998,45.4606406],[9.1778849,45.4605968],[9.177933,45.4604763],[9.1783579,45.4605657],[9.1783202,45.4606644],[9.17828,45.4606544],[9.1782625,45.4606967],[9.1780881,45.4606601]]]},"properties":{"site":"milan","name":null,"category":"other","historic":null,"building":"apartments","osm_id":45777399}},{"type":"Feature","geometry":{"type":"Polygon","coordinates":[[[9.1795401,45.4608217],[9.17953,45.4609249],[9.1795225,45.4610016],[9.1794541,45.4609972],[9.1794389,45.4610675],[9.1793641,45.4610657],[9.1793621,45.4609424],[9.1793435,45.4609431],[9.1793484,45.4609132],[9.1793724,45.4609137],[9.1793831,45.4608301],[9.179468,45.4608331],[9.1794686,45.4608197],[9.1795401,45.4608217]]]},"properties":{"site":"milan","name":null,"category":"other","historic":null,"building":"apartments","osm_id":45777407}},{"type":"Feature","geometry":{"type":"Polygon","coordinates":[[[9.1793354,45.4612067],[9.1794815,45.4612181],[9.1794607,45.4613107],[9.1796086,45.4613257],[9.1796054,45.4613422],[9.1796615,45.461349],[9.1796807,45.4612375],[9.1798298,45.4612536],[9.1798197,45.4613297],[9.1798192,45.461333],[9.179824,45.4613333],[9.1798134,45.4613979],[9.1795292,45.4613738],[9.1793037,45.4613513],[9.1793354,45.4612067]]]},"properties":{"site":"milan","name":null,"category":"other","historic":null,"building":"apartments","osm_id":45777412}},{"type":"Feature","geometry":{"type":"Polygon","coordinates":[[[9.1793779,45.4629519],[9.1793283,45.4630615],[9.1792281,45.4630369],[9.179255,45.4629812],[9.1791095,45.4629466],[9.1790826,45.4630024],[9.1790749,45.4630236],[9.1788642,45.4630062],[9.1789708,45.4627689],[9.1793126,45.4628421],[9.1793354,45.4627915],[9.1791434,45.4627536],[9.1791551,45.462692],[9.1791699,45.4626281],[9.1793221,45.4626456],[9.1793617,45.4626502],[9.1793519,45.4626797],[9.179455,45.4626939],[9.1794687,45.4626773],[9.1795619,45.4626976],[9.1794816,45.4628506],[9.1794265,45.4629557],[9.1793779,45.4629519]]]},"properties":{"site":"milan","name":"Palazzo Stanga","category":"other","historic":"castle","building":"yes","osm_id":45777418}},{"type":"Feature","geometry":{"type":"Polygon","coordinates":[[[9.1786547,45.461304],[9.1786323,45.4613703],[9.1788584,45.4614079],[9.1788808,45.4613417],[9.1786547,45.461304]]]},"properties":{"site":"milan","name":null,"category":"other","historic":null,"building":"yes","osm_id":45777422}},{"type":"Feature","geometry":{"type":"Polygon","coordinates":[[[9.1783832,45.4619123],[9.1783913,45.4619035],[9.1784861,45.4619463],[9.1785161,45.4619617],[9.1781889,45.4623119],[9.1782203,45.462328],[9.1781129,45.4624414],[9.1779613,45.4623716],[9.1783832,45.4619123]]]},"properties":{"site":"milan","name":"Domus Nostra","category":"domus","historic":null,"building":"university","osm_id":45777424}},{"type":"Feature","geometry":{"type":"Polygon","coordinates":[[[9.1789548,45.4635017],[9.1791325,45.4635153],[9.179161,45.4633248],[9.178994,45.4633131],[9.1789587,45.4633089],[9.1789711,45.4632531],[9.1793257,45.46329],[9.1793073,45.4634231],[9.1792891,45.4635434],[9.1793242,45.4635452],[9.1793163,45.4635869],[9.1789385,45.4635432],[9.1789548,45.4635017]]]},"properties":{"site":"milan","name":null,"category":"other","historic":null,"building":"apartments","osm_id":45777637}},{"type":"Feature","geometry":{"type":"Polygon","coordinates":[[[9.179941,45.4640661],[9.1796155,45.4640338],[9.1796214,45.4640103],[9.1796239,45.4639812],[9.1796713,45.4639831],[9.1796832,45.4639242],[9.1796894,45.4638886],[9.1797458,45.4638913],[9.1797347,45.4639479],[9.1798697,45.46396],[9.1798806,45.4638957],[9.1799446,45.4638923],[9.1799725,45.4638801],[9.1799607,45.4639487],[9.1799329,45.463945],[9.1799234,45.4640088],[9.1799519,45.4640097],[9.179941,45.4640661]]]},"properties":{"site":"milan","name":null,"category":"other","historic":null,"building":"apartments","osm_id":45777652}},{"type":"Feature","geometry":{"type":"Polygon","coordinates":[[[9.1796963,45.4603823],[9.1796477,45.4605094],[9.1796222,45.4605762],[9.1795798,45.460689],[9.179444,45.4606723],[9.1794897,45.4605646],[9.179507,45.4605309],[9.1795947,45.4605514],[9.1796077,45.4605116],[9.1795254,45.4604953],[9.1794974,45.4604903],[9.1795018,45.4604796],[9.1794239,45.4604661],[9.1795007,45.4603654],[9.1795368,45.4603693],[9.1796413,45.4603887],[9.1796481,45.4603723],[9.1796963,45.4603823]]]},"properties":{"site":"milan","name":null,"category":"other","historic":null,"building":"apartments","osm_id":46007809}},{"type":"Feature","geometry":{"type":"Polygon","coordinates":[[[9.1799109,45.4601777],[9.179908,45.4601872],[9.1800599,45.4602319],[9.1801177,45.4601357],[9.1799653,45.4600872],[9.1799109,45.4601777]]]},"properties":{"site":"milan","name":null,"category":"other","historic":null,"building":"yes","osm_id":46007818}},{"type":"Feature","geometry":{"type":"Polygon","coordinates":[[[9.1802943,45.4609591],[9.1804076,45.4609882],[9.1804335,45.4609421],[9.1804383,45.4608569],[9.1804854,45.4608402],[9.1804116,45.460727],[9.1803356,45.4606451],[9.1802387,45.460681],[9.180261,45.4607168],[9.1802962,45.4608013],[9.1803556,45.4607911],[9.1803852,45.4609188],[9.1803369,45.4609116],[9.1802931,45.4609034],[9.1802943,45.4609591]]]},"properties":{"site":"milan","name":null,"category":"other","historic":null,"building":"apartments","osm_id":46007825}},{"type":"Feature","geometry":{"type":"Polygon","coordinates":[[[9.1802982,45.461051],[9.1802229,45.4610539],[9.1802296,45.4610876],[9.1803021,45.4610868],[9.1803048,45.4611193],[9.1803972,45.4611273],[9.1803929,45.4611985],[9.1802626,45.4611997],[9.1802339,45.4611649],[9.1801552,45.4612031],[9.1802009,45.4613389],[9.180432,45.461413],[9.1803923,45.4615228],[9.1799855,45.4613962],[9.1799545,45.4613079],[9.1799244,45.4612221],[9.1800556,45.4612034],[9.180067,45.4610567],[9.1801627,45.4610541],[9.180153,45.4609978],[9.1801863,45.4609881],[9.1802136,45.4609882],[9.1802141,45.4610058],[9.1803001,45.4610026],[9.1802982,45.461051]]]},"properties":{"site":"milan","name":null,"category":"other","historic":null,"building":"apartments","osm_id":46007828}},{"type":"Feature","geometry":{"type":"Polygon","coordinates":[[[9.1812922,45.4606869],[9.1813943,45.4607546],[9.1813799,45.4607718],[9.1815024,45.4607822],[9.181494,45.4608356],[9.1814187,45.4608274],[9.1814024,45.4609408],[9.1814773,45.4609449],[9.1814694,45.4610014],[9.1814689,45.4610094],[9.1812782,45.460983],[9.1812889,45.4609054],[9.1812754,45.4609032],[9.1812143,45.4609618],[9.1811826,45.4609917],[9.1811556,45.46098],[9.181024,45.4608868],[9.1810407,45.4608746],[9.1812558,45.4607173],[9.1812922,45.4606869]]]},"properties":{"site":"milan","name":null,"category":"other","historic":null,"building":"apartments","osm_id":46010826}},{"type":"Feature","geometry":{"type":"Polygon","coordinates":[[[9.1812462,45.4614335],[9.1811763,45.4614322],[9.1811747,45.4614624],[9.1810763,45.4614615],[9.1810648,45.4615326],[9.1812381,45.4615388],[9.1812441,45.4614602],[9.1812462,45.4614335]]]},"properties":{"site":"milan","name":null,"category":"other","historic":null,"building":"yes","osm_id":46010828}},{"type":"Feature","geometry":{"type":"Polygon","coordinates":[[[9.181551,45.4610078],[9.1815699,45.4610302],[9.1815697,45.4610412],[9.1816576,45.4610495],[9.181658,45.4610386],[9.1816908,45.4610138],[9.1816921,45.4610058],[9.1817608,45.4610108],[9.1817796,45.4608927],[9.1817157,45.4608877],[9.1816942,45.4608565],[9.1816731,45.4608552],[9.1816741,45.4608364],[9.1816569,45.4608268],[9.1816257,45.4608268],[9.1816133,45.460834],[9.1816143,45.4608515],[9.1816012,45.4608506],[9.1815759,45.4608733],[9.181551,45.4610078]]]},"properties":{"site":"milan","name":"Ex chiesa di San Sisto","category":"medieval","historic":null,"building":"church","osm_id":46010834}},{"type":"Feature","geometry":{"type":"Polygon","coordinates":[[[9.1815479,45.461243],[9.1816631,45.461243],[9.1816631,45.4611466],[9.1816044,45.4611466],[9.1815479,45.4611466],[9.1815479,45.461243]]]},"properties":{"site":"milan","name":null,"category":"other","historic":null,"building":"yes","osm_id":46010836}},{"type":"Feature","geometry":{"type":"Polygon","coordinates":[[[9.1832138,45.4609739],[9.1832944,45.4610495],[9.183364,45.4611148],[9.18302,45.4612601],[9.1829696,45.4611949],[9.1828864,45.4610905],[9.1829114,45.4610901],[9.1829384,45.4611217],[9.1830147,45.4610924],[9.1831034,45.4610588],[9.1832138,45.4609739]]]},"properties":{"site":"milan","name":null,"category":"other","historic":null,"building":"apartments","osm_id":46015876}},{"type":"Feature","geometry":{"type":"Polygon","coordinates":[[[9.1834004,45.4621206],[9.1834753,45.4620901],[9.1835179,45.4620678],[9.183475,45.4620197],[9.1835159,45.4619978],[9.1834884,45.4619686],[9.1835793,45.4619219],[9.1836572,45.4619923],[9.1837239,45.4619595],[9.1836433,45.4618893],[9.1836095,45.4618448],[9.1835638,45.4618099],[9.1835366,45.461826],[9.1834517,45.4618803],[9.183391,45.4618234],[9.1832917,45.4618717],[9.1832092,45.46192],[9.1834004,45.4621206]]]},"properties":{"site":"milan","name":null,"category":"other","historic":null,"building":"yes","osm_id":46015902}},{"type":"Feature","geometry":{"type":"Polygon","coordinates":[[[9.1806196,45.4573423],[9.1806269,45.4572638],[9.1806972,45.4572598],[9.1808386,45.4572447],[9.1808433,45.4573081],[9.1807729,45.4573189],[9.1806576,45.4573424],[9.1806372,45.4573423],[9.1806196,45.4573423]]]},"properties":{"site":"milan","name":null,"category":"other","historic":null,"building":"apartments","osm_id":46102445}},{"type":"Feature","geometry":{"type":"Polygon","coordinates":[[[9.1815012,45.4620505],[9.1814816,45.4621347],[9.1811967,45.462339],[9.1810616,45.4623024],[9.1810768,45.4622757],[9.181146,45.4622266],[9.1811305,45.462219],[9.1811635,45.4621945],[9.1811905,45.4622097],[9.1812843,45.4621338],[9.1813087,45.4620654],[9.1813651,45.4620702],[9.181371,45.4620524],[9.1813727,45.4620409],[9.1815012,45.4620505]]]},"properties":{"site":"milan","name":null,"category":"other","historic":null,"building":"apartments","osm_id":46104074}},{"type":"Feature","geometry":{"type":"Polygon","coordinates":[[[9.1807009,45.4625484],[9.1806813,45.4626405],[9.1806748,45.4626936],[9.1809324,45.4627355],[9.1810791,45.4625097],[9.1809674,45.4624804],[9.1809499,45.4625106],[9.1808878,45.4626209],[9.1807548,45.4625883],[9.1807629,45.4625321],[9.1807781,45.4624775],[9.1807125,45.4624633],[9.1807009,45.4625484]]]},"properties":{"site":"milan","name":null,"category":"other","historic":null,"building":"apartments","osm_id":46104078}},{"type":"Feature","geometry":{"type":"Polygon","coordinates":[[[9.1813588,45.462574],[9.1812283,45.4625404],[9.1811375,45.4626784],[9.1812918,45.4627182],[9.1812548,45.4627992],[9.1812481,45.4628116],[9.1810089,45.4627581],[9.1812085,45.462442],[9.1812896,45.4623878],[9.1813541,45.462402],[9.181333,45.4624914],[9.1813921,45.4625049],[9.1813588,45.462574]]]},"properties":{"site":"milan","name":null,"category":"other","historic":null,"building":"apartments","osm_id":46104083}},{"type":"Feature","geometry":{"type":"Polygon","coordinates":[[[9.1817405,45.4623404],[9.1817327,45.462381],[9.1817811,45.4623863],[9.1817605,45.4624265],[9.1818284,45.462443],[9.1818647,45.4623676],[9.1821181,45.4624304],[9.1821459,45.4623717],[9.1820464,45.4623487],[9.1819847,45.4623336],[9.1817597,45.4622862],[9.1817502,45.462313],[9.1817405,45.4623404]]]},"properties":{"site":"milan","name":null,"category":"other","historic":null,"building":"yes","osm_id":46104085}},{"type":"Feature","geometry":{"type":"Polygon","coordinates":[[[9.1832352,45.4622445],[9.1831737,45.4621772],[9.182999,45.4622543],[9.1829173,45.4621617],[9.1830819,45.4620859],[9.1830362,45.4620268],[9.1830851,45.4620049],[9.1830691,45.4619904],[9.1831464,45.4619542],[9.1832169,45.4620279],[9.1833788,45.462198],[9.1832817,45.4622346],[9.1832763,45.462227],[9.1832352,45.4622445]]]},"properties":{"site":"milan","name":null,"category":"other","historic":null,"building":"apartments","osm_id":46104151}},{"type":"Feature","geometry":{"type":"Polygon","coordinates":[[[9.1829584,45.4629912],[9.1828376,45.4630779],[9.1829324,45.4631251],[9.1830324,45.4630317],[9.1830683,45.4630504],[9.183083,45.4630596],[9.1829274,45.4632315],[9.1828923,45.4632197],[9.1827753,45.4631825],[9.1826079,45.4631293],[9.1826805,45.4630605],[9.1828641,45.4629338],[9.1829584,45.4629912]]]},"properties":{"site":"milan","name":null,"category":"other","historic":null,"building":"apartments","osm_id":46104225}},{"type":"Feature","geometry":{"type":"Polygon","coordinates":[[[9.1836191,45.4630529],[9.1835327,45.4630735],[9.1835236,45.4630549],[9.1834758,45.4630675],[9.183485,45.4630864],[9.1834539,45.4630972],[9.1834238,45.463059],[9.1834553,45.4630464],[9.1834492,45.4630365],[9.183484,45.4630268],[9.1834628,45.4629507],[9.1835756,45.4628875],[9.1836191,45.4630529]]]},"properties":{"site":"milan","name":null,"category":"other","historic":null,"building":"yes","osm_id":46104227}},{"type":"Feature","geometry":{"type":"Polygon","coordinates":[[[9.1832134,45.4632964],[9.1833197,45.4632046],[9.1833577,45.4631601],[9.1833756,45.4631437],[9.1833906,45.4631573],[9.1834233,45.4631303],[9.1834166,45.4631152],[9.1834539,45.4630972],[9.183485,45.4630864],[9.1835015,45.4631118],[9.1835448,45.4630963],[9.1835327,45.4630735],[9.1836191,45.4630529],[9.1836571,45.463148],[9.1836706,45.463191],[9.1835589,45.4632322],[9.1834895,45.4631809],[9.1834631,45.4631964],[9.1834268,45.4631638],[9.1833294,45.4632252],[9.1834901,45.4632666],[9.1834467,45.4633616],[9.1832134,45.4632964]]]},"properties":{"site":"milan","name":null,"category":"other","historic":null,"building":"apartments","osm_id":46104230}},{"type":"Feature","geometry":{"type":"Polygon","coordinates":[[[9.1843327,45.4627879],[9.1844037,45.4628319],[9.1842852,45.4629257],[9.184119,45.4628119],[9.1841808,45.4627681],[9.1841559,45.4627483],[9.1841784,45.4627307],[9.1842474,45.462778],[9.184274,45.4627498],[9.1843327,45.4627879]]]},"properties":{"site":"milan","name":null,"category":"other","historic":null,"building":"yes","osm_id":46738434}},{"type":"Feature","geometry":{"type":"Polygon","coordinates":[[[9.1836844,45.4630507],[9.1838041,45.4630215],[9.1838191,45.4630711],[9.1838602,45.4630607],[9.1838831,45.4630918],[9.1837108,45.463135],[9.1836844,45.4630507]]]},"properties":{"site":"milan","name":null,"category":"other","historic":null,"building":"yes","osm_id":46738441}},{"type":"Feature","geometry":{"type":"Polygon","coordinates":[[[9.1840396,45.4630396],[9.18407,45.4630619],[9.1840053,45.4631001],[9.1840692,45.4631726],[9.1841371,45.4631265],[9.1842629,45.463215],[9.1841491,45.4632872],[9.184126,45.4633018],[9.1840667,45.4632459],[9.1840375,45.4632595],[9.1839698,45.4631897],[9.1839364,45.4631396],[9.183848,45.4631624],[9.1838714,45.4631897],[9.1837477,45.4632186],[9.1837108,45.463135],[9.1838831,45.4630918],[9.1838602,45.4630607],[9.183924,45.4630396],[9.1838952,45.462993],[9.1839612,45.462975],[9.1840396,45.4630396]]]},"properties":{"site":"milan","name":null,"category":"other","historic":null,"building":"yes","osm_id":46738442}},{"type":"Feature","geometry":{"type":"Polygon","coordinates":[[[9.1840664,45.4613906],[9.1841025,45.4613595],[9.1841203,45.461327],[9.1841691,45.461339],[9.1841885,45.4613242],[9.1842504,45.4613555],[9.1842691,45.461339],[9.1843124,45.4612714],[9.1844525,45.4613288],[9.1844899,45.461343],[9.1845451,45.4612921],[9.1844576,45.4612516],[9.1843302,45.4612022],[9.1842727,45.4611812],[9.1841653,45.4611465],[9.1841304,45.461201],[9.1841172,45.4612493],[9.1840738,45.4612322],[9.1839865,45.4613506],[9.1840469,45.4613778],[9.1840664,45.4613906]]]},"properties":{"site":"milan","name":null,"category":"other","historic":null,"building":"yes","osm_id":46770375}},{"type":"Feature","geometry":{"type":"Polygon","coordinates":[[[9.1843364,45.4617862],[9.184367,45.4618145],[9.1843883,45.4618334],[9.1844193,45.461818],[9.1843926,45.461793],[9.1844714,45.4617516],[9.1845214,45.4617243],[9.1845034,45.4617085],[9.1845956,45.4616564],[9.1846355,45.4616879],[9.1846777,45.4616647],[9.1847411,45.4617173],[9.1845282,45.4618372],[9.18432,45.4619531],[9.1842129,45.4618494],[9.1843226,45.461778],[9.1843364,45.4617862]]]},"properties":{"site":"milan","name":null,"category":"other","historic":null,"building":"apartments","osm_id":46770381}},{"type":"Feature","geometry":{"type":"Polygon","coordinates":[[[9.183775,45.4614617],[9.1839871,45.4616438],[9.1841027,45.4615741],[9.1839432,45.4614364],[9.1840469,45.4613778],[9.1839865,45.4613506],[9.183775,45.4614617]]]},"properties":{"site":"milan","name":null,"category":"other","historic":null,"building":"yes","osm_id":46770382}},{"type":"Feature","geometry":{"type":"Polygon","coordinates":[[[9.1834654,45.4604563],[9.1834364,45.4605492],[9.1835098,45.460558],[9.1834791,45.4606874],[9.1834058,45.4606769],[9.1833447,45.4606652],[9.1833767,45.4604416],[9.1834654,45.4604563]]]},"properties":{"site":"milan","name":null,"category":"other","historic":null,"building":"yes","osm_id":46845488}},{"type":"Feature","geometry":{"type":"Polygon","coordinates":[[[9.1834791,45.4606874],[9.1835098,45.460558],[9.1835269,45.46056],[9.1835406,45.4604818],[9.183588,45.4604945],[9.1835805,45.4605863],[9.1836987,45.46059],[9.1837211,45.4603968],[9.1836365,45.4603866],[9.1836767,45.4602844],[9.1837183,45.4602952],[9.1838474,45.4603224],[9.183812,45.4605751],[9.1838671,45.4605786],[9.1838535,45.460708],[9.1834791,45.4606874]]]},"properties":{"site":"milan","name":null,"category":"other","historic":null,"building":"apartments","osm_id":46845489}},{"type":"Feature","geometry":{"type":"Polygon","coordinates":[[[9.1818265,45.4601581],[9.1818131,45.4601404],[9.1817953,45.4601499],[9.1817307,45.4600767],[9.1816634,45.4601089],[9.1816561,45.4601045],[9.1815291,45.460162],[9.1815115,45.460169],[9.1816085,45.460268],[9.1815999,45.460271],[9.1817118,45.4603572],[9.1817062,45.4603636],[9.181736,45.460378],[9.181751,45.460387],[9.181773,45.4603949],[9.1818516,45.4604337],[9.1818584,45.4604273],[9.1820056,45.4604824],[9.1820604,45.4603708],[9.1821508,45.4604016],[9.1821798,45.4603657],[9.182115,45.4603431],[9.1821762,45.4602682],[9.1822044,45.4602516],[9.1822473,45.4601958],[9.1821614,45.4601777],[9.1818836,45.46031],[9.1818676,45.4603059],[9.1818584,45.4603006],[9.1818473,45.4602911],[9.18183,45.4602827],[9.1818415,45.4602796],[9.1817837,45.4602204],[9.1818563,45.4601855],[9.1818265,45.4601581]]]},"properties":{"site":"milan","name":null,"category":"other","historic":null,"building":"yes","osm_id":46845805}},{"type":"Feature","geometry":{"type":"Polygon","coordinates":[[[9.184312,45.4596557],[9.1843523,45.4596699],[9.1844066,45.459684],[9.1843723,45.4597415],[9.1844129,45.459755],[9.1844426,45.4597088],[9.1845438,45.459773],[9.1844867,45.4598435],[9.1843862,45.4598116],[9.1843455,45.4598844],[9.1844609,45.4599422],[9.1845827,45.4600115],[9.1847321,45.4598922],[9.1847489,45.459903],[9.1848422,45.4599632],[9.1846038,45.4601359],[9.184344,45.460011],[9.1842781,45.4599901],[9.1842606,45.4600186],[9.1843201,45.4600384],[9.1842882,45.4600852],[9.1841085,45.4600353],[9.1840866,45.4600292],[9.184312,45.4596557]]]},"properties":{"site":"milan","name":null,"category":"other","historic":null,"building":"apartments","osm_id":46846047}},{"type":"Feature","geometry":{"type":"Polygon","coordinates":[[[9.184312,45.4596557],[9.1843523,45.4596699],[9.1843699,45.4596464],[9.184429,45.4596604],[9.184468,45.459633],[9.1844288,45.4596209],[9.1844679,45.4595587],[9.1843523,45.4595173],[9.1843386,45.459538],[9.1843219,45.4595337],[9.184165,45.4594772],[9.1843355,45.4594051],[9.1842934,45.4593739],[9.1842281,45.4593213],[9.1842066,45.4593308],[9.1841463,45.459361],[9.1838919,45.4594725],[9.183888,45.459492],[9.1839104,45.459503],[9.1839818,45.4595508],[9.1840294,45.4595637],[9.184312,45.4596557]]]},"properties":{"site":"milan","name":null,"category":"other","historic":null,"building":"apartments","osm_id":46846048}},{"type":"Feature","geometry":{"type":"Polygon","coordinates":[[[9.1849122,45.4592774],[9.1847539,45.4593415],[9.184713,45.4593639],[9.1846666,45.4593114],[9.1847312,45.4592814],[9.1846498,45.4591904],[9.184593,45.4592189],[9.1845469,45.4591783],[9.1846886,45.4591136],[9.1847795,45.459072],[9.1848334,45.4590464],[9.1848649,45.4590819],[9.1849999,45.459239],[9.1849122,45.4592774]]]},"properties":{"site":"milan","name":null,"category":"other","historic":null,"building":"apartments","osm_id":46846049}},{"type":"Feature","geometry":{"type":"Polygon","coordinates":[[[9.1848665,45.4597009],[9.1849208,45.4597572],[9.1850814,45.4596921],[9.1850275,45.4596146],[9.185252,45.459521],[9.1853634,45.4596458],[9.1852456,45.4596997],[9.1852514,45.4597094],[9.1850668,45.4597901],[9.184977,45.4598273],[9.1849998,45.4598487],[9.1848568,45.4599113],[9.1848214,45.4598675],[9.1847336,45.4597602],[9.1848665,45.4597009]]]},"properties":{"site":"milan","name":null,"category":"other","historic":null,"building":"yes","osm_id":46846050}},{"type":"Feature","geometry":{"type":"Polygon","coordinates":[[[9.1840047,45.4604052],[9.1841557,45.4604417],[9.1842078,45.4604584],[9.1842844,45.4603174],[9.1842644,45.4603134],[9.1843185,45.4601863],[9.1844045,45.4602069],[9.1844588,45.4602287],[9.1845045,45.4601658],[9.1844324,45.4601338],[9.1844402,45.4601189],[9.1843478,45.4600964],[9.184324,45.460126],[9.1841901,45.4600867],[9.1841658,45.4601315],[9.1841793,45.4601347],[9.1840715,45.4603351],[9.1840182,45.4603298],[9.184002,45.4603415],[9.1840047,45.4604052]]]},"properties":{"site":"milan","name":null,"category":"other","historic":null,"building":"apartments","osm_id":46846053}},{"type":"Feature","geometry":{"type":"Polygon","coordinates":[[[9.1849612,45.4602856],[9.185033,45.4601701],[9.1851853,45.4602158],[9.1851191,45.4603342],[9.1852848,45.4603812],[9.1853524,45.4602629],[9.1854753,45.4602964],[9.1854563,45.4603364],[9.1853789,45.4604754],[9.1849333,45.4603383],[9.1849612,45.4602856]]]},"properties":{"site":"milan","name":null,"category":"other","historic":null,"building":"apartments","osm_id":46846054}},{"type":"Feature","geometry":{"type":"Polygon","coordinates":[[[9.1853337,45.4632001],[9.1853642,45.4632211],[9.1853643,45.4632387],[9.1853784,45.4632568],[9.1854027,45.4632668],[9.1854268,45.4632759],[9.1854707,45.4632984],[9.1855554,45.4633524],[9.1857414,45.4632223],[9.1856474,45.4631558],[9.1856073,45.4631854],[9.1855621,45.4631577],[9.1855702,45.4631426],[9.185568,45.4631263],[9.1855534,45.4631133],[9.1855385,45.4631063],[9.1855166,45.4631031],[9.1854963,45.4631097],[9.1854875,45.4631034],[9.1855014,45.4630915],[9.1854424,45.463058],[9.1855209,45.4629679],[9.1856851,45.4630383],[9.1856954,45.4630309],[9.1859062,45.4631803],[9.1859512,45.4632185],[9.1862802,45.4634827],[9.1860444,45.4636397],[9.185794,45.463802],[9.1851436,45.463331],[9.1851591,45.4633188],[9.1851228,45.4632924],[9.1851617,45.4632642],[9.1851982,45.4632373],[9.1852397,45.4632626],[9.1852525,45.4632508],[9.1852609,45.4632557],[9.1852744,45.4632433],[9.1852737,45.4632452],[9.1853337,45.4632001]]]},"properties":{"site":"milan","name":"Palazzo dell'Ambrosiana","category":"other","historic":null,"building":"public","osm_id":47076473}},{"type":"Feature","geometry":{"type":"Polygon","coordinates":[[[9.184254,45.4634751],[9.1841434,45.4634016],[9.1842371,45.4633276],[9.1843267,45.463255],[9.1844298,45.4633222],[9.1844699,45.4632892],[9.1846434,45.4633957],[9.1847205,45.4634464],[9.1846912,45.4634644],[9.1845312,45.4635628],[9.1844363,45.4635055],[9.1843126,45.463427],[9.184254,45.4634751]]]},"properties":{"site":"milan","name":null,"category":"other","historic":null,"building":"apartments","osm_id":47076476}},{"type":"Feature","geometry":{"type":"Polygon","coordinates":[[[9.186231,45.4646903],[9.1862533,45.4647053],[9.1862199,45.4647298],[9.1862821,45.4647716],[9.1863025,45.4647566],[9.1864179,45.464834],[9.186442,45.4648163],[9.1865161,45.4648667],[9.1864454,45.4649188],[9.1863625,45.4649798],[9.1862927,45.4649614],[9.1861965,45.4649565],[9.1861049,45.4649691],[9.1860214,45.4649927],[9.1858698,45.4648978],[9.185719,45.4648034],[9.185788,45.4647519],[9.1857357,45.4647303],[9.1859154,45.4645854],[9.1859476,45.4645628],[9.186004,45.4645991],[9.1861619,45.4647035],[9.1862002,45.4646746],[9.186231,45.4646903]]]},"properties":{"site":"milan","name":"Palazzo Broggi","category":"other","historic":"building","building":"office","osm_id":47076814}},{"type":"Feature","geometry":{"type":"Polygon","coordinates":[[[9.1798148,45.4595376],[9.1797703,45.4596002],[9.1797131,45.4595786],[9.1796605,45.4595586],[9.1797586,45.4593668],[9.1798697,45.4593997],[9.1798496,45.4594477],[9.179914,45.4594612],[9.1798909,45.4595025],[9.1798432,45.4594898],[9.1798109,45.45948],[9.1797649,45.4594678],[9.1797326,45.4595255],[9.1797742,45.4595369],[9.1797825,45.4595256],[9.1798148,45.4595376]]]},"properties":{"site":"milan","name":null,"category":"other","historic":null,"building":"apartments","osm_id":48164542}},{"type":"Feature","geometry":{"type":"Polygon","coordinates":[[[9.1810984,45.4598567],[9.1809816,45.4598582],[9.18099,45.4599039],[9.180962,45.4599306],[9.1808051,45.4598755],[9.1808238,45.4598409],[9.1807055,45.4598359],[9.1807079,45.459855],[9.1807455,45.4598607],[9.1807361,45.4598823],[9.1806959,45.4598767],[9.1806919,45.4599389],[9.1808309,45.4599878],[9.1809355,45.4600277],[9.1809802,45.4600439],[9.1810177,45.4600579],[9.1811234,45.4600063],[9.1810984,45.4598567]]]},"properties":{"site":"milan","name":null,"category":"other","historic":null,"building":"apartments","osm_id":48164546}},{"type":"Feature","geometry":{"type":"Polygon","coordinates":[[[9.1861974,45.4580615],[9.1863323,45.4581903],[9.1862353,45.4582486],[9.1861835,45.4582745],[9.1861903,45.4582794],[9.1858791,45.4584247],[9.1857345,45.4582898],[9.1858824,45.4582206],[9.185962,45.458292],[9.1861144,45.4582115],[9.186042,45.4581428],[9.1861974,45.4580615]]]},"properties":{"site":"milan","name":null,"category":"other","historic":null,"building":"apartments","osm_id":49408302}},{"type":"Feature","geometry":{"type":"Polygon","coordinates":[[[9.184115,45.4590684],[9.184207,45.4591719],[9.1841232,45.4592089],[9.1841539,45.4592466],[9.1840176,45.4593082],[9.1839479,45.4592327],[9.1838861,45.4591672],[9.184115,45.4590684]]]},"properties":{"site":"milan","name":null,"category":"other","historic":null,"building":"apartments","osm_id":49409119}},{"type":"Feature","geometry":{"type":"Polygon","coordinates":[[[9.1830864,45.4595012],[9.1832825,45.4594192],[9.1834145,45.4593624],[9.1835409,45.4595105],[9.1833786,45.4595763],[9.183341,45.4595232],[9.1831657,45.4595954],[9.1830864,45.4595012]]]},"properties":{"site":"milan","name":null,"category":"other","historic":null,"building":"apartments","osm_id":49409121}},{"type":"Feature","geometry":{"type":"Polygon","coordinates":[[[9.1850476,45.4586203],[9.1851317,45.4587086],[9.1851493,45.458727],[9.1851237,45.458739],[9.1850781,45.4586912],[9.1849591,45.458747],[9.184903,45.4586881],[9.1850476,45.4586203]]]},"properties":{"site":"milan","name":null,"category":"other","historic":null,"building":"apartments","osm_id":49409122}},{"type":"Feature","geometry":{"type":"Polygon","coordinates":[[[9.1854194,45.4587133],[9.1856043,45.4586254],[9.1857587,45.4586985],[9.1857743,45.4587215],[9.1855579,45.4588202],[9.185519,45.4588196],[9.1854194,45.4587133]]]},"properties":{"site":"milan","name":null,"category":"other","historic":null,"building":"apartments","osm_id":49409124}},{"type":"Feature","geometry":{"type":"Polygon","coordinates":[[[9.185322,45.4589168],[9.1852678,45.4589436],[9.1852178,45.4588943],[9.1849963,45.4590003],[9.1850402,45.4590538],[9.1849748,45.4590841],[9.1848765,45.4589614],[9.185303,45.4587596],[9.185389,45.4588499],[9.1852953,45.4588935],[9.185322,45.4589168]]]},"properties":{"site":"milan","name":null,"category":"other","historic":null,"building":"apartments","osm_id":49409128}},{"type":"Feature","geometry":{"type":"Polygon","coordinates":[[[9.1861499,45.4600592],[9.1862124,45.4599644],[9.1862533,45.4599763],[9.186247,45.4599903],[9.1863192,45.4600062],[9.1863693,45.4598874],[9.1862579,45.4598612],[9.1862975,45.4597875],[9.1863255,45.4597333],[9.1865739,45.4597871],[9.1865064,45.4598832],[9.1863853,45.4601204],[9.1861499,45.4600592]]]},"properties":{"site":"milan","name":null,"category":"other","historic":null,"building":"apartments","osm_id":49409136}},{"type":"Feature","geometry":{"type":"Polygon","coordinates":[[[9.1789538,45.4580922],[9.1790935,45.4580353],[9.1789118,45.4578212],[9.1787808,45.4578738],[9.1789538,45.4580922]]]},"properties":{"site":"milan","name":null,"category":"other","historic":null,"building":"yes","osm_id":51691997}},{"type":"Feature","geometry":{"type":"Polygon","coordinates":[[[9.1781857,45.4589564],[9.1784457,45.4588335],[9.1786601,45.4587349],[9.1786797,45.4587762],[9.1786948,45.4588282],[9.1786978,45.4588446],[9.1787099,45.4589114],[9.1782274,45.4590012],[9.1781857,45.4589564]]]},"properties":{"site":"milan","name":null,"category":"other","historic":null,"building":"apartments","osm_id":51692307}},{"type":"Feature","geometry":{"type":"Polygon","coordinates":[[[9.1802602,45.457976],[9.1801807,45.4578964],[9.180315,45.4578423],[9.1804113,45.4578043],[9.1805865,45.4577948],[9.1806102,45.4580045],[9.1804937,45.4580115],[9.1804906,45.4579646],[9.1804483,45.4579665],[9.1804453,45.4579179],[9.1803789,45.4579203],[9.1803811,45.4579643],[9.1802602,45.457976]]]},"properties":{"site":"milan","name":null,"category":"other","historic":null,"building":"apartments","osm_id":51692313}},{"type":"Feature","geometry":{"type":"Polygon","coordinates":[[[9.1859128,45.460533],[9.1859977,45.4605499],[9.1859939,45.460582],[9.1861593,45.4606048],[9.1861114,45.4607631],[9.1859564,45.4607461],[9.185911,45.4607401],[9.1858972,45.460797],[9.1860187,45.4608074],[9.186014,45.4608262],[9.1860529,45.4608314],[9.1860442,45.460885],[9.1862074,45.4609116],[9.1862515,45.4608284],[9.1862838,45.4607129],[9.1863161,45.4605976],[9.186312,45.4604815],[9.1863052,45.4604443],[9.1863003,45.4603635],[9.1863209,45.4603001],[9.1862581,45.4603092],[9.1862217,45.4603373],[9.1860001,45.4602874],[9.185937,45.4602759],[9.1858805,45.4603664],[9.1858841,45.4603854],[9.1860343,45.4604274],[9.1860156,45.4605031],[9.1858463,45.4604698],[9.1858457,45.4604947],[9.1859222,45.4605059],[9.1859128,45.460533]]]},"properties":{"site":"milan","name":"Palazzo Trivulzio","category":"other","historic":"castle","building":"yes","osm_id":58218030}},{"type":"Feature","geometry":{"type":"Polygon","coordinates":[[[9.1935607,45.4646624],[9.1937167,45.4647035],[9.1937065,45.4647218],[9.1938927,45.4647742],[9.1939051,45.4647567],[9.1940526,45.4647984],[9.1940927,45.4648083],[9.1940483,45.4648783],[9.194023,45.4649231],[9.1940122,45.4649384],[9.193459,45.4647855],[9.1934635,45.4647762],[9.1934963,45.4647181],[9.1935338,45.4646564],[9.1935607,45.4646624]]]},"properties":{"site":"milan","name":null,"category":"other","historic":null,"building":"yes","osm_id":81657265}},{"type":"Feature","geometry":{"type":"Polygon","coordinates":[[[9.1880944,45.4654732],[9.1882357,45.4654118],[9.1883259,45.4653707],[9.1883394,45.465363],[9.1883009,45.4653161],[9.1881917,45.4653626],[9.1881524,45.4653131],[9.1882578,45.4652683],[9.1881695,45.465119],[9.1878913,45.4652292],[9.1878835,45.4652479],[9.1879014,45.46527],[9.187974,45.4653464],[9.1880944,45.4654732]]]},"properties":{"site":"milan","name":null,"category":"other","historic":null,"building":"yes","osm_id":83605157}},{"type":"Feature","geometry":{"type":"Polygon","coordinates":[[[9.1784332,45.4696578],[9.1784596,45.469633],[9.1783226,45.4694708],[9.178503,45.4693981],[9.1786063,45.4694638],[9.1785404,45.4695289],[9.1785625,45.4695576],[9.1787004,45.4696608],[9.1786373,45.4697087],[9.1785729,45.4697571],[9.1784332,45.4696578]]]},"properties":{"site":"milan","name":"Rivellino di Santo Spirito","category":"other","historic":"castle","building":"castle","osm_id":121498331}},{"type":"Feature","geometry":{"type":"Polygon","coordinates":[[[9.1888951,45.4685622],[9.1889292,45.4684957],[9.1889655,45.4684079],[9.1893364,45.468497],[9.1893728,45.4685057],[9.1893391,45.4686557],[9.1888951,45.4685622]]]},"properties":{"site":"milan","name":"Chiesa di San Giuseppe","category":"medieval","historic":null,"building":"church","osm_id":131542798}},{"type":"Feature","geometry":{"type":"Polygon","coordinates":[[[9.1929593,45.4573237],[9.1929406,45.457187],[9.1930819,45.4571585],[9.193142,45.457254],[9.1931928,45.4573479],[9.1929593,45.4573237]]]},"properties":{"site":"milan","name":null,"category":"other","historic":null,"building":"yes","osm_id":136781346}},{"type":"Feature","geometry":{"type":"Polygon","coordinates":[[[9.190509,45.4569378],[9.190539,45.4568819],[9.1905383,45.456873],[9.1907286,45.4569235],[9.1907451,45.4568936],[9.1909848,45.4569591],[9.1909318,45.457052],[9.190509,45.4569378]]]},"properties":{"site":"milan","name":null,"category":"other","historic":null,"building":"yes","osm_id":136781357}},{"type":"Feature","geometry":{"type":"Polygon","coordinates":[[[9.1873633,45.4628771],[9.1874874,45.4628053],[9.1874789,45.462798],[9.1875329,45.4627552],[9.1875873,45.4627861],[9.1875591,45.4628117],[9.1875477,45.4628318],[9.1875518,45.4628325],[9.1875419,45.4628486],[9.1875328,45.4628996],[9.1874507,45.4629488],[9.1873633,45.4628771]]]},"properties":{"site":"milan","name":null,"category":"other","historic":null,"building":"apartments","osm_id":137955156}},{"type":"Feature","geometry":{"type":"Polygon","coordinates":[[[9.187716,45.4629451],[9.1877494,45.4629605],[9.1877974,45.4629936],[9.1877833,45.4630052],[9.1877764,45.4630094],[9.1877822,45.4630135],[9.1876552,45.4630992],[9.1876483,45.4631038],[9.1876418,45.4631046],[9.1876354,45.4631033],[9.1876291,45.463099],[9.1874887,45.4629858],[9.1875727,45.4629352],[9.1876493,45.4629584],[9.1877011,45.4629555],[9.187716,45.4629451]]]},"properties":{"site":"milan","name":null,"category":"other","historic":null,"building":"apartments","osm_id":137955157}},{"type":"Feature","geometry":{"type":"Polygon","coordinates":[[[9.1956585,45.4623954],[9.1957316,45.4624008],[9.1959462,45.4624092],[9.1959451,45.4624248],[9.1959376,45.4624329],[9.195924,45.4624371],[9.1959075,45.4624394],[9.1959033,45.4625231],[9.1957449,45.462522],[9.1956745,45.4625202],[9.1956738,45.4625009],[9.1956495,45.4625009],[9.1956585,45.4623954]]]},"properties":{"site":"milan","name":"Ossario","category":"other","historic":null,"building":"yes","osm_id":139244732}},{"type":"Feature","geometry":{"type":"Polygon","coordinates":[[[9.1779218,45.4575959],[9.1779468,45.4577018],[9.1780298,45.4576921],[9.1780371,45.4577231],[9.1781146,45.4577142],[9.178107,45.4576821],[9.1781723,45.4576745],[9.1781607,45.4576254],[9.1781476,45.4575697],[9.1780482,45.4575812],[9.1780303,45.4575833],[9.1780116,45.4575855],[9.1779218,45.4575959]]]},"properties":{"site":"milan","name":null,"category":"other","historic":null,"building":"apartments","osm_id":139591730}},{"type":"Feature","geometry":{"type":"Polygon","coordinates":[[[9.1812814,45.4574738],[9.1812109,45.4574894],[9.1812265,45.4575264],[9.1811475,45.457534],[9.1810929,45.4575408],[9.1810829,45.4574811],[9.1810743,45.4574294],[9.1812452,45.4573856],[9.1812814,45.4574738]]]},"properties":{"site":"milan","name":null,"category":"other","historic":null,"building":"yes","osm_id":139593312}},{"type":"Feature","geometry":{"type":"Polygon","coordinates":[[[9.1800083,45.4574579],[9.1800174,45.4574813],[9.180057,45.4574738],[9.1800894,45.4575635],[9.180052,45.4575705],[9.1800557,45.4575799],[9.1798459,45.4576221],[9.179824,45.4576132],[9.1797624,45.4576237],[9.1797245,45.4575188],[9.1797037,45.4574613],[9.1794849,45.4574907],[9.1794783,45.4574916],[9.1794624,45.4574357],[9.1796967,45.4574043],[9.1796566,45.457271],[9.1796547,45.4572648],[9.1796663,45.4572631],[9.1798827,45.4572321],[9.1798861,45.4572419],[9.1800216,45.4572209],[9.1800249,45.4572313],[9.1800723,45.4572241],[9.1800879,45.4572217],[9.1801302,45.4573459],[9.1801982,45.4573354],[9.1802097,45.4573664],[9.1802213,45.4573973],[9.1800769,45.457423],[9.1800791,45.4574295],[9.1800543,45.4574339],[9.1800027,45.4574434],[9.179943,45.45729],[9.1799051,45.4572963],[9.179939,45.4573937],[9.1797788,45.457421],[9.1798047,45.4574964],[9.1800083,45.4574579]]]},"properties":{"site":"milan","name":null,"category":"other","historic":null,"building":"yes","osm_id":139593315}},{"type":"Feature","geometry":{"type":"Polygon","coordinates":[[[9.1789386,45.4601111],[9.1792128,45.4601766],[9.1792522,45.4600954],[9.1791803,45.4600782],[9.1792301,45.4599757],[9.1790314,45.4599283],[9.1790148,45.4599626],[9.1789791,45.459954],[9.178923,45.4600696],[9.1789551,45.4600773],[9.1789386,45.4601111]]]},"properties":{"site":"milan","name":null,"category":"other","historic":null,"building":"yes","osm_id":139612785}},{"type":"Feature","geometry":{"type":"Polygon","coordinates":[[[9.1779739,45.461581],[9.1779261,45.4614929],[9.1778865,45.4615063],[9.1778229,45.4613878],[9.1778524,45.4613737],[9.1778047,45.461291],[9.1778873,45.4612679],[9.1779011,45.4612916],[9.1779599,45.4612748],[9.1780049,45.4613522],[9.1780201,45.4613489],[9.1780737,45.4614422],[9.1780584,45.4614465],[9.1780998,45.4615185],[9.1780451,45.461534],[9.1780525,45.4615596],[9.1779739,45.461581]]]},"properties":{"site":"milan","name":null,"category":"other","historic":null,"building":"apartments","osm_id":139612786}},{"type":"Feature","geometry":{"type":"Polygon","coordinates":[[[9.1781496,45.4613582],[9.1782624,45.4613218],[9.1782885,45.4613729],[9.178301,45.4613709],[9.1783108,45.4613858],[9.1783311,45.4613788],[9.1783324,45.4613643],[9.1783445,45.4613577],[9.1783632,45.4613556],[9.1783799,45.461366],[9.1783974,45.4613583],[9.1783903,45.461344],[9.1784008,45.461339],[9.17837,45.4612876],[9.1784811,45.4612572],[9.1784957,45.4612721],[9.1785673,45.4612517],[9.1785882,45.4612899],[9.1785306,45.4613116],[9.1785434,45.4613364],[9.1785339,45.4613458],[9.1785748,45.4614101],[9.178237,45.4615093],[9.1781496,45.4613582]]]},"properties":{"site":"milan","name":null,"category":"other","historic":null,"building":"apartments","osm_id":139612788}},{"type":"Feature","geometry":{"type":"Polygon","coordinates":[[[9.1795695,45.4602891],[9.1797204,45.4603231],[9.1797441,45.4602596],[9.1797103,45.4602519],[9.1796882,45.4602361],[9.1796718,45.4602288],[9.1796081,45.4602136],[9.1795956,45.4602368],[9.1795914,45.4602508],[9.1795695,45.4602891]]]},"properties":{"site":"milan","name":null,"category":"other","historic":null,"building":"yes","osm_id":139612789}},{"type":"Feature","geometry":{"type":"Polygon","coordinates":[[[9.1809247,45.4643391],[9.1810167,45.4642613],[9.1810642,45.4643226],[9.1811049,45.4644441],[9.1809369,45.4644632],[9.1809348,45.4644788],[9.1808352,45.464474],[9.1808342,45.4644313],[9.1807652,45.4644217],[9.1807731,45.464384],[9.1808523,45.4643947],[9.1808605,45.4644278],[9.1809347,45.4644296],[9.1809543,45.4644309],[9.1809247,45.4643391]]]},"properties":{"site":"milan","name":null,"category":"other","historic":null,"building":"yes","osm_id":161068027}},{"type":"Feature","geometry":{"type":"Polygon","coordinates":[[[9.181736,45.4645899],[9.1818863,45.4646003],[9.1818389,45.4647476],[9.1817116,45.4647382],[9.1817251,45.4646559],[9.181736,45.4645899]]]},"properties":{"site":"milan","name":null,"category":"other","historic":null,"building":"apartments","osm_id":161068029}},{"type":"Feature","geometry":{"type":"Polygon","coordinates":[[[9.1815883,45.4642135],[9.1816378,45.4642117],[9.1816483,45.4641493],[9.1816545,45.4641122],[9.181592,45.4641064],[9.1814255,45.4641021],[9.1814169,45.4641577],[9.1814134,45.4642176],[9.1814563,45.4642205],[9.1814522,45.4642701],[9.1815193,45.4642731],[9.1815233,45.4642195],[9.1815883,45.4642135]]]},"properties":{"site":"milan","name":null,"category":"other","historic":null,"building":"yes","osm_id":161068031}},{"type":"Feature","geometry":{"type":"Polygon","coordinates":[[[9.1782625,45.4606967],[9.1781759,45.4609033],[9.1780023,45.4608667],[9.1780881,45.4606601],[9.1782625,45.4606967]]]},"properties":{"site":"milan","name":null,"category":"other","historic":null,"building":"apartments","osm_id":165990901}},{"type":"Feature","geometry":{"type":"Polygon","coordinates":[[[9.1779496,45.4639323],[9.1780172,45.4638827],[9.1781113,45.4639235],[9.178017,45.4640177],[9.1779146,45.4641239],[9.1778324,45.4642113],[9.1776778,45.4643683],[9.1775915,45.4643247],[9.1777342,45.4641785],[9.1777178,45.4641706],[9.1779496,45.4639323]]]},"properties":{"site":"milan","name":null,"category":"other","historic":null,"building":"yes","osm_id":165990912}},{"type":"Feature","geometry":{"type":"Polygon","coordinates":[[[9.1838342,45.4598444],[9.1837151,45.4597925],[9.183786,45.4596818],[9.1837178,45.4596588],[9.1835159,45.4597386],[9.1834924,45.459705],[9.1834168,45.459647],[9.1835987,45.4595731],[9.1836045,45.4595785],[9.1836102,45.4595855],[9.1837943,45.4595155],[9.1839834,45.4596227],[9.1838342,45.4598444]]]},"properties":{"site":"milan","name":null,"category":"other","historic":null,"building":"apartments","osm_id":166039365}},{"type":"Feature","geometry":{"type":"Polygon","coordinates":[[[9.1868353,45.4627504],[9.1868877,45.4627858],[9.1869131,45.4627675],[9.186863,45.4627328],[9.1868353,45.4627504]]]},"properties":{"site":"milan","name":"Strassdonna Souvenir Edicola","category":"other","historic":null,"building":"kiosk","osm_id":166623702}},{"type":"Feature","geometry":{"type":"Polygon","coordinates":[[[9.1902471,45.4656757],[9.1901819,45.465738],[9.1900995,45.465777],[9.1901023,45.4663782],[9.1900619,45.4664087],[9.1900753,45.466425],[9.1900265,45.4664257],[9.1899556,45.4664223],[9.1899543,45.4664024],[9.1899219,45.4663749],[9.1899167,45.465777],[9.1898245,45.4657336],[9.1897767,45.465676],[9.1893375,45.4656766],[9.1893366,45.4656092],[9.1893345,45.465544],[9.1897787,45.4655427],[9.1898305,45.4654815],[9.1899148,45.4654418],[9.1899175,45.4648568],[9.1899581,45.4648575],[9.1900262,45.4648584],[9.1900723,45.4648577],[9.1900971,45.4648577],[9.1900977,45.4649838],[9.1900977,45.4654428],[9.1901891,45.465481],[9.1902506,45.4655439],[9.1906758,45.4655414],[9.1906756,45.4656109],[9.1906739,45.4656734],[9.1902471,45.4656757]]]},"properties":{"site":"milan","name":"Galleria Vittorio Emanuele Secondo","category":"other","historic":"yes","building":"roof","osm_id":166623705}},{"type":"Feature","geometry":{"type":"Polygon","coordinates":[[[9.1969599,45.4670691],[9.1972054,45.4670593],[9.1971956,45.4669299],[9.1969501,45.4669384],[9.1969271,45.4669411],[9.1968923,45.4669448],[9.1968447,45.4669548],[9.1967997,45.4669746],[9.1967591,45.4669985],[9.1968101,45.4670283],[9.196835,45.4670129],[9.196861,45.4670014],[9.1968964,45.466989],[9.1969241,45.4669839],[9.1969557,45.4669839],[9.1969599,45.4670691]]]},"properties":{"site":"milan","name":"Torre Snia Viscosa","category":"other","historic":null,"building":"office","osm_id":171518497}},{"type":"Feature","geometry":{"type":"Polygon","coordinates":[[[9.1886709,45.4683226],[9.188705,45.4682956],[9.1886862,45.4682831],[9.1886541,45.4683081],[9.1886709,45.4683226]]]},"properties":{"site":"milan","name":"La Stampa","category":"other","historic":null,"building":"kiosk","osm_id":172024788}},{"type":"Feature","geometry":{"type":"Polygon","coordinates":[[[9.1996492,45.4610201],[9.1997,45.4610198],[9.1999566,45.4609966],[9.1999856,45.461157],[9.1998231,45.4611716],[9.1998109,45.4611281],[9.1997166,45.461137],[9.1996442,45.4611376],[9.1996465,45.461108],[9.1996492,45.4610201]]]},"properties":{"site":"milan","name":null,"category":"other","historic":null,"building":"yes","osm_id":172253738}},{"type":"Feature","geometry":{"type":"Polygon","coordinates":[[[9.1993616,45.4607284],[9.1995086,45.460739],[9.1995278,45.4608867],[9.1994612,45.4608844],[9.1993429,45.4608789],[9.1993616,45.4607284]]]},"properties":{"site":"milan","name":null,"category":"other","historic":null,"building":"yes","osm_id":172254375}},{"type":"Feature","geometry":{"type":"Polygon","coordinates":[[[9.1974643,45.4611249],[9.1975673,45.461125],[9.1975677,45.4609762],[9.1974647,45.4609761],[9.1974643,45.4611249]]]},"properties":{"site":"milan","name":null,"category":"other","historic":null,"building":"house","osm_id":172261242}},{"type":"Feature","geometry":{"type":"Polygon","coordinates":[[[9.1976276,45.4609771],[9.1976239,45.4610955],[9.1978424,45.4611011],[9.1978408,45.4610781],[9.1979376,45.4610793],[9.197939,45.4609793],[9.1976276,45.4609771]]]},"properties":{"site":"milan","name":null,"category":"other","historic":null,"building":"house","osm_id":172261243}},{"type":"Feature","geometry":{"type":"Polygon","coordinates":[[[9.196218,45.460374],[9.1962684,45.4603785],[9.1962729,45.4603289],[9.1962269,45.4603268],[9.196218,45.460374]]]},"properties":{"site":"milan","name":null,"category":"other","historic":null,"building":"yes","osm_id":172261244}},{"type":"Feature","geometry":{"type":"Polygon","coordinates":[[[9.1941027,45.4581651],[9.1942326,45.4580873],[9.1944502,45.4583103],[9.1944349,45.4583212],[9.1945379,45.4584243],[9.1946454,45.4583697],[9.1946949,45.4584225],[9.1946189,45.458493],[9.1946237,45.4584977],[9.1945079,45.4585871],[9.1944409,45.4585175],[9.1941027,45.4581651]]]},"properties":{"site":"milan","name":"Padiglione Marangoni","category":"other","historic":null,"building":"hospital","osm_id":172261830}},{"type":"Feature","geometry":{"type":"Polygon","coordinates":[[[9.1832092,45.46192],[9.1831412,45.4618598],[9.1832028,45.4618271],[9.1831782,45.4618056],[9.1831184,45.4618377],[9.1830741,45.4617978],[9.1831462,45.4617492],[9.1831795,45.4617268],[9.1832365,45.4616865],[9.1832114,45.4616709],[9.1832343,45.4616579],[9.1832545,45.4616738],[9.1833153,45.4616428],[9.1832945,45.4616183],[9.1833166,45.4616046],[9.1833468,45.4616237],[9.1833798,45.4616132],[9.1834204,45.4616652],[9.1832894,45.4617352],[9.183391,45.4618234],[9.1832917,45.4618717],[9.1832092,45.46192]]]},"properties":{"site":"milan","name":null,"category":"other","historic":null,"building":"yes","osm_id":172829220}},{"type":"Feature","geometry":{"type":"Polygon","coordinates":[[[9.1887863,45.4611991],[9.1888141,45.4612012],[9.188841,45.4611998],[9.188859,45.461195],[9.1888769,45.461188],[9.1888968,45.461174],[9.1889097,45.4611586],[9.1889167,45.461144],[9.1889157,45.4611286],[9.1889127,45.4611139],[9.1889077,45.4611049],[9.1888976,45.4610966],[9.1888865,45.4610897],[9.1888699,45.4610839],[9.188848,45.4610762],[9.1888341,45.461072],[9.1888151,45.4610685],[9.1888102,45.4610811],[9.1888361,45.4610867],[9.188855,45.4610916],[9.1888749,45.4611021],[9.1888908,45.4611132],[9.1888968,45.4611279],[9.1888958,45.4611426],[9.1888908,45.4611572],[9.1888789,45.4611684],[9.1888649,45.4611768],[9.188849,45.4611831],[9.1888271,45.4611859],[9.1888072,45.4611838],[9.1887873,45.4611831],[9.1887863,45.4611991]]]},"properties":{"site":"milan","name":"San Giovanni in Conca","category":"other","historic":"church","building":"yes","osm_id":176512639}},{"type":"Feature","geometry":{"type":"Polygon","coordinates":[[[9.1786504,45.4602384],[9.1786904,45.460247],[9.1787354,45.4602566],[9.1788344,45.4602777],[9.1788684,45.4601994],[9.1786645,45.4601559],[9.1786458,45.460199],[9.1786657,45.4602032],[9.1786504,45.4602384]]]},"properties":{"site":"milan","name":null,"category":"other","historic":null,"building":"yes","osm_id":176556422}},{"type":"Feature","geometry":{"type":"Polygon","coordinates":[[[9.1812709,45.4576201],[9.1812457,45.4575727],[9.1811564,45.4575801],[9.1811475,45.457534],[9.1810929,45.4575408],[9.1810946,45.457559],[9.181101,45.4576153],[9.1811091,45.4576507],[9.181235,45.4576268],[9.1812709,45.4576201]]]},"properties":{"site":"milan","name":null,"category":"other","historic":null,"building":"apartments","osm_id":176572470}},{"type":"Feature","geometry":{"type":"Polygon","coordinates":[[[9.1858758,45.4615024],[9.1860164,45.4615819],[9.1860438,45.461559],[9.1860991,45.4615945],[9.1861867,45.4616604],[9.18623,45.461701],[9.1862292,45.4617079],[9.1862778,45.4617203],[9.1862426,45.4617631],[9.1862072,45.4617905],[9.1860982,45.4618675],[9.1860612,45.4618382],[9.1860883,45.4617987],[9.1858991,45.4616594],[9.1857955,45.4615796],[9.1858758,45.4615024]]]},"properties":{"site":"milan","name":null,"category":"other","historic":null,"building":"yes","osm_id":179332806}},{"type":"Feature","geometry":{"type":"Polygon","coordinates":[[[9.1917953,45.4692626],[9.1918183,45.4692847],[9.1919456,45.4693996],[9.1919081,45.4694209],[9.1917937,45.4694924],[9.1917076,45.4694213],[9.191718,45.4694083],[9.1917676,45.4693784],[9.1916949,45.4693226],[9.1917953,45.4692626]]]},"properties":{"site":"milan","name":null,"category":"other","historic":null,"building":"apartments","osm_id":181724260}},{"type":"Feature","geometry":{"type":"Polygon","coordinates":[[[9.1917953,45.4692626],[9.1916949,45.4693226],[9.1916442,45.4693529],[9.1916309,45.4693604],[9.1915807,45.4693115],[9.1916331,45.4692812],[9.1915867,45.4692337],[9.1915285,45.4692683],[9.1914566,45.4692026],[9.1914747,45.4691929],[9.1916186,45.4691161],[9.1917953,45.4692626]]]},"properties":{"site":"milan","name":null,"category":"other","historic":null,"building":"apartments","osm_id":181724263}},{"type":"Feature","geometry":{"type":"Polygon","coordinates":[[[9.1916877,45.4674923],[9.1916165,45.4675844],[9.1915175,45.467547],[9.1915234,45.4675196],[9.1915617,45.467456],[9.191507,45.4674405],[9.1915738,45.4673386],[9.1916258,45.4673519],[9.1916603,45.4673074],[9.1913716,45.4672134],[9.1913451,45.4672575],[9.1914109,45.4672749],[9.1913397,45.4673904],[9.1912818,45.4673686],[9.1911185,45.4673091],[9.1911495,45.4672544],[9.1912428,45.4671162],[9.1912234,45.4671066],[9.1912782,45.4670281],[9.1913667,45.467057],[9.1916203,45.4671398],[9.1917832,45.467193],[9.1918105,45.4672011],[9.1918675,45.4671447],[9.1919084,45.4671645],[9.191946,45.4671827],[9.1918855,45.4672494],[9.1918344,45.4673107],[9.1918009,45.467298],[9.1917715,45.4673392],[9.1918067,45.4673534],[9.1916877,45.4674923]]]},"properties":{"site":"milan","name":null,"category":"other","historic":null,"building":"apartments","osm_id":182194580}},{"type":"Feature","geometry":{"type":"Polygon","coordinates":[[[9.1807893,45.464801],[9.1808089,45.4647268],[9.1809003,45.4647387],[9.1808808,45.4648129],[9.1807893,45.464801]]]},"properties":{"site":"milan","name":"Torre dei Gorani","category":"other","historic":"building","building":"yes","osm_id":182569112}},{"type":"Feature","geometry":{"type":"Polygon","coordinates":[[[9.1831276,45.4634849],[9.1831162,45.463508],[9.1830682,45.4634946],[9.1830587,45.4635196],[9.1830501,45.4635422],[9.1830646,45.4635478],[9.183081,45.4635129],[9.1831856,45.4635432],[9.183166,45.4635809],[9.1831763,45.4635978],[9.1832479,45.4636202],[9.1832976,45.463632],[9.1833489,45.4635428],[9.1831276,45.4634849]]]},"properties":{"site":"milan","name":null,"category":"other","historic":null,"building":"yes","osm_id":182571214}},{"type":"Feature","geometry":{"type":"Polygon","coordinates":[[[9.1833213,45.4630238],[9.1833465,45.4630486],[9.1833841,45.4630295],[9.1834238,45.463059],[9.1834539,45.4630972],[9.1834166,45.4631152],[9.1834233,45.4631303],[9.1833906,45.4631573],[9.1833756,45.4631437],[9.1833577,45.4631601],[9.1833171,45.4631185],[9.183271,45.4630905],[9.1832165,45.4630803],[9.1831748,45.4630856],[9.1831356,45.4631087],[9.1831159,45.4631362],[9.1831058,45.4631562],[9.1833197,45.4632046],[9.1832134,45.4632964],[9.1830437,45.4632579],[9.1829274,45.4632315],[9.183083,45.4630596],[9.1830683,45.4630504],[9.1831179,45.4630118],[9.183142,45.4630353],[9.1831689,45.4630174],[9.1831434,45.462992],[9.1832024,45.4629572],[9.1832909,45.4630353],[9.183309,45.4630282],[9.1833213,45.4630238]]]},"properties":{"site":"milan","name":null,"category":"other","historic":null,"building":"yes","osm_id":182571216}},{"type":"Feature","geometry":{"type":"Polygon","coordinates":[[[9.1843816,45.4631197],[9.1842206,45.4630134],[9.1842483,45.4629905],[9.1842631,45.4630021],[9.1842878,45.4629832],[9.1843532,45.4630234],[9.1843771,45.4630035],[9.1842979,45.4629503],[9.1843598,45.4629022],[9.1844783,45.4629788],[9.1844547,45.4629964],[9.1844985,45.4630282],[9.1844425,45.4630721],[9.1843816,45.4631197]]]},"properties":{"site":"milan","name":null,"category":"other","historic":null,"building":"yes","osm_id":182573110}},{"type":"Feature","geometry":{"type":"Polygon","coordinates":[[[9.1867252,45.4676062],[9.1866766,45.4676854],[9.1866934,45.4676916],[9.1866688,45.4677261],[9.1868771,45.4678086],[9.1867819,45.4679195],[9.1865879,45.4678323],[9.1865721,45.4678511],[9.1865498,45.4678421],[9.1864955,45.4679062],[9.1865262,45.4679211],[9.1864875,45.467973],[9.1865486,45.4679974],[9.1865307,45.4680193],[9.1866015,45.4680486],[9.1866221,45.4680269],[9.1867199,45.4680743],[9.1868081,45.4679672],[9.1868251,45.4679785],[9.1868578,45.467943],[9.1869018,45.4679597],[9.1869576,45.4679309],[9.1869386,45.4679132],[9.186976,45.4678932],[9.1869889,45.4679061],[9.1870892,45.4678554],[9.1870711,45.4678391],[9.1870502,45.4678204],[9.1871006,45.4677621],[9.1869806,45.4677125],[9.1869487,45.4676987],[9.1868522,45.4676568],[9.186778,45.4676258],[9.1867252,45.4676062]]]},"properties":{"site":"milan","name":null,"category":"other","historic":null,"building":"apartments","osm_id":182697001}},{"type":"Feature","geometry":{"type":"Polygon","coordinates":[[[9.1866784,45.4672076],[9.1866723,45.4672055],[9.1866849,45.4671795],[9.1865582,45.4671507],[9.1865129,45.4672453],[9.1867026,45.4673148],[9.1867303,45.467283],[9.186657,45.4672575],[9.1866784,45.4672076]]]},"properties":{"site":"milan","name":null,"category":"other","historic":null,"building":"yes","osm_id":182697002}},{"type":"Feature","geometry":{"type":"Polygon","coordinates":[[[9.1870892,45.4678554],[9.1869889,45.4679061],[9.1870171,45.4679315],[9.1869728,45.4679482],[9.1869576,45.4679309],[9.1869018,45.4679597],[9.1868931,45.4679674],[9.1869533,45.4680257],[9.1868123,45.4680947],[9.1868183,45.4680974],[9.1867646,45.4681208],[9.1868073,45.4681623],[9.1868385,45.4681468],[9.1868768,45.4681873],[9.1869266,45.4681689],[9.1869274,45.4681707],[9.1871034,45.4680921],[9.1871801,45.4681833],[9.1872186,45.4681694],[9.1873386,45.4681206],[9.1872177,45.467992],[9.1871619,45.4679326],[9.1870892,45.4678554]]]},"properties":{"site":"milan","name":null,"category":"other","historic":null,"building":"apartments","osm_id":182697004}},{"type":"Feature","geometry":{"type":"Polygon","coordinates":[[[9.1874706,45.4663337],[9.1874652,45.466347],[9.1874744,45.4663497],[9.187465,45.4663642],[9.1874409,45.4663571],[9.1874342,45.4663686],[9.1874091,45.4664195],[9.1872924,45.4663885],[9.1872727,45.4664242],[9.1873622,45.4664487],[9.1873145,45.4665183],[9.1875028,45.4665797],[9.1875692,45.466472],[9.1876572,45.4663292],[9.1876615,45.4663195],[9.1876608,45.4663102],[9.1876549,45.4663031],[9.187646,45.4662965],[9.1875222,45.4662549],[9.1874706,45.4663337]]]},"properties":{"site":"milan","name":null,"category":"other","historic":null,"building":"apartments","osm_id":182697007}},{"type":"Feature","geometry":{"type":"Polygon","coordinates":[[[9.1861467,45.4679683],[9.1862695,45.4679913],[9.1861991,45.4683368],[9.1860701,45.4683335],[9.1859787,45.4683148],[9.1860507,45.4679759],[9.1861467,45.4679683]]]},"properties":{"site":"milan","name":null,"category":"other","historic":null,"building":"apartments","osm_id":182698747}},{"type":"Feature","geometry":{"type":"Polygon","coordinates":[[[9.1863372,45.471335],[9.1863435,45.4713075],[9.1863548,45.4712616],[9.1863681,45.4712199],[9.1864546,45.4712222],[9.1864333,45.4713466],[9.1863372,45.471335]]]},"properties":{"site":"milan","name":null,"category":"other","historic":null,"building":"yes","osm_id":189218433}},{"type":"Feature","geometry":{"type":"Polygon","coordinates":[[[9.1869119,45.4712729],[9.1868892,45.4713844],[9.186936,45.47139],[9.1869289,45.4714489],[9.1870647,45.47146],[9.1870738,45.4714027],[9.1871478,45.4714098],[9.1871756,45.4712995],[9.1869119,45.4712729]]]},"properties":{"site":"milan","name":null,"category":"other","historic":null,"building":"yes","osm_id":189218434}},{"type":"Feature","geometry":{"type":"Polygon","coordinates":[[[9.1868781,45.4716953],[9.1869314,45.4714882],[9.1867411,45.4714689],[9.1867386,45.4714853],[9.1865319,45.4714601],[9.1865078,45.4715679],[9.1867463,45.4715975],[9.1867325,45.47167],[9.1868094,45.4716775],[9.1868075,45.4716864],[9.1868781,45.4716953]]]},"properties":{"site":"milan","name":null,"category":"other","historic":null,"building":"yes","osm_id":189218435}},{"type":"Feature","geometry":{"type":"Polygon","coordinates":[[[9.1948279,45.468933],[9.1949132,45.4689818],[9.1948825,45.4690069],[9.1948951,45.4690141],[9.1948152,45.4690818],[9.1947065,45.4690104],[9.194648,45.4690411],[9.1945876,45.4690851],[9.1946662,45.4691366],[9.1947631,45.4691952],[9.1950186,45.4689887],[9.1948625,45.4688971],[9.1948519,45.4689086],[9.1948279,45.468933]]]},"properties":{"site":"milan","name":null,"category":"other","historic":null,"building":"yes","osm_id":189240171}},{"type":"Feature","geometry":{"type":"Polygon","coordinates":[[[9.1963911,45.4678885],[9.1965254,45.4677542],[9.1965682,45.4677114],[9.1966804,45.467773],[9.1966217,45.4678383],[9.1966774,45.4678595],[9.1967398,45.4678005],[9.1967964,45.4678283],[9.1967762,45.4678446],[9.1968244,45.4678755],[9.1967792,45.4679138],[9.1967314,45.4679876],[9.1966058,45.4679534],[9.1966252,45.4679134],[9.1965461,45.4678862],[9.196519,45.4679323],[9.1963911,45.4678885]]]},"properties":{"site":"milan","name":null,"category":"other","historic":null,"building":"yes","osm_id":189326308}},{"type":"Feature","geometry":{"type":"Polygon","coordinates":[[[9.1981097,45.4676792],[9.1979403,45.467732],[9.197834,45.4677641],[9.1977054,45.4677981],[9.1977033,45.4677997],[9.1977346,45.4678323],[9.1976812,45.4678542],[9.1977686,45.4679572],[9.1978977,45.4679023],[9.197843,45.4678316],[9.1979873,45.4677706],[9.1980603,45.4678466],[9.1980685,45.4678551],[9.198214,45.4678069],[9.1982067,45.4677905],[9.1981097,45.4676792]]]},"properties":{"site":"milan","name":"Casa Barelli","category":"other","historic":null,"building":"apartments","osm_id":189326309}},{"type":"Feature","geometry":{"type":"Polygon","coordinates":[[[9.1960799,45.4682057],[9.1962686,45.4683128],[9.1963084,45.4682757],[9.1963486,45.4683007],[9.1963806,45.4682745],[9.1963898,45.46828],[9.196412,45.468258],[9.196482,45.4681936],[9.1963418,45.4681478],[9.196276,45.4682097],[9.1962184,45.4681785],[9.1962717,45.4681234],[9.196203,45.4680868],[9.1961812,45.4681079],[9.1960799,45.4682057]]]},"properties":{"site":"milan","name":null,"category":"other","historic":null,"building":"yes","osm_id":189326313}},{"type":"Feature","geometry":{"type":"Polygon","coordinates":[[[9.1977993,45.4680661],[9.1979677,45.4680248],[9.198099,45.4679812],[9.1980512,45.4679149],[9.1981146,45.4678954],[9.1981542,45.4679536],[9.1983028,45.4678973],[9.198214,45.4678069],[9.1980685,45.4678551],[9.1980603,45.4678466],[9.1978977,45.4679023],[9.1977686,45.4679572],[9.1977858,45.4679741],[9.1977362,45.4679967],[9.1977993,45.4680661]]]},"properties":{"site":"milan","name":null,"category":"other","historic":null,"building":"apartments","osm_id":189326319}},{"type":"Feature","geometry":{"type":"Polygon","coordinates":[[[9.1979403,45.467732],[9.1981097,45.4676792],[9.1980202,45.46755],[9.1979887,45.4675045],[9.1978465,45.4675536],[9.1976253,45.4676319],[9.1976549,45.4676927],[9.1972999,45.4677894],[9.1973337,45.467849],[9.197284,45.4678591],[9.1973218,45.4679262],[9.1974164,45.4679064],[9.1974113,45.4678851],[9.1975708,45.4678379],[9.1975627,45.467826],[9.1976091,45.4678134],[9.1975889,45.467774],[9.1976804,45.4677503],[9.1977054,45.4677981],[9.197834,45.4677641],[9.197757,45.4676309],[9.1978444,45.4675993],[9.1979403,45.467732]]]},"properties":{"site":"milan","name":null,"category":"other","historic":null,"building":"apartments","osm_id":189326523}},{"type":"Feature","geometry":{"type":"Polygon","coordinates":[[[9.1959061,45.4646056],[9.1958941,45.4647137],[9.1960966,45.46473],[9.1961008,45.4647114],[9.1961137,45.464664],[9.1960541,45.4646578],[9.1960581,45.4646188],[9.1960203,45.4646148],[9.1959061,45.4646056]]]},"properties":{"site":"milan","name":null,"category":"other","historic":null,"building":"yes","osm_id":189797569}},{"type":"Feature","geometry":{"type":"Polygon","coordinates":[[[9.1956248,45.4688052],[9.1955565,45.4687743],[9.1954735,45.4688635],[9.1954118,45.4688374],[9.1955995,45.4686483],[9.1957726,45.4684781],[9.1958405,45.4685147],[9.195904,45.468549],[9.1957953,45.468647],[9.1957891,45.4686582],[9.1957645,45.4686458],[9.1957823,45.4686328],[9.195709,45.4685987],[9.19565,45.4686577],[9.1957363,45.4687054],[9.1956248,45.4688052]]]},"properties":{"site":"milan","name":null,"category":"other","historic":null,"building":"yes","osm_id":189838030}},{"type":"Feature","geometry":{"type":"Polygon","coordinates":[[[9.1798995,45.4605864],[9.1798841,45.4606795],[9.1798829,45.4606879],[9.1796475,45.4606951],[9.1795798,45.460689],[9.1796222,45.4605762],[9.1796634,45.4605833],[9.179687,45.4605148],[9.1796477,45.4605094],[9.1796963,45.4603823],[9.1798251,45.4604077],[9.1797609,45.4605774],[9.1798995,45.4605864]]]},"properties":{"site":"milan","name":null,"category":"other","historic":null,"building":"apartments","osm_id":190037484}},{"type":"Feature","geometry":{"type":"Polygon","coordinates":[[[9.1922344,45.4629538],[9.1922945,45.4628371],[9.1923605,45.4628366],[9.1923558,45.4629554],[9.1922344,45.4629538]]]},"properties":{"site":"milan","name":null,"category":"other","historic":null,"building":"yes","osm_id":198492543}},{"type":"Feature","geometry":{"type":"Polygon","coordinates":[[[9.1850164,45.4611173],[9.1850878,45.4611531],[9.1851403,45.4611812],[9.1852082,45.4612225],[9.1852307,45.4612051],[9.1852809,45.4611737],[9.1853024,45.4611469],[9.1853141,45.4611229],[9.1853682,45.4610535],[9.1853137,45.461042],[9.1852538,45.4611164],[9.1852096,45.4610995],[9.1852057,45.461082],[9.1851893,45.4610766],[9.1852295,45.4610227],[9.1851143,45.4609982],[9.1850164,45.4611173]]]},"properties":{"site":"milan","name":null,"category":"other","historic":null,"building":"yes","osm_id":202391184}},{"type":"Feature","geometry":{"type":"Polygon","coordinates":[[[9.1860798,45.4601207],[9.1860001,45.4602874],[9.185937,45.4602759],[9.1858805,45.4603664],[9.1858841,45.4603854],[9.1858463,45.4604698],[9.1858457,45.4604947],[9.1857411,45.4604787],[9.185725,45.4605125],[9.1855641,45.4604829],[9.1855694,45.4604628],[9.1854715,45.4604363],[9.1855704,45.460266],[9.18568,45.4602986],[9.1856579,45.460354],[9.185668,45.4603691],[9.1857324,45.4603908],[9.1858517,45.4601834],[9.185782,45.4601659],[9.1857538,45.4601763],[9.1857236,45.4602186],[9.1856085,45.4601939],[9.1856582,45.4601084],[9.1857183,45.4600818],[9.1857598,45.4600639],[9.1857724,45.4600586],[9.1858007,45.4600517],[9.1858452,45.4600565],[9.1860798,45.4601207]]]},"properties":{"site":"milan","name":null,"category":"other","historic":null,"building":"yes","osm_id":202391185}},{"type":"Feature","geometry":{"type":"Polygon","coordinates":[[[9.1852082,45.4612225],[9.1853223,45.4613098],[9.1853483,45.4613297],[9.185358,45.4613215],[9.1854563,45.4612466],[9.1854912,45.4612021],[9.1855684,45.4610874],[9.1855195,45.4610791],[9.1855089,45.4610775],[9.1853989,45.461058],[9.1853682,45.4610535],[9.1853141,45.4611229],[9.1853024,45.4611469],[9.1852809,45.4611737],[9.1852307,45.4612051],[9.1852082,45.4612225]]]},"properties":{"site":"milan","name":null,"category":"other","historic":null,"building":"yes","osm_id":202391186}},{"type":"Feature","geometry":{"type":"Polygon","coordinates":[[[9.185678,45.4615445],[9.1858807,45.4614007],[9.1859391,45.4613468],[9.1859668,45.4613106],[9.1859903,45.4612632],[9.1860237,45.4611583],[9.1855684,45.4610874],[9.1854912,45.4612021],[9.1854563,45.4612466],[9.185358,45.4613215],[9.185678,45.4615445]]]},"properties":{"site":"milan","name":null,"category":"other","historic":null,"building":"yes","osm_id":202391188}},{"type":"Feature","geometry":{"type":"Polygon","coordinates":[[[9.185213,45.4608599],[9.1851143,45.4609982],[9.1852295,45.4610227],[9.185253,45.4610272],[9.1853055,45.4609317],[9.1854407,45.4609688],[9.1854165,45.4610186],[9.1853989,45.461058],[9.1855089,45.4610775],[9.1855272,45.4610342],[9.1854979,45.4610303],[9.1855426,45.4609227],[9.185446,45.4609011],[9.1854366,45.4609166],[9.185213,45.4608599]]]},"properties":{"site":"milan","name":null,"category":"other","historic":null,"building":"yes","osm_id":202391189}},{"type":"Feature","geometry":{"type":"Polygon","coordinates":[[[9.1860991,45.4615945],[9.1861617,45.4615062],[9.1861276,45.461493],[9.186157,45.4614494],[9.1860681,45.4614165],[9.1859952,45.4613724],[9.1858758,45.4615024],[9.1860164,45.4615819],[9.1860438,45.461559],[9.1860991,45.4615945]]]},"properties":{"site":"milan","name":null,"category":"other","historic":null,"building":"yes","osm_id":202392352}},{"type":"Feature","geometry":{"type":"Polygon","coordinates":[[[9.1864185,45.4613679],[9.1864059,45.4612706],[9.1863829,45.4612409],[9.1863271,45.4611745],[9.1862769,45.4612123],[9.186249,45.4612334],[9.1862045,45.4612202],[9.1861807,45.4612578],[9.1862094,45.4612666],[9.1861873,45.4612996],[9.1863041,45.4613099],[9.1863038,45.4613444],[9.1862746,45.4613466],[9.1862775,45.4613821],[9.1863092,45.4613957],[9.1863216,45.4613955],[9.1863089,45.4613605],[9.1864185,45.4613679]]]},"properties":{"site":"milan","name":null,"category":"other","historic":null,"building":"yes","osm_id":202392353}},{"type":"Feature","geometry":{"type":"Polygon","coordinates":[[[9.1861737,45.4610886],[9.1862675,45.4611176],[9.1862782,45.4611278],[9.1863271,45.4611745],[9.1862769,45.4612123],[9.186249,45.4612334],[9.1862045,45.4612202],[9.1861807,45.4612578],[9.1862094,45.4612666],[9.1861873,45.4612996],[9.1861707,45.4613293],[9.1860592,45.4612804],[9.1861219,45.4611701],[9.1861737,45.4610886]]]},"properties":{"site":"milan","name":null,"category":"other","historic":null,"building":"apartments","osm_id":202392354}},{"type":"Feature","geometry":{"type":"Polygon","coordinates":[[[9.1861984,45.4614633],[9.186157,45.4614494],[9.1860681,45.4614165],[9.1859952,45.4613724],[9.1860592,45.4612804],[9.1861707,45.4613293],[9.1861916,45.4613338],[9.1861626,45.4613766],[9.1862125,45.4613941],[9.1862069,45.4614049],[9.1862299,45.4614123],[9.1862235,45.4614227],[9.1861984,45.4614633]]]},"properties":{"site":"milan","name":null,"category":"other","historic":null,"building":"yes","osm_id":202392355}},{"type":"Feature","geometry":{"type":"Polygon","coordinates":[[[9.1865062,45.4617713],[9.1863161,45.4620308],[9.1860982,45.4618675],[9.1862072,45.4617905],[9.1862568,45.4618195],[9.1862369,45.46184],[9.1862859,45.4618744],[9.1863305,45.4618193],[9.1863052,45.4618061],[9.186331,45.4617631],[9.1863553,45.4617694],[9.1863704,45.461743],[9.1863945,45.4617512],[9.186397,45.4617481],[9.1865062,45.4617713]]]},"properties":{"site":"milan","name":null,"category":"other","historic":null,"building":"apartments","osm_id":202395342}},{"type":"Feature","geometry":{"type":"Polygon","coordinates":[[[9.1934434,45.4613182],[9.1938556,45.4612668],[9.1938554,45.461276],[9.1938937,45.4612712],[9.1939354,45.4612661],[9.1939247,45.4612222],[9.193921,45.4612117],[9.1938597,45.4612206],[9.1937963,45.4609887],[9.1937282,45.4610014],[9.1935525,45.4610218],[9.1934474,45.4610355],[9.1934611,45.4610594],[9.193377,45.4610692],[9.1934246,45.4612438],[9.1934434,45.4613182]]]},"properties":{"site":"milan","name":"Chiesa di Sant'Antonio Abate","category":"medieval","historic":null,"building":"church","osm_id":204328555}},{"type":"Feature","geometry":{"type":"Polygon","coordinates":[[[9.1920692,45.4628751],[9.192085,45.4628773],[9.1921209,45.4628854],[9.1921697,45.4628753],[9.1921884,45.4628385],[9.1921682,45.4628032],[9.1921154,45.4627901],[9.1920999,45.4627977],[9.1921217,45.4627691],[9.1921179,45.4627639],[9.1921218,45.4627514],[9.1921059,45.4627473],[9.1921012,45.4627408],[9.1920575,45.4627287],[9.1920502,45.4627311],[9.1920384,45.4627275],[9.1920325,45.4627368],[9.1920236,45.4627396],[9.1920104,45.462766],[9.1918961,45.4627358],[9.1917439,45.4627014],[9.1916877,45.4627631],[9.1917605,45.4627994],[9.1917675,45.4627929],[9.1918218,45.4628073],[9.1919902,45.4628504],[9.1920221,45.4628005],[9.192062,45.4628115],[9.1920452,45.4628463],[9.1920692,45.4628751]]]},"properties":{"site":"milan","name":"Chiesa di San Gottardo in Corte","category":"medieval","historic":null,"building":"church","osm_id":204329261}},{"type":"Feature","geometry":{"type":"Polygon","coordinates":[[[9.1916104,45.4689272],[9.1916292,45.4689188],[9.1917483,45.4688654],[9.1917132,45.4688218],[9.1917831,45.4687852],[9.1917273,45.4687348],[9.1917131,45.4687223],[9.1917039,45.4687274],[9.1916569,45.4686828],[9.191649,45.4686865],[9.1916109,45.4686517],[9.1916019,45.4686576],[9.1915648,45.4686227],[9.1914789,45.4685436],[9.1916402,45.4684676],[9.1915991,45.4684275],[9.1914386,45.468507],[9.1913797,45.4684349],[9.1915317,45.4683685],[9.1916085,45.4683349],[9.1915642,45.4682812],[9.1915471,45.4682248],[9.1914723,45.4682533],[9.1914384,45.4682662],[9.1912782,45.468347],[9.1912902,45.4683622],[9.1911709,45.4684175],[9.1914014,45.4686863],[9.1916104,45.4689272]]]},"properties":{"site":"milan","name":null,"category":"other","historic":null,"building":"yes","osm_id":204613592}},{"type":"Feature","geometry":{"type":"Polygon","coordinates":[[[9.1855106,45.4676458],[9.1855188,45.4676198],[9.1855356,45.4676229],[9.185555,45.4675741],[9.18558,45.4675054],[9.1854238,45.4674767],[9.1852745,45.4674488],[9.1852781,45.4674392],[9.1852113,45.4674268],[9.1852048,45.4674439],[9.1851533,45.4674333],[9.1851281,45.4674318],[9.1851072,45.4674347],[9.1850767,45.467448],[9.1850625,45.467471],[9.1850616,45.467494],[9.1850679,45.467504],[9.1850719,45.4675086],[9.1850921,45.4675244],[9.1851673,45.4675405],[9.1851635,45.4675516],[9.1853456,45.467587],[9.1853353,45.4676217],[9.1853745,45.4676267],[9.1855106,45.4676458]]]},"properties":{"site":"milan","name":"Chiesa di San Tomaso","category":"medieval","historic":null,"building":"church","osm_id":204613676}},{"type":"Feature","geometry":{"type":"Polygon","coordinates":[[[9.1949568,45.4701346],[9.194969,45.4701419],[9.1950288,45.4701775],[9.1949368,45.4702577],[9.1948996,45.470234],[9.1948738,45.4702546],[9.1948882,45.4702651],[9.1948784,45.4702734],[9.1948966,45.4702856],[9.194855,45.4703178],[9.1948182,45.470287],[9.1947834,45.4702617],[9.1948361,45.4702216],[9.1948915,45.4701817],[9.1949568,45.4701346]]]},"properties":{"site":"milan","name":null,"category":"other","historic":null,"building":"yes","osm_id":204712497}},{"type":"Feature","geometry":{"type":"Polygon","coordinates":[[[9.1917273,45.4687348],[9.1917131,45.4687223],[9.1917039,45.4687274],[9.1916569,45.4686828],[9.191649,45.4686865],[9.1916109,45.4686517],[9.1918356,45.4685276],[9.1919832,45.4686581],[9.1919259,45.4686938],[9.1920374,45.468802],[9.1919768,45.468832],[9.1918138,45.468689],[9.1917273,45.4687348]]]},"properties":{"site":"milan","name":null,"category":"other","historic":null,"building":"yes","osm_id":204713428}},{"type":"Feature","geometry":{"type":"Polygon","coordinates":[[[9.1941886,45.4704552],[9.1943369,45.4703474],[9.1942238,45.470262],[9.1941752,45.4702254],[9.1940719,45.4701474],[9.1940554,45.4701349],[9.1940446,45.4701416],[9.1939745,45.4700927],[9.1939441,45.4701133],[9.1939233,45.4700978],[9.1938714,45.4701308],[9.1939018,45.4701617],[9.1938877,45.4701667],[9.19397,45.4702529],[9.1939126,45.4702817],[9.1939035,45.4702747],[9.1937549,45.4703406],[9.193777,45.4703664],[9.1939234,45.4705077],[9.1940619,45.4704463],[9.1939791,45.4703571],[9.1941563,45.4702724],[9.1942635,45.4703501],[9.1940853,45.4704714],[9.1940931,45.4704787],[9.1941043,45.4704729],[9.1941329,45.4704998],[9.1941619,45.4704744],[9.1941886,45.4704552]]]},"properties":{"site":"milan","name":null,"category":"other","historic":null,"building":"apartments","osm_id":204714603}},{"type":"Feature","geometry":{"type":"Polygon","coordinates":[[[9.1987789,45.4601127],[9.1988336,45.4601148],[9.198834,45.4601495],[9.1991369,45.4601676],[9.1991221,45.4602758],[9.1992647,45.4602854],[9.1992538,45.4603651],[9.1990863,45.4603538],[9.1990807,45.460391],[9.1990103,45.4603844],[9.1989501,45.460379],[9.1989571,45.4603448],[9.198801,45.4603343],[9.1987966,45.4603671],[9.1987468,45.4603637],[9.1987502,45.4603385],[9.1987366,45.4603375],[9.1987421,45.4602967],[9.1987263,45.4602957],[9.1987334,45.460244],[9.1987423,45.4601788],[9.1987584,45.4601799],[9.1987639,45.4601394],[9.1987775,45.4601403],[9.1987789,45.4601127]]]},"properties":{"site":"milan","name":"Tempio Israelitico","category":"temple","historic":null,"building":"synagogue","osm_id":204720649}},{"type":"Feature","geometry":{"type":"Polygon","coordinates":[[[9.191599,45.4635389],[9.1916687,45.4633995],[9.1915279,45.4633479],[9.1914622,45.4634716],[9.1914028,45.4636006],[9.1915278,45.4636299],[9.1915315,45.4636204],[9.1918831,45.4636215],[9.1920644,45.4636235],[9.1920961,45.4632512],[9.1919977,45.4632503],[9.1919993,45.4632836],[9.1920097,45.4632893],[9.1918568,45.463471],[9.191814,45.463455],[9.191807,45.4635383],[9.191599,45.4635389]]]},"properties":{"site":"milan","name":"Grande Museo del Duomo di Milano","category":"other","historic":null,"building":"public","osm_id":204721782}},{"type":"Feature","geometry":{"type":"Polygon","coordinates":[[[9.1913744,45.4654311],[9.1914895,45.4654384],[9.1914844,45.4654565],[9.191631,45.4654776],[9.1916457,45.4654184],[9.1917272,45.4654258],[9.1917456,45.4653485],[9.1916141,45.4653366],[9.1913956,45.4653211],[9.1913844,45.4653867],[9.1913744,45.4654311]]]},"properties":{"site":"milan","name":"Chiesa di San Raffaele","category":"medieval","historic":null,"building":"church","osm_id":207099939}},{"type":"Feature","geometry":{"type":"Polygon","coordinates":[[[9.1920321,45.4671569],[9.192228,45.4672385],[9.1923902,45.467306],[9.1925421,45.467107],[9.1926734,45.4671579],[9.1927119,45.4671076],[9.1925584,45.4670451],[9.1920841,45.4670962],[9.1920471,45.4670992],[9.1920321,45.4671569]]]},"properties":{"site":"milan","name":null,"category":"other","historic":null,"building":"apartments","osm_id":207101069}},{"type":"Feature","geometry":{"type":"Polygon","coordinates":[[[9.1921187,45.4672639],[9.1920218,45.4673825],[9.191935,45.467492],[9.1919019,45.4675335],[9.1918902,45.4675279],[9.191877,45.4675451],[9.1918177,45.4675231],[9.1918025,45.467539],[9.1916877,45.4674923],[9.1918067,45.4673534],[9.1919542,45.4674122],[9.1920355,45.4673121],[9.1918855,45.4672494],[9.191946,45.4671827],[9.1920391,45.4672299],[9.1921187,45.4672639]]]},"properties":{"site":"milan","name":"Casa degli Omenoni","category":"domus","historic":"yes","building":"yes","osm_id":207101070}},{"type":"Feature","geometry":{"type":"Polygon","coordinates":[[[9.1932461,45.4703241],[9.1932255,45.4703246],[9.1932312,45.4703448],[9.1932479,45.4703432],[9.19326,45.4703487],[9.1932581,45.4703573],[9.193286,45.4703814],[9.1933078,45.4704074],[9.1933191,45.4704074],[9.1933254,45.470416],[9.1933208,45.4704258],[9.1933396,45.4704389],[9.1933561,45.4704258],[9.1933486,45.4704198],[9.1933733,45.4704121],[9.1934038,45.4704045],[9.1934324,45.4704058],[9.1935931,45.4703132],[9.193589,45.470308],[9.1936214,45.4702532],[9.1936519,45.4702409],[9.1938212,45.4701437],[9.1937219,45.4700524],[9.1937509,45.4700385],[9.1937159,45.4700067],[9.1936773,45.4700289],[9.1936331,45.4700527],[9.193649,45.4700651],[9.1934901,45.470154],[9.1932772,45.4702774],[9.193279,45.4702908],[9.1932732,45.4703028],[9.1932598,45.4703094],[9.1932577,45.4703178],[9.1932461,45.4703241]]]},"properties":{"site":"milan","name":"Chiesa di San Francesco di Paola","category":"medieval","historic":null,"building":"church","osm_id":207101338}},{"type":"Feature","geometry":{"type":"Polygon","coordinates":[[[9.1814611,45.4652705],[9.1816535,45.4654002],[9.1817204,45.4654451],[9.1817661,45.4654756],[9.1818263,45.4655159],[9.1817807,45.4655763],[9.181723,45.465622],[9.1816297,45.465605],[9.1814973,45.4654784],[9.1813399,45.4653483],[9.181391,45.4653162],[9.1814611,45.4652705]]]},"properties":{"site":"milan","name":"Chiesa di Santa Maria alla Porta","category":"medieval","historic":null,"building":"church","osm_id":207104496}},{"type":"Feature","geometry":{"type":"Polygon","coordinates":[[[9.1842563,45.4610262],[9.184286,45.460984],[9.1843076,45.4609905],[9.1844457,45.4610322],[9.1843868,45.4611153],[9.184327,45.4610965],[9.184316,45.4611131],[9.1842765,45.4611003],[9.1843012,45.461063],[9.1842442,45.4610471],[9.1842563,45.4610262]]]},"properties":{"site":"milan","name":null,"category":"other","historic":null,"building":"apartments","osm_id":207376676}},{"type":"Feature","geometry":{"type":"Polygon","coordinates":[[[9.1838378,45.4609549],[9.184086,45.4610318],[9.1841132,45.460987],[9.1842563,45.4610262],[9.1842442,45.4610471],[9.1843012,45.461063],[9.1842765,45.4611003],[9.184316,45.4611131],[9.1843355,45.4611244],[9.1843434,45.4611378],[9.1843392,45.4611616],[9.1843212,45.4611765],[9.1843016,45.4611825],[9.1842727,45.4611812],[9.1841653,45.4611465],[9.1841304,45.461201],[9.1840231,45.4611653],[9.1840073,45.4611937],[9.1839751,45.4612031],[9.1838482,45.4611655],[9.1837257,45.4611243],[9.1837865,45.4610368],[9.1838378,45.4609549]]]},"properties":{"site":"milan","name":"Chiesa di San Giorgio al Palazzo","category":"medieval","historic":null,"building":"church","osm_id":207376677}},{"type":"Feature","geometry":{"type":"Polygon","coordinates":[[[9.1834877,45.4598779],[9.1835195,45.4598983],[9.1836124,45.459796],[9.1835701,45.4597664],[9.1834934,45.4598276],[9.1833843,45.4597549],[9.1834924,45.459705],[9.1834168,45.459647],[9.1833875,45.4596247],[9.183236,45.4596881],[9.1834101,45.4598209],[9.1834877,45.4598779]]]},"properties":{"site":"milan","name":null,"category":"other","historic":null,"building":"yes","osm_id":217611786}},{"type":"Feature","geometry":{"type":"Polygon","coordinates":[[[9.1836508,45.4600951],[9.1836252,45.4601459],[9.1835658,45.4601321],[9.1835938,45.4600831],[9.1835341,45.4600584],[9.1834073,45.4600176],[9.1833546,45.460002],[9.183332,45.4600433],[9.1834638,45.4600827],[9.1834336,45.4601735],[9.1836611,45.4602325],[9.1836948,45.4601644],[9.1837239,45.4601141],[9.1836508,45.4600951]]]},"properties":{"site":"milan","name":null,"category":"other","historic":null,"building":"yes","osm_id":217611787}},{"type":"Feature","geometry":{"type":"Polygon","coordinates":[[[9.1832639,45.4600262],[9.1832156,45.4601175],[9.1831259,45.4600931],[9.1830279,45.4600378],[9.1831666,45.4599322],[9.1832028,45.4599521],[9.1831603,45.4599858],[9.1832639,45.4600262]]]},"properties":{"site":"milan","name":null,"category":"other","historic":null,"building":"yes","osm_id":217611788}},{"type":"Feature","geometry":{"type":"Polygon","coordinates":[[[9.1856425,45.4657799],[9.1856415,45.4657707],[9.1856464,45.4657604],[9.1858153,45.4656359],[9.185837,45.4656308],[9.1858503,45.4656338],[9.1858581,45.4656414],[9.1858577,45.465654],[9.1858486,45.4656646],[9.1856859,45.4657827],[9.1856676,45.4657874],[9.1856518,45.4657865],[9.1856425,45.4657799]]]},"properties":{"site":"milan","name":null,"category":"other","historic":null,"building":"roof","osm_id":242710288}},{"type":"Feature","geometry":{"type":"Polygon","coordinates":[[[9.1871904,45.4693226],[9.1871739,45.4693623],[9.1870634,45.4693473],[9.1869976,45.4693405],[9.1869909,45.4693743],[9.1868905,45.469358],[9.1869012,45.4693247],[9.1869632,45.4691317],[9.1870989,45.4691416],[9.1872169,45.4691501],[9.1871904,45.4693226]]]},"properties":{"site":"milan","name":null,"category":"other","historic":null,"building":"apartments","osm_id":244656159}},{"type":"Feature","geometry":{"type":"Polygon","coordinates":[[[9.1847015,45.4715751],[9.1847159,45.4715256],[9.1848421,45.4715517],[9.1848145,45.4716536],[9.1847485,45.4716422],[9.1847338,45.4716993],[9.1847958,45.4717097],[9.1847879,45.4717543],[9.184772,45.4718111],[9.1846721,45.47179],[9.1846349,45.4717821],[9.1846715,45.4716891],[9.1846804,45.471658],[9.1847015,45.4715751]]]},"properties":{"site":"milan","name":null,"category":"other","historic":null,"building":"apartments","osm_id":250932182}},{"type":"Feature","geometry":{"type":"Polygon","coordinates":[[[9.1919746,45.4681048],[9.1921511,45.468192],[9.1921656,45.4681775],[9.1921471,45.4681701],[9.192212,45.4680989],[9.1923808,45.4681784],[9.1923297,45.4682327],[9.1923587,45.4682407],[9.1923743,45.4682275],[9.1924283,45.4682514],[9.1924141,45.4682647],[9.1924538,45.4682821],[9.1924678,45.4682666],[9.1925248,45.468291],[9.1925475,45.4682681],[9.1926685,45.4683161],[9.1926938,45.4682832],[9.192093,45.4680095],[9.1920733,45.4680254],[9.1919746,45.4681048]]]},"properties":{"site":"milan","name":null,"category":"other","historic":null,"building":"yes","osm_id":252423921}},{"type":"Feature","geometry":{"type":"Polygon","coordinates":[[[9.1875253,45.4699424],[9.1874859,45.4700368],[9.1875925,45.4700526],[9.1876082,45.4700083],[9.1876857,45.4700168],[9.1876723,45.470064],[9.1878207,45.4700847],[9.1878415,45.4700312],[9.1878624,45.4699777],[9.1875253,45.4699424]]]},"properties":{"site":"milan","name":null,"category":"other","historic":null,"building":"apartments","osm_id":252471042}},{"type":"Feature","geometry":{"type":"Polygon","coordinates":[[[9.1857787,45.4711895],[9.1858635,45.4711902],[9.1858845,45.471294],[9.1858131,45.4712947],[9.1858219,45.4713357],[9.1855656,45.4713732],[9.1855797,45.4714186],[9.1855423,45.4714242],[9.1855273,45.4713815],[9.1854915,45.4713868],[9.1855048,45.4714294],[9.1854119,45.4714523],[9.1853088,45.4713288],[9.185205,45.4712046],[9.185349,45.4711994],[9.1854114,45.4711983],[9.1855221,45.4711966],[9.185527,45.4712133],[9.1854166,45.4712165],[9.1854707,45.4713348],[9.1855862,45.4713131],[9.1855459,45.4712168],[9.1855966,45.4712134],[9.1856025,45.4712301],[9.1856362,45.4712303],[9.1856594,45.4712898],[9.1857952,45.4712703],[9.1857931,45.4712422],[9.1857787,45.4711895]]]},"properties":{"site":"milan","name":null,"category":"other","historic":null,"building":"yes","osm_id":254679241}},{"type":"Feature","geometry":{"type":"Polygon","coordinates":[[[9.1774831,45.4661989],[9.1774944,45.4661983],[9.1774833,45.4661723],[9.177493,45.4661719],[9.1774781,45.4661408],[9.177576,45.4661191],[9.1775487,45.4660498],[9.1776941,45.4660199],[9.1776963,45.4660263],[9.1778375,45.4659973],[9.1779654,45.4659729],[9.1779477,45.465927],[9.1779923,45.4659192],[9.1780382,45.4660451],[9.1779858,45.4660551],[9.1779782,45.466035],[9.1777265,45.4660844],[9.177812,45.4662568],[9.1780085,45.466216],[9.1780702,45.4663438],[9.1778584,45.466385],[9.1778983,45.4664779],[9.1777407,45.4665133],[9.1776587,45.4663516],[9.1776332,45.4662696],[9.1775184,45.4662898],[9.1774831,45.4661989]]]},"properties":{"site":"milan","name":null,"category":"other","historic":null,"building":"yes","osm_id":256056754}},{"type":"Feature","geometry":{"type":"Polygon","coordinates":[[[9.180749,45.4576613],[9.1807984,45.4577168],[9.1806198,45.4577918],[9.1805736,45.4577364],[9.180749,45.4576613]]]},"properties":{"site":"milan","name":null,"category":"other","historic":null,"building":"apartments","osm_id":260822319}},{"type":"Feature","geometry":{"type":"Polygon","coordinates":[[[9.1807131,45.4575417],[9.1807344,45.457616],[9.1805406,45.4576981],[9.1804889,45.4576419],[9.1806619,45.4575656],[9.1807131,45.4575417]]]},"properties":{"site":"milan","name":null,"category":"other","historic":null,"building":"yes","osm_id":260822320}},{"type":"Feature","geometry":{"type":"Polygon","coordinates":[[[9.180749,45.4576613],[9.1807344,45.457616],[9.1807131,45.4575417],[9.1807999,45.4575058],[9.1808096,45.4575638],[9.1808162,45.4575931],[9.1808237,45.4576381],[9.1808363,45.4577009],[9.1807984,45.4577168],[9.180749,45.4576613]]]},"properties":{"site":"milan","name":null,"category":"other","historic":null,"building":"apartments","osm_id":260822321}},{"type":"Feature","geometry":{"type":"Polygon","coordinates":[[[9.1814489,45.4575505],[9.181399,45.4574471],[9.181648,45.4573902],[9.1816982,45.4573789],[9.1816598,45.4572913],[9.1817958,45.4572567],[9.1818825,45.4574533],[9.1814489,45.4575505]]]},"properties":{"site":"milan","name":null,"category":"other","historic":null,"building":"apartments","osm_id":260830096}},{"type":"Feature","geometry":{"type":"Polygon","coordinates":[[[9.1812709,45.4576201],[9.1812457,45.4575727],[9.1812265,45.4575264],[9.1812109,45.4574894],[9.1812814,45.4574738],[9.181399,45.4574471],[9.1814489,45.4575505],[9.1813671,45.4575829],[9.1813181,45.4576039],[9.1812709,45.4576201]]]},"properties":{"site":"milan","name":null,"category":"other","historic":null,"building":"yes","osm_id":260830097}},{"type":"Feature","geometry":{"type":"Polygon","coordinates":[[[9.181648,45.4573902],[9.181399,45.4574471],[9.1812814,45.4574738],[9.1812452,45.4573856],[9.1816075,45.4573008],[9.181648,45.4573902]]]},"properties":{"site":"milan","name":null,"category":"other","historic":null,"building":"yes","osm_id":260830098}},{"type":"Feature","geometry":{"type":"Polygon","coordinates":[[[9.1819008,45.4588094],[9.1817352,45.4588185],[9.1817309,45.4587798],[9.181702,45.4587813],[9.1817026,45.4587873],[9.1815787,45.458795],[9.1815643,45.4586788],[9.1817238,45.4586703],[9.1818834,45.4586619],[9.1819008,45.4588094]]]},"properties":{"site":"milan","name":null,"category":"other","historic":null,"building":"yes","osm_id":260841447}},{"type":"Feature","geometry":{"type":"Polygon","coordinates":[[[9.1817352,45.4588185],[9.1819008,45.4588094],[9.1819118,45.4589027],[9.1819154,45.4589325],[9.1819156,45.4589381],[9.1819156,45.4589437],[9.181915,45.4589494],[9.181914,45.458955],[9.1819118,45.4589603],[9.1819087,45.4589655],[9.1819046,45.4589703],[9.1818995,45.4589748],[9.1818942,45.4589786],[9.1818885,45.4589821],[9.1818822,45.4589852],[9.1818754,45.4589878],[9.1818684,45.45899],[9.1818611,45.4589916],[9.1818534,45.4589928],[9.1818456,45.4589936],[9.1817853,45.4589988],[9.1816044,45.4590145],[9.1815827,45.4588988],[9.1816658,45.4588918],[9.1816638,45.458878],[9.1816997,45.458875],[9.1817016,45.4588888],[9.1817427,45.4588854],[9.1817401,45.4588623],[9.1817214,45.4588634],[9.1817183,45.4588356],[9.181737,45.4588345],[9.1817352,45.4588185]]]},"properties":{"site":"milan","name":null,"category":"other","historic":null,"building":"yes","osm_id":260841450}},{"type":"Feature","geometry":{"type":"Polygon","coordinates":[[[9.1824083,45.4662801],[9.1823983,45.4663408],[9.1823154,45.4663387],[9.1822373,45.466335],[9.1822444,45.4662743],[9.1824083,45.4662801]]]},"properties":{"site":"milan","name":"Chiesa dei Santi Sergio, Serafino e Vincenzo Martire","category":"medieval","historic":null,"building":"church","osm_id":261556678}},{"type":"Feature","geometry":{"type":"Polygon","coordinates":[[[9.1819604,45.4674075],[9.1819476,45.467413],[9.1819769,45.4674378],[9.1819593,45.4674479],[9.1819399,45.4674593],[9.1819903,45.4675015],[9.1820444,45.4675466],[9.1820575,45.4675388],[9.1820814,45.4675245],[9.1820908,45.4675324],[9.1820961,45.4675289],[9.1823236,45.4673977],[9.1823454,45.4674103],[9.1823817,45.4673739],[9.1823929,45.4673668],[9.1823287,45.4673381],[9.1823072,45.467319],[9.1823001,45.4673229],[9.1822612,45.4673066],[9.1822883,45.4672675],[9.1822206,45.4672438],[9.182214,45.4672401],[9.1821756,45.4672724],[9.1821817,45.4672792],[9.1819604,45.4674075]]]},"properties":{"site":"milan","name":"Santa Maria della Consolazione","category":"medieval","historic":null,"building":"church","osm_id":263999032}},{"type":"Feature","geometry":{"type":"Polygon","coordinates":[[[9.1793158,45.45752],[9.1793285,45.4575639],[9.1793589,45.4576698],[9.1793768,45.457732],[9.1793822,45.4577508],[9.1790362,45.457797],[9.1790296,45.4577978],[9.1790537,45.4578833],[9.179162,45.4578688],[9.1791614,45.4578661],[9.1794103,45.4578329],[9.1794184,45.4578626],[9.1793905,45.4578752],[9.1791823,45.4579694],[9.1791638,45.4579778],[9.1791837,45.4579986],[9.1792181,45.4580347],[9.1794441,45.4579324],[9.1794787,45.4579167],[9.1795825,45.4578698],[9.1798427,45.4577521],[9.1799294,45.4577128],[9.1798459,45.4576221],[9.179824,45.4576132],[9.1797624,45.4576237],[9.1797654,45.457632],[9.1795523,45.4577284],[9.1794849,45.4574907],[9.1794783,45.4574916],[9.1794624,45.4574357],[9.1794553,45.4574106],[9.1794434,45.4573688],[9.1789337,45.4574371],[9.1789542,45.4575171],[9.1788838,45.4575263],[9.1788374,45.457532],[9.1788357,45.4575251],[9.1788206,45.4575269],[9.1788222,45.4575327],[9.1788413,45.4576041],[9.1788743,45.4577273],[9.1790155,45.4577083],[9.1790269,45.4577067],[9.1789869,45.4575639],[9.179014,45.4575603],[9.1791025,45.4575485],[9.1792528,45.4575284],[9.1793158,45.45752]]]},"properties":{"site":"milan","name":"Parco Archeologico","category":"other","historic":null,"building":"public","osm_id":268469903}},{"type":"Feature","geometry":{"type":"Polygon","coordinates":[[[9.1789001,45.4572522],[9.1783422,45.4572653],[9.178377,45.4576628],[9.1783525,45.4576585],[9.1781607,45.4576254],[9.1781476,45.4575697],[9.1781414,45.457545],[9.1781149,45.4574389],[9.1778004,45.4574761],[9.1777119,45.4574648],[9.1776413,45.4574258],[9.177618,45.457367],[9.1776555,45.4571146],[9.1777979,45.4571036],[9.1778357,45.4568803],[9.1778517,45.4568798],[9.1779341,45.4568773],[9.1780453,45.4568739],[9.1780452,45.45687],[9.1781374,45.456869],[9.1781517,45.4567598],[9.1780669,45.4567605],[9.1778481,45.4567622],[9.1777232,45.4567632],[9.1777407,45.4566197],[9.1777438,45.4565947],[9.177902,45.4565954],[9.1781742,45.4564781],[9.1782068,45.4562737],[9.1789605,45.4562579],[9.1792318,45.4561589],[9.1793816,45.4561106],[9.1798685,45.4568763],[9.1797252,45.456899],[9.179653,45.4569239],[9.1796345,45.4569756],[9.1796256,45.4570249],[9.1796663,45.4572631],[9.1796547,45.4572648],[9.1796566,45.457271],[9.179535,45.4572857],[9.1794237,45.4572991],[9.178915,45.4573637],[9.1789001,45.4572522]]]},"properties":{"site":"milan","name":"Parco Archeologico dell'Anfiteatro Romano","category":"theater","historic":"archaeological_site","building":null,"osm_id":268643147}},{"type":"Feature","geometry":{"type":"Polygon","coordinates":[[[9.1988896,45.4609996],[9.1988844,45.4611157],[9.1987063,45.4611108],[9.1986814,45.4612723],[9.1985635,45.4612633],[9.1985075,45.4612592],[9.1985101,45.4612441],[9.198544,45.4610499],[9.1985531,45.4609917],[9.1987249,45.4609957],[9.1988896,45.4609996]]]},"properties":{"site":"milan","name":null,"category":"other","historic":null,"building":"apartments","osm_id":277785536}},{"type":"Feature","geometry":{"type":"Polygon","coordinates":[[[9.1984928,45.4613598],[9.1985017,45.4613096],[9.1985075,45.4612592],[9.1985635,45.4612633],[9.198559,45.4613147],[9.1985511,45.4613643],[9.1984928,45.4613598]]]},"properties":{"site":"milan","name":null,"category":"other","historic":null,"building":"roof","osm_id":277785539}},{"type":"Feature","geometry":{"type":"Polygon","coordinates":[[[9.196296,45.4592687],[9.1965383,45.4592807],[9.1966431,45.4586085],[9.1964018,45.4585934],[9.196296,45.4592687]]]},"properties":{"site":"milan","name":"Padiglione Devoto","category":"other","historic":null,"building":"hospital","osm_id":284685799}},{"type":"Feature","geometry":{"type":"Polygon","coordinates":[[[9.1966245,45.4593051],[9.196889,45.4592488],[9.1968424,45.4591411],[9.1965778,45.4591975],[9.1966245,45.4593051]]]},"properties":{"site":"milan","name":"Padiglione FEAL","category":"other","historic":null,"building":"yes","osm_id":284685801}},{"type":"Feature","geometry":{"type":"Polygon","coordinates":[[[9.1970006,45.45898],[9.1969804,45.4591128],[9.1970985,45.4591245],[9.1970961,45.4591718],[9.1972617,45.4591863],[9.1972721,45.4591332],[9.1974553,45.4591479],[9.1979284,45.4590437],[9.1979283,45.4590003],[9.1976201,45.4589774],[9.197536,45.4590232],[9.1970006,45.45898]]]},"properties":{"site":"milan","name":"Padiglione Alfieri","category":"other","historic":null,"building":"hospital","osm_id":284685804}},{"type":"Feature","geometry":{"type":"Polygon","coordinates":[[[9.1927119,45.4671076],[9.1927207,45.467111],[9.1927604,45.4671259],[9.1927987,45.4671404],[9.1928036,45.4671422],[9.1927651,45.4671924],[9.1927559,45.467189],[9.1927235,45.4671768],[9.1926809,45.4671607],[9.1926734,45.4671579],[9.1927119,45.4671076]]]},"properties":{"site":"milan","name":null,"category":"other","historic":null,"building":"yes","osm_id":299735474}},{"type":"Feature","geometry":{"type":"Polygon","coordinates":[[[9.1800894,45.4575635],[9.1800905,45.4575665],[9.1801015,45.4575646],[9.1801082,45.4575831],[9.1801334,45.4575788],[9.1801356,45.4575851],[9.1801879,45.4575758],[9.1802863,45.4575583],[9.180284,45.457552],[9.180309,45.4575475],[9.1803098,45.4575495],[9.1803467,45.4575429],[9.1803185,45.4574648],[9.1802902,45.4573867],[9.1802509,45.4573937],[9.1802527,45.4573986],[9.1802279,45.457403],[9.1802254,45.4573965],[9.1802213,45.4573973],[9.1800769,45.457423],[9.1800791,45.4574295],[9.1800543,45.4574339],[9.1800027,45.4574434],[9.1800083,45.4574579],[9.1800174,45.4574813],[9.180057,45.4574738],[9.1800894,45.4575635]]]},"properties":{"site":"milan","name":"Chiesa di Santa Maria della Vittoria","category":"medieval","historic":null,"building":"church","osm_id":310672626}},{"type":"Feature","geometry":{"type":"Polygon","coordinates":[[[9.1893941,45.4583345],[9.1894614,45.458065],[9.189302,45.4580458],[9.1892336,45.4583145],[9.1893941,45.4583345]]]},"properties":{"site":"milan","name":null,"category":"other","historic":null,"building":"apartments","osm_id":330139542}},{"type":"Feature","geometry":{"type":"Polygon","coordinates":[[[9.1895758,45.4585045],[9.1897447,45.4585221],[9.1897821,45.458366],[9.1898151,45.4582079],[9.1896536,45.4581901],[9.1895758,45.4585045]]]},"properties":{"site":"milan","name":null,"category":"other","historic":null,"building":"apartments","osm_id":330140447}},{"type":"Feature","geometry":{"type":"Polygon","coordinates":[[[9.1898151,45.4582079],[9.1896536,45.4581901],[9.1896787,45.4580549],[9.1896954,45.4580024],[9.1896922,45.4579981],[9.1898581,45.4580147],[9.1898473,45.4580753],[9.189822,45.4581734],[9.1898151,45.4582079]]]},"properties":{"site":"milan","name":null,"category":"other","historic":null,"building":"apartments","osm_id":330140448}},{"type":"Feature","geometry":{"type":"Polygon","coordinates":[[[9.1898581,45.4580147],[9.1896922,45.4579981],[9.1897459,45.4578032],[9.1899035,45.4578226],[9.1898746,45.4579456],[9.1898581,45.4580147]]]},"properties":{"site":"milan","name":null,"category":"other","historic":null,"building":"apartments","osm_id":330140449}},{"type":"Feature","geometry":{"type":"Polygon","coordinates":[[[9.1899035,45.4578226],[9.1897459,45.4578032],[9.1898044,45.4575267],[9.1898983,45.4575359],[9.1898967,45.4575424],[9.1899659,45.4575511],[9.1899295,45.4577057],[9.1899035,45.4578226]]]},"properties":{"site":"milan","name":null,"category":"other","historic":null,"building":"apartments","osm_id":330140450}},{"type":"Feature","geometry":{"type":"Polygon","coordinates":[[[9.1895141,45.4579779],[9.1895794,45.4577063],[9.1894171,45.4576901],[9.1893658,45.4579623],[9.1895141,45.4579779]]]},"properties":{"site":"milan","name":null,"category":"other","historic":null,"building":"apartments","osm_id":330140981}},{"type":"Feature","geometry":{"type":"Polygon","coordinates":[[[9.1890909,45.4576519],[9.1892464,45.4576703],[9.1891808,45.4579412],[9.1890242,45.4579228],[9.1890909,45.4576519]]]},"properties":{"site":"milan","name":null,"category":"other","historic":null,"building":"apartments","osm_id":330140982}},{"type":"Feature","geometry":{"type":"Polygon","coordinates":[[[9.1890158,45.4573026],[9.1890528,45.4571906],[9.1892559,45.4572295],[9.1892467,45.4573391],[9.1891328,45.45732],[9.1890158,45.4573026]]]},"properties":{"site":"milan","name":null,"category":"other","historic":null,"building":"apartments","osm_id":330149092}},{"type":"Feature","geometry":{"type":"Polygon","coordinates":[[[9.1878496,45.4572983],[9.1884692,45.4572752],[9.1884697,45.4572587],[9.1884583,45.4571398],[9.1884556,45.4571114],[9.1881466,45.4571255],[9.1881167,45.4571232],[9.1878346,45.4571376],[9.1878448,45.4572224],[9.1878496,45.4572983]]]},"properties":{"site":"milan","name":"Chiesa di San Paolo Converso","category":"medieval","historic":null,"building":"church","osm_id":330149094}},{"type":"Feature","geometry":{"type":"Polygon","coordinates":[[[9.1884697,45.4572587],[9.1884583,45.4571398],[9.1885412,45.4571364],[9.188453,45.4570241],[9.1883746,45.4570272],[9.188351,45.4567409],[9.1882424,45.4566276],[9.187875,45.4566457],[9.1878728,45.4566201],[9.1877175,45.4566268],[9.1877505,45.4570031],[9.1880087,45.4570141],[9.1880171,45.4571077],[9.1875949,45.4571252],[9.1875379,45.4563572],[9.1876934,45.4563516],[9.1877033,45.456465],[9.1877319,45.4564637],[9.1878584,45.4564581],[9.1878564,45.4564304],[9.1881871,45.4564148],[9.1881901,45.4564433],[9.1882986,45.4564386],[9.1891666,45.4567545],[9.189112,45.4568276],[9.1890422,45.4568015],[9.1890081,45.4568457],[9.1888756,45.4567984],[9.188805,45.4567733],[9.1885911,45.456697],[9.1885465,45.4567199],[9.1885655,45.4569556],[9.1885689,45.456998],[9.1886736,45.457131],[9.188808,45.4571255],[9.1890579,45.4571686],[9.1890528,45.4571906],[9.1890158,45.4573026],[9.1887955,45.4572605],[9.1885486,45.4572674],[9.1885484,45.4572553],[9.1884697,45.4572587]]]},"properties":{"site":"milan","name":"Palazzo RAS","category":"other","historic":null,"building":"office","osm_id":330149095}},{"type":"Feature","geometry":{"type":"Polygon","coordinates":[[[9.1896256,45.4574027],[9.1896666,45.4572951],[9.1897307,45.457306],[9.1897515,45.457211],[9.1899206,45.4572294],[9.1899021,45.4573166],[9.1898994,45.4573291],[9.190017,45.4573419],[9.189988,45.4574647],[9.1896256,45.4574027]]]},"properties":{"site":"milan","name":null,"category":"other","historic":null,"building":"apartments","osm_id":330149860}},{"type":"Feature","geometry":{"type":"Polygon","coordinates":[[[9.1897515,45.457211],[9.1897751,45.4571028],[9.1897097,45.4570793],[9.1897821,45.4569784],[9.1900801,45.4570826],[9.1900491,45.4571999],[9.1899302,45.4571832],[9.189927,45.4571988],[9.1899206,45.4572294],[9.1897515,45.457211]]]},"properties":{"site":"milan","name":null,"category":"other","historic":null,"building":"apartments","osm_id":330149861}},{"type":"Feature","geometry":{"type":"Polygon","coordinates":[[[9.1896256,45.4574027],[9.1896666,45.4572951],[9.1895119,45.4572688],[9.189476,45.4573796],[9.1895886,45.4573968],[9.1896256,45.4574027]]]},"properties":{"site":"milan","name":null,"category":"other","historic":null,"building":"apartments","osm_id":330149895}},{"type":"Feature","geometry":{"type":"Polygon","coordinates":[[[9.1893222,45.4569398],[9.1893943,45.4568373],[9.1895636,45.4568989],[9.1897821,45.4569784],[9.1897097,45.4570793],[9.1895669,45.4570279],[9.1895428,45.4570635],[9.1895321,45.4571349],[9.1893501,45.4571213],[9.1893679,45.4569978],[9.1893906,45.4569644],[9.1893222,45.4569398]]]},"properties":{"site":"milan","name":null,"category":"other","historic":null,"building":"apartments","osm_id":330150056}},{"type":"Feature","geometry":{"type":"Polygon","coordinates":[[[9.1893501,45.4571213],[9.1895321,45.4571349],[9.1895119,45.4572688],[9.189476,45.4573796],[9.1894263,45.4573711],[9.1892467,45.4573391],[9.1892559,45.4572295],[9.1893333,45.4572383],[9.1893501,45.4571213]]]},"properties":{"site":"milan","name":null,"category":"other","historic":null,"building":"apartments","osm_id":330150057}},{"type":"Feature","geometry":{"type":"Polygon","coordinates":[[[9.1887571,45.4589084],[9.1888503,45.4588138],[9.1889171,45.4588481],[9.1891977,45.458984],[9.1892662,45.4590172],[9.189171,45.4591084],[9.1890373,45.459047],[9.1889168,45.459173],[9.1888397,45.4591442],[9.1887711,45.4590997],[9.1888877,45.4589731],[9.1887571,45.4589084]]]},"properties":{"site":"milan","name":"Istituti Clinici di Perfezionamento","category":"other","historic":null,"building":"hospital","osm_id":330229936}},{"type":"Feature","geometry":{"type":"Polygon","coordinates":[[[9.1881939,45.4587409],[9.1881696,45.4587563],[9.1880836,45.4587661],[9.1880238,45.4585767],[9.1878781,45.4585941],[9.1878844,45.4586173],[9.1879155,45.4587279],[9.1879472,45.4588408],[9.1881023,45.45882],[9.1881823,45.458807],[9.1882197,45.4588034],[9.1882511,45.458778],[9.1881939,45.4587409]]]},"properties":{"site":"milan","name":null,"category":"other","historic":null,"building":"apartments","osm_id":330230648}},{"type":"Feature","geometry":{"type":"Polygon","coordinates":[[[9.1881023,45.45882],[9.1881571,45.4590038],[9.1882169,45.4589982],[9.1884804,45.4587828],[9.1883894,45.4587392],[9.1882529,45.4588536],[9.1881823,45.458807],[9.1882197,45.4588034],[9.1882511,45.458778],[9.1884375,45.4586166],[9.1885505,45.4586683],[9.188639,45.4587088],[9.188532,45.4588141],[9.1882771,45.4590169],[9.188267,45.4590228],[9.1880041,45.4590528],[9.1879751,45.4589446],[9.1879472,45.4588408],[9.1881023,45.45882]]]},"properties":{"site":"milan","name":null,"category":"other","historic":null,"building":"apartments","osm_id":330230651}},{"type":"Feature","geometry":{"type":"Polygon","coordinates":[[[9.1885232,45.4596241],[9.1887547,45.4597851],[9.1888136,45.4597485],[9.1887962,45.4597365],[9.1887021,45.4596523],[9.1887701,45.4596022],[9.1887659,45.4595984],[9.1887416,45.4595798],[9.188783,45.4595514],[9.1887037,45.4594968],[9.1885232,45.4596241]]]},"properties":{"site":"milan","name":null,"category":"other","historic":null,"building":"apartments","osm_id":330230656}},{"type":"Feature","geometry":{"type":"Polygon","coordinates":[[[9.2003966,45.4675094],[9.2004603,45.4675178],[9.2005096,45.4675273],[9.2005148,45.4675282],[9.2005026,45.4675692],[9.200558,45.4675758],[9.2005713,45.4675377],[9.2007147,45.4675686],[9.2006953,45.4676241],[9.2005524,45.4676048],[9.2005411,45.467635],[9.2004998,45.4676277],[9.2003873,45.4677946],[9.2004311,45.4678065],[9.200443,45.4677884],[9.2006674,45.4678431],[9.2006337,45.467949],[9.2003678,45.4678871],[9.2002746,45.4680544],[9.2002304,45.4680449],[9.2001917,45.4681296],[9.2003593,45.4681679],[9.2004021,45.4680825],[9.2005847,45.4681269],[9.2005138,45.468314],[9.2003189,45.4682687],[9.2003236,45.4682593],[9.200227,45.4682378],[9.2001412,45.4682187],[9.200138,45.4682267],[9.1999296,45.4681783],[9.2000424,45.4680205],[9.2000563,45.4680048],[9.2002897,45.4676625],[9.2003966,45.4675094]]]},"properties":{"site":"milan","name":null,"category":"other","historic":null,"building":"apartments","osm_id":333505613}},{"type":"Feature","geometry":{"type":"Polygon","coordinates":[[[9.1814295,45.4722137],[9.1815066,45.4721543],[9.1815883,45.4720914],[9.1812659,45.4718864],[9.1811195,45.4720004],[9.1812162,45.4720615],[9.1813094,45.471989],[9.1814273,45.4720634],[9.1813793,45.4721008],[9.1813451,45.4720791],[9.181287,45.4721244],[9.1814295,45.4722137]]]},"properties":{"site":"milan","name":null,"category":"other","historic":null,"building":"apartments","osm_id":335087586}},{"type":"Feature","geometry":{"type":"Polygon","coordinates":[[[9.1784274,45.4679748],[9.1783319,45.4680119],[9.1782363,45.468049],[9.1783277,45.4681437],[9.1784191,45.4681089],[9.1784866,45.4682036],[9.1784052,45.4682413],[9.1784727,45.4683207],[9.1785403,45.468297],[9.1785224,45.4682733],[9.178618,45.4682377],[9.1784274,45.4679748]]]},"properties":{"site":"milan","name":null,"category":"other","historic":null,"building":"apartments","osm_id":335092196}},{"type":"Feature","geometry":{"type":"Polygon","coordinates":[[[9.1779869,45.4681615],[9.1781119,45.4681051],[9.1782363,45.468049],[9.1783277,45.4681437],[9.1781529,45.4682162],[9.1782462,45.4683137],[9.1784052,45.4682413],[9.1784727,45.4683207],[9.1783873,45.4683555],[9.1783674,45.4683291],[9.1783257,45.4683486],[9.1783456,45.4683764],[9.178288,45.4684029],[9.1782641,45.4683876],[9.1782224,45.4684029],[9.1781827,45.4683678],[9.1780921,45.4682759],[9.1779869,45.4681615]]]},"properties":{"site":"milan","name":null,"category":"other","historic":null,"building":"apartments","osm_id":335092197}},{"type":"Feature","geometry":{"type":"Polygon","coordinates":[[[9.1793561,45.4681317],[9.1793389,45.4680445],[9.1793223,45.4679607],[9.1791741,45.4679849],[9.179194,45.4681479],[9.1793561,45.4681317]]]},"properties":{"site":"milan","name":null,"category":"other","historic":null,"building":"apartments","osm_id":335092198}},{"type":"Feature","geometry":{"type":"Polygon","coordinates":[[[9.1791524,45.4684466],[9.1791852,45.4684407],[9.1794015,45.4684015],[9.1793561,45.4681317],[9.179194,45.4681479],[9.1792226,45.4683055],[9.1791147,45.4683193],[9.1791524,45.4684466]]]},"properties":{"site":"milan","name":null,"category":"other","historic":null,"building":"apartments","osm_id":335092205}},{"type":"Feature","geometry":{"type":"Polygon","coordinates":[[[9.1777694,45.4682761],[9.1779285,45.4681923],[9.1779869,45.4681615],[9.1780921,45.4682759],[9.1779721,45.4683318],[9.1780694,45.4684238],[9.1780015,45.4684641],[9.1777694,45.4682761]]]},"properties":{"site":"milan","name":null,"category":"other","historic":null,"building":"apartments","osm_id":335092219}},{"type":"Feature","geometry":{"type":"Polygon","coordinates":[[[9.1793223,45.4679607],[9.1793051,45.4678704],[9.1792864,45.4677727],[9.1790423,45.4678149],[9.1789635,45.4678285],[9.1790078,45.4679323],[9.1791622,45.4679096],[9.1791741,45.4679849],[9.1793223,45.4679607]]]},"properties":{"site":"milan","name":null,"category":"other","historic":null,"building":"apartments","osm_id":335092226}},{"type":"Feature","geometry":{"type":"Polygon","coordinates":[[[9.1780694,45.4684238],[9.1781827,45.4683678],[9.1782224,45.4684029],[9.178264,45.4684443],[9.1780925,45.4685378],[9.1780015,45.4684641],[9.1780694,45.4684238]]]},"properties":{"site":"milan","name":null,"category":"other","historic":null,"building":"yes","osm_id":335092231}},{"type":"Feature","geometry":{"type":"Polygon","coordinates":[[[9.178404,45.468572],[9.1784847,45.4685381],[9.1783774,45.4684224],[9.1785284,45.4683667],[9.1787016,45.4685869],[9.1785289,45.4686659],[9.1785128,45.4686732],[9.178404,45.468572]]]},"properties":{"site":"milan","name":null,"category":"other","historic":null,"building":"apartments","osm_id":335092238}},{"type":"Feature","geometry":{"type":"Polygon","coordinates":[[[9.1781489,45.4685833],[9.1782125,45.4685478],[9.1783158,45.4686286],[9.178404,45.468572],[9.1785128,45.4686732],[9.1784899,45.468685],[9.1783553,45.4687544],[9.1781489,45.4685833]]]},"properties":{"site":"milan","name":null,"category":"other","historic":null,"building":"apartments","osm_id":335092258}},{"type":"Feature","geometry":{"type":"Polygon","coordinates":[[[9.1786337,45.4679055],[9.1785841,45.4679221],[9.1784274,45.4679748],[9.178618,45.4682377],[9.1786317,45.4682566],[9.1786992,45.4682343],[9.178582,45.4680518],[9.1786994,45.4680145],[9.1786337,45.4679055]]]},"properties":{"site":"milan","name":null,"category":"other","historic":null,"building":"apartments","osm_id":335092284}},{"type":"Feature","geometry":{"type":"Polygon","coordinates":[[[9.1789071,45.4685119],[9.1791029,45.4684598],[9.1791524,45.4684466],[9.1791147,45.4683193],[9.1789377,45.4683667],[9.1788363,45.4681911],[9.17881,45.468198],[9.178741,45.4682162],[9.1787827,45.4683012],[9.1789071,45.4685119]]]},"properties":{"site":"milan","name":null,"category":"other","historic":null,"building":"apartments","osm_id":335092292}},{"type":"Feature","geometry":{"type":"Polygon","coordinates":[[[9.1787016,45.4685869],[9.1788063,45.4685487],[9.1789071,45.4685119],[9.1787827,45.4683012],[9.1787072,45.4683179],[9.1787688,45.4684015],[9.1786734,45.4684336],[9.1786118,45.4683486],[9.1785284,45.4683667],[9.1787016,45.4685869]]]},"properties":{"site":"milan","name":null,"category":"other","historic":null,"building":"apartments","osm_id":335092298}},{"type":"Feature","geometry":{"type":"Polygon","coordinates":[[[9.1789635,45.4678285],[9.1788215,45.4678617],[9.1786337,45.4679055],[9.1786994,45.4680145],[9.17881,45.468198],[9.1788363,45.4681911],[9.1789275,45.4681627],[9.1788388,45.467969],[9.1790078,45.4679323],[9.1789635,45.4678285]]]},"properties":{"site":"milan","name":null,"category":"other","historic":null,"building":"apartments","osm_id":335092304}},{"type":"Feature","geometry":{"type":"Polygon","coordinates":[[[9.1820421,45.4693691],[9.1820945,45.4694603],[9.1821023,45.4694782],[9.1821466,45.4695792],[9.1822974,45.4695505],[9.1823688,45.4695374],[9.1823632,45.4695227],[9.1823404,45.4694624],[9.1822968,45.4694701],[9.1822641,45.4693905],[9.1823425,45.4693667],[9.182297,45.4692946],[9.1820421,45.4693691]]]},"properties":{"site":"milan","name":null,"category":"other","historic":null,"building":"apartments","osm_id":336114873}},{"type":"Feature","geometry":{"type":"Polygon","coordinates":[[[9.1823425,45.4693667],[9.1824321,45.4693477],[9.1824648,45.4694379],[9.1823404,45.4694624],[9.1823632,45.4695227],[9.1825002,45.4694947],[9.1825273,45.46949],[9.1825195,45.4694712],[9.1825999,45.4694568],[9.1825344,45.4693236],[9.1824976,45.4693328],[9.1824546,45.4692442],[9.182297,45.4692946],[9.1823425,45.4693667]]]},"properties":{"site":"milan","name":null,"category":"other","historic":null,"building":"yes","osm_id":336114879}},{"type":"Feature","geometry":{"type":"Polygon","coordinates":[[[9.1823823,45.4696039],[9.1825227,45.4695846],[9.1825002,45.4694947],[9.1825273,45.46949],[9.1825195,45.4694712],[9.1825999,45.4694568],[9.1826098,45.4694831],[9.1826713,45.469475],[9.1826823,45.4695519],[9.1827954,45.4695418],[9.1828536,45.4697732],[9.1828303,45.4697929],[9.1824398,45.4698302],[9.1823823,45.4696039]]]},"properties":{"site":"milan","name":null,"category":"other","historic":null,"building":"yes","osm_id":336114880}},{"type":"Feature","geometry":{"type":"Polygon","coordinates":[[[9.1828609,45.4698919],[9.1824923,45.469877],[9.182488,45.4699897],[9.1826765,45.4699957],[9.1828606,45.4700016],[9.1828609,45.4698919]]]},"properties":{"site":"milan","name":null,"category":"other","historic":null,"building":"apartments","osm_id":336114881}},{"type":"Feature","geometry":{"type":"Polygon","coordinates":[[[9.1820702,45.4690456],[9.182195,45.4691943],[9.1825633,45.4690865],[9.1823616,45.4688379],[9.1823412,45.4688524],[9.1820702,45.4690456]]]},"properties":{"site":"milan","name":null,"category":"other","historic":null,"building":"yes","osm_id":336114882}},{"type":"Feature","geometry":{"type":"Polygon","coordinates":[[[9.1825756,45.4687588],[9.1827575,45.4689778],[9.1826213,45.4690367],[9.1824407,45.4688191],[9.1825756,45.4687588]]]},"properties":{"site":"milan","name":null,"category":"other","historic":null,"building":"apartments","osm_id":336114883}},{"type":"Feature","geometry":{"type":"Polygon","coordinates":[[[9.1830765,45.4696346],[9.1831105,45.4698199],[9.1829551,45.4698348],[9.1829083,45.4696598],[9.1830765,45.4696346]]]},"properties":{"site":"milan","name":null,"category":"other","historic":null,"building":"apartments","osm_id":336114884}},{"type":"Feature","geometry":{"type":"Polygon","coordinates":[[[9.1820183,45.4688244],[9.1820441,45.468806],[9.1821863,45.4686959],[9.182306,45.4687706],[9.1821752,45.4688696],[9.1821834,45.4688736],[9.1821428,45.4689044],[9.1820183,45.4688244]]]},"properties":{"site":"milan","name":null,"category":"other","historic":null,"building":"apartments","osm_id":336114885}},{"type":"Feature","geometry":{"type":"Polygon","coordinates":[[[9.1822115,45.4698039],[9.1821785,45.4696898],[9.1821466,45.4695792],[9.1822974,45.4695505],[9.1823709,45.4697903],[9.1822115,45.4698039]]]},"properties":{"site":"milan","name":null,"category":"other","historic":null,"building":"apartments","osm_id":336114886}},{"type":"Feature","geometry":{"type":"Polygon","coordinates":[[[9.1830403,45.4695103],[9.1830708,45.4696149],[9.1830765,45.4696346],[9.1829083,45.4696598],[9.1828856,45.4695383],[9.1830403,45.4695103]]]},"properties":{"site":"milan","name":null,"category":"other","historic":null,"building":"apartments","osm_id":336114887}},{"type":"Feature","geometry":{"type":"Polygon","coordinates":[[[9.1821053,45.4692029],[9.1819718,45.469262],[9.1819137,45.469197],[9.1817572,45.469022],[9.1820183,45.4688244],[9.1821428,45.4689044],[9.1820913,45.4689458],[9.1820864,45.4689425],[9.181967,45.4690389],[9.1821053,45.4692029]]]},"properties":{"site":"milan","name":null,"category":"other","historic":null,"building":"apartments","osm_id":336114888}},{"type":"Feature","geometry":{"type":"Polygon","coordinates":[[[9.182488,45.4699897],[9.1823604,45.4699857],[9.182234,45.4699818],[9.1822115,45.4698039],[9.1823709,45.4697903],[9.1823825,45.4698781],[9.1824923,45.469877],[9.182488,45.4699897]]]},"properties":{"site":"milan","name":null,"category":"other","historic":null,"building":"apartments","osm_id":336114889}},{"type":"Feature","geometry":{"type":"Polygon","coordinates":[[[9.1831105,45.4698199],[9.1831244,45.4700104],[9.1828847,45.4700024],[9.1828606,45.4700016],[9.1828609,45.4698919],[9.1829551,45.4698944],[9.1829551,45.4698348],[9.1831105,45.4698199]]]},"properties":{"site":"milan","name":null,"category":"other","historic":null,"building":"apartments","osm_id":336114890}},{"type":"Feature","geometry":{"type":"Polygon","coordinates":[[[9.1824203,45.469183],[9.1821502,45.4692649],[9.1821053,45.4692029],[9.1819718,45.469262],[9.1820421,45.4693691],[9.182297,45.4692946],[9.1824546,45.4692442],[9.1824203,45.469183]]]},"properties":{"site":"milan","name":null,"category":"other","historic":null,"building":"apartments","osm_id":336114891}},{"type":"Feature","geometry":{"type":"Polygon","coordinates":[[[9.1827575,45.4689778],[9.1828065,45.4690494],[9.1828562,45.4691219],[9.1827898,45.4691411],[9.1827909,45.4691439],[9.1824888,45.4692347],[9.1824546,45.4692442],[9.1824203,45.469183],[9.1826678,45.4691065],[9.1826213,45.4690367],[9.1827575,45.4689778]]]},"properties":{"site":"milan","name":null,"category":"other","historic":null,"building":"apartments","osm_id":336114892}},{"type":"Feature","geometry":{"type":"Polygon","coordinates":[[[9.1821863,45.4686959],[9.1822409,45.4686515],[9.1823708,45.468654],[9.1824796,45.4686607],[9.1825565,45.4687393],[9.1825756,45.4687588],[9.1824407,45.4688191],[9.1824015,45.4687724],[9.182306,45.4687706],[9.1821863,45.4686959]]]},"properties":{"site":"milan","name":null,"category":"other","historic":null,"building":"apartments","osm_id":336114893}},{"type":"Feature","geometry":{"type":"Polygon","coordinates":[[[9.1802487,45.4681145],[9.1803225,45.468119],[9.1803364,45.4680785],[9.1804425,45.46809],[9.1804839,45.4680976],[9.1805865,45.4681114],[9.1806781,45.4681328],[9.1807762,45.4681604],[9.1807457,45.4682384],[9.1806257,45.4682001],[9.1804665,45.4681695],[9.180377,45.4681604],[9.1802418,45.4681496],[9.1802487,45.4681145]]]},"properties":{"site":"milan","name":null,"category":"other","historic":null,"building":"yes","osm_id":336115483}},{"type":"Feature","geometry":{"type":"Polygon","coordinates":[[[9.1807762,45.4681604],[9.1807457,45.4682384],[9.1808788,45.468269],[9.1810206,45.4683072],[9.1810862,45.4683332],[9.1811387,45.4682671],[9.1810598,45.4682353],[9.1810467,45.4682629],[9.1809595,45.4682384],[9.1809878,45.4682108],[9.1809617,45.4682078],[9.180935,45.4682002],[9.1809159,45.4682261],[9.18087,45.46822],[9.18087,45.4681818],[9.1807762,45.4681604]]]},"properties":{"site":"milan","name":null,"category":"other","historic":null,"building":"yes","osm_id":336115484}},{"type":"Feature","geometry":{"type":"Polygon","coordinates":[[[9.179948,45.4681358],[9.1802418,45.4681496],[9.1802487,45.4681145],[9.1802571,45.4680716],[9.180189,45.4680669],[9.1800903,45.46806],[9.1799931,45.4680533],[9.1799538,45.4680548],[9.179948,45.4681358]]]},"properties":{"site":"milan","name":null,"category":"other","historic":null,"building":"yes","osm_id":336115485}},{"type":"Feature","geometry":{"type":"Polygon","coordinates":[[[9.1803312,45.4683999],[9.1804879,45.468428],[9.1806376,45.4684571],[9.1806915,45.4683329],[9.1805693,45.4683026],[9.1806257,45.4682001],[9.1804665,45.4681695],[9.1804294,45.468269],[9.1803727,45.4682598],[9.1803312,45.4683999]]]},"properties":{"site":"milan","name":null,"category":"other","historic":null,"building":"apartments","osm_id":336115486}},{"type":"Feature","geometry":{"type":"Polygon","coordinates":[[[9.1800345,45.4682353],[9.1800225,45.4683687],[9.1797581,45.4683679],[9.1797297,45.4682051],[9.1797036,45.4680548],[9.1798557,45.4680548],[9.1799298,45.4680548],[9.1799538,45.4680548],[9.179948,45.4681358],[9.1799322,45.4682322],[9.1800345,45.4682353]]]},"properties":{"site":"milan","name":null,"category":"other","historic":null,"building":"apartments","osm_id":336115487}},{"type":"Feature","geometry":{"type":"Polygon","coordinates":[[[9.1806376,45.4684571],[9.1807905,45.4684989],[9.1809286,45.4685458],[9.1810148,45.4684287],[9.1809479,45.4684052],[9.1810206,45.4683072],[9.1808788,45.468269],[9.1808111,45.4683592],[9.1806915,45.4683329],[9.1806376,45.4684571]]]},"properties":{"site":"milan","name":null,"category":"other","historic":null,"building":"apartments","osm_id":336115488}},{"type":"Feature","geometry":{"type":"Polygon","coordinates":[[[9.1800225,45.4683687],[9.1801731,45.4683808],[9.1803312,45.4683999],[9.1803727,45.4682598],[9.1803487,45.4682598],[9.180377,45.4681604],[9.1802418,45.4681496],[9.1802221,45.4682445],[9.1800345,45.4682353],[9.1800225,45.4683687]]]},"properties":{"site":"milan","name":null,"category":"other","historic":null,"building":"apartments","osm_id":336115489}},{"type":"Feature","geometry":{"type":"Polygon","coordinates":[[[9.1987712,45.4628463],[9.1989371,45.4628466],[9.1989377,45.4627038],[9.1987718,45.4627034],[9.1987712,45.4628463]]]},"properties":{"site":"milan","name":null,"category":"other","historic":null,"building":"yes","osm_id":340424229}},{"type":"Feature","geometry":{"type":"Polygon","coordinates":[[[9.1820831,45.4706156],[9.1819972,45.4707553],[9.1819135,45.4708679],[9.182067,45.4709386],[9.1821331,45.4708389],[9.1821789,45.4707638],[9.1823097,45.4707996],[9.1823793,45.4707136],[9.1822586,45.4706806],[9.1822642,45.4706495],[9.1820831,45.4706156]]]},"properties":{"site":"milan","name":"Casa Bottelli","category":"other","historic":null,"building":"apartments","osm_id":340710851}},{"type":"Feature","geometry":{"type":"Polygon","coordinates":[[[9.1824891,45.4713919],[9.1825561,45.4713205],[9.1826244,45.4712478],[9.1822473,45.471073],[9.1822023,45.47105],[9.1820787,45.4711838],[9.1821356,45.471216],[9.1822049,45.4712494],[9.1822852,45.4711652],[9.1824569,45.4712426],[9.1823609,45.4713286],[9.1824891,45.4713919]]]},"properties":{"site":"milan","name":null,"category":"other","historic":null,"building":"apartments","osm_id":340710852}},{"type":"Feature","geometry":{"type":"Polygon","coordinates":[[[9.1826124,45.4706142],[9.1825653,45.4706706],[9.1826562,45.470692],[9.1826447,45.4707105],[9.182772,45.4707462],[9.1827958,45.4706781],[9.1826859,45.4706577],[9.1827125,45.4705874],[9.1828249,45.4706132],[9.1828536,45.4706132],[9.182874,45.4705645],[9.1828781,45.4705444],[9.1827902,45.4705315],[9.1827861,45.470553],[9.1826859,45.4705344],[9.182656,45.4705204],[9.1826124,45.4706142]]]},"properties":{"site":"milan","name":null,"category":"other","historic":null,"building":"yes","osm_id":340710853}},{"type":"Feature","geometry":{"type":"Polygon","coordinates":[[[9.1820787,45.4711838],[9.1819951,45.4712569],[9.1820482,45.4712947],[9.1821356,45.471216],[9.1820787,45.4711838]]]},"properties":{"site":"milan","name":null,"category":"other","historic":null,"building":"yes","osm_id":340710854}},{"type":"Feature","geometry":{"type":"Polygon","coordinates":[[[9.1825151,45.4706106],[9.1825019,45.4706921],[9.1825449,45.4706978],[9.1825653,45.4706706],[9.1826124,45.4706142],[9.1825151,45.4706106]]]},"properties":{"site":"milan","name":null,"category":"other","historic":null,"building":"yes","osm_id":340710856}},{"type":"Feature","geometry":{"type":"Polygon","coordinates":[[[9.1820276,45.4714324],[9.1821886,45.4715347],[9.182263,45.471582],[9.182378,45.4714853],[9.1824891,45.4713919],[9.1823609,45.4713286],[9.1822566,45.4714218],[9.1821296,45.4713474],[9.1820276,45.4714324]]]},"properties":{"site":"milan","name":null,"category":"other","historic":null,"building":"apartments","osm_id":340710861}},{"type":"Feature","geometry":{"type":"Polygon","coordinates":[[[9.1818069,45.4712833],[9.1819175,45.471358],[9.1820276,45.4714324],[9.1821296,45.4713474],[9.1820482,45.4712947],[9.1819951,45.4712569],[9.1819137,45.4712051],[9.1818069,45.4712833]]]},"properties":{"site":"milan","name":null,"category":"other","historic":null,"building":"apartments","osm_id":340710866}},{"type":"Feature","geometry":{"type":"Polygon","coordinates":[[[9.1819135,45.4708679],[9.1818407,45.4709428],[9.1817688,45.4710168],[9.181902,45.471082],[9.1819961,45.4709845],[9.182018,45.4709913],[9.182067,45.4709386],[9.1819135,45.4708679]]]},"properties":{"site":"milan","name":null,"category":"other","historic":null,"building":"apartments","osm_id":340710868}},{"type":"Feature","geometry":{"type":"Polygon","coordinates":[[[9.1829371,45.4707934],[9.1829883,45.4706896],[9.1830258,45.4705857],[9.182874,45.4705645],[9.1828536,45.4706132],[9.1828249,45.4706132],[9.1827958,45.4706781],[9.182772,45.4707462],[9.1829371,45.4707934]]]},"properties":{"site":"milan","name":null,"category":"other","historic":null,"building":"apartments","osm_id":340710869}},{"type":"Feature","geometry":{"type":"Polygon","coordinates":[[[9.1817688,45.4710168],[9.1817168,45.4710639],[9.1817019,45.4710774],[9.1816058,45.4711548],[9.1817675,45.4712582],[9.1818069,45.4712833],[9.1819137,45.4712051],[9.1818211,45.4711494],[9.181902,45.471082],[9.1817688,45.4710168]]]},"properties":{"site":"milan","name":null,"category":"other","historic":null,"building":"apartments","osm_id":340710870}},{"type":"Feature","geometry":{"type":"Polygon","coordinates":[[[9.182067,45.4709386],[9.1822586,45.4710118],[9.1824488,45.4707337],[9.1823793,45.4707136],[9.1823097,45.4707996],[9.1822484,45.4708799],[9.1821331,45.4708389],[9.182067,45.4709386]]]},"properties":{"site":"milan","name":null,"category":"other","historic":null,"building":"yes","osm_id":340710873}},{"type":"Feature","geometry":{"type":"Polygon","coordinates":[[[9.1886485,45.4659302],[9.1886486,45.4659637],[9.1886443,45.4659639],[9.1886486,45.466001],[9.1886535,45.4660291],[9.1886636,45.4660602],[9.1886792,45.4660911],[9.1887079,45.4661342],[9.1887268,45.4661565],[9.1887388,45.46617],[9.1887417,45.4661686],[9.1887532,45.4661824],[9.1887689,45.466201],[9.1888908,45.4661458],[9.1888739,45.4661283],[9.1889715,45.4660841],[9.1889934,45.4661045],[9.1890255,45.4660885],[9.1890512,45.4660925],[9.1890499,45.4660432],[9.1889948,45.4660432],[9.1889958,45.4660344],[9.1889645,45.466034],[9.1889514,45.4660336],[9.1888215,45.4660881],[9.1887834,45.4660348],[9.18877,45.4659917],[9.1889058,45.4659786],[9.1889023,45.4659296],[9.1887985,45.4659303],[9.1886485,45.4659302]]]},"properties":{"site":"milan","name":null,"category":"other","historic":null,"building":"yes","osm_id":340714611}},{"type":"Feature","geometry":{"type":"Polygon","coordinates":[[[9.1889023,45.4659296],[9.1890256,45.4659317],[9.1890241,45.4659832],[9.1889645,45.4659838],[9.1889544,45.4659837],[9.1889546,45.4659782],[9.1889058,45.4659786],[9.1889023,45.4659296]]]},"properties":{"site":"milan","name":null,"category":"other","historic":null,"building":"yes","osm_id":340714612}},{"type":"Feature","geometry":{"type":"Polygon","coordinates":[[[9.1889645,45.4659838],[9.1889645,45.466034],[9.1889514,45.4660336],[9.1888215,45.4660881],[9.1887834,45.4660348],[9.18877,45.4659917],[9.1889058,45.4659786],[9.1889546,45.4659782],[9.1889544,45.4659837],[9.1889645,45.4659838]]]},"properties":{"site":"milan","name":null,"category":"other","historic":null,"building":"roof","osm_id":340714613}},{"type":"Feature","geometry":{"type":"Polygon","coordinates":[[[9.1887985,45.4659303],[9.1886485,45.4659302],[9.1886417,45.4659301],[9.1886406,45.4656705],[9.1889024,45.4656704],[9.1891828,45.4656698],[9.1891854,45.4659293],[9.1890256,45.4659317],[9.1890239,45.4657816],[9.188798,45.4657833],[9.1887985,45.4659303]]]},"properties":{"site":"milan","name":null,"category":"other","historic":null,"building":"apartments","osm_id":340714614}},{"type":"Feature","geometry":{"type":"Polygon","coordinates":[[[9.1891861,45.4661283],[9.1891883,45.4663022],[9.1890969,45.4663025],[9.1891003,45.4662097],[9.1890735,45.4661827],[9.1889734,45.4662339],[9.1889292,45.4661829],[9.1890517,45.4661287],[9.1891861,45.4661283]]]},"properties":{"site":"milan","name":null,"category":"other","historic":null,"building":"yes","osm_id":340714615}},{"type":"Feature","geometry":{"type":"Polygon","coordinates":[[[9.1891854,45.4659293],[9.1891859,45.4660723],[9.1891861,45.4661283],[9.1890517,45.4661287],[9.1890512,45.4660925],[9.1890499,45.4660432],[9.1890505,45.4659835],[9.1890241,45.4659832],[9.1890256,45.4659317],[9.1891854,45.4659293]]]},"properties":{"site":"milan","name":null,"category":"other","historic":null,"building":"yes","osm_id":340714617}},{"type":"Feature","geometry":{"type":"Polygon","coordinates":[[[9.1891883,45.4663022],[9.1891872,45.4664177],[9.1890954,45.4664588],[9.189029,45.4664894],[9.1887887,45.4662229],[9.1887689,45.466201],[9.1888908,45.4661458],[9.1889292,45.4661829],[9.1889734,45.4662339],[9.1890317,45.4663036],[9.1890969,45.4663025],[9.1891883,45.4663022]]]},"properties":{"site":"milan","name":null,"category":"other","historic":null,"building":"yes","osm_id":340714622}},{"type":"Feature","geometry":{"type":"Polygon","coordinates":[[[9.1917623,45.465517],[9.191631,45.4654776],[9.1914844,45.4654565],[9.1914895,45.4654384],[9.1913744,45.4654311],[9.1913525,45.4655565],[9.1913433,45.4656092],[9.1913078,45.4658147],[9.191469,45.4657319],[9.1914773,45.4656324],[9.1914854,45.4655732],[9.1916124,45.4655769],[9.191678,45.465608],[9.1917623,45.465517]]]},"properties":{"site":"milan","name":null,"category":"other","historic":null,"building":"yes","osm_id":340720397}},{"type":"Feature","geometry":{"type":"Polygon","coordinates":[[[9.1985911,45.466512],[9.1985975,45.4665798],[9.1985994,45.4666005],[9.1986577,45.4665981],[9.1986646,45.4667177],[9.1986657,45.4667333],[9.1982256,45.4667278],[9.1981978,45.4667297],[9.1981971,45.4667169],[9.1981925,45.4665907],[9.1982272,45.4665912],[9.1982449,45.4665758],[9.198409,45.4665765],[9.1984056,45.4666268],[9.1984537,45.4666269],[9.1984504,45.4665173],[9.1985911,45.466512]]]},"properties":{"site":"milan","name":null,"category":"other","historic":null,"building":"apartments","osm_id":340720421}},{"type":"Feature","geometry":{"type":"Polygon","coordinates":[[[9.1981635,45.466459],[9.1983503,45.4664565],[9.1983472,45.4664052],[9.1984096,45.4664022],[9.1984016,45.4663283],[9.1983939,45.466247],[9.1983391,45.4662473],[9.1983393,45.4662081],[9.1981431,45.4662158],[9.1981453,45.4662517],[9.1980897,45.4662531],[9.1980942,45.4663389],[9.1981011,45.4664174],[9.1981607,45.4664167],[9.1981635,45.466459]]]},"properties":{"site":"milan","name":null,"category":"other","historic":null,"building":"roof","osm_id":340720452}},{"type":"Feature","geometry":{"type":"Polygon","coordinates":[[[9.1978991,45.4661496],[9.1978982,45.4661347],[9.1978879,45.4660118],[9.1978839,45.4659523],[9.1979482,45.4659499],[9.1979703,45.465949],[9.1983326,45.4659339],[9.1984083,45.4659312],[9.1985464,45.4659263],[9.1985883,45.4659248],[9.19859,45.4659433],[9.198599,45.4660459],[9.1985595,45.4660485],[9.1985631,45.4661231],[9.198408,45.4661281],[9.1984064,45.466057],[9.1982669,45.4660611],[9.1982678,45.466092],[9.1982021,45.4660933],[9.1981987,45.4660638],[9.198142,45.4660635],[9.198142,45.4660732],[9.1980588,45.4660737],[9.1980639,45.4661405],[9.1979264,45.4661492],[9.1978991,45.4661496]]]},"properties":{"site":"milan","name":null,"category":"other","historic":null,"building":"apartments","osm_id":340720467}},{"type":"Feature","geometry":{"type":"Polygon","coordinates":[[[9.191469,45.4657319],[9.1915633,45.4656848],[9.1916233,45.4656499],[9.1916717,45.4656128],[9.191678,45.465608],[9.1916124,45.4655769],[9.1914854,45.4655732],[9.1914773,45.4656324],[9.191469,45.4657319]]]},"properties":{"site":"milan","name":null,"category":"other","historic":null,"building":"yes","osm_id":340720473}},{"type":"Feature","geometry":{"type":"Polygon","coordinates":[[[9.1981978,45.4667297],[9.1979429,45.4667287],[9.1979428,45.4666977],[9.1979428,45.4666833],[9.19793,45.4665373],[9.1979607,45.4665371],[9.1980932,45.4665298],[9.1980954,45.4665843],[9.1981919,45.4665817],[9.1981925,45.4665907],[9.1981971,45.4667169],[9.1981978,45.4667297]]]},"properties":{"site":"milan","name":null,"category":"other","historic":null,"building":"apartments","osm_id":340720477}},{"type":"Feature","geometry":{"type":"Polygon","coordinates":[[[9.1986657,45.4667333],[9.1989981,45.4667344],[9.1990009,45.4667171],[9.1990203,45.466589],[9.1989408,45.4665827],[9.1988563,45.4665835],[9.1988561,45.4665984],[9.198834,45.4665985],[9.1986577,45.4665981],[9.1986646,45.4667177],[9.1986657,45.4667333]]]},"properties":{"site":"milan","name":null,"category":"other","historic":null,"building":"apartments","osm_id":340720514}},{"type":"Feature","geometry":{"type":"Polygon","coordinates":[[[9.1912561,45.4653204],[9.1912355,45.4654733],[9.1912246,45.465554],[9.1910333,45.4655542],[9.1908299,45.4655545],[9.1908323,45.4653632],[9.1908329,45.4653183],[9.1909699,45.4653242],[9.1909693,45.4654575],[9.191082,45.4654563],[9.1910838,45.4653265],[9.191153,45.4653263],[9.1911536,45.4653191],[9.1912561,45.4653204]]]},"properties":{"site":"milan","name":null,"category":"other","historic":null,"building":"apartments","osm_id":340720560}},{"type":"Feature","geometry":{"type":"Polygon","coordinates":[[[9.1984016,45.4663283],[9.1983939,45.466247],[9.1983391,45.4662473],[9.1983393,45.4662081],[9.1983936,45.4662072],[9.19839,45.4661284],[9.198408,45.4661281],[9.1985631,45.4661231],[9.198582,45.4663198],[9.1985911,45.466512],[9.1984504,45.4665173],[9.1984192,45.4665177],[9.1984157,45.4664746],[9.1983653,45.4664743],[9.1983503,45.4664565],[9.1983472,45.4664052],[9.1984096,45.4664022],[9.1984016,45.4663283]]]},"properties":{"site":"milan","name":null,"category":"other","historic":null,"building":"apartments","osm_id":340720566}},{"type":"Feature","geometry":{"type":"Polygon","coordinates":[[[9.197917,45.4663463],[9.1978991,45.4661496],[9.1979264,45.4661492],[9.1980639,45.4661405],[9.1980809,45.4661404],[9.1980853,45.4662039],[9.198143,45.4662022],[9.1981431,45.4662158],[9.1981453,45.4662517],[9.1980897,45.4662531],[9.1980942,45.4663389],[9.1981011,45.4664174],[9.1981607,45.4664167],[9.1981635,45.466459],[9.1981053,45.4664622],[9.1981097,45.4665292],[9.1980932,45.4665298],[9.1979607,45.4665371],[9.19793,45.4665373],[9.197917,45.4663463]]]},"properties":{"site":"milan","name":null,"category":"other","historic":null,"building":"apartments","osm_id":340720568}},{"type":"Feature","geometry":{"type":"Polygon","coordinates":[[[9.1956616,45.4572897],[9.1957252,45.457204],[9.1960872,45.4573232],[9.1961835,45.4572909],[9.1962447,45.4570825],[9.1963855,45.457097],[9.1963181,45.4573757],[9.196267,45.4574164],[9.1962352,45.4574388],[9.1961683,45.4574491],[9.196097,45.4574461],[9.1956616,45.4572897]]]},"properties":{"site":"milan","name":"Padiglione Monteggia","category":"other","historic":null,"building":"hospital","osm_id":342536064}},{"type":"Feature","geometry":{"type":"Polygon","coordinates":[[[9.1955845,45.4588574],[9.1956837,45.458823],[9.1958568,45.4586527],[9.196251,45.458473],[9.1961759,45.4590634],[9.1960615,45.4590546],[9.1958992,45.4590421],[9.1956811,45.4589532],[9.1955845,45.4588574]]]},"properties":{"site":"milan","name":"Padiglione Guardia","category":"other","historic":null,"building":"hospital","osm_id":342536075}},{"type":"Feature","geometry":{"type":"Polygon","coordinates":[[[9.1928547,45.4583381],[9.1929267,45.4584247],[9.1929697,45.4584584],[9.1929291,45.4584769],[9.1929003,45.4584469],[9.1928539,45.4584664],[9.192888,45.4584971],[9.1928072,45.4585404],[9.1927849,45.4585233],[9.1926472,45.4585986],[9.192518,45.4584761],[9.1925676,45.4584538],[9.1925923,45.4584783],[9.1927404,45.4583993],[9.1928547,45.4583381]]]},"properties":{"site":"milan","name":null,"category":"other","historic":null,"building":"yes","osm_id":342536080}},{"type":"Feature","geometry":{"type":"Polygon","coordinates":[[[9.1788866,45.4651742],[9.1788887,45.4651679],[9.1789169,45.4650811],[9.1789207,45.4650696],[9.1789463,45.4649859],[9.179109,45.4650101],[9.1791009,45.4650656],[9.1790179,45.4650571],[9.1790042,45.465095],[9.1790222,45.4650979],[9.1789941,45.4651847],[9.1789718,45.4652241],[9.1788815,45.4652177],[9.1788866,45.4651742]]]},"properties":{"site":"milan","name":null,"category":"other","historic":null,"building":"yes","osm_id":345542608}},{"type":"Feature","geometry":{"type":"Polygon","coordinates":[[[9.1788866,45.4651742],[9.1787429,45.4651691],[9.1787626,45.4650495],[9.1789207,45.4650696],[9.1789169,45.4650811],[9.1788887,45.4651679],[9.1788866,45.4651742]]]},"properties":{"site":"milan","name":null,"category":"other","historic":null,"building":"yes","osm_id":345542616}},{"type":"Feature","geometry":{"type":"Polygon","coordinates":[[[9.1786011,45.4656385],[9.1785663,45.4656396],[9.1784122,45.4656443],[9.1784056,45.4655598],[9.1784476,45.4655525],[9.1784407,45.4655194],[9.1784662,45.4655196],[9.1784606,45.4654866],[9.1786094,45.465486],[9.1786048,45.4655408],[9.178532,45.4655406],[9.1785318,45.4655925],[9.1785969,45.4655896],[9.1786011,45.4656385]]]},"properties":{"site":"milan","name":null,"category":"other","historic":null,"building":"yes","osm_id":345751354}},{"type":"Feature","geometry":{"type":"Polygon","coordinates":[[[9.1782356,45.4649334],[9.1782827,45.4647577],[9.1785622,45.4647716],[9.1785458,45.464861],[9.1784709,45.4648567],[9.1784737,45.4648463],[9.1784202,45.4648401],[9.1783917,45.4649452],[9.1783674,45.4649449],[9.1782356,45.4649334]]]},"properties":{"site":"milan","name":null,"category":"other","historic":null,"building":"apartments","osm_id":345751355}},{"type":"Feature","geometry":{"type":"Polygon","coordinates":[[[9.1784674,45.4651147],[9.1784468,45.4651003],[9.1784357,45.4650815],[9.1784357,45.4650612],[9.1784468,45.4650423],[9.1784674,45.465028],[9.1784942,45.4650202],[9.1785232,45.4650202],[9.17855,45.465028],[9.1785705,45.4650424],[9.1785816,45.4650612],[9.1785816,45.4650815],[9.1785705,45.4651003],[9.17855,45.4651147],[9.1785232,45.4651225],[9.1784942,45.4651225],[9.1784674,45.4651147]]]},"properties":{"site":"milan","name":"Torre di Massimiano","category":"medieval","historic":null,"building":"yes","osm_id":345751356}},{"type":"Feature","geometry":{"type":"Polygon","coordinates":[[[9.1782013,45.4654876],[9.1781728,45.4653834],[9.1782962,45.4653814],[9.1782978,45.4654749],[9.1782013,45.4654876]]]},"properties":{"site":"milan","name":null,"category":"other","historic":null,"building":"yes","osm_id":345751357}},{"type":"Feature","geometry":{"type":"Polygon","coordinates":[[[9.1781728,45.4653834],[9.1781612,45.4653108],[9.1781589,45.4652962],[9.178166,45.4652527],[9.1781803,45.4651656],[9.1782586,45.4651741],[9.178259,45.4652965],[9.1782996,45.4652992],[9.1782962,45.4653814],[9.1781728,45.4653834]]]},"properties":{"site":"milan","name":null,"category":"other","historic":null,"building":"yes","osm_id":345751358}},{"type":"Feature","geometry":{"type":"Polygon","coordinates":[[[9.1781803,45.4651656],[9.1782356,45.4649334],[9.1783674,45.4649449],[9.178319,45.4651294],[9.1785156,45.4651434],[9.1785152,45.4651832],[9.1782586,45.4651741],[9.1781803,45.4651656]]]},"properties":{"site":"milan","name":null,"category":"other","historic":null,"building":"apartments","osm_id":345751359}},{"type":"Feature","geometry":{"type":"Polygon","coordinates":[[[9.1784122,45.4656443],[9.1783526,45.4656448],[9.1782404,45.4656623],[9.1782264,45.4655418],[9.1782013,45.4654876],[9.1782978,45.4654749],[9.1784057,45.4654683],[9.1784145,45.4655068],[9.1783824,45.4655153],[9.1784056,45.4655598],[9.1784122,45.4656443]]]},"properties":{"site":"milan","name":null,"category":"other","historic":null,"building":"yes","osm_id":345751360}},{"type":"Feature","geometry":{"type":"Polygon","coordinates":[[[9.1967143,45.4721603],[9.1965845,45.472029],[9.1963521,45.4721353],[9.1962961,45.4720774],[9.1965237,45.4719717],[9.1964569,45.4719099],[9.1958627,45.4721821],[9.1959165,45.4722404],[9.1958431,45.4722837],[9.1956862,45.4721615],[9.1957685,45.4720975],[9.1956292,45.4720076],[9.1956168,45.4720175],[9.1954075,45.4721826],[9.1956475,45.4723697],[9.1958525,45.4725272],[9.1959396,45.4724888],[9.1960347,45.4724469],[9.1964525,45.4722532],[9.1964741,45.4722735],[9.1965141,45.4722545],[9.1966575,45.4721867],[9.1967143,45.4721603]]]},"properties":{"site":"milan","name":"Palazzo dei Giornali","category":"other","historic":"building","building":"office","osm_id":352067303}},{"type":"Feature","geometry":{"type":"Polygon","coordinates":[[[9.1973527,45.4721705],[9.1976287,45.4720414],[9.1976198,45.4720259],[9.1977284,45.471976],[9.1977457,45.4719905],[9.1977643,45.4719809],[9.1977519,45.471965],[9.1977859,45.4719504],[9.1978006,45.4719643],[9.1980743,45.471833],[9.1980034,45.4717543],[9.1979872,45.4717369],[9.1979723,45.4717206],[9.1972464,45.472057],[9.1972583,45.4720709],[9.1972757,45.4720926],[9.1973527,45.4721705]]]},"properties":{"site":"milan","name":null,"category":"other","historic":null,"building":"yes","osm_id":352067671}},{"type":"Feature","geometry":{"type":"Polygon","coordinates":[[[9.1961797,45.4715712],[9.1962944,45.4716681],[9.1962471,45.4716993],[9.1963109,45.4717443],[9.1963343,45.4717317],[9.1964197,45.4718033],[9.1964407,45.4718237],[9.1963977,45.4718537],[9.196356,45.4718701],[9.1962233,45.4717586],[9.1961819,45.4717894],[9.1961201,45.4718341],[9.1962038,45.4718899],[9.1961112,45.4719503],[9.1960426,45.4718941],[9.1959666,45.47182],[9.1959964,45.4718034],[9.1959322,45.4717631],[9.1960492,45.4716746],[9.1961797,45.4715712]]]},"properties":{"site":"milan","name":null,"category":"other","historic":null,"building":"yes","osm_id":352072985}},{"type":"Feature","geometry":{"type":"Polygon","coordinates":[[[9.1972296,45.4713018],[9.1972614,45.4713209],[9.1970759,45.4714869],[9.1969623,45.4713972],[9.1969071,45.4713565],[9.1969942,45.4712825],[9.1970093,45.4712896],[9.197031,45.4712696],[9.1969473,45.4712238],[9.1969122,45.4712532],[9.1968921,45.4712461],[9.1968619,45.4712649],[9.1968469,45.4712555],[9.1968084,45.4712837],[9.1966627,45.4711883],[9.1966763,45.4711772],[9.1968054,45.4710662],[9.1972296,45.4713018]]]},"properties":{"site":"milan","name":null,"category":"other","historic":null,"building":"apartments","osm_id":352072988}},{"type":"Feature","geometry":{"type":"Polygon","coordinates":[[[9.1965709,45.4715833],[9.1965542,45.4715639],[9.1966781,45.4715036],[9.1966023,45.4714185],[9.1964719,45.4714848],[9.1964885,45.4715038],[9.1964465,45.4715235],[9.1963566,45.4714427],[9.1964443,45.4713614],[9.1965391,45.4712881],[9.1967911,45.4715731],[9.1966374,45.471643],[9.1965709,45.4715833]]]},"properties":{"site":"milan","name":null,"category":"other","historic":null,"building":"apartments","osm_id":352072990}},{"type":"Feature","geometry":{"type":"Polygon","coordinates":[[[9.1827247,45.4665933],[9.1827823,45.4666061],[9.1829382,45.4666441],[9.1829832,45.4665367],[9.1828592,45.4665061],[9.182858,45.4665059],[9.1827373,45.4664783],[9.1826982,45.4665574],[9.1827412,45.4665659],[9.1827247,45.4665933]]]},"properties":{"site":"milan","name":null,"category":"other","historic":null,"building":"yes","osm_id":364655411}},{"type":"Feature","geometry":{"type":"Polygon","coordinates":[[[9.1824439,45.4670124],[9.182678,45.4670735],[9.1827823,45.4668991],[9.1828482,45.4669112],[9.182932,45.4669347],[9.1828567,45.4670564],[9.1827783,45.4671832],[9.1824323,45.4670773],[9.1824439,45.4670124]]]},"properties":{"site":"milan","name":null,"category":"other","historic":null,"building":"yes","osm_id":364655449}},{"type":"Feature","geometry":{"type":"Polygon","coordinates":[[[9.182932,45.4669347],[9.1830387,45.4667555],[9.1831419,45.4665821],[9.1829832,45.4665367],[9.1829382,45.4666441],[9.182898,45.4667207],[9.1828524,45.4668075],[9.1828979,45.4668194],[9.1828482,45.4669112],[9.182932,45.4669347]]]},"properties":{"site":"milan","name":null,"category":"other","historic":null,"building":"yes","osm_id":364655453}},{"type":"Feature","geometry":{"type":"Polygon","coordinates":[[[9.1827823,45.4668991],[9.182544,45.4668394],[9.1825829,45.4667671],[9.1826337,45.4667786],[9.1826465,45.4667587],[9.182705,45.4667697],[9.1827475,45.4667806],[9.1828524,45.4668075],[9.1828979,45.4668194],[9.1828482,45.4669112],[9.1827823,45.4668991]]]},"properties":{"site":"milan","name":null,"category":"other","historic":null,"building":"yes","osm_id":364655465}},{"type":"Feature","geometry":{"type":"Polygon","coordinates":[[[9.1918315,45.4571791],[9.1912192,45.4571012],[9.1911954,45.4570306],[9.1912432,45.4569731],[9.1917708,45.4570356],[9.191761,45.4569139],[9.1918401,45.4568936],[9.1918638,45.4569932],[9.1918315,45.4571791]]]},"properties":{"site":"milan","name":null,"category":"other","historic":null,"building":"yes","osm_id":365920195}},{"type":"Feature","geometry":{"type":"Polygon","coordinates":[[[9.1838235,45.470624],[9.1836682,45.4705866],[9.1836289,45.4706711],[9.1836048,45.4707237],[9.1835803,45.4707771],[9.1837478,45.4708163],[9.1837938,45.4707171],[9.1837801,45.4707142],[9.1838235,45.470624]]]},"properties":{"site":"milan","name":null,"category":"other","historic":null,"building":"apartments","osm_id":369789435}},{"type":"Feature","geometry":{"type":"Polygon","coordinates":[[[9.183941,45.4707531],[9.1841239,45.4707944],[9.1841648,45.4707061],[9.1842856,45.4707334],[9.1842647,45.4707775],[9.1841962,45.4709253],[9.183894,45.4708506],[9.183941,45.4707531]]]},"properties":{"site":"milan","name":null,"category":"other","historic":null,"building":"apartments","osm_id":369789436}},{"type":"Feature","geometry":{"type":"Polygon","coordinates":[[[9.183651,45.468941],[9.1836703,45.4688267],[9.183968,45.4688602],[9.1843286,45.4689009],[9.1843131,45.4690028],[9.184311,45.4690121],[9.1840216,45.4689781],[9.1839753,45.4691487],[9.1838154,45.4691306],[9.1838563,45.4689604],[9.183651,45.468941]]]},"properties":{"site":"milan","name":null,"category":"other","historic":null,"building":"apartments","osm_id":369789437}},{"type":"Feature","geometry":{"type":"Polygon","coordinates":[[[9.1837478,45.4708163],[9.1838209,45.4708335],[9.183894,45.4708506],[9.183941,45.4707531],[9.1837938,45.4707171],[9.1837478,45.4708163]]]},"properties":{"site":"milan","name":null,"category":"other","historic":null,"building":"apartments","osm_id":369789438}},{"type":"Feature","geometry":{"type":"Polygon","coordinates":[[[9.183388,45.4687018],[9.1833807,45.4688044],[9.1832612,45.468796],[9.1832559,45.4688546],[9.1833776,45.468862],[9.1833751,45.4689124],[9.1833895,45.4689483],[9.1832188,45.4689807],[9.1830352,45.4687862],[9.1831076,45.4686822],[9.1833354,45.4686981],[9.183388,45.4687018]]]},"properties":{"site":"milan","name":null,"category":"other","historic":null,"building":"apartments","osm_id":369789439}},{"type":"Feature","geometry":{"type":"Polygon","coordinates":[[[9.1844995,45.4690286],[9.1844683,45.4691078],[9.1848023,45.4691584],[9.1847912,45.4692019],[9.1847462,45.4692642],[9.1848784,45.4693096],[9.1848904,45.4693137],[9.1849841,45.4692058],[9.185011,45.4691085],[9.1850415,45.4689981],[9.1846203,45.4689405],[9.1845322,45.4689284],[9.1844995,45.4690286]]]},"properties":{"site":"milan","name":null,"category":"other","historic":null,"building":"yes","osm_id":369789441}},{"type":"Feature","geometry":{"type":"Polygon","coordinates":[[[9.1840131,45.4706086],[9.1840587,45.470515],[9.1839879,45.4704981],[9.1837386,45.4704385],[9.1836682,45.4705866],[9.1838235,45.470624],[9.1838484,45.4705676],[9.1840131,45.4706086]]]},"properties":{"site":"milan","name":null,"category":"other","historic":null,"building":"apartments","osm_id":369789442}},{"type":"Feature","geometry":{"type":"Polygon","coordinates":[[[9.184483,45.4695481],[9.1843854,45.4696056],[9.1843028,45.4696542],[9.1842554,45.4696821],[9.1841739,45.469634],[9.1839729,45.4695547],[9.1840127,45.4694985],[9.1842015,45.4695816],[9.1843047,45.4695176],[9.1841082,45.4694309],[9.1840733,45.4694741],[9.1839969,45.4694365],[9.184062,45.4693436],[9.1841559,45.4693747],[9.1843,45.4694365],[9.184483,45.4695481]]]},"properties":{"site":"milan","name":null,"category":"other","historic":null,"building":"yes","osm_id":369789443}},{"type":"Feature","geometry":{"type":"Polygon","coordinates":[[[9.1840131,45.4706086],[9.1840587,45.470515],[9.1842016,45.4705474],[9.1842505,45.4705585],[9.1843573,45.4705849],[9.1842856,45.4707334],[9.1841648,45.4707061],[9.1841899,45.4706517],[9.1840131,45.4706086]]]},"properties":{"site":"milan","name":null,"category":"other","historic":null,"building":"apartments","osm_id":369789444}},{"type":"Feature","geometry":{"type":"Polygon","coordinates":[[[9.183388,45.4687018],[9.1834708,45.468707],[9.1835462,45.4687122],[9.1835384,45.4687672],[9.1835266,45.4687672],[9.1835179,45.4688256],[9.183433,45.468819],[9.1834219,45.4689426],[9.1833895,45.4689483],[9.1833751,45.4689124],[9.1833776,45.468862],[9.1833807,45.4688044],[9.183388,45.4687018]]]},"properties":{"site":"milan","name":null,"category":"other","historic":null,"building":"apartments","osm_id":369789446}},{"type":"Feature","geometry":{"type":"Polygon","coordinates":[[[9.1835462,45.4687122],[9.1836911,45.4687223],[9.1836703,45.4688267],[9.183651,45.468941],[9.1835922,45.4689375],[9.1836104,45.4688328],[9.1835179,45.4688256],[9.1835266,45.4687672],[9.1835384,45.4687672],[9.1835462,45.4687122]]]},"properties":{"site":"milan","name":null,"category":"other","historic":null,"building":"yes","osm_id":369789447}},{"type":"Feature","geometry":{"type":"Polygon","coordinates":[[[9.1840649,45.4693178],[9.1841701,45.4693284],[9.1841956,45.4692458],[9.18408,45.4692337],[9.1840649,45.4693178]]]},"properties":{"site":"milan","name":null,"category":"other","historic":null,"building":"yes","osm_id":369789449}},{"type":"Feature","geometry":{"type":"Polygon","coordinates":[[[9.1843131,45.4690028],[9.1844995,45.4690286],[9.1845322,45.4689284],[9.1844309,45.4689147],[9.1843286,45.4689009],[9.1843131,45.4690028]]]},"properties":{"site":"milan","name":null,"category":"other","historic":null,"building":"apartments","osm_id":369789450}},{"type":"Feature","geometry":{"type":"Polygon","coordinates":[[[9.1836592,45.4694772],[9.1835197,45.4694784],[9.1834782,45.4693629],[9.1834179,45.4692073],[9.1836501,45.4691911],[9.1836508,45.4691704],[9.1837238,45.4691738],[9.1837073,45.4692434],[9.1836087,45.4692402],[9.1836463,45.4693519],[9.1838165,45.4693698],[9.1838051,45.4694238],[9.1837428,45.4694179],[9.1837403,45.4694506],[9.1836708,45.4694457],[9.1836592,45.4694772]]]},"properties":{"site":"milan","name":null,"category":"other","historic":null,"building":"apartments","osm_id":369789451}},{"type":"Feature","geometry":{"type":"Polygon","coordinates":[[[9.18408,45.4692337],[9.1840649,45.4693178],[9.1839815,45.4693096],[9.1839424,45.4693247],[9.1839265,45.469387],[9.1839644,45.4694099],[9.183957,45.4694561],[9.1838017,45.4694399],[9.1838051,45.4694238],[9.1838165,45.4693698],[9.1838584,45.4691717],[9.1840446,45.469191],[9.1840365,45.4692292],[9.18408,45.4692337]]]},"properties":{"site":"milan","name":null,"category":"other","historic":null,"building":"yes","osm_id":369789452}},{"type":"Feature","geometry":{"type":"Polygon","coordinates":[[[9.1833895,45.4689483],[9.1834219,45.4689426],[9.1834201,45.4689662],[9.1835859,45.468977],[9.1835922,45.4689375],[9.183651,45.468941],[9.1836328,45.4691065],[9.1833149,45.4690801],[9.1832365,45.468999],[9.1832188,45.4689807],[9.1833895,45.4689483]]]},"properties":{"site":"milan","name":null,"category":"other","historic":null,"building":"yes","osm_id":369789453}},{"type":"Feature","geometry":{"type":"Polygon","coordinates":[[[9.1780598,45.4650116],[9.1780167,45.4652071],[9.1779672,45.4652233],[9.1779146,45.4652406],[9.1777536,45.4651613],[9.1778106,45.4650614],[9.1778755,45.4650914],[9.1778966,45.4650008],[9.1780598,45.4650116]]]},"properties":{"site":"milan","name":null,"category":"other","historic":null,"building":"apartments","osm_id":369790374}},{"type":"Feature","geometry":{"type":"Polygon","coordinates":[[[9.1778106,45.4650614],[9.1777536,45.4651613],[9.1775029,45.4650347],[9.1775639,45.464975],[9.1776233,45.4649117],[9.1778364,45.4648834],[9.1780853,45.4649005],[9.1780598,45.4650116],[9.1778966,45.4650008],[9.1779055,45.4649677],[9.1777721,45.4649618],[9.1776952,45.4650267],[9.1777242,45.4650441],[9.1778106,45.4650614]]]},"properties":{"site":"milan","name":null,"category":"other","historic":null,"building":"apartments","osm_id":369790375}},{"type":"Feature","geometry":{"type":"Polygon","coordinates":[[[9.1780082,45.4642936],[9.1780871,45.4643036],[9.1780828,45.4643202],[9.1781346,45.4643267],[9.1781388,45.4643102],[9.1782317,45.4643219],[9.1781391,45.4646695],[9.1779128,45.4646406],[9.1780082,45.4642936]]]},"properties":{"site":"milan","name":null,"category":"other","historic":null,"building":"apartments","osm_id":369790381}},{"type":"Feature","geometry":{"type":"Polygon","coordinates":[[[9.1880944,45.4654732],[9.1881321,45.4655095],[9.1881785,45.4655542],[9.1884342,45.4655518],[9.1884365,45.4653642],[9.188437,45.4653199],[9.1883394,45.465363],[9.1883259,45.4653707],[9.1883294,45.4654847],[9.1882382,45.4654856],[9.1882357,45.4654118],[9.1880944,45.4654732]]]},"properties":{"site":"milan","name":null,"category":"other","historic":null,"building":"yes","osm_id":369882294}},{"type":"Feature","geometry":{"type":"Polygon","coordinates":[[[9.188437,45.4653199],[9.1884369,45.4651811],[9.1884369,45.4650463],[9.1883636,45.4650442],[9.1881695,45.465119],[9.1882578,45.4652683],[9.1883009,45.4653161],[9.1883394,45.465363],[9.188437,45.4653199]]]},"properties":{"site":"milan","name":null,"category":"other","historic":null,"building":"yes","osm_id":369882296}},{"type":"Feature","geometry":{"type":"Polygon","coordinates":[[[9.1852777,45.4586402],[9.1851317,45.4587086],[9.1850476,45.4586203],[9.1851937,45.4585519],[9.1852777,45.4586402]]]},"properties":{"site":"milan","name":null,"category":"other","historic":null,"building":"apartments","osm_id":377938004}},{"type":"Feature","geometry":{"type":"Polygon","coordinates":[[[9.1852777,45.4586402],[9.1851937,45.4585519],[9.185418,45.4584468],[9.1855502,45.4585857],[9.1853835,45.4586638],[9.1853353,45.4586131],[9.1852777,45.4586402]]]},"properties":{"site":"milan","name":null,"category":"other","historic":null,"building":"apartments","osm_id":377938005}},{"type":"Feature","geometry":{"type":"Polygon","coordinates":[[[9.1847177,45.458775],[9.184903,45.4586881],[9.1849591,45.458747],[9.1849002,45.4587746],[9.1849457,45.4588224],[9.1851237,45.458739],[9.1851493,45.458727],[9.1851799,45.4587592],[9.1851893,45.458769],[9.1848593,45.4589237],[9.1847177,45.458775]]]},"properties":{"site":"milan","name":null,"category":"other","historic":null,"building":"apartments","osm_id":377938006}},{"type":"Feature","geometry":{"type":"Polygon","coordinates":[[[9.1958105,45.4643287],[9.1958112,45.4642764],[9.1958141,45.4642486],[9.1959471,45.4642002],[9.196069,45.4641375],[9.1960802,45.4641304],[9.196245,45.4642955],[9.1961099,45.4643635],[9.1960876,45.464339],[9.1958105,45.4643287]]]},"properties":{"site":"milan","name":null,"category":"other","historic":null,"building":"yes","osm_id":379908547}},{"type":"Feature","geometry":{"type":"Polygon","coordinates":[[[9.1969094,45.4649703],[9.1969013,45.464974],[9.1967834,45.4650284],[9.196717,45.4649699],[9.1965466,45.4649226],[9.1965298,45.4649181],[9.19649,45.4649083],[9.1965446,45.4648136],[9.196495,45.4647629],[9.1965427,45.4647442],[9.1965143,45.4647177],[9.1964955,45.4647002],[9.1965309,45.4646806],[9.1964653,45.4646177],[9.19646,45.4646118],[9.1963547,45.4644969],[9.1964135,45.464469],[9.1964173,45.4644671],[9.1965014,45.4645576],[9.1965254,45.4645814],[9.1965282,45.4645841],[9.1966679,45.4647241],[9.1966695,45.4647259],[9.1966734,45.4647303],[9.1967217,45.4647806],[9.196744,45.4648002],[9.1969094,45.4649703]]]},"properties":{"site":"milan","name":null,"category":"other","historic":null,"building":"yes","osm_id":379908548}},{"type":"Feature","geometry":{"type":"Polygon","coordinates":[[[9.1964173,45.4644671],[9.1964135,45.464469],[9.1963547,45.4644969],[9.1963255,45.4645134],[9.1962822,45.4644693],[9.196237,45.4644896],[9.1961099,45.4643635],[9.196245,45.4642955],[9.1963252,45.4643766],[9.1964173,45.4644671]]]},"properties":{"site":"milan","name":null,"category":"other","historic":null,"building":"yes","osm_id":379908550}},{"type":"Feature","geometry":{"type":"Polygon","coordinates":[[[9.1957417,45.4640694],[9.1958195,45.4640703],[9.1959471,45.4642002],[9.196069,45.4641375],[9.1960802,45.4641304],[9.1960312,45.4640806],[9.1959206,45.4639682],[9.1958911,45.4639405],[9.1957772,45.4639394],[9.1955827,45.4639376],[9.1955819,45.4639497],[9.195577,45.4643218],[9.1958105,45.4643287],[9.1958112,45.4642764],[9.1957388,45.4642757],[9.1957417,45.4640694]]]},"properties":{"site":"milan","name":null,"category":"other","historic":null,"building":"yes","osm_id":379909128}},{"type":"Feature","geometry":{"type":"Polygon","coordinates":[[[9.1979074,45.462968],[9.1980432,45.4629014],[9.1982025,45.4630781],[9.198067,45.4631381],[9.1979074,45.462968]]]},"properties":{"site":"milan","name":null,"category":"other","historic":null,"building":"yes","osm_id":379914160}},{"type":"Feature","geometry":{"type":"Polygon","coordinates":[[[9.1977549,45.4627712],[9.1979035,45.4626864],[9.1980347,45.4626116],[9.1981801,45.4627616],[9.1980486,45.4628308],[9.1979985,45.4627791],[9.1978561,45.462862],[9.1977549,45.4627712]]]},"properties":{"site":"milan","name":null,"category":"other","historic":null,"building":"yes","osm_id":379914163}},{"type":"Feature","geometry":{"type":"Polygon","coordinates":[[[9.1980943,45.4631648],[9.1983224,45.4631128],[9.1980486,45.4628308],[9.1981801,45.4627616],[9.1985105,45.463098],[9.1985756,45.4631642],[9.1985877,45.4631765],[9.1985922,45.4631811],[9.1981943,45.4632717],[9.1980943,45.4631648]]]},"properties":{"site":"milan","name":null,"category":"other","historic":null,"building":"yes","osm_id":379914164}},{"type":"Feature","geometry":{"type":"Polygon","coordinates":[[[9.1980943,45.4631648],[9.1981943,45.4632717],[9.1979724,45.4633255],[9.1979514,45.4633306],[9.1979164,45.4632965],[9.1977366,45.4631087],[9.19754,45.4629033],[9.197559,45.4628913],[9.1975773,45.46288],[9.1977549,45.4627712],[9.1978561,45.462862],[9.1978257,45.4628812],[9.1979074,45.462968],[9.198067,45.4631381],[9.1980943,45.4631648]]]},"properties":{"site":"milan","name":null,"category":"other","historic":null,"building":"yes","osm_id":379914166}},{"type":"Feature","geometry":{"type":"Polygon","coordinates":[[[9.1999496,45.4625931],[9.1999546,45.4626086],[9.1999619,45.4626331],[9.2001057,45.4626165],[9.2000891,45.4625619],[9.1999496,45.4625931]]]},"properties":{"site":"milan","name":null,"category":"other","historic":null,"building":"yes","osm_id":379921440}},{"type":"Feature","geometry":{"type":"Polygon","coordinates":[[[9.1972054,45.4670593],[9.1972087,45.4671101],[9.1971189,45.4671878],[9.1968101,45.4670283],[9.196835,45.4670129],[9.196861,45.4670014],[9.1968964,45.466989],[9.1969241,45.4669839],[9.1969557,45.4669839],[9.1969599,45.4670691],[9.1972054,45.4670593]]]},"properties":{"site":"milan","name":null,"category":"other","historic":null,"building":"yes","osm_id":384498511}},{"type":"Feature","geometry":{"type":"Polygon","coordinates":[[[9.1921875,45.4692487],[9.1922183,45.4692737],[9.1922256,45.46927],[9.1922715,45.4693068],[9.19238,45.4692493],[9.1924257,45.4692881],[9.1924303,45.469285],[9.1924443,45.4692981],[9.1925773,45.4692286],[9.192467,45.4691277],[9.1924275,45.4691058],[9.1923668,45.4691396],[9.1923571,45.4691328],[9.1922861,45.4691737],[9.1922937,45.4691815],[9.1921875,45.4692487]]]},"properties":{"site":"milan","name":null,"category":"other","historic":null,"building":"yes","osm_id":384498512}},{"type":"Feature","geometry":{"type":"Polygon","coordinates":[[[9.1936579,45.4673902],[9.1936428,45.4674044],[9.1936057,45.467382],[9.1935261,45.4673596],[9.1934881,45.4674223],[9.1933582,45.467379],[9.1933786,45.4673464],[9.1932797,45.4673204],[9.1932614,45.4673505],[9.1930801,45.4672904],[9.193111,45.467248],[9.1929937,45.4672138],[9.1929544,45.4672633],[9.1927651,45.4671924],[9.1928036,45.4671422],[9.1928566,45.467073],[9.1929614,45.4670671],[9.1930139,45.4670812],[9.1936675,45.4672564],[9.1936838,45.4672665],[9.1937491,45.4673072],[9.1936579,45.4673902]]]},"properties":{"site":"milan","name":"Palazzo Bolchini","category":"other","historic":"building","building":"yes","osm_id":384498513}},{"type":"Feature","geometry":{"type":"Polygon","coordinates":[[[9.1940639,45.4671929],[9.1940352,45.467218],[9.1939857,45.4671874],[9.1939095,45.4672471],[9.1939141,45.4672499],[9.1939056,45.4672566],[9.1937714,45.4671705],[9.1938211,45.4670604],[9.1938375,45.4670599],[9.1939971,45.4670546],[9.1939973,45.4670569],[9.1939983,45.4670685],[9.1939999,45.467088],[9.1939946,45.4670923],[9.1939955,45.4671138],[9.1940068,45.4671134],[9.1940093,45.4671442],[9.1940709,45.4671423],[9.1940735,45.467174],[9.1940639,45.4671929]]]},"properties":{"site":"milan","name":"Palazzo Crespi","category":"other","historic":"building","building":"yes","osm_id":385622962}},{"type":"Feature","geometry":{"type":"Polygon","coordinates":[[[9.1944213,45.4671622],[9.1944198,45.4671206],[9.1944317,45.4671202],[9.1944296,45.4670727],[9.194422,45.4670729],[9.194421,45.4670546],[9.1944203,45.467042],[9.19442,45.4670356],[9.1945952,45.4670292],[9.1945955,45.4670354],[9.1946029,45.4670351],[9.1946041,45.4670486],[9.1946066,45.4670669],[9.1945882,45.4670657],[9.1946062,45.4671582],[9.1944903,45.4671621],[9.1944908,45.467178],[9.1944219,45.4671797],[9.1944213,45.4671622]]]},"properties":{"site":"milan","name":null,"category":"other","historic":null,"building":"yes","osm_id":385622967}},{"type":"Feature","geometry":{"type":"Polygon","coordinates":[[[9.1939973,45.4670569],[9.1939983,45.4670685],[9.1939999,45.467088],[9.1939946,45.4670923],[9.1939955,45.4671138],[9.1940068,45.4671134],[9.1940093,45.4671442],[9.1940709,45.4671423],[9.1940735,45.467174],[9.1941752,45.4671706],[9.1941786,45.4671767],[9.1941873,45.467184],[9.1941988,45.4671892],[9.194212,45.4671916],[9.1942256,45.467191],[9.1942383,45.4671875],[9.1942489,45.4671814],[9.1942562,45.4671734],[9.1942584,45.4671678],[9.1944213,45.4671622],[9.1944198,45.4671206],[9.1944317,45.4671202],[9.1944296,45.4670727],[9.194422,45.4670729],[9.194421,45.4670546],[9.1944203,45.467042],[9.194326,45.4670453],[9.1940357,45.4670555],[9.1939973,45.4670569]]]},"properties":{"site":"milan","name":null,"category":"other","historic":null,"building":"yes","osm_id":385622971}},{"type":"Feature","geometry":{"type":"Polygon","coordinates":[[[9.1948208,45.4674741],[9.194701,45.4674278],[9.1946466,45.4675299],[9.1945862,45.4675395],[9.1945533,45.4675205],[9.1944631,45.4676007],[9.1945462,45.4676485],[9.1946503,45.4676284],[9.1947535,45.4676085],[9.1948208,45.4674741]]]},"properties":{"site":"milan","name":null,"category":"other","historic":null,"building":"yes","osm_id":385622976}},{"type":"Feature","geometry":{"type":"Polygon","coordinates":[[[9.1940258,45.4676286],[9.1938507,45.4675243],[9.1939673,45.4674332],[9.1941302,45.4675236],[9.1940546,45.4675897],[9.1940657,45.4675955],[9.1940258,45.4676286]]]},"properties":{"site":"milan","name":null,"category":"other","historic":null,"building":"yes","osm_id":385624690}},{"type":"Feature","geometry":{"type":"Polygon","coordinates":[[[9.1831482,45.4662445],[9.1833224,45.4662964],[9.1833543,45.4662505],[9.1833685,45.4662299],[9.1834019,45.4661818],[9.1832306,45.4661328],[9.1831482,45.4662445]]]},"properties":{"site":"milan","name":null,"category":"other","historic":null,"building":"yes","osm_id":385624692}},{"type":"Feature","geometry":{"type":"Polygon","coordinates":[[[9.1834019,45.4661818],[9.1832306,45.4661328],[9.1833001,45.4660395],[9.1832966,45.4660174],[9.1835089,45.4660281],[9.1834019,45.4661818]]]},"properties":{"site":"milan","name":null,"category":"other","historic":null,"building":"yes","osm_id":385624693}},{"type":"Feature","geometry":{"type":"Polygon","coordinates":[[[9.1940346,45.4678726],[9.1940974,45.4678171],[9.1941166,45.4677982],[9.1942844,45.4678881],[9.1941999,45.4679679],[9.1940346,45.4678726]]]},"properties":{"site":"milan","name":null,"category":"other","historic":null,"building":"yes","osm_id":385624694}},{"type":"Feature","geometry":{"type":"Polygon","coordinates":[[[9.1938684,45.4673761],[9.1937537,45.4674646],[9.1937433,45.4674576],[9.1937156,45.4674803],[9.1939023,45.4675959],[9.1937794,45.4677011],[9.1935197,45.4675417],[9.1936808,45.4674059],[9.1936579,45.4673902],[9.1937491,45.4673072],[9.1938684,45.4673761]]]},"properties":{"site":"milan","name":null,"category":"other","historic":null,"building":"yes","osm_id":385624695}},{"type":"Feature","geometry":{"type":"Polygon","coordinates":[[[9.1825532,45.4648611],[9.1825217,45.464835],[9.1824907,45.4648534],[9.1823716,45.4647613],[9.1822857,45.4648122],[9.1823792,45.4648898],[9.1823555,45.4649038],[9.1823983,45.4649326],[9.1824241,45.4649173],[9.1824384,45.4649292],[9.1825532,45.4648611]]]},"properties":{"site":"milan","name":null,"category":"other","historic":null,"building":"yes","osm_id":385625886}},{"type":"Feature","geometry":{"type":"Polygon","coordinates":[[[9.1820974,45.4649509],[9.1820852,45.4649629],[9.1821404,45.4650081],[9.1821688,45.4650322],[9.182133,45.4650467],[9.1820384,45.4651117],[9.1818586,45.464981],[9.1818609,45.4649479],[9.1819238,45.4649069],[9.1819737,45.4648744],[9.1820974,45.4649509]]]},"properties":{"site":"milan","name":"Casa Tonolli","category":"other","historic":"yes","building":"apartments","osm_id":385625888}},{"type":"Feature","geometry":{"type":"Polygon","coordinates":[[[9.1823039,45.4649418],[9.1822345,45.4649891],[9.1823145,45.4650491],[9.1824771,45.4649897],[9.1825014,45.4649775],[9.1824384,45.4649292],[9.1824241,45.4649173],[9.1823983,45.4649326],[9.1823555,45.4649038],[9.1823039,45.4649418]]]},"properties":{"site":"milan","name":null,"category":"other","historic":null,"building":"yes","osm_id":385625890}},{"type":"Feature","geometry":{"type":"Polygon","coordinates":[[[9.1929574,45.4710968],[9.1932139,45.4709735],[9.1934223,45.4708733],[9.1935213,45.4709747],[9.1935932,45.4710469],[9.1934583,45.4711164],[9.1933819,45.4710343],[9.1932077,45.4711206],[9.1932951,45.4712026],[9.193178,45.4712775],[9.1930841,45.4711782],[9.1930656,45.4711873],[9.1929574,45.4710968]]]},"properties":{"site":"milan","name":null,"category":"other","historic":null,"building":"yes","osm_id":390175368}},{"type":"Feature","geometry":{"type":"Polygon","coordinates":[[[9.1932236,45.4605713],[9.1931937,45.4604881],[9.1934694,45.4604293],[9.193748,45.4603705],[9.1938509,45.4604833],[9.1937527,45.4605205],[9.1936948,45.4605277],[9.1936124,45.4605424],[9.1936096,45.4605215],[9.1935155,45.4605424],[9.1935069,45.4605239],[9.1932236,45.4605713]]]},"properties":{"site":"milan","name":null,"category":"other","historic":null,"building":"apartments","osm_id":396367485}},{"type":"Feature","geometry":{"type":"Polygon","coordinates":[[[9.1936124,45.4605424],[9.1935998,45.4605452],[9.1938406,45.4607999],[9.1939259,45.4607627],[9.1940521,45.4606983],[9.1940074,45.4606432],[9.1939109,45.4606895],[9.1938486,45.4606229],[9.1937527,45.4605205],[9.1936948,45.4605277],[9.1936124,45.4605424]]]},"properties":{"site":"milan","name":null,"category":"other","historic":null,"building":"apartments","osm_id":396367486}},{"type":"Feature","geometry":{"type":"Polygon","coordinates":[[[9.1908131,45.4593209],[9.1907654,45.459276],[9.1909727,45.4591508],[9.1910921,45.4592448],[9.1910299,45.4592777],[9.191031,45.4593078],[9.1910144,45.4593253],[9.1909989,45.4593312],[9.1909608,45.4593195],[9.1908871,45.4593671],[9.1908131,45.4593209]]]},"properties":{"site":"milan","name":null,"category":"other","historic":null,"building":"yes","osm_id":396367488}},{"type":"Feature","geometry":{"type":"Polygon","coordinates":[[[9.1911678,45.4593042],[9.1910275,45.4594021],[9.190981,45.4593688],[9.1910037,45.4593546],[9.1909989,45.4593312],[9.1910144,45.4593253],[9.191031,45.4593078],[9.1910299,45.4592777],[9.1910921,45.4592448],[9.1911084,45.4592577],[9.1911678,45.4593042]]]},"properties":{"site":"milan","name":null,"category":"other","historic":null,"building":"yes","osm_id":396367493}},{"type":"Feature","geometry":{"type":"Polygon","coordinates":[[[9.1911678,45.4593042],[9.1911084,45.4592577],[9.191147,45.459235],[9.191193,45.459268],[9.1912537,45.4592251],[9.1912153,45.4591934],[9.1912655,45.459164],[9.1914579,45.4593099],[9.1915043,45.4593527],[9.1914551,45.4593816],[9.1913608,45.4594366],[9.191287,45.4593856],[9.1911678,45.4593042]]]},"properties":{"site":"milan","name":null,"category":"other","historic":null,"building":"yes","osm_id":396367494}},{"type":"Feature","geometry":{"type":"Polygon","coordinates":[[[9.190126,45.4590273],[9.1900345,45.4591173],[9.1901825,45.4591835],[9.1902192,45.459141],[9.1903005,45.4591921],[9.1902584,45.4592372],[9.1902855,45.4592594],[9.1903422,45.4592303],[9.1904097,45.4592893],[9.1902729,45.4593656],[9.1899904,45.4592313],[9.189807,45.4591441],[9.1899889,45.4589585],[9.190126,45.4590273]]]},"properties":{"site":"milan","name":null,"category":"other","historic":null,"building":"apartments","osm_id":396367496}},{"type":"Feature","geometry":{"type":"Polygon","coordinates":[[[9.1948689,45.4573286],[9.1950034,45.4574319],[9.1945666,45.4576951],[9.1943855,45.4576217],[9.1945135,45.4575488],[9.1942716,45.4573544],[9.1941195,45.4574528],[9.1939959,45.4573541],[9.1944014,45.4571061],[9.1944313,45.4570878],[9.1944958,45.4571079],[9.1945759,45.4571718],[9.1944156,45.4572652],[9.1946493,45.4574561],[9.1948689,45.4573286]]]},"properties":{"site":"milan","name":null,"category":"other","historic":null,"building":"apartments","osm_id":396367497}},{"type":"Feature","geometry":{"type":"Polygon","coordinates":[[[9.1943007,45.4581031],[9.194396,45.4582032],[9.194532,45.4581404],[9.1944303,45.458038],[9.1943007,45.4581031]]]},"properties":{"site":"milan","name":null,"category":"other","historic":null,"building":"yes","osm_id":396367499}},{"type":"Feature","geometry":{"type":"Polygon","coordinates":[[[9.1901844,45.4596109],[9.19031,45.4597122],[9.190171,45.4597932],[9.1900195,45.4598815],[9.1900077,45.4598893],[9.1898805,45.4597889],[9.1901844,45.4596109]]]},"properties":{"site":"milan","name":null,"category":"other","historic":null,"building":"apartments","osm_id":396367502}},{"type":"Feature","geometry":{"type":"Polygon","coordinates":[[[9.1926974,45.4589935],[9.1927936,45.4590837],[9.1928455,45.4590534],[9.1928382,45.459046],[9.1928464,45.459042],[9.1927628,45.4589568],[9.1926974,45.4589935]]]},"properties":{"site":"milan","name":null,"category":"other","historic":null,"building":"yes","osm_id":396367504}},{"type":"Feature","geometry":{"type":"Polygon","coordinates":[[[9.1921322,45.4596872],[9.1919575,45.459596],[9.1918209,45.4597565],[9.1920052,45.4598367],[9.1921322,45.4596872]]]},"properties":{"site":"milan","name":null,"category":"other","historic":null,"building":"apartments","osm_id":396367506}},{"type":"Feature","geometry":{"type":"Polygon","coordinates":[[[9.1914818,45.4607562],[9.1915137,45.460778],[9.1915614,45.4607438],[9.1915295,45.4607219],[9.1914818,45.4607562]]]},"properties":{"site":"milan","name":"Edicola Valli dal 1946","category":"other","historic":null,"building":"kiosk","osm_id":396367509}},{"type":"Feature","geometry":{"type":"Polygon","coordinates":[[[9.1921042,45.4612524],[9.1922223,45.4611771],[9.1928556,45.4616135],[9.1927792,45.461723],[9.1926323,45.4616215],[9.1923817,45.4614482],[9.1923064,45.4613961],[9.1921042,45.4612524]]]},"properties":{"site":"milan","name":null,"category":"other","historic":null,"building":"apartments","osm_id":396367510}},{"type":"Feature","geometry":{"type":"Polygon","coordinates":[[[9.1920277,45.4606918],[9.192214,45.460644],[9.1922595,45.4606334],[9.1922285,45.4605218],[9.192001,45.4605829],[9.1920277,45.4606918]]]},"properties":{"site":"milan","name":null,"category":"other","historic":null,"building":"apartments","osm_id":396367511}},{"type":"Feature","geometry":{"type":"Polygon","coordinates":[[[9.19193,45.4605445],[9.1919397,45.4605175],[9.1919317,45.4605154],[9.1919395,45.460498],[9.1919288,45.460496],[9.1919454,45.460451],[9.1919646,45.460453],[9.1919707,45.4604328],[9.192039,45.4604436],[9.1920165,45.4605177],[9.1919971,45.4605616],[9.19193,45.4605445]]]},"properties":{"site":"milan","name":null,"category":"other","historic":null,"building":"yes","osm_id":396367526}},{"type":"Feature","geometry":{"type":"Polygon","coordinates":[[[9.1919353,45.4609434],[9.1919084,45.4609548],[9.1922223,45.4611771],[9.1921042,45.4612524],[9.1918686,45.4610954],[9.1916571,45.4609545],[9.1918063,45.4608578],[9.1919353,45.4609434]]]},"properties":{"site":"milan","name":null,"category":"other","historic":null,"building":"apartments","osm_id":396367532}},{"type":"Feature","geometry":{"type":"Polygon","coordinates":[[[9.1912699,45.4600975],[9.1911986,45.4601974],[9.1911793,45.4602115],[9.1908101,45.460481],[9.1906682,45.460376],[9.1907069,45.4603461],[9.1911152,45.4600497],[9.1912699,45.4600975]]]},"properties":{"site":"milan","name":null,"category":"other","historic":null,"building":"yes","osm_id":396367539}},{"type":"Feature","geometry":{"type":"Polygon","coordinates":[[[9.1918848,45.4590299],[9.191807,45.4590744],[9.1917776,45.4590962],[9.1918424,45.4591411],[9.1919484,45.4590713],[9.1918848,45.4590299]]]},"properties":{"site":"milan","name":null,"category":"other","historic":null,"building":"yes","osm_id":396367541}},{"type":"Feature","geometry":{"type":"Polygon","coordinates":[[[9.1919836,45.4587769],[9.1918934,45.4588571],[9.1917736,45.4587823],[9.191699,45.4587218],[9.1918023,45.4586593],[9.1919836,45.4587769]]]},"properties":{"site":"milan","name":null,"category":"other","historic":null,"building":"apartments","osm_id":396367549}},{"type":"Feature","geometry":{"type":"Polygon","coordinates":[[[9.191414,45.4602825],[9.1918002,45.4604067],[9.1917476,45.4605044],[9.1914621,45.4604111],[9.1913605,45.4603695],[9.191414,45.4602825]]]},"properties":{"site":"milan","name":null,"category":"other","historic":null,"building":"yes","osm_id":396367554}},{"type":"Feature","geometry":{"type":"Polygon","coordinates":[[[9.1906897,45.4593896],[9.1906303,45.4593462],[9.1906874,45.4593173],[9.190704,45.4593079],[9.1907654,45.459276],[9.1908131,45.4593209],[9.1906897,45.4593896]]]},"properties":{"site":"milan","name":null,"category":"other","historic":null,"building":"yes","osm_id":396367561}},{"type":"Feature","geometry":{"type":"Polygon","coordinates":[[[9.1940521,45.4606983],[9.1939259,45.4607627],[9.1939996,45.4608431],[9.194101,45.4609526],[9.1941596,45.4609226],[9.1942354,45.4608856],[9.1940679,45.4607144],[9.1940521,45.4606983]]]},"properties":{"site":"milan","name":null,"category":"other","historic":null,"building":"apartments","osm_id":396367575}},{"type":"Feature","geometry":{"type":"Polygon","coordinates":[[[9.1904886,45.459432],[9.1905026,45.4594235],[9.1905174,45.4594129],[9.190573,45.4594519],[9.1905566,45.4594624],[9.1905379,45.4594713],[9.1904886,45.459432]]]},"properties":{"site":"milan","name":null,"category":"other","historic":null,"building":"roof","osm_id":396367580}},{"type":"Feature","geometry":{"type":"Polygon","coordinates":[[[9.1938838,45.4618277],[9.1938643,45.4617356],[9.194043,45.4617195],[9.1940389,45.4617022],[9.1940954,45.4616992],[9.1939721,45.461919],[9.1938838,45.4618277]]]},"properties":{"site":"milan","name":null,"category":"other","historic":null,"building":"yes","osm_id":396367587}},{"type":"Feature","geometry":{"type":"Polygon","coordinates":[[[9.1914551,45.4593816],[9.1915446,45.4594482],[9.1916568,45.4593904],[9.1915089,45.4592741],[9.1914579,45.4593099],[9.1915043,45.4593527],[9.1914551,45.4593816]]]},"properties":{"site":"milan","name":null,"category":"other","historic":null,"building":"yes","osm_id":396367598}},{"type":"Feature","geometry":{"type":"Polygon","coordinates":[[[9.1917842,45.4588862],[9.1916758,45.4589543],[9.1916113,45.4589032],[9.1915646,45.4589375],[9.1914767,45.4588621],[9.1916303,45.458765],[9.1917598,45.458867],[9.1917842,45.4588862]]]},"properties":{"site":"milan","name":null,"category":"other","historic":null,"building":"yes","osm_id":396367600}},{"type":"Feature","geometry":{"type":"Polygon","coordinates":[[[9.1901844,45.4596109],[9.19031,45.4597122],[9.1903981,45.4596603],[9.1906111,45.4595348],[9.1906148,45.4595358],[9.1905379,45.4594713],[9.1904886,45.459432],[9.1901844,45.4596109]]]},"properties":{"site":"milan","name":null,"category":"other","historic":null,"building":"apartments","osm_id":396367603}},{"type":"Feature","geometry":{"type":"Polygon","coordinates":[[[9.1944958,45.4571079],[9.1944313,45.4570878],[9.1943662,45.4570454],[9.1945399,45.4569472],[9.19469,45.4568582],[9.194815,45.4567777],[9.1949097,45.4568608],[9.1948817,45.4568722],[9.1945351,45.4570813],[9.1944958,45.4571079]]]},"properties":{"site":"milan","name":null,"category":"other","historic":null,"building":"apartments","osm_id":396367604}},{"type":"Feature","geometry":{"type":"Polygon","coordinates":[[[9.1909727,45.4591508],[9.1910484,45.4591069],[9.1911221,45.4590642],[9.1912655,45.459164],[9.1912153,45.4591934],[9.191147,45.459235],[9.1911084,45.4592577],[9.1910921,45.4592448],[9.1909727,45.4591508]]]},"properties":{"site":"milan","name":null,"category":"other","historic":null,"building":"yes","osm_id":396367608}},{"type":"Feature","geometry":{"type":"Polygon","coordinates":[[[9.1916568,45.4593904],[9.1915446,45.4594482],[9.1915093,45.4594703],[9.1916197,45.4595467],[9.1916288,45.4595416],[9.1916412,45.4595271],[9.1918703,45.459378],[9.1917793,45.4593143],[9.1917254,45.4593512],[9.1916568,45.4593904]]]},"properties":{"site":"milan","name":null,"category":"other","historic":null,"building":"apartments","osm_id":396367612}},{"type":"Feature","geometry":{"type":"Polygon","coordinates":[[[9.1934161,45.4606848],[9.193384,45.460585],[9.1935259,45.4605579],[9.1935155,45.4605424],[9.1935069,45.4605239],[9.1932236,45.4605713],[9.1932675,45.4607058],[9.1934161,45.4606848]]]},"properties":{"site":"milan","name":null,"category":"other","historic":null,"building":"yes","osm_id":396367620}},{"type":"Feature","geometry":{"type":"Polygon","coordinates":[[[9.1937967,45.4609016],[9.1937641,45.4609063],[9.1937963,45.4609887],[9.1938597,45.4612206],[9.193921,45.4612117],[9.1939247,45.4612222],[9.1940299,45.461209],[9.1939173,45.460871],[9.1937967,45.4609016]]]},"properties":{"site":"milan","name":null,"category":"other","historic":null,"building":"yes","osm_id":396367622}},{"type":"Feature","geometry":{"type":"Polygon","coordinates":[[[9.1918321,45.4590031],[9.1918959,45.4589335],[9.1919121,45.4589407],[9.1920592,45.4590056],[9.1921515,45.4590682],[9.1921948,45.4590976],[9.1921423,45.4591506],[9.1919746,45.4590545],[9.1919484,45.4590713],[9.1918848,45.4590299],[9.1918321,45.4590031]]]},"properties":{"site":"milan","name":null,"category":"other","historic":null,"building":"apartments","osm_id":396367624}},{"type":"Feature","geometry":{"type":"Polygon","coordinates":[[[9.1950985,45.4571928],[9.195001,45.4571662],[9.195029,45.4571331],[9.1949656,45.4571146],[9.1951164,45.4570168],[9.1950276,45.456932],[9.1951537,45.4568677],[9.1952209,45.4570007],[9.1950985,45.4571928]]]},"properties":{"site":"milan","name":null,"category":"other","historic":null,"building":"yes","osm_id":396367625}},{"type":"Feature","geometry":{"type":"Polygon","coordinates":[[[9.1912824,45.4598224],[9.19141,45.4598809],[9.1913888,45.4599126],[9.1913673,45.4599448],[9.1913495,45.4599735],[9.1913285,45.4600057],[9.191273,45.4600896],[9.1912699,45.4600975],[9.1911152,45.4600497],[9.19112,45.4600451],[9.1911744,45.4599693],[9.1911833,45.4599592],[9.1911977,45.4599395],[9.1912072,45.459926],[9.1912465,45.459872],[9.1912824,45.4598224]]]},"properties":{"site":"milan","name":null,"category":"other","historic":null,"building":"yes","osm_id":396367631}},{"type":"Feature","geometry":{"type":"Polygon","coordinates":[[[9.1998917,45.4674044],[9.1998091,45.4675234],[9.199717,45.4676551],[9.1996836,45.4676458],[9.1995674,45.4676189],[9.199611,45.4675489],[9.1994469,45.4674984],[9.1994865,45.467388],[9.1996842,45.4674524],[9.1997381,45.4673918],[9.1997621,45.4673963],[9.199782,45.4673627],[9.1998917,45.4674044]]]},"properties":{"site":"milan","name":null,"category":"other","historic":null,"building":"yes","osm_id":396575464}},{"type":"Feature","geometry":{"type":"Polygon","coordinates":[[[9.199814,45.4669413],[9.1996542,45.4669161],[9.1996236,45.4669113],[9.1995907,45.4670206],[9.1995973,45.4670215],[9.1995809,45.4670681],[9.199545,45.4671972],[9.1995036,45.4673156],[9.1996624,45.4673449],[9.199673,45.4673178],[9.1997071,45.4672718],[9.199657,45.4672602],[9.1997301,45.4670616],[9.1997676,45.4670674],[9.199814,45.4669413]]]},"properties":{"site":"milan","name":null,"category":"other","historic":null,"building":"yes","osm_id":396575471}},{"type":"Feature","geometry":{"type":"Polygon","coordinates":[[[9.1873789,45.4713011],[9.1874705,45.4713047],[9.1874302,45.4714179],[9.187386,45.4715191],[9.1872543,45.4715055],[9.187252,45.4715344],[9.1871526,45.4715255],[9.18716,45.4715068],[9.1871824,45.4714286],[9.1872791,45.4714399],[9.187281,45.4713974],[9.1873349,45.4713991],[9.1873789,45.4713011]]]},"properties":{"site":"milan","name":null,"category":"other","historic":null,"building":"yes","osm_id":400248644}},{"type":"Feature","geometry":{"type":"Polygon","coordinates":[[[9.1849516,45.4568794],[9.1850704,45.456868],[9.1850968,45.4569985],[9.1853405,45.4569724],[9.185368,45.4570586],[9.1849933,45.4570952],[9.1849832,45.4570324],[9.1849702,45.4570329],[9.1849632,45.4569922],[9.1849564,45.4569528],[9.1849656,45.4569531],[9.1849516,45.4568794]]]},"properties":{"site":"milan","name":null,"category":"other","historic":null,"building":"apartments","osm_id":404740741}},{"type":"Feature","geometry":{"type":"Polygon","coordinates":[[[9.1848472,45.4627634],[9.1849336,45.4627036],[9.1850188,45.462765],[9.1850408,45.4627467],[9.1851322,45.4626896],[9.1851188,45.4626298],[9.1850936,45.4626319],[9.1850945,45.462592],[9.185067,45.4624974],[9.1852266,45.4624719],[9.1852313,45.4624931],[9.1852813,45.4627167],[9.1852745,45.4627256],[9.1852844,45.4627346],[9.1852059,45.4627869],[9.1851964,45.4627795],[9.1850683,45.4628615],[9.1850084,45.4629005],[9.1848153,45.4629269],[9.1847739,45.4629263],[9.1847427,45.4629219],[9.1847223,45.4629149],[9.1846966,45.4629001],[9.1846727,45.4628813],[9.1846576,45.4628647],[9.1846529,45.4628502],[9.1846481,45.4628346],[9.1847421,45.4628202],[9.1847655,45.4628436],[9.1847935,45.4628494],[9.184818,45.4628527],[9.184853,45.4628486],[9.1848834,45.4628445],[9.1849021,45.4628412],[9.1848939,45.462824],[9.1849114,45.4628084],[9.1848472,45.4627634]]]},"properties":{"site":"milan","name":"Palazzo Castani","category":"other","historic":"yes","building":"public","osm_id":405607332}},{"type":"Feature","geometry":{"type":"Polygon","coordinates":[[[9.1934477,45.462424],[9.1933895,45.4624808],[9.1933632,45.4624859],[9.1933401,45.4625019],[9.1933371,45.4625203],[9.1933428,45.4625348],[9.1933448,45.4625579],[9.1933978,45.4625565],[9.1933971,45.462622],[9.1935887,45.4626184],[9.1935997,45.4624979],[9.1935138,45.4624561],[9.1934477,45.462424]]]},"properties":{"site":"milan","name":null,"category":"other","historic":null,"building":"apartments","osm_id":416169891}},{"type":"Feature","geometry":{"type":"Polygon","coordinates":[[[9.190696,45.4624808],[9.1907254,45.462494],[9.190563,45.4626406],[9.1904065,45.4626423],[9.1903806,45.4626429],[9.1903857,45.4624634],[9.1903883,45.4623734],[9.190404,45.4623729],[9.1904768,45.4623747],[9.190525,45.4623974],[9.1905203,45.4624627],[9.1905697,45.4624632],[9.1906024,45.46243],[9.190696,45.4624808]]]},"properties":{"site":"milan","name":null,"category":"other","historic":null,"building":"apartments","osm_id":416169894}},{"type":"Feature","geometry":{"type":"Polygon","coordinates":[[[9.1908326,45.4618829],[9.1909277,45.4619574],[9.1908129,45.4620316],[9.1908027,45.4620375],[9.1907079,45.4619653],[9.1908326,45.4618829]]]},"properties":{"site":"milan","name":null,"category":"other","historic":null,"building":"yes","osm_id":416169895}},{"type":"Feature","geometry":{"type":"Polygon","coordinates":[[[9.194963,45.4623471],[9.1950394,45.4623492],[9.1950414,45.4623128],[9.194965,45.4623107],[9.194963,45.4623471]]]},"properties":{"site":"milan","name":"Edicolina","category":"other","historic":null,"building":"kiosk","osm_id":416169902}},{"type":"Feature","geometry":{"type":"Polygon","coordinates":[[[9.1896193,45.4636499],[9.1896655,45.4636493],[9.1896644,45.4636074],[9.1896181,45.463608],[9.1896193,45.4636499]]]},"properties":{"site":"milan","name":"I Love Italy","category":"other","historic":null,"building":"kiosk","osm_id":416169903}},{"type":"Feature","geometry":{"type":"Polygon","coordinates":[[[9.1910959,45.4623422],[9.1911423,45.4623007],[9.1911878,45.4622601],[9.1913226,45.4623413],[9.1913166,45.4623458],[9.1912249,45.4624097],[9.1910959,45.4623422]]]},"properties":{"site":"milan","name":null,"category":"other","historic":null,"building":"yes","osm_id":416169905}},{"type":"Feature","geometry":{"type":"Polygon","coordinates":[[[9.1933401,45.4625019],[9.1932261,45.4624501],[9.1932833,45.4623483],[9.1934477,45.462424],[9.1933895,45.4624808],[9.1933632,45.4624859],[9.1933401,45.4625019]]]},"properties":{"site":"milan","name":null,"category":"other","historic":null,"building":"yes","osm_id":416169915}},{"type":"Feature","geometry":{"type":"Polygon","coordinates":[[[9.1909277,45.4619574],[9.1910631,45.4620655],[9.1911361,45.4621238],[9.1910147,45.4622301],[9.1909907,45.4622137],[9.1909502,45.4622535],[9.1908537,45.4621903],[9.1909247,45.4621238],[9.1908129,45.4620316],[9.1909277,45.4619574]]]},"properties":{"site":"milan","name":null,"category":"other","historic":null,"building":"apartments","osm_id":416169919}},{"type":"Feature","geometry":{"type":"Polygon","coordinates":[[[9.19053,45.461895],[9.1906598,45.4619741],[9.1906854,45.4619532],[9.1907079,45.4619653],[9.1908326,45.4618829],[9.1906896,45.4617729],[9.19053,45.461895]]]},"properties":{"site":"milan","name":null,"category":"other","historic":null,"building":"apartments","osm_id":416169920}},{"type":"Feature","geometry":{"type":"Polygon","coordinates":[[[9.1908537,45.4621903],[9.1908163,45.4621736],[9.1907874,45.4622023],[9.1906985,45.4621571],[9.1906399,45.4622094],[9.1907448,45.4622649],[9.1906682,45.4623317],[9.1907974,45.4623904],[9.1908677,45.4623274],[9.1909502,45.4622535],[9.1908537,45.4621903]]]},"properties":{"site":"milan","name":null,"category":"other","historic":null,"building":"apartments","osm_id":416169921}},{"type":"Feature","geometry":{"type":"Polygon","coordinates":[[[9.1843915,45.4674095],[9.1844372,45.4673357],[9.1845116,45.4672373],[9.1846724,45.4672743],[9.1847931,45.4673021],[9.1847715,45.4673714],[9.1847956,45.4673723],[9.1847915,45.4673874],[9.184762,45.4675046],[9.1847303,45.4676072],[9.1846595,45.4675994],[9.1846271,45.4677011],[9.1846205,45.4677233],[9.1844719,45.4677075],[9.1844037,45.4677031],[9.1844564,45.4675648],[9.1844684,45.4675317],[9.1845261,45.4674363],[9.1843915,45.4674095]]]},"properties":{"site":"milan","name":null,"category":"other","historic":null,"building":"yes","osm_id":418110932}},{"type":"Feature","geometry":{"type":"Polygon","coordinates":[[[9.1851255,45.4677085],[9.1851148,45.4677349],[9.1850611,45.4677255],[9.185049,45.467756],[9.1850017,45.4677497],[9.1846271,45.4677011],[9.1846595,45.4675994],[9.1847303,45.4676072],[9.1848693,45.4676226],[9.1848941,45.4675186],[9.1849089,45.4674594],[9.1850178,45.4674662],[9.185006,45.4675306],[9.1850379,45.4675379],[9.1849962,45.4676906],[9.1851255,45.4677085]]]},"properties":{"site":"milan","name":null,"category":"other","historic":null,"building":"yes","osm_id":418110934}},{"type":"Feature","geometry":{"type":"Polygon","coordinates":[[[9.1848756,45.4684234],[9.1850879,45.468431],[9.1850705,45.4685047],[9.1848796,45.4684894],[9.1848756,45.4684234]]]},"properties":{"site":"milan","name":null,"category":"other","historic":null,"building":"yes","osm_id":418110936}},{"type":"Feature","geometry":{"type":"Polygon","coordinates":[[[9.1854402,45.468086],[9.1854153,45.4681891],[9.18539,45.4682937],[9.1852181,45.4682879],[9.1852586,45.4680787],[9.1853507,45.4680882],[9.1853531,45.4680771],[9.1854402,45.468086]]]},"properties":{"site":"milan","name":null,"category":"other","historic":null,"building":"apartments","osm_id":418110937}},{"type":"Feature","geometry":{"type":"Polygon","coordinates":[[[9.1853274,45.4679412],[9.1851141,45.4679204],[9.1850953,45.4680105],[9.1852692,45.4680283],[9.1852586,45.4680787],[9.1853507,45.4680882],[9.1853531,45.4680771],[9.1854402,45.468086],[9.1854503,45.4680377],[9.1854621,45.4679821],[9.1853713,45.4679676],[9.1853198,45.4679603],[9.1853274,45.4679412]]]},"properties":{"site":"milan","name":null,"category":"other","historic":null,"building":"apartments","osm_id":418110938}},{"type":"Feature","geometry":{"type":"Polygon","coordinates":[[[9.1853469,45.4684642],[9.1853212,45.4685854],[9.1853038,45.4686676],[9.1852873,45.4686877],[9.1852557,45.4686981],[9.1849727,45.4686778],[9.1848695,45.4686704],[9.184871,45.4685545],[9.1851519,45.4685703],[9.1851857,45.4684474],[9.1853469,45.4684642]]]},"properties":{"site":"milan","name":null,"category":"other","historic":null,"building":"apartments","osm_id":418110941}},{"type":"Feature","geometry":{"type":"Polygon","coordinates":[[[9.1850985,45.4682861],[9.1850954,45.4683285],[9.1850879,45.468431],[9.1848756,45.4684234],[9.1847933,45.468414],[9.1848137,45.4683095],[9.1848186,45.4682657],[9.1849439,45.4682768],[9.1850985,45.4682861]]]},"properties":{"site":"milan","name":null,"category":"other","historic":null,"building":"yes","osm_id":418110973}},{"type":"Feature","geometry":{"type":"Polygon","coordinates":[[[9.1849709,45.4678452],[9.1846037,45.4677904],[9.1845883,45.4678487],[9.1848024,45.4678865],[9.1848207,45.4678457],[9.1848427,45.4678497],[9.1847882,45.4680681],[9.184976,45.4680926],[9.1850348,45.4678645],[9.1849709,45.4678452]]]},"properties":{"site":"milan","name":null,"category":"other","historic":null,"building":"apartments","osm_id":418111015}},{"type":"Feature","geometry":{"type":"Polygon","coordinates":[[[9.1786094,45.465486],[9.1784606,45.4654866],[9.1784662,45.4655196],[9.1784407,45.4655194],[9.1784476,45.4655525],[9.1784056,45.4655598],[9.1783824,45.4655153],[9.1784145,45.4655068],[9.1784057,45.4654683],[9.1782978,45.4654749],[9.1782962,45.4653814],[9.1782996,45.4652992],[9.1785193,45.4652945],[9.1785152,45.4651832],[9.1785156,45.4651434],[9.178319,45.4651294],[9.1783674,45.4649449],[9.1783917,45.4649452],[9.1785309,45.464956],[9.1785458,45.464861],[9.1785622,45.4647716],[9.1790912,45.464813],[9.1791022,45.4648192],[9.1791287,45.464844],[9.1791342,45.4648517],[9.179132,45.4648734],[9.179109,45.4650101],[9.1789463,45.4649859],[9.1789207,45.4650696],[9.1787626,45.4650495],[9.1787429,45.4651691],[9.1788866,45.4651742],[9.1788815,45.4652177],[9.1788663,45.4653233],[9.1788405,45.4654946],[9.1786094,45.465486]]]},"properties":{"site":"milan","name":"Circo romano","category":"amphitheater","historic":"archaeological_site","building":null,"osm_id":421120724}},{"type":"Feature","geometry":{"type":"Polygon","coordinates":[[[9.1799244,45.4612221],[9.179872,45.4611163],[9.1797866,45.460957],[9.1797783,45.4609439],[9.179796,45.4609403],[9.1798046,45.4609378],[9.1798099,45.4609437],[9.179884,45.460931],[9.1799119,45.4609831],[9.1799708,45.4609674],[9.1800076,45.4610112],[9.180153,45.4609978],[9.1801627,45.4610541],[9.180067,45.4610567],[9.1800556,45.4612034],[9.1799244,45.4612221]]]},"properties":{"site":"milan","name":"Circo Romano","category":"amphitheater","historic":"archaeological_site","building":null,"osm_id":421120725}},{"type":"Feature","geometry":{"type":"Polygon","coordinates":[[[9.1799193,45.4610649],[9.1799451,45.4610531],[9.1799259,45.4610413],[9.1799049,45.4610493],[9.1799193,45.4610649]]]},"properties":{"site":"milan","name":null,"category":"archaeological","historic":null,"building":"ruins","osm_id":421122315}},{"type":"Feature","geometry":{"type":"Polygon","coordinates":[[[9.1798935,45.461027],[9.1799151,45.4610215],[9.1799055,45.4610085],[9.1798869,45.4610131],[9.1798935,45.461027]]]},"properties":{"site":"milan","name":null,"category":"archaeological","historic":null,"building":"ruins","osm_id":421122316}},{"type":"Feature","geometry":{"type":"Polygon","coordinates":[[[9.1799283,45.4610034],[9.1799373,45.4610177],[9.1799505,45.4610148],[9.1799421,45.461],[9.1799283,45.4610034]]]},"properties":{"site":"milan","name":null,"category":"archaeological","historic":null,"building":"ruins","osm_id":421122317}},{"type":"Feature","geometry":{"type":"Polygon","coordinates":[[[9.1784659,45.4575918],[9.1785115,45.4575978],[9.1785704,45.4576045],[9.1786366,45.457609],[9.1787034,45.4576106],[9.1787708,45.457609],[9.1788413,45.4576041],[9.1788222,45.4575327],[9.1788206,45.4575269],[9.1788357,45.4575251],[9.1788374,45.457532],[9.1788464,45.4575308],[9.1788838,45.4575263],[9.1789542,45.4575171],[9.1789486,45.4574954],[9.1789337,45.4574371],[9.178915,45.4573637],[9.1788885,45.4572688],[9.1788039,45.4572793],[9.1787173,45.4572858],[9.1786308,45.457288],[9.1785443,45.4572877],[9.1784659,45.4575918]]]},"properties":{"site":"milan","name":"Anfiteatro Romano","category":"theater","historic":"archaeological_site","building":null,"osm_id":421122318}},{"type":"Feature","geometry":{"type":"Polygon","coordinates":[[[9.1811897,45.4604029],[9.1812173,45.4603859],[9.1812598,45.4604087],[9.1812298,45.4604212],[9.1811897,45.4604029]]]},"properties":{"site":"milan","name":"Torre Romana del Carrobbio","category":"archaeological","historic":"ruins","building":null,"osm_id":421314504}},{"type":"Feature","geometry":{"type":"Polygon","coordinates":[[[9.1991091,45.4584797],[9.1997058,45.4585435],[9.199759,45.4582986],[9.1991623,45.4582348],[9.1991091,45.4584797]]]},"properties":{"site":"milan","name":null,"category":"other","historic":null,"building":"yes","osm_id":421651253}},{"type":"Feature","geometry":{"type":"Polygon","coordinates":[[[9.1997544,45.4587719],[9.1997754,45.4586356],[9.1998025,45.4586396],[9.199813,45.4586255],[9.1998342,45.4586222],[9.1998325,45.4586056],[9.2001217,45.4586365],[9.2001039,45.4587234],[9.1999112,45.4587083],[9.1998978,45.4587845],[9.1997544,45.4587719]]]},"properties":{"site":"milan","name":null,"category":"other","historic":null,"building":"yes","osm_id":421653261}},{"type":"Feature","geometry":{"type":"Polygon","coordinates":[[[9.1990702,45.4579007],[9.1991371,45.4579056],[9.1991228,45.4579912],[9.1990571,45.4579878],[9.1990597,45.4579707],[9.1990702,45.4579007]]]},"properties":{"site":"milan","name":null,"category":"other","historic":null,"building":"yes","osm_id":421653267}},{"type":"Feature","geometry":{"type":"Polygon","coordinates":[[[9.1810619,45.4642241],[9.1811909,45.4641051],[9.1812674,45.4640144],[9.1813119,45.4639189],[9.1812382,45.4639043],[9.181134,45.4640768],[9.1810909,45.4640593],[9.1811326,45.4639491],[9.1810339,45.4639335],[9.1810422,45.4638867],[9.1811465,45.4639004],[9.1811868,45.4637746],[9.1811247,45.4637651],[9.1811287,45.4637406],[9.181067,45.463734],[9.181067,45.4637068],[9.1809109,45.463688],[9.1808734,45.4638295],[9.1808402,45.4639321],[9.1808037,45.4640175],[9.1807704,45.4640687],[9.1808385,45.4640974],[9.1808832,45.4641199],[9.1809282,45.4641542],[9.1809235,45.4641629],[9.1810619,45.4642241]]]},"properties":{"site":"milan","name":"Casa dei Morigi","category":"domus","historic":"yes","building":"yes","osm_id":421842786}},{"type":"Feature","geometry":{"type":"Polygon","coordinates":[[[9.1908715,45.4698898],[9.1909447,45.4699263],[9.1910204,45.4699688],[9.1910845,45.47],[9.1911747,45.469904],[9.1910739,45.4698485],[9.1909728,45.4697929],[9.1908715,45.4698898]]]},"properties":{"site":"milan","name":"Casa Porro-Lambertenghi","category":"other","historic":"building","building":"yes","osm_id":431354417}},{"type":"Feature","geometry":{"type":"Polygon","coordinates":[[[9.1911571,45.4712784],[9.1910178,45.4712098],[9.1908926,45.4713281],[9.1908837,45.4713215],[9.1907966,45.471399],[9.1906599,45.4715216],[9.1906022,45.4715733],[9.1906116,45.4715799],[9.1904902,45.4716917],[9.1906206,45.4717625],[9.1907084,45.471683],[9.1908467,45.4717547],[9.190832,45.4717665],[9.1909878,45.4718488],[9.1911272,45.4717225],[9.1909939,45.4716489],[9.190962,45.471678],[9.1907922,45.4715853],[9.1909573,45.4714315],[9.1911327,45.4715259],[9.1910851,45.4715677],[9.1912214,45.4716377],[9.1913629,45.4715097],[9.1913249,45.4714895],[9.1913593,45.4714564],[9.1912628,45.4714073],[9.191212,45.4714495],[9.1910572,45.4713692],[9.1911571,45.4712784]]]},"properties":{"site":"milan","name":"Palazzo Perego di Cremnago","category":"other","historic":"castle","building":"yes","osm_id":431354419}},{"type":"Feature","geometry":{"type":"Polygon","coordinates":[[[9.1897508,45.4698171],[9.1897696,45.4697798],[9.1899045,45.4694509],[9.1898535,45.4694453],[9.1898663,45.4693813],[9.1898683,45.4693725],[9.1897615,45.4693635],[9.1895818,45.4693482],[9.1893235,45.4693263],[9.189321,45.4693373],[9.1891283,45.4693196],[9.1891042,45.4694294],[9.1893,45.4694491],[9.1892518,45.4696485],[9.1892171,45.4696432],[9.1891867,45.4697499],[9.1897508,45.4698171]]]},"properties":{"site":"milan","name":"Palazzo del Monte di Pietà","category":"other","historic":"building","building":"office","osm_id":431354420}},{"type":"Feature","geometry":{"type":"Polygon","coordinates":[[[9.1922594,45.4709967],[9.1924115,45.4709607],[9.1924681,45.4710941],[9.1923834,45.4711362],[9.1923049,45.4711743],[9.1923445,45.4712128],[9.1922196,45.4712711],[9.1920837,45.4711503],[9.1921981,45.4710787],[9.1922133,45.4710656],[9.1922765,45.4710385],[9.1922594,45.4709967]]]},"properties":{"site":"milan","name":null,"category":"other","historic":null,"building":"apartments","osm_id":431354421}},{"type":"Feature","geometry":{"type":"Polygon","coordinates":[[[9.1899885,45.4700944],[9.1897568,45.4700477],[9.1898098,45.4699099],[9.1897166,45.4698927],[9.1896569,45.4700328],[9.1896182,45.4700942],[9.1897214,45.4701135],[9.1896999,45.4701694],[9.1898133,45.470232],[9.1898688,45.4701718],[9.1899332,45.4701886],[9.1899885,45.4700944]]]},"properties":{"site":"milan","name":null,"category":"other","historic":null,"building":"yes","osm_id":431354423}},{"type":"Feature","geometry":{"type":"Polygon","coordinates":[[[9.1908835,45.4708748],[9.1907839,45.4709605],[9.1906393,45.4708778],[9.1907369,45.4707869],[9.1904711,45.4706387],[9.1905918,45.4705352],[9.190637,45.4705569],[9.1907102,45.4705159],[9.1908946,45.4706154],[9.1908372,45.4706698],[9.1910052,45.4707683],[9.1908835,45.4708748]]]},"properties":{"site":"milan","name":null,"category":"other","historic":null,"building":"yes","osm_id":431354424}},{"type":"Feature","geometry":{"type":"Polygon","coordinates":[[[9.1906031,45.4694275],[9.1905503,45.4694054],[9.1904731,45.4693731],[9.1903133,45.4693346],[9.1903482,45.4692604],[9.1905257,45.4690981],[9.1906001,45.4690646],[9.1907503,45.4691641],[9.190651,45.4692504],[9.1907822,45.4693284],[9.190669,45.469425],[9.1906308,45.4694068],[9.1906031,45.4694275]]]},"properties":{"site":"milan","name":"Palazzo Centro Congressi Cariplo","category":"other","historic":"building","building":"office","osm_id":431354426}},{"type":"Feature","geometry":{"type":"Polygon","coordinates":[[[9.1937112,45.4711719],[9.1933278,45.4713761],[9.1932895,45.4713942],[9.1932301,45.4713335],[9.193178,45.4712775],[9.1932951,45.4712026],[9.1933905,45.4712781],[9.1934577,45.471236],[9.1934901,45.4712385],[9.1935549,45.4712044],[9.1934583,45.4711164],[9.1935932,45.4710469],[9.1936529,45.4711102],[9.1937112,45.4711719]]]},"properties":{"site":"milan","name":null,"category":"other","historic":null,"building":"apartments","osm_id":431354427}},{"type":"Feature","geometry":{"type":"Polygon","coordinates":[[[9.1923915,45.4715624],[9.1924319,45.4715455],[9.1924,45.4715014],[9.1923344,45.4713999],[9.192478,45.4713319],[9.1925583,45.471319],[9.1926055,45.4714932],[9.1926066,45.4714968],[9.1926349,45.4716408],[9.1925519,45.471647],[9.1925478,45.4716412],[9.1924946,45.4716677],[9.1923915,45.4715624]]]},"properties":{"site":"milan","name":null,"category":"other","historic":null,"building":"apartments","osm_id":431354429}},{"type":"Feature","geometry":{"type":"Polygon","coordinates":[[[9.1918067,45.4715839],[9.1917816,45.471571],[9.1917958,45.4715515],[9.1916395,45.4714779],[9.1918138,45.471302],[9.1917272,45.4712517],[9.1915997,45.4713816],[9.1915332,45.4713498],[9.1915709,45.4713139],[9.1917506,45.4711443],[9.1917747,45.4711308],[9.1918694,45.4711869],[9.1919556,45.4712428],[9.191943,45.4712513],[9.1920527,45.4713522],[9.1919539,45.4714053],[9.1919054,45.4714445],[9.1918916,45.47146],[9.1918605,45.4714861],[9.1918935,45.4715029],[9.1918067,45.4715839]]]},"properties":{"site":"milan","name":null,"category":"other","historic":null,"building":"apartments","osm_id":431354430}},{"type":"Feature","geometry":{"type":"Polygon","coordinates":[[[9.190089,45.4702548],[9.1900278,45.4703139],[9.1900134,45.4703061],[9.1900173,45.470302],[9.1900093,45.4702968],[9.1899769,45.4702976],[9.1899708,45.4703048],[9.1899771,45.4703084],[9.1899697,45.4703149],[9.1898133,45.470232],[9.1896999,45.4701694],[9.1896854,45.4701606],[9.1896655,45.4701752],[9.189634,45.4701593],[9.1896548,45.4701256],[9.1896044,45.4701151],[9.1895648,45.4702122],[9.1895554,45.4702284],[9.1899557,45.4704374],[9.1900914,45.4704236],[9.1901675,45.4703479],[9.1902039,45.4703116],[9.190089,45.4702548]]]},"properties":{"site":"milan","name":null,"category":"other","historic":null,"building":"yes","osm_id":431354431}},{"type":"Feature","geometry":{"type":"Polygon","coordinates":[[[9.1908956,45.4701836],[9.1910845,45.47],[9.1911747,45.469904],[9.1912583,45.4699542],[9.191221,45.4699868],[9.1911742,45.4700237],[9.1911431,45.4700077],[9.191094,45.4700499],[9.1913364,45.4701863],[9.1913834,45.4701392],[9.1913133,45.4701014],[9.1913562,45.4700635],[9.191396,45.4700308],[9.1914811,45.4700781],[9.1912417,45.4703482],[9.1911868,45.4703129],[9.1912369,45.470271],[9.1910342,45.4701515],[9.1909544,45.470218],[9.1908956,45.4701836]]]},"properties":{"site":"milan","name":null,"category":"other","historic":null,"building":"yes","osm_id":431354432}},{"type":"Feature","geometry":{"type":"Polygon","coordinates":[[[9.1885672,45.4692527],[9.1884915,45.4696032],[9.1884602,45.4695943],[9.1884135,45.4697554],[9.1884817,45.4697697],[9.188542,45.4696378],[9.1887828,45.469677],[9.1888094,45.4695615],[9.1888705,45.4692959],[9.1887482,45.4692785],[9.1885672,45.4692527]]]},"properties":{"site":"milan","name":null,"category":"other","historic":null,"building":"yes","osm_id":431354433}},{"type":"Feature","geometry":{"type":"Polygon","coordinates":[[[9.1924115,45.4709607],[9.1922594,45.4709967],[9.1921697,45.4708342],[9.1923254,45.4707926],[9.1923683,45.4708764],[9.1924115,45.4709607]]]},"properties":{"site":"milan","name":null,"category":"other","historic":null,"building":"apartments","osm_id":431354435}},{"type":"Feature","geometry":{"type":"Polygon","coordinates":[[[9.1912583,45.4699542],[9.1913753,45.4700193],[9.191396,45.4700308],[9.1913562,45.4700635],[9.191221,45.4699868],[9.1912583,45.4699542]]]},"properties":{"site":"milan","name":null,"category":"other","historic":null,"building":"roof","osm_id":431354436}},{"type":"Feature","geometry":{"type":"Polygon","coordinates":[[[9.1918935,45.4715029],[9.1918067,45.4715839],[9.1920425,45.4716972],[9.1920549,45.4716854],[9.1921241,45.471613],[9.1918935,45.4715029]]]},"properties":{"site":"milan","name":"Ex chiostro di Sant’Erasmo","category":"other","historic":null,"building":"yes","osm_id":431354438}},{"type":"Feature","geometry":{"type":"Polygon","coordinates":[[[9.1914811,45.4700781],[9.1912417,45.4703482],[9.1913405,45.4704008],[9.1914533,45.4702851],[9.191579,45.4701423],[9.1915311,45.4701109],[9.1914811,45.4700781]]]},"properties":{"site":"milan","name":null,"category":"other","historic":null,"building":"yes","osm_id":431354441}},{"type":"Feature","geometry":{"type":"Polygon","coordinates":[[[9.1893974,45.4701206],[9.1895648,45.4702122],[9.1896044,45.4701151],[9.1896182,45.4700942],[9.1894143,45.4700694],[9.1893974,45.4701206]]]},"properties":{"site":"milan","name":null,"category":"other","historic":null,"building":"yes","osm_id":431354442}},{"type":"Feature","geometry":{"type":"Polygon","coordinates":[[[9.1920837,45.4711503],[9.1919896,45.4710875],[9.1918667,45.4710165],[9.1919553,45.4709289],[9.192117,45.4710202],[9.1921285,45.471016],[9.1921981,45.4710787],[9.1920837,45.4711503]]]},"properties":{"site":"milan","name":null,"category":"other","historic":null,"building":"apartments","osm_id":431354455}},{"type":"Feature","geometry":{"type":"Polygon","coordinates":[[[9.1900545,45.4706899],[9.1900485,45.4706879],[9.1901168,45.4706226],[9.1902068,45.4705365],[9.190215,45.4705406],[9.1903396,45.4706014],[9.1901686,45.4707645],[9.1901077,45.4707324],[9.1901169,45.4707238],[9.1900545,45.4706899]]]},"properties":{"site":"milan","name":null,"category":"other","historic":null,"building":"yes","osm_id":431354487}},{"type":"Feature","geometry":{"type":"Polygon","coordinates":[[[9.1928226,45.4713442],[9.1927731,45.471188],[9.1928273,45.4711612],[9.1929574,45.4710968],[9.1930656,45.4711873],[9.1929842,45.4712319],[9.1930087,45.4713249],[9.1928226,45.4713442]]]},"properties":{"site":"milan","name":null,"category":"other","historic":null,"building":"apartments","osm_id":431354504}},{"type":"Feature","geometry":{"type":"Polygon","coordinates":[[[9.1909088,45.4695973],[9.1906821,45.4694688],[9.1906031,45.4694275],[9.1906308,45.4694068],[9.190669,45.469425],[9.1907822,45.4693284],[9.1910495,45.4694751],[9.1909088,45.4695973]]]},"properties":{"site":"milan","name":null,"category":"other","historic":null,"building":"yes","osm_id":431354547}},{"type":"Feature","geometry":{"type":"Polygon","coordinates":[[[9.190789,45.4689946],[9.1909788,45.468869],[9.1911024,45.4689824],[9.1910465,45.4690188],[9.1909788,45.4690672],[9.1910297,45.4691001],[9.1909149,45.4692],[9.1908615,45.4691649],[9.1906931,45.4690541],[9.190789,45.4689946]]]},"properties":{"site":"milan","name":null,"category":"other","historic":null,"building":"yes","osm_id":431354561}},{"type":"Feature","geometry":{"type":"Polygon","coordinates":[[[9.19119,45.4707166],[9.1913136,45.4707827],[9.1910809,45.4709888],[9.1909867,45.4710723],[9.1908712,45.4710125],[9.1908627,45.4710085],[9.1909644,45.4709193],[9.1908835,45.4708748],[9.1910052,45.4707683],[9.1910863,45.4708164],[9.19119,45.4707166]]]},"properties":{"site":"milan","name":null,"category":"other","historic":null,"building":"yes","osm_id":431354562}},{"type":"Feature","geometry":{"type":"Polygon","coordinates":[[[9.1905918,45.4705352],[9.1904711,45.4706387],[9.1903898,45.4705974],[9.1903648,45.4705998],[9.1903493,45.4705919],[9.1903396,45.4706014],[9.190215,45.4705406],[9.1903334,45.4704282],[9.1905203,45.4705257],[9.1905399,45.4705096],[9.1905918,45.4705352]]]},"properties":{"site":"milan","name":null,"category":"other","historic":null,"building":"yes","osm_id":431354563}},{"type":"Feature","geometry":{"type":"Polygon","coordinates":[[[9.1930087,45.4713249],[9.1930282,45.4713986],[9.1931389,45.4713878],[9.1932301,45.4713335],[9.1932895,45.4713942],[9.1931797,45.471451],[9.1930993,45.4714633],[9.1931197,45.4715505],[9.1928773,45.4715659],[9.1928569,45.4714832],[9.1928226,45.4713442],[9.1930087,45.4713249]]]},"properties":{"site":"milan","name":null,"category":"other","historic":null,"building":"apartments","osm_id":431354564}},{"type":"Feature","geometry":{"type":"Polygon","coordinates":[[[9.1908529,45.4702231],[9.1907759,45.4702923],[9.1907465,45.4702792],[9.1905267,45.4704865],[9.1905503,45.4704973],[9.1905399,45.4705096],[9.1905918,45.4705352],[9.1909544,45.470218],[9.1908956,45.4701836],[9.1908529,45.4702231]]]},"properties":{"site":"milan","name":null,"category":"other","historic":null,"building":"yes","osm_id":431354566}},{"type":"Feature","geometry":{"type":"Polygon","coordinates":[[[9.1815869,45.4644176],[9.1815883,45.4643461],[9.1817173,45.464348],[9.1817157,45.4644364],[9.1815869,45.4644176]]]},"properties":{"site":"milan","name":null,"category":"other","historic":null,"building":"yes","osm_id":432570032}},{"type":"Feature","geometry":{"type":"Polygon","coordinates":[[[9.1816545,45.4641122],[9.1817324,45.4641155],[9.1817281,45.4641485],[9.1816483,45.4641493],[9.1816545,45.4641122]]]},"properties":{"site":"milan","name":null,"category":"other","historic":null,"building":"yes","osm_id":432570041}},{"type":"Feature","geometry":{"type":"Polygon","coordinates":[[[9.1816378,45.4642117],[9.1815883,45.4642135],[9.1815843,45.4642633],[9.1817189,45.4642605],[9.1817198,45.4642117],[9.1816378,45.4642117]]]},"properties":{"site":"milan","name":null,"category":"other","historic":null,"building":"yes","osm_id":432570051}},{"type":"Feature","geometry":{"type":"Polygon","coordinates":[[[9.1817198,45.4642117],[9.1817281,45.4641485],[9.1817324,45.4641155],[9.1817435,45.4641152],[9.1819088,45.4641268],[9.1818944,45.4642187],[9.1817198,45.4642117]]]},"properties":{"site":"milan","name":null,"category":"other","historic":null,"building":"yes","osm_id":432570060}},{"type":"Feature","geometry":{"type":"Polygon","coordinates":[[[9.1817814,45.4644411],[9.1817157,45.4644364],[9.1817173,45.464348],[9.1817189,45.4642605],[9.1817198,45.4642117],[9.1818944,45.4642187],[9.1818992,45.4644403],[9.1817814,45.4644411]]]},"properties":{"site":"milan","name":null,"category":"other","historic":null,"building":"apartments","osm_id":432570089}},{"type":"Feature","geometry":{"type":"Polygon","coordinates":[[[9.1814834,45.4645504],[9.1815038,45.4644148],[9.1815869,45.4644176],[9.1815843,45.4644891],[9.1817774,45.4644929],[9.1817814,45.4644411],[9.1818992,45.4644403],[9.1818872,45.464568],[9.1814834,45.4645504]]]},"properties":{"site":"milan","name":null,"category":"other","historic":null,"building":"apartments","osm_id":432570116}},{"type":"Feature","geometry":{"type":"Polygon","coordinates":[[[9.191603,45.4705437],[9.1913405,45.4704008],[9.1912802,45.4704589],[9.191423,45.470539],[9.191364,45.4705899],[9.1912318,45.4705154],[9.1911721,45.470567],[9.1911421,45.4705503],[9.1911694,45.4705262],[9.1911189,45.4704967],[9.1911006,45.4705173],[9.1910701,45.4705074],[9.1909654,45.4706004],[9.19119,45.4707166],[9.1913136,45.4707827],[9.1913592,45.4707437],[9.1914043,45.4707051],[9.1915035,45.4706245],[9.191603,45.4705437]]]},"properties":{"site":"milan","name":null,"category":"other","historic":null,"building":"yes","osm_id":432609100}},{"type":"Feature","geometry":{"type":"Polygon","coordinates":[[[9.191579,45.4701423],[9.1916812,45.4701986],[9.1918722,45.470304],[9.1917947,45.4703839],[9.1917667,45.4704127],[9.1917121,45.4703865],[9.1916978,45.4703995],[9.1916387,45.4703671],[9.1916713,45.4703377],[9.1915744,45.4702922],[9.1915495,45.4703261],[9.1914533,45.4702851],[9.191579,45.4701423]]]},"properties":{"site":"milan","name":null,"category":"other","historic":null,"building":"yes","osm_id":432609135}},{"type":"Feature","geometry":{"type":"Polygon","coordinates":[[[9.1915709,45.4713139],[9.1914223,45.4712298],[9.1911512,45.4710866],[9.1912403,45.4710091],[9.1913326,45.4709288],[9.191442,45.4709866],[9.1913682,45.4710546],[9.191607,45.4711871],[9.1916886,45.4711122],[9.1917506,45.4711443],[9.1915709,45.4713139]]]},"properties":{"site":"milan","name":null,"category":"other","historic":null,"building":"yes","osm_id":432609156}},{"type":"Feature","geometry":{"type":"Polygon","coordinates":[[[9.1908715,45.4698898],[9.1909447,45.4699263],[9.1908206,45.4700518],[9.1909021,45.4700898],[9.1910204,45.4699688],[9.1910845,45.47],[9.1908956,45.4701836],[9.1908529,45.4702231],[9.1906372,45.4701052],[9.1908715,45.4698898]]]},"properties":{"site":"milan","name":null,"category":"other","historic":null,"building":"yes","osm_id":432609179}},{"type":"Feature","geometry":{"type":"Polygon","coordinates":[[[9.1809251,45.4664534],[9.1808682,45.4663929],[9.1808273,45.4663495],[9.1808206,45.4663424],[9.1806881,45.4663929],[9.1807072,45.4664099],[9.1807453,45.4664596],[9.1807729,45.4664508],[9.1808057,45.4664978],[9.1809251,45.4664534]]]},"properties":{"site":"milan","name":null,"category":"other","historic":null,"building":"apartments","osm_id":432613848}},{"type":"Feature","geometry":{"type":"Polygon","coordinates":[[[9.1808206,45.4663424],[9.1807728,45.4662923],[9.1807239,45.466241],[9.180649,45.4662843],[9.1806057,45.4663054],[9.1806881,45.4663929],[9.1808206,45.4663424]]]},"properties":{"site":"milan","name":null,"category":"other","historic":null,"building":"apartments","osm_id":432613849}},{"type":"Feature","geometry":{"type":"Polygon","coordinates":[[[9.1804587,45.4665297],[9.1804432,45.466501],[9.1804992,45.4664821],[9.1805595,45.4665778],[9.1805097,45.4665965],[9.1804587,45.4665297]]]},"properties":{"site":"milan","name":null,"category":"other","historic":null,"building":"yes","osm_id":432613850}},{"type":"Feature","geometry":{"type":"Polygon","coordinates":[[[9.1802857,45.4670316],[9.1800306,45.4671175],[9.1799518,45.4671409],[9.1798845,45.4670349],[9.180027,45.4669862],[9.1801801,45.4669371],[9.1801959,45.4669607],[9.1802254,45.4669521],[9.180232,45.4669506],[9.1802857,45.4670316]]]},"properties":{"site":"milan","name":null,"category":"other","historic":null,"building":"apartments","osm_id":432613851}},{"type":"Feature","geometry":{"type":"Polygon","coordinates":[[[9.1797458,45.4666343],[9.1799756,45.4665651],[9.1799423,45.4665131],[9.1798558,45.4665393],[9.1798685,45.4665639],[9.1797307,45.4665961],[9.1797458,45.4666343]]]},"properties":{"site":"milan","name":null,"category":"other","historic":null,"building":"yes","osm_id":432613852}},{"type":"Feature","geometry":{"type":"Polygon","coordinates":[[[9.1798845,45.4670349],[9.1797877,45.466888],[9.179934,45.4668423],[9.180027,45.4669862],[9.1798845,45.4670349]]]},"properties":{"site":"milan","name":null,"category":"other","historic":null,"building":"apartments","osm_id":432613853}},{"type":"Feature","geometry":{"type":"Polygon","coordinates":[[[9.1807083,45.4665301],[9.1808057,45.4664978],[9.1809251,45.4664534],[9.1809577,45.4664903],[9.1809956,45.4665332],[9.1808626,45.4665851],[9.1807806,45.4666145],[9.1807533,45.4665754],[9.1807398,45.4665785],[9.1807083,45.4665301]]]},"properties":{"site":"milan","name":null,"category":"other","historic":null,"building":"apartments","osm_id":432613854}},{"type":"Feature","geometry":{"type":"Polygon","coordinates":[[[9.1805959,45.4664212],[9.1806881,45.4663929],[9.1807072,45.4664099],[9.1806706,45.4664206],[9.1806808,45.4664429],[9.1806521,45.4664537],[9.1806244,45.4664629],[9.1805959,45.4664212]]]},"properties":{"site":"milan","name":null,"category":"other","historic":null,"building":"yes","osm_id":432613855}},{"type":"Feature","geometry":{"type":"Polygon","coordinates":[[[9.1810556,45.4667768],[9.1811879,45.466733],[9.1810549,45.4665808],[9.1810094,45.4665288],[9.1809956,45.4665332],[9.1808626,45.4665851],[9.1808801,45.4666127],[9.1809201,45.4665988],[9.1809998,45.4666973],[9.1810556,45.4667768]]]},"properties":{"site":"milan","name":null,"category":"other","historic":null,"building":"apartments","osm_id":432613856}},{"type":"Feature","geometry":{"type":"Polygon","coordinates":[[[9.1800793,45.4667276],[9.1802604,45.4666687],[9.1802234,45.4666065],[9.1801301,45.4664612],[9.1799423,45.4665131],[9.1799756,45.4665651],[9.180046,45.4666833],[9.1800793,45.4667276]]]},"properties":{"site":"milan","name":null,"category":"other","historic":null,"building":"apartments","osm_id":432613874}},{"type":"Feature","geometry":{"type":"Polygon","coordinates":[[[9.1803696,45.4664178],[9.1804113,45.4664624],[9.1805019,45.4664285],[9.1805171,45.4664526],[9.1805959,45.4664212],[9.1805334,45.4663384],[9.1803957,45.4664004],[9.1803696,45.4664178]]]},"properties":{"site":"milan","name":null,"category":"other","historic":null,"building":"yes","osm_id":432613888}},{"type":"Feature","geometry":{"type":"Polygon","coordinates":[[[9.180407,45.4668949],[9.1804626,45.4669756],[9.1807052,45.466896],[9.1806636,45.4668354],[9.1806397,45.4668019],[9.1806315,45.4667895],[9.180574,45.4668077],[9.1804274,45.4668552],[9.1804441,45.4668828],[9.1804148,45.4668927],[9.180407,45.4668949]]]},"properties":{"site":"milan","name":null,"category":"other","historic":null,"building":"apartments","osm_id":432613913}},{"type":"Feature","geometry":{"type":"Polygon","coordinates":[[[9.1797877,45.466888],[9.1797252,45.4667914],[9.180046,45.4666833],[9.1800793,45.4667276],[9.1801011,45.466756],[9.1800643,45.4667644],[9.1800834,45.4667942],[9.179934,45.4668423],[9.1797877,45.466888]]]},"properties":{"site":"milan","name":null,"category":"other","historic":null,"building":"apartments","osm_id":432613929}},{"type":"Feature","geometry":{"type":"Polygon","coordinates":[[[9.1805171,45.4664526],[9.1805499,45.4664925],[9.1805886,45.4664787],[9.1806455,45.4665512],[9.1807083,45.4665301],[9.1806521,45.4664537],[9.1806244,45.4664629],[9.1805959,45.4664212],[9.1805171,45.4664526]]]},"properties":{"site":"milan","name":null,"category":"other","historic":null,"building":"yes","osm_id":432613938}},{"type":"Feature","geometry":{"type":"Polygon","coordinates":[[[9.1802234,45.4666065],[9.1804199,45.4665439],[9.1805,45.4666553],[9.1804806,45.4666639],[9.1803315,45.4667115],[9.1803145,45.4666852],[9.1802791,45.4666963],[9.1802604,45.4666687],[9.1802234,45.4666065]]]},"properties":{"site":"milan","name":null,"category":"other","historic":null,"building":"apartments","osm_id":432613956}},{"type":"Feature","geometry":{"type":"Polygon","coordinates":[[[9.1806397,45.4668019],[9.1806697,45.4667919],[9.1805097,45.4665965],[9.1804587,45.4665297],[9.1804199,45.4665439],[9.1805,45.4666553],[9.1804806,45.4666639],[9.180574,45.4668077],[9.1806315,45.4667895],[9.1806397,45.4668019]]]},"properties":{"site":"milan","name":null,"category":"other","historic":null,"building":"yes","osm_id":432613959}},{"type":"Feature","geometry":{"type":"Polygon","coordinates":[[[9.1800081,45.4662029],[9.1796682,45.4662359],[9.1797074,45.4663121],[9.1797255,45.4663472],[9.1797485,45.4663388],[9.1798388,45.466506],[9.1799619,45.4664731],[9.17988,45.4663053],[9.1800329,45.46629],[9.1800254,45.4662612],[9.1800081,45.4662029]]]},"properties":{"site":"milan","name":null,"category":"other","historic":null,"building":"yes","osm_id":432613966}},{"type":"Feature","geometry":{"type":"Polygon","coordinates":[[[9.1834131,45.4672064],[9.1837513,45.4669493],[9.1837348,45.4669387],[9.1836031,45.4668535],[9.1834716,45.4667684],[9.1833698,45.4668457],[9.1833038,45.4668959],[9.1833631,45.4669343],[9.1833756,45.4669424],[9.1834079,45.4669179],[9.1834715,45.466959],[9.1833741,45.467033],[9.1832996,45.4669848],[9.1831946,45.4670646],[9.1832365,45.4670917],[9.1832798,45.4670588],[9.183316,45.4670822],[9.1832724,45.4671154],[9.1834131,45.4672064]]]},"properties":{"site":"milan","name":"Casa Pirovano","category":"other","historic":"building","building":"yes","osm_id":434686810}},{"type":"Feature","geometry":{"type":"Polygon","coordinates":[[[9.1832996,45.4669848],[9.1831941,45.4669507],[9.1832405,45.4668709],[9.183216,45.4668638],[9.1830854,45.4668262],[9.1829826,45.4670033],[9.1830947,45.4670358],[9.1831098,45.4670122],[9.1831593,45.4670265],[9.1831444,45.4670501],[9.1831946,45.4670646],[9.1832996,45.4669848]]]},"properties":{"site":"milan","name":null,"category":"other","historic":null,"building":"yes","osm_id":434686812}},{"type":"Feature","geometry":{"type":"Polygon","coordinates":[[[9.1830854,45.4668262],[9.1831499,45.4667168],[9.1832137,45.4666084],[9.1832242,45.4666074],[9.1834288,45.4667414],[9.1834716,45.4667684],[9.1833698,45.4668457],[9.1832662,45.4667782],[9.183216,45.4668638],[9.1830854,45.4668262]]]},"properties":{"site":"milan","name":null,"category":"other","historic":null,"building":"yes","osm_id":434686813}},{"type":"Feature","geometry":{"type":"Polygon","coordinates":[[[9.1873176,45.4632985],[9.1873356,45.463286],[9.1874608,45.463199],[9.187329,45.4630951],[9.1872153,45.46316],[9.1872305,45.4631733],[9.1871872,45.4632017],[9.1872315,45.463232],[9.1872685,45.4632574],[9.187265,45.4632603],[9.1873176,45.4632985]]]},"properties":{"site":"milan","name":null,"category":"other","historic":null,"building":"apartments","osm_id":435768725}},{"type":"Feature","geometry":{"type":"Polygon","coordinates":[[[9.1873176,45.4632985],[9.1873002,45.4633123],[9.1871985,45.4633935],[9.1871134,45.463338],[9.1871691,45.4632926],[9.187153,45.4632831],[9.18706,45.4632375],[9.1871203,45.4631912],[9.1871504,45.4632072],[9.1871398,45.4632192],[9.1871992,45.4632569],[9.1872315,45.463232],[9.1872685,45.4632574],[9.187265,45.4632603],[9.1873176,45.4632985]]]},"properties":{"site":"milan","name":"Casa Ferrario","category":"other","historic":"building","building":"yes","osm_id":435768726}},{"type":"Feature","geometry":{"type":"Polygon","coordinates":[[[9.1873049,45.4634744],[9.1874322,45.463552],[9.187539,45.4636165],[9.1875639,45.4636315],[9.1878038,45.4634796],[9.1875751,45.4632865],[9.1875589,45.4632821],[9.1874984,45.4633292],[9.1874385,45.463369],[9.1873953,45.4634021],[9.1873049,45.4634744]]]},"properties":{"site":"milan","name":null,"category":"other","historic":null,"building":"apartments","osm_id":435768727}},{"type":"Feature","geometry":{"type":"Polygon","coordinates":[[[9.1873049,45.4634744],[9.1874322,45.463552],[9.1873997,45.4635772],[9.1873047,45.463659],[9.1874038,45.4637275],[9.1875066,45.463641],[9.187539,45.4636165],[9.1875639,45.4636315],[9.1876584,45.4636867],[9.1875806,45.4637505],[9.1875094,45.4638101],[9.187614,45.4638728],[9.1876326,45.4638596],[9.1877758,45.4637575],[9.1878726,45.4638246],[9.1876157,45.4640188],[9.18759,45.4640165],[9.187485,45.4639445],[9.1872508,45.4637945],[9.1872605,45.4637874],[9.1872492,45.4637805],[9.1870813,45.4636774],[9.1870852,45.4636669],[9.1873049,45.4634744]]]},"properties":{"site":"milan","name":null,"category":"other","historic":null,"building":"yes","osm_id":435768728}},{"type":"Feature","geometry":{"type":"Polygon","coordinates":[[[9.1873997,45.4635772],[9.1875066,45.463641],[9.187539,45.4636165],[9.1874322,45.463552],[9.1873997,45.4635772]]]},"properties":{"site":"milan","name":null,"category":"other","historic":null,"building":"yes","osm_id":435768729}},{"type":"Feature","geometry":{"type":"Polygon","coordinates":[[[9.1875806,45.4637505],[9.1876339,45.4637799],[9.1876326,45.4638596],[9.1877758,45.4637575],[9.1876584,45.4636867],[9.1875806,45.4637505]]]},"properties":{"site":"milan","name":null,"category":"other","historic":null,"building":"yes","osm_id":435768730}},{"type":"Feature","geometry":{"type":"Polygon","coordinates":[[[9.1878038,45.4634796],[9.1875639,45.4636315],[9.1876584,45.4636867],[9.1877758,45.4637575],[9.1878726,45.4638246],[9.188006,45.4637248],[9.1880224,45.4637087],[9.1880244,45.4636976],[9.1880238,45.463687],[9.1880241,45.4636724],[9.1880253,45.4636607],[9.1880227,45.4636532],[9.1880204,45.4636464],[9.1880122,45.4636417],[9.1880036,45.4636348],[9.1878238,45.4634936],[9.1878038,45.4634796]]]},"properties":{"site":"milan","name":null,"category":"other","historic":null,"building":"apartments","osm_id":435768731}},{"type":"Feature","geometry":{"type":"Polygon","coordinates":[[[9.1884282,45.4644576],[9.188271,45.4644591],[9.1882755,45.4645134],[9.1882247,45.4645149],[9.188176,45.4644515],[9.1880441,45.4645048],[9.1882181,45.4647145],[9.1884299,45.464628],[9.1884282,45.46454],[9.1884282,45.4644576]]]},"properties":{"site":"milan","name":null,"category":"other","historic":null,"building":"apartments","osm_id":435768732}},{"type":"Feature","geometry":{"type":"Polygon","coordinates":[[[9.1877523,45.4644545],[9.1877325,45.4644653],[9.1876225,45.4645251],[9.1875312,45.4645747],[9.1874791,45.4645313],[9.1875597,45.4644822],[9.1875646,45.4644867],[9.1876133,45.4644607],[9.1877054,45.4644114],[9.1877523,45.4644545]]]},"properties":{"site":"milan","name":"Loggia degli Osii","category":"other","historic":"building","building":"yes","osm_id":435768737}},{"type":"Feature","geometry":{"type":"Polygon","coordinates":[[[9.1875253,45.4643901],[9.1876133,45.4644607],[9.1875646,45.4644867],[9.1875597,45.4644822],[9.1874791,45.4645313],[9.1873967,45.4644699],[9.1875253,45.4643901]]]},"properties":{"site":"milan","name":null,"category":"other","historic":null,"building":"yes","osm_id":435768738}},{"type":"Feature","geometry":{"type":"Polygon","coordinates":[[[9.1875253,45.4643901],[9.1876133,45.4644607],[9.1877054,45.4644114],[9.1876869,45.4643924],[9.1876964,45.4643857],[9.1876153,45.4643319],[9.1875253,45.4643901]]]},"properties":{"site":"milan","name":null,"category":"other","historic":null,"building":"yes","osm_id":435768739}},{"type":"Feature","geometry":{"type":"Polygon","coordinates":[[[9.1872512,45.4647251],[9.1872674,45.4647169],[9.1873002,45.4647017],[9.1875055,45.4645951],[9.1875359,45.4645793],[9.1875312,45.4645747],[9.1874791,45.4645313],[9.1873967,45.4644699],[9.1871799,45.4646056],[9.1871479,45.4646263],[9.1872512,45.4647251]]]},"properties":{"site":"milan","name":"Scuole Palatine","category":"other","historic":"yes","building":"yes","osm_id":435768740}},{"type":"Feature","geometry":{"type":"Polygon","coordinates":[[[9.1872674,45.4647169],[9.1873146,45.464769],[9.1873586,45.4648176],[9.1873992,45.4648624],[9.1874203,45.4648533],[9.1874336,45.4648476],[9.187446,45.4648422],[9.1874746,45.4648767],[9.1874605,45.4648829],[9.1874239,45.4648989],[9.1873739,45.4649207],[9.1873648,45.4649093],[9.1872838,45.4649423],[9.1872281,45.4648749],[9.1872363,45.4648709],[9.1871964,45.4648218],[9.1871565,45.4647886],[9.1872248,45.464741],[9.1872512,45.4647251],[9.1872674,45.4647169]]]},"properties":{"site":"milan","name":"Casa dei Panigarola","category":"domus","historic":"building","building":"yes","osm_id":435768741}},{"type":"Feature","geometry":{"type":"Polygon","coordinates":[[[9.1870198,45.4648266],[9.1870507,45.4648444],[9.1870599,45.4648558],[9.1870735,45.4648726],[9.1870896,45.4648661],[9.1871848,45.4649827],[9.1872475,45.4649571],[9.1872838,45.4649423],[9.1873648,45.4649093],[9.1873739,45.4649207],[9.1874579,45.4650224],[9.1873383,45.4650704],[9.1873374,45.4650707],[9.1872175,45.4651188],[9.187214,45.4651144],[9.1871731,45.4650598],[9.1871304,45.4650766],[9.1871081,45.4650486],[9.1871388,45.4650364],[9.1870301,45.4648999],[9.1870173,45.4649009],[9.1869678,45.4648694],[9.1870198,45.4648266]]]},"properties":{"site":"milan","name":null,"category":"other","historic":null,"building":"yes","osm_id":435768743}},{"type":"Feature","geometry":{"type":"Polygon","coordinates":[[[9.1871565,45.4647886],[9.1871964,45.4648218],[9.1872363,45.4648709],[9.1872281,45.4648749],[9.1872838,45.4649423],[9.1872475,45.4649571],[9.1871848,45.4649827],[9.1870896,45.4648661],[9.1870735,45.4648726],[9.1870599,45.4648558],[9.1871093,45.4648214],[9.1871565,45.4647886]]]},"properties":{"site":"milan","name":null,"category":"other","historic":null,"building":"yes","osm_id":435768745}},{"type":"Feature","geometry":{"type":"Polygon","coordinates":[[[9.1783674,45.458801],[9.1782962,45.458726],[9.1782464,45.4587502],[9.1781689,45.4587877],[9.1781393,45.4587644],[9.1781337,45.45876],[9.1780959,45.4587805],[9.1780821,45.4587696],[9.1780383,45.4588016],[9.1781775,45.4588992],[9.1783674,45.458801]]]},"properties":{"site":"milan","name":null,"category":"other","historic":null,"building":"apartments","osm_id":435909560}},{"type":"Feature","geometry":{"type":"Polygon","coordinates":[[[9.1783674,45.458801],[9.1786278,45.4586756],[9.1785313,45.4585664],[9.1784449,45.4586068],[9.1784602,45.4586238],[9.1783657,45.458669],[9.1783492,45.4586522],[9.1782644,45.4586924],[9.1782962,45.458726],[9.1783674,45.458801]]]},"properties":{"site":"milan","name":null,"category":"other","historic":null,"building":"apartments","osm_id":435909563}},{"type":"Feature","geometry":{"type":"Polygon","coordinates":[[[9.1792006,45.4582892],[9.1792733,45.4583813],[9.1792868,45.4583983],[9.1792547,45.4584115],[9.1792698,45.4584301],[9.1792254,45.4584478],[9.1792182,45.4584385],[9.1791641,45.45846],[9.1791573,45.4584516],[9.1788962,45.4585591],[9.1789047,45.4585691],[9.1787654,45.4586328],[9.17864,45.4586902],[9.1786278,45.4586756],[9.1785313,45.4585664],[9.1785275,45.4585621],[9.1788626,45.4584263],[9.1792006,45.4582892]]]},"properties":{"site":"milan","name":"Autorimessa Super Garage","category":"other","historic":null,"building":"retail","osm_id":435909564}},{"type":"Feature","geometry":{"type":"Polygon","coordinates":[[[9.1792489,45.45881],[9.17925,45.4586624],[9.1792486,45.4586475],[9.1792358,45.4586197],[9.1791283,45.4584867],[9.1791716,45.4584693],[9.1791641,45.45846],[9.1792182,45.4584385],[9.1792254,45.4584478],[9.1792698,45.4584301],[9.1793873,45.45858],[9.1794,45.4586028],[9.1794085,45.4586286],[9.1794142,45.4586505],[9.1794142,45.4586713],[9.1794131,45.4588108],[9.1792489,45.45881]]]},"properties":{"site":"milan","name":null,"category":"other","historic":null,"building":"apartments","osm_id":435909565}},{"type":"Feature","geometry":{"type":"Polygon","coordinates":[[[9.1788368,45.4587972],[9.1788368,45.4587661],[9.1788368,45.4587148],[9.1787654,45.4586328],[9.1789047,45.4585691],[9.1789953,45.4586801],[9.1790038,45.4587029],[9.1790038,45.4587472],[9.1790038,45.4587982],[9.1788368,45.4587972]]]},"properties":{"site":"milan","name":null,"category":"other","historic":null,"building":"apartments","osm_id":435909566}},{"type":"Feature","geometry":{"type":"Polygon","coordinates":[[[9.1787816,45.4588369],[9.1787817,45.4587671],[9.1788368,45.4587661],[9.1788368,45.4587972],[9.1790038,45.4587982],[9.1790038,45.4587472],[9.1790267,45.4587472],[9.1790272,45.4587377],[9.1790398,45.4587297],[9.1792009,45.4587293],[9.1792013,45.4588097],[9.1792015,45.4588365],[9.1787816,45.4588369]]]},"properties":{"site":"milan","name":null,"category":"other","historic":null,"building":"apartments","osm_id":435909567}},{"type":"Feature","geometry":{"type":"Polygon","coordinates":[[[9.1796526,45.4588064],[9.1796446,45.4587303],[9.1796237,45.4585309],[9.179802,45.4585217],[9.1798247,45.4587383],[9.1798309,45.4587972],[9.1796526,45.4588064]]]},"properties":{"site":"milan","name":null,"category":"other","historic":null,"building":"apartments","osm_id":435909569}},{"type":"Feature","geometry":{"type":"Polygon","coordinates":[[[9.1794605,45.4588369],[9.1794609,45.4588117],[9.1794619,45.4587293],[9.1796446,45.4587303],[9.1796526,45.4588064],[9.1798309,45.4587972],[9.1798247,45.4587383],[9.179906,45.4587363],[9.1799058,45.4588379],[9.1794605,45.4588369]]]},"properties":{"site":"milan","name":null,"category":"other","historic":null,"building":"apartments","osm_id":435909570}},{"type":"Feature","geometry":{"type":"Polygon","coordinates":[[[9.179906,45.4587221],[9.179906,45.4587363],[9.1799058,45.4588379],[9.1799062,45.4588414],[9.1799628,45.4588387],[9.1801151,45.4588508],[9.1801154,45.4588428],[9.1801193,45.458751],[9.1800913,45.4587503],[9.1799294,45.4587462],[9.1799279,45.458722],[9.179906,45.4587221]]]},"properties":{"site":"milan","name":null,"category":"other","historic":null,"building":"apartments","osm_id":435909572}},{"type":"Feature","geometry":{"type":"Polygon","coordinates":[[[9.1799058,45.4586733],[9.17997,45.4586733],[9.1799764,45.4584301],[9.1799085,45.4584288],[9.1799025,45.4584837],[9.1798864,45.4584891],[9.1798461,45.4585027],[9.1798914,45.4585593],[9.1799056,45.458606],[9.1799058,45.4586733]]]},"properties":{"site":"milan","name":null,"category":"other","historic":null,"building":"apartments","osm_id":435909573}},{"type":"Feature","geometry":{"type":"Polygon","coordinates":[[[9.1800694,45.457996],[9.1799463,45.4578729],[9.1800011,45.4578486],[9.1800581,45.4578232],[9.1801798,45.4579473],[9.1800694,45.457996]]]},"properties":{"site":"milan","name":"Casa dei Diritti","category":"domus","historic":"building","building":"apartments","osm_id":435909578}},{"type":"Feature","geometry":{"type":"Polygon","coordinates":[[[9.1796717,45.4581886],[9.1800694,45.457996],[9.1799463,45.4578729],[9.1799012,45.4578934],[9.1799534,45.4579483],[9.17984,45.4580042],[9.1797597,45.4580438],[9.1796533,45.4580962],[9.1795951,45.4580325],[9.1795443,45.4580555],[9.1796717,45.4581886]]]},"properties":{"site":"milan","name":null,"category":"other","historic":null,"building":"apartments","osm_id":435909579}},{"type":"Feature","geometry":{"type":"Polygon","coordinates":[[[9.1797375,45.4582218],[9.1794882,45.4583393],[9.1792888,45.4584332],[9.1793398,45.4584739],[9.1794785,45.4585355],[9.1795407,45.4585176],[9.1794841,45.458463],[9.179712,45.4583588],[9.1797494,45.4584063],[9.179782,45.4584477],[9.1797941,45.458463],[9.1798521,45.4584432],[9.1798068,45.4583617],[9.1798507,45.4583439],[9.1798026,45.4582863],[9.1797375,45.4582218]]]},"properties":{"site":"milan","name":null,"category":"other","historic":null,"building":"yes","osm_id":435910877}},{"type":"Feature","geometry":{"type":"Polygon","coordinates":[[[9.1797092,45.4584213],[9.1797417,45.458462],[9.179782,45.4584477],[9.1797494,45.4584063],[9.1797092,45.4584213]]]},"properties":{"site":"milan","name":null,"category":"other","historic":null,"building":"yes","osm_id":435910878}},{"type":"Feature","geometry":{"type":"Polygon","coordinates":[[[9.1798026,45.4582863],[9.179917,45.4582252],[9.1798478,45.4581642],[9.1797502,45.4582152],[9.1797375,45.4582218],[9.1798026,45.4582863]]]},"properties":{"site":"milan","name":null,"category":"other","historic":null,"building":"yes","osm_id":435910879}},{"type":"Feature","geometry":{"type":"Polygon","coordinates":[[[9.1803729,45.4581324],[9.1802484,45.4580024],[9.180104,45.4580272],[9.1800672,45.45805],[9.1801422,45.4581165],[9.18023,45.4580669],[9.180271,45.4581185],[9.1801988,45.4581483],[9.1802229,45.4581791],[9.1802668,45.4581612],[9.1803729,45.4581324]]]},"properties":{"site":"milan","name":null,"category":"other","historic":null,"building":"yes","osm_id":435910880}},{"type":"Feature","geometry":{"type":"Polygon","coordinates":[[[9.1802751,45.4588645],[9.1803205,45.4587765],[9.1803267,45.4587645],[9.1802313,45.4587464],[9.1802271,45.4587157],[9.1800886,45.458723],[9.1800913,45.4587503],[9.1801193,45.458751],[9.1801154,45.4588428],[9.1801497,45.4588446],[9.1801806,45.458847],[9.1802184,45.4588525],[9.1802511,45.4588591],[9.1802751,45.4588645]]]},"properties":{"site":"milan","name":null,"category":"other","historic":null,"building":"apartments","osm_id":435910881}},{"type":"Feature","geometry":{"type":"Polygon","coordinates":[[[9.1800886,45.458723],[9.1800707,45.4585566],[9.1802253,45.4585484],[9.1802432,45.4587148],[9.1802271,45.4587157],[9.1800886,45.458723]]]},"properties":{"site":"milan","name":null,"category":"other","historic":null,"building":"apartments","osm_id":435910882}},{"type":"Feature","geometry":{"type":"Polygon","coordinates":[[[9.1808821,45.4588356],[9.1810144,45.4588356],[9.1810436,45.4589531],[9.1810428,45.458988],[9.1808658,45.4589778],[9.1808314,45.4589754],[9.180813,45.4589733],[9.1807945,45.4589712],[9.1807627,45.4589657],[9.1806218,45.4589441],[9.1806497,45.4588728],[9.1807824,45.458891],[9.1807782,45.4589103],[9.1807897,45.4589121],[9.1807933,45.4589062],[9.1807975,45.4589022],[9.1808069,45.4588982],[9.1808173,45.4588963],[9.1808278,45.4588974],[9.1808366,45.4589],[9.1808445,45.4589037],[9.1808523,45.4589081],[9.1808575,45.4589128],[9.1808632,45.458919],[9.1808841,45.4588535],[9.1808821,45.4588356]]]},"properties":{"site":"milan","name":null,"category":"other","historic":null,"building":"apartments","osm_id":435910886}},{"type":"Feature","geometry":{"type":"Polygon","coordinates":[[[9.1807592,45.4586723],[9.1807757,45.4586276],[9.1808582,45.4586288],[9.1809647,45.4586185],[9.1809724,45.4586508],[9.1809751,45.4586695],[9.1809015,45.4586755],[9.1807685,45.4586735],[9.1807592,45.4586723]]]},"properties":{"site":"milan","name":null,"category":"other","historic":null,"building":"apartments","osm_id":435910889}},{"type":"Feature","geometry":{"type":"Polygon","coordinates":[[[9.1806029,45.4584124],[9.1806029,45.4583794],[9.1807137,45.4583842],[9.1807584,45.4583848],[9.1807584,45.4583438],[9.1806132,45.4583457],[9.1806218,45.4583077],[9.1809199,45.4583029],[9.1809278,45.4583641],[9.1809354,45.4584233],[9.1807784,45.4584263],[9.1807132,45.4584224],[9.1806029,45.4584124]]]},"properties":{"site":"milan","name":null,"category":"other","historic":null,"building":"apartments","osm_id":435910894}},{"type":"Feature","geometry":{"type":"Polygon","coordinates":[[[9.1809157,45.4582682],[9.1807831,45.4582716],[9.1807292,45.458273],[9.1807284,45.458285],[9.1806304,45.458285],[9.1806218,45.4583077],[9.1809199,45.4583029],[9.1809162,45.4582723],[9.1809157,45.4582682]]]},"properties":{"site":"milan","name":null,"category":"other","historic":null,"building":"apartments","osm_id":435910895}},{"type":"Feature","geometry":{"type":"Polygon","coordinates":[[[9.1809157,45.4582682],[9.1809154,45.4582574],[9.1809143,45.4582211],[9.180758,45.4582238],[9.180758,45.4582366],[9.1807695,45.4582366],[9.180769,45.4582417],[9.1807815,45.4582417],[9.1807831,45.4582716],[9.1809157,45.4582682]]]},"properties":{"site":"milan","name":null,"category":"other","historic":null,"building":"apartments","osm_id":435910896}},{"type":"Feature","geometry":{"type":"Polygon","coordinates":[[[9.1801293,45.4582193],[9.1799848,45.4582865],[9.1798507,45.4583439],[9.1798068,45.4583617],[9.1798521,45.4584432],[9.1798864,45.4584891],[9.1799025,45.4584837],[9.1799085,45.4584288],[9.1798774,45.4583831],[9.1799113,45.4583712],[9.1800727,45.4583057],[9.1800741,45.4583593],[9.1801349,45.4583623],[9.1801362,45.4583349],[9.1801392,45.458267],[9.1801378,45.4582411],[9.1801293,45.4582193]]]},"properties":{"site":"milan","name":null,"category":"other","historic":null,"building":"yes","osm_id":435910897}},{"type":"Feature","geometry":{"type":"Polygon","coordinates":[[[9.1804611,45.4584318],[9.1805423,45.4584352],[9.1806021,45.4584378],[9.1806029,45.4584124],[9.1806029,45.4583794],[9.1806029,45.4583733],[9.1805437,45.4583678],[9.180468,45.4583672],[9.1804637,45.458401],[9.1804611,45.4584318]]]},"properties":{"site":"milan","name":null,"category":"other","historic":null,"building":"yes","osm_id":435910901}},{"type":"Feature","geometry":{"type":"Polygon","coordinates":[[[9.1804603,45.4584408],[9.180472,45.4584415],[9.1804697,45.4584638],[9.1804584,45.4584633],[9.1804603,45.4584408]]]},"properties":{"site":"milan","name":null,"category":"other","historic":null,"building":"yes","osm_id":435910902}},{"type":"Feature","geometry":{"type":"Polygon","coordinates":[[[9.1805286,45.4584666],[9.1805299,45.4584404],[9.1805416,45.4584404],[9.1805423,45.4584352],[9.1806021,45.4584378],[9.180601,45.4584699],[9.1805286,45.4584666]]]},"properties":{"site":"milan","name":null,"category":"other","historic":null,"building":"yes","osm_id":435910903}},{"type":"Feature","geometry":{"type":"Polygon","coordinates":[[[9.1804613,45.4583493],[9.1804626,45.4583205],[9.1804646,45.4582773],[9.1804648,45.458274],[9.1806292,45.4582799],[9.1806304,45.458285],[9.1806218,45.4583077],[9.1806132,45.4583457],[9.180612,45.4583516],[9.1804613,45.4583493]]]},"properties":{"site":"milan","name":null,"category":"other","historic":null,"building":"yes","osm_id":435910904}},{"type":"Feature","geometry":{"type":"Polygon","coordinates":[[[9.1805765,45.4582261],[9.1807309,45.4582243],[9.1807292,45.458273],[9.1807284,45.458285],[9.1806304,45.458285],[9.1806292,45.4582799],[9.1806297,45.4582678],[9.180577,45.4582671],[9.1805769,45.4582557],[9.1805765,45.4582261]]]},"properties":{"site":"milan","name":null,"category":"other","historic":null,"building":"yes","osm_id":435910905}},{"type":"Feature","geometry":{"type":"Polygon","coordinates":[[[9.1801293,45.4582193],[9.1802229,45.4581791],[9.1802668,45.4581612],[9.1803729,45.4581324],[9.1803889,45.4581289],[9.1804001,45.4582006],[9.1803486,45.4582048],[9.1803487,45.4582191],[9.1803494,45.4582765],[9.1802643,45.4582711],[9.1802523,45.4582283],[9.1801741,45.4582253],[9.1801776,45.4582699],[9.1801392,45.458267],[9.1801378,45.4582411],[9.1801293,45.4582193]]]},"properties":{"site":"milan","name":null,"category":"other","historic":null,"building":"yes","osm_id":435910907}},{"type":"Feature","geometry":{"type":"Polygon","coordinates":[[[9.1803494,45.4582765],[9.1804646,45.4582773],[9.1804626,45.4583205],[9.180254,45.4583187],[9.1802643,45.4582711],[9.1803494,45.4582765]]]},"properties":{"site":"milan","name":null,"category":"other","historic":null,"building":"yes","osm_id":435910908}},{"type":"Feature","geometry":{"type":"Polygon","coordinates":[[[9.1803494,45.4582765],[9.1803487,45.4582191],[9.1804626,45.4582195],[9.1805765,45.4582261],[9.1805769,45.4582557],[9.1804653,45.4582499],[9.1804648,45.458274],[9.1804646,45.4582773],[9.1803494,45.4582765]]]},"properties":{"site":"milan","name":null,"category":"other","historic":null,"building":"yes","osm_id":435910909}},{"type":"Feature","geometry":{"type":"Polygon","coordinates":[[[9.1801362,45.4583349],[9.1801636,45.4583403],[9.1801595,45.4583647],[9.1801349,45.4583623],[9.1801362,45.4583349]]]},"properties":{"site":"milan","name":null,"category":"other","historic":null,"building":"yes","osm_id":435910910}},{"type":"Feature","geometry":{"type":"Polygon","coordinates":[[[9.1806102,45.4580045],[9.1806282,45.4580159],[9.1807935,45.458028],[9.1809168,45.4580349],[9.1809145,45.4582086],[9.1809143,45.4582211],[9.180758,45.4582238],[9.1807309,45.4582243],[9.1807294,45.4581179],[9.1804854,45.4581226],[9.1804937,45.4580115],[9.1806102,45.4580045]]]},"properties":{"site":"milan","name":null,"category":"other","historic":null,"building":"yes","osm_id":435910915}},{"type":"Feature","geometry":{"type":"Polygon","coordinates":[[[9.1968055,45.4643828],[9.1968774,45.4643595],[9.1968877,45.4643753],[9.1968176,45.4643954],[9.1968055,45.4643828]]]},"properties":{"site":"milan","name":null,"category":"other","historic":null,"building":"yes","osm_id":437381820}},{"type":"Feature","geometry":{"type":"Polygon","coordinates":[[[9.1968774,45.4638957],[9.1969276,45.4639679],[9.1968715,45.4639876],[9.1968251,45.4639241],[9.1968514,45.463915],[9.1968459,45.4639063],[9.1968774,45.4638957]]]},"properties":{"site":"milan","name":null,"category":"other","historic":null,"building":"yes","osm_id":437381821}},{"type":"Feature","geometry":{"type":"Polygon","coordinates":[[[9.1970164,45.4639367],[9.1969643,45.4638666],[9.1969921,45.4638572],[9.1970044,45.4638804],[9.1970314,45.4639314],[9.1970164,45.4639367]]]},"properties":{"site":"milan","name":null,"category":"other","historic":null,"building":"yes","osm_id":437381822}},{"type":"Feature","geometry":{"type":"Polygon","coordinates":[[[9.1966075,45.4639806],[9.1966108,45.4639854],[9.1966644,45.4640604],[9.1967544,45.4640287],[9.1967076,45.4639647],[9.1966965,45.4639495],[9.1966075,45.4639806]]]},"properties":{"site":"milan","name":null,"category":"other","historic":null,"building":"yes","osm_id":437381823}},{"type":"Feature","geometry":{"type":"Polygon","coordinates":[[[9.1969374,45.4642772],[9.196861,45.4641562],[9.1968323,45.4641109],[9.1967112,45.4641524],[9.1967774,45.4642186],[9.1967672,45.4642241],[9.1968338,45.4642931],[9.1968455,45.4643105],[9.1968801,45.4642953],[9.1969374,45.4642772]]]},"properties":{"site":"milan","name":null,"category":"other","historic":null,"building":"yes","osm_id":437381824}},{"type":"Feature","geometry":{"type":"Polygon","coordinates":[[[9.1969268,45.4641345],[9.1968995,45.464088],[9.1968323,45.4641109],[9.196861,45.4641562],[9.1969268,45.4641345]]]},"properties":{"site":"milan","name":null,"category":"other","historic":null,"building":"yes","osm_id":437381825}},{"type":"Feature","geometry":{"type":"Polygon","coordinates":[[[9.1979594,45.464558],[9.1979246,45.4645056],[9.1978226,45.4643522],[9.1977798,45.4642877],[9.1976557,45.4643225],[9.1976771,45.4643534],[9.1976114,45.4643732],[9.1976875,45.4644908],[9.1974955,45.4645499],[9.1975275,45.4646091],[9.1975521,45.4646548],[9.1975629,45.4646516],[9.1976122,45.4646369],[9.197598,45.4646129],[9.1976337,45.4646011],[9.1976311,45.464597],[9.1976505,45.4645909],[9.197672,45.4646236],[9.197685,45.4646209],[9.197733,45.4646108],[9.197778,45.4646014],[9.197749,45.4645638],[9.1978084,45.4645447],[9.197835,45.4645878],[9.1978747,45.4645792],[9.1979594,45.464558]]]},"properties":{"site":"milan","name":"Palazzo Cusini","category":"other","historic":"castle","building":"yes","osm_id":437510387}},{"type":"Feature","geometry":{"type":"Polygon","coordinates":[[[9.1970791,45.4643988],[9.1970897,45.4644161],[9.1971015,45.4644352],[9.1970042,45.4644634],[9.1969972,45.4644532],[9.196981,45.4644294],[9.1970791,45.4643988]]]},"properties":{"site":"milan","name":null,"category":"other","historic":null,"building":"yes","osm_id":437510389}},{"type":"Feature","geometry":{"type":"Polygon","coordinates":[[[9.1969972,45.4644532],[9.196977,45.4644592],[9.196986,45.4644687],[9.1970042,45.4644634],[9.1969972,45.4644532]]]},"properties":{"site":"milan","name":null,"category":"other","historic":null,"building":"yes","osm_id":437510390}},{"type":"Feature","geometry":{"type":"Polygon","coordinates":[[[9.1976235,45.4640576],[9.1977161,45.4641939],[9.1977798,45.4642877],[9.1976557,45.4643225],[9.1976462,45.4643249],[9.1976127,45.4642722],[9.1975967,45.4642471],[9.1975898,45.4642491],[9.1975555,45.4641932],[9.1975399,45.464198],[9.1975442,45.4642054],[9.1974681,45.4642295],[9.1974644,45.4642246],[9.1974393,45.464232],[9.1974699,45.4642841],[9.1974435,45.4642934],[9.1974542,45.464312],[9.1974848,45.4643652],[9.1975248,45.4643553],[9.1975405,45.4643514],[9.1975623,45.4643873],[9.1975682,45.4643969],[9.197436,45.4644331],[9.1973755,45.4643154],[9.1973432,45.4642586],[9.1973283,45.4642322],[9.1972492,45.4642484],[9.1972293,45.4642121],[9.1972145,45.4642149],[9.1971827,45.4641536],[9.197272,45.4641365],[9.1973099,45.4641293],[9.1973139,45.4641382],[9.197378,45.4641175],[9.1973802,45.4641221],[9.1974709,45.4640981],[9.1974735,45.4641022],[9.1976235,45.4640576]]]},"properties":{"site":"milan","name":null,"category":"other","historic":null,"building":"yes","osm_id":437510392}},{"type":"Feature","geometry":{"type":"Polygon","coordinates":[[[9.1975405,45.4643514],[9.1975802,45.4643415],[9.1976462,45.4643249],[9.1976557,45.4643225],[9.1976771,45.4643534],[9.1976114,45.4643732],[9.1975623,45.4643873],[9.1975405,45.4643514]]]},"properties":{"site":"milan","name":null,"category":"other","historic":null,"building":"yes","osm_id":437510393}},{"type":"Feature","geometry":{"type":"Polygon","coordinates":[[[9.1974542,45.464312],[9.1974898,45.4643014],[9.1975248,45.4643553],[9.1974848,45.4643652],[9.1974542,45.464312]]]},"properties":{"site":"milan","name":null,"category":"other","historic":null,"building":"yes","osm_id":437510395}},{"type":"Feature","geometry":{"type":"Polygon","coordinates":[[[9.1975802,45.4643415],[9.1975468,45.4642926],[9.1976127,45.4642722],[9.1975967,45.4642471],[9.1975898,45.4642491],[9.1975555,45.4641932],[9.1975399,45.464198],[9.1975442,45.4642054],[9.1974681,45.4642295],[9.1974644,45.4642246],[9.1974393,45.464232],[9.1974699,45.4642841],[9.1974435,45.4642934],[9.1974542,45.464312],[9.1974898,45.4643014],[9.1975248,45.4643553],[9.1975405,45.4643514],[9.1975802,45.4643415]]]},"properties":{"site":"milan","name":null,"category":"other","historic":null,"building":"yes","osm_id":437510396}},{"type":"Feature","geometry":{"type":"Polygon","coordinates":[[[9.1973755,45.4643154],[9.1972926,45.464328],[9.1972903,45.4643235],[9.1972637,45.4642748],[9.1973432,45.4642586],[9.1973755,45.4643154]]]},"properties":{"site":"milan","name":null,"category":"other","historic":null,"building":"yes","osm_id":437510397}},{"type":"Feature","geometry":{"type":"Polygon","coordinates":[[[9.1976235,45.4640576],[9.1975479,45.4639436],[9.1975019,45.4638741],[9.1973249,45.4639226],[9.1973506,45.463967],[9.1973794,45.4639597],[9.1974082,45.4640025],[9.197392,45.4640082],[9.1972976,45.46403],[9.1972653,45.4640374],[9.1972686,45.464044],[9.1972929,45.4640931],[9.1973542,45.4640772],[9.1974262,45.4640639],[9.1974442,45.4640593],[9.1974709,45.4640981],[9.1974735,45.4641022],[9.1976235,45.4640576]]]},"properties":{"site":"milan","name":null,"category":"other","historic":null,"building":"yes","osm_id":437510398}},{"type":"Feature","geometry":{"type":"Polygon","coordinates":[[[9.1969446,45.4637676],[9.1971201,45.4637238],[9.1971407,45.4637607],[9.1971813,45.4638336],[9.1970044,45.4638804],[9.1969921,45.4638572],[9.1969446,45.4637676]]]},"properties":{"site":"milan","name":null,"category":"other","historic":null,"building":"yes","osm_id":437510400}},{"type":"Feature","geometry":{"type":"Polygon","coordinates":[[[9.1971659,45.4637046],[9.1971888,45.463748],[9.1971407,45.4637607],[9.1971201,45.4637238],[9.1971114,45.4637078],[9.1970985,45.4636843],[9.1971709,45.4636583],[9.1971936,45.4636949],[9.1971659,45.4637046]]]},"properties":{"site":"milan","name":null,"category":"other","historic":null,"building":"yes","osm_id":437510401}},{"type":"Feature","geometry":{"type":"Polygon","coordinates":[[[9.1971888,45.463748],[9.1972291,45.4637341],[9.1972589,45.4637801],[9.1972516,45.4637824],[9.1972739,45.4638174],[9.1972782,45.4638161],[9.1972883,45.4638306],[9.1974327,45.4637731],[9.1973998,45.4637264],[9.197322,45.4636039],[9.1971709,45.4636583],[9.1971936,45.4636949],[9.1971659,45.4637046],[9.1971888,45.463748]]]},"properties":{"site":"milan","name":null,"category":"other","historic":null,"building":"yes","osm_id":437510402}},{"type":"Feature","geometry":{"type":"Polygon","coordinates":[[[9.1973249,45.4639226],[9.1973207,45.4639155],[9.197309,45.4638957],[9.1973272,45.4638901],[9.1972883,45.4638306],[9.1974327,45.4637731],[9.1974772,45.4638404],[9.1975019,45.4638741],[9.1973249,45.4639226]]]},"properties":{"site":"milan","name":null,"category":"other","historic":null,"building":"yes","osm_id":437510404}},{"type":"Feature","geometry":{"type":"Polygon","coordinates":[[[9.1971136,45.4640866],[9.1970814,45.4640258],[9.1970314,45.4639314],[9.1970044,45.4638804],[9.1971813,45.4638336],[9.1971975,45.4638604],[9.1971714,45.4638672],[9.1972138,45.4639403],[9.1972403,45.4639902],[9.1972653,45.4640374],[9.1972686,45.464044],[9.1972202,45.4640541],[9.197222,45.4640583],[9.19717,45.4640721],[9.1971136,45.4640866]]]},"properties":{"site":"milan","name":null,"category":"other","historic":null,"building":"yes","osm_id":437510405}},{"type":"Feature","geometry":{"type":"Polygon","coordinates":[[[9.1973506,45.463967],[9.1972711,45.4639837],[9.1972403,45.4639902],[9.1972138,45.4639403],[9.1973207,45.4639155],[9.1973249,45.4639226],[9.1973506,45.463967]]]},"properties":{"site":"milan","name":null,"category":"other","historic":null,"building":"yes","osm_id":437510406}},{"type":"Feature","geometry":{"type":"Polygon","coordinates":[[[9.1972976,45.46403],[9.1972711,45.4639837],[9.1972403,45.4639902],[9.1972653,45.4640374],[9.1972976,45.46403]]]},"properties":{"site":"milan","name":null,"category":"other","historic":null,"building":"yes","osm_id":437510407}},{"type":"Feature","geometry":{"type":"Polygon","coordinates":[[[9.1972883,45.4638306],[9.1971975,45.4638604],[9.1971714,45.4638672],[9.1972138,45.4639403],[9.1973207,45.4639155],[9.197309,45.4638957],[9.1973272,45.4638901],[9.1972883,45.4638306]]]},"properties":{"site":"milan","name":null,"category":"other","historic":null,"building":"yes","osm_id":437510409}},{"type":"Feature","geometry":{"type":"Polygon","coordinates":[[[9.1972291,45.4637341],[9.1971888,45.463748],[9.1971407,45.4637607],[9.1971813,45.4638336],[9.1971975,45.4638604],[9.1972883,45.4638306],[9.1972782,45.4638161],[9.1972739,45.4638174],[9.1972516,45.4637824],[9.1972589,45.4637801],[9.1972291,45.4637341]]]},"properties":{"site":"milan","name":null,"category":"other","historic":null,"building":"yes","osm_id":437510410}},{"type":"Feature","geometry":{"type":"Polygon","coordinates":[[[9.197272,45.4641365],[9.1972563,45.4641039],[9.1972929,45.4640931],[9.1973542,45.4640772],[9.1974262,45.4640639],[9.1974442,45.4640593],[9.1974709,45.4640981],[9.1973802,45.4641221],[9.197378,45.4641175],[9.1973139,45.4641382],[9.1973099,45.4641293],[9.197272,45.4641365]]]},"properties":{"site":"milan","name":null,"category":"other","historic":null,"building":"yes","osm_id":437510411}},{"type":"Feature","geometry":{"type":"Polygon","coordinates":[[[9.1972929,45.4640931],[9.1972563,45.4641039],[9.1972443,45.4641077],[9.197222,45.4640583],[9.1972202,45.4640541],[9.1972686,45.464044],[9.1972929,45.4640931]]]},"properties":{"site":"milan","name":null,"category":"other","historic":null,"building":"yes","osm_id":437510413}},{"type":"Feature","geometry":{"type":"Polygon","coordinates":[[[9.1971778,45.4641443],[9.1972013,45.4641395],[9.1971908,45.4641192],[9.197168,45.4641255],[9.1971778,45.4641443]]]},"properties":{"site":"milan","name":null,"category":"other","historic":null,"building":"yes","osm_id":437510414}},{"type":"Feature","geometry":{"type":"Polygon","coordinates":[[[9.1979594,45.464558],[9.1980399,45.4647138],[9.1980527,45.4647386],[9.1978964,45.4647751],[9.1978444,45.464678],[9.1977249,45.4647041],[9.1977381,45.4647294],[9.1976189,45.464758],[9.1975767,45.4646777],[9.1975629,45.4646516],[9.1976122,45.4646369],[9.197672,45.4646236],[9.197685,45.4646209],[9.1976991,45.4646531],[9.1977476,45.4646421],[9.197733,45.4646108],[9.197778,45.4646014],[9.197835,45.4645878],[9.1978747,45.4645792],[9.1979594,45.464558]]]},"properties":{"site":"milan","name":null,"category":"other","historic":null,"building":"yes","osm_id":437510415}},{"type":"Feature","geometry":{"type":"Polygon","coordinates":[[[9.1981328,45.4648969],[9.1978186,45.4649562],[9.1977403,45.464971],[9.1977325,45.4649522],[9.1977127,45.4649043],[9.1976992,45.4648716],[9.1978522,45.4648388],[9.1978662,45.4648684],[9.1978774,45.4648919],[9.1979345,45.4648809],[9.1979202,45.4648557],[9.1979195,45.4648544],[9.1979327,45.4648493],[9.1978964,45.4647751],[9.1980527,45.4647386],[9.1980916,45.4648156],[9.1981328,45.4648969]]]},"properties":{"site":"milan","name":null,"category":"other","historic":null,"building":"yes","osm_id":437510417}},{"type":"Feature","geometry":{"type":"Polygon","coordinates":[[[9.1977381,45.4647294],[9.1977761,45.4648052],[9.1978964,45.4647751],[9.1979327,45.4648493],[9.1979195,45.4648544],[9.1979202,45.4648557],[9.1979345,45.4648809],[9.1978774,45.4648919],[9.1978662,45.4648684],[9.1978522,45.4648388],[9.1976992,45.4648716],[9.1976466,45.4648129],[9.1976189,45.464758],[9.1977381,45.4647294]]]},"properties":{"site":"milan","name":null,"category":"other","historic":null,"building":"yes","osm_id":437510423}},{"type":"Feature","geometry":{"type":"Polygon","coordinates":[[[9.1976466,45.4648129],[9.1975992,45.4648274],[9.1975785,45.4647858],[9.1974395,45.464853],[9.1975509,45.4649645],[9.1976333,45.4649525],[9.1976907,45.4649441],[9.1976954,45.4649558],[9.1977325,45.4649522],[9.1977127,45.4649043],[9.1976992,45.4648716],[9.1976466,45.4648129]]]},"properties":{"site":"milan","name":null,"category":"other","historic":null,"building":"yes","osm_id":437510425}},{"type":"Feature","geometry":{"type":"Polygon","coordinates":[[[9.1975302,45.4646693],[9.197498,45.4646183],[9.1974941,45.4646122],[9.1974442,45.4646241],[9.1973566,45.4646548],[9.1973593,45.4646586],[9.1972741,45.4646934],[9.1972519,45.4646995],[9.1972418,45.4647027],[9.1973163,45.4647747],[9.1975302,45.4646693]]]},"properties":{"site":"milan","name":null,"category":"other","historic":null,"building":"yes","osm_id":437510426}},{"type":"Feature","geometry":{"type":"Polygon","coordinates":[[[9.1972473,45.4646904],[9.1972063,45.4646998],[9.1972163,45.4647116],[9.1972418,45.4647027],[9.1972519,45.4646995],[9.1972473,45.4646904]]]},"properties":{"site":"milan","name":null,"category":"other","historic":null,"building":"yes","osm_id":437510427}},{"type":"Feature","geometry":{"type":"Polygon","coordinates":[[[9.1975275,45.4646091],[9.197498,45.4646183],[9.1975302,45.4646693],[9.1975412,45.4646876],[9.1975767,45.4646777],[9.1975629,45.4646516],[9.1975521,45.4646548],[9.1975275,45.4646091]]]},"properties":{"site":"milan","name":null,"category":"other","historic":null,"building":"yes","osm_id":437510429}},{"type":"Feature","geometry":{"type":"Polygon","coordinates":[[[9.1979794,45.4652205],[9.1981332,45.4652274],[9.1981557,45.4649705],[9.1981328,45.4648969],[9.1978186,45.4649562],[9.1978233,45.4649729],[9.1979247,45.4649565],[9.1979361,45.4649898],[9.1979517,45.4649872],[9.1979577,45.4650045],[9.1979703,45.4650028],[9.1979836,45.4650348],[9.1978455,45.4650584],[9.1978329,45.4650251],[9.1977589,45.4650379],[9.1978029,45.4651286],[9.1979907,45.4650931],[9.1979794,45.4652205]]]},"properties":{"site":"milan","name":null,"category":"other","historic":null,"building":"yes","osm_id":437510430}},{"type":"Feature","geometry":{"type":"Polygon","coordinates":[[[9.1978186,45.4649562],[9.1978233,45.4649729],[9.1978384,45.4650239],[9.1978329,45.4650251],[9.1977589,45.4650379],[9.19771,45.465046],[9.1977068,45.4650327],[9.1976749,45.465037],[9.1976655,45.4649985],[9.1977424,45.4649898],[9.1977366,45.4649719],[9.1977403,45.464971],[9.1978186,45.4649562]]]},"properties":{"site":"milan","name":null,"category":"other","historic":null,"building":"yes","osm_id":437510431}},{"type":"Feature","geometry":{"type":"Polygon","coordinates":[[[9.1981332,45.4652274],[9.1981243,45.465335],[9.1981156,45.4654411],[9.1979914,45.4654388],[9.1979956,45.4653868],[9.1979214,45.4653855],[9.1979261,45.4653259],[9.1979566,45.4653266],[9.1979595,45.4652846],[9.1979719,45.4652848],[9.1979757,45.4652203],[9.1979794,45.4652205],[9.1981332,45.4652274]]]},"properties":{"site":"milan","name":null,"category":"other","historic":null,"building":"yes","osm_id":437510433}},{"type":"Feature","geometry":{"type":"Polygon","coordinates":[[[9.1945515,45.4656788],[9.1945649,45.4656564],[9.1946501,45.4655137],[9.1946728,45.4655118],[9.1946797,45.4655137],[9.1948165,45.4655519],[9.1948293,45.4655622],[9.1947466,45.4657074],[9.1947247,45.4657459],[9.1947028,45.4657472],[9.1945614,45.4657127],[9.1945421,45.4656948],[9.1945515,45.4656788]]]},"properties":{"site":"milan","name":"Torre Tirrena","category":"other","historic":null,"building":"apartments","osm_id":437526443}},{"type":"Feature","geometry":{"type":"Polygon","coordinates":[[[9.1942981,45.4660128],[9.1942325,45.4661065],[9.1941553,45.4660785],[9.1942208,45.4659841],[9.1942981,45.4660128]]]},"properties":{"site":"milan","name":null,"category":"other","historic":null,"building":"yes","osm_id":437526447}},{"type":"Feature","geometry":{"type":"Polygon","coordinates":[[[9.1942357,45.4656749],[9.1942804,45.4656883],[9.1942048,45.4658121],[9.1942778,45.4658342],[9.1942396,45.4658974],[9.1940831,45.46584],[9.1937948,45.4657404],[9.1938039,45.4657238],[9.1938234,45.4656895],[9.1940375,45.4657521],[9.1940556,45.465754],[9.1940573,45.4657516],[9.1941705,45.4657831],[9.1942357,45.4656749]]]},"properties":{"site":"milan","name":null,"category":"other","historic":null,"building":"yes","osm_id":437526449}},{"type":"Feature","geometry":{"type":"Polygon","coordinates":[[[9.1938756,45.4661731],[9.1940341,45.46622],[9.1940504,45.4661937],[9.194044,45.4661917],[9.194048,45.4661859],[9.1939416,45.4661524],[9.1939373,45.4661584],[9.1938934,45.4661439],[9.1938756,45.4661731]]]},"properties":{"site":"milan","name":null,"category":"other","historic":null,"building":"yes","osm_id":437526452}},{"type":"Feature","geometry":{"type":"Polygon","coordinates":[[[9.1939787,45.4661018],[9.1940819,45.4661363],[9.194048,45.4661859],[9.1939416,45.4661524],[9.1939787,45.4661018]]]},"properties":{"site":"milan","name":null,"category":"other","historic":null,"building":"yes","osm_id":437526453}},{"type":"Feature","geometry":{"type":"Polygon","coordinates":[[[9.1941276,45.4662729],[9.1941816,45.4662897],[9.1943404,45.4663233],[9.1942605,45.4664726],[9.1941393,45.4664328],[9.1940466,45.466407],[9.1941276,45.4662729]]]},"properties":{"site":"milan","name":null,"category":"other","historic":null,"building":"yes","osm_id":437526456}},{"type":"Feature","geometry":{"type":"Polygon","coordinates":[[[9.1943745,45.4662482],[9.1945983,45.4662937],[9.1947434,45.4663232],[9.1947134,45.4663957],[9.1943404,45.4663233],[9.1943745,45.4662482]]]},"properties":{"site":"milan","name":null,"category":"other","historic":null,"building":"yes","osm_id":437526457}},{"type":"Feature","geometry":{"type":"Polygon","coordinates":[[[9.1965803,45.4662473],[9.1967306,45.4663067],[9.1967195,45.4663204],[9.1967384,45.4665512],[9.1966138,45.4665562],[9.1966104,45.4665146],[9.1965911,45.4665153],[9.1965772,45.466345],[9.19652,45.4663224],[9.1965235,45.466318],[9.1965803,45.4662473]]]},"properties":{"site":"milan","name":null,"category":"other","historic":null,"building":"yes","osm_id":437528383}},{"type":"Feature","geometry":{"type":"Polygon","coordinates":[[[9.1963544,45.4667929],[9.1964001,45.4667911],[9.1967928,45.4667753],[9.197065,45.4667643],[9.1971795,45.4667597],[9.1971613,45.4665234],[9.197153,45.4664156],[9.1971393,45.4662432],[9.1971337,45.4661725],[9.1971294,45.4661521],[9.1971241,45.4661404],[9.1971214,45.4661344],[9.1971127,45.4661201],[9.1971004,45.4661045],[9.1970819,45.4660881],[9.1970615,45.466073],[9.1970374,45.46606],[9.19702,45.4660527],[9.196759,45.4659499],[9.1967546,45.4659561],[9.1967176,45.4660082],[9.196773,45.4660276],[9.1967354,45.4660775],[9.1969346,45.4661567],[9.1969454,45.4661622],[9.1969495,45.4661654],[9.196954,45.4661688],[9.1969596,45.4661777],[9.196963,45.4661875],[9.1969697,45.4662736],[9.1969034,45.4662763],[9.1969082,45.4663395],[9.1969221,45.4663485],[9.1969753,45.4663464],[9.1969813,45.4664243],[9.1969869,45.4664966],[9.1969324,45.4664982],[9.1969212,45.4665071],[9.1969263,45.4665733],[9.1969927,45.466571],[9.1969981,45.4666403],[9.1967868,45.4666491],[9.1964911,45.4666614],[9.1964258,45.4666641],[9.1964246,45.4666496],[9.1963422,45.4666513],[9.1963544,45.4667929]]]},"properties":{"site":"milan","name":null,"category":"other","historic":null,"building":"yes","osm_id":437528384}},{"type":"Feature","geometry":{"type":"Polygon","coordinates":[[[9.196759,45.4659499],[9.1967546,45.4659561],[9.1967176,45.4660082],[9.1965672,45.46622],[9.1965577,45.4662167],[9.1964734,45.4661871],[9.1964977,45.4661567],[9.1965355,45.4661044],[9.1965727,45.4660536],[9.1966683,45.465923],[9.1966761,45.4659136],[9.196759,45.4659499]]]},"properties":{"site":"milan","name":null,"category":"other","historic":null,"building":"yes","osm_id":437528385}},{"type":"Feature","geometry":{"type":"Polygon","coordinates":[[[9.1962068,45.4666891],[9.1962582,45.4666286],[9.196335,45.4665428],[9.1963624,45.4665416],[9.1964184,45.4664545],[9.1964133,45.4664438],[9.1965036,45.4663104],[9.1964926,45.4663062],[9.1965577,45.4662167],[9.1964734,45.4661871],[9.1964977,45.4661567],[9.1964595,45.4661434],[9.1964209,45.46613],[9.1964095,45.4661459],[9.1964379,45.4661538],[9.1964473,45.4661693],[9.1964574,45.466194],[9.1964794,45.4662075],[9.1964646,45.4663084],[9.1964475,45.4663232],[9.1964407,45.4663323],[9.196432,45.4663396],[9.1964209,45.4663465],[9.1964092,45.4663509],[9.1963981,45.4663532],[9.196394,45.466354],[9.1963613,45.4663768],[9.1963046,45.4664018],[9.1962768,45.4664096],[9.1962438,45.4664135],[9.1962097,45.4664143],[9.1961708,45.466412],[9.1961138,45.4664926],[9.1961782,45.4665186],[9.1960612,45.466656],[9.1961507,45.466692],[9.1962068,45.4666891]]]},"properties":{"site":"milan","name":null,"category":"other","historic":null,"building":"yes","osm_id":437528386}},{"type":"Feature","geometry":{"type":"Polygon","coordinates":[[[9.1964911,45.4666614],[9.1964825,45.4665526],[9.1964461,45.4665539],[9.1964517,45.4666176],[9.1964005,45.4666197],[9.1963943,45.4665401],[9.1963624,45.4665416],[9.1964184,45.4664545],[9.1964133,45.4664438],[9.1965036,45.4663104],[9.1965235,45.466318],[9.19652,45.4663224],[9.1965772,45.466345],[9.1965911,45.4665153],[9.1966104,45.4665146],[9.1966138,45.4665562],[9.1967384,45.4665512],[9.1967195,45.4663204],[9.1967306,45.4663067],[9.1965803,45.4662473],[9.1965941,45.4662306],[9.1965672,45.46622],[9.1967176,45.4660082],[9.196773,45.4660276],[9.1967354,45.4660775],[9.1969346,45.4661567],[9.1969454,45.4661622],[9.1969495,45.4661654],[9.196954,45.4661688],[9.1969596,45.4661777],[9.196963,45.4661875],[9.1969697,45.4662736],[9.1969034,45.4662763],[9.1969082,45.4663395],[9.1969221,45.4663485],[9.1969753,45.4663464],[9.1969813,45.4664243],[9.1969869,45.4664966],[9.1969324,45.4664982],[9.1969212,45.4665071],[9.1969263,45.4665733],[9.1969927,45.466571],[9.1969981,45.4666403],[9.1967868,45.4666491],[9.1964911,45.4666614]]]},"properties":{"site":"milan","name":null,"category":"other","historic":null,"building":"yes","osm_id":437528387}},{"type":"Feature","geometry":{"type":"Polygon","coordinates":[[[9.1859829,45.4580429],[9.185889,45.4579505],[9.1859424,45.4579229],[9.1858362,45.4578146],[9.1859788,45.4577456],[9.1860875,45.4578603],[9.1861554,45.4578303],[9.1861846,45.4578132],[9.186269,45.4579031],[9.1862191,45.4579258],[9.1859829,45.4580429]]]},"properties":{"site":"milan","name":null,"category":"other","historic":null,"building":"apartments","osm_id":439188311}},{"type":"Feature","geometry":{"type":"Polygon","coordinates":[[[9.1880092,45.4649906],[9.1880464,45.4650403],[9.1881126,45.4650105],[9.1880823,45.4649624],[9.188045,45.4649768],[9.1880092,45.4649906]]]},"properties":{"site":"milan","name":"Torre del Palazzo dei Giureconsulti","category":"other","historic":null,"building":"tower","osm_id":440457155}},{"type":"Feature","geometry":{"type":"Polygon","coordinates":[[[9.190845,45.4678495],[9.1909078,45.4679117],[9.1909269,45.4679251],[9.190945,45.4679404],[9.1909128,45.467957],[9.190984,45.4680203],[9.1909945,45.4680276],[9.1908532,45.4681097],[9.1906179,45.4678811],[9.1904926,45.4677653],[9.1905001,45.4677628],[9.1906054,45.4677073],[9.1905626,45.46767],[9.1906391,45.4676342],[9.1906854,45.4676796],[9.1906653,45.4676885],[9.190845,45.4678495]]]},"properties":{"site":"milan","name":"Palazzo Brentani Greppi","category":"other","historic":"building","building":"yes","osm_id":440457159}},{"type":"Feature","geometry":{"type":"Polygon","coordinates":[[[9.1886503,45.467077],[9.1886564,45.4670827],[9.1886964,45.4670604],[9.1887359,45.467096],[9.1887721,45.4671285],[9.1888235,45.4671806],[9.1887821,45.4672006],[9.1887887,45.4672086],[9.1887371,45.4672348],[9.1887467,45.4672422],[9.1884077,45.4674183],[9.1883497,45.4673655],[9.1882165,45.4672446],[9.1883419,45.4671733],[9.1883648,45.4671601],[9.188383,45.4671732],[9.1884418,45.4671395],[9.1884728,45.4671401],[9.1884906,45.4671513],[9.1885616,45.4671146],[9.1885666,45.4671202],[9.1886503,45.467077]]]},"properties":{"site":"milan","name":null,"category":"other","historic":null,"building":"church","osm_id":440457162}},{"type":"Feature","geometry":{"type":"Polygon","coordinates":[[[9.1909078,45.4679117],[9.190845,45.4678495],[9.190942,45.4677929],[9.1909199,45.4677726],[9.1908798,45.4677919],[9.1908316,45.4677424],[9.1908131,45.4677511],[9.1906834,45.467615],[9.1906961,45.4676095],[9.1906818,45.4675979],[9.1909665,45.4674452],[9.1911705,45.4676258],[9.1911716,45.4676329],[9.1911681,45.467642],[9.1911609,45.4676566],[9.1911477,45.4676637],[9.191144,45.4676739],[9.1910763,45.46771],[9.1911125,45.467744],[9.191023,45.4678392],[9.1910442,45.467843],[9.1910565,45.4678486],[9.191065,45.467858],[9.1910617,45.4678729],[9.1910546,45.4678879],[9.191011,45.4679243],[9.190978,45.4678956],[9.1909269,45.4679251],[9.1909078,45.4679117]]]},"properties":{"site":"milan","name":null,"category":"other","historic":null,"building":"yes","osm_id":440457172}},{"type":"Feature","geometry":{"type":"Polygon","coordinates":[[[9.1896235,45.4672928],[9.1896442,45.4672789],[9.1896746,45.4672581],[9.1898142,45.4673587],[9.1897779,45.4673834],[9.1897611,45.4673946],[9.1896905,45.4673423],[9.1896235,45.4672928]]]},"properties":{"site":"milan","name":null,"category":"other","historic":null,"building":"roof","osm_id":440457174}},{"type":"Feature","geometry":{"type":"Polygon","coordinates":[[[9.1910186,45.4652523],[9.1910186,45.4653011],[9.1910847,45.4653023],[9.1910838,45.4653265],[9.191153,45.4653263],[9.1911536,45.4653191],[9.1912561,45.4653204],[9.1912764,45.4651841],[9.1912966,45.4650479],[9.1910681,45.4650479],[9.1910628,45.4650845],[9.1910274,45.4650834],[9.1910265,45.4651366],[9.1911301,45.4651432],[9.1911192,45.4651961],[9.191016,45.4651898],[9.1910186,45.4652523]]]},"properties":{"site":"milan","name":null,"category":"other","historic":null,"building":"apartments","osm_id":440457175}},{"type":"Feature","geometry":{"type":"Polygon","coordinates":[[[9.1908296,45.4650854],[9.19083,45.4651109],[9.1908329,45.4653183],[9.1909699,45.4653242],[9.1909649,45.465252],[9.1910186,45.4652523],[9.191016,45.4651898],[9.1909789,45.4651872],[9.1909779,45.4650863],[9.1908296,45.4650854]]]},"properties":{"site":"milan","name":null,"category":"other","historic":null,"building":"yes","osm_id":440457176}},{"type":"Feature","geometry":{"type":"Polygon","coordinates":[[[9.1784217,45.4582953],[9.1784521,45.458283],[9.178531,45.4582513],[9.1787125,45.4581905],[9.1785357,45.4579705],[9.1785601,45.4579614],[9.1784528,45.4578213],[9.1784734,45.4578136],[9.1783525,45.4576585],[9.1781607,45.4576254],[9.1781723,45.4576745],[9.1782085,45.4576704],[9.1782379,45.4576854],[9.1782537,45.4577463],[9.178227,45.4577575],[9.1782586,45.4577987],[9.1782856,45.4578339],[9.1782486,45.4578479],[9.1783475,45.4579769],[9.1784896,45.4581625],[9.1783579,45.4582121],[9.1784217,45.4582953]]]},"properties":{"site":"milan","name":null,"category":"other","historic":null,"building":"apartments","osm_id":441745237}},{"type":"Feature","geometry":{"type":"Polygon","coordinates":[[[9.1777883,45.4577817],[9.1778027,45.4578009],[9.1779099,45.4579474],[9.1781273,45.4578692],[9.1781058,45.4578324],[9.1780196,45.4578622],[9.1779225,45.4577353],[9.1777883,45.4577817]]]},"properties":{"site":"milan","name":null,"category":"other","historic":null,"building":"apartments","osm_id":441745241}},{"type":"Feature","geometry":{"type":"Polygon","coordinates":[[[9.1780568,45.4581451],[9.1782383,45.458079],[9.1782737,45.4581261],[9.1782248,45.4581445],[9.1782948,45.4582359],[9.1783579,45.4582121],[9.1784217,45.4582953],[9.1784048,45.4583053],[9.1782245,45.4583763],[9.1780568,45.4581451]]]},"properties":{"site":"milan","name":null,"category":"other","historic":null,"building":"apartments","osm_id":441745246}},{"type":"Feature","geometry":{"type":"Polygon","coordinates":[[[9.1779099,45.4579474],[9.1779837,45.4580472],[9.1780568,45.4581451],[9.1782383,45.458079],[9.1782755,45.4580673],[9.1782513,45.4580332],[9.1781666,45.4580651],[9.1780636,45.4579319],[9.1781507,45.4579],[9.1781273,45.4578692],[9.1779099,45.4579474]]]},"properties":{"site":"milan","name":null,"category":"other","historic":null,"building":"apartments","osm_id":441745249}},{"type":"Feature","geometry":{"type":"Polygon","coordinates":[[[9.1970316,45.462662],[9.1968768,45.4624981],[9.196719,45.4625633],[9.1968045,45.4627141],[9.1966638,45.4627519],[9.1965784,45.462622],[9.1965178,45.4626367],[9.1964799,45.4625189],[9.1966156,45.4624791],[9.1966819,45.4624509],[9.1969246,45.4623428],[9.1971626,45.4626043],[9.1970316,45.462662]]]},"properties":{"site":"milan","name":null,"category":"other","historic":null,"building":"apartments","osm_id":442783130}},{"type":"Feature","geometry":{"type":"Polygon","coordinates":[[[9.1959645,45.4635923],[9.19597,45.4633432],[9.1962152,45.463346],[9.1962189,45.4634804],[9.1961328,45.4634797],[9.1961317,45.4635788],[9.1961425,45.4636052],[9.1962914,45.4637508],[9.1963256,45.4637386],[9.1964072,45.4638248],[9.1962207,45.4638912],[9.1959888,45.4636558],[9.1959706,45.4636254],[9.1959645,45.4635923]]]},"properties":{"site":"milan","name":null,"category":"other","historic":null,"building":"yes","osm_id":442783132}},{"type":"Feature","geometry":{"type":"Polygon","coordinates":[[[9.196516,45.4629053],[9.1967146,45.4628989],[9.1968663,45.462873],[9.1970242,45.4628224],[9.1970657,45.4628052],[9.1972633,45.4627178],[9.1971626,45.4626043],[9.1970316,45.462662],[9.1970453,45.4626765],[9.196948,45.4627202],[9.19683,45.4627555],[9.1968045,45.4627141],[9.1966638,45.4627519],[9.1966777,45.4627807],[9.1965216,45.4627959],[9.196516,45.4629053]]]},"properties":{"site":"milan","name":null,"category":"other","historic":null,"building":"apartments","osm_id":442783133}},{"type":"Feature","geometry":{"type":"Polygon","coordinates":[[[9.1964072,45.4638248],[9.1966456,45.4637415],[9.1966164,45.4636347],[9.1963256,45.4637386],[9.1964072,45.4638248]]]},"properties":{"site":"milan","name":null,"category":"other","historic":null,"building":"yes","osm_id":442783136}},{"type":"Feature","geometry":{"type":"Polygon","coordinates":[[[9.1987198,45.4670382],[9.1987273,45.4669724],[9.1987153,45.4669713],[9.1987185,45.466942],[9.1986527,45.4669355],[9.1986533,45.4669251],[9.1986588,45.4668341],[9.1988274,45.4668385],[9.1989952,45.4668428],[9.1989434,45.467014],[9.1989185,45.4670591],[9.1988962,45.4670562],[9.1987198,45.4670382]]]},"properties":{"site":"milan","name":null,"category":"other","historic":null,"building":"apartments","osm_id":447819742}},{"type":"Feature","geometry":{"type":"Polygon","coordinates":[[[9.1993134,45.4679676],[9.1995693,45.4681081],[9.1995249,45.4681663],[9.1994943,45.4682064],[9.199477,45.468201],[9.1994573,45.4681925],[9.1993949,45.468155],[9.1992128,45.4680631],[9.1991931,45.4680548],[9.1992273,45.4680304],[9.1992114,45.468021],[9.1992817,45.4679512],[9.1993134,45.4679676]]]},"properties":{"site":"milan","name":null,"category":"other","historic":null,"building":"apartments","osm_id":447819743}},{"type":"Feature","geometry":{"type":"Polygon","coordinates":[[[9.1987123,45.4671189],[9.1987161,45.467061],[9.1987198,45.4670382],[9.1988962,45.4670562],[9.1988712,45.4672289],[9.1988609,45.4672719],[9.1988561,45.4673155],[9.1986895,45.4673032],[9.198694,45.4672682],[9.1987038,45.4671711],[9.1987123,45.4671189]]]},"properties":{"site":"milan","name":null,"category":"other","historic":null,"building":"apartments","osm_id":447819744}},{"type":"Feature","geometry":{"type":"Polygon","coordinates":[[[9.1997545,45.4672066],[9.1999042,45.4672566],[9.1998898,45.4672716],[9.1999693,45.4672974],[9.2000801,45.4671336],[9.2001001,45.4669788],[9.1999988,45.4669683],[9.1998418,45.4669454],[9.199814,45.4669413],[9.1997676,45.4670674],[9.199755,45.467105],[9.1997802,45.467107],[9.1997545,45.4672066]]]},"properties":{"site":"milan","name":null,"category":"other","historic":null,"building":"yes","osm_id":447819747}},{"type":"Feature","geometry":{"type":"Polygon","coordinates":[[[9.1984114,45.4671505],[9.1987038,45.4671711],[9.198694,45.4672682],[9.1985902,45.4672612],[9.1985951,45.467227],[9.1985764,45.4672257],[9.1985776,45.4672169],[9.1985275,45.4672134],[9.1985229,45.4672452],[9.1984029,45.4672601],[9.1983719,45.4671902],[9.1984002,45.4671863],[9.1984114,45.4671505]]]},"properties":{"site":"milan","name":null,"category":"other","historic":null,"building":"yes","osm_id":447819749}},{"type":"Feature","geometry":{"type":"Polygon","coordinates":[[[9.1997248,45.4662624],[9.1999866,45.4662601],[9.1999874,45.4664218],[9.2001411,45.4664333],[9.2001258,45.4661062],[9.2001251,45.4660885],[9.1999319,45.4660897],[9.1999307,45.4661287],[9.199697,45.4661359],[9.1996788,45.4661752],[9.1996592,45.4662379],[9.1997316,45.4662501],[9.1997248,45.4662624]]]},"properties":{"site":"milan","name":null,"category":"other","historic":null,"building":"yes","osm_id":447819751}},{"type":"Feature","geometry":{"type":"Polygon","coordinates":[[[9.1990761,45.467544],[9.199067,45.4676038],[9.1991073,45.4676458],[9.1991867,45.4676675],[9.1991414,45.4677679],[9.1990096,45.4677405],[9.1988681,45.4677929],[9.1988401,45.4677576],[9.1988066,45.4677268],[9.1987783,45.4676917],[9.1989152,45.4676359],[9.1989264,45.4675358],[9.1990099,45.4675386],[9.1990761,45.467544]]]},"properties":{"site":"milan","name":null,"category":"other","historic":null,"building":"apartments","osm_id":447819752}},{"type":"Feature","geometry":{"type":"Polygon","coordinates":[[[9.198613,45.4674209],[9.1985874,45.4673761],[9.1986688,45.4673532],[9.1986944,45.467398],[9.198613,45.4674209]]]},"properties":{"site":"milan","name":null,"category":"other","historic":null,"building":"yes","osm_id":447819753}},{"type":"Feature","geometry":{"type":"Polygon","coordinates":[[[9.1988818,45.4679733],[9.1987364,45.4680373],[9.1986499,45.4679285],[9.1987962,45.4678693],[9.1988818,45.4679733]]]},"properties":{"site":"milan","name":null,"category":"other","historic":null,"building":"yes","osm_id":447819755}},{"type":"Feature","geometry":{"type":"Polygon","coordinates":[[[9.199193,45.4683485],[9.1992695,45.4682904],[9.1993445,45.4683459],[9.199266,45.4684324],[9.199193,45.4683485]]]},"properties":{"site":"milan","name":null,"category":"other","historic":null,"building":"yes","osm_id":447819758}},{"type":"Feature","geometry":{"type":"Polygon","coordinates":[[[9.200057,45.4673338],[9.2002321,45.4673967],[9.2001024,45.4675695],[9.199922,45.4675068],[9.200057,45.4673338]]]},"properties":{"site":"milan","name":null,"category":"other","historic":null,"building":"apartments","osm_id":447819759}},{"type":"Feature","geometry":{"type":"Polygon","coordinates":[[[9.1989952,45.4668428],[9.1990156,45.4668441],[9.1991446,45.4668521],[9.1991043,45.4670302],[9.1989434,45.467014],[9.1989952,45.4668428]]]},"properties":{"site":"milan","name":null,"category":"other","historic":null,"building":"yes","osm_id":447819760}},{"type":"Feature","geometry":{"type":"Polygon","coordinates":[[[9.1991598,45.4683101],[9.1992866,45.4681825],[9.1993375,45.4682059],[9.1992695,45.4682904],[9.199193,45.4683485],[9.1991598,45.4683101]]]},"properties":{"site":"milan","name":null,"category":"other","historic":null,"building":"yes","osm_id":447819765}},{"type":"Feature","geometry":{"type":"Polygon","coordinates":[[[9.1995376,45.4658892],[9.1995238,45.4659686],[9.1995012,45.466071],[9.1993464,45.4660482],[9.1993612,45.4659874],[9.1993763,45.4659252],[9.1993861,45.4659258],[9.1993919,45.465894],[9.1995376,45.4658892]]]},"properties":{"site":"milan","name":null,"category":"other","historic":null,"building":"yes","osm_id":447819766}},{"type":"Feature","geometry":{"type":"Polygon","coordinates":[[[9.1987161,45.467061],[9.198559,45.4670507],[9.1985569,45.4670621],[9.1985456,45.4671076],[9.1987123,45.4671189],[9.1987161,45.467061]]]},"properties":{"site":"milan","name":null,"category":"other","historic":null,"building":"yes","osm_id":447819767}},{"type":"Feature","geometry":{"type":"Polygon","coordinates":[[[9.1990503,45.4681828],[9.1991598,45.4683101],[9.199193,45.4683485],[9.199079,45.4684196],[9.1990092,45.468338],[9.1989396,45.4682568],[9.1990503,45.4681828]]]},"properties":{"site":"milan","name":null,"category":"other","historic":null,"building":"apartments","osm_id":447819768}},{"type":"Feature","geometry":{"type":"Polygon","coordinates":[[[9.1994943,45.4682064],[9.1995995,45.4682451],[9.1995211,45.4683461],[9.1994553,45.4684313],[9.1993445,45.4683459],[9.1994573,45.4681925],[9.199477,45.468201],[9.1994943,45.4682064]]]},"properties":{"site":"milan","name":null,"category":"other","historic":null,"building":"apartments","osm_id":447819774}},{"type":"Feature","geometry":{"type":"Polygon","coordinates":[[[9.1986369,45.4675089],[9.1985756,45.4675334],[9.1986815,45.4676491],[9.1988317,45.46757],[9.1987898,45.4675103],[9.1987501,45.4674639],[9.1986369,45.4675089]]]},"properties":{"site":"milan","name":null,"category":"other","historic":null,"building":"yes","osm_id":447819775}},{"type":"Feature","geometry":{"type":"Polygon","coordinates":[[[9.1995012,45.466071],[9.1994948,45.4661063],[9.1995756,45.4661139],[9.1995611,45.4661531],[9.1995561,45.46616],[9.1993226,45.4661244],[9.1993392,45.4660692],[9.1993464,45.4660482],[9.1995012,45.466071]]]},"properties":{"site":"milan","name":"Casa Parravicini","category":"other","historic":null,"building":"house","osm_id":447819776}},{"type":"Feature","geometry":{"type":"Polygon","coordinates":[[[9.1985811,45.4674399],[9.1986369,45.4675089],[9.1987501,45.4674639],[9.1986944,45.467398],[9.198613,45.4674209],[9.1986168,45.4674313],[9.1985811,45.4674399]]]},"properties":{"site":"milan","name":null,"category":"other","historic":null,"building":"yes","osm_id":447819777}},{"type":"Feature","geometry":{"type":"Polygon","coordinates":[[[9.199922,45.4675068],[9.2001024,45.4675695],[9.2000544,45.4676326],[9.1999489,45.4677711],[9.1999148,45.4678155],[9.1996399,45.4677126],[9.1996836,45.4676458],[9.199717,45.4676551],[9.1997957,45.4676767],[9.199922,45.4675068]]]},"properties":{"site":"milan","name":null,"category":"other","historic":null,"building":"apartments","osm_id":447819778}},{"type":"Feature","geometry":{"type":"Polygon","coordinates":[[[9.1991043,45.4670302],[9.199048,45.4672523],[9.1989557,45.4672377],[9.1988712,45.4672289],[9.1988962,45.4670562],[9.1989185,45.4670591],[9.1989434,45.467014],[9.1991043,45.4670302]]]},"properties":{"site":"milan","name":null,"category":"other","historic":null,"building":"yes","osm_id":447819780}},{"type":"Feature","geometry":{"type":"Polygon","coordinates":[[[9.1989136,45.4674208],[9.1989058,45.4674586],[9.1987898,45.4675103],[9.1987501,45.4674639],[9.1986944,45.467398],[9.1987616,45.4673956],[9.1988978,45.4674186],[9.1989136,45.4674208]]]},"properties":{"site":"milan","name":null,"category":"other","historic":null,"building":"yes","osm_id":447819781}},{"type":"Feature","geometry":{"type":"Polygon","coordinates":[[[9.1999693,45.4672974],[9.1998898,45.4672716],[9.1999042,45.4672566],[9.1997545,45.4672066],[9.1997071,45.4672718],[9.199673,45.4673178],[9.199782,45.4673627],[9.1998917,45.4674044],[9.1999693,45.4672974]]]},"properties":{"site":"milan","name":null,"category":"other","historic":null,"building":"yes","osm_id":447819782}},{"type":"Feature","geometry":{"type":"Polygon","coordinates":[[[9.1994553,45.4684313],[9.1993445,45.4683459],[9.199266,45.4684324],[9.199193,45.4683485],[9.199079,45.4684196],[9.1991044,45.4684534],[9.199251,45.4686286],[9.1992871,45.468613],[9.1994423,45.4684462],[9.1994553,45.4684313]]]},"properties":{"site":"milan","name":null,"category":"other","historic":null,"building":"apartments","osm_id":447819784}},{"type":"Feature","geometry":{"type":"Polygon","coordinates":[[[9.1989557,45.4672377],[9.1989158,45.4674191],[9.1989136,45.4674208],[9.1988978,45.4674186],[9.1989293,45.4673071],[9.198911,45.4673028],[9.1989136,45.467275],[9.1988609,45.4672719],[9.1988712,45.4672289],[9.1989557,45.4672377]]]},"properties":{"site":"milan","name":null,"category":"other","historic":null,"building":"yes","osm_id":447819785}},{"type":"Feature","geometry":{"type":"Polygon","coordinates":[[[9.1981881,45.4672863],[9.1981326,45.4671904],[9.1981166,45.4671244],[9.1981157,45.4670824],[9.1982412,45.4670928],[9.1984181,45.4671074],[9.1984114,45.4671505],[9.1984002,45.4671863],[9.1983719,45.4671902],[9.1983519,45.4671929],[9.198368,45.4672691],[9.1981881,45.4672863]]]},"properties":{"site":"milan","name":null,"category":"other","historic":null,"building":"apartments","osm_id":447819786}},{"type":"Feature","geometry":{"type":"Polygon","coordinates":[[[9.1986499,45.4679285],[9.1985313,45.4677917],[9.198387,45.4676149],[9.1985337,45.4675484],[9.1987231,45.4677666],[9.1988066,45.4677268],[9.1988401,45.4677576],[9.1987418,45.4677976],[9.1987962,45.4678693],[9.1986499,45.4679285]]]},"properties":{"site":"milan","name":null,"category":"other","historic":null,"building":"apartments","osm_id":447819787}},{"type":"Feature","geometry":{"type":"Polygon","coordinates":[[[9.1778103,45.4667469],[9.1779871,45.4667043],[9.1781727,45.4670791],[9.1779978,45.4671196],[9.1778849,45.4668992],[9.1778103,45.4667469]]]},"properties":{"site":"milan","name":null,"category":"other","historic":null,"building":"yes","osm_id":456205465}},{"type":"Feature","geometry":{"type":"Polygon","coordinates":[[[9.1793479,45.4665853],[9.1796261,45.4664949],[9.1796939,45.4666007],[9.1796809,45.4666248],[9.1796526,45.4666157],[9.179564,45.4666443],[9.1795546,45.4666673],[9.1795142,45.4666545],[9.1794807,45.4666645],[9.179438,45.4667433],[9.1793901,45.4667307],[9.1793436,45.466747],[9.1793007,45.4667351],[9.1792811,45.4667041],[9.1792458,45.466694],[9.1792052,45.4667051],[9.1791884,45.4666672],[9.179361,45.4666163],[9.1793479,45.4665853]]]},"properties":{"site":"milan","name":null,"category":"other","historic":null,"building":"yes","osm_id":456205466}},{"type":"Feature","geometry":{"type":"Polygon","coordinates":[[[9.1810158,45.4662692],[9.1810073,45.4662614],[9.1808833,45.4661479],[9.1808678,45.466133],[9.1808584,45.4661366],[9.1808124,45.4661158],[9.1807397,45.4660353],[9.1806679,45.4659558],[9.1806989,45.4659433],[9.1807702,45.4659198],[9.180766,45.465913],[9.1809124,45.4658607],[9.1809095,45.4659163],[9.1808452,45.4659489],[9.1808755,45.465971],[9.1808312,45.4659911],[9.180895,45.4660526],[9.1809646,45.4660164],[9.1810847,45.4661513],[9.1811054,45.4661987],[9.1811233,45.4662281],[9.1811269,45.4662352],[9.1810158,45.4662692]]]},"properties":{"site":"milan","name":null,"category":"other","historic":null,"building":"yes","osm_id":457637321}},{"type":"Feature","geometry":{"type":"Polygon","coordinates":[[[9.1817351,45.4671174],[9.1818651,45.4670687],[9.1819773,45.4672262],[9.1819485,45.467244],[9.1818579,45.4672816],[9.1817513,45.4671391],[9.1817351,45.4671174]]]},"properties":{"site":"milan","name":null,"category":"other","historic":null,"building":"apartments","osm_id":457637324}},{"type":"Feature","geometry":{"type":"Polygon","coordinates":[[[9.1817068,45.4667764],[9.1817928,45.4668838],[9.1817865,45.4668853],[9.1817976,45.4669014],[9.18178,45.4669075],[9.1817735,45.4668995],[9.1816095,45.4669561],[9.1814545,45.4667611],[9.1814393,45.466742],[9.1814171,45.4667141],[9.1813921,45.4666827],[9.1813174,45.4665887],[9.1815114,45.4665125],[9.1815886,45.4666127],[9.1816118,45.4666442],[9.1816313,45.4666707],[9.1816582,45.4667073],[9.1817068,45.4667764]]]},"properties":{"site":"milan","name":null,"category":"other","historic":null,"building":"apartments","osm_id":457637328}},{"type":"Feature","geometry":{"type":"Polygon","coordinates":[[[9.1826136,45.4674614],[9.1826237,45.4674415],[9.1827506,45.4672341],[9.1825418,45.4671706],[9.1824774,45.4673098],[9.1825376,45.4673333],[9.182486,45.4674162],[9.1826136,45.4674614]]]},"properties":{"site":"milan","name":null,"category":"other","historic":null,"building":"apartments","osm_id":457637332}},{"type":"Feature","geometry":{"type":"Polygon","coordinates":[[[9.1782763,45.4714158],[9.1783491,45.4714004],[9.1783731,45.4714565],[9.1783003,45.4714718],[9.1782763,45.4714158]]]},"properties":{"site":"milan","name":"Leo Souvenirs","category":"other","historic":null,"building":"kiosk","osm_id":471850469}},{"type":"Feature","geometry":{"type":"Polygon","coordinates":[[[9.1780036,45.4712646],[9.1780263,45.4712152],[9.1779452,45.4711968],[9.1779224,45.4712463],[9.1780036,45.4712646]]]},"properties":{"site":"milan","name":"Chiosco da Orlando","category":"other","historic":null,"building":"kiosk","osm_id":471850492}},{"type":"Feature","geometry":{"type":"Polygon","coordinates":[[[9.1807509,45.4706107],[9.1807853,45.4706327],[9.1807432,45.4706653],[9.1808598,45.4707396],[9.1808979,45.4707097],[9.1809518,45.4707438],[9.1809698,45.4707301],[9.1809902,45.4707142],[9.1809361,45.4706796],[9.1809751,45.4706496],[9.1808593,45.4705756],[9.1808203,45.4706056],[9.180786,45.4705837],[9.1807701,45.4705958],[9.1807509,45.4706107]]]},"properties":{"site":"milan","name":null,"category":"other","historic":null,"building":"yes","osm_id":471850522}},{"type":"Feature","geometry":{"type":"Polygon","coordinates":[[[9.1784658,45.4710396],[9.1784867,45.4710234],[9.1785178,45.4710432],[9.1785692,45.4710036],[9.1785381,45.4709838],[9.1786322,45.4709111],[9.1786623,45.4709303],[9.1786936,45.4709061],[9.1787156,45.4709201],[9.178737,45.4709338],[9.1787059,45.4709578],[9.1787335,45.4709754],[9.1786391,45.4710482],[9.178608,45.4710284],[9.1785567,45.471068],[9.1785878,45.4710878],[9.1785668,45.471104],[9.1785145,45.4710709],[9.1784658,45.4710396]]]},"properties":{"site":"milan","name":null,"category":"other","historic":null,"building":"yes","osm_id":471850604}},{"type":"Feature","geometry":{"type":"Polygon","coordinates":[[[9.1863112,45.4718238],[9.1862816,45.4718177],[9.1863099,45.4717418],[9.1863364,45.4716727],[9.1864146,45.4716817],[9.1864192,45.4716415],[9.1864297,45.4716403],[9.1867464,45.4716942],[9.1867152,45.471781],[9.1867921,45.4717972],[9.1868106,45.4718179],[9.186813,45.4718402],[9.1868045,45.4718631],[9.1867862,45.471877],[9.1867613,45.4718878],[9.1867351,45.4719638],[9.1865048,45.4719152],[9.186526,45.471863],[9.1863112,45.4718238]]]},"properties":{"site":"milan","name":"Chiesa di San Carpoforo","category":"medieval","historic":null,"building":"church","osm_id":477124862}},{"type":"Feature","geometry":{"type":"Polygon","coordinates":[[[9.1936572,45.4643377],[9.1937944,45.4643522],[9.1938931,45.4643722],[9.193954,45.4643853],[9.1939599,45.464387],[9.1938666,45.464616],[9.1938135,45.4646033],[9.1937593,45.4645901],[9.1937309,45.4646776],[9.1937167,45.4647035],[9.1935607,45.4646624],[9.1935734,45.4646393],[9.1936337,45.4644981],[9.1936484,45.464428],[9.1936572,45.4643377]]]},"properties":{"site":"milan","name":null,"category":"other","historic":null,"building":"yes","osm_id":478492810}},{"type":"Feature","geometry":{"type":"Polygon","coordinates":[[[9.1939051,45.4647567],[9.1939299,45.4647295],[9.1939885,45.4646499],[9.1939225,45.4646331],[9.1938666,45.464616],[9.1939599,45.464387],[9.1940472,45.4643954],[9.1941241,45.4644191],[9.1941103,45.4644416],[9.1943192,45.4645352],[9.1942843,45.4645723],[9.194084,45.4647686],[9.1940526,45.4647984],[9.1939051,45.4647567]]]},"properties":{"site":"milan","name":null,"category":"other","historic":null,"building":"yes","osm_id":478492813}},{"type":"Feature","geometry":{"type":"Polygon","coordinates":[[[9.1944564,45.4643881],[9.1944643,45.464391],[9.1943192,45.4645352],[9.1941103,45.4644416],[9.1941241,45.4644191],[9.1941374,45.4643986],[9.1942133,45.4644157],[9.1942315,45.4643944],[9.1942944,45.4644184],[9.1943576,45.4643468],[9.1944564,45.4643881]]]},"properties":{"site":"milan","name":null,"category":"other","historic":null,"building":"apartments","osm_id":478492822}},{"type":"Feature","geometry":{"type":"Polygon","coordinates":[[[9.1945408,45.4642232],[9.1945311,45.4642461],[9.1944564,45.4643881],[9.1943576,45.4643468],[9.1943884,45.4642872],[9.1942947,45.4642665],[9.194327,45.4641967],[9.1943167,45.4641947],[9.1943275,45.4641751],[9.1945408,45.4642232]]]},"properties":{"site":"milan","name":null,"category":"other","historic":null,"building":"yes","osm_id":478492823}},{"type":"Feature","geometry":{"type":"Polygon","coordinates":[[[9.1905045,45.4614388],[9.1906273,45.4613588],[9.1904011,45.4611828],[9.1902779,45.4612573],[9.1903898,45.4613469],[9.1905045,45.4614388]]]},"properties":{"site":"milan","name":null,"category":"other","historic":null,"building":"apartments","osm_id":478495190}},{"type":"Feature","geometry":{"type":"Polygon","coordinates":[[[9.1905045,45.4614388],[9.1906273,45.4613588],[9.1906708,45.4613913],[9.1907583,45.4613237],[9.190866,45.4613989],[9.190659,45.4615635],[9.1905704,45.461492],[9.1905045,45.4614388]]]},"properties":{"site":"milan","name":null,"category":"other","historic":null,"building":"apartments","osm_id":478495191}},{"type":"Feature","geometry":{"type":"Polygon","coordinates":[[[9.190983,45.4611451],[9.1910625,45.4610803],[9.1910106,45.4610409],[9.1911257,45.4609617],[9.1912847,45.4610768],[9.1911725,45.4611593],[9.1910943,45.4612203],[9.190983,45.4611451]]]},"properties":{"site":"milan","name":null,"category":"other","historic":null,"building":"apartments","osm_id":478495194}},{"type":"Feature","geometry":{"type":"Polygon","coordinates":[[[9.1910106,45.4610409],[9.1909435,45.4609982],[9.1908907,45.4609769],[9.1908672,45.4609723],[9.1908197,45.4609733],[9.1907864,45.4608635],[9.190835,45.460861],[9.1909043,45.460863],[9.1909662,45.4608745],[9.1909731,45.4608767],[9.1910328,45.4608987],[9.1911257,45.4609617],[9.1910106,45.4610409]]]},"properties":{"site":"milan","name":null,"category":"other","historic":null,"building":"apartments","osm_id":478495195}},{"type":"Feature","geometry":{"type":"Polygon","coordinates":[[[9.1903949,45.4609401],[9.190436,45.4610525],[9.1902372,45.4610916],[9.1902504,45.4611214],[9.1903312,45.4611231],[9.1904011,45.4611828],[9.1902779,45.4612573],[9.190247,45.4612333],[9.1900101,45.4610495],[9.190089,45.4609989],[9.1901489,45.4609874],[9.1903949,45.4609401]]]},"properties":{"site":"milan","name":null,"category":"other","historic":null,"building":"apartments","osm_id":478495196}},{"type":"Feature","geometry":{"type":"Polygon","coordinates":[[[9.1904281,45.4615654],[9.1903512,45.4616267],[9.1903122,45.4615968],[9.1902638,45.4616256],[9.1899158,45.4613491],[9.189856,45.4613031],[9.1899856,45.4612175],[9.1900579,45.4612744],[9.1903582,45.4615104],[9.1904281,45.4615654]]]},"properties":{"site":"milan","name":null,"category":"other","historic":null,"building":"apartments","osm_id":478495197}},{"type":"Feature","geometry":{"type":"Polygon","coordinates":[[[9.1896877,45.4618613],[9.1894202,45.4616731],[9.189547,45.4615852],[9.1898247,45.4617652],[9.1898104,45.461777],[9.1896877,45.4618613]]]},"properties":{"site":"milan","name":null,"category":"other","historic":null,"building":"apartments","osm_id":478495198}},{"type":"Feature","geometry":{"type":"Polygon","coordinates":[[[9.1904281,45.4615654],[9.1905495,45.4616591],[9.1902997,45.4618549],[9.1901867,45.4617836],[9.1901662,45.4617706],[9.1903512,45.4616267],[9.1904281,45.4615654]]]},"properties":{"site":"milan","name":null,"category":"other","historic":null,"building":"apartments","osm_id":478495199}},{"type":"Feature","geometry":{"type":"Polygon","coordinates":[[[9.1895831,45.4614914],[9.1895384,45.4615253],[9.1894788,45.4614828],[9.1898173,45.4612371],[9.1897991,45.4612187],[9.1899073,45.4611513],[9.1899209,45.4611628],[9.1899856,45.4612175],[9.189856,45.4613031],[9.1895831,45.4614914]]]},"properties":{"site":"milan","name":null,"category":"other","historic":null,"building":"yes","osm_id":478495200}},{"type":"Feature","geometry":{"type":"Polygon","coordinates":[[[9.1892063,45.4613696],[9.1891398,45.4613267],[9.1891897,45.4612973],[9.1892388,45.4612852],[9.1891964,45.4611695],[9.1890784,45.4611993],[9.1889893,45.4612348],[9.1888918,45.4613071],[9.1890907,45.4614461],[9.1892063,45.4613696]]]},"properties":{"site":"milan","name":null,"category":"other","historic":null,"building":"apartments","osm_id":478495201}},{"type":"Feature","geometry":{"type":"Polygon","coordinates":[[[9.1895831,45.4614914],[9.189633,45.4615225],[9.189547,45.4615852],[9.1894202,45.4616731],[9.1890907,45.4614461],[9.1892063,45.4613696],[9.1893268,45.4614454],[9.1893714,45.4614227],[9.18942,45.4614566],[9.1893856,45.4614895],[9.1894241,45.4615105],[9.1894788,45.4614828],[9.1895384,45.4615253],[9.1895831,45.4614914]]]},"properties":{"site":"milan","name":null,"category":"other","historic":null,"building":"apartments","osm_id":478495202}},{"type":"Feature","geometry":{"type":"Polygon","coordinates":[[[9.1963446,45.4620634],[9.1963677,45.4620631],[9.1967293,45.4620654],[9.1968625,45.4622396],[9.1967279,45.4622971],[9.1965875,45.4621178],[9.1965545,45.4621173],[9.1965179,45.4621177],[9.1965177,45.4621466],[9.1964536,45.4621462],[9.1964549,45.4620843],[9.1963468,45.4620849],[9.1963446,45.4620634]]]},"properties":{"site":"milan","name":null,"category":"other","historic":null,"building":"yes","osm_id":478498031}},{"type":"Feature","geometry":{"type":"Polygon","coordinates":[[[9.1813008,45.4656398],[9.1817558,45.4656722],[9.1817673,45.4656276],[9.181723,45.465622],[9.1816297,45.465605],[9.1814973,45.4654784],[9.1813569,45.4655599],[9.1813427,45.465554],[9.1813013,45.4655883],[9.1813008,45.4656398]]]},"properties":{"site":"milan","name":null,"category":"other","historic":null,"building":"yes","osm_id":478499088}},{"type":"Feature","geometry":{"type":"Polygon","coordinates":[[[9.1809897,45.4654751],[9.1808893,45.465539],[9.1810063,45.4656167],[9.1811602,45.4656334],[9.1813008,45.4656398],[9.1813013,45.4655883],[9.1812054,45.4655815],[9.1811423,45.4655618],[9.1809897,45.4654751]]]},"properties":{"site":"milan","name":null,"category":"other","historic":null,"building":"yes","osm_id":478499089}},{"type":"Feature","geometry":{"type":"Polygon","coordinates":[[[9.1810854,45.4654194],[9.1810613,45.4654333],[9.1809897,45.4654751],[9.1811423,45.4655618],[9.181192,45.4655185],[9.1812308,45.4655364],[9.1812054,45.4655815],[9.1813013,45.4655883],[9.1813427,45.465554],[9.1811611,45.4654696],[9.1810854,45.4654194]]]},"properties":{"site":"milan","name":null,"category":"other","historic":null,"building":"yes","osm_id":478499090}},{"type":"Feature","geometry":{"type":"Polygon","coordinates":[[[9.2000407,45.4653436],[9.2000174,45.4653509],[9.1998758,45.465102],[9.2000469,45.4650541],[9.2001225,45.4651921],[9.200181,45.4652989],[9.2000407,45.4653436]]]},"properties":{"site":"milan","name":null,"category":"other","historic":null,"building":"apartments","osm_id":479905408}},{"type":"Feature","geometry":{"type":"Polygon","coordinates":[[[9.199563,45.4625306],[9.19962,45.4625306],[9.19967,45.4625596],[9.1996965,45.4626499],[9.1998343,45.4626332],[9.1998081,45.4625547],[9.1997745,45.46243],[9.1995576,45.4624313],[9.199563,45.4625306]]]},"properties":{"site":"milan","name":null,"category":"other","historic":null,"building":"apartments","osm_id":479908168}},{"type":"Feature","geometry":{"type":"Polygon","coordinates":[[[9.1994672,45.4626356],[9.199326,45.4626443],[9.1992917,45.462433],[9.1995279,45.4624315],[9.1995576,45.4624313],[9.199563,45.4625306],[9.1994919,45.4625305],[9.1994553,45.4625603],[9.1994672,45.4626356]]]},"properties":{"site":"milan","name":null,"category":"other","historic":null,"building":"apartments","osm_id":479908189}},{"type":"Feature","geometry":{"type":"Polygon","coordinates":[[[9.2004049,45.4642892],[9.1999973,45.4642323],[9.1999347,45.4642236],[9.1998321,45.4642532],[9.1998538,45.4642928],[9.1999816,45.4645259],[9.2000117,45.4645791],[9.200028,45.4646004],[9.2001559,45.4645756],[9.2001412,45.4645468],[9.2001669,45.4645409],[9.2000632,45.4643433],[9.200386,45.4643894],[9.2004018,45.46434],[9.2003865,45.4643375],[9.2004049,45.4642892]]]},"properties":{"site":"milan","name":"Garage Visconti","category":"other","historic":null,"building":"garage","osm_id":479908246}},{"type":"Feature","geometry":{"type":"Polygon","coordinates":[[[9.1994097,45.4637007],[9.1994637,45.4636769],[9.1994259,45.463642],[9.1994485,45.4635571],[9.1994349,45.4635543],[9.1992501,45.4633761],[9.1991332,45.4634314],[9.1992731,45.4635642],[9.1994097,45.4637007]]]},"properties":{"site":"milan","name":null,"category":"other","historic":null,"building":"apartments","osm_id":479909814}},{"type":"Feature","geometry":{"type":"Polygon","coordinates":[[[9.1997501,45.4634358],[9.1997319,45.4634201],[9.1997304,45.4634063],[9.1995824,45.4633875],[9.1995093,45.4633753],[9.1995401,45.4632713],[9.1997282,45.4632956],[9.1999212,45.4633185],[9.1999385,45.4633276],[9.1999067,45.4634524],[9.1997501,45.4634358]]]},"properties":{"site":"milan","name":null,"category":"other","historic":null,"building":"apartments","osm_id":479909815}},{"type":"Feature","geometry":{"type":"Polygon","coordinates":[[[9.1998749,45.4636154],[9.1997198,45.463601],[9.1997152,45.4636183],[9.1995873,45.4636764],[9.1995161,45.46361],[9.1995238,45.4635701],[9.1994485,45.4635571],[9.1994259,45.463642],[9.1994637,45.4636769],[9.1994097,45.4637007],[9.1994607,45.4637536],[9.1995107,45.463801],[9.1995377,45.4638315],[9.1998517,45.4636871],[9.1998749,45.4636154]]]},"properties":{"site":"milan","name":null,"category":"other","historic":null,"building":"apartments","osm_id":479909816}},{"type":"Feature","geometry":{"type":"Polygon","coordinates":[[[9.1997501,45.4634358],[9.1999067,45.4634524],[9.1998749,45.4636154],[9.1997198,45.463601],[9.1997229,45.4635759],[9.1997027,45.4635666],[9.1997084,45.4635345],[9.1997271,45.4635309],[9.1997501,45.4634358]]]},"properties":{"site":"milan","name":null,"category":"other","historic":null,"building":"apartments","osm_id":479909817}},{"type":"Feature","geometry":{"type":"Polygon","coordinates":[[[9.1991692,45.4637324],[9.1993392,45.4639042],[9.199484,45.4640588],[9.1995374,45.4641472],[9.1993795,45.4641879],[9.1990052,45.4638157],[9.1991692,45.4637324]]]},"properties":{"site":"milan","name":null,"category":"other","historic":null,"building":"apartments","osm_id":479909818}},{"type":"Feature","geometry":{"type":"Polygon","coordinates":[[[9.1990052,45.4638157],[9.1989138,45.4637229],[9.1988246,45.4636322],[9.1989874,45.4635502],[9.1990727,45.463632],[9.1991692,45.4637324],[9.1990052,45.4638157]]]},"properties":{"site":"milan","name":null,"category":"other","historic":null,"building":"apartments","osm_id":479909819}},{"type":"Feature","geometry":{"type":"Polygon","coordinates":[[[9.200058,45.4638937],[9.2001023,45.463937],[9.200182,45.4639534],[9.2001768,45.4639694],[9.2001669,45.4639989],[9.2000481,45.4639777],[9.1999998,45.4639184],[9.200058,45.4638937]]]},"properties":{"site":"milan","name":null,"category":"other","historic":null,"building":"yes","osm_id":479911340}},{"type":"Feature","geometry":{"type":"Polygon","coordinates":[[[9.1999853,45.4640712],[9.1999628,45.4641709],[9.2000924,45.4641897],[9.2001247,45.4640792],[9.1999883,45.4640617],[9.1999853,45.4640712]]]},"properties":{"site":"milan","name":null,"category":"other","historic":null,"building":"yes","osm_id":479911353}},{"type":"Feature","geometry":{"type":"Polygon","coordinates":[[[9.200058,45.4638937],[9.1999998,45.4639184],[9.1998426,45.4639962],[9.199918,45.4640724],[9.1999853,45.4640712],[9.1999628,45.4641709],[9.1997946,45.4641747],[9.19974,45.4640696],[9.1996474,45.4639504],[9.1998966,45.463833],[9.1999774,45.4637883],[9.2000258,45.4637406],[9.2000502,45.4636711],[9.2002638,45.4637005],[9.2002355,45.4638022],[9.2001548,45.4637933],[9.2000947,45.4638519],[9.2001047,45.4638629],[9.200058,45.4638937]]]},"properties":{"site":"milan","name":null,"category":"other","historic":null,"building":"apartments","osm_id":479911357}},{"type":"Feature","geometry":{"type":"Polygon","coordinates":[[[9.1993786,45.4643019],[9.1995998,45.464247],[9.1997314,45.4644831],[9.1995918,45.4645208],[9.1995659,45.4645292],[9.1994738,45.4643567],[9.1994152,45.4643706],[9.1993786,45.4643019]]]},"properties":{"site":"milan","name":null,"category":"other","historic":null,"building":"apartments","osm_id":481168604}},{"type":"Feature","geometry":{"type":"Polygon","coordinates":[[[9.1995422,45.4646495],[9.1995369,45.4646417],[9.1996377,45.4646166],[9.1996219,45.4645943],[9.199633,45.4645937],[9.1995918,45.4645208],[9.1997314,45.4644831],[9.1997352,45.4644977],[9.1998751,45.4647415],[9.1996964,45.4647894],[9.1996501,45.4646967],[9.199579,45.4647138],[9.1995422,45.4646495]]]},"properties":{"site":"milan","name":null,"category":"other","historic":null,"building":"apartments","osm_id":481168607}},{"type":"Feature","geometry":{"type":"Polygon","coordinates":[[[9.1842105,45.4657179],[9.1842454,45.4657255],[9.1842675,45.4657269],[9.1843138,45.4657321],[9.1843366,45.4657142],[9.1843693,45.4655608],[9.1844023,45.4654066],[9.1843781,45.4653878],[9.1843392,45.4653822],[9.1842896,45.4653793],[9.1842628,45.4653916],[9.1842445,45.4654867],[9.1842105,45.4657179]]]},"properties":{"site":"milan","name":null,"category":"other","historic":null,"building":"roof","osm_id":481168765}},{"type":"Feature","geometry":{"type":"Polygon","coordinates":[[[9.1838412,45.4659162],[9.1836655,45.4659068],[9.1836046,45.4660318],[9.1836897,45.4660614],[9.1837223,45.4660144],[9.1837696,45.4660203],[9.183777,45.4660043],[9.1838129,45.4660052],[9.1838412,45.4659162]]]},"properties":{"site":"milan","name":null,"category":"other","historic":null,"building":"yes","osm_id":481168767}},{"type":"Feature","geometry":{"type":"Polygon","coordinates":[[[9.1836046,45.4660318],[9.1835399,45.4661238],[9.1836285,45.466148],[9.1836897,45.4660614],[9.1836046,45.4660318]]]},"properties":{"site":"milan","name":null,"category":"other","historic":null,"building":"yes","osm_id":481168768}},{"type":"Feature","geometry":{"type":"Polygon","coordinates":[[[9.1892011,45.4688064],[9.1893442,45.4688229],[9.1893246,45.4689097],[9.1891846,45.4688953],[9.1892011,45.4688064]]]},"properties":{"site":"milan","name":null,"category":"other","historic":null,"building":"yes","osm_id":481352812}},{"type":"Feature","geometry":{"type":"Polygon","coordinates":[[[9.1796567,45.4661945],[9.1795953,45.4662006],[9.1795454,45.4662056],[9.1794443,45.4662153],[9.1794316,45.4661586],[9.1796445,45.4661368],[9.1796567,45.4661945]]]},"properties":{"site":"milan","name":null,"category":"other","historic":null,"building":"yes","osm_id":481449895}},{"type":"Feature","geometry":{"type":"Polygon","coordinates":[[[9.1792408,45.4658039],[9.179312,45.4658003],[9.1793792,45.4657958],[9.1794027,45.4660349],[9.1794316,45.4661586],[9.1794443,45.4662153],[9.1793407,45.4662279],[9.1792946,45.4659896],[9.1792775,45.4659304],[9.1792408,45.4658039]]]},"properties":{"site":"milan","name":null,"category":"other","historic":null,"building":"yes","osm_id":481449897}},{"type":"Feature","geometry":{"type":"Polygon","coordinates":[[[9.1792775,45.4659304],[9.1792408,45.4658039],[9.1790793,45.4658227],[9.1789204,45.4658361],[9.1789554,45.4659636],[9.1789604,45.4659755],[9.1792775,45.4659304]]]},"properties":{"site":"milan","name":null,"category":"other","historic":null,"building":"apartments","osm_id":481449899}},{"type":"Feature","geometry":{"type":"Polygon","coordinates":[[[9.1801312,45.4655906],[9.1801128,45.4654787],[9.180144,45.4654717],[9.1801763,45.465473],[9.1801815,45.4655055],[9.1802459,45.4655027],[9.1802463,45.4654759],[9.1803049,45.4654783],[9.1803144,45.465577],[9.1802292,45.4655833],[9.1801312,45.4655906]]]},"properties":{"site":"milan","name":null,"category":"other","historic":null,"building":"apartments","osm_id":481450680}},{"type":"Feature","geometry":{"type":"Polygon","coordinates":[[[9.1798892,45.4653586],[9.1798564,45.4653546],[9.1796431,45.4653701],[9.1796442,45.4654623],[9.1797376,45.4654604],[9.1797663,45.4654627],[9.1797614,45.4653932],[9.1798359,45.4653899],[9.179846,45.4654637],[9.1798885,45.4654628],[9.1798892,45.4653586]]]},"properties":{"site":"milan","name":null,"category":"other","historic":null,"building":"yes","osm_id":481450690}},{"type":"Feature","geometry":{"type":"Polygon","coordinates":[[[9.1798697,45.4656129],[9.1797818,45.4656179],[9.1797673,45.4656173],[9.1797424,45.4655378],[9.1797398,45.4655113],[9.1797376,45.4654604],[9.1797663,45.4654627],[9.179846,45.4654637],[9.1798697,45.4656129]]]},"properties":{"site":"milan","name":null,"category":"other","historic":null,"building":"apartments","osm_id":481450709}},{"type":"Feature","geometry":{"type":"Polygon","coordinates":[[[9.1797673,45.4656173],[9.1797063,45.4656271],[9.1796442,45.4656371],[9.1796484,45.4655219],[9.1796823,45.4655173],[9.1796783,45.4654985],[9.1796469,45.4654986],[9.1796454,45.4654759],[9.1796442,45.4654623],[9.1797376,45.4654604],[9.1797398,45.4655113],[9.1797084,45.4655129],[9.1797107,45.4655388],[9.1797424,45.4655378],[9.1797673,45.4656173]]]},"properties":{"site":"milan","name":null,"category":"other","historic":null,"building":"apartments","osm_id":481450719}},{"type":"Feature","geometry":{"type":"Polygon","coordinates":[[[9.1796442,45.4656371],[9.1795295,45.46564],[9.1795143,45.4656404],[9.1795113,45.4654806],[9.1795609,45.4654769],[9.1796454,45.4654759],[9.1796469,45.4654986],[9.1796484,45.4655219],[9.1796442,45.4656371]]]},"properties":{"site":"milan","name":null,"category":"other","historic":null,"building":"apartments","osm_id":481450728}},{"type":"Feature","geometry":{"type":"Polygon","coordinates":[[[9.1795143,45.4656404],[9.1795113,45.4654806],[9.1793034,45.4654778],[9.1791514,45.4654799],[9.1791426,45.4656507],[9.1794744,45.4656415],[9.1795143,45.4656404]]]},"properties":{"site":"milan","name":null,"category":"other","historic":null,"building":"apartments","osm_id":481450747}},{"type":"Feature","geometry":{"type":"Polygon","coordinates":[[[9.1797771,45.4644339],[9.179508,45.464413],[9.1795164,45.4643507],[9.1797846,45.4643679],[9.1797771,45.4644339]]]},"properties":{"site":"milan","name":null,"category":"other","historic":null,"building":"yes","osm_id":481452457}},{"type":"Feature","geometry":{"type":"Polygon","coordinates":[[[9.1794176,45.4647223],[9.1792553,45.4647161],[9.1793521,45.4640772],[9.1795776,45.4640929],[9.1798337,45.4641107],[9.179813,45.4642204],[9.1797073,45.4642131],[9.1796974,45.4643071],[9.1795851,45.4643032],[9.179594,45.4642046],[9.179496,45.4641997],[9.1794247,45.4646723],[9.1794176,45.4647223]]]},"properties":{"site":"milan","name":null,"category":"other","historic":null,"building":"yes","osm_id":481452458}},{"type":"Feature","geometry":{"type":"Polygon","coordinates":[[[9.1788965,45.4647251],[9.1785825,45.4647025],[9.1785912,45.4646456],[9.178598,45.4645884],[9.178692,45.4645997],[9.1788293,45.4646073],[9.1789173,45.4646136],[9.1789129,45.464631],[9.1788965,45.4647251]]]},"properties":{"site":"milan","name":null,"category":"other","historic":null,"building":"apartments","osm_id":481454426}},{"type":"Feature","geometry":{"type":"Polygon","coordinates":[[[9.178939,45.4642044],[9.1789289,45.4642783],[9.1789151,45.4643563],[9.178869,45.4643538],[9.1787551,45.4643491],[9.1787719,45.464317],[9.1787518,45.4643153],[9.1787733,45.4641939],[9.178939,45.4642044]]]},"properties":{"site":"milan","name":null,"category":"other","historic":null,"building":"yes","osm_id":481454427}},{"type":"Feature","geometry":{"type":"Polygon","coordinates":[[[9.1785781,45.4641015],[9.1787129,45.4641165],[9.1787137,45.4641105],[9.1787816,45.4641171],[9.1787733,45.4641939],[9.1787518,45.4643153],[9.1786748,45.4643155],[9.1786802,45.4642948],[9.1786131,45.4642863],[9.1786037,45.4643136],[9.1783987,45.464294],[9.1784535,45.4640937],[9.1785781,45.4641015]]]},"properties":{"site":"milan","name":"Ex Casa dei Fasci milanesi","category":"domus","historic":null,"building":"yes","osm_id":481454428}},{"type":"Feature","geometry":{"type":"Polygon","coordinates":[[[9.1788136,45.4639992],[9.1791527,45.4640399],[9.1791416,45.4640914],[9.1790809,45.4640834],[9.1789679,45.4640749],[9.1789637,45.464096],[9.1789147,45.4640926],[9.1789155,45.4640782],[9.1787945,45.4640656],[9.1788136,45.4639992]]]},"properties":{"site":"milan","name":null,"category":"other","historic":null,"building":"yes","osm_id":481454429}},{"type":"Feature","geometry":{"type":"Polygon","coordinates":[[[9.1798134,45.4613979],[9.1798283,45.4614004],[9.1798228,45.4614513],[9.1798197,45.4614799],[9.1798136,45.4615048],[9.1797589,45.4614979],[9.1797482,45.4615478],[9.1796932,45.4615384],[9.1796999,45.4615168],[9.1797039,45.4614876],[9.1796275,45.4614744],[9.1795924,45.4614662],[9.1795964,45.4614159],[9.1795179,45.4614089],[9.1795292,45.4613738],[9.1798134,45.4613979]]]},"properties":{"site":"milan","name":null,"category":"other","historic":null,"building":"apartments","osm_id":482900143}},{"type":"Feature","geometry":{"type":"Polygon","coordinates":[[[9.1793256,45.4616199],[9.1793806,45.46143],[9.1795924,45.4614662],[9.1796275,45.4614744],[9.1796208,45.4615073],[9.1796999,45.4615168],[9.1796932,45.4615384],[9.1797482,45.4615478],[9.1797589,45.4614979],[9.1798136,45.4615048],[9.1798197,45.4614799],[9.1798755,45.4614863],[9.1799351,45.4614931],[9.1799231,45.4615758],[9.179783,45.46156],[9.1796895,45.4615669],[9.1795612,45.4615504],[9.1795416,45.4616231],[9.1795301,45.4616462],[9.1793256,45.4616199]]]},"properties":{"site":"milan","name":null,"category":"other","historic":null,"building":"apartments","osm_id":482900144}},{"type":"Feature","geometry":{"type":"Polygon","coordinates":[[[9.1790727,45.462617],[9.17908,45.4625724],[9.1792383,45.4625896],[9.1792655,45.4624317],[9.1793653,45.4624414],[9.1793221,45.4626456],[9.1791699,45.4626281],[9.1790727,45.462617]]]},"properties":{"site":"milan","name":null,"category":"other","historic":null,"building":"yes","osm_id":482900159}},{"type":"Feature","geometry":{"type":"Polygon","coordinates":[[[9.1791551,45.462692],[9.1788039,45.462652],[9.1788187,45.4625881],[9.1790727,45.462617],[9.1791699,45.4626281],[9.1791551,45.462692]]]},"properties":{"site":"milan","name":null,"category":"other","historic":null,"building":"yes","osm_id":482900162}},{"type":"Feature","geometry":{"type":"Polygon","coordinates":[[[9.1789548,45.4635017],[9.1789385,45.4635432],[9.1788265,45.4635295],[9.1788292,45.4634851],[9.178766,45.4634793],[9.1787977,45.4633014],[9.1789558,45.4633194],[9.1789587,45.4633089],[9.178994,45.4633131],[9.1789548,45.4635017]]]},"properties":{"site":"milan","name":null,"category":"other","historic":null,"building":"apartments","osm_id":482900174}},{"type":"Feature","geometry":{"type":"Polygon","coordinates":[[[9.178678,45.4634687],[9.1785093,45.4634505],[9.1785033,45.4634949],[9.1786769,45.4635054],[9.178678,45.4634687]]]},"properties":{"site":"milan","name":null,"category":"other","historic":null,"building":"yes","osm_id":482900175}},{"type":"Feature","geometry":{"type":"Polygon","coordinates":[[[9.1791872,45.4608243],[9.1793154,45.4608496],[9.1793831,45.4608301],[9.179468,45.4608331],[9.1794686,45.4608197],[9.1795401,45.4608217],[9.1795475,45.4608211],[9.1795482,45.4607962],[9.1795334,45.4607861],[9.179538,45.4607759],[9.1789236,45.4606439],[9.1789079,45.4606804],[9.1788855,45.4607603],[9.1790029,45.4607853],[9.1791872,45.4608243]]]},"properties":{"site":"milan","name":"Palazzo Visconti","category":"other","historic":"yes","building":"yes","osm_id":482900178}},{"type":"Feature","geometry":{"type":"Polygon","coordinates":[[[9.1784724,45.4637007],[9.1784587,45.463784],[9.1784172,45.4637638],[9.1781476,45.4636317],[9.1782631,45.4635244],[9.178275,45.4634566],[9.1782887,45.4634593],[9.178304,45.4633797],[9.1785159,45.4633934],[9.1785093,45.4634505],[9.1785033,45.4634949],[9.1784724,45.4637007]]]},"properties":{"site":"milan","name":"Ex Sede Società Filatura Cascami Seta","category":"other","historic":null,"building":"yes","osm_id":482900179}},{"type":"Feature","geometry":{"type":"Polygon","coordinates":[[[9.1809671,45.4621952],[9.180875,45.4621876],[9.1807501,45.4621794],[9.1807493,45.4622564],[9.18074,45.4623123],[9.1809426,45.462332],[9.1809671,45.4621952]]]},"properties":{"site":"milan","name":null,"category":"other","historic":null,"building":"yes","osm_id":482901331}},{"type":"Feature","geometry":{"type":"Polygon","coordinates":[[[9.1807125,45.4624633],[9.1807375,45.4623655],[9.1810158,45.4623828],[9.1810616,45.4623024],[9.1811967,45.462339],[9.1811337,45.4624256],[9.1810791,45.4625097],[9.1809674,45.4624804],[9.1809499,45.4625106],[9.1807781,45.4624775],[9.1807125,45.4624633]]]},"properties":{"site":"milan","name":null,"category":"other","historic":null,"building":"apartments","osm_id":482901332}},{"type":"Feature","geometry":{"type":"Polygon","coordinates":[[[9.1809671,45.4621952],[9.1810272,45.4622026],[9.1810417,45.4621388],[9.1811274,45.4621501],[9.1811431,45.4620768],[9.1810502,45.4620792],[9.1810528,45.4621019],[9.1809429,45.4620893],[9.1808912,45.4620864],[9.180875,45.4621876],[9.1809671,45.4621952]]]},"properties":{"site":"milan","name":null,"category":"other","historic":null,"building":"yes","osm_id":482901333}},{"type":"Feature","geometry":{"type":"Polygon","coordinates":[[[9.1804324,45.4628533],[9.1804412,45.4628094],[9.180451,45.4628115],[9.1805311,45.4628183],[9.1805614,45.4628225],[9.1806441,45.4628327],[9.1806829,45.4628435],[9.1806793,45.4628887],[9.180581,45.4628799],[9.1805721,45.462955],[9.1806646,45.4629672],[9.1806655,45.4629987],[9.1805689,45.4629846],[9.1804119,45.462978],[9.1804324,45.4628533]]]},"properties":{"site":"milan","name":null,"category":"other","historic":null,"building":"apartments","osm_id":482904380}},{"type":"Feature","geometry":{"type":"Polygon","coordinates":[[[9.1805846,45.4627313],[9.1805702,45.4627953],[9.1805614,45.4628225],[9.1806441,45.4628327],[9.1806587,45.4628005],[9.180695,45.4628065],[9.1806829,45.4628435],[9.1807416,45.4628561],[9.1807934,45.4627609],[9.1805846,45.4627313]]]},"properties":{"site":"milan","name":null,"category":"other","historic":null,"building":"apartments","osm_id":482904391}},{"type":"Feature","geometry":{"type":"Polygon","coordinates":[[[9.1802624,45.4628285],[9.1802584,45.4628434],[9.1804324,45.4628533],[9.1804412,45.4628094],[9.1803203,45.4628003],[9.1803225,45.4627617],[9.1804585,45.4627758],[9.180451,45.4628115],[9.1805311,45.4628183],[9.1805355,45.4627901],[9.1805702,45.4627953],[9.1805846,45.4627313],[9.1802863,45.4626827],[9.1802624,45.4628285]]]},"properties":{"site":"milan","name":null,"category":"other","historic":null,"building":"apartments","osm_id":482904407}},{"type":"Feature","geometry":{"type":"Polygon","coordinates":[[[9.1807934,45.4627609],[9.1808857,45.4627843],[9.180853,45.462888],[9.1808444,45.4629116],[9.1808151,45.4630048],[9.1806655,45.4629987],[9.1806646,45.4629672],[9.1806793,45.4628887],[9.1806829,45.4628435],[9.1807416,45.4628561],[9.1807934,45.4627609]]]},"properties":{"site":"milan","name":null,"category":"other","historic":null,"building":"apartments","osm_id":482904411}},{"type":"Feature","geometry":{"type":"Polygon","coordinates":[[[9.1794804,45.4629878],[9.179491,45.4629671],[9.1795263,45.4628891],[9.1795337,45.4628728],[9.179717,45.4628977],[9.1796841,45.4629652],[9.1798359,45.4629835],[9.1798568,45.4629151],[9.1798783,45.4629146],[9.1799469,45.4629229],[9.179945,45.4629305],[9.1799306,45.4630306],[9.1798923,45.4630274],[9.1798488,45.4630267],[9.1797843,45.4630212],[9.1794804,45.4629878]]]},"properties":{"site":"milan","name":null,"category":"other","historic":null,"building":"apartments","osm_id":482904417}},{"type":"Feature","geometry":{"type":"Polygon","coordinates":[[[9.1797753,45.4630733],[9.1797843,45.4630212],[9.1798488,45.4630267],[9.1798447,45.4630506],[9.1798877,45.4630542],[9.1798923,45.4630274],[9.1799306,45.4630306],[9.1800854,45.4630437],[9.180096,45.462982],[9.1801308,45.4629849],[9.1801362,45.4629541],[9.1802354,45.4629625],[9.1801954,45.4631123],[9.1799488,45.4630853],[9.1799179,45.4632476],[9.1797466,45.4632389],[9.1797753,45.4630733]]]},"properties":{"site":"milan","name":null,"category":"other","historic":null,"building":"apartments","osm_id":482904421}},{"type":"Feature","geometry":{"type":"Polygon","coordinates":[[[9.1794373,45.4631958],[9.1795962,45.4632061],[9.1796195,45.4630598],[9.1797753,45.4630733],[9.1797843,45.4630212],[9.1794804,45.4629878],[9.1794589,45.4630847],[9.1794559,45.4630986],[9.1794373,45.4631958]]]},"properties":{"site":"milan","name":null,"category":"other","historic":null,"building":"apartments","osm_id":482904433}},{"type":"Feature","geometry":{"type":"Polygon","coordinates":[[[9.1796581,45.4633311],[9.179648,45.4633952],[9.179644,45.4634107],[9.179893,45.4634233],[9.1799179,45.4632476],[9.1797466,45.4632389],[9.1797377,45.4632384],[9.1797256,45.4633252],[9.1797115,45.4633314],[9.1796581,45.4633311]]]},"properties":{"site":"milan","name":null,"category":"other","historic":null,"building":"apartments","osm_id":482904434}},{"type":"Feature","geometry":{"type":"Polygon","coordinates":[[[9.1796581,45.4633311],[9.179578,45.4633302],[9.1795962,45.4632061],[9.1794373,45.4631958],[9.1794258,45.4632784],[9.1794112,45.463384],[9.179648,45.4633952],[9.1796581,45.4633311]]]},"properties":{"site":"milan","name":null,"category":"other","historic":null,"building":"apartments","osm_id":482904435}},{"type":"Feature","geometry":{"type":"Polygon","coordinates":[[[9.1795663,45.4638274],[9.1795721,45.4638721],[9.1796478,45.4638722],[9.1796467,45.4638853],[9.1796894,45.4638886],[9.1797458,45.4638913],[9.1798806,45.4638957],[9.1799446,45.4638923],[9.1799625,45.4638306],[9.1796619,45.4638265],[9.1795663,45.4638274]]]},"properties":{"site":"milan","name":null,"category":"other","historic":null,"building":"yes","osm_id":482904437}},{"type":"Feature","geometry":{"type":"Polygon","coordinates":[[[9.1802289,45.4640647],[9.179941,45.4640661],[9.1799519,45.4640097],[9.1799518,45.4639842],[9.1799735,45.4639856],[9.1799717,45.4639491],[9.1799607,45.4639487],[9.1799725,45.4638801],[9.1800444,45.4638772],[9.1800424,45.4639534],[9.1802538,45.4639527],[9.18026,45.4639554],[9.1802289,45.4640647]]]},"properties":{"site":"milan","name":null,"category":"other","historic":null,"building":"apartments","osm_id":482904439}},{"type":"Feature","geometry":{"type":"Polygon","coordinates":[[[9.1805296,45.4634804],[9.1804743,45.4636747],[9.1806346,45.4636964],[9.1806592,45.4636024],[9.1806868,45.4635035],[9.1805296,45.4634804]]]},"properties":{"site":"milan","name":null,"category":"other","historic":null,"building":"apartments","osm_id":482904446}},{"type":"Feature","geometry":{"type":"Polygon","coordinates":[[[9.1808454,45.4637273],[9.1807624,45.4637154],[9.1807853,45.4636199],[9.180811,45.4635134],[9.1809109,45.4635175],[9.1808454,45.4637273]]]},"properties":{"site":"milan","name":null,"category":"other","historic":null,"building":"apartments","osm_id":482904447}},{"type":"Feature","geometry":{"type":"Polygon","coordinates":[[[9.1796214,45.4640103],[9.1795806,45.4640111],[9.1794064,45.4640144],[9.1794052,45.4638751],[9.1795721,45.4638721],[9.1796478,45.4638722],[9.1796467,45.4638853],[9.1796894,45.4638886],[9.1796832,45.4639242],[9.179617,45.4639153],[9.17953,45.4639213],[9.1795295,45.4639713],[9.179623,45.4639701],[9.1796239,45.4639812],[9.1796214,45.4640103]]]},"properties":{"site":"milan","name":null,"category":"other","historic":null,"building":"apartments","osm_id":482904452}},{"type":"Feature","geometry":{"type":"Polygon","coordinates":[[[9.1805709,45.4639169],[9.180457,45.4638918],[9.180306,45.4638548],[9.1803632,45.4637278],[9.1806201,45.4637794],[9.1807019,45.4637947],[9.180723,45.4637088],[9.1807624,45.4637154],[9.1808454,45.4637273],[9.1808224,45.4638192],[9.1807611,45.4639524],[9.1805709,45.4639169]]]},"properties":{"site":"milan","name":null,"category":"other","historic":null,"building":"apartments","osm_id":482904453}},{"type":"Feature","geometry":{"type":"Polygon","coordinates":[[[9.1799625,45.4638306],[9.1799446,45.4638923],[9.1799725,45.4638801],[9.1800444,45.4638772],[9.1801174,45.4638439],[9.1801519,45.4636248],[9.179996,45.4636149],[9.1799625,45.4638306]]]},"properties":{"site":"milan","name":null,"category":"other","historic":null,"building":"apartments","osm_id":482904460}},{"type":"Feature","geometry":{"type":"Polygon","coordinates":[[[9.1802289,45.4640647],[9.180504,45.4640792],[9.1805709,45.4639169],[9.180457,45.4638918],[9.180425,45.4639667],[9.18026,45.4639554],[9.1802289,45.4640647]]]},"properties":{"site":"milan","name":null,"category":"other","historic":null,"building":"apartments","osm_id":482904468}},{"type":"Feature","geometry":{"type":"Polygon","coordinates":[[[9.1795656,45.463704],[9.1793945,45.4637083],[9.1794057,45.4638602],[9.1794052,45.4638751],[9.1795721,45.4638721],[9.1795663,45.4638274],[9.1795656,45.463704]]]},"properties":{"site":"milan","name":null,"category":"other","historic":null,"building":"apartments","osm_id":482904474}},{"type":"Feature","geometry":{"type":"Polygon","coordinates":[[[9.1835805,45.4679007],[9.1835956,45.4678409],[9.1836065,45.467787],[9.1837162,45.467799],[9.1837387,45.4677006],[9.1837912,45.4677173],[9.1838348,45.4677312],[9.1838129,45.4677647],[9.1838303,45.4677665],[9.1838306,45.4677717],[9.1838205,45.4678053],[9.1838157,45.4678047],[9.1838084,45.4678358],[9.1838338,45.4678406],[9.1838559,45.467776],[9.1838571,45.4677725],[9.1839287,45.4677875],[9.1838787,45.4679329],[9.1836366,45.4679068],[9.1835805,45.4679007]]]},"properties":{"site":"milan","name":null,"category":"other","historic":null,"building":"apartments","osm_id":483744150}},{"type":"Feature","geometry":{"type":"Polygon","coordinates":[[[9.1839287,45.4677875],[9.1839608,45.467714],[9.1839829,45.4676768],[9.1840754,45.4675907],[9.1840646,45.4675851],[9.1840584,45.4675915],[9.1840489,45.4675882],[9.1840513,45.4675851],[9.1839684,45.4675582],[9.1839334,45.4675468],[9.1838995,45.4675901],[9.1838982,45.4675942],[9.1838596,45.4676457],[9.1838294,45.4676368],[9.1838281,45.4676394],[9.1837912,45.4677173],[9.1838348,45.4677312],[9.1838129,45.4677647],[9.1838303,45.4677665],[9.1838306,45.4677717],[9.1838559,45.467776],[9.1838571,45.4677725],[9.1839287,45.4677875]]]},"properties":{"site":"milan","name":null,"category":"other","historic":null,"building":"apartments","osm_id":483744154}},{"type":"Feature","geometry":{"type":"Polygon","coordinates":[[[9.1841525,45.4675132],[9.1840761,45.467491],[9.1839185,45.4674638],[9.1838948,45.4674594],[9.1838198,45.4674408],[9.1838088,45.4674853],[9.1838139,45.4674891],[9.1837731,45.4675584],[9.1837778,45.4675617],[9.183745,45.4676189],[9.1838281,45.4676394],[9.1838294,45.4676368],[9.1838596,45.4676457],[9.1838982,45.4675942],[9.1838995,45.4675901],[9.1838375,45.4675647],[9.1838731,45.4675017],[9.1838956,45.4675061],[9.1838978,45.4675017],[9.1839878,45.4675191],[9.1839684,45.4675582],[9.1840513,45.4675851],[9.1840489,45.4675882],[9.1840584,45.4675915],[9.1840646,45.4675851],[9.1840754,45.4675907],[9.1841072,45.4675571],[9.1841525,45.4675132]]]},"properties":{"site":"milan","name":null,"category":"other","historic":null,"building":"apartments","osm_id":483744155}},{"type":"Feature","geometry":{"type":"Polygon","coordinates":[[[9.1839735,45.4673017],[9.1838925,45.467248],[9.1838612,45.4672273],[9.1837963,45.4671843],[9.1836949,45.4672609],[9.1835864,45.4673429],[9.1836908,45.4674117],[9.183687,45.4674151],[9.1837024,45.4674241],[9.1837812,45.4673612],[9.1838318,45.467391],[9.1838463,45.46735],[9.1839117,45.4673494],[9.1839735,45.4673017]]]},"properties":{"site":"milan","name":"Casa Bottelli","category":"other","historic":"yes","building":"yes","osm_id":483744160}},{"type":"Feature","geometry":{"type":"Polygon","coordinates":[[[9.1840675,45.4673158],[9.1840713,45.4672824],[9.1840873,45.467252],[9.1840946,45.4671799],[9.1840799,45.4671701],[9.1839376,45.4670775],[9.1837963,45.4671843],[9.1838612,45.4672273],[9.1838853,45.4672092],[9.1838953,45.4672177],[9.1839143,45.4672298],[9.1838925,45.467248],[9.1839735,45.4673017],[9.1839908,45.4673136],[9.1840675,45.4673158]]]},"properties":{"site":"milan","name":null,"category":"other","historic":null,"building":"yes","osm_id":483744161}},{"type":"Feature","geometry":{"type":"Polygon","coordinates":[[[9.1843674,45.4673175],[9.1842996,45.467303],[9.1842688,45.4672965],[9.1842677,45.4672998],[9.184232,45.4672979],[9.1842315,45.4672996],[9.1841301,45.4672909],[9.1841297,45.467286],[9.1840713,45.4672824],[9.1840675,45.4673158],[9.1840618,45.4673541],[9.184152,45.4674162],[9.1842335,45.4674448],[9.1842694,45.4674105],[9.184355,45.467329],[9.1843674,45.4673175]]]},"properties":{"site":"milan","name":null,"category":"other","historic":null,"building":"yes","osm_id":483744162}},{"type":"Feature","geometry":{"type":"Polygon","coordinates":[[[9.1843674,45.4673175],[9.1844364,45.4672216],[9.1844262,45.4672094],[9.1843738,45.4672048],[9.1842738,45.4671959],[9.1841823,45.4671877],[9.1840946,45.4671799],[9.1840873,45.467252],[9.1840713,45.4672824],[9.1841297,45.467286],[9.1841301,45.4672909],[9.1842315,45.4672996],[9.184232,45.4672979],[9.1842386,45.4672669],[9.1843213,45.4672748],[9.1842996,45.467303],[9.1843674,45.4673175]]]},"properties":{"site":"milan","name":null,"category":"other","historic":null,"building":"yes","osm_id":483744163}},{"type":"Feature","geometry":{"type":"Polygon","coordinates":[[[9.1841939,45.4671148],[9.1842454,45.4670763],[9.184251,45.4670806],[9.1842798,45.4670601],[9.1842868,45.467022],[9.1842755,45.4670137],[9.1843723,45.4670221],[9.1843731,45.4670162],[9.1844144,45.4670196],[9.184424,45.4669618],[9.1844755,45.4669653],[9.1845719,45.4669785],[9.1845557,45.4670748],[9.1845445,45.4671409],[9.1844829,45.4671386],[9.1843928,45.4671312],[9.1842358,45.4671182],[9.1841939,45.4671148]]]},"properties":{"site":"milan","name":null,"category":"other","historic":null,"building":"yes","osm_id":483746399}},{"type":"Feature","geometry":{"type":"Polygon","coordinates":[[[9.1841939,45.4671148],[9.1840268,45.467006],[9.1841782,45.4668913],[9.1842535,45.4669428],[9.1843093,45.4669532],[9.1842977,45.4669974],[9.1842755,45.4670137],[9.1842868,45.467022],[9.1842798,45.4670601],[9.184251,45.4670806],[9.1842454,45.4670763],[9.1841939,45.4671148]]]},"properties":{"site":"milan","name":"Casa Cicchieri","category":"other","historic":"building","building":"yes","osm_id":483746402}},{"type":"Feature","geometry":{"type":"Polygon","coordinates":[[[9.1941041,45.4621836],[9.1940418,45.4622826],[9.1939002,45.4622467],[9.1939396,45.462175],[9.1939559,45.4621454],[9.1941041,45.4621836]]]},"properties":{"site":"milan","name":null,"category":"other","historic":null,"building":"yes","osm_id":484412733}},{"type":"Feature","geometry":{"type":"Polygon","coordinates":[[[9.194233,45.4622976],[9.1941341,45.4622336],[9.1940855,45.462299],[9.1941786,45.4623449],[9.194233,45.4622976]]]},"properties":{"site":"milan","name":null,"category":"other","historic":null,"building":"apartments","osm_id":484412734}},{"type":"Feature","geometry":{"type":"Polygon","coordinates":[[[9.1941041,45.4621836],[9.1939559,45.4621454],[9.1939651,45.4621286],[9.1939912,45.4620811],[9.1940014,45.4620625],[9.1941615,45.4621028],[9.1941466,45.4621325],[9.1941041,45.4621836]]]},"properties":{"site":"milan","name":null,"category":"other","historic":null,"building":"yes","osm_id":484412735}},{"type":"Feature","geometry":{"type":"Polygon","coordinates":[[[9.1940014,45.4620625],[9.1940395,45.4619907],[9.1940489,45.4619731],[9.1941444,45.4620013],[9.194131,45.4620276],[9.1941943,45.4620446],[9.1941615,45.4621028],[9.1940014,45.4620625]]]},"properties":{"site":"milan","name":null,"category":"other","historic":null,"building":"yes","osm_id":484412736}},{"type":"Feature","geometry":{"type":"Polygon","coordinates":[[[9.1944532,45.4621182],[9.1943531,45.4621999],[9.1942422,45.4621323],[9.1941615,45.4621028],[9.1941943,45.4620446],[9.194199,45.4620296],[9.1943138,45.4620862],[9.1943586,45.462044],[9.1944532,45.4621182]]]},"properties":{"site":"milan","name":null,"category":"other","historic":null,"building":"yes","osm_id":484412737}},{"type":"Feature","geometry":{"type":"Polygon","coordinates":[[[9.1943235,45.4614772],[9.1944476,45.4615056],[9.1944146,45.4615665],[9.1944662,45.4615812],[9.1945019,45.4616011],[9.1944354,45.4616265],[9.1943886,45.4616145],[9.1942658,45.4615801],[9.194272,45.461569],[9.1943235,45.4614772]]]},"properties":{"site":"milan","name":null,"category":"other","historic":null,"building":"apartments","osm_id":484412738}},{"type":"Feature","geometry":{"type":"Polygon","coordinates":[[[9.1943235,45.4614772],[9.1944476,45.4615056],[9.1945019,45.4615187],[9.1944857,45.4614689],[9.1945095,45.4614472],[9.1944378,45.461429],[9.1943624,45.461408],[9.194343,45.4614425],[9.1943235,45.4614772]]]},"properties":{"site":"milan","name":null,"category":"other","historic":null,"building":"yes","osm_id":484412740}},{"type":"Feature","geometry":{"type":"Polygon","coordinates":[[[9.1943624,45.461408],[9.1943698,45.4613948],[9.1943807,45.4613752],[9.1944036,45.4613339],[9.1944746,45.461356],[9.1944378,45.461429],[9.1943624,45.461408]]]},"properties":{"site":"milan","name":null,"category":"other","historic":null,"building":"yes","osm_id":484412741}},{"type":"Feature","geometry":{"type":"Polygon","coordinates":[[[9.1944036,45.4613339],[9.1944152,45.4613209],[9.1944729,45.4612557],[9.1945253,45.461301],[9.1944792,45.4613481],[9.1944746,45.461356],[9.1944036,45.4613339]]]},"properties":{"site":"milan","name":null,"category":"other","historic":null,"building":"apartments","osm_id":484412742}},{"type":"Feature","geometry":{"type":"Polygon","coordinates":[[[9.1944729,45.4612557],[9.1945477,45.4612085],[9.1946118,45.4613021],[9.1946722,45.4613851],[9.1945526,45.4614158],[9.1944792,45.4613481],[9.1945253,45.461301],[9.1944729,45.4612557]]]},"properties":{"site":"milan","name":null,"category":"other","historic":null,"building":"apartments","osm_id":484412743}},{"type":"Feature","geometry":{"type":"Polygon","coordinates":[[[9.1947665,45.4616859],[9.1946345,45.461724],[9.1945456,45.4615835],[9.1946729,45.4615374],[9.194734,45.4616408],[9.194747,45.4616592],[9.1947665,45.4616859]]]},"properties":{"site":"milan","name":null,"category":"other","historic":null,"building":"yes","osm_id":484412744}},{"type":"Feature","geometry":{"type":"Polygon","coordinates":[[[9.1962146,45.461515],[9.1962935,45.4614532],[9.1963082,45.4614637],[9.1963395,45.4614458],[9.1964928,45.461365],[9.1965425,45.4614112],[9.1964435,45.461466],[9.1964112,45.4614409],[9.1963881,45.4614591],[9.1964713,45.4615155],[9.1964565,45.4615268],[9.1963643,45.461591],[9.1963292,45.4615956],[9.1962393,45.4615324],[9.1962146,45.461515]]]},"properties":{"site":"milan","name":null,"category":"other","historic":null,"building":"apartments","osm_id":484414005}},{"type":"Feature","geometry":{"type":"Polygon","coordinates":[[[9.1963643,45.461591],[9.1964565,45.4615268],[9.1965249,45.4616031],[9.1965807,45.4615783],[9.1966849,45.4616899],[9.1966434,45.4617087],[9.1966524,45.4617235],[9.196558,45.4617663],[9.1964769,45.4616929],[9.1963643,45.461591]]]},"properties":{"site":"milan","name":null,"category":"other","historic":null,"building":"apartments","osm_id":484414006}},{"type":"Feature","geometry":{"type":"Polygon","coordinates":[[[9.1962946,45.4612305],[9.1962045,45.4612894],[9.1961595,45.4612604],[9.1961083,45.4612972],[9.1961469,45.4613247],[9.1960344,45.4614026],[9.1959957,45.4613803],[9.1958847,45.4613164],[9.1958877,45.4612945],[9.1961157,45.4611041],[9.1962463,45.4611756],[9.1962271,45.4611883],[9.1962946,45.4612305]]]},"properties":{"site":"milan","name":null,"category":"other","historic":null,"building":"apartments","osm_id":484414007}},{"type":"Feature","geometry":{"type":"Polygon","coordinates":[[[9.1964928,45.461365],[9.1964457,45.4613212],[9.196312,45.4613977],[9.1962458,45.4613515],[9.196334,45.4612878],[9.1963493,45.4612934],[9.1963668,45.4612929],[9.1963816,45.4612895],[9.1963913,45.4612821],[9.1963956,45.4612713],[9.1963927,45.4612547],[9.1963388,45.4612],[9.1962946,45.4612305],[9.1962045,45.4612894],[9.1961469,45.4613247],[9.1960344,45.4614026],[9.1961244,45.4614588],[9.1962146,45.461515],[9.1962935,45.4614532],[9.1962814,45.4614455],[9.1963095,45.4614249],[9.1963395,45.4614458],[9.1964928,45.461365]]]},"properties":{"site":"milan","name":null,"category":"other","historic":null,"building":"apartments","osm_id":484414008}},{"type":"Feature","geometry":{"type":"Polygon","coordinates":[[[9.1960173,45.4615604],[9.1960112,45.4616525],[9.1959628,45.4616517],[9.1959602,45.4616982],[9.195985,45.4616992],[9.1959531,45.4619997],[9.1958823,45.4619956],[9.1958813,45.4620154],[9.1957844,45.46201],[9.1958219,45.4617944],[9.195833,45.4617411],[9.1958566,45.4615899],[9.1959516,45.4615693],[9.1959819,45.4615652],[9.1960173,45.4615604]]]},"properties":{"site":"milan","name":null,"category":"other","historic":null,"building":"yes","osm_id":484414016}},{"type":"Feature","geometry":{"type":"Polygon","coordinates":[[[9.1965624,45.4618716],[9.1963783,45.4619184],[9.1963677,45.4620631],[9.1963446,45.4620634],[9.1961597,45.4620531],[9.1961755,45.4618785],[9.1962404,45.461878],[9.1963459,45.4618829],[9.19654,45.4618414],[9.1965508,45.4618559],[9.1965624,45.4618716]]]},"properties":{"site":"milan","name":null,"category":"other","historic":null,"building":"yes","osm_id":484414017}},{"type":"Feature","geometry":{"type":"Polygon","coordinates":[[[9.1821829,45.4645322],[9.1822046,45.4645271],[9.1822804,45.4644716],[9.1822516,45.4644512],[9.1822967,45.4644081],[9.1823639,45.4643634],[9.1823904,45.4643295],[9.1823863,45.4642877],[9.1823568,45.4642689],[9.1822951,45.4642891],[9.182125,45.4644283],[9.182029,45.4643706],[9.1821991,45.4642314],[9.1821443,45.4641894],[9.1820184,45.4642984],[9.1819457,45.4642804],[9.1819506,45.4643914],[9.1819525,45.4644504],[9.1820878,45.4645048],[9.1821296,45.4645196],[9.1821401,45.464504],[9.1821829,45.4645322]]]},"properties":{"site":"milan","name":null,"category":"other","historic":null,"building":"yes","osm_id":485732916}},{"type":"Feature","geometry":{"type":"Polygon","coordinates":[[[9.1822049,45.4641097],[9.1823144,45.4641365],[9.182301,45.4641781],[9.182398,45.464187],[9.1824715,45.4641918],[9.1824896,45.4642009],[9.1824427,45.4642404],[9.1824145,45.4642228],[9.1823971,45.4642416],[9.1824249,45.4642553],[9.1823863,45.4642877],[9.1823568,45.4642689],[9.1822951,45.4642891],[9.1821991,45.4642314],[9.1821443,45.4641894],[9.1821503,45.4641624],[9.1821806,45.464165],[9.1822049,45.4641097]]]},"properties":{"site":"milan","name":null,"category":"other","historic":null,"building":"yes","osm_id":485732917}},{"type":"Feature","geometry":{"type":"Polygon","coordinates":[[[9.182427,45.4644315],[9.1823862,45.4644668],[9.1822967,45.4644081],[9.1822516,45.4644512],[9.1822804,45.4644716],[9.1822046,45.4645271],[9.182311,45.4646095],[9.1825091,45.4644909],[9.182427,45.4644315]]]},"properties":{"site":"milan","name":null,"category":"other","historic":null,"building":"apartments","osm_id":485732918}},{"type":"Feature","geometry":{"type":"Polygon","coordinates":[[[9.1825249,45.4641084],[9.1825679,45.4641344],[9.1826277,45.4641584],[9.1827149,45.4641988],[9.1828372,45.4642866],[9.1827257,45.4643586],[9.1825386,45.4642505],[9.1825513,45.4642322],[9.1824896,45.4642009],[9.1824715,45.4641918],[9.182398,45.464187],[9.1824684,45.4640877],[9.1825249,45.4641084]]]},"properties":{"site":"milan","name":null,"category":"other","historic":null,"building":"apartments","osm_id":485732919}},{"type":"Feature","geometry":{"type":"Polygon","coordinates":[[[9.1828372,45.4642866],[9.1827149,45.4641988],[9.1827672,45.4641631],[9.1826559,45.4641264],[9.1826277,45.4641584],[9.1825679,45.4641344],[9.1825249,45.4641084],[9.1825714,45.4640286],[9.1826143,45.4639759],[9.182674,45.4639994],[9.1826814,45.4639881],[9.1827739,45.464037],[9.1827377,45.4640808],[9.1828651,45.4641127],[9.1829784,45.464188],[9.1828372,45.4642866]]]},"properties":{"site":"milan","name":null,"category":"other","historic":null,"building":"apartments","osm_id":485732920}},{"type":"Feature","geometry":{"type":"Polygon","coordinates":[[[9.182045,45.4639432],[9.1820004,45.4640461],[9.1819913,45.46407],[9.1821212,45.464098],[9.1822049,45.4641097],[9.1823144,45.4641365],[9.1823327,45.4640796],[9.1821704,45.4640451],[9.1821989,45.4639719],[9.182045,45.4639432]]]},"properties":{"site":"milan","name":null,"category":"other","historic":null,"building":"yes","osm_id":485732921}},{"type":"Feature","geometry":{"type":"Polygon","coordinates":[[[9.1825309,45.4639337],[9.1824256,45.4638954],[9.1824304,45.4638886],[9.1822609,45.4638336],[9.1822414,45.463836],[9.1821282,45.4638052],[9.182045,45.4639432],[9.1821989,45.4639719],[9.1822156,45.4639457],[9.1823523,45.4639903],[9.1823342,45.4640218],[9.1824402,45.4640474],[9.1824934,45.4639851],[9.1825309,45.4639337]]]},"properties":{"site":"milan","name":null,"category":"other","historic":null,"building":"apartments","osm_id":485732922}},{"type":"Feature","geometry":{"type":"Polygon","coordinates":[[[9.182398,45.464187],[9.1824684,45.4640877],[9.1824234,45.4640705],[9.1823977,45.4641005],[9.1823327,45.4640796],[9.1823144,45.4641365],[9.182301,45.4641781],[9.182398,45.464187]]]},"properties":{"site":"milan","name":null,"category":"other","historic":null,"building":"yes","osm_id":485732924}},{"type":"Feature","geometry":{"type":"Polygon","coordinates":[[[9.1829784,45.464188],[9.1828651,45.4641127],[9.1827377,45.4640808],[9.1827739,45.464037],[9.1827873,45.4640177],[9.182841,45.4640391],[9.1829295,45.4640742],[9.1829811,45.4640061],[9.183106,45.4640723],[9.1829784,45.464188]]]},"properties":{"site":"milan","name":null,"category":"other","historic":null,"building":"apartments","osm_id":485732925}},{"type":"Feature","geometry":{"type":"Polygon","coordinates":[[[9.1829161,45.4639467],[9.1830056,45.4638541],[9.1830495,45.4638272],[9.1832651,45.4639334],[9.1831489,45.464041],[9.183106,45.4640723],[9.1829811,45.4640061],[9.1829047,45.4639637],[9.1829161,45.4639467]]]},"properties":{"site":"milan","name":null,"category":"other","historic":null,"building":"apartments","osm_id":485732926}},{"type":"Feature","geometry":{"type":"Polygon","coordinates":[[[9.1846441,45.470352],[9.1845118,45.4703096],[9.184449,45.4702922],[9.1844252,45.4703414],[9.1844646,45.4703517],[9.1846263,45.4703942],[9.1846392,45.4703637],[9.1846441,45.470352]]]},"properties":{"site":"milan","name":null,"category":"other","historic":null,"building":"apartments","osm_id":485734233}},{"type":"Feature","geometry":{"type":"Polygon","coordinates":[[[9.1843124,45.4701941],[9.1843323,45.4701975],[9.1843145,45.4702517],[9.184388,45.4702674],[9.1844138,45.4702132],[9.1844272,45.4702074],[9.1845478,45.4702352],[9.1845118,45.4703096],[9.1846441,45.470352],[9.184675,45.470292],[9.184731,45.4701831],[9.1847304,45.4701745],[9.184356,45.470091],[9.1843476,45.4701072],[9.1843344,45.4701368],[9.1843767,45.4701438],[9.1843673,45.4701686],[9.1843258,45.4701608],[9.1843124,45.4701941]]]},"properties":{"site":"milan","name":null,"category":"other","historic":null,"building":"apartments","osm_id":485734234}},{"type":"Feature","geometry":{"type":"Polygon","coordinates":[[[9.1848922,45.4698747],[9.1847756,45.4698422],[9.1847587,45.4698407],[9.1847279,45.4698995],[9.1846796,45.4698891],[9.1847054,45.4698341],[9.1846437,45.4698154],[9.1845871,45.4698995],[9.1846919,45.469919],[9.1848558,45.4699497],[9.1848749,45.4699103],[9.1848922,45.4698747]]]},"properties":{"site":"milan","name":null,"category":"other","historic":null,"building":"yes","osm_id":485734235}},{"type":"Feature","geometry":{"type":"Polygon","coordinates":[[[9.1848922,45.4698747],[9.1849221,45.4698083],[9.1849402,45.4697726],[9.1847425,45.4697144],[9.1847498,45.4697043],[9.1847331,45.4696963],[9.1847082,45.469734],[9.1846935,45.4697528],[9.1848035,45.4697824],[9.184792,45.4698046],[9.1846703,45.4697731],[9.1846437,45.4698154],[9.1847054,45.4698341],[9.1847587,45.4698407],[9.1847756,45.4698422],[9.1848922,45.4698747]]]},"properties":{"site":"milan","name":null,"category":"other","historic":null,"building":"yes","osm_id":485734236}},{"type":"Feature","geometry":{"type":"Polygon","coordinates":[[[9.1844901,45.4700767],[9.1845745,45.4700955],[9.1847637,45.4701376],[9.1848558,45.4699497],[9.1846919,45.469919],[9.184673,45.4699604],[9.1846972,45.4699644],[9.1846715,45.4700144],[9.1845104,45.469981],[9.1845079,45.4699985],[9.1845262,45.470002],[9.1844901,45.4700767]]]},"properties":{"site":"milan","name":null,"category":"other","historic":null,"building":"yes","osm_id":485734239}},{"type":"Feature","geometry":{"type":"Polygon","coordinates":[[[9.1845787,45.4696634],[9.1844756,45.4697248],[9.1843782,45.4697827],[9.1844797,45.4698629],[9.1846297,45.469774],[9.1846014,45.4697507],[9.1846269,45.4697372],[9.1846935,45.4697528],[9.1847082,45.469734],[9.1846672,45.4697013],[9.1845787,45.4696634]]]},"properties":{"site":"milan","name":null,"category":"other","historic":null,"building":"apartments","osm_id":485734243}},{"type":"Feature","geometry":{"type":"Polygon","coordinates":[[[9.1847277,45.4695228],[9.1847456,45.4695113],[9.1847945,45.46948],[9.1848953,45.469531],[9.1849177,45.4695393],[9.184922,45.4695324],[9.1849457,45.4695418],[9.1850474,45.4695676],[9.185005,45.4696441],[9.1849105,45.4696216],[9.1849254,45.4695892],[9.1848846,45.4695819],[9.184869,45.4695916],[9.1847277,45.4695228]]]},"properties":{"site":"milan","name":null,"category":"other","historic":null,"building":"apartments","osm_id":485734245}},{"type":"Feature","geometry":{"type":"Polygon","coordinates":[[[9.1847945,45.46948],[9.1848953,45.469531],[9.1849311,45.4694978],[9.1849632,45.4695106],[9.1849457,45.4695418],[9.1850474,45.4695676],[9.1851497,45.4693607],[9.185061,45.4693444],[9.1849724,45.469328],[9.1849074,45.4693992],[9.1848961,45.4694116],[9.1847945,45.46948]]]},"properties":{"site":"milan","name":null,"category":"other","historic":null,"building":"apartments","osm_id":485734253}},{"type":"Feature","geometry":{"type":"Polygon","coordinates":[[[9.1849873,45.4672873],[9.1850216,45.4672058],[9.1850611,45.4670978],[9.1851688,45.4671234],[9.1851336,45.4672095],[9.1852931,45.4672422],[9.1853744,45.4670662],[9.1854589,45.4670848],[9.1854529,45.467101],[9.1854318,45.4671481],[9.1853744,45.4672918],[9.1854512,45.4673085],[9.1854913,45.467232],[9.185549,45.4672457],[9.1854786,45.4674298],[9.1854082,45.4674091],[9.1852391,45.4673605],[9.1851759,45.4673424],[9.1850389,45.467301],[9.1849873,45.4672873]]]},"properties":{"site":"milan","name":null,"category":"other","historic":null,"building":"yes","osm_id":485735880}},{"type":"Feature","geometry":{"type":"Polygon","coordinates":[[[9.1854786,45.4674298],[9.185549,45.4672457],[9.1854913,45.467232],[9.1854595,45.4672246],[9.1854682,45.4671998],[9.1855389,45.4672148],[9.1855565,45.4671749],[9.1857172,45.4672109],[9.1856171,45.4674587],[9.1854786,45.4674298]]]},"properties":{"site":"milan","name":null,"category":"other","historic":null,"building":"yes","osm_id":485735882}},{"type":"Feature","geometry":{"type":"Polygon","coordinates":[[[9.184517,45.4707527],[9.1847388,45.470803],[9.1847213,45.470846],[9.1846714,45.4708361],[9.1846098,45.4708241],[9.1845856,45.4708784],[9.1845759,45.4709102],[9.1844387,45.4708863],[9.1844447,45.47087],[9.1844826,45.4708086],[9.184517,45.4707527]]]},"properties":{"site":"milan","name":null,"category":"other","historic":null,"building":"apartments","osm_id":487184977}},{"type":"Feature","geometry":{"type":"Polygon","coordinates":[[[9.1849158,45.4707294],[9.1849225,45.4707862],[9.1849291,45.4708422],[9.1848207,45.4708257],[9.1847963,45.4708197],[9.1847388,45.470803],[9.184517,45.4707527],[9.184536,45.4707231],[9.1845422,45.4707135],[9.1847049,45.4707523],[9.1847719,45.4707682],[9.1847652,45.4707354],[9.1849158,45.4707294]]]},"properties":{"site":"milan","name":null,"category":"other","historic":null,"building":"apartments","osm_id":487184978}},{"type":"Feature","geometry":{"type":"Polygon","coordinates":[[[9.1847978,45.4710216],[9.1847449,45.4710047],[9.1846534,45.4710048],[9.1845575,45.4709978],[9.18441,45.4709786],[9.1844248,45.4709312],[9.1844387,45.4708863],[9.1845759,45.4709102],[9.1845856,45.4708784],[9.1846496,45.4708977],[9.184738,45.4709205],[9.1847219,45.4709675],[9.1847872,45.4709805],[9.1848079,45.4709851],[9.1847978,45.4710216]]]},"properties":{"site":"milan","name":null,"category":"other","historic":null,"building":"apartments","osm_id":487184979}},{"type":"Feature","geometry":{"type":"Polygon","coordinates":[[[9.18441,45.4709786],[9.1845575,45.4709978],[9.1845529,45.4710258],[9.1846502,45.4710367],[9.1846534,45.4710048],[9.1847449,45.4710047],[9.1847978,45.4710216],[9.1848159,45.4710238],[9.1848005,45.4710814],[9.1846094,45.4710608],[9.1845678,45.4710579],[9.1843949,45.4710435],[9.1844004,45.4710119],[9.1844056,45.4709937],[9.18441,45.4709786]]]},"properties":{"site":"milan","name":null,"category":"other","historic":null,"building":"apartments","osm_id":487184980}},{"type":"Feature","geometry":{"type":"Polygon","coordinates":[[[9.1843708,45.4711839],[9.1843729,45.4711582],[9.1843745,45.4711482],[9.1843829,45.4710929],[9.1847036,45.4711235],[9.1847051,45.4711415],[9.1847935,45.4711431],[9.1847936,45.471127],[9.1848244,45.4711286],[9.1848223,45.471224],[9.1846481,45.4712036],[9.1845392,45.4711977],[9.1843708,45.4711839]]]},"properties":{"site":"milan","name":null,"category":"other","historic":null,"building":"yes","osm_id":487184982}},{"type":"Feature","geometry":{"type":"Polygon","coordinates":[[[9.1849061,45.4706233],[9.1849087,45.4706708],[9.1849088,45.4706811],[9.1847976,45.4706781],[9.1847999,45.4706553],[9.1847452,45.4706559],[9.184737,45.4706766],[9.1847195,45.4706769],[9.1847185,45.4706879],[9.1845815,45.4706544],[9.184628,45.4705775],[9.1847563,45.470608],[9.1849061,45.4706233]]]},"properties":{"site":"milan","name":null,"category":"other","historic":null,"building":"apartments","osm_id":487184983}},{"type":"Feature","geometry":{"type":"Polygon","coordinates":[[[9.1845422,45.4707135],[9.1845815,45.4706544],[9.1847185,45.4706879],[9.1847195,45.4706769],[9.184737,45.4706766],[9.1847976,45.4706781],[9.1849088,45.4706811],[9.18491,45.4706897],[9.1849158,45.4707294],[9.1847652,45.4707354],[9.1847673,45.4707023],[9.1847253,45.4707018],[9.1847049,45.4707523],[9.1845422,45.4707135]]]},"properties":{"site":"milan","name":null,"category":"other","historic":null,"building":"apartments","osm_id":487184984}},{"type":"Feature","geometry":{"type":"Polygon","coordinates":[[[9.1849634,45.4715299],[9.1850052,45.4713936],[9.1850727,45.4713946],[9.1851085,45.4713963],[9.1851504,45.4713967],[9.1851508,45.4714296],[9.1851323,45.471429],[9.1851301,45.4714529],[9.1851172,45.4715561],[9.1850236,45.4715402],[9.1849634,45.4715299]]]},"properties":{"site":"milan","name":null,"category":"other","historic":null,"building":"yes","osm_id":487184988}},{"type":"Feature","geometry":{"type":"Polygon","coordinates":[[[9.1851172,45.4715561],[9.1851301,45.4714529],[9.1851894,45.4714554],[9.1851886,45.4714287],[9.1851508,45.4714296],[9.1851504,45.4713967],[9.185268,45.4713881],[9.1852907,45.4714181],[9.1852976,45.4714272],[9.1852306,45.4714231],[9.1852547,45.4715794],[9.1851172,45.4715561]]]},"properties":{"site":"milan","name":null,"category":"other","historic":null,"building":"yes","osm_id":487184989}},{"type":"Feature","geometry":{"type":"Polygon","coordinates":[[[9.185268,45.4713881],[9.1851504,45.4713967],[9.1851085,45.4713963],[9.1851116,45.4713714],[9.1850723,45.4713706],[9.1850727,45.4713946],[9.1850052,45.4713936],[9.1850082,45.4713781],[9.1850125,45.4713447],[9.1852344,45.4713438],[9.1852587,45.4713759],[9.185268,45.4713881]]]},"properties":{"site":"milan","name":null,"category":"other","historic":null,"building":"apartments","osm_id":487184990}},{"type":"Feature","geometry":{"type":"Polygon","coordinates":[[[9.1851811,45.4712783],[9.1850027,45.4712826],[9.1850007,45.4713438],[9.1850125,45.4713447],[9.1852344,45.4713438],[9.1852098,45.4713136],[9.1851811,45.4712783]]]},"properties":{"site":"milan","name":null,"category":"other","historic":null,"building":"apartments","osm_id":487184991}},{"type":"Feature","geometry":{"type":"Polygon","coordinates":[[[9.184628,45.4705775],[9.1847563,45.470608],[9.1849061,45.4706233],[9.1849094,45.4705789],[9.1849101,45.470569],[9.1848236,45.4705609],[9.1848184,45.4705929],[9.1847716,45.4705859],[9.1847844,45.4705568],[9.1846672,45.4705203],[9.1846417,45.470555],[9.184628,45.4705775]]]},"properties":{"site":"milan","name":null,"category":"other","historic":null,"building":"apartments","osm_id":487184992}},{"type":"Feature","geometry":{"type":"Polygon","coordinates":[[[9.1846672,45.4705203],[9.1847904,45.4703384],[9.1849155,45.4704062],[9.1849145,45.4704378],[9.1849119,45.4705136],[9.1849101,45.470569],[9.1848236,45.4705609],[9.1847844,45.4705568],[9.1846672,45.4705203]]]},"properties":{"site":"milan","name":null,"category":"other","historic":null,"building":"apartments","osm_id":487184993}},{"type":"Feature","geometry":{"type":"Polygon","coordinates":[[[9.1958118,45.4671963],[9.195804,45.4671364],[9.195687,45.46714],[9.1956827,45.4671022],[9.1955618,45.4671056],[9.1955498,45.4669961],[9.1961867,45.4669704],[9.1961874,45.4670849],[9.1960698,45.4670882],[9.1960678,45.467119],[9.1959428,45.4671219],[9.1959437,45.4671657],[9.1959342,45.467171],[9.1959389,45.4672194],[9.1959171,45.4672381],[9.1958511,45.4672039],[9.1958118,45.4671963]]]},"properties":{"site":"milan","name":null,"category":"other","historic":null,"building":"apartments","osm_id":487189529}},{"type":"Feature","geometry":{"type":"Polygon","coordinates":[[[9.1951065,45.4673124],[9.1952457,45.4673476],[9.1953105,45.4672215],[9.1953005,45.4672115],[9.1953141,45.4671893],[9.1951818,45.4671621],[9.1951461,45.4672374],[9.1951065,45.4673124]]]},"properties":{"site":"milan","name":null,"category":"other","historic":null,"building":"apartments","osm_id":487189530}},{"type":"Feature","geometry":{"type":"Polygon","coordinates":[[[9.1954033,45.4678135],[9.1952441,45.4677211],[9.1951906,45.4677633],[9.1952866,45.4678199],[9.195268,45.467839],[9.195353,45.4678885],[9.1952958,45.4679375],[9.1951125,45.4678348],[9.1951072,45.4678398],[9.1950005,45.4679239],[9.1952947,45.4681005],[9.1955014,45.467921],[9.1955319,45.4678945],[9.1954033,45.4678135]]]},"properties":{"site":"milan","name":null,"category":"other","historic":null,"building":"apartments","osm_id":487189538}},{"type":"Feature","geometry":{"type":"Polygon","coordinates":[[[9.1995751,45.46932],[9.1994348,45.4693826],[9.1994589,45.4694118],[9.1993234,45.4694665],[9.1992432,45.469499],[9.1991689,45.469416],[9.1992699,45.4693563],[9.1993463,45.4694043],[9.1993879,45.4693855],[9.1993195,45.4693168],[9.1993785,45.4692961],[9.1995118,45.4692381],[9.1995309,45.4692628],[9.1995751,45.46932]]]},"properties":{"site":"milan","name":null,"category":"other","historic":null,"building":"apartments","osm_id":487194779}},{"type":"Feature","geometry":{"type":"Polygon","coordinates":[[[9.1995118,45.4692381],[9.1993785,45.4692961],[9.1993503,45.4692604],[9.1992363,45.469314],[9.1992699,45.4693563],[9.1991689,45.469416],[9.1991118,45.4693521],[9.1991398,45.4693403],[9.1990938,45.4693047],[9.1994502,45.4691522],[9.1994939,45.4692131],[9.1995118,45.4692381]]]},"properties":{"site":"milan","name":null,"category":"other","historic":null,"building":"apartments","osm_id":487194780}},{"type":"Feature","geometry":{"type":"Polygon","coordinates":[[[9.1993087,45.4698172],[9.1993185,45.4698377],[9.1995166,45.4698963],[9.1995396,45.4698844],[9.1994677,45.4698068],[9.1994924,45.4697953],[9.1994756,45.4697782],[9.1994382,45.4697579],[9.1993892,45.4697805],[9.1993087,45.4698172]]]},"properties":{"site":"milan","name":null,"category":"other","historic":null,"building":"yes","osm_id":487194787}},{"type":"Feature","geometry":{"type":"Polygon","coordinates":[[[9.1999255,45.4696869],[9.1999793,45.469748],[9.2000069,45.4697785],[9.1999102,45.4698247],[9.1998673,45.4698473],[9.1996463,45.4699428],[9.1995615,45.4698665],[9.1996771,45.469813],[9.1997305,45.4698567],[9.1998003,45.4698237],[9.1997537,45.4697776],[9.1999255,45.4696869]]]},"properties":{"site":"milan","name":null,"category":"other","historic":null,"building":"apartments","osm_id":487194790}},{"type":"Feature","geometry":{"type":"Polygon","coordinates":[[[9.2000069,45.4697785],[9.200116,45.4698915],[9.2002191,45.470001],[9.2002148,45.4700312],[9.2001999,45.4700288],[9.2000701,45.4700407],[9.1999424,45.4699065],[9.1997312,45.4699869],[9.1996463,45.4699428],[9.1998673,45.4698473],[9.1998861,45.4698642],[9.199933,45.4698454],[9.1999102,45.4698247],[9.2000069,45.4697785]]]},"properties":{"site":"milan","name":null,"category":"other","historic":null,"building":"apartments","osm_id":487194791}},{"type":"Feature","geometry":{"type":"Polygon","coordinates":[[[9.1993836,45.4701151],[9.1992725,45.470087],[9.1991604,45.470056],[9.1992111,45.4699677],[9.1992341,45.4699737],[9.199249,45.4699477],[9.1992269,45.4699404],[9.199251,45.4698947],[9.1994761,45.4699559],[9.1994372,45.4700253],[9.1994236,45.4700497],[9.1993836,45.4701151]]]},"properties":{"site":"milan","name":null,"category":"other","historic":null,"building":"apartments","osm_id":487194797}},{"type":"Feature","geometry":{"type":"Polygon","coordinates":[[[9.1989715,45.4697523],[9.1991151,45.4696288],[9.1991922,45.4697038],[9.1991056,45.4697472],[9.1990586,45.4697707],[9.1989715,45.4697523]]]},"properties":{"site":"milan","name":null,"category":"other","historic":null,"building":"yes","osm_id":487194801}},{"type":"Feature","geometry":{"type":"Polygon","coordinates":[[[9.1989385,45.4699919],[9.1989005,45.4699814],[9.1987353,45.4699357],[9.1985333,45.4698799],[9.1986225,45.4698065],[9.1986657,45.4698369],[9.1987488,45.4697889],[9.1989192,45.469836],[9.1989715,45.4697523],[9.1990586,45.4697707],[9.1989385,45.4699919]]]},"properties":{"site":"milan","name":null,"category":"other","historic":null,"building":"apartments","osm_id":487194803}},{"type":"Feature","geometry":{"type":"Polygon","coordinates":[[[9.1987319,45.4696608],[9.1986531,45.4697313],[9.1986746,45.4697447],[9.1986425,45.4697699],[9.1986325,45.469764],[9.1985975,45.4697915],[9.1986225,45.4698065],[9.1985333,45.4698799],[9.1984195,45.4698116],[9.1983595,45.4697755],[9.1985791,45.4695812],[9.1987319,45.4696608]]]},"properties":{"site":"milan","name":null,"category":"other","historic":null,"building":"apartments","osm_id":487194804}},{"type":"Feature","geometry":{"type":"Polygon","coordinates":[[[9.1985791,45.4695812],[9.1988033,45.4693791],[9.198921,45.4694458],[9.1989487,45.4694669],[9.1988729,45.4695347],[9.1988895,45.4695439],[9.1988417,45.4695867],[9.198825,45.4695775],[9.1987319,45.4696608],[9.1985791,45.4695812]]]},"properties":{"site":"milan","name":null,"category":"other","historic":null,"building":"apartments","osm_id":487194805}},{"type":"Feature","geometry":{"type":"Polygon","coordinates":[[[9.2002148,45.4700312],[9.200193,45.4700834],[9.2001524,45.470156],[9.2000987,45.4702643],[9.2001087,45.4702667],[9.200102,45.4702789],[9.2000868,45.4702927],[9.2000658,45.4703016],[9.200047,45.4703026],[9.200024,45.4702973],[9.2000291,45.4702914],[9.1999378,45.4702716],[9.1999836,45.4701663],[9.1997946,45.4701214],[9.1997506,45.4702195],[9.1996028,45.4701795],[9.199693,45.4700337],[9.1997617,45.4700537],[9.1998144,45.4700705],[9.1998895,45.4700233],[9.1999558,45.4699827],[9.1999947,45.4700156],[9.1999652,45.4700485],[9.2000417,45.4700692],[9.200047,45.4700429],[9.2000701,45.4700407],[9.2001999,45.4700288],[9.2002148,45.4700312]]]},"properties":{"site":"milan","name":null,"category":"other","historic":null,"building":"apartments","osm_id":487194808}},{"type":"Feature","geometry":{"type":"Polygon","coordinates":[[[9.1866784,45.4672076],[9.186772,45.4672305],[9.1867303,45.467283],[9.1867026,45.4673148],[9.1867539,45.4673319],[9.1867397,45.4673476],[9.1868501,45.4673856],[9.1868664,45.4673649],[9.1869872,45.467212],[9.1870043,45.4671903],[9.1868648,45.4671351],[9.1868321,45.4671818],[9.1867515,45.4671566],[9.1867799,45.4671119],[9.1867879,45.467096],[9.1867062,45.4670771],[9.186673,45.4671369],[9.1867033,45.4671447],[9.1866849,45.4671795],[9.1866723,45.4672055],[9.1866784,45.4672076]]]},"properties":{"site":"milan","name":null,"category":"other","historic":null,"building":"yes","osm_id":487197902}},{"type":"Feature","geometry":{"type":"Polygon","coordinates":[[[9.1868501,45.4673856],[9.186837,45.4674021],[9.1867801,45.467468],[9.1866516,45.4674203],[9.1866633,45.4674082],[9.1866852,45.4673771],[9.1866519,45.4673665],[9.1867026,45.4673148],[9.1867539,45.4673319],[9.1867397,45.4673476],[9.1868501,45.4673856]]]},"properties":{"site":"milan","name":null,"category":"other","historic":null,"building":"yes","osm_id":487197904}},{"type":"Feature","geometry":{"type":"Polygon","coordinates":[[[9.1861106,45.4673939],[9.1859899,45.4673648],[9.185861,45.4673337],[9.1859102,45.4671972],[9.1860241,45.4672211],[9.1860035,45.467287],[9.1860333,45.4672934],[9.1860213,45.4673188],[9.1860646,45.4673278],[9.1860759,45.467301],[9.1861473,45.4673178],[9.1861106,45.4673939]]]},"properties":{"site":"milan","name":null,"category":"other","historic":null,"building":"yes","osm_id":487197909}},{"type":"Feature","geometry":{"type":"Polygon","coordinates":[[[9.1867859,45.4661503],[9.1867657,45.4662394],[9.1867443,45.4662591],[9.1864988,45.4662337],[9.1864739,45.4663053],[9.1862957,45.4662722],[9.1863666,45.4660991],[9.1865757,45.4661246],[9.1867859,45.4661503]]]},"properties":{"site":"milan","name":null,"category":"other","historic":null,"building":"apartments","osm_id":487197939}},{"type":"Feature","geometry":{"type":"Polygon","coordinates":[[[9.1864667,45.4663259],[9.1867322,45.4663739],[9.1867443,45.4662591],[9.1864988,45.4662337],[9.1864739,45.4663053],[9.1864667,45.4663259]]]},"properties":{"site":"milan","name":null,"category":"other","historic":null,"building":"yes","osm_id":487197940}},{"type":"Feature","geometry":{"type":"Polygon","coordinates":[[[9.1862957,45.4662722],[9.1864739,45.4663053],[9.1864667,45.4663259],[9.1867322,45.4663739],[9.1866839,45.4665018],[9.1864197,45.4664454],[9.1863902,45.4665281],[9.1865257,45.4665545],[9.1865169,45.4665709],[9.1864995,45.466602],[9.186415,45.4665926],[9.1861823,45.466549],[9.1862957,45.4662722]]]},"properties":{"site":"milan","name":null,"category":"other","historic":null,"building":"apartments","osm_id":487197941}},{"type":"Feature","geometry":{"type":"Polygon","coordinates":[[[9.1861823,45.466549],[9.186415,45.4665926],[9.1864043,45.4666302],[9.1863547,45.4668042],[9.1862789,45.4667727],[9.1861075,45.4667314],[9.1861531,45.4666201],[9.1861823,45.466549]]]},"properties":{"site":"milan","name":null,"category":"other","historic":null,"building":"apartments","osm_id":487197943}},{"type":"Feature","geometry":{"type":"Polygon","coordinates":[[[9.1842044,45.471573],[9.1842321,45.4715099],[9.1842391,45.4714938],[9.1843728,45.4715301],[9.1843575,45.4715578],[9.1844224,45.4715744],[9.1843999,45.4716126],[9.184384,45.4716109],[9.1842044,45.471573]]]},"properties":{"site":"milan","name":null,"category":"other","historic":null,"building":"apartments","osm_id":488921949}},{"type":"Feature","geometry":{"type":"Polygon","coordinates":[[[9.1844642,45.4716516],[9.1844346,45.4716416],[9.1844406,45.4716251],[9.1843999,45.4716126],[9.1844224,45.4715744],[9.184495,45.4715939],[9.18455,45.471537],[9.1847015,45.4715751],[9.1846804,45.471658],[9.1845441,45.4716251],[9.1845282,45.4716559],[9.1845269,45.471667],[9.1844642,45.4716516]]]},"properties":{"site":"milan","name":null,"category":"other","historic":null,"building":"yes","osm_id":488921950}},{"type":"Feature","geometry":{"type":"Polygon","coordinates":[[[9.1846349,45.4717821],[9.1844198,45.4717288],[9.184443,45.4716866],[9.1844642,45.4716516],[9.1845269,45.471667],[9.1845282,45.4716559],[9.1846715,45.4716891],[9.1846349,45.4717821]]]},"properties":{"site":"milan","name":null,"category":"other","historic":null,"building":"yes","osm_id":488921951}},{"type":"Feature","geometry":{"type":"Polygon","coordinates":[[[9.1850397,45.4715864],[9.1849852,45.4718581],[9.1849275,45.4718454],[9.184772,45.4718111],[9.1847879,45.4717543],[9.1848734,45.4717745],[9.1848945,45.4716951],[9.1849739,45.4717004],[9.1849826,45.4716758],[9.1848145,45.4716536],[9.1848421,45.4715517],[9.1848906,45.4715605],[9.1850397,45.4715864]]]},"properties":{"site":"milan","name":null,"category":"other","historic":null,"building":"apartments","osm_id":488921952}},{"type":"Feature","geometry":{"type":"Polygon","coordinates":[[[9.1847159,45.4715256],[9.1847015,45.4715751],[9.18455,45.471537],[9.1845106,45.4715281],[9.1844928,45.4715241],[9.1845084,45.471489],[9.1846827,45.4715197],[9.1847159,45.4715256]]]},"properties":{"site":"milan","name":null,"category":"other","historic":null,"building":"apartments","osm_id":488921953}},{"type":"Feature","geometry":{"type":"Polygon","coordinates":[[[9.1842391,45.4714938],[9.1843728,45.4715301],[9.1844956,45.4715597],[9.1845106,45.4715281],[9.1844928,45.4715241],[9.1845084,45.471489],[9.1844505,45.4714782],[9.1842647,45.4714433],[9.1842391,45.4714938]]]},"properties":{"site":"milan","name":null,"category":"other","historic":null,"building":"apartments","osm_id":488921954}},{"type":"Feature","geometry":{"type":"Polygon","coordinates":[[[9.1850397,45.4715864],[9.1850832,45.4715954],[9.1852084,45.4716212],[9.1851742,45.4717309],[9.1851864,45.471733],[9.1851734,45.4717817],[9.1851403,45.4718842],[9.1850256,45.4718649],[9.1849852,45.4718581],[9.1850397,45.4715864]]]},"properties":{"site":"milan","name":null,"category":"other","historic":null,"building":"yes","osm_id":488921955}},{"type":"Feature","geometry":{"type":"Polygon","coordinates":[[[9.1854834,45.4716838],[9.1855254,45.471687],[9.1855428,45.4718481],[9.185554,45.4719513],[9.1854434,45.4719334],[9.1854534,45.4718159],[9.1854834,45.4716838]]]},"properties":{"site":"milan","name":null,"category":"other","historic":null,"building":"yes","osm_id":488921956}},{"type":"Feature","geometry":{"type":"Polygon","coordinates":[[[9.1843126,45.4717232],[9.1844073,45.471752],[9.1843829,45.471806],[9.184302,45.4717859],[9.1843064,45.4717738],[9.1843162,45.4717759],[9.1843197,45.4717643],[9.1842973,45.4717611],[9.1843126,45.4717232]]]},"properties":{"site":"milan","name":null,"category":"other","historic":null,"building":"yes","osm_id":488921958}},{"type":"Feature","geometry":{"type":"Polygon","coordinates":[[[9.1846149,45.4719022],[9.184541,45.4720561],[9.1844693,45.4720381],[9.1844593,45.4720629],[9.1844001,45.4721875],[9.1847346,45.4722667],[9.1848503,45.472294],[9.184894,45.4722007],[9.1848398,45.4721844],[9.1849464,45.4719635],[9.1849917,45.4719743],[9.1850194,45.4719033],[9.1846531,45.4718224],[9.1846149,45.4719022]]]},"properties":{"site":"milan","name":"Palazzo della Gondrand","category":"other","historic":null,"building":"office","osm_id":488921959}},{"type":"Feature","geometry":{"type":"Polygon","coordinates":[[[9.1872824,45.4697111],[9.187361,45.4697217],[9.1873766,45.4696615],[9.1874576,45.4696727],[9.1875404,45.4694035],[9.1873765,45.4693836],[9.1872824,45.4697111]]]},"properties":{"site":"milan","name":null,"category":"other","historic":null,"building":"apartments","osm_id":488923211}},{"type":"Feature","geometry":{"type":"Polygon","coordinates":[[[9.1875303,45.4699173],[9.1875655,45.4698087],[9.187425,45.4697845],[9.1874444,45.4697152],[9.1875857,45.4697374],[9.1876028,45.4696976],[9.1874576,45.4696727],[9.1873766,45.4696615],[9.187361,45.4697217],[9.1872824,45.4697111],[9.1872166,45.4698674],[9.1873002,45.4698873],[9.1875303,45.4699173]]]},"properties":{"site":"milan","name":null,"category":"other","historic":null,"building":"apartments","osm_id":488923238}},{"type":"Feature","geometry":{"type":"Polygon","coordinates":[[[9.1878499,45.4710048],[9.1876727,45.4709845],[9.1876683,45.4709195],[9.1877009,45.4707879],[9.1877275,45.4706806],[9.1878311,45.4706934],[9.1878383,45.4706721],[9.1878822,45.4706785],[9.1878772,45.4707054],[9.1879254,45.470713],[9.1879335,45.4706836],[9.1880852,45.4707088],[9.1880765,45.4707585],[9.1880699,45.4708118],[9.1878924,45.4707946],[9.1878499,45.4710048]]]},"properties":{"site":"milan","name":null,"category":"other","historic":null,"building":"apartments","osm_id":488925494}},{"type":"Feature","geometry":{"type":"Polygon","coordinates":[[[9.1878499,45.4710048],[9.187951,45.4710177],[9.1879288,45.4711103],[9.1878372,45.4711048],[9.1878549,45.4711719],[9.1876923,45.4711899],[9.1876885,45.4711569],[9.1876804,45.471087],[9.1876727,45.4709845],[9.1878499,45.4710048]]]},"properties":{"site":"milan","name":null,"category":"other","historic":null,"building":"apartments","osm_id":488925495}},{"type":"Feature","geometry":{"type":"Polygon","coordinates":[[[9.1876923,45.4711899],[9.1878549,45.4711719],[9.1878968,45.4713129],[9.1880398,45.4713164],[9.1880416,45.4713002],[9.1882071,45.4713193],[9.1881808,45.4714229],[9.1881689,45.4714226],[9.1881687,45.4714296],[9.1880834,45.471428],[9.1878536,45.4714277],[9.1878551,45.4714181],[9.187771,45.4714184],[9.1877157,45.4712578],[9.1876923,45.4711899]]]},"properties":{"site":"milan","name":null,"category":"other","historic":null,"building":"apartments","osm_id":488925496}},{"type":"Feature","geometry":{"type":"Polygon","coordinates":[[[9.1881456,45.4708479],[9.188165,45.4707675],[9.1880765,45.4707585],[9.1880852,45.4707088],[9.1880973,45.4706771],[9.1884056,45.4707193],[9.1883801,45.4708321],[9.1883289,45.4708244],[9.1883182,45.4708682],[9.1881456,45.4708479]]]},"properties":{"site":"milan","name":null,"category":"other","historic":null,"building":"yes","osm_id":488925497}},{"type":"Feature","geometry":{"type":"Polygon","coordinates":[[[9.1988233,45.4686886],[9.1989008,45.4686254],[9.1989736,45.4686868],[9.1990906,45.4687866],[9.1990034,45.4688405],[9.19899,45.4688292],[9.1988233,45.4686886]]]},"properties":{"site":"milan","name":null,"category":"other","historic":null,"building":"apartments","osm_id":488927730}},{"type":"Feature","geometry":{"type":"Polygon","coordinates":[[[9.1986275,45.4688169],[9.1987296,45.4687195],[9.1987501,45.4687316],[9.1987762,45.4687032],[9.198887,45.4686136],[9.1988338,45.4685684],[9.1987774,45.4685205],[9.1986402,45.4686356],[9.1985283,45.4687434],[9.1985095,45.4687615],[9.1986275,45.4688169]]]},"properties":{"site":"milan","name":null,"category":"other","historic":null,"building":"yes","osm_id":488927731}},{"type":"Feature","geometry":{"type":"Polygon","coordinates":[[[9.1981124,45.4693217],[9.1979896,45.4694162],[9.1982675,45.4695838],[9.1982699,45.4695925],[9.198172,45.4696766],[9.1979651,45.4695576],[9.1977574,45.4694381],[9.1978691,45.4693486],[9.1978617,45.4693427],[9.1979039,45.4693083],[9.1979785,45.4692473],[9.1981124,45.4693217]]]},"properties":{"site":"milan","name":null,"category":"other","historic":null,"building":"apartments","osm_id":488927733}},{"type":"Feature","geometry":{"type":"Polygon","coordinates":[[[9.1967033,45.4680714],[9.1967616,45.4679992],[9.1967314,45.4679876],[9.1966058,45.4679534],[9.196519,45.4679323],[9.1963911,45.4678885],[9.1963493,45.4679303],[9.196306,45.467975],[9.1963863,45.4679946],[9.1964815,45.4680015],[9.1965466,45.4680137],[9.196562,45.4680206],[9.1967033,45.4680714]]]},"properties":{"site":"milan","name":null,"category":"other","historic":null,"building":"yes","osm_id":488930642}},{"type":"Feature","geometry":{"type":"Polygon","coordinates":[[[9.1967033,45.4680714],[9.1966373,45.4681615],[9.1966256,45.4681577],[9.1966049,45.4681897],[9.1966603,45.4682094],[9.1966313,45.4682521],[9.196482,45.4681936],[9.1963418,45.4681478],[9.1962717,45.4681234],[9.196203,45.4680868],[9.1962887,45.4679925],[9.196306,45.467975],[9.1963863,45.4679946],[9.1964815,45.4680015],[9.1964043,45.4680964],[9.1965547,45.4681495],[9.1965939,45.4680993],[9.1965203,45.4680778],[9.196562,45.4680206],[9.1967033,45.4680714]]]},"properties":{"site":"milan","name":null,"category":"other","historic":null,"building":"yes","osm_id":488930643}},{"type":"Feature","geometry":{"type":"Polygon","coordinates":[[[9.1971537,45.4691243],[9.1971201,45.4691068],[9.1969387,45.4690123],[9.1967213,45.4688991],[9.196636,45.4688547],[9.1967158,45.4687413],[9.1968272,45.4687975],[9.1971159,45.4689476],[9.197153,45.4689163],[9.1970918,45.4688822],[9.1970653,45.468813],[9.1971759,45.4687939],[9.1973467,45.4688814],[9.1973302,45.4689007],[9.1973524,45.4689132],[9.1972804,45.4689835],[9.1972271,45.468954],[9.1971652,45.4690052],[9.1972404,45.469045],[9.1971537,45.4691243]]]},"properties":{"site":"milan","name":null,"category":"other","historic":null,"building":"apartments","osm_id":488930649}},{"type":"Feature","geometry":{"type":"Polygon","coordinates":[[[9.1982692,45.4688967],[9.1981161,45.4688211],[9.1980951,45.4688116],[9.1980309,45.4688748],[9.1980931,45.4689161],[9.1980275,45.4689508],[9.1981191,45.4690278],[9.1981928,45.4689634],[9.1982692,45.4688967]]]},"properties":{"site":"milan","name":null,"category":"other","historic":null,"building":"yes","osm_id":488930653}},{"type":"Feature","geometry":{"type":"Polygon","coordinates":[[[9.1976527,45.4674295],[9.1976459,45.4674209],[9.1974687,45.467488],[9.1975478,45.4675777],[9.1975733,45.4675693],[9.1975894,45.4675947],[9.1976001,45.4675909],[9.1976175,45.4676168],[9.1976253,45.4676319],[9.1978465,45.4675536],[9.1978208,45.4675181],[9.1977376,45.467543],[9.1977188,45.4675181],[9.1978059,45.4674908],[9.197783,45.4674471],[9.1976855,45.4674772],[9.1976527,45.4674295]]]},"properties":{"site":"milan","name":null,"category":"other","historic":null,"building":"yes","osm_id":488930657}},{"type":"Feature","geometry":{"type":"Polygon","coordinates":[[[9.1983936,45.4687628],[9.1982658,45.468691],[9.198193,45.4687615],[9.198174,45.4687492],[9.1981161,45.4688211],[9.1982692,45.4688967],[9.1983483,45.4688115],[9.1983936,45.4687628]]]},"properties":{"site":"milan","name":null,"category":"other","historic":null,"building":"yes","osm_id":488930658}},{"type":"Feature","geometry":{"type":"Polygon","coordinates":[[[9.1984995,45.4686485],[9.1984383,45.4686033],[9.1983877,45.4685717],[9.1983526,45.4685782],[9.1982965,45.4684692],[9.1981594,45.4684936],[9.1981693,45.4685052],[9.1981259,45.4685424],[9.1980841,45.4685199],[9.1980175,45.4685367],[9.198041,45.4685825],[9.1981563,45.4686461],[9.1982401,45.4685778],[9.1983288,45.4686229],[9.1983197,45.4686361],[9.1982658,45.468691],[9.1983936,45.4687628],[9.1984605,45.468689],[9.1984995,45.4686485]]]},"properties":{"site":"milan","name":null,"category":"other","historic":null,"building":"yes","osm_id":488930659}},{"type":"Feature","geometry":{"type":"Polygon","coordinates":[[[9.1976527,45.4674295],[9.1976855,45.4674772],[9.197783,45.4674471],[9.1979171,45.4674052],[9.1976852,45.467037],[9.197647,45.4670382],[9.1973003,45.4670491],[9.1973112,45.4671745],[9.1974173,45.467173],[9.197424,45.467216],[9.1975145,45.4672126],[9.1975099,45.4671601],[9.1976043,45.4671596],[9.1976276,45.4671917],[9.1976106,45.4671986],[9.1976017,45.467212],[9.1976084,45.4672256],[9.1976407,45.4672771],[9.1975801,45.4672955],[9.1976197,45.4673524],[9.1976781,45.4673347],[9.1977328,45.4674188],[9.1976965,45.4674305],[9.1976882,45.4674171],[9.1976527,45.4674295]]]},"properties":{"site":"milan","name":null,"category":"other","historic":null,"building":"apartments","osm_id":488930661}},{"type":"Feature","geometry":{"type":"Polygon","coordinates":[[[9.1983744,45.468035],[9.1982351,45.4680736],[9.1978234,45.4681672],[9.1977838,45.4680689],[9.1977993,45.4680661],[9.1979677,45.4680248],[9.1979952,45.4680627],[9.1981962,45.4680102],[9.1981542,45.4679536],[9.1983028,45.4678973],[9.1983371,45.467936],[9.198409,45.4680252],[9.1983744,45.468035]]]},"properties":{"site":"milan","name":null,"category":"other","historic":null,"building":"apartments","osm_id":488930662}},{"type":"Feature","geometry":{"type":"Polygon","coordinates":[[[9.1959322,45.4717631],[9.1959964,45.4718034],[9.1959666,45.47182],[9.1960426,45.4718941],[9.1957685,45.4720975],[9.1956292,45.4720076],[9.1957082,45.471945],[9.19574,45.4719198],[9.1959322,45.4717631]]]},"properties":{"site":"milan","name":null,"category":"other","historic":null,"building":"yes","osm_id":490573640}},{"type":"Feature","geometry":{"type":"Polygon","coordinates":[[[9.196252,45.4715198],[9.1965207,45.4717519],[9.1965736,45.4717962],[9.1964362,45.4718868],[9.1963977,45.4718537],[9.1964407,45.4718237],[9.1964197,45.4718033],[9.1964811,45.4717714],[9.1963444,45.4716444],[9.1962944,45.4716681],[9.1961797,45.4715712],[9.196217,45.4715447],[9.196252,45.4715198]]]},"properties":{"site":"milan","name":null,"category":"other","historic":null,"building":"apartments","osm_id":490573649}},{"type":"Feature","geometry":{"type":"Polygon","coordinates":[[[9.1963566,45.4714427],[9.1964465,45.4715235],[9.1963829,45.4715666],[9.1964768,45.4716465],[9.1965709,45.4715833],[9.1966374,45.471643],[9.1966452,45.4716515],[9.1966212,45.4716628],[9.1966417,45.4716792],[9.1965207,45.4717519],[9.196252,45.4715198],[9.1963095,45.4714775],[9.1963566,45.4714427]]]},"properties":{"site":"milan","name":null,"category":"other","historic":null,"building":"apartments","osm_id":490573650}},{"type":"Feature","geometry":{"type":"Polygon","coordinates":[[[9.197154,45.4707781],[9.1972304,45.4707155],[9.1972667,45.4706846],[9.1974932,45.47076],[9.1977231,45.4708365],[9.1976444,45.4709539],[9.1974817,45.4708993],[9.1974186,45.4708912],[9.1973467,45.4708462],[9.1973011,45.4708535],[9.1972713,45.4708773],[9.1971834,45.4708306],[9.1972116,45.4708042],[9.197154,45.4707781]]]},"properties":{"site":"milan","name":null,"category":"other","historic":null,"building":"apartments","osm_id":490573653}},{"type":"Feature","geometry":{"type":"Polygon","coordinates":[[[9.1963364,45.4709473],[9.1963165,45.4709639],[9.196161,45.4708771],[9.1961142,45.4709204],[9.1961381,45.4709384],[9.1962091,45.4709837],[9.1962539,45.4710143],[9.1962976,45.4710459],[9.1963441,45.4710762],[9.1964383,45.4711254],[9.1965268,45.4710528],[9.1963364,45.4709473]]]},"properties":{"site":"milan","name":null,"category":"other","historic":null,"building":"yes","osm_id":490577884}},{"type":"Feature","geometry":{"type":"Polygon","coordinates":[[[9.195969,45.4712801],[9.196099,45.4713614],[9.1960514,45.4714003],[9.1960623,45.471409],[9.1959492,45.4715053],[9.1959363,45.4714968],[9.1959062,45.4715212],[9.1958836,45.471539],[9.1958168,45.4714967],[9.1957584,45.4714563],[9.195969,45.4712801]]]},"properties":{"site":"milan","name":null,"category":"other","historic":null,"building":"yes","osm_id":490577885}},{"type":"Feature","geometry":{"type":"Polygon","coordinates":[[[9.1960667,45.4710462],[9.1959391,45.4709751],[9.195746,45.4711458],[9.1955512,45.4713179],[9.1956695,45.471395],[9.1960667,45.4710462]]]},"properties":{"site":"milan","name":null,"category":"other","historic":null,"building":"yes","osm_id":490577887}},{"type":"Feature","geometry":{"type":"Polygon","coordinates":[[[9.1956934,45.4715966],[9.1955838,45.4716866],[9.1955344,45.4717272],[9.1954463,45.4716771],[9.1954349,45.4716686],[9.1955432,45.4715881],[9.1954687,45.4715363],[9.1955207,45.4714937],[9.1956934,45.4715966]]]},"properties":{"site":"milan","name":null,"category":"other","historic":null,"building":"apartments","osm_id":490577891}},{"type":"Feature","geometry":{"type":"Polygon","coordinates":[[[9.1954148,45.4714279],[9.1955207,45.4714937],[9.1954687,45.4715363],[9.1953582,45.471614],[9.1952699,45.4715572],[9.1953385,45.471496],[9.1954148,45.4714279]]]},"properties":{"site":"milan","name":null,"category":"other","historic":null,"building":"apartments","osm_id":490577892}},{"type":"Feature","geometry":{"type":"Polygon","coordinates":[[[9.1954253,45.4718307],[9.1955079,45.4718871],[9.195426,45.4719462],[9.1954342,45.4719554],[9.1952786,45.4720765],[9.1952638,45.4720752],[9.1951764,45.4721327],[9.1951224,45.4720894],[9.1950531,45.4720282],[9.1951923,45.4719277],[9.1952391,45.4719579],[9.1953797,45.4718412],[9.1953337,45.471812],[9.1953628,45.4717905],[9.1954253,45.4718307]]]},"properties":{"site":"milan","name":null,"category":"other","historic":null,"building":"apartments","osm_id":490577895}},{"type":"Feature","geometry":{"type":"Polygon","coordinates":[[[9.1976039,45.4698056],[9.1975691,45.4697824],[9.1975964,45.4697609],[9.1975758,45.4697523],[9.1975999,45.4697284],[9.1975042,45.4696776],[9.1976674,45.4695276],[9.1978554,45.4696367],[9.1978755,45.4696483],[9.1977795,45.4697377],[9.1977217,45.4697068],[9.1976039,45.4698056]]]},"properties":{"site":"milan","name":null,"category":"other","historic":null,"building":"yes","osm_id":490577896}},{"type":"Feature","geometry":{"type":"Polygon","coordinates":[[[9.1978679,45.4699357],[9.1977383,45.4698606],[9.1978444,45.4697754],[9.1977795,45.4697377],[9.1978755,45.4696483],[9.1979001,45.4696628],[9.1980701,45.4697629],[9.1978679,45.4699357]]]},"properties":{"site":"milan","name":null,"category":"other","historic":null,"building":"yes","osm_id":490577897}},{"type":"Feature","geometry":{"type":"Polygon","coordinates":[[[9.1973995,45.4700158],[9.1973511,45.4700556],[9.1971875,45.4699405],[9.197276,45.4698681],[9.1973654,45.4697949],[9.1975531,45.4699065],[9.1975756,45.4699195],[9.1975269,45.4699582],[9.1974306,45.4699045],[9.1973403,45.4699832],[9.1973995,45.4700158]]]},"properties":{"site":"milan","name":null,"category":"other","historic":null,"building":"yes","osm_id":490577898}},{"type":"Feature","geometry":{"type":"Polygon","coordinates":[[[9.1975975,45.4698656],[9.1976762,45.469913],[9.1977383,45.4698606],[9.1978679,45.4699357],[9.1978157,45.46998],[9.1977649,45.4700232],[9.1976653,45.4699689],[9.1976789,45.4699595],[9.1976309,45.4699281],[9.1976132,45.4699396],[9.1975756,45.4699195],[9.1975531,45.4699065],[9.1975975,45.4698656]]]},"properties":{"site":"milan","name":null,"category":"other","historic":null,"building":"yes","osm_id":490577899}},{"type":"Feature","geometry":{"type":"Polygon","coordinates":[[[9.1858035,45.4719909],[9.1858052,45.4718962],[9.1858802,45.4718981],[9.18589,45.4718343],[9.1858385,45.4718288],[9.1858383,45.4718517],[9.1858113,45.4718503],[9.1858206,45.4717193],[9.1858861,45.4717264],[9.185958,45.4717347],[9.1858943,45.4720063],[9.1858035,45.4719909]]]},"properties":{"site":"milan","name":null,"category":"other","historic":null,"building":"yes","osm_id":490579002}},{"type":"Feature","geometry":{"type":"Polygon","coordinates":[[[9.1860386,45.4720286],[9.1860727,45.4719396],[9.1861359,45.4719508],[9.1861489,45.4719202],[9.1860818,45.4719064],[9.1861254,45.4717889],[9.186236,45.4718244],[9.186192,45.4719405],[9.1861535,45.4720463],[9.1860386,45.4720286]]]},"properties":{"site":"milan","name":null,"category":"other","historic":null,"building":"yes","osm_id":490579005}},{"type":"Feature","geometry":{"type":"Polygon","coordinates":[[[9.1862764,45.4718967],[9.1862927,45.4718602],[9.1863112,45.4718238],[9.186526,45.471863],[9.1865048,45.4719152],[9.1864497,45.4719038],[9.1864364,45.4719313],[9.1862764,45.4718967]]]},"properties":{"site":"milan","name":null,"category":"other","historic":null,"building":"yes","osm_id":490579013}},{"type":"Feature","geometry":{"type":"Polygon","coordinates":[[[9.1864364,45.4719313],[9.186403,45.472011],[9.1864483,45.4720197],[9.1864228,45.4720913],[9.1863972,45.4720859],[9.1862041,45.4720452],[9.1862764,45.4718967],[9.1864364,45.4719313]]]},"properties":{"site":"milan","name":null,"category":"other","historic":null,"building":"yes","osm_id":490579015}},{"type":"Feature","geometry":{"type":"Polygon","coordinates":[[[9.1864483,45.4720197],[9.1864761,45.4720256],[9.1865053,45.4719473],[9.1866264,45.4719699],[9.1866173,45.4719932],[9.186759,45.4720267],[9.1867181,45.4721228],[9.1865471,45.4720885],[9.1865343,45.4720859],[9.1865153,45.4720821],[9.1865049,45.4721068],[9.1864228,45.4720913],[9.1864483,45.4720197]]]},"properties":{"site":"milan","name":null,"category":"other","historic":null,"building":"yes","osm_id":490579017}},{"type":"Feature","geometry":{"type":"Polygon","coordinates":[[[9.1938342,45.465458],[9.1939213,45.4653111],[9.1939524,45.4653202],[9.1939831,45.4653292],[9.1943347,45.4654325],[9.1943246,45.4654471],[9.1942913,45.4655046],[9.1942594,45.4655599],[9.1942492,45.4655773],[9.193896,45.4654761],[9.1938342,45.465458]]]},"properties":{"site":"milan","name":"Apple Piazza Liberty","category":"other","historic":null,"building":"commercial","osm_id":491367824}},{"type":"Feature","geometry":{"type":"Polygon","coordinates":[[[9.1805622,45.4653803],[9.1806525,45.4653777],[9.1806706,45.465408],[9.180715,45.4654824],[9.1806168,45.4655174],[9.1805622,45.4653803]]]},"properties":{"site":"milan","name":null,"category":"other","historic":null,"building":"yes","osm_id":491784244}},{"type":"Feature","geometry":{"type":"Polygon","coordinates":[[[9.193541,45.4572646],[9.1934622,45.457303],[9.1934342,45.457285],[9.1933774,45.4573147],[9.1934152,45.4573467],[9.1935311,45.4574348],[9.1935395,45.45743],[9.1935972,45.4573968],[9.1936525,45.457365],[9.1935872,45.4573062],[9.193541,45.4572646]]]},"properties":{"site":"milan","name":null,"category":"other","historic":null,"building":"apartments","osm_id":491952400}},{"type":"Feature","geometry":{"type":"Polygon","coordinates":[[[9.1930427,45.4569466],[9.1932003,45.4568778],[9.1933269,45.457088],[9.1934403,45.4570543],[9.1935647,45.457151],[9.1934953,45.4572016],[9.1934865,45.4572039],[9.1934644,45.4571909],[9.1934135,45.4571549],[9.1933396,45.4572006],[9.1932221,45.4572348],[9.1932143,45.4572222],[9.1931425,45.457107],[9.1930427,45.4569466]]]},"properties":{"site":"milan","name":null,"category":"other","historic":null,"building":"apartments","osm_id":491952406}},{"type":"Feature","geometry":{"type":"Polygon","coordinates":[[[9.193541,45.4572646],[9.1934865,45.4572039],[9.1934644,45.4571909],[9.1934009,45.4572257],[9.1934205,45.4572396],[9.1933867,45.4572574],[9.1933942,45.4572653],[9.1932595,45.4573153],[9.1932747,45.4573419],[9.1932962,45.4573885],[9.1933178,45.4574352],[9.1933982,45.4575066],[9.1935311,45.4574348],[9.1934152,45.4573467],[9.1933762,45.4573663],[9.1933459,45.4573363],[9.1933774,45.4573147],[9.1934342,45.457285],[9.1934622,45.457303],[9.193541,45.4572646]]]},"properties":{"site":"milan","name":null,"category":"other","historic":null,"building":"apartments","osm_id":491952417}},{"type":"Feature","geometry":{"type":"Polygon","coordinates":[[[9.1938791,45.4579229],[9.1938704,45.4579266],[9.1938022,45.4578599],[9.1936934,45.4577534],[9.1937419,45.4577257],[9.1937955,45.4577647],[9.193898,45.4576904],[9.1938946,45.4576843],[9.194019,45.4576007],[9.1941076,45.4576671],[9.1939482,45.4577479],[9.1938856,45.4577906],[9.1939112,45.457815],[9.1938924,45.457828],[9.1939518,45.4578849],[9.1938791,45.4579229]]]},"properties":{"site":"milan","name":null,"category":"other","historic":null,"building":"apartments","osm_id":491953265}},{"type":"Feature","geometry":{"type":"Polygon","coordinates":[[[9.1938806,45.4573585],[9.1939405,45.4573161],[9.1939716,45.4573354],[9.1939959,45.4573541],[9.1941195,45.4574528],[9.1940664,45.4574863],[9.1941136,45.4575202],[9.1940677,45.4575519],[9.1939908,45.4575093],[9.1939436,45.4574761],[9.1939929,45.4574318],[9.1939616,45.4574132],[9.1938806,45.4573585]]]},"properties":{"site":"milan","name":null,"category":"other","historic":null,"building":"yes","osm_id":491953266}},{"type":"Feature","geometry":{"type":"Polygon","coordinates":[[[9.1937407,45.4574421],[9.1937984,45.4574875],[9.1938241,45.4575008],[9.1938262,45.4575146],[9.1938839,45.4575292],[9.1939295,45.4575524],[9.1939908,45.4575093],[9.1939436,45.4574761],[9.193906,45.4574504],[9.1939616,45.4574132],[9.1938806,45.4573585],[9.1938724,45.4573633],[9.1938045,45.4574057],[9.1937407,45.4574421]]]},"properties":{"site":"milan","name":null,"category":"other","historic":null,"building":"yes","osm_id":491953267}},{"type":"Feature","geometry":{"type":"Polygon","coordinates":[[[9.1938946,45.4576843],[9.1938781,45.4576662],[9.19384,45.4576844],[9.1937381,45.4575964],[9.1937563,45.457587],[9.1936448,45.4575014],[9.1935031,45.4575891],[9.1936018,45.4576776],[9.1936027,45.4576784],[9.1936934,45.4577534],[9.1937419,45.4577257],[9.1937955,45.4577647],[9.193898,45.4576904],[9.1938946,45.4576843]]]},"properties":{"site":"milan","name":null,"category":"other","historic":null,"building":"apartments","osm_id":491953268}},{"type":"Feature","geometry":{"type":"Polygon","coordinates":[[[9.1937984,45.4574875],[9.1937407,45.4574421],[9.1937293,45.4574492],[9.1936448,45.4575014],[9.1937563,45.457587],[9.193821,45.4575474],[9.1937699,45.4575058],[9.1937984,45.4574875]]]},"properties":{"site":"milan","name":null,"category":"other","historic":null,"building":"apartments","osm_id":491953269}},{"type":"Feature","geometry":{"type":"Polygon","coordinates":[[[9.1926621,45.4595247],[9.1924941,45.4595819],[9.1924278,45.459601],[9.1923848,45.4596316],[9.1924058,45.4596495],[9.1923343,45.45972],[9.192455,45.4596902],[9.1924323,45.459642],[9.1925296,45.4596122],[9.1925579,45.4596561],[9.1925215,45.4596672],[9.1925363,45.4596886],[9.1927018,45.4596456],[9.1926818,45.4595847],[9.1926621,45.4595247]]]},"properties":{"site":"milan","name":null,"category":"other","historic":null,"building":"apartments","osm_id":491955937}},{"type":"Feature","geometry":{"type":"Polygon","coordinates":[[[9.1925788,45.4597823],[9.1927368,45.4597355],[9.1927103,45.4596674],[9.1927018,45.4596456],[9.1925363,45.4596886],[9.1925215,45.4596672],[9.192455,45.4596902],[9.1923343,45.45972],[9.1922986,45.4597531],[9.1923054,45.4597578],[9.1923621,45.4597402],[9.1923818,45.4597811],[9.192348,45.4597911],[9.1923703,45.4598292],[9.1923769,45.4598383],[9.1925788,45.4597823]]]},"properties":{"site":"milan","name":null,"category":"other","historic":null,"building":"apartments","osm_id":491955960}},{"type":"Feature","geometry":{"type":"Polygon","coordinates":[[[9.1924146,45.4592585],[9.1923429,45.4592754],[9.1922659,45.4592936],[9.1923176,45.4593779],[9.1924496,45.4593444],[9.1924146,45.4592585]]]},"properties":{"site":"milan","name":null,"category":"other","historic":null,"building":"yes","osm_id":491956056}},{"type":"Feature","geometry":{"type":"Polygon","coordinates":[[[9.1923703,45.4598292],[9.192348,45.4597911],[9.1923054,45.4597578],[9.1922986,45.4597531],[9.1922937,45.4597685],[9.1922766,45.4597602],[9.1921504,45.4598998],[9.1921728,45.4599086],[9.1921811,45.4598946],[9.1922198,45.4599119],[9.1922515,45.4599027],[9.1922378,45.4598697],[9.1923703,45.4598292]]]},"properties":{"site":"milan","name":null,"category":"other","historic":null,"building":"yes","osm_id":491956057}},{"type":"Feature","geometry":{"type":"Polygon","coordinates":[[[9.1926621,45.4595247],[9.1926569,45.4595122],[9.1926306,45.4594496],[9.1924475,45.4595159],[9.1924941,45.4595819],[9.1926621,45.4595247]]]},"properties":{"site":"milan","name":null,"category":"other","historic":null,"building":"apartments","osm_id":491956058}},{"type":"Feature","geometry":{"type":"Polygon","coordinates":[[[9.1925788,45.4597823],[9.1927368,45.4597355],[9.1927717,45.4598209],[9.192807,45.4599073],[9.1923566,45.4599737],[9.1923191,45.4599019],[9.192609,45.4598468],[9.1925788,45.4597823]]]},"properties":{"site":"milan","name":null,"category":"other","historic":null,"building":"apartments","osm_id":491956060}},{"type":"Feature","geometry":{"type":"Polygon","coordinates":[[[9.1925952,45.4603938],[9.1926582,45.4605342],[9.1927325,45.4605163],[9.19269,45.4604396],[9.1927978,45.4604128],[9.1928328,45.4604906],[9.1930106,45.4604441],[9.1929952,45.460409],[9.1929563,45.4603207],[9.1929506,45.4603217],[9.1927664,45.4603583],[9.1926766,45.4603736],[9.1925952,45.4603938]]]},"properties":{"site":"milan","name":null,"category":"other","historic":null,"building":"yes","osm_id":491956061}},{"type":"Feature","geometry":{"type":"Polygon","coordinates":[[[9.1920951,45.4695379],[9.1921447,45.4695847],[9.1921565,45.4695958],[9.1920557,45.4696438],[9.1920203,45.4696124],[9.1918903,45.4697394],[9.1919478,45.4697648],[9.1919102,45.4698086],[9.1918319,45.4697705],[9.1917764,45.4697403],[9.1918843,45.4696364],[9.1918947,45.4696419],[9.1919764,45.4695809],[9.1919657,45.4695694],[9.192,45.4695534],[9.1920282,45.4695769],[9.1920951,45.4695379]]]},"properties":{"site":"milan","name":null,"category":"other","historic":null,"building":"apartments","osm_id":491960401}},{"type":"Feature","geometry":{"type":"Polygon","coordinates":[[[9.1916442,45.4693529],[9.191718,45.4694083],[9.1917076,45.4694213],[9.1917937,45.4694924],[9.1916845,45.4695739],[9.1916077,45.4695294],[9.1915793,45.4695122],[9.1915657,45.4695012],[9.1915796,45.4694907],[9.1916522,45.4694353],[9.1915857,45.4693862],[9.1916309,45.4693604],[9.1916442,45.4693529]]]},"properties":{"site":"milan","name":null,"category":"other","historic":null,"building":"yes","osm_id":491960402}},{"type":"Feature","geometry":{"type":"Polygon","coordinates":[[[9.1916845,45.4695739],[9.1916486,45.4696123],[9.1916151,45.469654],[9.1914413,45.469543],[9.1914805,45.4695223],[9.1914587,45.4695018],[9.1914194,45.469463],[9.1914954,45.4694036],[9.1915565,45.4693586],[9.1915857,45.4693862],[9.1915468,45.4694137],[9.1915796,45.4694907],[9.1915657,45.4695012],[9.1915793,45.4695122],[9.1915326,45.4695469],[9.1915651,45.4695684],[9.1916077,45.4695294],[9.1916845,45.4695739]]]},"properties":{"site":"milan","name":null,"category":"other","historic":null,"building":"yes","osm_id":491960404}},{"type":"Feature","geometry":{"type":"Polygon","coordinates":[[[9.1915285,45.4692683],[9.1915807,45.4693115],[9.1916309,45.4693604],[9.1915857,45.4693862],[9.1915565,45.4693586],[9.1914954,45.4694036],[9.1914309,45.4693634],[9.1913958,45.469338],[9.1913265,45.4692814],[9.1913834,45.4692471],[9.1914566,45.4692026],[9.1915285,45.4692683]]]},"properties":{"site":"milan","name":null,"category":"other","historic":null,"building":"apartments","osm_id":491960409}},{"type":"Feature","geometry":{"type":"Polygon","coordinates":[[[9.1815883,45.4642135],[9.1815233,45.4642195],[9.1815193,45.4642731],[9.1815038,45.4644148],[9.1815869,45.4644176],[9.1815883,45.4643461],[9.1815843,45.4642633],[9.1815883,45.4642135]]]},"properties":{"site":"milan","name":null,"category":"other","historic":null,"building":"yes","osm_id":493214599}},{"type":"Feature","geometry":{"type":"Polygon","coordinates":[[[9.1814036,45.4642679],[9.1814522,45.4642701],[9.1814563,45.4642205],[9.1814134,45.4642176],[9.1814169,45.4641577],[9.1813508,45.4641538],[9.1813338,45.4642278],[9.1812882,45.4642269],[9.1812702,45.4642006],[9.1812507,45.4641987],[9.1812174,45.4641431],[9.1812243,45.4641294],[9.1811909,45.4641051],[9.1810619,45.4642241],[9.1811136,45.4642964],[9.1812202,45.4642637],[9.1812484,45.4642844],[9.1813091,45.464264],[9.1813577,45.464264],[9.1814036,45.4642679]]]},"properties":{"site":"milan","name":null,"category":"other","historic":null,"building":"yes","osm_id":493214600}},{"type":"Feature","geometry":{"type":"Polygon","coordinates":[[[9.1816169,45.4637156],[9.1817504,45.4637514],[9.1818079,45.4636459],[9.1819613,45.4636871],[9.1819019,45.4637698],[9.1820446,45.4638058],[9.1821633,45.463646],[9.1817778,45.4635242],[9.1817649,45.4635412],[9.1815712,45.4634892],[9.1815178,45.4635871],[9.1816654,45.4636267],[9.1816169,45.4637156]]]},"properties":{"site":"milan","name":null,"category":"other","historic":null,"building":"apartments","osm_id":493214602}},{"type":"Feature","geometry":{"type":"Polygon","coordinates":[[[9.1815178,45.4635871],[9.1815712,45.4634892],[9.1815818,45.4634686],[9.1814521,45.4634354],[9.1814406,45.4634564],[9.1812969,45.463418],[9.1813046,45.4633955],[9.1810536,45.4633347],[9.1809884,45.4634615],[9.1810568,45.4634781],[9.1811928,45.4635126],[9.1811981,45.4634977],[9.1812731,45.4635168],[9.1812407,45.4635823],[9.1813498,45.4636166],[9.1813923,45.463628],[9.1814279,45.4635627],[9.1815178,45.4635871]]]},"properties":{"site":"milan","name":null,"category":"other","historic":null,"building":"apartments","osm_id":493214603}},{"type":"Feature","geometry":{"type":"Polygon","coordinates":[[[9.1809884,45.4634615],[9.1809604,45.4635262],[9.1809218,45.4636569],[9.1809109,45.463688],[9.181067,45.4637068],[9.181067,45.463734],[9.1811287,45.4637406],[9.1811247,45.4637651],[9.1811868,45.4637746],[9.1812174,45.463759],[9.1812688,45.4637668],[9.1813498,45.4636166],[9.1812407,45.4635823],[9.1812013,45.4636612],[9.1810779,45.4636449],[9.1811018,45.463551],[9.1810318,45.4635363],[9.1810568,45.4634781],[9.1809884,45.4634615]]]},"properties":{"site":"milan","name":null,"category":"other","historic":null,"building":"yes","osm_id":493214604}},{"type":"Feature","geometry":{"type":"Polygon","coordinates":[[[9.1809373,45.4606678],[9.1810654,45.4607632],[9.1810923,45.4607843],[9.1810647,45.4608047],[9.1810379,45.4608244],[9.1808748,45.460697],[9.1809373,45.4606678]]]},"properties":{"site":"milan","name":null,"category":"other","historic":null,"building":"apartments","osm_id":493214610}},{"type":"Feature","geometry":{"type":"Polygon","coordinates":[[[9.180519,45.4606663],[9.1804116,45.460727],[9.1803356,45.4606451],[9.1804405,45.4605878],[9.180519,45.4606663]]]},"properties":{"site":"milan","name":null,"category":"other","historic":null,"building":"apartments","osm_id":493214617}},{"type":"Feature","geometry":{"type":"Polygon","coordinates":[[[9.1800932,45.46075],[9.1801182,45.460903],[9.1801246,45.4609447],[9.1799676,45.46096],[9.1799708,45.4609674],[9.1800076,45.4610112],[9.180153,45.4609978],[9.1801863,45.4609881],[9.1801825,45.4609527],[9.1802943,45.4609591],[9.1802931,45.4609034],[9.1802022,45.4608959],[9.1801915,45.4608169],[9.1802962,45.4608013],[9.180261,45.4607168],[9.1800932,45.46075]]]},"properties":{"site":"milan","name":null,"category":"other","historic":null,"building":"apartments","osm_id":493214618}},{"type":"Feature","geometry":{"type":"Polygon","coordinates":[[[9.1798716,45.4607667],[9.1799074,45.4608584],[9.1800263,45.4608395],[9.1800389,45.4609085],[9.1801182,45.460903],[9.1800932,45.46075],[9.1800902,45.4607384],[9.1799807,45.4607489],[9.1798837,45.4607647],[9.1798716,45.4607667]]]},"properties":{"site":"milan","name":null,"category":"other","historic":null,"building":"apartments","osm_id":493214622}},{"type":"Feature","geometry":{"type":"Polygon","coordinates":[[[9.1789493,45.4594557],[9.1788815,45.4595636],[9.1788585,45.4596029],[9.178879,45.4596078],[9.1788949,45.4595861],[9.1789299,45.4596066],[9.1788707,45.4596841],[9.1788482,45.4596802],[9.1787952,45.4597743],[9.1788577,45.4597897],[9.1789336,45.4596876],[9.1790603,45.4594961],[9.1789493,45.4594557]]]},"properties":{"site":"milan","name":null,"category":"other","historic":null,"building":"apartments","osm_id":493214628}},{"type":"Feature","geometry":{"type":"Polygon","coordinates":[[[9.180099,45.4602305],[9.1800434,45.460322],[9.1800878,45.4603313],[9.1801446,45.4602458],[9.180099,45.4602305]]]},"properties":{"site":"milan","name":null,"category":"other","historic":null,"building":"yes","osm_id":493214632}},{"type":"Feature","geometry":{"type":"Polygon","coordinates":[[[9.1799653,45.4600872],[9.1799109,45.4601777],[9.1797538,45.460127],[9.1797628,45.4601098],[9.1799863,45.4598479],[9.180112,45.4599028],[9.180059,45.4599873],[9.1800189,45.4599802],[9.1800034,45.460015],[9.1799653,45.4600872]]]},"properties":{"site":"milan","name":null,"category":"other","historic":null,"building":"apartments","osm_id":493214633}},{"type":"Feature","geometry":{"type":"Polygon","coordinates":[[[9.180284,45.4599548],[9.1802264,45.460043],[9.1800683,45.4599958],[9.1800535,45.4600312],[9.1800034,45.460015],[9.1800189,45.4599802],[9.180059,45.4599873],[9.180112,45.4599028],[9.1802631,45.4599473],[9.180284,45.4599548]]]},"properties":{"site":"milan","name":null,"category":"other","historic":null,"building":"apartments","osm_id":493214634}},{"type":"Feature","geometry":{"type":"Polygon","coordinates":[[[9.1797628,45.4601098],[9.1799863,45.4598479],[9.1798149,45.4597804],[9.1797448,45.4598704],[9.1798604,45.4599145],[9.1798016,45.4599821],[9.1796951,45.4599455],[9.1796156,45.4600487],[9.1795901,45.4600792],[9.1796066,45.4600836],[9.1796309,45.4600901],[9.179647,45.4600699],[9.1796744,45.4600793],[9.1797026,45.4600389],[9.1797381,45.4600511],[9.1797098,45.4600915],[9.1797628,45.4601098]]]},"properties":{"site":"milan","name":null,"category":"other","historic":null,"building":"apartments","osm_id":493214635}},{"type":"Feature","geometry":{"type":"Polygon","coordinates":[[[9.1787654,45.4593849],[9.1785629,45.4593139],[9.1784589,45.4594797],[9.1785077,45.4594987],[9.1785558,45.4594226],[9.1786442,45.4594506],[9.1785974,45.459523],[9.1786228,45.4595252],[9.1786763,45.4595393],[9.1787213,45.4594676],[9.1787654,45.4593849]]]},"properties":{"site":"milan","name":null,"category":"other","historic":null,"building":"apartments","osm_id":493214637}},{"type":"Feature","geometry":{"type":"Polygon","coordinates":[[[9.1792616,45.4597183],[9.1791998,45.4597856],[9.1791355,45.4597607],[9.1792014,45.4596772],[9.1790539,45.4596255],[9.1789972,45.4597115],[9.1789336,45.4596876],[9.1790603,45.4594961],[9.1793581,45.4596012],[9.1792616,45.4597183]]]},"properties":{"site":"milan","name":null,"category":"other","historic":null,"building":"apartments","osm_id":493214638}},{"type":"Feature","geometry":{"type":"Polygon","coordinates":[[[9.1792616,45.4597183],[9.1793581,45.4596012],[9.1795885,45.4596886],[9.1794955,45.4598028],[9.1792616,45.4597183]]]},"properties":{"site":"milan","name":null,"category":"other","historic":null,"building":"apartments","osm_id":493214639}},{"type":"Feature","geometry":{"type":"Polygon","coordinates":[[[9.1780066,45.4593648],[9.1778753,45.4594964],[9.1780312,45.4595683],[9.1781388,45.4594546],[9.178163,45.4594354],[9.1781349,45.4594192],[9.1780066,45.4593648]]]},"properties":{"site":"milan","name":null,"category":"other","historic":null,"building":"apartments","osm_id":493214640}},{"type":"Feature","geometry":{"type":"Polygon","coordinates":[[[9.1781349,45.4594192],[9.1780066,45.4593648],[9.1781723,45.4591875],[9.1785629,45.4593139],[9.1784589,45.4594797],[9.178384,45.4594654],[9.1784261,45.4594019],[9.1782236,45.4593279],[9.1781349,45.4594192]]]},"properties":{"site":"milan","name":null,"category":"other","historic":null,"building":"apartments","osm_id":493214641}},{"type":"Feature","geometry":{"type":"Polygon","coordinates":[[[9.1804467,45.4604587],[9.1803331,45.4603799],[9.1803747,45.460362],[9.1803672,45.4603562],[9.1805915,45.4601956],[9.1803812,45.4601189],[9.1804465,45.4600107],[9.1806263,45.4600808],[9.1807805,45.4601397],[9.1807949,45.4602054],[9.1804467,45.4604587]]]},"properties":{"site":"milan","name":null,"category":"other","historic":null,"building":"apartments","osm_id":493214646}},{"type":"Feature","geometry":{"type":"Polygon","coordinates":[[[9.1801537,45.4604254],[9.1801486,45.4604346],[9.1801216,45.4604273],[9.1798068,45.4603537],[9.1798446,45.4602811],[9.1800434,45.460322],[9.1800878,45.4603313],[9.1800722,45.4603611],[9.1801507,45.4603817],[9.1801537,45.4604254]]]},"properties":{"site":"milan","name":null,"category":"other","historic":null,"building":"yes","osm_id":493214656}},{"type":"Feature","geometry":{"type":"Polygon","coordinates":[[[9.1795007,45.4603654],[9.1794239,45.4604661],[9.1793883,45.4605435],[9.1794897,45.4605646],[9.179444,45.4606723],[9.1793018,45.4606407],[9.1794394,45.4603545],[9.1795007,45.4603654]]]},"properties":{"site":"milan","name":null,"category":"other","historic":null,"building":"apartments","osm_id":493214674}},{"type":"Feature","geometry":{"type":"Polygon","coordinates":[[[9.1798841,45.4606795],[9.1798995,45.4605864],[9.179927,45.460503],[9.1799971,45.4605146],[9.1800155,45.460569],[9.1801384,45.4605478],[9.1802655,45.4606133],[9.1800563,45.4606615],[9.1798841,45.4606795]]]},"properties":{"site":"milan","name":"Palazzo Antica Contrada","category":"other","historic":null,"building":"apartments","osm_id":493214687}},{"type":"Feature","geometry":{"type":"Polygon","coordinates":[[[9.179908,45.4601872],[9.1798446,45.4602811],[9.1797441,45.4602596],[9.1797103,45.4602519],[9.1796882,45.4602361],[9.1796718,45.4602288],[9.1796081,45.4602136],[9.1795956,45.4602368],[9.1795914,45.4602508],[9.1795063,45.4602278],[9.1796066,45.4600836],[9.1796309,45.4600901],[9.179647,45.4600699],[9.1796744,45.4600793],[9.1797026,45.4600389],[9.1797381,45.4600511],[9.1797098,45.4600915],[9.1797628,45.4601098],[9.1797538,45.460127],[9.1799109,45.4601777],[9.179908,45.4601872]]]},"properties":{"site":"milan","name":null,"category":"other","historic":null,"building":"yes","osm_id":493214703}},{"type":"Feature","geometry":{"type":"Polygon","coordinates":[[[9.1790029,45.4607853],[9.1788902,45.4610488],[9.1790781,45.4610878],[9.1791872,45.4608243],[9.1790029,45.4607853]]]},"properties":{"site":"milan","name":null,"category":"other","historic":null,"building":"apartments","osm_id":493214728}},{"type":"Feature","geometry":{"type":"Polygon","coordinates":[[[9.1788996,45.4605621],[9.1789445,45.4604547],[9.1790408,45.4602563],[9.1788986,45.460226],[9.1788114,45.4604269],[9.1787215,45.4604077],[9.1786736,45.460518],[9.1788996,45.4605621]]]},"properties":{"site":"milan","name":null,"category":"other","historic":null,"building":"yes","osm_id":493214744}},{"type":"Feature","geometry":{"type":"Polygon","coordinates":[[[9.1786736,45.460518],[9.1787215,45.4604077],[9.1787483,45.4603458],[9.1787011,45.4603357],[9.1786217,45.4603187],[9.1786087,45.4603487],[9.1785681,45.4604421],[9.1785427,45.4604367],[9.1785215,45.4604855],[9.1786736,45.460518]]]},"properties":{"site":"milan","name":null,"category":"other","historic":null,"building":"yes","osm_id":493214745}},{"type":"Feature","geometry":{"type":"Polygon","coordinates":[[[9.1790555,45.460594],[9.1791903,45.4602963],[9.1791958,45.4602835],[9.1791334,45.4602702],[9.1790464,45.4604705],[9.1789445,45.4604547],[9.1788996,45.4605621],[9.1790555,45.460594]]]},"properties":{"site":"milan","name":null,"category":"other","historic":null,"building":"yes","osm_id":493214746}},{"type":"Feature","geometry":{"type":"Polygon","coordinates":[[[9.1859801,45.4711982],[9.1863011,45.4712148],[9.1863033,45.4712563],[9.1863548,45.4712616],[9.1863435,45.4713075],[9.1863372,45.471335],[9.1860598,45.4712938],[9.1858845,45.471294],[9.1858635,45.4711902],[9.1859801,45.4711982]]]},"properties":{"site":"milan","name":null,"category":"other","historic":null,"building":"yes","osm_id":493497931}},{"type":"Feature","geometry":{"type":"Polygon","coordinates":[[[9.1856523,45.471603],[9.1855915,45.4715971],[9.1855233,45.4715905],[9.1854559,45.4715015],[9.1855771,45.4714638],[9.1855968,45.4714616],[9.1856074,45.4714811],[9.18562,45.4715115],[9.1856772,45.4715153],[9.1856523,45.471603]]]},"properties":{"site":"milan","name":null,"category":"other","historic":null,"building":"yes","osm_id":493497935}},{"type":"Feature","geometry":{"type":"Polygon","coordinates":[[[9.1854559,45.4715015],[9.1854209,45.4714624],[9.1854119,45.4714523],[9.1855048,45.4714294],[9.1855332,45.4714239],[9.185548,45.4714543],[9.1855656,45.4714504],[9.1855771,45.4714638],[9.1854559,45.4715015]]]},"properties":{"site":"milan","name":null,"category":"other","historic":null,"building":"apartments","osm_id":493497951}},{"type":"Feature","geometry":{"type":"Polygon","coordinates":[[[9.185205,45.4712046],[9.185185,45.4711501],[9.1851614,45.471155],[9.1850989,45.4710391],[9.1850636,45.4709737],[9.18502,45.4708201],[9.1851198,45.4708415],[9.1851096,45.4708648],[9.1851333,45.4709115],[9.1851562,45.4709069],[9.1851801,45.4708591],[9.1852351,45.4708712],[9.1852186,45.4709014],[9.1852044,45.4709182],[9.185269,45.4710443],[9.1852952,45.4710354],[9.1853187,45.4710734],[9.1852872,45.471081],[9.185349,45.4711994],[9.185205,45.4712046]]]},"properties":{"site":"milan","name":null,"category":"other","historic":null,"building":"apartments","osm_id":493497952}},{"type":"Feature","geometry":{"type":"Polygon","coordinates":[[[9.1853167,45.470515],[9.1852855,45.4705216],[9.1851701,45.4704862],[9.1851195,45.4705705],[9.1850916,45.4705625],[9.1850216,45.4705568],[9.1850144,45.4705319],[9.1849644,45.4703584],[9.1849992,45.4702944],[9.1853726,45.4704034],[9.1853278,45.4704929],[9.1853167,45.470515]]]},"properties":{"site":"milan","name":null,"category":"other","historic":null,"building":"apartments","osm_id":493497953}},{"type":"Feature","geometry":{"type":"Polygon","coordinates":[[[9.1862715,45.4716677],[9.1862882,45.4715822],[9.1863243,45.4715853],[9.1863587,45.4714117],[9.1864713,45.4714242],[9.1864297,45.4716403],[9.1864192,45.4716415],[9.1864146,45.4716817],[9.1863364,45.4716727],[9.1863052,45.4716703],[9.1862715,45.4716677]]]},"properties":{"site":"milan","name":null,"category":"other","historic":null,"building":"yes","osm_id":493497954}},{"type":"Feature","geometry":{"type":"Polygon","coordinates":[[[9.1950597,45.4713034],[9.1950057,45.4712593],[9.1949649,45.4712823],[9.1950565,45.4713601],[9.1950984,45.4713291],[9.1950597,45.4713034]]]},"properties":{"site":"milan","name":null,"category":"other","historic":null,"building":"yes","osm_id":493501739}},{"type":"Feature","geometry":{"type":"Polygon","coordinates":[[[9.1954341,45.471214],[9.1954457,45.4712232],[9.1955136,45.4712772],[9.1953475,45.4714159],[9.195234,45.4713534],[9.1953139,45.4712984],[9.1953466,45.4713251],[9.1953756,45.4713058],[9.1953345,45.471284],[9.1954341,45.471214]]]},"properties":{"site":"milan","name":null,"category":"other","historic":null,"building":"apartments","osm_id":493501741}},{"type":"Feature","geometry":{"type":"Polygon","coordinates":[[[9.1953475,45.4714159],[9.1952653,45.4714862],[9.1952514,45.4714981],[9.1951903,45.4714503],[9.1952254,45.4714174],[9.1951852,45.4713845],[9.195234,45.4713534],[9.1953475,45.4714159]]]},"properties":{"site":"milan","name":null,"category":"other","historic":null,"building":"apartments","osm_id":493501744}},{"type":"Feature","geometry":{"type":"Polygon","coordinates":[[[9.1949918,45.4714091],[9.1948542,45.4714968],[9.1947294,45.4715877],[9.1947037,45.4715653],[9.1946503,45.4715971],[9.1946804,45.471622],[9.1946155,45.4716678],[9.1945905,45.4716468],[9.1944736,45.4715451],[9.194597,45.4714597],[9.1948503,45.4712912],[9.1949918,45.4714091]]]},"properties":{"site":"milan","name":null,"category":"other","historic":null,"building":"apartments","osm_id":493501745}},{"type":"Feature","geometry":{"type":"Polygon","coordinates":[[[9.1944736,45.4715451],[9.1944472,45.4715218],[9.1944105,45.4714848],[9.1941811,45.4712799],[9.1941001,45.4712059],[9.1940443,45.4711558],[9.1941638,45.4710862],[9.1942325,45.4711364],[9.194597,45.4714597],[9.1944736,45.4715451]]]},"properties":{"site":"milan","name":null,"category":"other","historic":null,"building":"apartments","osm_id":493501746}},{"type":"Feature","geometry":{"type":"Polygon","coordinates":[[[9.1943369,45.4703474],[9.1943493,45.4703569],[9.1944317,45.4704199],[9.1942845,45.4705269],[9.1941886,45.4704552],[9.1943369,45.4703474]]]},"properties":{"site":"milan","name":null,"category":"other","historic":null,"building":"apartments","osm_id":493501754}},{"type":"Feature","geometry":{"type":"Polygon","coordinates":[[[9.193777,45.4703664],[9.1936633,45.4704198],[9.1936092,45.4703706],[9.193501,45.4704209],[9.1935447,45.4704717],[9.19342,45.4705298],[9.1933541,45.4704576],[9.1933396,45.4704389],[9.1933561,45.4704258],[9.1933486,45.4704198],[9.1933733,45.4704121],[9.1934038,45.4704045],[9.1934324,45.4704058],[9.1935931,45.4703132],[9.193589,45.470308],[9.1936214,45.4702532],[9.1936519,45.4702409],[9.1936938,45.4702759],[9.1937549,45.4703406],[9.193777,45.4703664]]]},"properties":{"site":"milan","name":null,"category":"other","historic":null,"building":"apartments","osm_id":493501757}},{"type":"Feature","geometry":{"type":"Polygon","coordinates":[[[9.1930862,45.4701897],[9.1931606,45.4701405],[9.1931824,45.4701674],[9.1932375,45.470142],[9.1932579,45.4701616],[9.1933296,45.4701116],[9.1933039,45.4700951],[9.1933595,45.4700537],[9.1934146,45.4700951],[9.1931518,45.4702679],[9.1931218,45.4702301],[9.1930862,45.4701897]]]},"properties":{"site":"milan","name":null,"category":"other","historic":null,"building":"apartments","osm_id":493501758}},{"type":"Feature","geometry":{"type":"Polygon","coordinates":[[[9.1934901,45.470154],[9.1932772,45.4702774],[9.193279,45.4702908],[9.1932732,45.4703028],[9.1932598,45.4703094],[9.1932577,45.4703178],[9.1932461,45.4703241],[9.1932255,45.4703246],[9.1932063,45.4703055],[9.193192,45.4703119],[9.1931571,45.4702737],[9.1931518,45.4702679],[9.1934146,45.4700951],[9.1934901,45.470154]]]},"properties":{"site":"milan","name":null,"category":"other","historic":null,"building":"apartments","osm_id":493501759}},{"type":"Feature","geometry":{"type":"Polygon","coordinates":[[[9.1930862,45.4701897],[9.1931606,45.4701405],[9.1931824,45.4701674],[9.1932375,45.470142],[9.1933039,45.4700951],[9.193274,45.4700661],[9.1932215,45.470096],[9.1931923,45.4700655],[9.193241,45.4700355],[9.1932314,45.4700302],[9.1932147,45.4700414],[9.1931701,45.4700047],[9.1931267,45.469971],[9.1931169,45.4699769],[9.193068,45.4699402],[9.1929329,45.4700275],[9.193002,45.470102],[9.1930862,45.4701897]]]},"properties":{"site":"milan","name":null,"category":"other","historic":null,"building":"apartments","osm_id":493501760}},{"type":"Feature","geometry":{"type":"Polygon","coordinates":[[[9.1931701,45.4700047],[9.1931267,45.469971],[9.1931169,45.4699769],[9.193068,45.4699402],[9.1931421,45.4698893],[9.1932136,45.4698402],[9.1933113,45.4699124],[9.1931701,45.4700047]]]},"properties":{"site":"milan","name":null,"category":"other","historic":null,"building":"apartments","osm_id":493501761}},{"type":"Feature","geometry":{"type":"Polygon","coordinates":[[[9.1872933,45.4682731],[9.1872186,45.4681694],[9.1873386,45.4681206],[9.1874337,45.4682217],[9.1872933,45.4682731]]]},"properties":{"site":"milan","name":null,"category":"other","historic":null,"building":"apartments","osm_id":493503588}},{"type":"Feature","geometry":{"type":"Polygon","coordinates":[[[9.1860162,45.467647],[9.185994,45.4677027],[9.1858932,45.4676875],[9.1858628,45.4677942],[9.1857284,45.4677815],[9.185774,45.4676137],[9.1860162,45.467647]]]},"properties":{"site":"milan","name":null,"category":"other","historic":null,"building":"apartments","osm_id":493503591}},{"type":"Feature","geometry":{"type":"Polygon","coordinates":[[[9.1858162,45.4674921],[9.1860199,45.4675266],[9.1860248,45.4675091],[9.1860549,45.4674205],[9.1860195,45.4674123],[9.1859402,45.4673938],[9.1858571,45.4673791],[9.1858162,45.4674921]]]},"properties":{"site":"milan","name":null,"category":"other","historic":null,"building":"yes","osm_id":493503593}},{"type":"Feature","geometry":{"type":"Polygon","coordinates":[[[9.1860768,45.4676079],[9.1861151,45.4675253],[9.1860248,45.4675091],[9.1860549,45.4674205],[9.1862024,45.467451],[9.1861646,45.467555],[9.1861395,45.4676197],[9.1860768,45.4676079]]]},"properties":{"site":"milan","name":null,"category":"other","historic":null,"building":"yes","osm_id":493503595}},{"type":"Feature","geometry":{"type":"Polygon","coordinates":[[[9.1860802,45.4690747],[9.1860795,45.4691125],[9.18603,45.4691086],[9.1860269,45.469137],[9.1860213,45.4691505],[9.1859038,45.4691408],[9.1859072,45.4690942],[9.1858008,45.4691029],[9.1857847,45.4691033],[9.1857727,45.469053],[9.1859645,45.4690666],[9.1860802,45.4690747]]]},"properties":{"site":"milan","name":null,"category":"other","historic":null,"building":"yes","osm_id":495062478}},{"type":"Feature","geometry":{"type":"Polygon","coordinates":[[[9.1854383,45.4692323],[9.1855984,45.4692243],[9.1857348,45.4692018],[9.1857844,45.4691919],[9.1858318,45.4691822],[9.1858178,45.4691333],[9.185806,45.4691366],[9.1855769,45.4691662],[9.1854361,45.4691718],[9.1854378,45.4692172],[9.1854383,45.4692323]]]},"properties":{"site":"milan","name":null,"category":"other","historic":null,"building":"yes","osm_id":495062481}},{"type":"Feature","geometry":{"type":"Polygon","coordinates":[[[9.1857269,45.4692915],[9.1856596,45.4692924],[9.1856377,45.4693326],[9.1855683,45.4693148],[9.1855715,45.4692947],[9.1854266,45.4692875],[9.1854024,45.4693432],[9.1853377,45.4694919],[9.1856547,45.4695738],[9.1856701,45.4695241],[9.185558,45.4694979],[9.1856248,45.4693517],[9.1856933,45.469367],[9.1857269,45.4692915]]]},"properties":{"site":"milan","name":null,"category":"other","historic":null,"building":"yes","osm_id":495062488}},{"type":"Feature","geometry":{"type":"Polygon","coordinates":[[[9.1852756,45.4696087],[9.1852903,45.4695811],[9.1853377,45.4694919],[9.1856547,45.4695738],[9.1856536,45.4695774],[9.1856405,45.4696145],[9.1856966,45.4696267],[9.1856712,45.4696869],[9.1852756,45.4696087]]]},"properties":{"site":"milan","name":null,"category":"other","historic":null,"building":"yes","osm_id":495062489}},{"type":"Feature","geometry":{"type":"Polygon","coordinates":[[[9.1856712,45.4696869],[9.1856475,45.4697412],[9.185704,45.4697541],[9.1857001,45.4697643],[9.1858225,45.4697924],[9.1858007,45.4698404],[9.1862239,45.4699416],[9.1862015,45.4699985],[9.1861347,45.4699854],[9.1860035,45.4699618],[9.18585,45.4699249],[9.1858084,45.4699125],[9.1856569,45.469879],[9.1855907,45.469862],[9.1854575,45.469826],[9.1853576,45.4697987],[9.1852006,45.4697455],[9.1852078,45.4697324],[9.1852219,45.4697067],[9.1852756,45.4696087],[9.1856712,45.4696869]]]},"properties":{"site":"milan","name":null,"category":"other","historic":null,"building":"apartments","osm_id":495062491}},{"type":"Feature","geometry":{"type":"Polygon","coordinates":[[[9.1857348,45.4692018],[9.1857478,45.4692898],[9.1857269,45.4692915],[9.1856596,45.4692924],[9.1856601,45.4692712],[9.1855701,45.4692723],[9.1855715,45.4692947],[9.1854266,45.4692875],[9.1854294,45.4692745],[9.1854383,45.4692323],[9.1855984,45.4692243],[9.1857348,45.4692018]]]},"properties":{"site":"milan","name":null,"category":"other","historic":null,"building":"yes","osm_id":495062500}},{"type":"Feature","geometry":{"type":"Polygon","coordinates":[[[9.1855926,45.4701054],[9.185618,45.4700581],[9.1856445,45.4700648],[9.1856589,45.4700401],[9.1859272,45.4701092],[9.1860585,45.470143],[9.1860998,45.4701536],[9.1860661,45.4702209],[9.1855926,45.4701054]]]},"properties":{"site":"milan","name":null,"category":"other","historic":null,"building":"yes","osm_id":495062501}},{"type":"Feature","geometry":{"type":"Polygon","coordinates":[[[9.1866351,45.4698129],[9.1865772,45.4699753],[9.1864129,45.4699419],[9.1864825,45.4697819],[9.1866351,45.4698129]]]},"properties":{"site":"milan","name":null,"category":"other","historic":null,"building":"apartments","osm_id":495062503}},{"type":"Feature","geometry":{"type":"Polygon","coordinates":[[[9.1867123,45.4696086],[9.1865695,45.4695795],[9.1864825,45.4697819],[9.1866351,45.4698129],[9.1866588,45.469746],[9.1867123,45.4696086]]]},"properties":{"site":"milan","name":null,"category":"other","historic":null,"building":"apartments","osm_id":495062505}},{"type":"Feature","geometry":{"type":"Polygon","coordinates":[[[9.1865161,45.4701676],[9.1865036,45.4702062],[9.1864605,45.4703388],[9.1861121,45.4702595],[9.1861202,45.4702325],[9.1861457,45.4701634],[9.1861709,45.4700914],[9.1862728,45.4701206],[9.1862444,45.4701772],[9.1863494,45.4701997],[9.1863729,45.4701395],[9.1865161,45.4701676]]]},"properties":{"site":"milan","name":null,"category":"other","historic":null,"building":"yes","osm_id":495062507}},{"type":"Feature","geometry":{"type":"Polygon","coordinates":[[[9.1941873,45.4685206],[9.1941797,45.4685174],[9.194154,45.4685501],[9.1939015,45.468451],[9.1940422,45.4682726],[9.1943877,45.4684224],[9.1943576,45.4684583],[9.1943535,45.4684615],[9.1942583,45.4684245],[9.1941649,45.4683845],[9.194125,45.4684339],[9.1942238,45.4684699],[9.1941873,45.4685206]]]},"properties":{"site":"milan","name":null,"category":"other","historic":null,"building":"yes","osm_id":495066709}},{"type":"Feature","geometry":{"type":"Polygon","coordinates":[[[9.1950236,45.4683261],[9.1949121,45.468256],[9.194727,45.4681369],[9.1948135,45.4680592],[9.1948577,45.4680834],[9.1948836,45.4680514],[9.1948363,45.4680236],[9.1948915,45.4679677],[9.1952143,45.4681617],[9.1950923,45.4682669],[9.1950236,45.4683261]]]},"properties":{"site":"milan","name":null,"category":"other","historic":null,"building":"yes","osm_id":495066711}},{"type":"Feature","geometry":{"type":"Polygon","coordinates":[[[9.1950236,45.4683261],[9.1949972,45.4683503],[9.1949505,45.4683929],[9.1947802,45.4682919],[9.194815,45.4682571],[9.1948759,45.4682909],[9.1949121,45.468256],[9.1950236,45.4683261]]]},"properties":{"site":"milan","name":null,"category":"other","historic":null,"building":"yes","osm_id":495066712}},{"type":"Feature","geometry":{"type":"Polygon","coordinates":[[[9.1936751,45.4688091],[9.1936988,45.4687413],[9.1938607,45.4687827],[9.1938741,45.4687869],[9.1938466,45.4688323],[9.1939344,45.4688699],[9.19397,45.46883],[9.1940895,45.4688753],[9.1941123,45.4688442],[9.194313,45.468923],[9.1942586,45.468968],[9.1941976,45.4690198],[9.1939124,45.4688959],[9.1936751,45.4688091]]]},"properties":{"site":"milan","name":null,"category":"other","historic":null,"building":"yes","osm_id":495066715}},{"type":"Feature","geometry":{"type":"Polygon","coordinates":[[[9.1938157,45.4693359],[9.1937802,45.4693654],[9.1937071,45.4694224],[9.1935976,45.4693321],[9.1936249,45.4693167],[9.1936787,45.4692913],[9.1936222,45.4692526],[9.1935809,45.4692864],[9.1934812,45.4692171],[9.1935298,45.4691811],[9.1935644,45.4691555],[9.1936567,45.4692214],[9.1937247,45.4692697],[9.1938157,45.4693359]]]},"properties":{"site":"milan","name":null,"category":"other","historic":null,"building":"yes","osm_id":495066717}},{"type":"Feature","geometry":{"type":"Polygon","coordinates":[[[9.1931695,45.4697658],[9.1931001,45.4698059],[9.1930469,45.4697553],[9.1930252,45.4697674],[9.1928258,45.4695879],[9.1928214,45.4695838],[9.1929516,45.469518],[9.1929953,45.4695583],[9.1929763,45.4695664],[9.1930126,45.4696],[9.1930054,45.4696023],[9.192937,45.4696382],[9.1929977,45.4696896],[9.1930638,45.4696557],[9.1930731,45.4696477],[9.1931389,45.4697099],[9.193118,45.4697228],[9.1931695,45.4697658]]]},"properties":{"site":"milan","name":null,"category":"other","historic":null,"building":"yes","osm_id":495066720}},{"type":"Feature","geometry":{"type":"Polygon","coordinates":[[[9.1929569,45.4698838],[9.1930394,45.4698389],[9.1931001,45.4698059],[9.1930469,45.4697553],[9.1930252,45.4697674],[9.1928258,45.4695879],[9.1927347,45.469636],[9.1928331,45.4697213],[9.1928024,45.4697391],[9.1929569,45.4698838]]]},"properties":{"site":"milan","name":null,"category":"other","historic":null,"building":"apartments","osm_id":495066721}},{"type":"Feature","geometry":{"type":"Polygon","coordinates":[[[9.1931007,45.468776],[9.1929886,45.4687139],[9.1930436,45.468659],[9.1929357,45.4686066],[9.1930005,45.4685393],[9.1927986,45.4684225],[9.1928823,45.4683496],[9.1929295,45.4683754],[9.192883,45.4684119],[9.1931001,45.4685323],[9.1931938,45.4684453],[9.1932774,45.4684841],[9.1932326,45.4685286],[9.1932465,45.468536],[9.1931988,45.4685896],[9.1932876,45.468629],[9.193128,45.4687906],[9.1931007,45.468776]]]},"properties":{"site":"milan","name":null,"category":"other","historic":null,"building":"yes","osm_id":495066725}},{"type":"Feature","geometry":{"type":"Polygon","coordinates":[[[9.1935638,45.4689632],[9.1934633,45.4689296],[9.1934635,45.4689236],[9.1934088,45.4689066],[9.1933979,45.4689017],[9.1934295,45.4686242],[9.1934466,45.4686036],[9.1935941,45.468656],[9.1935871,45.4687238],[9.1935663,45.4689263],[9.1935638,45.4689632]]]},"properties":{"site":"milan","name":null,"category":"other","historic":null,"building":"apartments","osm_id":495066726}},{"type":"Feature","geometry":{"type":"Polygon","coordinates":[[[9.1938567,45.4699214],[9.193935,45.4698713],[9.193967,45.4698936],[9.1940171,45.4698621],[9.1939827,45.469837],[9.194026,45.4698035],[9.1940869,45.4698339],[9.1940991,45.4698392],[9.1939191,45.4699676],[9.1938876,45.4699443],[9.1938567,45.4699214]]]},"properties":{"site":"milan","name":null,"category":"other","historic":null,"building":"apartments","osm_id":496501987}},{"type":"Feature","geometry":{"type":"Polygon","coordinates":[[[9.1938567,45.4699214],[9.1938417,45.4699105],[9.1937314,45.4698308],[9.193785,45.469791],[9.1938127,45.4697712],[9.1938641,45.4698035],[9.1938897,45.4697889],[9.1939668,45.4698485],[9.193935,45.4698713],[9.1938567,45.4699214]]]},"properties":{"site":"milan","name":null,"category":"other","historic":null,"building":"apartments","osm_id":496501988}},{"type":"Feature","geometry":{"type":"Polygon","coordinates":[[[9.1942265,45.469711],[9.1940869,45.4698339],[9.1940991,45.4698392],[9.1941408,45.4698638],[9.1941805,45.4698276],[9.1942609,45.4698664],[9.1943513,45.4697818],[9.194295,45.4697499],[9.1942265,45.469711]]]},"properties":{"site":"milan","name":null,"category":"other","historic":null,"building":"apartments","osm_id":496501989}},{"type":"Feature","geometry":{"type":"Polygon","coordinates":[[[9.1937314,45.4698308],[9.1937162,45.46984],[9.1937009,45.4698288],[9.1935991,45.4697539],[9.1934964,45.4696693],[9.1936382,45.4695872],[9.1937866,45.4697142],[9.1937517,45.4697338],[9.1937329,45.4697173],[9.1937037,45.4697317],[9.193785,45.469791],[9.1937314,45.4698308]]]},"properties":{"site":"milan","name":null,"category":"other","historic":null,"building":"yes","osm_id":496501994}},{"type":"Feature","geometry":{"type":"Polygon","coordinates":[[[9.1941284,45.4699687],[9.1940351,45.470047],[9.1939773,45.4700074],[9.1939191,45.4699676],[9.1940991,45.4698392],[9.1941408,45.4698638],[9.1940588,45.4699241],[9.1941284,45.4699687]]]},"properties":{"site":"milan","name":null,"category":"other","historic":null,"building":"apartments","osm_id":496502007}},{"type":"Feature","geometry":{"type":"Polygon","coordinates":[[[9.1943513,45.4697818],[9.1942609,45.4698664],[9.1942855,45.4698819],[9.1942382,45.4699333],[9.1942878,45.4699606],[9.1943266,45.4699301],[9.1944199,45.4699807],[9.1943814,45.4700143],[9.1944217,45.4700393],[9.194515,45.4700971],[9.1946765,45.4699612],[9.1945757,45.4699054],[9.1945367,45.4699396],[9.1944442,45.4698905],[9.1943665,45.4698474],[9.1944037,45.469813],[9.1943513,45.4697818]]]},"properties":{"site":"milan","name":null,"category":"other","historic":null,"building":"apartments","osm_id":496502009}},{"type":"Feature","geometry":{"type":"Polygon","coordinates":[[[9.1942358,45.470176],[9.1943411,45.4700966],[9.1943872,45.4701287],[9.1944305,45.4701024],[9.1943806,45.4700678],[9.1944217,45.4700393],[9.194515,45.4700971],[9.1944755,45.4701329],[9.1944618,45.4701206],[9.1942959,45.4702207],[9.1942455,45.4701832],[9.1942358,45.470176]]]},"properties":{"site":"milan","name":null,"category":"other","historic":null,"building":"apartments","osm_id":496502010}},{"type":"Feature","geometry":{"type":"Polygon","coordinates":[[[9.1942959,45.4702207],[9.1944618,45.4701206],[9.1944755,45.4701329],[9.1944598,45.4701453],[9.1944695,45.47015],[9.1944489,45.4701626],[9.1947086,45.4703604],[9.1945875,45.4704423],[9.1945785,45.470433],[9.1943864,45.4702887],[9.1942959,45.4702207]]]},"properties":{"site":"milan","name":null,"category":"other","historic":null,"building":"apartments","osm_id":496502012}},{"type":"Feature","geometry":{"type":"Polygon","coordinates":[[[9.1946765,45.4699612],[9.194774,45.4700201],[9.1948613,45.4700729],[9.194694,45.4702089],[9.1946477,45.4701836],[9.1947179,45.4701196],[9.1946341,45.4700714],[9.1945658,45.4701275],[9.194515,45.4700971],[9.1946765,45.4699612]]]},"properties":{"site":"milan","name":null,"category":"other","historic":null,"building":"yes","osm_id":496502013}},{"type":"Feature","geometry":{"type":"Polygon","coordinates":[[[9.1948613,45.4700729],[9.1949399,45.4701237],[9.1949568,45.4701346],[9.1948915,45.4701817],[9.1948468,45.4701559],[9.1947995,45.4701975],[9.1948361,45.4702216],[9.1947834,45.4702617],[9.194694,45.4702089],[9.1948613,45.4700729]]]},"properties":{"site":"milan","name":null,"category":"other","historic":null,"building":"yes","osm_id":496502014}},{"type":"Feature","geometry":{"type":"Polygon","coordinates":[[[9.1868391,45.4698998],[9.1868165,45.4699715],[9.1867439,45.4699603],[9.1867234,45.4700207],[9.1867828,45.4700339],[9.1867669,45.4700788],[9.1866229,45.4700467],[9.1866489,45.4699608],[9.1866766,45.4698691],[9.1868391,45.4698998]]]},"properties":{"site":"milan","name":null,"category":"other","historic":null,"building":"yes","osm_id":496505489}},{"type":"Feature","geometry":{"type":"Polygon","coordinates":[[[9.1871142,45.4700469],[9.1871591,45.4699016],[9.1872798,45.4699126],[9.1875253,45.4699424],[9.1874859,45.4700368],[9.1874754,45.4700561],[9.1874414,45.4700559],[9.1872128,45.4700274],[9.1872061,45.4700676],[9.1871717,45.470061],[9.1871142,45.4700469]]]},"properties":{"site":"milan","name":null,"category":"other","historic":null,"building":"yes","osm_id":496505495}},{"type":"Feature","geometry":{"type":"Polygon","coordinates":[[[9.1873237,45.470512],[9.18736,45.4703722],[9.1873061,45.4703623],[9.1873089,45.4703536],[9.1872733,45.4703465],[9.1872499,45.4704108],[9.1871767,45.4703958],[9.187143,45.4704888],[9.1873237,45.470512]]]},"properties":{"site":"milan","name":null,"category":"other","historic":null,"building":"yes","osm_id":496505496}},{"type":"Feature","geometry":{"type":"Polygon","coordinates":[[[9.1872446,45.469521],[9.1872196,45.4695947],[9.1872141,45.4696109],[9.1868181,45.4695497],[9.1868716,45.4694119],[9.1870473,45.4694405],[9.1870415,45.4694913],[9.1869369,45.4694776],[9.1869288,45.4695124],[9.1870605,45.4695335],[9.1870743,45.4694974],[9.1872446,45.469521]]]},"properties":{"site":"milan","name":null,"category":"other","historic":null,"building":"apartments","osm_id":496505499}},{"type":"Feature","geometry":{"type":"Polygon","coordinates":[[[9.1872446,45.469521],[9.1870743,45.4694974],[9.1870415,45.4694913],[9.1870473,45.4694405],[9.1870507,45.4694314],[9.1871368,45.4694438],[9.1871739,45.4693623],[9.1871904,45.4693226],[9.1873138,45.4693371],[9.1872998,45.4693744],[9.1872446,45.469521]]]},"properties":{"site":"milan","name":null,"category":"other","historic":null,"building":"apartments","osm_id":496505500}},{"type":"Feature","geometry":{"type":"Polygon","coordinates":[[[9.1868716,45.4694119],[9.1868905,45.469358],[9.1869909,45.4693743],[9.1869976,45.4693405],[9.1870634,45.4693473],[9.1870507,45.4694314],[9.1870473,45.4694405],[9.1868716,45.4694119]]]},"properties":{"site":"milan","name":null,"category":"other","historic":null,"building":"yes","osm_id":496505505}},{"type":"Feature","geometry":{"type":"Polygon","coordinates":[[[9.1872141,45.4696109],[9.1871872,45.4696945],[9.1871679,45.4697545],[9.1867676,45.4696913],[9.1868111,45.4695693],[9.1868181,45.4695497],[9.1872141,45.4696109]]]},"properties":{"site":"milan","name":null,"category":"other","historic":null,"building":"apartments","osm_id":496505515}},{"type":"Feature","geometry":{"type":"Polygon","coordinates":[[[9.1991651,45.4647246],[9.1994235,45.4646673],[9.1994279,45.4646787],[9.1995422,45.4646495],[9.199579,45.4647138],[9.1994017,45.4647601],[9.1994575,45.4648551],[9.1992848,45.4649002],[9.1991651,45.4647246]]]},"properties":{"site":"milan","name":null,"category":"other","historic":null,"building":"apartments","osm_id":496511163}},{"type":"Feature","geometry":{"type":"Polygon","coordinates":[[[9.1992089,45.4644971],[9.1991883,45.4644593],[9.1990175,45.4645065],[9.1989796,45.464447],[9.1989414,45.464387],[9.199025,45.4643518],[9.1991012,45.4643676],[9.1991341,45.4644277],[9.1992999,45.464387],[9.1992674,45.4643294],[9.1993502,45.4643094],[9.1993786,45.4643019],[9.1994152,45.4643706],[9.1993589,45.4643837],[9.1994008,45.4644472],[9.1992089,45.4644971]]]},"properties":{"site":"milan","name":null,"category":"other","historic":null,"building":"apartments","osm_id":496511164}},{"type":"Feature","geometry":{"type":"Polygon","coordinates":[[[9.1993114,45.4642357],[9.199237,45.4642636],[9.1992182,45.4642365],[9.1992034,45.4642391],[9.199134,45.4641529],[9.1989903,45.4642066],[9.1990161,45.4642438],[9.1988673,45.4642974],[9.198844,45.4642702],[9.1988041,45.4642234],[9.1990641,45.4641274],[9.1990427,45.4640959],[9.1991752,45.4640463],[9.1992328,45.4641189],[9.1992848,45.4641845],[9.1993114,45.4642357]]]},"properties":{"site":"milan","name":null,"category":"other","historic":null,"building":"yes","osm_id":496511166}},{"type":"Feature","geometry":{"type":"Polygon","coordinates":[[[9.1986643,45.4640883],[9.1988548,45.4640078],[9.1988407,45.4639922],[9.1987585,45.4640254],[9.1987302,45.4639947],[9.1988111,45.4639576],[9.198818,45.4639554],[9.1987793,45.4639095],[9.1986973,45.4639486],[9.1985755,45.4640039],[9.1986234,45.4640494],[9.1986643,45.4640883]]]},"properties":{"site":"milan","name":null,"category":"other","historic":null,"building":"apartments","osm_id":496511167}},{"type":"Feature","geometry":{"type":"Polygon","coordinates":[[[9.1988835,45.4637593],[9.198797,45.4636713],[9.1986621,45.4637302],[9.1987153,45.4637862],[9.1986086,45.4638283],[9.1985539,45.4637739],[9.1984246,45.4638262],[9.1984689,45.4638815],[9.1985128,45.4639364],[9.1986405,45.463883],[9.1987237,45.4638449],[9.1987114,45.463826],[9.1988835,45.4637593]]]},"properties":{"site":"milan","name":null,"category":"other","historic":null,"building":"apartments","osm_id":496511168}},{"type":"Feature","geometry":{"type":"Polygon","coordinates":[[[9.1985755,45.4640039],[9.1986973,45.4639486],[9.1986405,45.463883],[9.1985128,45.4639364],[9.1985565,45.4639834],[9.1985755,45.4640039]]]},"properties":{"site":"milan","name":null,"category":"other","historic":null,"building":"apartments","osm_id":496511169}},{"type":"Feature","geometry":{"type":"Polygon","coordinates":[[[9.1983373,45.4637166],[9.198574,45.4636344],[9.1985052,45.4635523],[9.1982815,45.4636467],[9.1982929,45.4636609],[9.1983373,45.4637166]]]},"properties":{"site":"milan","name":null,"category":"other","historic":null,"building":"yes","osm_id":496511170}},{"type":"Feature","geometry":{"type":"Polygon","coordinates":[[[9.1990482,45.4639205],[9.198961,45.4638352],[9.1988835,45.4637593],[9.1987114,45.463826],[9.1987237,45.4638449],[9.1987793,45.4639095],[9.198818,45.4639554],[9.1988111,45.4639576],[9.1988407,45.4639922],[9.1988548,45.4640078],[9.1990482,45.4639205]]]},"properties":{"site":"milan","name":null,"category":"other","historic":null,"building":"apartments","osm_id":496511172}},{"type":"Feature","geometry":{"type":"Polygon","coordinates":[[[9.1804346,45.4568874],[9.1804652,45.4569778],[9.1804089,45.4569886],[9.1803627,45.4568672],[9.1801729,45.4569115],[9.1801916,45.4569491],[9.180242,45.4569354],[9.180254,45.4569623],[9.1802064,45.4569736],[9.1802245,45.4570074],[9.1800908,45.4570341],[9.1800366,45.456946],[9.1800071,45.4568945],[9.1800633,45.4568812],[9.1802109,45.4568496],[9.1803201,45.4568227],[9.1804076,45.4568014],[9.1804346,45.4568874]]]},"properties":{"site":"milan","name":null,"category":"other","historic":null,"building":"apartments","osm_id":498096255}},{"type":"Feature","geometry":{"type":"Polygon","coordinates":[[[9.1808136,45.4569504],[9.1808252,45.4570236],[9.1808281,45.4570364],[9.1806742,45.4570463],[9.1806209,45.4570496],[9.1804901,45.4570541],[9.1804811,45.4570013],[9.1805796,45.4569828],[9.1805895,45.4570255],[9.1806579,45.4570221],[9.180648,45.4569695],[9.1808136,45.4569504]]]},"properties":{"site":"milan","name":null,"category":"other","historic":null,"building":"apartments","osm_id":498096257}},{"type":"Feature","geometry":{"type":"Polygon","coordinates":[[[9.1800908,45.4570341],[9.1802245,45.4570074],[9.1802486,45.4570446],[9.1802808,45.4570351],[9.1802694,45.4570211],[9.1803425,45.4570056],[9.1803579,45.4570352],[9.1804632,45.4570074],[9.1804578,45.4569956],[9.1804096,45.4570022],[9.1804089,45.4569886],[9.1804652,45.4569778],[9.1804811,45.4570013],[9.1804901,45.4570541],[9.180252,45.457117],[9.1802604,45.4571373],[9.1801522,45.4571589],[9.180148,45.4571437],[9.1800908,45.4570341]]]},"properties":{"site":"milan","name":null,"category":"other","historic":null,"building":"apartments","osm_id":498096259}},{"type":"Feature","geometry":{"type":"Polygon","coordinates":[[[9.1801522,45.4571589],[9.1802604,45.4571373],[9.1802963,45.4572066],[9.1803512,45.4572161],[9.1803627,45.457189],[9.1803348,45.4571186],[9.180412,45.4571059],[9.180427,45.4571695],[9.1803943,45.4573109],[9.1802728,45.4572856],[9.180214,45.4572734],[9.1801522,45.4571589]]]},"properties":{"site":"milan","name":null,"category":"other","historic":null,"building":"apartments","osm_id":498096261}},{"type":"Feature","geometry":{"type":"Polygon","coordinates":[[[9.1808281,45.4570364],[9.1808279,45.4570495],[9.1808264,45.457093],[9.1805939,45.4571046],[9.1804974,45.4571095],[9.1804988,45.4570864],[9.1804901,45.4570541],[9.1806209,45.4570496],[9.1806302,45.4570883],[9.1806865,45.4570855],[9.1806742,45.4570463],[9.1808281,45.4570364]]]},"properties":{"site":"milan","name":null,"category":"other","historic":null,"building":"apartments","osm_id":498096265}},{"type":"Feature","geometry":{"type":"Polygon","coordinates":[[[9.1798247,45.4570348],[9.1799418,45.4570013],[9.1800321,45.4571554],[9.1799147,45.4571887],[9.1798247,45.4570348]]]},"properties":{"site":"milan","name":null,"category":"other","historic":null,"building":"roof","osm_id":498096272}},{"type":"Feature","geometry":{"type":"Polygon","coordinates":[[[9.1963122,45.4705781],[9.1961274,45.4704747],[9.1962172,45.4703982],[9.1962755,45.4704279],[9.1964043,45.4704979],[9.1963881,45.470512],[9.1963122,45.4705781]]]},"properties":{"site":"milan","name":null,"category":"other","historic":null,"building":"apartments","osm_id":498096275}},{"type":"Feature","geometry":{"type":"Polygon","coordinates":[[[9.1964043,45.4704979],[9.1962755,45.4704279],[9.1963264,45.4703895],[9.1961956,45.4703134],[9.1961208,45.4703749],[9.1960513,45.4703375],[9.196117,45.47028],[9.1962412,45.4701725],[9.1963042,45.4702135],[9.1965488,45.4703609],[9.1964252,45.4704781],[9.1964043,45.4704979]]]},"properties":{"site":"milan","name":null,"category":"other","historic":null,"building":"apartments","osm_id":498096277}},{"type":"Feature","geometry":{"type":"Polygon","coordinates":[[[9.1962412,45.4701725],[9.196117,45.47028],[9.1960622,45.4702465],[9.1960046,45.4702926],[9.1959499,45.4702571],[9.1959434,45.4702529],[9.1961227,45.470102],[9.1961383,45.4701113],[9.1962412,45.4701725]]]},"properties":{"site":"milan","name":null,"category":"other","historic":null,"building":"apartments","osm_id":498096279}},{"type":"Feature","geometry":{"type":"Polygon","coordinates":[[[9.1961227,45.470102],[9.1959434,45.4702529],[9.1958892,45.4702196],[9.1959621,45.4701662],[9.195911,45.4701354],[9.1958573,45.4701343],[9.1957371,45.4702387],[9.1956804,45.4702101],[9.1956948,45.4701987],[9.195741,45.47016],[9.1959404,45.4699892],[9.1959809,45.4700142],[9.1961227,45.470102]]]},"properties":{"site":"milan","name":null,"category":"other","historic":null,"building":"apartments","osm_id":498096280}},{"type":"Feature","geometry":{"type":"Polygon","coordinates":[[[9.1956985,45.4698434],[9.1956283,45.4699044],[9.1955976,45.4699316],[9.1955412,45.4699742],[9.1955984,45.4700064],[9.1956637,45.470046],[9.1957975,45.4699034],[9.1957782,45.469891],[9.1956985,45.4698434]]]},"properties":{"site":"milan","name":null,"category":"other","historic":null,"building":"yes","osm_id":498096281}},{"type":"Feature","geometry":{"type":"Polygon","coordinates":[[[9.1955049,45.4704007],[9.1954893,45.4703905],[9.1954142,45.4703415],[9.1955001,45.47027],[9.1955873,45.4701992],[9.1956308,45.4701623],[9.1956948,45.4701987],[9.1956804,45.4702101],[9.1957371,45.4702387],[9.1955049,45.4704007]]]},"properties":{"site":"milan","name":null,"category":"other","historic":null,"building":"yes","osm_id":498096282}},{"type":"Feature","geometry":{"type":"Polygon","coordinates":[[[9.195471,45.4700431],[9.195418,45.470084],[9.1953997,45.4700751],[9.1953821,45.4700921],[9.1952921,45.4700377],[9.1952637,45.470066],[9.1951451,45.4701662],[9.1952199,45.4702114],[9.195298,45.4702585],[9.1955271,45.4700716],[9.195471,45.4700431]]]},"properties":{"site":"milan","name":null,"category":"other","historic":null,"building":"yes","osm_id":498096285}},{"type":"Feature","geometry":{"type":"Polygon","coordinates":[[[9.1944463,45.4696152],[9.1944694,45.4696257],[9.1943586,45.469708],[9.1942186,45.4696348],[9.1943092,45.4695675],[9.1943297,45.4695513],[9.1943818,45.4695088],[9.1943857,45.4695142],[9.1944302,45.4695439],[9.1943816,45.4695816],[9.1944463,45.4696152]]]},"properties":{"site":"milan","name":null,"category":"other","historic":null,"building":"yes","osm_id":498096313}},{"type":"Feature","geometry":{"type":"Polygon","coordinates":[[[9.1959404,45.4699892],[9.195741,45.47016],[9.1957032,45.4701393],[9.1958196,45.470037],[9.1957727,45.470007],[9.1957045,45.4700694],[9.1956637,45.470046],[9.1957975,45.4699034],[9.195863,45.4699427],[9.1959404,45.4699892]]]},"properties":{"site":"milan","name":null,"category":"other","historic":null,"building":"yes","osm_id":498096317}},{"type":"Feature","geometry":{"type":"Polygon","coordinates":[[[9.1852167,45.4634676],[9.185121,45.4635291],[9.1850907,45.4635495],[9.1850292,45.4635863],[9.1849992,45.4635842],[9.1849569,45.4635512],[9.1850116,45.4635141],[9.1850528,45.4635448],[9.1850962,45.4635166],[9.1850467,45.4634831],[9.1851438,45.463415],[9.1851643,45.4634316],[9.1852167,45.4634676]]]},"properties":{"site":"milan","name":null,"category":"other","historic":null,"building":"yes","osm_id":498096394}},{"type":"Feature","geometry":{"type":"Polygon","coordinates":[[[9.1842273,45.4635484],[9.1841844,45.463581],[9.1841554,45.4635857],[9.1841326,45.4635732],[9.1840289,45.4636347],[9.1838759,45.4635174],[9.1840144,45.463437],[9.1840375,45.4634236],[9.1842273,45.4635484]]]},"properties":{"site":"milan","name":null,"category":"other","historic":null,"building":"yes","osm_id":498096401}},{"type":"Feature","geometry":{"type":"Polygon","coordinates":[[[9.1854707,45.4632984],[9.1854268,45.4632759],[9.1854027,45.4632668],[9.1853784,45.4632568],[9.1853643,45.4632387],[9.1853642,45.4632211],[9.1853337,45.4632001],[9.1852787,45.4631642],[9.1852323,45.4631356],[9.1851813,45.4631042],[9.1852126,45.4630771],[9.1852045,45.4630713],[9.1852142,45.4630631],[9.1852363,45.4630444],[9.1852625,45.4630222],[9.1852702,45.4630156],[9.1852794,45.4630219],[9.1853166,45.4629925],[9.1853674,45.4630253],[9.1854087,45.4630522],[9.1854057,45.4630547],[9.1854143,45.46306],[9.1854188,45.4630628],[9.185422,45.4630648],[9.1854302,45.4630699],[9.1854424,45.463058],[9.1855014,45.4630915],[9.1854875,45.4631034],[9.1854963,45.4631097],[9.1855166,45.4631031],[9.1855385,45.4631063],[9.1855534,45.4631133],[9.185568,45.4631263],[9.1855702,45.4631426],[9.1855621,45.4631577],[9.1856073,45.4631854],[9.185579,45.4632076],[9.1855904,45.4632243],[9.1855906,45.4632416],[9.1855791,45.4632581],[9.1855602,45.4632685],[9.1855355,45.4632705],[9.1855107,45.4632647],[9.1854707,45.4632984]]]},"properties":{"site":"milan","name":"Chiesa di San Sepolcro","category":"tomb","historic":null,"building":"church","osm_id":498096405}},{"type":"Feature","geometry":{"type":"Polygon","coordinates":[[[9.1843594,45.4627442],[9.1843542,45.4627464],[9.1843503,45.4627358],[9.1843362,45.4627414],[9.1843208,45.4627157],[9.1843136,45.4627179],[9.1842783,45.4626659],[9.1842894,45.4626628],[9.1842721,45.4626391],[9.1842862,45.4626319],[9.1842685,45.4626018],[9.18431,45.462577],[9.1843578,45.4625542],[9.1844537,45.4626924],[9.184417,45.4627293],[9.1843594,45.4627442]]]},"properties":{"site":"milan","name":null,"category":"other","historic":null,"building":"yes","osm_id":498096412}},{"type":"Feature","geometry":{"type":"Polygon","coordinates":[[[9.1838714,45.4631897],[9.1837477,45.4632186],[9.183787,45.4632978],[9.1838607,45.4632747],[9.1838785,45.4633023],[9.1839785,45.4632602],[9.1839988,45.4632777],[9.1839719,45.4632949],[9.184043,45.4633494],[9.1841147,45.4633083],[9.184126,45.4633018],[9.1840667,45.4632459],[9.1840375,45.4632595],[9.1839698,45.4631897],[9.1838868,45.4632142],[9.1838714,45.4631897]]]},"properties":{"site":"milan","name":null,"category":"other","historic":null,"building":"yes","osm_id":498096417}},{"type":"Feature","geometry":{"type":"Polygon","coordinates":[[[9.1837232,45.4632868],[9.183638,45.4633234],[9.1835904,45.4633892],[9.1834467,45.4633616],[9.1834901,45.4632666],[9.1835569,45.4632866],[9.1835906,45.463272],[9.1835589,45.4632322],[9.1836706,45.463191],[9.1837232,45.4632868]]]},"properties":{"site":"milan","name":null,"category":"other","historic":null,"building":"apartments","osm_id":498096427}},{"type":"Feature","geometry":{"type":"Polygon","coordinates":[[[9.1835904,45.4633892],[9.1837241,45.4634329],[9.1837587,45.4634103],[9.1837886,45.4633872],[9.1837232,45.4632868],[9.183638,45.4633234],[9.1835904,45.4633892]]]},"properties":{"site":"milan","name":null,"category":"other","historic":null,"building":"apartments","osm_id":498096431}},{"type":"Feature","geometry":{"type":"Polygon","coordinates":[[[9.1835356,45.4610252],[9.1835601,45.4610024],[9.1835982,45.4609889],[9.1835545,45.4609228],[9.1834889,45.4609477],[9.1834449,45.4609117],[9.1833706,45.460904],[9.1832675,45.460957],[9.1834443,45.4610993],[9.1835356,45.4610252]]]},"properties":{"site":"milan","name":null,"category":"other","historic":null,"building":"yes","osm_id":498520140}},{"type":"Feature","geometry":{"type":"Polygon","coordinates":[[[9.1834443,45.4610993],[9.1835356,45.4610252],[9.1835601,45.4610024],[9.1835982,45.4609889],[9.183626,45.4610255],[9.1836626,45.4610443],[9.1835949,45.4611119],[9.1835203,45.4611707],[9.1834443,45.4610993]]]},"properties":{"site":"milan","name":null,"category":"other","historic":null,"building":"yes","osm_id":498520142}},{"type":"Feature","geometry":{"type":"Polygon","coordinates":[[[9.1835545,45.4609228],[9.1835674,45.4608357],[9.1833491,45.4608161],[9.1831913,45.4608037],[9.1831467,45.4608582],[9.1832675,45.460957],[9.1833706,45.460904],[9.1834449,45.4609117],[9.1834889,45.4609477],[9.1835545,45.4609228]]]},"properties":{"site":"milan","name":null,"category":"other","historic":null,"building":"yes","osm_id":498520143}},{"type":"Feature","geometry":{"type":"Polygon","coordinates":[[[9.1883503,45.4632221],[9.1881963,45.4633252],[9.1881484,45.4633596],[9.1881019,45.4633231],[9.1880033,45.4633924],[9.1880536,45.4634333],[9.1881027,45.4634733],[9.1882075,45.4634069],[9.1881929,45.4633921],[9.188349,45.4632997],[9.1883503,45.4632221]]]},"properties":{"site":"milan","name":null,"category":"other","historic":null,"building":"yes","osm_id":498555008}},{"type":"Feature","geometry":{"type":"Polygon","coordinates":[[[9.1880458,45.4632801],[9.1880602,45.4632687],[9.1881186,45.4633089],[9.1881019,45.4633231],[9.1880033,45.4633924],[9.1879311,45.4633353],[9.1878233,45.4632461],[9.1878881,45.463207],[9.187917,45.4631895],[9.187964,45.4632154],[9.1879735,45.4632321],[9.1880458,45.4632801]]]},"properties":{"site":"milan","name":null,"category":"other","historic":null,"building":"yes","osm_id":498555009}},{"type":"Feature","geometry":{"type":"Polygon","coordinates":[[[9.1884138,45.4633297],[9.1883518,45.4633302],[9.1883535,45.4633694],[9.1882662,45.4633711],[9.1882691,45.4634087],[9.1882258,45.4634212],[9.1882075,45.4634069],[9.1881027,45.4634733],[9.1881235,45.4634902],[9.1882191,45.4635679],[9.1884163,45.4635149],[9.1884149,45.4634092],[9.1884138,45.4633297]]]},"properties":{"site":"milan","name":null,"category":"other","historic":null,"building":"apartments","osm_id":498555011}},{"type":"Feature","geometry":{"type":"Polygon","coordinates":[[[9.1884005,45.4621563],[9.1884033,45.4623088],[9.1882309,45.4622527],[9.1881806,45.4622367],[9.188143,45.462233],[9.1880921,45.4622273],[9.1881229,45.4621643],[9.1881591,45.4621775],[9.18819,45.4621229],[9.1883321,45.4621286],[9.1884005,45.4621563]]]},"properties":{"site":"milan","name":null,"category":"other","historic":null,"building":"apartments","osm_id":499712564}},{"type":"Feature","geometry":{"type":"Polygon","coordinates":[[[9.1879824,45.4625719],[9.1879615,45.4625649],[9.1877274,45.4624861],[9.1877997,45.4623844],[9.1878439,45.4624023],[9.1878815,45.4623374],[9.1879164,45.4623468],[9.1879579,45.4622715],[9.1878407,45.4622371],[9.1878748,45.4621841],[9.1879204,45.4621982],[9.1879755,45.462118],[9.1880652,45.4621455],[9.1881229,45.4621643],[9.1880921,45.4622273],[9.188143,45.462233],[9.1881806,45.4622367],[9.1881678,45.4622833],[9.1881849,45.462286],[9.1881551,45.4623317],[9.1881256,45.4623204],[9.1880478,45.4624371],[9.18807,45.462445],[9.1879824,45.4625719]]]},"properties":{"site":"milan","name":null,"category":"other","historic":null,"building":"apartments","osm_id":499712566}},{"type":"Feature","geometry":{"type":"Polygon","coordinates":[[[9.1883993,45.4619098],[9.1882628,45.461873],[9.1881241,45.4621027],[9.1880898,45.4620914],[9.1880652,45.4621455],[9.1881229,45.4621643],[9.1881591,45.4621775],[9.18819,45.4621229],[9.1883321,45.4621286],[9.1884005,45.4621563],[9.1883993,45.4619098]]]},"properties":{"site":"milan","name":null,"category":"other","historic":null,"building":"apartments","osm_id":499712568}},{"type":"Feature","geometry":{"type":"Polygon","coordinates":[[[9.18779,45.4614464],[9.187825,45.461396],[9.1879932,45.4613592],[9.1881034,45.4613513],[9.1881578,45.4613474],[9.1883627,45.4613571],[9.1883685,45.4614665],[9.1883987,45.4614634],[9.1884016,45.4616163],[9.1883107,45.4616197],[9.1882718,45.4615905],[9.18779,45.4614464]]]},"properties":{"site":"milan","name":null,"category":"other","historic":null,"building":"yes","osm_id":499712569}},{"type":"Feature","geometry":{"type":"Polygon","coordinates":[[[9.1882366,45.4629866],[9.1881571,45.4630361],[9.1881708,45.4630467],[9.1882299,45.4630653],[9.1882809,45.4630255],[9.1882698,45.4630104],[9.1882366,45.4629866]]]},"properties":{"site":"milan","name":null,"category":"other","historic":null,"building":"yes","osm_id":499712574}},{"type":"Feature","geometry":{"type":"Polygon","coordinates":[[[9.1884097,45.4630175],[9.1884078,45.4630414],[9.1884118,45.4631792],[9.1883717,45.4631803],[9.1882778,45.463115],[9.1882809,45.4630255],[9.1882698,45.4630104],[9.1883242,45.4629688],[9.188392,45.4630178],[9.1884097,45.4630175]]]},"properties":{"site":"milan","name":null,"category":"other","historic":null,"building":"yes","osm_id":499712575}},{"type":"Feature","geometry":{"type":"Polygon","coordinates":[[[9.1880939,45.4628616],[9.1881712,45.4629194],[9.1881558,45.4629292],[9.1882119,45.4629659],[9.1881292,45.46303],[9.1881117,45.4630201],[9.1879953,45.4629293],[9.1880018,45.4629248],[9.1880939,45.4628616]]]},"properties":{"site":"milan","name":null,"category":"other","historic":null,"building":"yes","osm_id":499712576}},{"type":"Feature","geometry":{"type":"Polygon","coordinates":[[[9.187894,45.4630008],[9.1879772,45.4630606],[9.1879342,45.4630845],[9.1879683,45.463116],[9.1878654,45.4631885],[9.1878881,45.463207],[9.1878233,45.4632461],[9.1877479,45.4631879],[9.1876976,45.4631439],[9.1877944,45.4630737],[9.1878287,45.4630488],[9.187894,45.4630008]]]},"properties":{"site":"milan","name":null,"category":"other","historic":null,"building":"apartments","osm_id":499712577}},{"type":"Feature","geometry":{"type":"Polygon","coordinates":[[[9.1879953,45.4629293],[9.1881117,45.4630201],[9.1880096,45.4630821],[9.1880875,45.4631365],[9.1881694,45.4630788],[9.1881497,45.4630656],[9.1881708,45.4630467],[9.1882299,45.4630653],[9.1882778,45.463115],[9.1881261,45.4632238],[9.1879683,45.463116],[9.1879342,45.4630845],[9.1879772,45.4630606],[9.187894,45.4630008],[9.1879064,45.4629918],[9.1879953,45.4629293]]]},"properties":{"site":"milan","name":null,"category":"other","historic":null,"building":"yes","osm_id":499712578}},{"type":"Feature","geometry":{"type":"Polygon","coordinates":[[[9.1880602,45.4632687],[9.1881261,45.4632238],[9.1882778,45.463115],[9.1883717,45.4631803],[9.1883265,45.4632055],[9.1883503,45.4632221],[9.1881963,45.4633252],[9.1881479,45.4632919],[9.1881186,45.4633089],[9.1880602,45.4632687]]]},"properties":{"site":"milan","name":null,"category":"other","historic":null,"building":"yes","osm_id":499712579}},{"type":"Feature","geometry":{"type":"Polygon","coordinates":[[[9.1873651,45.4626197],[9.1874032,45.462643],[9.1874508,45.4626704],[9.1874226,45.4626956],[9.1873847,45.4627235],[9.1874789,45.462798],[9.1874874,45.4628053],[9.1873633,45.4628771],[9.1872095,45.4627524],[9.1869863,45.4625715],[9.1869884,45.4625194],[9.1871515,45.4624042],[9.1871865,45.4623782],[9.1872628,45.4623705],[9.1872757,45.4623757],[9.1873128,45.4623902],[9.1872753,45.4624361],[9.1872753,45.4624559],[9.187341,45.4624841],[9.1872512,45.4625509],[9.1873437,45.4626374],[9.1873651,45.4626197]]]},"properties":{"site":"milan","name":null,"category":"other","historic":null,"building":"apartments","osm_id":499712580}},{"type":"Feature","geometry":{"type":"Polygon","coordinates":[[[9.1875309,45.4624753],[9.1875842,45.4624954],[9.1876434,45.4625177],[9.1876003,45.4625819],[9.1875549,45.4625654],[9.1875586,45.4625604],[9.1874763,45.4625324],[9.1875309,45.4624753]]]},"properties":{"site":"milan","name":null,"category":"other","historic":null,"building":"yes","osm_id":499712581}},{"type":"Feature","geometry":{"type":"Polygon","coordinates":[[[9.187716,45.4629451],[9.1877905,45.4628889],[9.1878735,45.4629426],[9.1878341,45.462969],[9.1877974,45.4629936],[9.1877494,45.4629605],[9.187716,45.4629451]]]},"properties":{"site":"milan","name":null,"category":"other","historic":null,"building":"yes","osm_id":499712582}},{"type":"Feature","geometry":{"type":"Polygon","coordinates":[[[9.1878735,45.4629426],[9.1877905,45.4628889],[9.1878419,45.4628478],[9.1879336,45.4627746],[9.18798,45.4627376],[9.1879967,45.4627487],[9.1880273,45.462769],[9.1880764,45.4628023],[9.1880289,45.4628365],[9.1879376,45.4628988],[9.1878735,45.4629426]]]},"properties":{"site":"milan","name":null,"category":"other","historic":null,"building":"yes","osm_id":499712583}},{"type":"Feature","geometry":{"type":"Polygon","coordinates":[[[9.1876185,45.4603649],[9.1875274,45.4603385],[9.1874358,45.460324],[9.1874455,45.4602996],[9.1873417,45.4602661],[9.1874009,45.4601749],[9.1876618,45.460261],[9.1876715,45.4602808],[9.1876185,45.4603649]]]},"properties":{"site":"milan","name":null,"category":"other","historic":null,"building":"apartments","osm_id":499712584}},{"type":"Feature","geometry":{"type":"Polygon","coordinates":[[[9.1869899,45.460445],[9.1870208,45.4604526],[9.1870503,45.4604585],[9.1870753,45.4604076],[9.1870962,45.4603546],[9.1870284,45.4603429],[9.1869899,45.460445]]]},"properties":{"site":"milan","name":null,"category":"other","historic":null,"building":"yes","osm_id":499712588}},{"type":"Feature","geometry":{"type":"Polygon","coordinates":[[[9.1876185,45.4603649],[9.1875491,45.4604597],[9.1874094,45.4604298],[9.1872552,45.4604204],[9.1871835,45.4604255],[9.187217,45.4603201],[9.1872377,45.4602882],[9.1873223,45.4603089],[9.1873035,45.4603719],[9.1874183,45.4603824],[9.1874358,45.460324],[9.1875274,45.4603385],[9.1876185,45.4603649]]]},"properties":{"site":"milan","name":null,"category":"other","historic":null,"building":"apartments","osm_id":499712589}},{"type":"Feature","geometry":{"type":"Polygon","coordinates":[[[9.1870248,45.4607197],[9.1870467,45.4606193],[9.187088,45.460623],[9.1871675,45.4606316],[9.1871816,45.4605852],[9.187106,45.4605774],[9.1870132,45.4605671],[9.1870192,45.460544],[9.186993,45.4605421],[9.1870071,45.4604994],[9.1871623,45.4605175],[9.1871728,45.460479],[9.1872366,45.4604994],[9.1871837,45.4607248],[9.1870248,45.4607197]]]},"properties":{"site":"milan","name":null,"category":"other","historic":null,"building":"apartments","osm_id":499712590}},{"type":"Feature","geometry":{"type":"Polygon","coordinates":[[[9.1875491,45.4604597],[9.1875014,45.4605664],[9.1873544,45.4605502],[9.1873544,45.4605257],[9.1873585,45.4605022],[9.1873853,45.460506],[9.1874,45.4604674],[9.1872923,45.4604432],[9.1872693,45.4605051],[9.1872366,45.4604994],[9.1871728,45.460479],[9.1871538,45.4604761],[9.1871835,45.4604255],[9.1872552,45.4604204],[9.1874094,45.4604298],[9.1875491,45.4604597]]]},"properties":{"site":"milan","name":null,"category":"other","historic":null,"building":"apartments","osm_id":499712591}},{"type":"Feature","geometry":{"type":"Polygon","coordinates":[[[9.1868025,45.4605086],[9.1868091,45.4604866],[9.1868815,45.460497],[9.186875,45.4605177],[9.1869394,45.4605304],[9.186993,45.4605421],[9.1870192,45.460544],[9.1870132,45.4605671],[9.187106,45.4605774],[9.187088,45.460623],[9.1870467,45.4606193],[9.1870248,45.4607197],[9.1868777,45.4607111],[9.1868164,45.460697],[9.1866896,45.4606855],[9.1867274,45.4605765],[9.1868269,45.4605895],[9.1868503,45.4605179],[9.1868025,45.4605086]]]},"properties":{"site":"milan","name":null,"category":"other","historic":null,"building":"apartments","osm_id":499712593}},{"type":"Feature","geometry":{"type":"Polygon","coordinates":[[[9.1868025,45.4605086],[9.1867467,45.4605003],[9.1867356,45.4605385],[9.1865967,45.4605164],[9.1865786,45.4605372],[9.1865527,45.4605315],[9.1865097,45.4605192],[9.1864814,45.4605774],[9.1863793,45.4605803],[9.1863969,45.4603166],[9.1865199,45.4603482],[9.186503,45.4604284],[9.1866735,45.4604628],[9.1866975,45.4604048],[9.1868187,45.4604199],[9.1869633,45.4604402],[9.1869394,45.4605304],[9.186875,45.4605177],[9.1868815,45.460497],[9.1868091,45.4604866],[9.1868025,45.4605086]]]},"properties":{"site":"milan","name":null,"category":"other","historic":null,"building":"apartments","osm_id":499712594}},{"type":"Feature","geometry":{"type":"Polygon","coordinates":[[[9.1865199,45.4603482],[9.1863969,45.4603166],[9.186399,45.460233],[9.1864749,45.4600925],[9.1866269,45.4601278],[9.1866195,45.4601436],[9.1865413,45.4602879],[9.1865497,45.4602915],[9.1865199,45.4603482]]]},"properties":{"site":"milan","name":null,"category":"other","historic":null,"building":"apartments","osm_id":499712598}},{"type":"Feature","geometry":{"type":"Polygon","coordinates":[[[9.186818,45.4595484],[9.1869322,45.4593888],[9.1869889,45.4593062],[9.1871124,45.4593706],[9.1870896,45.459403],[9.1871855,45.4594402],[9.1872016,45.4594195],[9.1872391,45.4594393],[9.187223,45.4594609],[9.1872579,45.4594703],[9.1872472,45.4594891],[9.187437,45.4595625],[9.1874094,45.4596029],[9.1874367,45.4596133],[9.1874207,45.4596369],[9.1873531,45.4596142],[9.1873299,45.4596443],[9.1873102,45.4596373],[9.1873308,45.459603],[9.187226,45.4595684],[9.1871778,45.4596469],[9.1872853,45.4596815],[9.1872505,45.4597337],[9.187048,45.4596758],[9.1870593,45.459655],[9.1870298,45.4596447],[9.187035,45.4596348],[9.1870483,45.4596147],[9.1870656,45.459619],[9.1870784,45.4596005],[9.1871022,45.4596059],[9.1871384,45.4595492],[9.1870017,45.4595026],[9.1869643,45.4595559],[9.1869823,45.4595607],[9.1869604,45.459589],[9.186818,45.4595484]]]},"properties":{"site":"milan","name":null,"category":"other","historic":null,"building":"apartments","osm_id":499712602}},{"type":"Feature","geometry":{"type":"Polygon","coordinates":[[[9.1869889,45.4593062],[9.1872138,45.4590669],[9.1876002,45.4592831],[9.187655,45.4593327],[9.1876041,45.459389],[9.187286,45.4592352],[9.1872344,45.4592403],[9.1872163,45.4592699],[9.1872358,45.4593057],[9.1872036,45.4593155],[9.1871788,45.4593052],[9.1871124,45.4593706],[9.1869889,45.4593062]]]},"properties":{"site":"milan","name":null,"category":"other","historic":null,"building":"apartments","osm_id":499712603}},{"type":"Feature","geometry":{"type":"Polygon","coordinates":[[[9.1873819,45.4599101],[9.187512,45.459761],[9.1875331,45.4597411],[9.1875295,45.4597179],[9.187447,45.4596871],[9.1874571,45.4596712],[9.1874207,45.4596369],[9.1873958,45.4596685],[9.1873299,45.4596443],[9.1873102,45.4596373],[9.1872853,45.4596815],[9.1874065,45.4597292],[9.1873015,45.4598749],[9.1873819,45.4599101]]]},"properties":{"site":"milan","name":null,"category":"other","historic":null,"building":"apartments","osm_id":499712604}},{"type":"Feature","geometry":{"type":"Polygon","coordinates":[[[9.186818,45.4595484],[9.1869604,45.459589],[9.1870483,45.4596147],[9.187035,45.4596348],[9.186971,45.4596148],[9.1869023,45.4597131],[9.1872539,45.4598317],[9.1872462,45.4598497],[9.1872668,45.4598632],[9.1873015,45.4598749],[9.1872438,45.4599561],[9.1872552,45.4599632],[9.1872104,45.4600261],[9.1871653,45.4600101],[9.187205,45.4599526],[9.1868236,45.4598282],[9.1867512,45.4599312],[9.1866108,45.4598859],[9.186818,45.4595484]]]},"properties":{"site":"milan","name":null,"category":"other","historic":null,"building":"apartments","osm_id":499712605}},{"type":"Feature","geometry":{"type":"Polygon","coordinates":[[[9.1872104,45.4600261],[9.1872552,45.4599632],[9.1872438,45.4599561],[9.1873015,45.4598749],[9.1873819,45.4599101],[9.187345,45.459944],[9.1873236,45.4599388],[9.1873135,45.4599562],[9.1873799,45.4599778],[9.1873879,45.4599674],[9.1876582,45.4600601],[9.1875938,45.4601514],[9.1872104,45.4600261]]]},"properties":{"site":"milan","name":null,"category":"other","historic":null,"building":"apartments","osm_id":499712606}},{"type":"Feature","geometry":{"type":"Polygon","coordinates":[[[9.1812922,45.4606869],[9.181342,45.4606489],[9.1814233,45.4605869],[9.1815313,45.4606547],[9.1814889,45.4606853],[9.1815148,45.4607031],[9.1815135,45.4607176],[9.1815024,45.4607822],[9.1813799,45.4607718],[9.1813943,45.4607546],[9.1812922,45.4606869]]]},"properties":{"site":"milan","name":null,"category":"other","historic":null,"building":"apartments","osm_id":499712608}},{"type":"Feature","geometry":{"type":"Polygon","coordinates":[[[9.181024,45.4608868],[9.1811556,45.46098],[9.1811385,45.4609984],[9.1810465,45.4609555],[9.18098,45.4610313],[9.1811237,45.4610421],[9.1811063,45.4610961],[9.180954,45.4610836],[9.1808507,45.4610586],[9.1808973,45.4609864],[9.1809062,45.4609794],[9.181024,45.4608868]]]},"properties":{"site":"milan","name":null,"category":"other","historic":null,"building":"apartments","osm_id":499712609}},{"type":"Feature","geometry":{"type":"Polygon","coordinates":[[[9.1814686,45.4611105],[9.1813901,45.4611098],[9.1813936,45.4611709],[9.1814683,45.4611711],[9.1814673,45.461241],[9.1811119,45.4612271],[9.1811252,45.4611925],[9.1812461,45.4611971],[9.1812444,45.4610159],[9.1812025,45.4610088],[9.1811826,45.4609917],[9.1812143,45.4609618],[9.1812782,45.460983],[9.1814689,45.4610094],[9.1814686,45.4611105]]]},"properties":{"site":"milan","name":null,"category":"other","historic":null,"building":"apartments","osm_id":499712610}},{"type":"Feature","geometry":{"type":"Polygon","coordinates":[[[9.1810763,45.4614615],[9.1810648,45.4615326],[9.1809863,45.4615301],[9.1807777,45.4615228],[9.1808337,45.4612144],[9.1809039,45.4612203],[9.1809039,45.4612339],[9.1810976,45.461263],[9.1810842,45.4614284],[9.1810763,45.4614615]]]},"properties":{"site":"milan","name":null,"category":"other","historic":null,"building":"apartments","osm_id":499712613}},{"type":"Feature","geometry":{"type":"Polygon","coordinates":[[[9.1882376,45.4670773],[9.1882622,45.4670599],[9.1882693,45.4670663],[9.1883525,45.4670203],[9.1883475,45.4670155],[9.1883845,45.4669713],[9.1884431,45.4669315],[9.1884501,45.4669358],[9.1884659,45.4669242],[9.1886007,45.4670359],[9.1886503,45.467077],[9.1885666,45.4671202],[9.1885616,45.4671146],[9.1884906,45.4671513],[9.1884728,45.4671401],[9.1884418,45.4671395],[9.188383,45.4671732],[9.1883648,45.4671601],[9.1883419,45.4671733],[9.1882376,45.4670773]]]},"properties":{"site":"milan","name":null,"category":"other","historic":null,"building":"apartments","osm_id":499712615}},{"type":"Feature","geometry":{"type":"Polygon","coordinates":[[[9.1882358,45.4666207],[9.1880491,45.466787],[9.1878984,45.4667062],[9.1878865,45.4667002],[9.1880279,45.466578],[9.1878968,45.4665085],[9.1878801,45.4664648],[9.1879158,45.4664378],[9.188196,45.466598],[9.1882358,45.4666207]]]},"properties":{"site":"milan","name":null,"category":"other","historic":null,"building":"apartments","osm_id":499712616}},{"type":"Feature","geometry":{"type":"Polygon","coordinates":[[[9.1879446,45.4669489],[9.1879166,45.466932],[9.1878628,45.4669755],[9.1878185,45.467018],[9.1879316,45.4670765],[9.1880138,45.4670262],[9.1880311,45.4669973],[9.1879446,45.4669489]]]},"properties":{"site":"milan","name":null,"category":"other","historic":null,"building":"yes","osm_id":499712620}},{"type":"Feature","geometry":{"type":"Polygon","coordinates":[[[9.1963649,45.4651246],[9.1963869,45.4650951],[9.19649,45.4649083],[9.1965298,45.4649181],[9.1965465,45.4649222],[9.196717,45.4649699],[9.1967834,45.4650284],[9.1969013,45.464974],[9.1969094,45.4649703],[9.1971888,45.4652466],[9.1971769,45.465252],[9.1971338,45.4652816],[9.1969487,45.4653746],[9.196902,45.4653262],[9.1968363,45.465273],[9.1965839,45.4652023],[9.1965928,45.4651911],[9.1964889,45.4651622],[9.1964172,45.4651417],[9.1963649,45.4651246]]]},"properties":{"site":"milan","name":null,"category":"other","historic":null,"building":"yes","osm_id":499712623}},{"type":"Feature","geometry":{"type":"Polygon","coordinates":[[[9.1961239,45.4655493],[9.1959558,45.4655053],[9.1957338,45.4654384],[9.1956749,45.4654207],[9.1954526,45.4653539],[9.1954323,45.4653478],[9.1953547,45.4653244],[9.1953612,45.4653098],[9.1954078,45.4652043],[9.1954909,45.4652297],[9.1956322,45.4649643],[9.1957116,45.4649815],[9.1957457,45.4649903],[9.1957979,45.4650037],[9.1960218,45.4650691],[9.1963435,45.465163],[9.1963649,45.4651246],[9.1964172,45.4651417],[9.1964889,45.4651622],[9.1964465,45.4652415],[9.1963975,45.465226],[9.1962714,45.465447],[9.1962446,45.4654399],[9.1962312,45.4654364],[9.1961963,45.4654272],[9.1961287,45.4655398],[9.1961239,45.4655493]]]},"properties":{"site":"milan","name":null,"category":"other","historic":null,"building":"yes","osm_id":499712626}},{"type":"Feature","geometry":{"type":"Polygon","coordinates":[[[9.1951634,45.465267],[9.19509,45.4652453],[9.1949427,45.4652064],[9.1949578,45.4651817],[9.1949847,45.4651334],[9.1950203,45.4651428],[9.195032,45.4650701],[9.1950461,45.4650707],[9.1951089,45.465076],[9.1951531,45.4650792],[9.1951675,45.4650803],[9.1951571,45.4651663],[9.1952119,45.465184],[9.1951747,45.4652471],[9.1951634,45.465267]]]},"properties":{"site":"milan","name":null,"category":"other","historic":null,"building":"yes","osm_id":499712630}},{"type":"Feature","geometry":{"type":"Polygon","coordinates":[[[9.1947962,45.4648638],[9.1947914,45.4648503],[9.1947834,45.4648277],[9.1947689,45.4647913],[9.1947582,45.4647722],[9.1948455,45.4647592],[9.1949699,45.4647549],[9.1950391,45.4647609],[9.1950758,45.4647365],[9.1951091,45.4645292],[9.1951923,45.464535],[9.1952294,45.4645359],[9.1952435,45.4645363],[9.195214,45.464747],[9.1952381,45.4647698],[9.1952477,45.4647824],[9.1952342,45.464875],[9.195218,45.4648831],[9.1951942,45.4648948],[9.1951675,45.4650803],[9.1951531,45.4650792],[9.1951089,45.465076],[9.1950461,45.4650707],[9.195032,45.4650701],[9.1950576,45.4648845],[9.195023,45.4648589],[9.1949324,45.464853],[9.1949101,45.464852],[9.1948733,45.4648526],[9.1948524,45.4648566],[9.1947962,45.4648638]]]},"properties":{"site":"milan","name":null,"category":"other","historic":null,"building":"roof","osm_id":499712631}},{"type":"Feature","geometry":{"type":"Polygon","coordinates":[[[9.1952604,45.4644366],[9.1952505,45.4645047],[9.1952435,45.4645363],[9.1952294,45.4645359],[9.1951923,45.464535],[9.1951091,45.4645292],[9.1951134,45.4644978],[9.1951205,45.4644291],[9.1952091,45.4644331],[9.1952437,45.4644355],[9.1952604,45.4644366]]]},"properties":{"site":"milan","name":null,"category":"other","historic":null,"building":"yes","osm_id":499712633}},{"type":"Feature","geometry":{"type":"Polygon","coordinates":[[[9.1886112,45.4662886],[9.1885029,45.4663644],[9.1884277,45.4664222],[9.1883915,45.4664009],[9.1883586,45.4664247],[9.1882302,45.4665321],[9.1882717,45.4665581],[9.188456,45.4666734],[9.1885467,45.4666073],[9.1885252,45.4665936],[9.1886661,45.4664961],[9.1886246,45.4664678],[9.188714,45.4664079],[9.1886625,45.4663481],[9.1886112,45.4662886]]]},"properties":{"site":"milan","name":null,"category":"other","historic":null,"building":"yes","osm_id":499712661}},{"type":"Feature","geometry":{"type":"Polygon","coordinates":[[[9.1858533,45.4621683],[9.1857044,45.4622723],[9.1857132,45.4622793],[9.1857413,45.462302],[9.1858111,45.4622537],[9.1858548,45.4622836],[9.1858469,45.462289],[9.1859221,45.4623429],[9.1858756,45.462369],[9.1859471,45.4624183],[9.1861143,45.4623195],[9.1860853,45.4622959],[9.1860317,45.4622984],[9.1859798,45.4622886],[9.1859352,45.4622674],[9.1859029,45.4622373],[9.1858864,45.4622014],[9.1858866,45.4621917],[9.1858682,45.4621788],[9.1858533,45.4621683]]]},"properties":{"site":"milan","name":null,"category":"other","historic":null,"building":"yes","osm_id":501462666}},{"type":"Feature","geometry":{"type":"Polygon","coordinates":[[[9.1872302,45.4622425],[9.1872195,45.4622504],[9.1871012,45.4623379],[9.1869263,45.4622275],[9.1869687,45.4621921],[9.1869501,45.4621777],[9.1869743,45.4621459],[9.1869998,45.4621572],[9.1870115,45.4621632],[9.1870236,45.4621541],[9.1872302,45.4622425]]]},"properties":{"site":"milan","name":null,"category":"other","historic":null,"building":"apartments","osm_id":501462674}},{"type":"Feature","geometry":{"type":"Polygon","coordinates":[[[9.1871012,45.4623379],[9.1870239,45.4623952],[9.1869266,45.4623223],[9.1869105,45.4623355],[9.1868488,45.4622875],[9.1869263,45.4622275],[9.1871012,45.4623379]]]},"properties":{"site":"milan","name":null,"category":"other","historic":null,"building":"apartments","osm_id":501462676}},{"type":"Feature","geometry":{"type":"Polygon","coordinates":[[[9.1870239,45.4623952],[9.1870115,45.4624037],[9.1868841,45.4624908],[9.1866505,45.4623031],[9.1866399,45.4622952],[9.1867818,45.4622057],[9.1867651,45.462188],[9.1867903,45.4621653],[9.1868323,45.4621851],[9.1869263,45.4622275],[9.1868488,45.4622875],[9.1869105,45.4623355],[9.1869266,45.4623223],[9.1870239,45.4623952]]]},"properties":{"site":"milan","name":null,"category":"other","historic":null,"building":"apartments","osm_id":501462678}},{"type":"Feature","geometry":{"type":"Polygon","coordinates":[[[9.1866399,45.4622952],[9.1865838,45.4622488],[9.1863825,45.4620823],[9.1864666,45.4619693],[9.1865847,45.4620125],[9.1865818,45.4620214],[9.1866884,45.4620653],[9.186735,45.4620846],[9.1867321,45.4621201],[9.1867641,45.4621399],[9.1867903,45.4621653],[9.1867651,45.462188],[9.1867818,45.4622057],[9.1866399,45.4622952]]]},"properties":{"site":"milan","name":null,"category":"other","historic":null,"building":"apartments","osm_id":501462680}},{"type":"Feature","geometry":{"type":"Polygon","coordinates":[[[9.1866014,45.4643288],[9.1866934,45.4642593],[9.1867172,45.4642775],[9.1867469,45.4643005],[9.1866719,45.4643586],[9.1866585,45.464369],[9.1866293,45.4643484],[9.1866014,45.4643288]]]},"properties":{"site":"milan","name":null,"category":"other","historic":null,"building":"roof","osm_id":501463992}},{"type":"Feature","geometry":{"type":"Polygon","coordinates":[[[9.186418,45.4631797],[9.1863316,45.4632225],[9.1863774,45.463261],[9.1863954,45.4632485],[9.1864581,45.4632081],[9.1864491,45.4631995],[9.186418,45.4631797]]]},"properties":{"site":"milan","name":null,"category":"other","historic":null,"building":"yes","osm_id":501465860}},{"type":"Feature","geometry":{"type":"Polygon","coordinates":[[[9.1862205,45.4630401],[9.1863651,45.4631398],[9.1862865,45.4631879],[9.1863316,45.4632225],[9.1862744,45.4632545],[9.1862111,45.4632072],[9.1862593,45.4631735],[9.1862076,45.4631351],[9.1861515,45.4631725],[9.1860988,45.4631267],[9.1861845,45.4630657],[9.1862205,45.4630401]]]},"properties":{"site":"milan","name":null,"category":"other","historic":null,"building":"yes","osm_id":501465861}},{"type":"Feature","geometry":{"type":"Polygon","coordinates":[[[9.1862205,45.4630401],[9.1862453,45.4630233],[9.186338,45.4629606],[9.1863742,45.4629844],[9.1865524,45.4631067],[9.1865583,45.4631118],[9.1864491,45.4631995],[9.186418,45.4631797],[9.1863651,45.4631398],[9.1862205,45.4630401]]]},"properties":{"site":"milan","name":null,"category":"other","historic":null,"building":"yes","osm_id":501465862}},{"type":"Feature","geometry":{"type":"Polygon","coordinates":[[[9.1866254,45.4635336],[9.1866159,45.4635275],[9.1866056,45.4635209],[9.1866641,45.4634862],[9.1866213,45.4634536],[9.1866603,45.4634201],[9.1867542,45.4634663],[9.1868381,45.4635129],[9.1869689,45.4635889],[9.1869054,45.4636407],[9.1868634,45.4636778],[9.1867833,45.4636339],[9.1867684,45.4636498],[9.1867057,45.4636119],[9.1868027,45.46353],[9.1867234,45.4634894],[9.1866493,45.4635487],[9.1866254,45.4635336]]]},"properties":{"site":"milan","name":null,"category":"other","historic":null,"building":"yes","osm_id":501465864}},{"type":"Feature","geometry":{"type":"Polygon","coordinates":[[[9.1863142,45.4634334],[9.1864343,45.463357],[9.1864811,45.4633928],[9.1865143,45.4633764],[9.1866213,45.4634536],[9.1866641,45.4634862],[9.1866056,45.4635209],[9.1866003,45.4635244],[9.1865245,45.4634655],[9.186483,45.4634948],[9.1865205,45.4635244],[9.1864709,45.463553],[9.1863142,45.4634334]]]},"properties":{"site":"milan","name":null,"category":"other","historic":null,"building":"yes","osm_id":501465865}},{"type":"Feature","geometry":{"type":"Polygon","coordinates":[[[9.1865792,45.4630897],[9.1866001,45.4630778],[9.1867356,45.4629807],[9.1868391,45.463055],[9.1869111,45.4631084],[9.1868072,45.46318],[9.1867705,45.4631546],[9.1867088,45.463196],[9.1866312,45.4631447],[9.1866238,45.4631383],[9.1866323,45.4631316],[9.1865792,45.4630897]]]},"properties":{"site":"milan","name":null,"category":"other","historic":null,"building":"yes","osm_id":501465866}},{"type":"Feature","geometry":{"type":"Polygon","coordinates":[[[9.1867356,45.4629807],[9.1868219,45.4629168],[9.1869696,45.4628093],[9.1869773,45.4628045],[9.1872344,45.4630175],[9.1871409,45.463072],[9.1871195,45.4630836],[9.1869812,45.4629773],[9.1869501,45.4629794],[9.1868391,45.463055],[9.1867356,45.4629807]]]},"properties":{"site":"milan","name":null,"category":"other","historic":null,"building":"apartments","osm_id":501465867}},{"type":"Feature","geometry":{"type":"Polygon","coordinates":[[[9.1870644,45.4635077],[9.1869803,45.4634651],[9.1870287,45.4634176],[9.1868479,45.4633283],[9.18694,45.4632635],[9.1870161,45.4632081],[9.18706,45.4632375],[9.187153,45.4632831],[9.1871691,45.4632926],[9.1871134,45.463338],[9.1871985,45.4633935],[9.1870644,45.4635077]]]},"properties":{"site":"milan","name":null,"category":"other","historic":null,"building":"yes","osm_id":501465868}},{"type":"Feature","geometry":{"type":"Polygon","coordinates":[[[9.1956989,45.4688639],[9.1957134,45.4688467],[9.1956248,45.4688052],[9.1957363,45.4687054],[9.1958193,45.4687471],[9.1958808,45.4686876],[9.1957953,45.468647],[9.195904,45.468549],[9.195968,45.4685843],[9.1960316,45.4686194],[9.1957846,45.4688511],[9.1957657,45.4688409],[9.1957308,45.4688775],[9.1956989,45.4688639]]]},"properties":{"site":"milan","name":null,"category":"other","historic":null,"building":"yes","osm_id":501467945}},{"type":"Feature","geometry":{"type":"Polygon","coordinates":[[[9.1947793,45.4687129],[9.194899,45.4687815],[9.1948279,45.468839],[9.1949326,45.4688924],[9.1949979,45.4688352],[9.1950941,45.4688875],[9.1951096,45.4688754],[9.1951471,45.4688946],[9.1952072,45.4689291],[9.195092,45.4690292],[9.1950186,45.4689887],[9.1948625,45.4688971],[9.1948519,45.4689086],[9.1947791,45.4688701],[9.194796,45.4688551],[9.1946886,45.4688001],[9.19476,45.4687314],[9.1947793,45.4687129]]]},"properties":{"site":"milan","name":null,"category":"other","historic":null,"building":"apartments","osm_id":501467949}},{"type":"Feature","geometry":{"type":"Polygon","coordinates":[[[9.194781,45.4689802],[9.1948279,45.468933],[9.1948519,45.4689086],[9.1947791,45.4688701],[9.194796,45.4688551],[9.1946886,45.4688001],[9.1946714,45.4688159],[9.1945996,45.4688817],[9.194781,45.4689802]]]},"properties":{"site":"milan","name":null,"category":"other","historic":null,"building":"apartments","osm_id":501467950}},{"type":"Feature","geometry":{"type":"Polygon","coordinates":[[[9.194781,45.4689802],[9.1947065,45.4690104],[9.1946562,45.4689753],[9.1946053,45.4690086],[9.194648,45.4690411],[9.1945876,45.4690851],[9.1944514,45.4690007],[9.1945258,45.468941],[9.1945996,45.4688817],[9.194781,45.4689802]]]},"properties":{"site":"milan","name":null,"category":"other","historic":null,"building":"apartments","osm_id":501467951}},{"type":"Feature","geometry":{"type":"Polygon","coordinates":[[[9.1967166,45.4693125],[9.1967251,45.4692739],[9.196747,45.4691683],[9.1967807,45.4690386],[9.1966087,45.4689436],[9.19644,45.4688505],[9.1962467,45.4690436],[9.1963216,45.4690853],[9.1964273,45.4689955],[9.196586,45.4690847],[9.1964826,45.4691765],[9.1967166,45.4693125]]]},"properties":{"site":"milan","name":null,"category":"other","historic":null,"building":"apartments","osm_id":501467952}},{"type":"Feature","geometry":{"type":"Polygon","coordinates":[[[9.1967807,45.4690386],[9.1969173,45.4691175],[9.197007,45.4691646],[9.1969134,45.4692467],[9.1968912,45.4692515],[9.196747,45.4691683],[9.1967807,45.4690386]]]},"properties":{"site":"milan","name":null,"category":"other","historic":null,"building":"yes","osm_id":501467953}},{"type":"Feature","geometry":{"type":"Polygon","coordinates":[[[9.1967166,45.4693125],[9.1967251,45.4692739],[9.1968465,45.4692977],[9.1968912,45.4692515],[9.1969134,45.4692467],[9.197007,45.4691646],[9.1971843,45.4692656],[9.1972126,45.4692817],[9.1973198,45.4693435],[9.1972387,45.4694222],[9.197176,45.4694879],[9.1970758,45.4695803],[9.1970005,45.4695385],[9.1971551,45.4693899],[9.1969776,45.4692987],[9.1968192,45.469445],[9.1967051,45.4693834],[9.1967166,45.4693125]]]},"properties":{"site":"milan","name":null,"category":"other","historic":null,"building":"yes","osm_id":501467954}},{"type":"Feature","geometry":{"type":"Polygon","coordinates":[[[9.19722,45.4698539],[9.1971431,45.4698109],[9.1969592,45.4697289],[9.1970478,45.4696154],[9.1971241,45.4696465],[9.1970733,45.4697059],[9.1971559,45.4697427],[9.1972373,45.4696499],[9.1973761,45.4697238],[9.1972972,45.4697899],[9.19722,45.4698539]]]},"properties":{"site":"milan","name":null,"category":"other","historic":null,"building":"yes","osm_id":501467956}},{"type":"Feature","geometry":{"type":"Polygon","coordinates":[[[9.1967455,45.4700549],[9.1966812,45.4700163],[9.1967341,45.4699719],[9.1968298,45.4700344],[9.1969185,45.469967],[9.1968843,45.469934],[9.1969129,45.4699206],[9.1969689,45.4698981],[9.1970751,45.4699659],[9.1970346,45.4699964],[9.1969769,45.4700412],[9.1968625,45.4701301],[9.1967455,45.4700549]]]},"properties":{"site":"milan","name":null,"category":"other","historic":null,"building":"apartments","osm_id":501467959}},{"type":"Feature","geometry":{"type":"Polygon","coordinates":[[[9.1967455,45.4700549],[9.1968625,45.4701301],[9.1967472,45.4702214],[9.1966289,45.4703151],[9.1965151,45.4702426],[9.1965937,45.4701855],[9.196465,45.4701107],[9.196395,45.4701675],[9.1962769,45.4700984],[9.1962962,45.4700827],[9.1964673,45.4699366],[9.1965134,45.4699618],[9.1965195,45.4699562],[9.1966573,45.4700383],[9.1966473,45.4700472],[9.1967075,45.4700859],[9.1967455,45.4700549]]]},"properties":{"site":"milan","name":null,"category":"other","historic":null,"building":"apartments","osm_id":501467962}},{"type":"Feature","geometry":{"type":"Polygon","coordinates":[[[9.1973198,45.4693435],[9.1974539,45.4694172],[9.197617,45.4695069],[9.1973761,45.4697238],[9.1972373,45.4696499],[9.1970758,45.4695803],[9.197176,45.4694879],[9.1972032,45.4695012],[9.197237,45.4694905],[9.1972635,45.4694671],[9.1972644,45.4694356],[9.1972387,45.4694222],[9.1973198,45.4693435]]]},"properties":{"site":"milan","name":null,"category":"other","historic":null,"building":"yes","osm_id":501467963}},{"type":"Feature","geometry":{"type":"Polygon","coordinates":[[[9.195049,45.4691882],[9.1949277,45.4692923],[9.1947842,45.4692081],[9.1947631,45.4691952],[9.1950186,45.4689887],[9.195092,45.4690292],[9.1951692,45.4690779],[9.195049,45.4691882]]]},"properties":{"site":"milan","name":null,"category":"other","historic":null,"building":"yes","osm_id":501467964}},{"type":"Feature","geometry":{"type":"Polygon","coordinates":[[[9.1961053,45.4696198],[9.1961842,45.4696609],[9.1960091,45.4698012],[9.1961976,45.4699187],[9.1964979,45.4696712],[9.1965224,45.4696816],[9.1964428,45.469821],[9.1963883,45.469895],[9.1963594,45.4699185],[9.1963645,45.4699297],[9.1963094,45.469974],[9.1962805,45.469965],[9.1962761,45.4699686],[9.1963198,45.469996],[9.1962519,45.4700526],[9.1962272,45.4700732],[9.1959898,45.4699264],[9.195851,45.4698405],[9.1961053,45.4696198]]]},"properties":{"site":"milan","name":null,"category":"other","historic":null,"building":"yes","osm_id":501467965}},{"type":"Feature","geometry":{"type":"Polygon","coordinates":[[[9.1811233,45.4662281],[9.1811534,45.466222],[9.1811612,45.4662355],[9.1812239,45.4662174],[9.1812554,45.4662615],[9.1811277,45.4662959],[9.1810932,45.4663352],[9.1810798,45.4663237],[9.1810158,45.4662692],[9.1811269,45.4662352],[9.1811233,45.4662281]]]},"properties":{"site":"milan","name":null,"category":"other","historic":null,"building":"yes","osm_id":503082889}},{"type":"Feature","geometry":{"type":"Polygon","coordinates":[[[9.1814434,45.4664002],[9.1814517,45.4663994],[9.1814592,45.4664146],[9.1814667,45.4664139],[9.1815076,45.466407],[9.1815258,45.4664107],[9.1815354,45.4664211],[9.1815384,45.46644],[9.1815291,45.4664564],[9.1815077,45.4664658],[9.1815419,45.4664954],[9.1815551,45.4664882],[9.1816172,45.4664546],[9.1816095,45.4664386],[9.1815782,45.4663735],[9.1815227,45.4662579],[9.1813795,45.4662868],[9.1814434,45.4664002]]]},"properties":{"site":"milan","name":null,"category":"other","historic":null,"building":"yes","osm_id":503082891}},{"type":"Feature","geometry":{"type":"Polygon","coordinates":[[[9.1930373,45.4663371],[9.192931,45.4665251],[9.1927744,45.4664821],[9.192659,45.466389],[9.1926576,45.4663824],[9.1925414,45.4662856],[9.1926935,45.4661994],[9.192663,45.466177],[9.1926384,45.466159],[9.1926937,45.4661275],[9.1927053,45.4661376],[9.1927415,45.4661173],[9.1927538,45.4661276],[9.1928408,45.4662002],[9.1927989,45.4662259],[9.1928798,45.4662982],[9.1930373,45.4663371]]]},"properties":{"site":"milan","name":null,"category":"other","historic":null,"building":"yes","osm_id":503252692}},{"type":"Feature","geometry":{"type":"Polygon","coordinates":[[[9.1929617,45.4658703],[9.192905,45.4658266],[9.1929428,45.4657752],[9.1931114,45.4658695],[9.1930656,45.465899],[9.1929617,45.4658703]]]},"properties":{"site":"milan","name":null,"category":"other","historic":null,"building":"roof","osm_id":503252698}},{"type":"Feature","geometry":{"type":"Polygon","coordinates":[[[9.1930373,45.4663371],[9.1928798,45.4662982],[9.1929053,45.4662474],[9.1928852,45.4662427],[9.1929266,45.4661521],[9.1928408,45.4662002],[9.1927538,45.4661276],[9.1927415,45.4661173],[9.1928479,45.4660553],[9.1928359,45.4660446],[9.192861,45.466032],[9.1931535,45.4661016],[9.1931413,45.4661282],[9.1931038,45.4662035],[9.1930373,45.4663371]]]},"properties":{"site":"milan","name":null,"category":"other","historic":null,"building":"yes","osm_id":503252699}},{"type":"Feature","geometry":{"type":"Polygon","coordinates":[[[9.1926044,45.4659896],[9.1925793,45.4660042],[9.1925393,45.4660273],[9.1923608,45.4661305],[9.192086,45.4658949],[9.1923287,45.465749],[9.1924404,45.4658445],[9.1926044,45.4659896]]]},"properties":{"site":"milan","name":null,"category":"other","historic":null,"building":"yes","osm_id":503252700}},{"type":"Feature","geometry":{"type":"Polygon","coordinates":[[[9.1924404,45.4658445],[9.1924806,45.4658206],[9.1926064,45.465923],[9.1928494,45.4657829],[9.1927278,45.4656818],[9.1926018,45.4655839],[9.1925602,45.465609],[9.1923884,45.4657128],[9.1923287,45.465749],[9.1924404,45.4658445]]]},"properties":{"site":"milan","name":null,"category":"other","historic":null,"building":"yes","osm_id":503252701}},{"type":"Feature","geometry":{"type":"Polygon","coordinates":[[[9.1927166,45.4659245],[9.192748,45.4659519],[9.19273,45.4659606],[9.1928359,45.4660446],[9.1928479,45.4660553],[9.1927415,45.4661173],[9.1927053,45.4661376],[9.1926937,45.4661275],[9.1926384,45.466159],[9.192663,45.466177],[9.1926935,45.4661994],[9.1925414,45.4662856],[9.1925124,45.4662591],[9.1923608,45.4661305],[9.1925393,45.4660273],[9.1925794,45.4660553],[9.1925983,45.4660717],[9.192636,45.466047],[9.1926164,45.4660316],[9.1925793,45.4660042],[9.1926044,45.4659896],[9.1927166,45.4659245]]]},"properties":{"site":"milan","name":null,"category":"other","historic":null,"building":"yes","osm_id":503252702}},{"type":"Feature","geometry":{"type":"Polygon","coordinates":[[[9.1915904,45.4657413],[9.1916143,45.4657272],[9.1917072,45.4656751],[9.1917732,45.465625],[9.1919258,45.4656864],[9.1918669,45.4657305],[9.1918305,45.4657143],[9.1918219,45.4657209],[9.1917958,45.4657007],[9.1917293,45.4657388],[9.1917585,45.4657655],[9.1917726,45.4657778],[9.1917076,45.4658356],[9.1915904,45.4657413]]]},"properties":{"site":"milan","name":null,"category":"other","historic":null,"building":"yes","osm_id":503252707}},{"type":"Feature","geometry":{"type":"Polygon","coordinates":[[[9.191631,45.4654776],[9.1917623,45.465517],[9.1917733,45.4655023],[9.1918076,45.4654567],[9.1917272,45.4654258],[9.1916457,45.4654184],[9.191631,45.4654776]]]},"properties":{"site":"milan","name":null,"category":"other","historic":null,"building":"yes","osm_id":503252710}},{"type":"Feature","geometry":{"type":"Polygon","coordinates":[[[9.1917898,45.4676449],[9.1920411,45.4677411],[9.1921343,45.4676216],[9.1921384,45.4676236],[9.1921967,45.4675496],[9.1922578,45.4674703],[9.1922519,45.4674679],[9.1923447,45.4673559],[9.1921187,45.4672639],[9.1920218,45.4673825],[9.1921192,45.4674193],[9.1920296,45.4675268],[9.191935,45.467492],[9.1919019,45.4675335],[9.1918902,45.4675279],[9.191877,45.4675451],[9.1917898,45.4676449]]]},"properties":{"site":"milan","name":"Palazzo Besana","category":"other","historic":"building","building":"yes","osm_id":503255260}},{"type":"Feature","geometry":{"type":"Polygon","coordinates":[[[9.191532,45.4662321],[9.1915982,45.4661912],[9.1916513,45.4661583],[9.1917817,45.4662668],[9.1916671,45.4663404],[9.191651,45.4663275],[9.191532,45.4662321]]]},"properties":{"site":"milan","name":null,"category":"other","historic":null,"building":"yes","osm_id":503255263}},{"type":"Feature","geometry":{"type":"Polygon","coordinates":[[[9.1920032,45.4663239],[9.1919998,45.466326],[9.1920974,45.466405],[9.1921265,45.4664318],[9.1920669,45.466466],[9.1920367,45.4664833],[9.1921221,45.4665612],[9.1919645,45.4666644],[9.1919934,45.4666857],[9.1919464,45.4667198],[9.1916427,45.466515],[9.1917228,45.4664615],[9.1917329,45.4664687],[9.1919322,45.466354],[9.1919934,45.4663157],[9.1920032,45.4663239]]]},"properties":{"site":"milan","name":null,"category":"other","historic":null,"building":"yes","osm_id":503255266}},{"type":"Feature","geometry":{"type":"Polygon","coordinates":[[[9.191651,45.4663275],[9.191532,45.4662321],[9.1913162,45.4663609],[9.191473,45.4664672],[9.1914827,45.466474],[9.1915448,45.4665179],[9.1915188,45.4665355],[9.191487,45.4665564],[9.191777,45.4667542],[9.1917639,45.4667628],[9.191908,45.4668617],[9.1919809,45.4668155],[9.1919299,45.4667923],[9.191985,45.4667549],[9.1919366,45.4667256],[9.1919464,45.4667198],[9.1916427,45.466515],[9.1917228,45.4664615],[9.1915892,45.4663669],[9.191651,45.4663275]]]},"properties":{"site":"milan","name":null,"category":"other","historic":null,"building":"yes","osm_id":503255267}},{"type":"Feature","geometry":{"type":"Polygon","coordinates":[[[9.1921421,45.4662041],[9.192312,45.4663415],[9.1921794,45.4664222],[9.1921321,45.4663839],[9.1920974,45.466405],[9.1919998,45.466326],[9.1920032,45.4663239],[9.1920396,45.4663018],[9.1920146,45.4662817],[9.1921421,45.4662041]]]},"properties":{"site":"milan","name":null,"category":"other","historic":null,"building":"yes","osm_id":503255268}},{"type":"Feature","geometry":{"type":"Polygon","coordinates":[[[9.1919809,45.4668155],[9.1919299,45.4667923],[9.191985,45.4667549],[9.1919366,45.4667256],[9.1919464,45.4667198],[9.1919934,45.4666857],[9.192148,45.4665812],[9.1922459,45.4666639],[9.1921396,45.4667403],[9.1921864,45.4667727],[9.1920838,45.4668446],[9.1920689,45.4668561],[9.1920518,45.4668675],[9.1919809,45.4668155]]]},"properties":{"site":"milan","name":null,"category":"other","historic":null,"building":"yes","osm_id":503255269}},{"type":"Feature","geometry":{"type":"Polygon","coordinates":[[[9.1920838,45.4668446],[9.1921864,45.4667727],[9.1921396,45.4667403],[9.1922459,45.4666639],[9.1923512,45.4665903],[9.1923382,45.46658],[9.1923593,45.4665692],[9.1924181,45.4666149],[9.1925092,45.4665611],[9.1925781,45.466572],[9.1925916,45.4665834],[9.1926736,45.4666523],[9.1926958,45.4667002],[9.1927029,45.4667499],[9.1926864,45.4668063],[9.1926452,45.4668498],[9.192591,45.4668819],[9.1925302,45.4669074],[9.1924617,45.4669151],[9.1924499,45.4669146],[9.1923903,45.4669122],[9.1923214,45.4668985],[9.1922436,45.4668721],[9.1920838,45.4668446]]]},"properties":{"site":"milan","name":null,"category":"other","historic":null,"building":"yes","osm_id":503255270}},{"type":"Feature","geometry":{"type":"Polygon","coordinates":[[[9.1984072,45.4639412],[9.1982674,45.4639815],[9.198314,45.4640436],[9.1982751,45.4640549],[9.1983043,45.4640997],[9.1983714,45.4640779],[9.1983676,45.4640734],[9.1984932,45.4640334],[9.1984496,45.4639866],[9.1984072,45.4639412]]]},"properties":{"site":"milan","name":null,"category":"other","historic":null,"building":"apartments","osm_id":503260839}},{"type":"Feature","geometry":{"type":"Polygon","coordinates":[[[9.197775,45.4639346],[9.1980444,45.4638698],[9.1980338,45.4638611],[9.1982847,45.4637805],[9.1982992,45.463798],[9.1983133,45.463815],[9.198269,45.4638282],[9.1983367,45.4639232],[9.1983822,45.4639075],[9.1984072,45.4639412],[9.1982674,45.4639815],[9.1981327,45.4640257],[9.1981797,45.4640842],[9.1982205,45.4641368],[9.1979552,45.4642138],[9.1979329,45.4641792],[9.197775,45.4639346]]]},"properties":{"site":"milan","name":null,"category":"other","historic":null,"building":"yes","osm_id":503260840}},{"type":"Feature","geometry":{"type":"Polygon","coordinates":[[[9.1987666,45.4642711],[9.1986426,45.4643076],[9.198767,45.464507],[9.1988095,45.4645034],[9.1988242,45.4645749],[9.1989774,45.4645732],[9.1989366,45.4645068],[9.1988634,45.4643876],[9.1988157,45.4643302],[9.1987666,45.4642711]]]},"properties":{"site":"milan","name":null,"category":"other","historic":null,"building":"apartments","osm_id":503260843}},{"type":"Feature","geometry":{"type":"Polygon","coordinates":[[[9.1984313,45.4644504],[9.1984872,45.4644656],[9.1985312,45.4644627],[9.1985766,45.4644577],[9.1986223,45.4644648],[9.1985993,45.4644048],[9.1985534,45.4644163],[9.1985147,45.4643449],[9.1985366,45.4643404],[9.1985264,45.4643226],[9.1983906,45.4643543],[9.1984313,45.4644504]]]},"properties":{"site":"milan","name":null,"category":"other","historic":null,"building":"yes","osm_id":503260844}},{"type":"Feature","geometry":{"type":"Polygon","coordinates":[[[9.1986223,45.4644648],[9.1986458,45.4644916],[9.1986496,45.4645119],[9.1987086,45.4645084],[9.1986824,45.4644491],[9.1986223,45.4644648]]]},"properties":{"site":"milan","name":null,"category":"other","historic":null,"building":"yes","osm_id":503260845}},{"type":"Feature","geometry":{"type":"Polygon","coordinates":[[[9.1986477,45.464623],[9.1986483,45.4647827],[9.1987823,45.4647734],[9.1987655,45.4646333],[9.198762,45.4646201],[9.1986477,45.464623]]]},"properties":{"site":"milan","name":null,"category":"other","historic":null,"building":"yes","osm_id":503260846}},{"type":"Feature","geometry":{"type":"Polygon","coordinates":[[[9.1991258,45.4647698],[9.1990504,45.46467],[9.1989774,45.4645732],[9.1988242,45.4645749],[9.1987542,45.4645749],[9.198762,45.4646201],[9.1987655,45.4646333],[9.1988311,45.4646269],[9.1988751,45.4646414],[9.1990012,45.4648092],[9.1991258,45.4647698]]]},"properties":{"site":"milan","name":null,"category":"other","historic":null,"building":"apartments","osm_id":503260847}},{"type":"Feature","geometry":{"type":"Polygon","coordinates":[[[9.1990012,45.4648092],[9.1989812,45.4648159],[9.1990041,45.464884],[9.1989976,45.464971],[9.1992704,45.4649862],[9.1991258,45.4647698],[9.1990012,45.4648092]]]},"properties":{"site":"milan","name":null,"category":"other","historic":null,"building":"apartments","osm_id":503260848}},{"type":"Feature","geometry":{"type":"Polygon","coordinates":[[[9.1993126,45.4653647],[9.1993637,45.4653672],[9.1993638,45.4653251],[9.1993131,45.4653232],[9.1993126,45.4653647]]]},"properties":{"site":"milan","name":null,"category":"other","historic":null,"building":"yes","osm_id":503260849}},{"type":"Feature","geometry":{"type":"Polygon","coordinates":[[[9.1983237,45.4655157],[9.1986907,45.4654993],[9.1987232,45.4654989],[9.1987261,45.4654733],[9.1987393,45.4653859],[9.1986233,45.4653767],[9.1986299,45.4653617],[9.1985703,45.4653585],[9.1985659,45.4653915],[9.1985074,45.4653907],[9.1985048,45.4653637],[9.198339,45.4653391],[9.1983294,45.4654356],[9.1983237,45.4655157]]]},"properties":{"site":"milan","name":null,"category":"other","historic":null,"building":"yes","osm_id":503260855}},{"type":"Feature","geometry":{"type":"Polygon","coordinates":[[[9.1880579,45.458539],[9.1881299,45.4584696],[9.1883048,45.4585532],[9.1884375,45.4586166],[9.1882511,45.458778],[9.1881939,45.4587409],[9.1882791,45.4586653],[9.1880579,45.458539]]]},"properties":{"site":"milan","name":null,"category":"other","historic":null,"building":"apartments","osm_id":503262000}},{"type":"Feature","geometry":{"type":"Polygon","coordinates":[[[9.1880238,45.4585767],[9.1878781,45.4585941],[9.1878556,45.4585081],[9.1878245,45.4583896],[9.1878954,45.4583563],[9.1881299,45.4584696],[9.1880579,45.458539],[9.1880265,45.458524],[9.1880133,45.4585394],[9.1880238,45.4585767]]]},"properties":{"site":"milan","name":null,"category":"other","historic":null,"building":"apartments","osm_id":503262002}},{"type":"Feature","geometry":{"type":"Polygon","coordinates":[[[9.1887037,45.4594968],[9.1887391,45.4594703],[9.1886587,45.4594146],[9.1885454,45.4594862],[9.1884481,45.4594103],[9.1886124,45.459307],[9.1885354,45.4592282],[9.1884573,45.4592761],[9.1884462,45.4592633],[9.1882319,45.4594116],[9.1884205,45.4595478],[9.1885232,45.4596241],[9.1887037,45.4594968]]]},"properties":{"site":"milan","name":null,"category":"other","historic":null,"building":"apartments","osm_id":503262003}},{"type":"Feature","geometry":{"type":"Polygon","coordinates":[[[9.1882516,45.4591746],[9.188319,45.4591286],[9.1883419,45.4591414],[9.188376,45.4591116],[9.1884506,45.4591632],[9.1885354,45.4592282],[9.1884573,45.4592761],[9.1884462,45.4592633],[9.1882319,45.4594116],[9.1880793,45.4592965],[9.1882516,45.4591746]]]},"properties":{"site":"milan","name":null,"category":"other","historic":null,"building":"apartments","osm_id":503262004}},{"type":"Feature","geometry":{"type":"Polygon","coordinates":[[[9.1880041,45.4590528],[9.1880282,45.459154],[9.1880526,45.4592563],[9.188061,45.4592739],[9.1880718,45.4592874],[9.1880793,45.4592965],[9.1882516,45.4591746],[9.1882302,45.4591587],[9.1881857,45.4591587],[9.1881608,45.4590737],[9.188306,45.4590537],[9.188267,45.4590228],[9.1880041,45.4590528]]]},"properties":{"site":"milan","name":null,"category":"other","historic":null,"building":"apartments","osm_id":503262005}},{"type":"Feature","geometry":{"type":"Polygon","coordinates":[[[9.1870571,45.4585146],[9.1872535,45.4586605],[9.1873219,45.4587103],[9.1872349,45.4587997],[9.1871299,45.4588798],[9.1870035,45.4588008],[9.1871171,45.4587156],[9.1870018,45.4586387],[9.186882,45.4587216],[9.1868126,45.4586781],[9.1869651,45.4585782],[9.1870571,45.4585146]]]},"properties":{"site":"milan","name":null,"category":"other","historic":null,"building":"apartments","osm_id":503262693}},{"type":"Feature","geometry":{"type":"Polygon","coordinates":[[[9.1868126,45.4586781],[9.1866665,45.4585776],[9.1868374,45.4584765],[9.1868654,45.4584989],[9.1868033,45.4585374],[9.1868502,45.4585738],[9.1869127,45.4585356],[9.1869651,45.4585782],[9.1868126,45.4586781]]]},"properties":{"site":"milan","name":null,"category":"other","historic":null,"building":"apartments","osm_id":503262695}},{"type":"Feature","geometry":{"type":"Polygon","coordinates":[[[9.1854117,45.459373],[9.1855265,45.4594835],[9.185624,45.4595225],[9.1856156,45.4595423],[9.1855801,45.4595567],[9.1856141,45.4595836],[9.1854676,45.4596463],[9.1854304,45.4596037],[9.1854921,45.4595771],[9.1853987,45.4594693],[9.1853369,45.4594956],[9.1852881,45.4594362],[9.1854117,45.459373]]]},"properties":{"site":"milan","name":null,"category":"other","historic":null,"building":"yes","osm_id":503263612}},{"type":"Feature","geometry":{"type":"Polygon","coordinates":[[[9.1856713,45.4608357],[9.1857897,45.4608488],[9.1857741,45.4609961],[9.1857679,45.4610699],[9.1856673,45.4610563],[9.1855272,45.4610342],[9.1854979,45.4610303],[9.1855426,45.4609227],[9.1856204,45.4609311],[9.185627,45.4608896],[9.1856344,45.460847],[9.1856713,45.4608357]]]},"properties":{"site":"milan","name":null,"category":"other","historic":null,"building":"yes","osm_id":504606693}},{"type":"Feature","geometry":{"type":"Polygon","coordinates":[[[9.1813093,45.4571914],[9.1812974,45.4570833],[9.1812852,45.4569695],[9.1813473,45.4569651],[9.1813544,45.4570169],[9.1813324,45.4570193],[9.1813345,45.4570415],[9.1813492,45.457073],[9.1816192,45.4570061],[9.1816373,45.4570591],[9.1816574,45.4571193],[9.1813981,45.4571863],[9.1813093,45.4571914]]]},"properties":{"site":"milan","name":null,"category":"other","historic":null,"building":"yes","osm_id":504611000}},{"type":"Feature","geometry":{"type":"Polygon","coordinates":[[[9.1844765,45.4602376],[9.1843638,45.4604333],[9.184748,45.4605503],[9.1848725,45.4603493],[9.1844765,45.4602376]]]},"properties":{"site":"milan","name":null,"category":"other","historic":null,"building":"yes","osm_id":504613057}},{"type":"Feature","geometry":{"type":"Polygon","coordinates":[[[9.1842593,45.4608092],[9.1844292,45.460867],[9.1846105,45.4609252],[9.1846855,45.4608243],[9.18464,45.4608073],[9.1847044,45.4607063],[9.1847494,45.460723],[9.1847897,45.4606498],[9.1847448,45.4606364],[9.1846703,45.4606103],[9.1845663,45.4607759],[9.1844241,45.4607336],[9.1845207,45.4605607],[9.1844343,45.460532],[9.1842593,45.4608092]]]},"properties":{"site":"milan","name":null,"category":"other","historic":null,"building":"apartments","osm_id":504613059}},{"type":"Feature","geometry":{"type":"Polygon","coordinates":[[[9.1846105,45.4609252],[9.1847487,45.4609864],[9.1847628,45.4609925],[9.1848186,45.4609268],[9.1848733,45.4608488],[9.1849646,45.4607044],[9.1847897,45.4606498],[9.1847494,45.460723],[9.1846855,45.4608243],[9.1846105,45.4609252]]]},"properties":{"site":"milan","name":null,"category":"other","historic":null,"building":"apartments","osm_id":504613060}},{"type":"Feature","geometry":{"type":"Polygon","coordinates":[[[9.1847628,45.4609925],[9.184959,45.4610927],[9.1850704,45.4609429],[9.1849995,45.4609105],[9.1849502,45.4608939],[9.1849156,45.4609423],[9.1849026,45.4609387],[9.1848868,45.4609504],[9.1848186,45.4609268],[9.1847628,45.4609925]]]},"properties":{"site":"milan","name":null,"category":"other","historic":null,"building":"apartments","osm_id":504613061}},{"type":"Feature","geometry":{"type":"Polygon","coordinates":[[[9.1840047,45.4604052],[9.1839684,45.4607146],[9.1842593,45.4608092],[9.1844343,45.460532],[9.184294,45.4604855],[9.1842541,45.4605457],[9.1843283,45.4605687],[9.1842607,45.4606855],[9.1841481,45.4606492],[9.1841356,45.4606333],[9.1841557,45.4604417],[9.1840047,45.4604052]]]},"properties":{"site":"milan","name":null,"category":"other","historic":null,"building":"apartments","osm_id":504613065}},{"type":"Feature","geometry":{"type":"Polygon","coordinates":[[[9.1848422,45.4599632],[9.1848788,45.4599312],[9.1848568,45.4599113],[9.1848214,45.4598675],[9.1847489,45.459903],[9.1848422,45.4599632]]]},"properties":{"site":"milan","name":null,"category":"other","historic":null,"building":"yes","osm_id":504613066}},{"type":"Feature","geometry":{"type":"Polygon","coordinates":[[[9.1847108,45.4597376],[9.1845918,45.4598009],[9.1845438,45.459773],[9.1844426,45.4597088],[9.1844066,45.459684],[9.184429,45.4596604],[9.184468,45.459633],[9.1845499,45.4595715],[9.184571,45.459585],[9.1845698,45.4595999],[9.1845857,45.4596133],[9.1845119,45.4596636],[9.1846085,45.4597271],[9.1846937,45.4596887],[9.1847272,45.4597271],[9.1847108,45.4597376]]]},"properties":{"site":"milan","name":null,"category":"other","historic":null,"building":"yes","osm_id":504613067}},{"type":"Feature","geometry":{"type":"Polygon","coordinates":[[[9.1842934,45.4593739],[9.1843484,45.4593466],[9.1843893,45.459388],[9.1843473,45.459411],[9.1844238,45.4594711],[9.1845938,45.4593922],[9.1846067,45.4594044],[9.184713,45.4593639],[9.1846666,45.4593114],[9.1846008,45.4592445],[9.1846167,45.4592374],[9.184593,45.4592189],[9.1845469,45.4591783],[9.1844334,45.4592276],[9.1843599,45.4592611],[9.1842281,45.4593213],[9.1842934,45.4593739]]]},"properties":{"site":"milan","name":null,"category":"other","historic":null,"building":"apartments","osm_id":504613068}},{"type":"Feature","geometry":{"type":"Polygon","coordinates":[[[9.1818265,45.4601581],[9.1819045,45.4601282],[9.1819155,45.460137],[9.1819312,45.4601302],[9.1819598,45.4601177],[9.1820281,45.4601849],[9.1820745,45.4601601],[9.1819867,45.4600719],[9.181919,45.4601032],[9.181848,45.4600288],[9.1817307,45.4600767],[9.1817953,45.4601499],[9.1818131,45.4601404],[9.1818265,45.4601581]]]},"properties":{"site":"milan","name":null,"category":"other","historic":null,"building":"yes","osm_id":504614627}},{"type":"Feature","geometry":{"type":"Polygon","coordinates":[[[9.1820056,45.4604824],[9.1820038,45.4604903],[9.1820518,45.4604959],[9.1820962,45.4605021],[9.1821508,45.4604016],[9.1820604,45.4603708],[9.1820056,45.4604824]]]},"properties":{"site":"milan","name":null,"category":"other","historic":null,"building":"yes","osm_id":504614634}},{"type":"Feature","geometry":{"type":"Polygon","coordinates":[[[9.1824598,45.4602483],[9.1823595,45.4604471],[9.1823241,45.4604427],[9.182302,45.4604701],[9.18226,45.4604627],[9.1822435,45.4605213],[9.1824587,45.4605552],[9.1826029,45.4602772],[9.1824598,45.4602483]]]},"properties":{"site":"milan","name":null,"category":"other","historic":null,"building":"apartments","osm_id":504614636}},{"type":"Feature","geometry":{"type":"Polygon","coordinates":[[[9.1821798,45.4603657],[9.1821508,45.4604016],[9.1820962,45.4605021],[9.1821135,45.4605042],[9.1822435,45.4605213],[9.18226,45.4604627],[9.182302,45.4604701],[9.1823241,45.4604427],[9.1822993,45.4604378],[9.1823724,45.4603041],[9.1822499,45.4602716],[9.1821798,45.4603657]]]},"properties":{"site":"milan","name":null,"category":"other","historic":null,"building":"apartments","osm_id":504614637}},{"type":"Feature","geometry":{"type":"Polygon","coordinates":[[[9.1824598,45.4602483],[9.1826029,45.4602772],[9.18274,45.4600044],[9.1825898,45.4599671],[9.1821614,45.4601777],[9.1822473,45.4601958],[9.1823522,45.4602201],[9.1824048,45.4601232],[9.1824564,45.4600915],[9.1825207,45.4601069],[9.1824598,45.4602483]]]},"properties":{"site":"milan","name":null,"category":"other","historic":null,"building":"apartments","osm_id":504614640}},{"type":"Feature","geometry":{"type":"Polygon","coordinates":[[[9.1822423,45.4598603],[9.1823231,45.4599596],[9.1823341,45.4599716],[9.1822836,45.4599963],[9.1821022,45.4600785],[9.1821419,45.4601244],[9.182123,45.4601344],[9.1820745,45.4601601],[9.1819867,45.4600719],[9.181919,45.4601032],[9.181848,45.4600288],[9.1820423,45.4599458],[9.1822423,45.4598603]]]},"properties":{"site":"milan","name":null,"category":"other","historic":null,"building":"apartments","osm_id":504614642}},{"type":"Feature","geometry":{"type":"Polygon","coordinates":[[[9.1823231,45.4599596],[9.18274,45.459788],[9.1827454,45.4597955],[9.1828359,45.4598151],[9.1828676,45.4597531],[9.1827632,45.4596383],[9.1825033,45.4597491],[9.1822423,45.4598603],[9.1823231,45.4599596]]]},"properties":{"site":"milan","name":null,"category":"other","historic":null,"building":"apartments","osm_id":504614645}},{"type":"Feature","geometry":{"type":"Polygon","coordinates":[[[9.1833063,45.4599847],[9.1833546,45.460002],[9.183332,45.4600433],[9.1832639,45.4600262],[9.1833063,45.4599847]]]},"properties":{"site":"milan","name":null,"category":"other","historic":null,"building":"yes","osm_id":504614649}},{"type":"Feature","geometry":{"type":"Polygon","coordinates":[[[9.1834073,45.4600176],[9.1834877,45.4598779],[9.1834101,45.4598209],[9.1833944,45.4598413],[9.1833661,45.4598968],[9.1833394,45.459935],[9.1833063,45.4599847],[9.1833546,45.460002],[9.1834073,45.4600176]]]},"properties":{"site":"milan","name":null,"category":"other","historic":null,"building":"yes","osm_id":504614653}},{"type":"Feature","geometry":{"type":"Polygon","coordinates":[[[9.1835406,45.4604818],[9.183588,45.4604945],[9.1836036,45.4604978],[9.1836365,45.4603866],[9.1836767,45.4602844],[9.1835323,45.4602435],[9.183503,45.4603351],[9.1835799,45.4603565],[9.1835406,45.4604818]]]},"properties":{"site":"milan","name":null,"category":"other","historic":null,"building":"yes","osm_id":504614658}},{"type":"Feature","geometry":{"type":"Polygon","coordinates":[[[9.1986029,45.4618439],[9.1985967,45.4619076],[9.1987148,45.4619071],[9.1987123,45.4620142],[9.198581,45.462016],[9.1985799,45.4621462],[9.1986804,45.4621458],[9.1987598,45.4621454],[9.1987693,45.4618474],[9.1987022,45.4618484],[9.1986029,45.4618439]]]},"properties":{"site":"milan","name":null,"category":"other","historic":null,"building":"apartments","osm_id":506265686}},{"type":"Feature","geometry":{"type":"Polygon","coordinates":[[[9.198581,45.462016],[9.1985799,45.4621462],[9.1984695,45.4621449],[9.1983437,45.4621465],[9.1983719,45.4620102],[9.1984187,45.4620179],[9.198581,45.462016]]]},"properties":{"site":"milan","name":null,"category":"other","historic":null,"building":"apartments","osm_id":506265688}},{"type":"Feature","geometry":{"type":"Polygon","coordinates":[[[9.1987022,45.4618484],[9.1987068,45.4618238],[9.1986452,45.4618195],[9.1986474,45.4617598],[9.1986163,45.461759],[9.1986311,45.4616481],[9.1986622,45.4616503],[9.1986691,45.4616041],[9.1988197,45.4616177],[9.1990087,45.4616409],[9.1989935,45.4616981],[9.1988227,45.4616746],[9.1988078,45.461774],[9.1987973,45.4618135],[9.1987696,45.4618138],[9.1987693,45.4618474],[9.1987022,45.4618484]]]},"properties":{"site":"milan","name":null,"category":"other","historic":null,"building":"apartments","osm_id":506265689}},{"type":"Feature","geometry":{"type":"Polygon","coordinates":[[[9.1988448,45.4618184],[9.1987973,45.4618135],[9.1987696,45.4618138],[9.1987693,45.4618474],[9.1987598,45.4621454],[9.1988189,45.4621454],[9.1988792,45.4621455],[9.1988825,45.4620898],[9.1988828,45.4620583],[9.1988801,45.4620068],[9.1988391,45.4620073],[9.1988448,45.4618184]]]},"properties":{"site":"milan","name":null,"category":"other","historic":null,"building":"apartments","osm_id":506265690}},{"type":"Feature","geometry":{"type":"Polygon","coordinates":[[[9.1987329,45.4613791],[9.1987132,45.4614986],[9.1988474,45.4615094],[9.198844,45.4615203],[9.1989232,45.461528],[9.1989258,45.4615165],[9.1990726,45.4615283],[9.1990974,45.461532],[9.1991215,45.4614125],[9.1987329,45.4613791]]]},"properties":{"site":"milan","name":null,"category":"other","historic":null,"building":"apartments","osm_id":506265692}},{"type":"Feature","geometry":{"type":"Polygon","coordinates":[[[9.1991215,45.4614125],[9.1990974,45.461532],[9.1991449,45.4615345],[9.1991491,45.4615919],[9.1991328,45.4615949],[9.1991411,45.4616788],[9.1997252,45.4617234],[9.1997657,45.4615107],[9.1997751,45.4614637],[9.1996069,45.4614436],[9.1995782,45.4616061],[9.199321,45.4615995],[9.1993071,45.4614301],[9.1991215,45.4614125]]]},"properties":{"site":"milan","name":null,"category":"other","historic":null,"building":"apartments","osm_id":506265693}},{"type":"Feature","geometry":{"type":"Polygon","coordinates":[[[9.1991101,45.4611201],[9.1991102,45.4610052],[9.1993102,45.4610124],[9.1993038,45.4611029],[9.1992879,45.461327],[9.1991167,45.4613142],[9.1991227,45.4611745],[9.1991397,45.4611731],[9.1991403,45.4611191],[9.1991101,45.4611201]]]},"properties":{"site":"milan","name":null,"category":"other","historic":null,"building":"apartments","osm_id":506265694}},{"type":"Feature","geometry":{"type":"Polygon","coordinates":[[[9.1988844,45.4611157],[9.1991101,45.4611201],[9.1991102,45.4610052],[9.1988896,45.4609996],[9.1988844,45.4611157]]]},"properties":{"site":"milan","name":null,"category":"other","historic":null,"building":"apartments","osm_id":506265695}},{"type":"Feature","geometry":{"type":"Polygon","coordinates":[[[9.1987329,45.4613791],[9.1985511,45.4613643],[9.1984928,45.4613598],[9.1984888,45.4613849],[9.1984544,45.4616035],[9.198624,45.4616169],[9.1986438,45.4614932],[9.1987132,45.4614986],[9.1987329,45.4613791]]]},"properties":{"site":"milan","name":null,"category":"other","historic":null,"building":"apartments","osm_id":506265697}},{"type":"Feature","geometry":{"type":"Polygon","coordinates":[[[9.1997751,45.4614637],[9.1997855,45.4613864],[9.1999304,45.461368],[9.1999477,45.4612495],[9.1997558,45.4612694],[9.1996327,45.4612644],[9.1996069,45.4614436],[9.1997751,45.4614637]]]},"properties":{"site":"milan","name":null,"category":"other","historic":null,"building":"apartments","osm_id":506265698}},{"type":"Feature","geometry":{"type":"Polygon","coordinates":[[[9.1998639,45.4616825],[9.1998885,45.4615648],[9.199825,45.4615372],[9.1997918,45.4617232],[9.1998526,45.4617296],[9.1998639,45.4616825]]]},"properties":{"site":"milan","name":null,"category":"other","historic":null,"building":"yes","osm_id":506265702}},{"type":"Feature","geometry":{"type":"Polygon","coordinates":[[[9.1987462,45.4628536],[9.1986002,45.4627004],[9.198476,45.4627617],[9.1986167,45.4629047],[9.1987462,45.4628536]]]},"properties":{"site":"milan","name":null,"category":"other","historic":null,"building":"apartments","osm_id":506265703}},{"type":"Feature","geometry":{"type":"Polygon","coordinates":[[[9.1989676,45.4628909],[9.1990371,45.4628897],[9.1990299,45.4630855],[9.1992296,45.4630276],[9.1992133,45.4629184],[9.1991971,45.4628101],[9.1989739,45.4628148],[9.1989676,45.4628909]]]},"properties":{"site":"milan","name":null,"category":"other","historic":null,"building":"apartments","osm_id":506265704}},{"type":"Feature","geometry":{"type":"Polygon","coordinates":[[[9.1991971,45.4628101],[9.1989739,45.4628148],[9.1989821,45.4627076],[9.1990413,45.4627083],[9.1991809,45.4627101],[9.1991971,45.4628101]]]},"properties":{"site":"milan","name":null,"category":"other","historic":null,"building":"apartments","osm_id":506265705}},{"type":"Feature","geometry":{"type":"Polygon","coordinates":[[[9.1983562,45.4626363],[9.1982217,45.4625008],[9.1983357,45.4624326],[9.1984609,45.4624321],[9.1985649,45.4624316],[9.1985639,45.4624543],[9.1985856,45.4624537],[9.1985833,45.4625501],[9.1984548,45.4625544],[9.1984762,45.4625761],[9.1983562,45.4626363]]]},"properties":{"site":"milan","name":null,"category":"other","historic":null,"building":"apartments","osm_id":506265706}},{"type":"Feature","geometry":{"type":"Polygon","coordinates":[[[9.1984762,45.4625761],[9.1983562,45.4626363],[9.198476,45.4627617],[9.1986002,45.4627004],[9.198545,45.4626408],[9.1985565,45.4626349],[9.1984903,45.4625681],[9.1984762,45.4625761]]]},"properties":{"site":"milan","name":null,"category":"other","historic":null,"building":"apartments","osm_id":506265707}},{"type":"Feature","geometry":{"type":"Polygon","coordinates":[[[9.1987462,45.4628536],[9.1989234,45.4630267],[9.1989544,45.4630081],[9.1989676,45.4628909],[9.1990371,45.4628897],[9.1990299,45.4630855],[9.1988376,45.4631337],[9.1986167,45.4629047],[9.1987462,45.4628536]]]},"properties":{"site":"milan","name":null,"category":"other","historic":null,"building":"apartments","osm_id":506265708}},{"type":"Feature","geometry":{"type":"Polygon","coordinates":[[[9.1855382,45.4616509],[9.1854843,45.4617237],[9.1854473,45.4617472],[9.1854311,45.4617277],[9.1853779,45.461748],[9.1853342,45.4616667],[9.1852831,45.4616799],[9.1852104,45.4615966],[9.1853052,45.4615751],[9.1853865,45.4615858],[9.1854662,45.4615962],[9.1855382,45.4616509]]]},"properties":{"site":"milan","name":null,"category":"other","historic":null,"building":"yes","osm_id":506266312}},{"type":"Feature","geometry":{"type":"Polygon","coordinates":[[[9.1848056,45.4617361],[9.1850218,45.4618834],[9.1849628,45.4619264],[9.1848642,45.4618588],[9.1847009,45.4619565],[9.1846716,45.4619327],[9.1845437,45.4620084],[9.1844526,45.4619435],[9.1846427,45.4618275],[9.1848056,45.4617361]]]},"properties":{"site":"milan","name":null,"category":"other","historic":null,"building":"apartments","osm_id":506266317}},{"type":"Feature","geometry":{"type":"Polygon","coordinates":[[[9.1876845,45.4681479],[9.1876734,45.4681378],[9.1875324,45.4681933],[9.1876064,45.4682866],[9.1876451,45.4683052],[9.1877144,45.4683384],[9.187779,45.468264],[9.1877496,45.4682476],[9.1877714,45.4682251],[9.1878027,45.4682415],[9.1878933,45.4681533],[9.1878643,45.4681291],[9.1877257,45.4681896],[9.1876845,45.4681479]]]},"properties":{"site":"milan","name":null,"category":"other","historic":null,"building":"apartments","osm_id":506267365}},{"type":"Feature","geometry":{"type":"Polygon","coordinates":[[[9.1842115,45.4615169],[9.1842323,45.4615058],[9.1842665,45.4615132],[9.1843854,45.4613983],[9.1842691,45.461339],[9.1842504,45.4613555],[9.1841885,45.4613242],[9.1841691,45.461339],[9.1841238,45.4613739],[9.1841025,45.4613595],[9.1840664,45.4613906],[9.1842115,45.4615169]]]},"properties":{"site":"milan","name":null,"category":"other","historic":null,"building":"yes","osm_id":506268107}},{"type":"Feature","geometry":{"type":"Polygon","coordinates":[[[9.183775,45.4614617],[9.1839865,45.4613506],[9.1837712,45.4612781],[9.1838482,45.4611655],[9.1837257,45.4611243],[9.1837125,45.4611367],[9.1835864,45.4612545],[9.1836941,45.4613728],[9.183775,45.4614617]]]},"properties":{"site":"milan","name":null,"category":"other","historic":null,"building":"yes","osm_id":506268109}},{"type":"Feature","geometry":{"type":"Polygon","coordinates":[[[9.1843302,45.4612022],[9.1844576,45.4612516],[9.1845913,45.4610746],[9.1845096,45.4610508],[9.1844457,45.4610322],[9.1843868,45.4611153],[9.1844485,45.4611382],[9.1844217,45.461184],[9.1843595,45.4611523],[9.1843302,45.4612022]]]},"properties":{"site":"milan","name":null,"category":"other","historic":null,"building":"apartments","osm_id":506268110}},{"type":"Feature","geometry":{"type":"Polygon","coordinates":[[[9.1848596,45.4612087],[9.1847486,45.4613245],[9.1848078,45.4613564],[9.1847858,45.461379],[9.1848678,45.4614139],[9.1848774,45.4614026],[9.1849975,45.4612968],[9.1849821,45.4612874],[9.1848596,45.4612087]]]},"properties":{"site":"milan","name":null,"category":"other","historic":null,"building":"apartments","osm_id":506268112}},{"type":"Feature","geometry":{"type":"Polygon","coordinates":[[[9.1849975,45.4612968],[9.1848774,45.4614026],[9.1849431,45.4614406],[9.1849273,45.4614536],[9.1849841,45.4614957],[9.185105,45.4614227],[9.1851504,45.461393],[9.1850138,45.4613066],[9.1849975,45.4612968]]]},"properties":{"site":"milan","name":null,"category":"other","historic":null,"building":"apartments","osm_id":506268113}},{"type":"Feature","geometry":{"type":"Polygon","coordinates":[[[9.1851504,45.461393],[9.185105,45.4614227],[9.1852259,45.4615412],[9.185288,45.4615248],[9.1853003,45.4614872],[9.1851672,45.4614035],[9.1851504,45.461393]]]},"properties":{"site":"milan","name":null,"category":"other","historic":null,"building":"apartments","osm_id":506268114}},{"type":"Feature","geometry":{"type":"Polygon","coordinates":[[[9.1847999,45.4579038],[9.1848129,45.4578502],[9.1848144,45.4578373],[9.1849034,45.4578329],[9.1849113,45.4578918],[9.184969,45.45795],[9.1852132,45.4578291],[9.1852949,45.4579098],[9.185076,45.4580168],[9.1849116,45.4580864],[9.184851,45.4581054],[9.1848024,45.4580127],[9.1848672,45.4579924],[9.1848106,45.4579416],[9.1847999,45.4579038]]]},"properties":{"site":"milan","name":null,"category":"other","historic":null,"building":"apartments","osm_id":506274097}},{"type":"Feature","geometry":{"type":"Polygon","coordinates":[[[9.1851687,45.4571775],[9.1852784,45.4571641],[9.1853504,45.4571554],[9.1853883,45.4572815],[9.1852786,45.4572951],[9.1852806,45.4573084],[9.1852704,45.4573199],[9.1852485,45.4573218],[9.1852629,45.4573704],[9.1852902,45.4573762],[9.1852919,45.4573964],[9.1854121,45.4573784],[9.1854532,45.4574929],[9.1852489,45.4575281],[9.185232,45.4574455],[9.1851687,45.4571775]]]},"properties":{"site":"milan","name":null,"category":"other","historic":null,"building":"apartments","osm_id":506274103}},{"type":"Feature","geometry":{"type":"Polygon","coordinates":[[[9.1853935,45.4572982],[9.1853883,45.4572815],[9.1853504,45.4571554],[9.1854384,45.4571441],[9.1855549,45.4571291],[9.1856375,45.457415],[9.185649,45.457462],[9.1854532,45.4574929],[9.1854121,45.4573784],[9.1854094,45.4573676],[9.1855739,45.4573406],[9.1855485,45.4572526],[9.1854273,45.4572692],[9.1854336,45.4572892],[9.1853935,45.4572982]]]},"properties":{"site":"milan","name":null,"category":"other","historic":null,"building":"apartments","osm_id":506274104}},{"type":"Feature","geometry":{"type":"Polygon","coordinates":[[[9.1857867,45.457397],[9.1858303,45.4573924],[9.185861,45.4575462],[9.1862799,45.4574989],[9.1862615,45.4573427],[9.1863033,45.4573388],[9.1863474,45.457604],[9.185896,45.4576574],[9.1858897,45.4576257],[9.1858305,45.457633],[9.1857867,45.457397]]]},"properties":{"site":"milan","name":null,"category":"other","historic":null,"building":"yes","osm_id":506274107}},{"type":"Feature","geometry":{"type":"Polygon","coordinates":[[[9.1863033,45.4573388],[9.1862857,45.4572398],[9.1863927,45.4572302],[9.1863813,45.4571303],[9.1862701,45.457138],[9.1862553,45.4570751],[9.1862562,45.4570489],[9.1864567,45.4570529],[9.1864651,45.4570787],[9.1864674,45.4571106],[9.1864893,45.4572925],[9.1864934,45.4573251],[9.1864923,45.4573402],[9.1863381,45.4573513],[9.1863381,45.4573334],[9.1863033,45.4573388]]]},"properties":{"site":"milan","name":null,"category":"other","historic":null,"building":"apartments","osm_id":506274109}},{"type":"Feature","geometry":{"type":"Polygon","coordinates":[[[9.1867079,45.4570536],[9.1867174,45.4571576],[9.1867816,45.4571554],[9.1868202,45.4574382],[9.1868499,45.4574488],[9.1868679,45.4575094],[9.1867761,45.4575708],[9.1866785,45.4575449],[9.1866517,45.4573185],[9.186647,45.4572822],[9.1866221,45.4571028],[9.1866198,45.4570706],[9.1866134,45.4570528],[9.1867079,45.4570536]]]},"properties":{"site":"milan","name":null,"category":"other","historic":null,"building":"apartments","osm_id":506274110}},{"type":"Feature","geometry":{"type":"Polygon","coordinates":[[[9.1866198,45.4570706],[9.1866221,45.4571028],[9.1864674,45.4571106],[9.1864651,45.4570787],[9.1865221,45.4570747],[9.1865581,45.4570737],[9.1866198,45.4570706]]]},"properties":{"site":"milan","name":null,"category":"other","historic":null,"building":"roof","osm_id":506274111}},{"type":"Feature","geometry":{"type":"Polygon","coordinates":[[[9.1866517,45.4573185],[9.186647,45.4572822],[9.1864893,45.4572925],[9.1864934,45.4573251],[9.1866517,45.4573185]]]},"properties":{"site":"milan","name":null,"category":"other","historic":null,"building":"roof","osm_id":506274112}},{"type":"Feature","geometry":{"type":"Polygon","coordinates":[[[9.1873855,45.4571433],[9.1873978,45.4571926],[9.1871212,45.4572347],[9.1871157,45.4572283],[9.1871118,45.4571989],[9.1871112,45.4571774],[9.1871751,45.4571696],[9.1871819,45.4571996],[9.187253,45.4571908],[9.1872465,45.4571594],[9.1873855,45.4571433]]]},"properties":{"site":"milan","name":null,"category":"other","historic":null,"building":"yes","osm_id":506274114}},{"type":"Feature","geometry":{"type":"Polygon","coordinates":[[[9.185889,45.4579505],[9.1859829,45.4580429],[9.1856419,45.4582074],[9.1855553,45.4581126],[9.1856819,45.4580512],[9.1855828,45.4579508],[9.1857151,45.4578818],[9.1858179,45.4579841],[9.185889,45.4579505]]]},"properties":{"site":"milan","name":null,"category":"other","historic":null,"building":"apartments","osm_id":506274115}},{"type":"Feature","geometry":{"type":"Polygon","coordinates":[[[9.18748,45.457675],[9.1875199,45.4578956],[9.1875368,45.4580295],[9.1874177,45.4580531],[9.187385,45.4580735],[9.1873448,45.4580418],[9.1873322,45.4579385],[9.1873658,45.4579365],[9.1873643,45.4579084],[9.1872991,45.4579128],[9.1872954,45.4578714],[9.1873517,45.4578671],[9.1873386,45.4578555],[9.187289,45.4578596],[9.187289,45.4578377],[9.1872475,45.4578434],[9.1872233,45.4578006],[9.1872186,45.45779],[9.1872787,45.4577884],[9.1872844,45.4578151],[9.187357,45.4578119],[9.187349,45.4577626],[9.1873905,45.4577488],[9.1873709,45.4577035],[9.18748,45.457675]]]},"properties":{"site":"milan","name":null,"category":"other","historic":null,"building":"apartments","osm_id":506274118}},{"type":"Feature","geometry":{"type":"Polygon","coordinates":[[[9.1864879,45.4576934],[9.1866129,45.457787],[9.1865693,45.4578192],[9.1865096,45.457779],[9.1864984,45.4577894],[9.186471,45.4577736],[9.1863658,45.4578248],[9.1864548,45.4579178],[9.1864059,45.4579896],[9.1863303,45.4579523],[9.186269,45.4579031],[9.1861846,45.4578132],[9.1863917,45.4577084],[9.1864879,45.4576934]]]},"properties":{"site":"milan","name":null,"category":"other","historic":null,"building":"apartments","osm_id":506274119}},{"type":"Feature","geometry":{"type":"Polygon","coordinates":[[[9.1864059,45.4579896],[9.1864548,45.4579178],[9.1864819,45.4578894],[9.1865077,45.4579049],[9.1865238,45.4578959],[9.1867031,45.4580078],[9.1867948,45.4579567],[9.1868654,45.45801],[9.1866522,45.4581497],[9.1864059,45.4579896]]]},"properties":{"site":"milan","name":null,"category":"other","historic":null,"building":"apartments","osm_id":506274120}},{"type":"Feature","geometry":{"type":"Polygon","coordinates":[[[9.1849669,45.4584528],[9.1848442,45.4583281],[9.1848175,45.4583359],[9.1847786,45.4583547],[9.1848489,45.4584456],[9.1846909,45.4585212],[9.1846327,45.4584541],[9.1845042,45.4584949],[9.1846221,45.4586506],[9.1846856,45.4586621],[9.1850154,45.458501],[9.1849669,45.4584528]]]},"properties":{"site":"milan","name":null,"category":"other","historic":null,"building":"apartments","osm_id":506274123}},{"type":"Feature","geometry":{"type":"Polygon","coordinates":[[[9.1812938,45.4593318],[9.181269,45.4591431],[9.1813919,45.4591311],[9.1814252,45.4591278],[9.1814395,45.4591937],[9.181515,45.4591835],[9.18152,45.4592211],[9.1815264,45.4592444],[9.1814347,45.4592458],[9.1814414,45.4593227],[9.1812938,45.4593318]]]},"properties":{"site":"milan","name":null,"category":"other","historic":null,"building":"apartments","osm_id":506274767}},{"type":"Feature","geometry":{"type":"Polygon","coordinates":[[[9.1816083,45.4594197],[9.1816056,45.4593521],[9.1814446,45.4593576],[9.1814414,45.4593227],[9.1812938,45.4593318],[9.1813116,45.4594719],[9.1813151,45.4595495],[9.181563,45.459536],[9.1816249,45.459524],[9.1816083,45.4594197]]]},"properties":{"site":"milan","name":null,"category":"other","historic":null,"building":"apartments","osm_id":506274768}},{"type":"Feature","geometry":{"type":"Polygon","coordinates":[[[9.1842499,45.4577193],[9.1840683,45.457683],[9.1840867,45.4576337],[9.1841458,45.4574751],[9.1843331,45.4574764],[9.1843152,45.4575341],[9.1842691,45.4576647],[9.1842499,45.4577193]]]},"properties":{"site":"milan","name":null,"category":"other","historic":null,"building":"apartments","osm_id":506274975}},{"type":"Feature","geometry":{"type":"Polygon","coordinates":[[[9.1841458,45.4574751],[9.184141,45.4574189],[9.1841367,45.4573687],[9.1839592,45.4573801],[9.1839498,45.4572754],[9.1841313,45.457264],[9.1843356,45.4573095],[9.1843331,45.4574764],[9.1841458,45.4574751]]]},"properties":{"site":"milan","name":null,"category":"other","historic":null,"building":"apartments","osm_id":506274976}},{"type":"Feature","geometry":{"type":"Polygon","coordinates":[[[9.184207,45.4591719],[9.184115,45.4590684],[9.1842717,45.4590003],[9.1844029,45.4589433],[9.1844385,45.4589276],[9.184488,45.4589824],[9.1844351,45.4590055],[9.1845063,45.4590897],[9.1844439,45.459118],[9.1844127,45.4590797],[9.184207,45.4591719]]]},"properties":{"site":"milan","name":null,"category":"other","historic":null,"building":"apartments","osm_id":507714989}},{"type":"Feature","geometry":{"type":"Polygon","coordinates":[[[9.1844385,45.4589276],[9.1846492,45.4588393],[9.1847332,45.4589349],[9.1845338,45.4590213],[9.1845142,45.4590297],[9.1845316,45.4590514],[9.1845479,45.4590719],[9.1845063,45.4590897],[9.1844351,45.4590055],[9.184488,45.4589824],[9.1844385,45.4589276]]]},"properties":{"site":"milan","name":null,"category":"other","historic":null,"building":"apartments","osm_id":507714990}},{"type":"Feature","geometry":{"type":"Polygon","coordinates":[[[9.1847563,45.4589539],[9.1848061,45.4590098],[9.1846528,45.4590906],[9.1846327,45.4591012],[9.1846038,45.4590756],[9.1846543,45.4590499],[9.184631,45.459031],[9.1847563,45.4589539]]]},"properties":{"site":"milan","name":null,"category":"other","historic":null,"building":"apartments","osm_id":507714991}},{"type":"Feature","geometry":{"type":"Polygon","coordinates":[[[9.1842563,45.4610262],[9.1841132,45.460987],[9.184086,45.4610318],[9.1838378,45.4609549],[9.1838918,45.4608655],[9.1840597,45.4609159],[9.184286,45.460984],[9.1842563,45.4610262]]]},"properties":{"site":"milan","name":null,"category":"other","historic":null,"building":"apartments","osm_id":507714996}},{"type":"Feature","geometry":{"type":"Polygon","coordinates":[[[9.1805439,45.4598842],[9.1803513,45.4598149],[9.1804317,45.4597102],[9.1804488,45.4596385],[9.1804518,45.4596062],[9.1804663,45.4595782],[9.1804782,45.4595495],[9.1805798,45.4595682],[9.1805725,45.4596255],[9.1805416,45.4596208],[9.1805188,45.4596575],[9.1806132,45.4596552],[9.1806087,45.4596866],[9.1805832,45.4596829],[9.1805776,45.4596993],[9.1804974,45.4596725],[9.1804679,45.4597327],[9.1805577,45.4597572],[9.1805593,45.4598356],[9.1805439,45.4598842]]]},"properties":{"site":"milan","name":null,"category":"other","historic":null,"building":"apartments","osm_id":507994823}},{"type":"Feature","geometry":{"type":"Polygon","coordinates":[[[9.1806919,45.4599389],[9.1806959,45.4598767],[9.1807079,45.459855],[9.1807055,45.4598359],[9.1807028,45.4598217],[9.1806352,45.4598148],[9.1806386,45.4597825],[9.1807169,45.4597866],[9.1807197,45.45976],[9.180718,45.4597285],[9.1807178,45.4596925],[9.1806087,45.4596866],[9.1805832,45.4596829],[9.1805776,45.4596993],[9.1805577,45.4597572],[9.1805593,45.4598356],[9.1805439,45.4598842],[9.1806919,45.4599389]]]},"properties":{"site":"milan","name":null,"category":"other","historic":null,"building":"apartments","osm_id":507994824}},{"type":"Feature","geometry":{"type":"Polygon","coordinates":[[[9.1809816,45.4598582],[9.1809323,45.4598535],[9.1809298,45.4597384],[9.1810765,45.4597278],[9.1810809,45.4597522],[9.1810984,45.4598567],[9.1809816,45.4598582]]]},"properties":{"site":"milan","name":null,"category":"other","historic":null,"building":"apartments","osm_id":507994825}},{"type":"Feature","geometry":{"type":"Polygon","coordinates":[[[9.1810402,45.4591704],[9.1810432,45.4592141],[9.1810438,45.4592804],[9.1810454,45.4593219],[9.180675,45.4593063],[9.1806481,45.4593017],[9.1806579,45.4591992],[9.18074,45.4592044],[9.1807317,45.4592723],[9.1808738,45.4592782],[9.1808754,45.4592367],[9.1807974,45.4592354],[9.1808011,45.4592071],[9.1807569,45.4592041],[9.1807622,45.4591563],[9.1808522,45.4591594],[9.1810402,45.4591704]]]},"properties":{"site":"milan","name":null,"category":"other","historic":null,"building":"apartments","osm_id":507994827}},{"type":"Feature","geometry":{"type":"Polygon","coordinates":[[[9.1810402,45.4591704],[9.1808522,45.4591594],[9.1808539,45.4591247],[9.1808556,45.459117],[9.1808604,45.4591167],[9.1808707,45.4590493],[9.1809394,45.4590543],[9.1810382,45.4590616],[9.1810402,45.4591704]]]},"properties":{"site":"milan","name":null,"category":"other","historic":null,"building":"apartments","osm_id":507994828}},{"type":"Feature","geometry":{"type":"Polygon","coordinates":[[[9.1797823,45.4593161],[9.1798,45.4592712],[9.1797587,45.4592659],[9.1797457,45.4593067],[9.1797823,45.4593161]]]},"properties":{"site":"milan","name":null,"category":"other","historic":null,"building":"yes","osm_id":507994829}},{"type":"Feature","geometry":{"type":"Polygon","coordinates":[[[9.1795142,45.4590471],[9.1794713,45.4592155],[9.1795056,45.4592256],[9.1794994,45.4592545],[9.1795354,45.459264],[9.1795651,45.4591563],[9.1795803,45.4590774],[9.179583,45.459063],[9.1795896,45.4590333],[9.1795181,45.4590317],[9.1795142,45.4590471]]]},"properties":{"site":"milan","name":null,"category":"other","historic":null,"building":"yes","osm_id":507994830}},{"type":"Feature","geometry":{"type":"Polygon","coordinates":[[[9.1795437,45.4589459],[9.1793905,45.4589366],[9.1793643,45.4589879],[9.1792817,45.459174],[9.1793639,45.459189],[9.1794297,45.4590414],[9.1795142,45.4590471],[9.1795181,45.4590317],[9.1795437,45.4589459]]]},"properties":{"site":"milan","name":null,"category":"other","historic":null,"building":"apartments","osm_id":507994831}},{"type":"Feature","geometry":{"type":"Polygon","coordinates":[[[9.1793572,45.4594448],[9.1794877,45.4592687],[9.1794791,45.4592649],[9.1794106,45.4592417],[9.1793425,45.4593299],[9.1792105,45.4592841],[9.1792696,45.4592001],[9.1792028,45.4591775],[9.1790836,45.4593429],[9.1793572,45.4594448]]]},"properties":{"site":"milan","name":null,"category":"other","historic":null,"building":"apartments","osm_id":507994832}},{"type":"Feature","geometry":{"type":"Polygon","coordinates":[[[9.1788562,45.4592599],[9.1788736,45.4592262],[9.1788686,45.4592047],[9.1788886,45.4591736],[9.1789274,45.4591222],[9.1789645,45.4590705],[9.1788977,45.4590775],[9.1788742,45.4590799],[9.1788172,45.4591492],[9.1787051,45.4591093],[9.1787077,45.4590873],[9.1786681,45.4590968],[9.1785952,45.4591684],[9.1788562,45.4592599]]]},"properties":{"site":"milan","name":null,"category":"other","historic":null,"building":"apartments","osm_id":507994833}},{"type":"Feature","geometry":{"type":"Polygon","coordinates":[[[9.1785952,45.4591684],[9.1786681,45.4590968],[9.1786601,45.4590686],[9.1785903,45.4590376],[9.1785876,45.459015],[9.178652,45.4590131],[9.1786394,45.4589553],[9.1784044,45.4589997],[9.1783981,45.4590454],[9.1785952,45.4591684]]]},"properties":{"site":"milan","name":null,"category":"other","historic":null,"building":"apartments","osm_id":507994834}},{"type":"Feature","geometry":{"type":"Polygon","coordinates":[[[9.1798946,45.4595625],[9.1799257,45.4595721],[9.1799777,45.4595863],[9.1800203,45.459599],[9.1801232,45.4594195],[9.18015,45.4594251],[9.1801634,45.4593941],[9.1801138,45.459379],[9.1801267,45.4593462],[9.1799264,45.4592903],[9.1798697,45.4593997],[9.1798496,45.4594477],[9.179914,45.4594612],[9.1799277,45.4594366],[9.1799582,45.459445],[9.1798946,45.4595625]]]},"properties":{"site":"milan","name":null,"category":"other","historic":null,"building":"yes","osm_id":507994838}},{"type":"Feature","geometry":{"type":"Polygon","coordinates":[[[9.1839019,45.4616645],[9.1836095,45.4618448],[9.1836433,45.4618893],[9.1837491,45.4618461],[9.1839297,45.4620315],[9.1838659,45.46208],[9.1837871,45.4620197],[9.1836692,45.4620795],[9.1838597,45.4622492],[9.1840688,45.4621191],[9.1842518,45.4620093],[9.1841604,45.4619055],[9.1840698,45.461951],[9.1839793,45.4618647],[9.1839774,45.4618629],[9.1839031,45.4617918],[9.1839833,45.4617452],[9.1839019,45.4616645]]]},"properties":{"site":"milan","name":null,"category":"other","historic":null,"building":"apartments","osm_id":507996324}},{"type":"Feature","geometry":{"type":"Polygon","coordinates":[[[9.1861877,45.4687834],[9.1861692,45.468887],[9.1861422,45.4688851],[9.186011,45.4688742],[9.1860188,45.4687864],[9.1860319,45.468695],[9.186052,45.4686946],[9.1860678,45.4685699],[9.1861423,45.4685725],[9.1862232,45.4685753],[9.1862045,45.4686839],[9.1861084,45.4686812],[9.1860949,45.4687755],[9.1861877,45.4687834]]]},"properties":{"site":"milan","name":null,"category":"other","historic":null,"building":"apartments","osm_id":507999923}},{"type":"Feature","geometry":{"type":"Polygon","coordinates":[[[9.1867688,45.4688607],[9.1867006,45.46886],[9.1867225,45.4689358],[9.1867086,45.4690127],[9.1868217,45.4690219],[9.1869581,45.4690329],[9.1869738,45.4689546],[9.1869811,45.4689142],[9.1869753,45.4688935],[9.1867638,45.4688792],[9.1867688,45.4688607]]]},"properties":{"site":"milan","name":null,"category":"other","historic":null,"building":"yes","osm_id":507999927}},{"type":"Feature","geometry":{"type":"Polygon","coordinates":[[[9.1871164,45.4689227],[9.1870999,45.4690399],[9.1870275,45.4690363],[9.1869581,45.4690329],[9.1869738,45.4689546],[9.1870452,45.468955],[9.1870473,45.4689101],[9.1869811,45.4689142],[9.1869753,45.4688935],[9.1870689,45.4688779],[9.1870869,45.4688771],[9.1870872,45.4689112],[9.1871156,45.4689105],[9.1871164,45.4689227]]]},"properties":{"site":"milan","name":null,"category":"other","historic":null,"building":"yes","osm_id":507999928}},{"type":"Feature","geometry":{"type":"Polygon","coordinates":[[[9.1870689,45.4688779],[9.1870869,45.4688771],[9.1870872,45.4689112],[9.1871156,45.4689105],[9.1871114,45.4688015],[9.1870668,45.4688043],[9.1870689,45.4688779]]]},"properties":{"site":"milan","name":null,"category":"other","historic":null,"building":"yes","osm_id":507999929}},{"type":"Feature","geometry":{"type":"Polygon","coordinates":[[[9.1829161,45.461004],[9.1830147,45.4610924],[9.1829384,45.4611217],[9.1829114,45.4610901],[9.18286,45.4610673],[9.1829161,45.461004]]]},"properties":{"site":"milan","name":null,"category":"other","historic":null,"building":"yes","osm_id":508003113}},{"type":"Feature","geometry":{"type":"Polygon","coordinates":[[[9.1827986,45.4607918],[9.1828088,45.4607715],[9.1828918,45.4607736],[9.182956,45.4607834],[9.1830121,45.460804],[9.1830541,45.4608352],[9.1829773,45.4609443],[9.1829161,45.461004],[9.18286,45.4610673],[9.1829114,45.4610901],[9.1828864,45.4610905],[9.1828616,45.4610987],[9.1828008,45.4611073],[9.1828381,45.4610626],[9.1827577,45.4610294],[9.1827304,45.4610863],[9.1826782,45.4610649],[9.1827986,45.4607918]]]},"properties":{"site":"milan","name":null,"category":"other","historic":null,"building":"apartments","osm_id":508003116}},{"type":"Feature","geometry":{"type":"Polygon","coordinates":[[[9.1830541,45.4608352],[9.1831826,45.4609468],[9.1832138,45.4609739],[9.1831034,45.4610588],[9.183066,45.4610253],[9.1830553,45.4610295],[9.182999,45.4609815],[9.1830122,45.4609695],[9.1829773,45.4609443],[9.1830541,45.4608352]]]},"properties":{"site":"milan","name":null,"category":"other","historic":null,"building":"yes","osm_id":508003119}},{"type":"Feature","geometry":{"type":"Polygon","coordinates":[[[9.1826205,45.4611454],[9.1827852,45.4611105],[9.1828008,45.4611073],[9.1828616,45.4610987],[9.1829065,45.4612108],[9.1829365,45.4612861],[9.1826931,45.4613418],[9.1826205,45.4611454]]]},"properties":{"site":"milan","name":null,"category":"other","historic":null,"building":"yes","osm_id":508003122}},{"type":"Feature","geometry":{"type":"Polygon","coordinates":[[[9.1827852,45.4611105],[9.1826205,45.4611454],[9.1826123,45.461124],[9.1824742,45.4611443],[9.182493,45.4610631],[9.1824265,45.4610413],[9.1825088,45.4607507],[9.1826492,45.4607706],[9.1827986,45.4607918],[9.1826782,45.4610649],[9.1827304,45.4610863],[9.1827852,45.4611105]]]},"properties":{"site":"milan","name":null,"category":"other","historic":null,"building":"yes","osm_id":508003125}},{"type":"Feature","geometry":{"type":"Polygon","coordinates":[[[9.1826931,45.4613418],[9.1826203,45.4613525],[9.1825787,45.4612299],[9.1825007,45.4612412],[9.1825015,45.4612181],[9.1824646,45.4612161],[9.1824742,45.4611443],[9.1826123,45.461124],[9.1826205,45.4611454],[9.1826931,45.4613418]]]},"properties":{"site":"milan","name":null,"category":"other","historic":null,"building":"yes","osm_id":508003130}},{"type":"Feature","geometry":{"type":"Polygon","coordinates":[[[9.1825088,45.4607507],[9.1824265,45.4610413],[9.1824136,45.4610571],[9.1823376,45.4610396],[9.1823423,45.4610224],[9.1822606,45.4610047],[9.1822758,45.4609366],[9.182382,45.460947],[9.1824076,45.4608458],[9.18217,45.4608071],[9.1820112,45.4607863],[9.1819013,45.4607652],[9.181874,45.4608034],[9.1817374,45.4607573],[9.1818208,45.4606268],[9.1819585,45.4606673],[9.1820691,45.4606888],[9.1824251,45.4607395],[9.1825088,45.4607507]]]},"properties":{"site":"milan","name":null,"category":"other","historic":null,"building":"apartments","osm_id":508003135}},{"type":"Feature","geometry":{"type":"Polygon","coordinates":[[[9.1821051,45.4610309],[9.182146,45.4608391],[9.1819881,45.4608236],[9.1819434,45.4609911],[9.1820575,45.4610018],[9.1820555,45.4610245],[9.1821051,45.4610309]]]},"properties":{"site":"milan","name":null,"category":"other","historic":null,"building":"apartments","osm_id":508003138}},{"type":"Feature","geometry":{"type":"Polygon","coordinates":[[[9.1829065,45.4612108],[9.1829696,45.4611949],[9.18302,45.4612601],[9.1829365,45.4612861],[9.1829065,45.4612108]]]},"properties":{"site":"milan","name":null,"category":"other","historic":null,"building":"yes","osm_id":508003147}},{"type":"Feature","geometry":{"type":"Polygon","coordinates":[[[9.1815495,45.4625453],[9.1814934,45.4626562],[9.1814582,45.4627336],[9.1814688,45.4627387],[9.1814234,45.4628384],[9.1812548,45.4627992],[9.1812918,45.4627182],[9.1813588,45.462574],[9.1813921,45.4625049],[9.1815495,45.4625453]]]},"properties":{"site":"milan","name":null,"category":"other","historic":null,"building":"apartments","osm_id":508005359}},{"type":"Feature","geometry":{"type":"Polygon","coordinates":[[[9.1820675,45.4627914],[9.182239,45.4628331],[9.182327,45.4626633],[9.1822982,45.4626565],[9.1823117,45.462624],[9.1821068,45.4625719],[9.1820496,45.4626891],[9.182111,45.462703],[9.1820675,45.4627914]]]},"properties":{"site":"milan","name":null,"category":"other","historic":null,"building":"apartments","osm_id":508005362}},{"type":"Feature","geometry":{"type":"Polygon","coordinates":[[[9.1826604,45.4624614],[9.1826148,45.4624961],[9.1825766,45.462473],[9.182395,45.4626054],[9.1824283,45.4626315],[9.1824061,45.4626473],[9.1826,45.4627765],[9.1827111,45.4626952],[9.182596,45.4626158],[9.1827399,45.4625154],[9.1826604,45.4624614]]]},"properties":{"site":"milan","name":null,"category":"other","historic":null,"building":"apartments","osm_id":508005366}},{"type":"Feature","geometry":{"type":"Polygon","coordinates":[[[9.1907831,45.4578809],[9.1908028,45.4577955],[9.1908491,45.4578002],[9.1909265,45.45777],[9.1909959,45.457852],[9.1910632,45.4579314],[9.1910092,45.457954],[9.1909858,45.4579637],[9.190937,45.4579768],[9.1908473,45.4579994],[9.1907532,45.4580022],[9.1907691,45.4579344],[9.1908502,45.4579416],[9.1908974,45.4579333],[9.1908681,45.4578994],[9.1907812,45.4578903],[9.1907831,45.4578809]]]},"properties":{"site":"milan","name":null,"category":"other","historic":null,"building":"yes","osm_id":509665132}},{"type":"Feature","geometry":{"type":"Polygon","coordinates":[[[9.1885655,45.4569556],[9.1886768,45.4569662],[9.188805,45.4567733],[9.1888756,45.4567984],[9.1888431,45.456842],[9.1889906,45.4568984],[9.1889396,45.457064],[9.188709,45.4570396],[9.1886955,45.4570076],[9.1885689,45.456998],[9.1885655,45.4569556]]]},"properties":{"site":"milan","name":null,"category":"other","historic":null,"building":"yes","osm_id":509665138}},{"type":"Feature","geometry":{"type":"Polygon","coordinates":[[[9.189093,45.4574088],[9.1890802,45.4575201],[9.1890978,45.4576203],[9.1890307,45.4576217],[9.1890216,45.4575148],[9.1889354,45.4575184],[9.1889496,45.4575536],[9.1889146,45.4575535],[9.1888979,45.4574087],[9.1889984,45.4574088],[9.189093,45.4574088]]]},"properties":{"site":"milan","name":null,"category":"other","historic":null,"building":"apartments","osm_id":509665140}},{"type":"Feature","geometry":{"type":"Polygon","coordinates":[[[9.1888434,45.4576043],[9.1889751,45.4576246],[9.1889507,45.4577822],[9.1887403,45.4577632],[9.188748,45.4576791],[9.1888289,45.4576854],[9.1888434,45.4576043]]]},"properties":{"site":"milan","name":null,"category":"other","historic":null,"building":"yes","osm_id":509665141}},{"type":"Feature","geometry":{"type":"Polygon","coordinates":[[[9.1892128,45.4575341],[9.1892297,45.4574298],[9.1891251,45.4574137],[9.189093,45.4574088],[9.1890802,45.4575201],[9.1892128,45.4575341]]]},"properties":{"site":"milan","name":null,"category":"other","historic":null,"building":"apartments","osm_id":509665142}},{"type":"Feature","geometry":{"type":"Polygon","coordinates":[[[9.1840922,45.468468],[9.1841698,45.4686241],[9.1841688,45.4686273],[9.1839778,45.4686089],[9.1839281,45.4686041],[9.1839453,45.468521],[9.1840178,45.4685283],[9.1840158,45.4684818],[9.1840922,45.468468]]]},"properties":{"site":"milan","name":null,"category":"other","historic":null,"building":"apartments","osm_id":509665146}},{"type":"Feature","geometry":{"type":"Polygon","coordinates":[[[9.1930776,45.458417],[9.1930686,45.4584076],[9.193031,45.4583681],[9.1930168,45.4583793],[9.1930005,45.4583568],[9.193033,45.4583392],[9.1929648,45.4582778],[9.1930664,45.4582226],[9.1931528,45.4582927],[9.1931137,45.4583152],[9.1931757,45.4583673],[9.1930776,45.458417]]]},"properties":{"site":"milan","name":null,"category":"other","historic":null,"building":"yes","osm_id":509665899}},{"type":"Feature","geometry":{"type":"Polygon","coordinates":[[[9.1928547,45.4583381],[9.1928759,45.4583281],[9.192907,45.4583092],[9.1929648,45.4582778],[9.193033,45.4583392],[9.1930005,45.4583568],[9.1930168,45.4583793],[9.193031,45.4583681],[9.1930686,45.4584076],[9.1929697,45.4584584],[9.1929267,45.4584247],[9.1928547,45.4583381]]]},"properties":{"site":"milan","name":null,"category":"other","historic":null,"building":"yes","osm_id":509665900}},{"type":"Feature","geometry":{"type":"Polygon","coordinates":[[[9.1899403,45.458353],[9.1899529,45.4582917],[9.1899555,45.4582759],[9.1899578,45.4582632],[9.1899832,45.4581637],[9.1902922,45.4581973],[9.190311,45.4582112],[9.1903498,45.4582628],[9.190242,45.4583046],[9.19011,45.4582881],[9.1900889,45.4583764],[9.1902335,45.4583935],[9.1902656,45.4584375],[9.1902237,45.4584853],[9.1901788,45.4584613],[9.1901765,45.4584462],[9.1901423,45.4584308],[9.1901122,45.4584331],[9.1899403,45.458353]]]},"properties":{"site":"milan","name":null,"category":"other","historic":null,"building":"yes","osm_id":509667113}},{"type":"Feature","geometry":{"type":"Polygon","coordinates":[[[9.1902766,45.4584331],[9.1903015,45.4584225],[9.1902648,45.4583758],[9.1902843,45.4583414],[9.1903799,45.4583022],[9.1905233,45.458472],[9.1906038,45.4585624],[9.1905216,45.4586091],[9.1903864,45.4584481],[9.1903134,45.4584773],[9.1902766,45.4584331]]]},"properties":{"site":"milan","name":null,"category":"other","historic":null,"building":"yes","osm_id":509667115}},{"type":"Feature","geometry":{"type":"Polygon","coordinates":[[[9.1909293,45.4589795],[9.1908014,45.458885],[9.1908278,45.4588685],[9.1907729,45.4588213],[9.1907399,45.4588379],[9.190702,45.4588085],[9.19067,45.4587789],[9.190624,45.4588091],[9.1905958,45.4587944],[9.1905362,45.4587613],[9.1905833,45.4587357],[9.1905565,45.4587163],[9.1905151,45.4587364],[9.1904964,45.4587096],[9.1905039,45.4586991],[9.1905214,45.4586849],[9.1904584,45.4586467],[9.1904696,45.4586393],[9.1905216,45.4586091],[9.1906038,45.4585624],[9.1908891,45.4588037],[9.1910299,45.4589227],[9.1909293,45.4589795]]]},"properties":{"site":"milan","name":null,"category":"other","historic":null,"building":"yes","osm_id":509667116}},{"type":"Feature","geometry":{"type":"Polygon","coordinates":[[[9.1904306,45.4586643],[9.1905039,45.4586991],[9.1904964,45.4587096],[9.1904413,45.4587725],[9.1904835,45.4587976],[9.1904592,45.4588237],[9.1904106,45.4587971],[9.1904166,45.458789],[9.1903456,45.458754],[9.1904306,45.4586643]]]},"properties":{"site":"milan","name":null,"category":"other","historic":null,"building":"yes","osm_id":509667117}},{"type":"Feature","geometry":{"type":"Polygon","coordinates":[[[9.1909293,45.4589795],[9.190877,45.4590132],[9.1908074,45.459051],[9.1905148,45.4588575],[9.1905958,45.4587944],[9.190624,45.4588091],[9.1906675,45.4588377],[9.190702,45.4588085],[9.1907399,45.4588379],[9.1906803,45.4588969],[9.1907286,45.458933],[9.1908014,45.458885],[9.1909293,45.4589795]]]},"properties":{"site":"milan","name":null,"category":"other","historic":null,"building":"yes","osm_id":509667119}},{"type":"Feature","geometry":{"type":"Polygon","coordinates":[[[9.1899889,45.4589585],[9.1900593,45.4588896],[9.1901261,45.4588185],[9.190269,45.4588884],[9.190126,45.4590273],[9.1899889,45.4589585]]]},"properties":{"site":"milan","name":null,"category":"other","historic":null,"building":"apartments","osm_id":509667121}},{"type":"Feature","geometry":{"type":"Polygon","coordinates":[[[9.1894158,45.4584179],[9.1894322,45.458373],[9.1894624,45.4583433],[9.1895152,45.4583534],[9.1895081,45.45843],[9.1894722,45.4585322],[9.1894009,45.4585282],[9.1894158,45.4584179]]]},"properties":{"site":"milan","name":null,"category":"other","historic":null,"building":"yes","osm_id":509667123}},{"type":"Feature","geometry":{"type":"Polygon","coordinates":[[[9.1880399,45.4581963],[9.1878993,45.4581906],[9.1878971,45.4581287],[9.1878956,45.4580922],[9.1880394,45.4580895],[9.1880411,45.458134],[9.1880399,45.4581963]]]},"properties":{"site":"milan","name":null,"category":"other","historic":null,"building":"roof","osm_id":509667124}},{"type":"Feature","geometry":{"type":"Polygon","coordinates":[[[9.1889488,45.4587964],[9.1887838,45.458717],[9.1886202,45.4586383],[9.1887074,45.4585445],[9.1887139,45.4585368],[9.1889931,45.4586696],[9.1889862,45.4586775],[9.1890387,45.4587041],[9.1889488,45.4587964]]]},"properties":{"site":"milan","name":null,"category":"other","historic":null,"building":"yes","osm_id":509667126}},{"type":"Feature","geometry":{"type":"Polygon","coordinates":[[[9.1866815,45.4647364],[9.1866477,45.4647631],[9.1866233,45.4647819],[9.1865404,45.4647272],[9.1865673,45.4647064],[9.1865997,45.4646823],[9.1866815,45.4647364]]]},"properties":{"site":"milan","name":null,"category":"other","historic":null,"building":"roof","osm_id":515460351}},{"type":"Feature","geometry":{"type":"Polygon","coordinates":[[[9.184294,45.4635032],[9.184254,45.4634751],[9.1841434,45.4634016],[9.1841105,45.4633798],[9.1840891,45.4633932],[9.1840375,45.4634236],[9.1842273,45.4635484],[9.1842558,45.4635244],[9.184294,45.4635032]]]},"properties":{"site":"milan","name":null,"category":"other","historic":null,"building":"apartments","osm_id":515460354}},{"type":"Feature","geometry":{"type":"Polygon","coordinates":[[[9.1815177,45.4623028],[9.1814758,45.4624239],[9.1815979,45.4624388],[9.1815495,45.4625453],[9.1816338,45.4625707],[9.1816523,45.4625329],[9.1817327,45.462381],[9.1817405,45.4623404],[9.1816289,45.4623216],[9.1815177,45.4623028]]]},"properties":{"site":"milan","name":null,"category":"other","historic":null,"building":"yes","osm_id":515460390}},{"type":"Feature","geometry":{"type":"Polygon","coordinates":[[[9.1821607,45.4628896],[9.1818402,45.4628126],[9.1817742,45.4629226],[9.1821047,45.4629997],[9.1821607,45.4628896]]]},"properties":{"site":"milan","name":null,"category":"other","historic":null,"building":"apartments","osm_id":515460393}},{"type":"Feature","geometry":{"type":"Polygon","coordinates":[[[9.1822345,45.4649891],[9.1821688,45.4650322],[9.1821404,45.4650081],[9.1822718,45.4649175],[9.1823039,45.4649418],[9.1822345,45.4649891]]]},"properties":{"site":"milan","name":null,"category":"other","historic":null,"building":"yes","osm_id":515460420}},{"type":"Feature","geometry":{"type":"Polygon","coordinates":[[[9.1809408,45.4652479],[9.1810196,45.4653426],[9.1808927,45.4654209],[9.1807272,45.4654319],[9.1807246,45.4653948],[9.1807227,45.4653679],[9.1807176,45.4653271],[9.1808002,45.4653187],[9.1808434,45.4652852],[9.1808729,45.4652965],[9.1809408,45.4652479]]]},"properties":{"site":"milan","name":null,"category":"other","historic":null,"building":"yes","osm_id":515460432}},{"type":"Feature","geometry":{"type":"Polygon","coordinates":[[[9.1848122,45.4627732],[9.1848472,45.4627634],[9.1849336,45.4627036],[9.1850188,45.462765],[9.1850408,45.4627467],[9.1849674,45.4626899],[9.1850485,45.4626342],[9.1850936,45.4626319],[9.1850945,45.462592],[9.1848955,45.4626247],[9.1849056,45.46266],[9.184856,45.4626958],[9.1848305,45.4626995],[9.1847898,45.462707],[9.1848122,45.4627732]]]},"properties":{"site":"milan","name":null,"category":"other","historic":null,"building":"yes","osm_id":515467854}},{"type":"Feature","geometry":{"type":"Polygon","coordinates":[[[9.1775903,45.4592522],[9.177744,45.4591665],[9.1777867,45.4591804],[9.1779449,45.4592305],[9.1780301,45.4591402],[9.1780114,45.4591293],[9.1777116,45.4590329],[9.1775188,45.4591509],[9.1774903,45.4591678],[9.1775903,45.4592522]]]},"properties":{"site":"milan","name":null,"category":"other","historic":null,"building":"apartments","osm_id":517081142}},{"type":"Feature","geometry":{"type":"Polygon","coordinates":[[[9.1998352,45.4606246],[9.1998521,45.4607141],[9.1999009,45.4607101],[9.1998988,45.4606959],[9.1998873,45.4606199],[9.1998352,45.4606246]]]},"properties":{"site":"milan","name":null,"category":"other","historic":null,"building":"roof","osm_id":521075878}},{"type":"Feature","geometry":{"type":"Polygon","coordinates":[[[9.1997013,45.4605191],[9.1998734,45.4605017],[9.1998564,45.460408],[9.2000206,45.4603903],[9.200057,45.460601],[9.199974,45.4606102],[9.1998873,45.4606199],[9.1998352,45.4606246],[9.199723,45.4606324],[9.199721,45.4606193],[9.1997013,45.4605191]]]},"properties":{"site":"milan","name":null,"category":"other","historic":null,"building":"apartments","osm_id":521075879}},{"type":"Feature","geometry":{"type":"Polygon","coordinates":[[[9.1995548,45.4604651],[9.1995612,45.4604302],[9.1996845,45.4604229],[9.1997013,45.4605191],[9.1995384,45.4605362],[9.1995548,45.4604651]]]},"properties":{"site":"milan","name":null,"category":"other","historic":null,"building":"yes","osm_id":521075884}},{"type":"Feature","geometry":{"type":"Polygon","coordinates":[[[9.1973062,45.4607451],[9.1973668,45.460745],[9.1973825,45.4607364],[9.1973844,45.4606908],[9.1974103,45.4606752],[9.1974111,45.4606334],[9.1975714,45.460635],[9.1975687,45.4606861],[9.1975506,45.4606843],[9.1975495,45.4607359],[9.1976323,45.4607377],[9.1976308,45.4608506],[9.1976034,45.4608507],[9.1975803,45.4608501],[9.1973076,45.4608454],[9.1973062,45.4607451]]]},"properties":{"site":"milan","name":null,"category":"other","historic":null,"building":"apartments","osm_id":521075885}},{"type":"Feature","geometry":{"type":"Polygon","coordinates":[[[9.1969243,45.4608397],[9.196709,45.4608373],[9.1967092,45.4608462],[9.1966661,45.4608449],[9.1966489,45.4608419],[9.1966267,45.4608332],[9.1966012,45.4608159],[9.1965865,45.4607987],[9.1965978,45.4607941],[9.1964516,45.4606355],[9.1965863,45.4605915],[9.1967093,45.4605561],[9.1967046,45.4606092],[9.1966452,45.4606331],[9.1966943,45.4606863],[9.1967909,45.4607252],[9.196854,45.4607245],[9.1968583,45.4605633],[9.1969283,45.4605679],[9.1969243,45.4608397]]]},"properties":{"site":"milan","name":null,"category":"other","historic":null,"building":"apartments","osm_id":521075886}},{"type":"Feature","geometry":{"type":"Polygon","coordinates":[[[9.1991382,45.4588891],[9.1992354,45.4588973],[9.1992543,45.4588022],[9.1994263,45.4588134],[9.199427,45.4588377],[9.1995655,45.4588491],[9.1995655,45.4588326],[9.1996684,45.4588411],[9.1997081,45.4586261],[9.19959,45.4586199],[9.1995785,45.4587036],[9.199424,45.4586916],[9.1992678,45.458679],[9.1992751,45.4586346],[9.1992751,45.458624],[9.1992917,45.4586123],[9.1992944,45.4585759],[9.1992809,45.4585651],[9.1992262,45.4585653],[9.1992337,45.458518],[9.1992364,45.4585016],[9.1991224,45.4584892],[9.1991197,45.4585066],[9.1991163,45.4585292],[9.1990985,45.4585286],[9.199076,45.4586668],[9.199069,45.4587098],[9.199062,45.4587526],[9.1990416,45.4588781],[9.1991382,45.4588891]]]},"properties":{"site":"milan","name":"Padiglione De Marchi","category":"other","historic":null,"building":"hospital","osm_id":521078142}},{"type":"Feature","geometry":{"type":"Polygon","coordinates":[[[9.1995195,45.4569748],[9.1995921,45.4569878],[9.1995745,45.4570859],[9.1995069,45.4570824],[9.1995195,45.4569748]]]},"properties":{"site":"milan","name":null,"category":"other","historic":null,"building":"yes","osm_id":521079782}},{"type":"Feature","geometry":{"type":"Polygon","coordinates":[[[9.1999837,45.4567975],[9.1999492,45.4569197],[9.1999194,45.4570092],[9.1998602,45.4570019],[9.1998535,45.4570169],[9.1995619,45.456969],[9.1995673,45.4569554],[9.1995241,45.4569516],[9.1995267,45.4569046],[9.1995343,45.4568535],[9.199537,45.4568279],[9.1995587,45.456729],[9.1996653,45.4567469],[9.199638,45.4568339],[9.1996244,45.456833],[9.1996143,45.4568656],[9.1997417,45.4568876],[9.1998572,45.4569064],[9.1998962,45.4567844],[9.1999837,45.4567975]]]},"properties":{"site":"milan","name":null,"category":"other","historic":null,"building":"apartments","osm_id":521079784}},{"type":"Feature","geometry":{"type":"Polygon","coordinates":[[[9.1991621,45.4572875],[9.1993659,45.4573029],[9.199329,45.4575239],[9.1992721,45.4575185],[9.1991598,45.4575119],[9.1991608,45.4575066],[9.1991787,45.457382],[9.1991481,45.45738],[9.1991572,45.4573181],[9.1991621,45.4572875]]]},"properties":{"site":"milan","name":null,"category":"other","historic":null,"building":"apartments","osm_id":521079785}},{"type":"Feature","geometry":{"type":"Polygon","coordinates":[[[9.1997918,45.4573387],[9.1997871,45.4573733],[9.1997564,45.4573688],[9.1997359,45.4575135],[9.1997002,45.457513],[9.1996952,45.4575491],[9.1995006,45.4575329],[9.1994457,45.4575283],[9.1994546,45.4574913],[9.1995787,45.4574998],[9.1996003,45.4573528],[9.1996209,45.457352],[9.1996287,45.4573209],[9.1996751,45.4573223],[9.1997918,45.4573387]]]},"properties":{"site":"milan","name":null,"category":"other","historic":null,"building":"yes","osm_id":521079787}},{"type":"Feature","geometry":{"type":"Polygon","coordinates":[[[9.1999402,45.4572854],[9.1999331,45.4573308],[9.1999876,45.4573399],[9.1999794,45.4573716],[9.200239,45.4574079],[9.2002464,45.4573656],[9.2004471,45.4573904],[9.2004167,45.4575177],[9.2002725,45.4574985],[9.2002625,45.4575369],[9.2002743,45.4575393],[9.2002481,45.4576468],[9.2002344,45.4576469],[9.2002255,45.4576879],[9.2003663,45.457702],[9.200322,45.4578367],[9.200118,45.457811],[9.1999148,45.4577855],[9.1999244,45.4577614],[9.1997692,45.4577412],[9.1997896,45.4576597],[9.1999966,45.4576818],[9.199992,45.4577041],[9.2000504,45.4577115],[9.2001223,45.4574747],[9.2000812,45.4574701],[9.2000643,45.4575273],[9.1998333,45.4574909],[9.1998693,45.4573784],[9.1998217,45.4573715],[9.1998365,45.4573035],[9.199846,45.4572715],[9.1999402,45.4572854]]]},"properties":{"site":"milan","name":"Padiglione Regina Elena","category":"other","historic":null,"building":"hospital","osm_id":521079790}},{"type":"Feature","geometry":{"type":"Polygon","coordinates":[[[9.1999837,45.4567975],[9.2001069,45.4568171],[9.2002299,45.4568366],[9.2001592,45.4570686],[9.2000802,45.4570544],[9.2001165,45.4569396],[9.2000153,45.4569259],[9.1999797,45.4570398],[9.1999114,45.4570293],[9.1999194,45.4570092],[9.1999492,45.4569197],[9.1999837,45.4567975]]]},"properties":{"site":"milan","name":null,"category":"other","historic":null,"building":"apartments","osm_id":521079792}},{"type":"Feature","geometry":{"type":"Polygon","coordinates":[[[9.1847931,45.4673021],[9.1849648,45.4673347],[9.1850278,45.4673471],[9.1850407,45.4673496],[9.1851094,45.4673802],[9.1850836,45.4674231],[9.1847915,45.4673874],[9.1847956,45.4673723],[9.1847715,45.4673714],[9.1847931,45.4673021]]]},"properties":{"site":"milan","name":null,"category":"other","historic":null,"building":"yes","osm_id":541392279}},{"type":"Feature","geometry":{"type":"Polygon","coordinates":[[[9.1817772,45.466392],[9.1816672,45.4664037],[9.1816502,45.4663616],[9.1817609,45.4663457],[9.1817772,45.466392]]]},"properties":{"site":"milan","name":null,"category":"other","historic":null,"building":"yes","osm_id":541392284}},{"type":"Feature","geometry":{"type":"Polygon","coordinates":[[[9.1845787,45.4696634],[9.1846672,45.4697013],[9.1846894,45.4696762],[9.1845848,45.4696109],[9.1845711,45.4696195],[9.1845387,45.4696399],[9.1845787,45.4696634]]]},"properties":{"site":"milan","name":null,"category":"other","historic":null,"building":"apartments","osm_id":544082988}},{"type":"Feature","geometry":{"type":"Polygon","coordinates":[[[9.1855319,45.4677075],[9.1855465,45.4676517],[9.1855106,45.4676458],[9.1853745,45.4676267],[9.1853595,45.4676676],[9.1854314,45.4676834],[9.1854263,45.4677148],[9.1854307,45.4677234],[9.185468,45.4677275],[9.1854757,45.4677005],[9.1855319,45.4677075]]]},"properties":{"site":"milan","name":null,"category":"other","historic":null,"building":"apartments","osm_id":545427757}},{"type":"Feature","geometry":{"type":"Polygon","coordinates":[[[9.1846531,45.4718224],[9.1846252,45.4718149],[9.1845358,45.4717909],[9.1844073,45.471752],[9.1843829,45.471806],[9.1843736,45.4718238],[9.1845569,45.4718826],[9.1846149,45.4719022],[9.1846531,45.4718224]]]},"properties":{"site":"milan","name":null,"category":"other","historic":null,"building":"apartments","osm_id":560271528}},{"type":"Feature","geometry":{"type":"Polygon","coordinates":[[[9.1987814,45.4688946],[9.1987676,45.4689081],[9.1987666,45.4689199],[9.1987802,45.4689375],[9.1988147,45.4689485],[9.1988387,45.4689477],[9.1988565,45.4689261],[9.1987814,45.4688946]]]},"properties":{"site":"milan","name":null,"category":"other","historic":null,"building":"apartments","osm_id":563399178}},{"type":"Feature","geometry":{"type":"Polygon","coordinates":[[[9.1903035,45.4572936],[9.1903531,45.4573102],[9.1904902,45.4573559],[9.1905201,45.4573637],[9.1905029,45.4574254],[9.1903139,45.4574037],[9.1902919,45.4575053],[9.1908192,45.4575673],[9.1908311,45.4575152],[9.1908427,45.4574646],[9.1906199,45.4574389],[9.1906323,45.4573932],[9.1906756,45.4574045],[9.1908862,45.4574453],[9.1909131,45.4573287],[9.1908588,45.4573176],[9.1907382,45.4572932],[9.1906377,45.4572712],[9.1906061,45.4572619],[9.1905603,45.457248],[9.1903745,45.4571886],[9.1903035,45.4572936]]]},"properties":{"site":"milan","name":null,"category":"other","historic":null,"building":"apartments","osm_id":564828168}},{"type":"Feature","geometry":{"type":"Polygon","coordinates":[[[9.1903443,45.458035],[9.1903636,45.457912],[9.1902047,45.4578938],[9.1902232,45.4578105],[9.1900662,45.4577912],[9.190049,45.4578776],[9.1900219,45.4579985],[9.1901846,45.4580157],[9.1903443,45.458035]]]},"properties":{"site":"milan","name":null,"category":"other","historic":null,"building":"apartments","osm_id":564829137}},{"type":"Feature","geometry":{"type":"Polygon","coordinates":[[[9.1900662,45.4577912],[9.1901094,45.4576035],[9.1901821,45.4576111],[9.1901836,45.4576026],[9.1904239,45.4576289],[9.1907131,45.4576618],[9.19084,45.4576768],[9.1909265,45.45777],[9.1908491,45.4578002],[9.1908028,45.4577955],[9.1907831,45.4578809],[9.1907074,45.4578709],[9.1907268,45.4577844],[9.1906279,45.4577732],[9.1906387,45.4577294],[9.190477,45.457711],[9.1904671,45.4577466],[9.1903155,45.4577271],[9.1903162,45.4577353],[9.1902409,45.4577279],[9.1902232,45.4578105],[9.1900662,45.4577912]]]},"properties":{"site":"milan","name":null,"category":"other","historic":null,"building":"yes","osm_id":564829139}},{"type":"Feature","geometry":{"type":"Polygon","coordinates":[[[9.1904182,45.4579864],[9.190405,45.4580426],[9.1903898,45.458107],[9.1903819,45.4581403],[9.1903819,45.4581512],[9.1903864,45.4581628],[9.1904405,45.4582325],[9.1904891,45.4582108],[9.1905653,45.4581644],[9.1905653,45.4581341],[9.190531,45.4581465],[9.1905233,45.4581403],[9.1905355,45.4581349],[9.1905266,45.4581241],[9.1905598,45.4581078],[9.1905774,45.4580373],[9.1905587,45.4580234],[9.1905638,45.4580048],[9.1904182,45.4579864]]]},"properties":{"site":"milan","name":null,"category":"other","historic":null,"building":"apartments","osm_id":564832278}},{"type":"Feature","geometry":{"type":"Polygon","coordinates":[[[9.1905705,45.4580057],[9.1905638,45.4580048],[9.1904182,45.4579864],[9.1904745,45.4577476],[9.1904671,45.4577466],[9.190477,45.457711],[9.1906387,45.4577294],[9.1906279,45.4577732],[9.1905705,45.4580057]]]},"properties":{"site":"milan","name":null,"category":"other","historic":null,"building":"apartments","osm_id":564832279}},{"type":"Feature","geometry":{"type":"Polygon","coordinates":[[[9.1910384,45.457352],[9.1911204,45.4573621],[9.1916168,45.4574231],[9.1915838,45.4575344],[9.1915498,45.4576667],[9.1915619,45.457683],[9.1914758,45.4577194],[9.1914658,45.4577132],[9.1914261,45.4577302],[9.1913609,45.4576528],[9.1913929,45.4576388],[9.1914217,45.4575172],[9.1912085,45.4574908],[9.1912129,45.4574792],[9.1911577,45.4574722],[9.1911477,45.4575079],[9.1911698,45.457511],[9.1911356,45.4576497],[9.1912098,45.4576589],[9.1912087,45.457683],[9.1911987,45.4576946],[9.191255,45.4577592],[9.1911138,45.457818],[9.1910301,45.4577225],[9.1910373,45.4576921],[9.1910439,45.4576644],[9.1909677,45.4576551],[9.1910384,45.457352]]]},"properties":{"site":"milan","name":null,"category":"other","historic":null,"building":"apartments","osm_id":564834686}},{"type":"Feature","geometry":{"type":"Polygon","coordinates":[[[9.1912517,45.4579754],[9.1913905,45.4579147],[9.191255,45.4577592],[9.1911138,45.457818],[9.191186,45.4579004],[9.1912517,45.4579754]]]},"properties":{"site":"milan","name":null,"category":"other","historic":null,"building":"apartments","osm_id":564834688}},{"type":"Feature","geometry":{"type":"Polygon","coordinates":[[[9.1917775,45.4584623],[9.1918888,45.4583942],[9.1917864,45.4583027],[9.1917496,45.4582699],[9.1917102,45.4582346],[9.191719,45.4582284],[9.1916185,45.4581424],[9.1914918,45.4582155],[9.191634,45.4583383],[9.1916536,45.4583552],[9.1916738,45.4583727],[9.1917775,45.4584623]]]},"properties":{"site":"milan","name":null,"category":"other","historic":null,"building":"apartments","osm_id":564834691}},{"type":"Feature","geometry":{"type":"Polygon","coordinates":[[[9.1919155,45.4582225],[9.1920252,45.4583107],[9.1919002,45.4583866],[9.1918888,45.4583942],[9.1917864,45.4583027],[9.1919155,45.4582225]]]},"properties":{"site":"milan","name":null,"category":"other","historic":null,"building":"apartments","osm_id":564834702}},{"type":"Feature","geometry":{"type":"Polygon","coordinates":[[[9.1921555,45.4580733],[9.1922654,45.4581637],[9.1921446,45.4582377],[9.1920252,45.4583107],[9.1919155,45.4582225],[9.1921555,45.4580733]]]},"properties":{"site":"milan","name":null,"category":"other","historic":null,"building":"apartments","osm_id":564834704}},{"type":"Feature","geometry":{"type":"Polygon","coordinates":[[[9.1926799,45.45791],[9.192567,45.4578176],[9.1923504,45.4579523],[9.192461,45.458044],[9.1926122,45.4579506],[9.1926799,45.45791]]]},"properties":{"site":"milan","name":null,"category":"other","historic":null,"building":"apartments","osm_id":564834708}},{"type":"Feature","geometry":{"type":"Polygon","coordinates":[[[9.1930699,45.4576713],[9.192967,45.4575918],[9.1927634,45.4575671],[9.1927408,45.4576577],[9.1927792,45.4576623],[9.1927929,45.4576772],[9.192567,45.4578176],[9.1926799,45.45791],[9.1929201,45.457763],[9.1930699,45.4576713]]]},"properties":{"site":"milan","name":null,"category":"other","historic":null,"building":"apartments","osm_id":564834710}},{"type":"Feature","geometry":{"type":"Polygon","coordinates":[[[9.1865062,45.4617713],[9.1865079,45.4617475],[9.1865092,45.4617207],[9.1865078,45.4617057],[9.1864327,45.461497],[9.1864185,45.4613679],[9.1863089,45.4613605],[9.1863216,45.4613955],[9.1863092,45.4613957],[9.1862886,45.4614423],[9.1862235,45.4614227],[9.1861984,45.4614633],[9.1862115,45.4614701],[9.1861847,45.4615143],[9.1861617,45.4615062],[9.1860991,45.4615945],[9.1861867,45.4616604],[9.1862722,45.4615553],[9.1863528,45.461579],[9.1863704,45.461743],[9.186397,45.4617481],[9.1865062,45.4617713]]]},"properties":{"site":"milan","name":null,"category":"other","historic":null,"building":"apartments","osm_id":586811810}},{"type":"Feature","geometry":{"type":"Polygon","coordinates":[[[9.1810779,45.4584874],[9.1810627,45.4584881],[9.1810625,45.4584969],[9.1811867,45.4584914],[9.1812016,45.4584907],[9.1812009,45.4584818],[9.1811857,45.4584821],[9.1810779,45.4584874]]]},"properties":{"site":"milan","name":null,"category":"other","historic":"yes","building":"yes","osm_id":593077814}},{"type":"Feature","geometry":{"type":"Polygon","coordinates":[[[9.1959763,45.4666043],[9.1960201,45.466545],[9.1960092,45.4665408],[9.1959543,45.4665226],[9.1959409,45.4665168],[9.1958975,45.4665734],[9.1959109,45.4665799],[9.1959763,45.4666043]]]},"properties":{"site":"milan","name":null,"category":"other","historic":null,"building":"yes","osm_id":596156825}},{"type":"Feature","geometry":{"type":"Polygon","coordinates":[[[9.1798148,45.4595376],[9.1798432,45.4594898],[9.1798109,45.45948],[9.1797825,45.4595256],[9.1798148,45.4595376]]]},"properties":{"site":"milan","name":null,"category":"other","historic":null,"building":"yes","osm_id":603615387}},{"type":"Feature","geometry":{"type":"Polygon","coordinates":[[[9.1798148,45.4595376],[9.1797703,45.4596002],[9.1798861,45.4596421],[9.1799257,45.4595721],[9.1798946,45.4595625],[9.1798148,45.4595376]]]},"properties":{"site":"milan","name":null,"category":"other","historic":null,"building":"apartments","osm_id":603615388}},{"type":"Feature","geometry":{"type":"Polygon","coordinates":[[[9.178384,45.4594654],[9.1781974,45.4594073],[9.178163,45.4594354],[9.1781388,45.4594546],[9.1785298,45.4595674],[9.1784499,45.4596778],[9.178514,45.4596916],[9.1785718,45.4596106],[9.1786228,45.4595252],[9.1785974,45.459523],[9.1785077,45.4594987],[9.1784589,45.4594797],[9.178384,45.4594654]]]},"properties":{"site":"milan","name":null,"category":"other","historic":null,"building":"yes","osm_id":603615390}},{"type":"Feature","geometry":{"type":"Polygon","coordinates":[[[9.189773,45.4607834],[9.1901126,45.4607168],[9.190299,45.4606792],[9.1902558,45.4605649],[9.1902527,45.4605486],[9.1900237,45.4606],[9.189994,45.4605265],[9.189923,45.4605387],[9.189948,45.4606093],[9.1897831,45.4606405],[9.1897225,45.4606516],[9.189773,45.4607834]]]},"properties":{"site":"milan","name":null,"category":"other","historic":null,"building":"apartments","osm_id":617636923}},{"type":"Feature","geometry":{"type":"Polygon","coordinates":[[[9.1902558,45.4605649],[9.1904016,45.4605358],[9.1903607,45.4605013],[9.1903793,45.4604898],[9.1903208,45.4604445],[9.1904407,45.4603646],[9.1905784,45.460463],[9.190718,45.4605627],[9.1906569,45.4606],[9.1905827,45.4606245],[9.1904686,45.4606465],[9.190299,45.4606792],[9.1902558,45.4605649]]]},"properties":{"site":"milan","name":null,"category":"other","historic":null,"building":"apartments","osm_id":617636924}},{"type":"Feature","geometry":{"type":"Polygon","coordinates":[[[9.189684,45.4604505],[9.1896303,45.4604107],[9.1895626,45.4604608],[9.1895259,45.4604341],[9.1894983,45.460453],[9.1894569,45.4604204],[9.1894885,45.4603977],[9.1894678,45.4603824],[9.1894123,45.4604174],[9.1893946,45.4604067],[9.1892974,45.46049],[9.1894055,45.4605686],[9.1894626,45.4606102],[9.189684,45.4604505]]]},"properties":{"site":"milan","name":null,"category":"other","historic":null,"building":"apartments","osm_id":617636925}},{"type":"Feature","geometry":{"type":"Polygon","coordinates":[[[9.1947247,45.4657459],[9.1947028,45.4657472],[9.1945614,45.4657127],[9.1945421,45.4656948],[9.1945168,45.4657013],[9.1944196,45.4658569],[9.1945525,45.4658932],[9.1945475,45.4659033],[9.1946798,45.4659384],[9.1947761,45.4657658],[9.1947247,45.4657459]]]},"properties":{"site":"milan","name":null,"category":"other","historic":null,"building":"apartments","osm_id":633872805}},{"type":"Feature","geometry":{"type":"Polygon","coordinates":[[[9.195058,45.4653741],[9.194598,45.4652484],[9.1945736,45.4652417],[9.1945523,45.4652262],[9.1945455,45.4652394],[9.1944633,45.4653951],[9.1944902,45.4654045],[9.194456,45.4654633],[9.1945789,45.4654944],[9.1946427,45.4655117],[9.1946501,45.4655137],[9.1946728,45.4655118],[9.1946797,45.4655137],[9.1948165,45.4655519],[9.1948293,45.4655622],[9.1949411,45.4655975],[9.19495,45.4655767],[9.1950504,45.4653869],[9.195058,45.4653741]]]},"properties":{"site":"milan","name":null,"category":"other","historic":null,"building":"apartments","osm_id":633872808}},{"type":"Feature","geometry":{"type":"Polygon","coordinates":[[[9.1956228,45.4662737],[9.1955231,45.4664716],[9.1955138,45.4664901],[9.1955618,45.4664952],[9.1956593,45.4665026],[9.1956745,45.4664795],[9.1957764,45.4665009],[9.1958722,45.4665047],[9.195907,45.4664325],[9.1959416,45.4663471],[9.1958663,45.4663298],[9.1956382,45.4662775],[9.1956228,45.4662737]]]},"properties":{"site":"milan","name":null,"category":"other","historic":null,"building":"apartments","osm_id":633872809}},{"type":"Feature","geometry":{"type":"Polygon","coordinates":[[[9.1957522,45.4660036],[9.1959095,45.4660405],[9.1959279,45.4660052],[9.1960017,45.4660244],[9.1958663,45.4663298],[9.1956382,45.4662775],[9.1956228,45.4662737],[9.195687,45.4661398],[9.1957522,45.4660036]]]},"properties":{"site":"milan","name":null,"category":"other","historic":null,"building":"apartments","osm_id":633872810}},{"type":"Feature","geometry":{"type":"Polygon","coordinates":[[[9.1957522,45.4660036],[9.1959095,45.4660405],[9.1959279,45.4660052],[9.1960017,45.4660244],[9.1960945,45.4660487],[9.1961179,45.4660173],[9.1961573,45.4659674],[9.1962998,45.4657775],[9.1963038,45.46577],[9.1959633,45.4656453],[9.1958906,45.4656173],[9.1958616,45.4656062],[9.195857,45.4656156],[9.1957968,45.4657382],[9.1957651,45.4657994],[9.1957283,45.465873],[9.1958076,45.4658908],[9.1957522,45.4660036]]]},"properties":{"site":"milan","name":null,"category":"other","historic":null,"building":"apartments","osm_id":633872811}},{"type":"Feature","geometry":{"type":"Polygon","coordinates":[[[9.1955138,45.4664901],[9.1954021,45.4667312],[9.1953957,45.4667444],[9.1954851,45.4668278],[9.1959142,45.4668102],[9.1959026,45.4666531],[9.1958159,45.4666574],[9.1958163,45.4666872],[9.1956794,45.4666915],[9.1956298,45.4666437],[9.1956808,45.4665462],[9.1958317,45.4665804],[9.1958427,45.4665616],[9.1958722,45.4665047],[9.1957764,45.4665009],[9.1956745,45.4664795],[9.1956593,45.4665026],[9.1955618,45.4664952],[9.1955138,45.4664901]]]},"properties":{"site":"milan","name":null,"category":"other","historic":null,"building":"apartments","osm_id":633872812}},{"type":"Feature","geometry":{"type":"Polygon","coordinates":[[[9.194953,45.4660245],[9.1948844,45.4661905],[9.1953926,45.4663106],[9.1954095,45.4662704],[9.19549,45.4660787],[9.1955251,45.4660036],[9.1953445,45.465966],[9.1953188,45.4660304],[9.1952976,45.4660759],[9.1949941,45.4660028],[9.1949831,45.4660323],[9.194953,45.4660245]]]},"properties":{"site":"milan","name":null,"category":"other","historic":null,"building":"apartments","osm_id":633872813}},{"type":"Feature","geometry":{"type":"Polygon","coordinates":[[[9.1955714,45.4659068],[9.1956373,45.4657676],[9.1956468,45.4657476],[9.195506,45.4657209],[9.195492,45.4657599],[9.1954682,45.4657575],[9.1954502,45.4658],[9.1955166,45.465816],[9.1954823,45.4658896],[9.1955714,45.4659068]]]},"properties":{"site":"milan","name":null,"category":"other","historic":null,"building":"apartments","osm_id":633872814}},{"type":"Feature","geometry":{"type":"Polygon","coordinates":[[[9.1947247,45.4657459],[9.1947761,45.4657658],[9.1946798,45.4659384],[9.1948541,45.4659846],[9.19492,45.4659081],[9.1950719,45.4656818],[9.1951227,45.4656959],[9.1952771,45.4654498],[9.1952849,45.4654382],[9.1952239,45.4654209],[9.1950821,45.4653808],[9.195058,45.4653741],[9.1950504,45.4653869],[9.19495,45.4655767],[9.1949411,45.4655975],[9.1948293,45.4655622],[9.1947466,45.4657074],[9.1947247,45.4657459]]]},"properties":{"site":"milan","name":null,"category":"other","historic":null,"building":"apartments","osm_id":633872816}},{"type":"Feature","geometry":{"type":"Polygon","coordinates":[[[9.1944633,45.4653951],[9.1945455,45.4652394],[9.1945523,45.4652262],[9.1940777,45.465084],[9.1940386,45.4650742],[9.1940266,45.4651035],[9.1939615,45.4652504],[9.1939879,45.4652604],[9.1942263,45.4653279],[9.1944633,45.4653951]]]},"properties":{"site":"milan","name":null,"category":"other","historic":null,"building":"apartments","osm_id":633872817}},{"type":"Feature","geometry":{"type":"Polygon","coordinates":[[[9.1969215,45.4592702],[9.1970685,45.459238],[9.197108,45.4593266],[9.196961,45.4593588],[9.1969215,45.4592702]]]},"properties":{"site":"milan","name":null,"category":"other","historic":null,"building":"roof","osm_id":657003854}},{"type":"Feature","geometry":{"type":"Polygon","coordinates":[[[9.1984473,45.4595493],[9.1982428,45.4595348],[9.1982402,45.4595574],[9.1982372,45.4595829],[9.1984411,45.4595972],[9.1984473,45.4595493]]]},"properties":{"site":"milan","name":null,"category":"other","historic":null,"building":"yes","osm_id":657003876}},{"type":"Feature","geometry":{"type":"Polygon","coordinates":[[[9.1873651,45.4626197],[9.1873437,45.4626374],[9.1872512,45.4625509],[9.187341,45.4624841],[9.1872753,45.4624559],[9.1872753,45.4624361],[9.1873128,45.4623902],[9.1875309,45.4624753],[9.1874763,45.4625324],[9.1874701,45.462529],[9.1873651,45.4626197]]]},"properties":{"site":"milan","name":null,"category":"other","historic":null,"building":"yes","osm_id":720847701}},{"type":"Feature","geometry":{"type":"Polygon","coordinates":[[[9.1896504,45.4711743],[9.1896693,45.4711665],[9.1896913,45.4711668],[9.1897098,45.4711751],[9.1897195,45.4711889],[9.189718,45.4712031],[9.1897068,45.4712151],[9.1896888,45.4712217],[9.1896685,45.4712213],[9.1896507,45.471214],[9.1896405,45.4712014],[9.1896403,45.471187],[9.1896504,45.4711743]]]},"properties":{"site":"milan","name":"Astronomical Dome","category":"other","historic":"yes","building":"yes","osm_id":725694902}},{"type":"Feature","geometry":{"type":"Polygon","coordinates":[[[9.1900588,45.4710426],[9.1901131,45.4710624],[9.1901901,45.4709534],[9.1901265,45.4709476],[9.190099,45.4709862],[9.1900588,45.4710426]]]},"properties":{"site":"milan","name":null,"category":"other","historic":null,"building":"yes","osm_id":725694905}},{"type":"Feature","geometry":{"type":"Polygon","coordinates":[[[9.1810125,45.4579722],[9.181034,45.4581942],[9.1810351,45.4582051],[9.1810394,45.4582486],[9.1810405,45.4582597],[9.1810627,45.4584881],[9.1810779,45.4584874],[9.1810557,45.4582588],[9.1810546,45.4582479],[9.1810504,45.4582044],[9.1810494,45.4581937],[9.1810277,45.4579715],[9.1810125,45.4579722]]]},"properties":{"site":"milan","name":"Colonne di San Lorenzo","category":"archaeological","historic":"ruins","building":"yes","osm_id":740215877}},{"type":"Feature","geometry":{"type":"Polygon","coordinates":[[[9.1894626,45.4606102],[9.1894907,45.4606327],[9.1895218,45.4606576],[9.1896964,45.460797],[9.189773,45.4607834],[9.1897225,45.4606516],[9.1897831,45.4606405],[9.1897256,45.4604971],[9.1897582,45.4604792],[9.1897023,45.4604382],[9.189684,45.4604505],[9.1894626,45.4606102]]]},"properties":{"site":"milan","name":null,"category":"other","historic":null,"building":"apartments","osm_id":775537457}},{"type":"Feature","geometry":{"type":"Polygon","coordinates":[[[9.1851101,45.4574583],[9.1851109,45.4574772],[9.1849775,45.4574771],[9.1849224,45.4574469],[9.1849232,45.4573656],[9.1849218,45.4573163],[9.1849223,45.4572602],[9.1849061,45.4572602],[9.1849047,45.4572023],[9.185057,45.4571881],[9.1850776,45.4573208],[9.1850889,45.4574004],[9.1851101,45.4574583]]]},"properties":{"site":"milan","name":null,"category":"other","historic":null,"building":"apartments","osm_id":790651029}},{"type":"Feature","geometry":{"type":"Polygon","coordinates":[[[9.1871686,45.4571251],[9.1871499,45.4570466],[9.1873677,45.4570447],[9.18738,45.4571128],[9.1873855,45.4571433],[9.1872465,45.4571594],[9.1872306,45.4571169],[9.1871686,45.4571251]]]},"properties":{"site":"milan","name":null,"category":"other","historic":null,"building":"apartments","osm_id":838100626}},{"type":"Feature","geometry":{"type":"Polygon","coordinates":[[[9.1867079,45.4570536],[9.1868368,45.4570538],[9.186967,45.457054],[9.1869946,45.4572515],[9.1869555,45.4572575],[9.1870066,45.4574594],[9.1868715,45.4574421],[9.1868323,45.457229],[9.1869316,45.4572145],[9.1869251,45.4571543],[9.1867816,45.4571554],[9.1867174,45.4571576],[9.1867079,45.4570536]]]},"properties":{"site":"milan","name":null,"category":"other","historic":null,"building":"apartments","osm_id":838100627}},{"type":"Feature","geometry":{"type":"Polygon","coordinates":[[[9.1831942,45.4574147],[9.1832078,45.4575048],[9.1832093,45.4575256],[9.1833581,45.4575206],[9.1833565,45.457498],[9.1833379,45.457404],[9.1831942,45.4574147]]]},"properties":{"site":"milan","name":null,"category":"other","historic":null,"building":"roof","osm_id":838100629}},{"type":"Feature","geometry":{"type":"Polygon","coordinates":[[[9.1834513,45.4569904],[9.1836282,45.4569467],[9.1836862,45.4570551],[9.1837428,45.4571609],[9.1837471,45.4571937],[9.1835992,45.4572025],[9.1836008,45.4571855],[9.1835442,45.457076],[9.1834914,45.4570907],[9.1834513,45.4569904]]]},"properties":{"site":"milan","name":null,"category":"other","historic":null,"building":"apartments","osm_id":838100630}},{"type":"Feature","geometry":{"type":"Polygon","coordinates":[[[9.1870571,45.4585146],[9.1869651,45.4585782],[9.1869127,45.4585356],[9.1868654,45.4584989],[9.1868374,45.4584765],[9.1868153,45.4584637],[9.1869016,45.4583979],[9.187037,45.4584996],[9.1870571,45.4585146]]]},"properties":{"site":"milan","name":null,"category":"other","historic":null,"building":"apartments","osm_id":838100636}},{"type":"Feature","geometry":{"type":"Polygon","coordinates":[[[9.1923304,45.4703449],[9.1924159,45.4702989],[9.1923558,45.470244],[9.1922703,45.47029],[9.1923304,45.4703449]]]},"properties":{"site":"milan","name":null,"category":"other","historic":"yes","building":"yes","osm_id":888995665}},{"type":"Feature","geometry":{"type":"Polygon","coordinates":[[[9.1966768,45.4620011],[9.1965989,45.4620349],[9.1964969,45.4619192],[9.1965788,45.4618887],[9.1966268,45.4619438],[9.1966768,45.4620011]]]},"properties":{"site":"milan","name":null,"category":"other","historic":null,"building":"yes","osm_id":958361203}},{"type":"Feature","geometry":{"type":"Polygon","coordinates":[[[9.1924014,45.4715745],[9.1924946,45.4716677],[9.1923925,45.4717226],[9.1922842,45.4718111],[9.1920935,45.4717166],[9.1921035,45.4717082],[9.1920549,45.4716854],[9.1921241,45.471613],[9.1921642,45.4716305],[9.1921973,45.4715938],[9.1922281,45.47161],[9.1922774,45.4716349],[9.1922969,45.4716225],[9.1924014,45.4715745]]]},"properties":{"site":"milan","name":null,"category":"other","historic":null,"building":"apartments","osm_id":963278903}},{"type":"Feature","geometry":{"type":"Polygon","coordinates":[[[9.1799294,45.4577128],[9.1800366,45.4576504],[9.1801927,45.4575961],[9.1801879,45.4575758],[9.1801356,45.4575851],[9.1801334,45.4575788],[9.1801082,45.4575831],[9.1801015,45.4575646],[9.1800905,45.4575665],[9.1800894,45.4575635],[9.180052,45.4575705],[9.1800557,45.4575799],[9.1798459,45.4576221],[9.1799294,45.4577128]]]},"properties":{"site":"milan","name":null,"category":"other","historic":null,"building":"yes","osm_id":1036800551}},{"type":"Feature","geometry":{"type":"Polygon","coordinates":[[[9.1904596,45.4633247],[9.1904599,45.4632949],[9.1904606,45.4632244],[9.1903065,45.4632203],[9.190308,45.4633239],[9.1903215,45.463324],[9.1903545,45.4633241],[9.1904262,45.4633245],[9.1904596,45.4633247]]]},"properties":{"site":"milan","name":null,"category":"other","historic":null,"building":"yes","osm_id":1078593840}},{"type":"Feature","geometry":{"type":"Polygon","coordinates":[[[9.190308,45.4633239],[9.1903065,45.4632203],[9.1902873,45.4632187],[9.1901463,45.4632223],[9.190123,45.4632215],[9.1901294,45.4633233],[9.1901444,45.4633234],[9.190308,45.4633239]]]},"properties":{"site":"milan","name":null,"category":"other","historic":null,"building":"yes","osm_id":1078593841}},{"type":"Feature","geometry":{"type":"Polygon","coordinates":[[[9.1896877,45.4618613],[9.189762,45.4619124],[9.1897836,45.4619165],[9.1898092,45.4619181],[9.189883,45.4619178],[9.1898818,45.4617991],[9.1898466,45.4618009],[9.1898104,45.461777],[9.1896877,45.4618613]]]},"properties":{"site":"milan","name":null,"category":"other","historic":null,"building":"yes","osm_id":1078593842}},{"type":"Feature","geometry":{"type":"Polygon","coordinates":[[[9.1902997,45.4618549],[9.1902333,45.461906],[9.1902103,45.4619155],[9.1901882,45.461917],[9.1901095,45.4619179],[9.1901143,45.4618044],[9.1901553,45.4618036],[9.1901867,45.4617836],[9.1902997,45.4618549]]]},"properties":{"site":"milan","name":null,"category":"other","historic":null,"building":"yes","osm_id":1078593843}},{"type":"Feature","geometry":{"type":"Polygon","coordinates":[[[9.1924333,45.4628908],[9.1924605,45.4628385],[9.192525,45.4628074],[9.192605,45.462809],[9.1926679,45.4628432],[9.1926901,45.462897],[9.1926883,45.4629005],[9.192663,45.4629494],[9.1926208,45.4629695],[9.1926096,45.4630236],[9.1924792,45.4630187],[9.1924782,45.4629749],[9.1924647,45.4629728],[9.1924556,45.4629673],[9.1924502,45.4629622],[9.192448,45.4629533],[9.1924645,45.4629494],[9.1924554,45.4629445],[9.1924333,45.4628908]]]},"properties":{"site":"milan","name":"La Rotonda","category":"other","historic":"heritage","building":"yes","osm_id":1078593847}},{"type":"Feature","geometry":{"type":"Polygon","coordinates":[[[9.1889475,45.4711349],[9.1889195,45.4712129],[9.1886253,45.4711678],[9.1884063,45.4711213],[9.1884289,45.4710169],[9.1889565,45.4711037],[9.1889475,45.4711349]]]},"properties":{"site":"milan","name":"Ex serra","category":"other","historic":null,"building":"yes","osm_id":1089812991}},{"type":"Feature","geometry":{"type":"Polygon","coordinates":[[[9.1891511,45.464278],[9.189369,45.4642777],[9.1893686,45.4641145],[9.189148,45.4641162],[9.1891511,45.464278]]]},"properties":{"site":"milan","name":null,"category":"other","historic":"yes","building":"yes","osm_id":1112397663}},{"type":"Feature","geometry":{"type":"Polygon","coordinates":[[[9.1928434,45.4699487],[9.1929183,45.4699059],[9.1929569,45.4698838],[9.1928024,45.4697391],[9.1928331,45.4697213],[9.1927347,45.469636],[9.192637,45.4696976],[9.1926261,45.4697045],[9.1926173,45.4697116],[9.192612,45.4697209],[9.1926093,45.4697297],[9.1926137,45.4697404],[9.1926192,45.4697497],[9.192629,45.4697593],[9.1928434,45.4699487]]]},"properties":{"site":"milan","name":null,"category":"other","historic":null,"building":"yes","osm_id":1157355978}},{"type":"Feature","geometry":{"type":"Polygon","coordinates":[[[9.1963548,45.4667999],[9.1959142,45.4668102],[9.1959026,45.4666531],[9.1958658,45.4666432],[9.1959109,45.4665799],[9.1959763,45.4666043],[9.1959919,45.4666918],[9.1960631,45.4666895],[9.1960612,45.466656],[9.1961507,45.466692],[9.1962068,45.4666891],[9.1962582,45.4666286],[9.1963394,45.4666286],[9.1963422,45.4666513],[9.1963544,45.4667929],[9.1963548,45.4667999]]]},"properties":{"site":"milan","name":null,"category":"other","historic":null,"building":"yes","osm_id":1242194411}},{"type":"Feature","geometry":{"type":"Polygon","coordinates":[[[9.196189,45.4660423],[9.1961546,45.4660302],[9.1961179,45.4660173],[9.1960945,45.4660487],[9.1961225,45.4660613],[9.1961501,45.4660564],[9.1961804,45.466054],[9.196189,45.4660423]]]},"properties":{"site":"milan","name":null,"category":"other","historic":null,"building":"yes","osm_id":1253256708}},{"type":"Feature","geometry":{"type":"Polygon","coordinates":[[[9.188349,45.4632997],[9.1883518,45.4633302],[9.1884138,45.4633297],[9.1884118,45.4631792],[9.1883717,45.4631803],[9.1883265,45.4632055],[9.1883503,45.4632221],[9.188349,45.4632997]]]},"properties":{"site":"milan","name":null,"category":"other","historic":null,"building":"yes","osm_id":1264816366}},{"type":"Feature","geometry":{"type":"Polygon","coordinates":[[[9.1944878,45.4595523],[9.1944701,45.4595718],[9.1944443,45.4595862],[9.1944131,45.4595937],[9.1943801,45.4595937],[9.1943498,45.4595863],[9.1943245,45.4595725],[9.1943068,45.4595537],[9.1942987,45.4595319],[9.194301,45.4595095],[9.1943134,45.4594887],[9.1943346,45.4594719],[9.1943625,45.4594607],[9.1943939,45.4594564],[9.1944257,45.4594594],[9.1944545,45.4594694],[9.1944776,45.4594858],[9.1944918,45.4595067],[9.1944953,45.4595297],[9.1944878,45.4595523]]]},"properties":{"site":"milan","name":"Cupola della Ghiacciaia","category":"other","historic":null,"building":"yes","osm_id":1317124521}},{"type":"Feature","geometry":{"type":"Polygon","coordinates":[[[9.1938821,45.4615311],[9.1937441,45.4615443],[9.1935986,45.4615609],[9.1936338,45.4617404],[9.1939152,45.4617087],[9.1938821,45.4615311]]]},"properties":{"site":"milan","name":"Aula magna","category":"other","historic":null,"building":"yes","osm_id":1317124551}},{"type":"Feature","geometry":{"type":"Polygon","coordinates":[[[9.1928316,45.4580416],[9.1933569,45.4577132],[9.1934492,45.4577891],[9.1935266,45.4578526],[9.1936044,45.4579295],[9.1936712,45.4579954],[9.1936458,45.458007],[9.1937081,45.4580727],[9.1937648,45.4581326],[9.1936637,45.4581798],[9.1936206,45.458131],[9.1932209,45.4583412],[9.1931528,45.4582927],[9.1930664,45.4582226],[9.1930502,45.4582101],[9.1928316,45.4580416]]]},"properties":{"site":"milan","name":null,"category":"other","historic":null,"building":"yes","osm_id":1317124556}},{"type":"Feature","geometry":{"type":"Polygon","coordinates":[[[9.1928581,45.4591906],[9.192906,45.4591693],[9.1928649,45.4591293],[9.1928165,45.4591491],[9.1928581,45.4591906]]]},"properties":{"site":"milan","name":null,"category":"other","historic":null,"building":"yes","osm_id":1317124560}},{"type":"Feature","geometry":{"type":"Polygon","coordinates":[[[9.182945,45.4571492],[9.1829356,45.4571206],[9.1829947,45.4571111],[9.1830041,45.4571397],[9.182945,45.4571492]]]},"properties":{"site":"milan","name":"Lucernario M4","category":"other","historic":null,"building":"yes","osm_id":1323414322}},{"type":"Feature","geometry":{"type":"Polygon","coordinates":[[[9.1955371,45.4717399],[9.1956306,45.4717973],[9.1956875,45.4717494],[9.1955838,45.4716866],[9.1955344,45.4717272],[9.1955461,45.4717344],[9.1955371,45.4717399]]]},"properties":{"site":"milan","name":null,"category":"other","historic":null,"building":"yes","osm_id":1418351753}},{"type":"Feature","geometry":{"type":"Polygon","coordinates":[[[9.184417,45.4627293],[9.1844637,45.4627796],[9.1844428,45.462799],[9.1844037,45.4628319],[9.1843327,45.4627879],[9.1843678,45.4627565],[9.1843594,45.4627442],[9.184417,45.4627293]]]},"properties":{"site":"milan","name":null,"category":"other","historic":null,"building":"yes","osm_id":1421109968}},{"type":"Feature","geometry":{"type":"Polygon","coordinates":[[[9.1956728,45.4620272],[9.1956737,45.462],[9.1956266,45.4619996],[9.1956258,45.4620063],[9.1956254,45.4620157],[9.195625,45.4620254],[9.1956728,45.4620272]]]},"properties":{"site":"milan","name":null,"category":"other","historic":null,"building":"yes","osm_id":1432785208}},{"type":"Feature","geometry":{"type":"Polygon","coordinates":[[[9.1898797,45.4585855],[9.1898543,45.4585716],[9.1898843,45.4584227],[9.1899747,45.4584682],[9.1899791,45.458481],[9.1898797,45.4585855]]]},"properties":{"site":"milan","name":null,"category":"other","historic":null,"building":"yes","osm_id":1433562381}},{"type":"Feature","geometry":{"type":"Polygon","coordinates":[[[9.1962207,45.4671581],[9.1961585,45.4672147],[9.1961266,45.4672017],[9.1961032,45.4672001],[9.1960844,45.4672149],[9.1960866,45.4672319],[9.196106,45.4672434],[9.1960437,45.4673035],[9.1961567,45.4673696],[9.1963153,45.4672375],[9.1963316,45.4672239],[9.1962207,45.4671581]]]},"properties":{"site":"milan","name":null,"category":"other","historic":null,"building":"apartments","osm_id":1436652075}},{"type":"Feature","geometry":{"type":"Polygon","coordinates":[[[9.1971864,45.4675327],[9.1972469,45.4676483],[9.197143,45.4676872],[9.1970722,45.4675821],[9.1971231,45.4675538],[9.1970505,45.4674857],[9.1970957,45.467452],[9.1971864,45.4675327]]]},"properties":{"site":"milan","name":null,"category":"other","historic":null,"building":"yes","osm_id":1436689391}},{"type":"Feature","geometry":{"type":"Polygon","coordinates":[[[9.1970024,45.4673689],[9.1970957,45.467452],[9.1970505,45.4674857],[9.1970042,45.4675203],[9.1969898,45.467511],[9.1969096,45.4674425],[9.1969369,45.4674208],[9.1970024,45.4673689]]]},"properties":{"site":"milan","name":null,"category":"other","historic":null,"building":"yes","osm_id":1436689392}},{"type":"Feature","geometry":{"type":"Polygon","coordinates":[[[9.1954457,45.4685804],[9.1954202,45.4686],[9.1951037,45.4684294],[9.1952158,45.4683311],[9.1953302,45.4682308],[9.195556,45.468357],[9.195655,45.4684124],[9.1954457,45.4685804]]]},"properties":{"site":"milan","name":null,"category":"other","historic":null,"building":"yes","osm_id":1436700255}},{"type":"Feature","geometry":{"type":"Polygon","coordinates":[[[9.1847872,45.4709805],[9.1847983,45.4709346],[9.1849488,45.4709594],[9.1849492,45.4710063],[9.1849408,45.4710198],[9.1849363,45.4710271],[9.1848452,45.471024],[9.1848159,45.4710238],[9.1847978,45.4710216],[9.1848079,45.4709851],[9.1847872,45.4709805]]]},"properties":{"site":"milan","name":null,"category":"other","historic":null,"building":"apartments","osm_id":1437122585}},{"type":"Feature","geometry":{"type":"Polygon","coordinates":[[[9.1930651,45.4667223],[9.1930375,45.4667158],[9.1930576,45.466683],[9.1930819,45.4666897],[9.1930651,45.4667223]]]},"properties":{"site":"milan","name":null,"category":"other","historic":null,"building":"yes","osm_id":1441837122}},{"type":"Feature","geometry":{"type":"Polygon","coordinates":[[[9.1808756,45.4687229],[9.1809078,45.4687339],[9.1809175,45.4687203],[9.180887,45.46871],[9.1808756,45.4687229]]]},"properties":{"site":"milan","name":null,"category":"other","historic":null,"building":"yes","osm_id":1442278643}},{"type":"Feature","geometry":{"type":"Polygon","coordinates":[[[9.1909271,45.4698056],[9.190941,45.4697921],[9.190922,45.4697826],[9.1909071,45.469794],[9.1909271,45.4698056]]]},"properties":{"site":"milan","name":null,"category":"other","historic":null,"building":"yes","osm_id":1442282441}},{"type":"Feature","geometry":{"type":"Polygon","coordinates":[[[9.1872169,45.4691501],[9.1872857,45.4691551],[9.1873515,45.4691599],[9.1873234,45.4692918],[9.1873138,45.4693371],[9.1871904,45.4693226],[9.1872169,45.4691501]]]},"properties":{"site":"milan","name":null,"category":"other","historic":null,"building":"apartments","osm_id":1443517970}},{"type":"Feature","geometry":{"type":"Polygon","coordinates":[[[9.176599,45.4632805],[9.1766521,45.4632247],[9.1767465,45.4631152],[9.1768015,45.4630943],[9.1781553,45.4637815],[9.1780172,45.4638827],[9.1779496,45.4639323],[9.176599,45.4632805]]]},"properties":{"site":"milan","name":"Università Cattolica del Sacro Cuore","category":"other","historic":null,"building":"university","osm_id":1447733118}},{"type":"Feature","geometry":{"type":"Polygon","coordinates":[[[9.1995143,45.4710071],[9.1995439,45.4709377],[9.1995585,45.4709408],[9.1995652,45.4709252],[9.1996297,45.4709388],[9.1995935,45.4710237],[9.1995143,45.4710071]]]},"properties":{"site":"milan","name":null,"category":"other","historic":null,"building":"roof","osm_id":1452948982}},{"type":"Feature","geometry":{"type":"Polygon","coordinates":[[[9.1812974,45.4570833],[9.1813093,45.4571914],[9.1809882,45.4572143],[9.1809728,45.4570991],[9.1809559,45.4569919],[9.1811091,45.4569826],[9.181119,45.4569804],[9.1811251,45.4570944],[9.1812103,45.4570885],[9.1812974,45.4570833]]]},"properties":{"site":"milan","name":null,"category":"other","historic":null,"building":"yes","osm_id":1465111485}},{"type":"Feature","geometry":{"type":"Polygon","coordinates":[[[9.1812103,45.4570885],[9.1812974,45.4570833],[9.1812852,45.4569695],[9.1812395,45.4569706],[9.1811987,45.456974],[9.1812103,45.4570885]]]},"properties":{"site":"milan","name":null,"category":"other","historic":null,"building":"yes","osm_id":1465111486}},{"type":"Feature","geometry":{"type":"Polygon","coordinates":[[[9.1816192,45.4570061],[9.1815977,45.4569278],[9.1817417,45.4569057],[9.1817547,45.4569595],[9.1817984,45.4570921],[9.1816574,45.4571193],[9.1816373,45.4570591],[9.1817163,45.4570461],[9.1817025,45.456997],[9.1816192,45.4570061]]]},"properties":{"site":"milan","name":null,"category":"other","historic":null,"building":"yes","osm_id":1465111491}},{"type":"Feature","geometry":{"type":"Polygon","coordinates":[[[9.1794553,45.4574106],[9.1794434,45.4573688],[9.1794237,45.4572991],[9.179535,45.4572857],[9.1795668,45.4573954],[9.1794553,45.4574106]]]},"properties":{"site":"milan","name":null,"category":"other","historic":null,"building":"yes","osm_id":1466764341}},{"type":"Feature","geometry":{"type":"Polygon","coordinates":[[[9.1900798,45.4693012],[9.1900976,45.4692411],[9.1901819,45.4692534],[9.1901642,45.4693135],[9.1900798,45.4693012]]]},"properties":{"site":"milan","name":null,"category":"other","historic":null,"building":"yes","osm_id":1507719943}},{"type":"Feature","geometry":{"type":"Polygon","coordinates":[[[9.199062,45.4587526],[9.1990392,45.4587287],[9.1990078,45.4587262],[9.1989724,45.4587233],[9.1989796,45.4586805],[9.199015,45.4586839],[9.1990423,45.4586866],[9.1990489,45.4586827],[9.199076,45.4586668],[9.199069,45.4587098],[9.199062,45.4587526]]]},"properties":{"site":"milan","name":null,"category":"other","historic":null,"building":"roof","osm_id":1507871463}},{"type":"Feature","geometry":{"type":"Polygon","coordinates":[[[9.1992751,45.4586346],[9.1993168,45.4586379],[9.1993195,45.458621],[9.1993726,45.4586253],[9.1994341,45.4586302],[9.1994273,45.4586712],[9.199424,45.4586916],[9.1992678,45.458679],[9.1992751,45.4586346]]]},"properties":{"site":"milan","name":null,"category":"other","historic":null,"building":"roof","osm_id":1507871467}},{"type":"Feature","geometry":{"type":"Polygon","coordinates":[[[9.1999385,45.4585778],[9.1999649,45.4584517],[9.2003145,45.4584878],[9.200288,45.4586138],[9.1999385,45.4585778]]]},"properties":{"site":"milan","name":null,"category":"other","historic":null,"building":"yes","osm_id":1507871477}},{"type":"Feature","geometry":{"type":"Polygon","coordinates":[[[9.1999658,45.4584255],[9.1999839,45.4583425],[9.2001129,45.4583564],[9.2000947,45.4584393],[9.1999658,45.4584255]]]},"properties":{"site":"milan","name":null,"category":"other","historic":null,"building":"yes","osm_id":1507871478}},{"type":"Feature","geometry":{"type":"Polygon","coordinates":[[[9.1997392,45.4589314],[9.1997476,45.4588667],[9.1997572,45.4588673],[9.1997605,45.4588419],[9.1998145,45.4588453],[9.1998105,45.4588756],[9.1998598,45.4588788],[9.199852,45.4589386],[9.1997392,45.4589314]]]},"properties":{"site":"milan","name":null,"category":"other","historic":null,"building":"yes","osm_id":1507871479}},{"type":"Feature","geometry":{"type":"Polygon","coordinates":[[[9.1855179,45.4658924],[9.1855482,45.4659219],[9.1856745,45.4658636],[9.1856411,45.4658323],[9.1855179,45.4658924]]]},"properties":{"site":"milan","name":null,"category":"other","historic":null,"building":"roof","osm_id":1511862299}}]}