{"type":"FeatureCollection","features":[{"type":"Feature","geometry":{"type":"LineString","coordinates":[[12.8941838,41.836375],[12.8943634,41.8363653]]},"properties":{"site":"palestrina","name":"Via della Stazione","highway":"service"}},{"type":"Feature","geometry":{"type":"LineString","coordinates":[[12.8900521,41.8396369],[12.8902495,41.8397411],[12.8903738,41.8397788],[12.8905417,41.8398053],[12.8907726,41.8398435]]},"properties":{"site":"palestrina","name":"Via del Carmine","highway":"steps"}},{"type":"Feature","geometry":{"type":"LineString","coordinates":[[12.892133,41.8327346],[12.8921302,41.8326991],[12.892129,41.8326553],[12.8921336,41.8326193],[12.8921432,41.8325804],[12.8921616,41.8325365],[12.8921849,41.8324897],[12.8921928,41.832466],[12.8921947,41.8324412],[12.8921941,41.8324173],[12.8921812,41.832391],[12.8921659,41.8323656],[12.8920957,41.8322707],[12.8921312,41.8322544],[12.8921451,41.8322479],[12.8922778,41.8321903]]},"properties":{"site":"palestrina","name":"Via della Ginestra","highway":"service"}},{"type":"Feature","geometry":{"type":"LineString","coordinates":[[12.8892425,41.8314843],[12.8897751,41.8320098]]},"properties":{"site":"palestrina","name":"Via dei Ciclamini","highway":"service"}},{"type":"Feature","geometry":{"type":"LineString","coordinates":[[12.889529,41.8365509],[12.8892261,41.8365242],[12.8887435,41.8365866],[12.8884314,41.836627],[12.8883661,41.8366364]]},"properties":{"site":"palestrina","name":"Via della Basilica Romana","highway":"service"}},{"type":"Feature","geometry":{"type":"LineString","coordinates":[[12.8899429,41.8330271],[12.8899405,41.8330074],[12.8899306,41.8329769],[12.8899148,41.8329471]]},"properties":{"site":"palestrina","name":"Via dei Gerani","highway":"service"}},{"type":"Feature","geometry":{"type":"LineString","coordinates":[[12.89015,41.8307417],[12.890696,41.8314483]]},"properties":{"site":"palestrina","name":"Via delle Camelie","highway":"service"}},{"type":"Feature","geometry":{"type":"LineString","coordinates":[[12.8941498,41.8375188],[12.8941501,41.8375067],[12.8941505,41.8374923]]},"properties":{"site":"palestrina","name":"Scalinata G. Falcone e P. Borsellino","highway":"footway"}},{"type":"Feature","geometry":{"type":"LineString","coordinates":[[12.8942146,41.8374781],[12.8942375,41.8374679],[12.8942912,41.8374579],[12.8943456,41.8374484],[12.8943996,41.837443],[12.8944505,41.837443],[12.8944961,41.837449],[12.8945444,41.837463],[12.8945927,41.837483],[12.8946383,41.837509],[12.8946678,41.837533],[12.8947075,41.8375779],[12.894732,41.8376073],[12.8947421,41.8376163]]},"properties":{"site":"palestrina","name":"","highway":"footway"}},{"type":"Feature","geometry":{"type":"LineString","coordinates":[[12.9000776,41.8310621],[12.9000306,41.8310963],[12.8999662,41.8311483],[12.9000078,41.8311828],[12.9000185,41.831202],[12.9000212,41.8312222],[12.900013,41.8312387],[12.8999967,41.8312562],[12.8998892,41.8313358],[12.899698,41.831492],[12.8996912,41.8315657],[12.8996846,41.8315868],[12.8996725,41.8316089],[12.8996573,41.8316262],[12.8996367,41.8316445],[12.8994766,41.8317603],[12.8993454,41.8318551],[12.8993171,41.8318737],[12.8992839,41.8318955],[12.8992436,41.8319203],[12.8991157,41.8319991],[12.8990969,41.8320077],[12.8990699,41.8320154],[12.8990425,41.832018],[12.899019,41.8320162],[12.8989951,41.8320093],[12.8989794,41.8320015],[12.8989154,41.8319594],[12.8988611,41.8319237],[12.8988224,41.8318135],[12.8987431,41.831588],[12.8986762,41.831373],[12.8986736,41.8313563],[12.8986748,41.8313363],[12.8986801,41.8313182],[12.8986911,41.8312981],[12.8987028,41.8312841],[12.8987202,41.83127],[12.8995045,41.8307444]]},"properties":{"site":"palestrina","name":"","highway":"service"}},{"type":"Feature","geometry":{"type":"LineString","coordinates":[[12.8941652,41.8370209],[12.894527,41.8369992],[12.8946015,41.8369947]]},"properties":{"site":"palestrina","name":"","highway":"steps"}},{"type":"Feature","geometry":{"type":"LineString","coordinates":[[12.8949641,41.8373104],[12.8950095,41.8374234],[12.8950578,41.8375037],[12.8950858,41.8375495],[12.895117,41.8375942],[12.895149,41.8376306],[12.895183,41.8376649],[12.895219,41.8376953],[12.8952718,41.8377257],[12.895315,41.8377463],[12.8953678,41.8377668],[12.8954182,41.8377811],[12.8954615,41.8377892],[12.8955143,41.8377972],[12.8955623,41.8377999],[12.895605,41.837801],[12.8956607,41.8378008],[12.8957015,41.8377981],[12.8957435,41.8377928],[12.8957795,41.8377856],[12.8958192,41.8377749],[12.8958744,41.8377552],[12.8959236,41.8377311],[12.8959564,41.8377114],[12.8960256,41.8376649],[12.8960724,41.8376211],[12.8961372,41.8375611],[12.8966687,41.8368527],[12.8967424,41.8367616],[12.8968098,41.8366858],[12.8968784,41.8366155],[12.8969222,41.8365762],[12.8969686,41.8365344],[12.8970149,41.8364982],[12.8970613,41.8364659],[12.8971056,41.8364393],[12.8971516,41.8364131],[12.8972163,41.8363828],[12.8972759,41.8363637],[12.8973216,41.8363526],[12.8973745,41.8363425],[12.8974082,41.836338],[12.8974809,41.8363313],[12.8975546,41.8363299],[12.8976208,41.8363317],[12.8976951,41.8363369],[12.897762,41.8363453],[12.897887,41.8363676]]},"properties":{"site":"palestrina","name":"Via Lucio Attilio","highway":"service"}},{"type":"Feature","geometry":{"type":"LineString","coordinates":[[12.8967948,41.8360736],[12.896985,41.8359703],[12.8972603,41.8358752],[12.8976229,41.8358135],[12.8977555,41.8357987],[12.8978197,41.8357915],[12.8978488,41.8357893],[12.89788,41.8357894],[12.8979132,41.8357903],[12.8980062,41.8357997],[12.8980554,41.8358099],[12.8981024,41.8358232],[12.8982334,41.8358749]]},"properties":{"site":"palestrina","name":"","highway":"service"}},{"type":"Feature","geometry":{"type":"LineString","coordinates":[[12.9000776,41.8310621],[12.9001014,41.8310835],[12.9001238,41.831102],[12.9001935,41.8311516],[12.9002537,41.8312031]]},"properties":{"site":"palestrina","name":"Via dei Platani","highway":"service"}},{"type":"Feature","geometry":{"type":"LineString","coordinates":[[12.887585,41.842103],[12.8874616,41.8423391],[12.8874509,41.842451],[12.8875421,41.8425509],[12.8876599,41.8426422],[12.8878157,41.8427587],[12.8880088,41.8430225],[12.8881373,41.8431737],[12.8882395,41.8432383],[12.8883629,41.8432582],[12.8884862,41.8432582],[12.8885165,41.8432455],[12.8886096,41.8432063],[12.8887116,41.8431104],[12.888792,41.8430225],[12.8888454,41.8429899],[12.8890978,41.8430944],[12.8892477,41.8431457],[12.8893016,41.8431823],[12.8892158,41.8433661],[12.8890871,41.8434581],[12.8888561,41.8435734],[12.8886523,41.8436453],[12.8884648,41.8436859],[12.8883468,41.8437138],[12.888172,41.8438161]]},"properties":{"site":"palestrina","name":"Via Nicola Calipari","highway":"service"}},{"type":"Feature","geometry":{"type":"LineString","coordinates":[[12.8904297,41.8415363],[12.8903922,41.8415715],[12.8903755,41.841594],[12.890335,41.8416064],[12.8902509,41.8415832],[12.8901546,41.8415798],[12.890093,41.8415598],[12.8900793,41.8415547]]},"properties":{"site":"palestrina","name":"Via Barberini","highway":"steps"}},{"type":"Feature","geometry":{"type":"LineString","coordinates":[[12.890612,41.8415972],[12.8906897,41.8415611],[12.8907213,41.8415513],[12.8908226,41.8415198],[12.8909138,41.8414998],[12.890946,41.8414659],[12.891013,41.8414619],[12.8910926,41.8414428]]},"properties":{"site":"palestrina","name":"","highway":"steps"}},{"type":"Feature","geometry":{"type":"LineString","coordinates":[[12.8911467,41.8415951],[12.8911721,41.841591],[12.8913161,41.8415678],[12.8913832,41.8416357]]},"properties":{"site":"palestrina","name":"Via del Fontanile","highway":"steps"}},{"type":"Feature","geometry":{"type":"LineString","coordinates":[[12.8915816,41.842239],[12.8918886,41.8426657],[12.8919755,41.8427533]]},"properties":{"site":"palestrina","name":"","highway":"service"}},{"type":"Feature","geometry":{"type":"LineString","coordinates":[[12.8914261,41.8425769],[12.8914605,41.8425603],[12.8915414,41.8423491],[12.8915816,41.842239],[12.891646,41.8421334],[12.8917582,41.8420714]]},"properties":{"site":"palestrina","name":"","highway":"footway"}},{"type":"Feature","geometry":{"type":"LineString","coordinates":[[12.8898785,41.8413086],[12.8898902,41.8416212],[12.8899015,41.8419833]]},"properties":{"site":"palestrina","name":"","highway":"steps"}},{"type":"Feature","geometry":{"type":"LineString","coordinates":[[12.8895589,41.8421744],[12.88961,41.8421741],[12.8897144,41.841731],[12.8897386,41.8416931],[12.8897842,41.8416591],[12.8898298,41.8416351],[12.8898902,41.8416212]]},"properties":{"site":"palestrina","name":"","highway":"footway"}},{"type":"Feature","geometry":{"type":"LineString","coordinates":[[12.8897225,41.8422246],[12.8897658,41.8422611],[12.889853,41.8423111]]},"properties":{"site":"palestrina","name":"","highway":"steps"}},{"type":"Feature","geometry":{"type":"LineString","coordinates":[[12.890532,41.8301612],[12.890525,41.8293747],[12.8904716,41.8293223],[12.890339,41.8293244],[12.8902423,41.8293224],[12.8901425,41.8293247],[12.8899859,41.8293255],[12.8899656,41.8293077]]},"properties":{"site":"palestrina","name":"","highway":"track"}},{"type":"Feature","geometry":{"type":"LineString","coordinates":[[12.887908,41.8392682],[12.8880184,41.83926],[12.8880055,41.839227],[12.8880522,41.8392168]]},"properties":{"site":"palestrina","name":"","highway":"steps"}},{"type":"Feature","geometry":{"type":"LineString","coordinates":[[12.8881552,41.8394765],[12.8881809,41.8395984]]},"properties":{"site":"palestrina","name":"","highway":"steps"}},{"type":"Feature","geometry":{"type":"LineString","coordinates":[[12.8904978,41.8410409],[12.8904738,41.8411043],[12.890417,41.8411611],[12.8904282,41.8414719],[12.8904297,41.8415363],[12.8904194,41.8416274],[12.8904121,41.8416594],[12.8904012,41.8416801]]},"properties":{"site":"palestrina","name":"Via della Santissima Annunziata","highway":"steps"}},{"type":"Feature","geometry":{"type":"LineString","coordinates":[[12.8904738,41.840371],[12.8902657,41.8404929],[12.8902528,41.8405077],[12.8902496,41.8405213],[12.8902029,41.8406207],[12.8901466,41.8406787],[12.8900393,41.8407586],[12.8900045,41.8407926],[12.8899642,41.8408925],[12.8899436,41.8409431],[12.8898999,41.8410504],[12.8898412,41.8411088]]},"properties":{"site":"palestrina","name":"","highway":"footway"}},{"type":"Feature","geometry":{"type":"LineString","coordinates":[[12.8905248,41.8406587],[12.8904476,41.8406914],[12.8904068,41.8407087],[12.8901815,41.8408266],[12.8901252,41.8408605],[12.8900876,41.8408645],[12.8900531,41.840845]]},"properties":{"site":"palestrina","name":"","highway":"footway"}},{"type":"Feature","geometry":{"type":"LineString","coordinates":[[12.8899436,41.8409431],[12.8900071,41.8408825],[12.8900531,41.840845]]},"properties":{"site":"palestrina","name":"","highway":"steps"}},{"type":"Feature","geometry":{"type":"LineString","coordinates":[[12.8904348,41.8410038],[12.8904068,41.8409724],[12.8903907,41.8409584],[12.8903934,41.8409345],[12.8904152,41.840921],[12.8904331,41.8409019],[12.8904528,41.840881],[12.8904528,41.840863],[12.8904497,41.8408405],[12.8904631,41.8408186],[12.8905033,41.8407966],[12.8905172,41.8407811],[12.8905007,41.8407646],[12.8904476,41.8406914]]},"properties":{"site":"palestrina","name":"","highway":"steps"}},{"type":"Feature","geometry":{"type":"LineString","coordinates":[[12.8900661,41.8403689],[12.8900689,41.8403952],[12.890034,41.8404516],[12.8901011,41.8405063],[12.8900176,41.840544],[12.8900314,41.8405552],[12.8901305,41.8405108],[12.8901577,41.8405073],[12.8901976,41.8405228],[12.8902496,41.8405213]]},"properties":{"site":"palestrina","name":"","highway":"steps"}},{"type":"Feature","geometry":{"type":"LineString","coordinates":[[12.8904738,41.840371],[12.8904799,41.8402714],[12.8904548,41.8402529]]},"properties":{"site":"palestrina","name":"","highway":"steps"}},{"type":"Feature","geometry":{"type":"LineString","coordinates":[[12.8906294,41.8404289],[12.8905681,41.8404434],[12.8904984,41.8404814],[12.8904014,41.8405108],[12.890324,41.8405433],[12.8902617,41.8405523],[12.8902531,41.8405419],[12.8902496,41.8405213]]},"properties":{"site":"palestrina","name":"","highway":"footway"}},{"type":"Feature","geometry":{"type":"LineString","coordinates":[[12.8898627,41.8404314],[12.8898757,41.8405148],[12.8898462,41.8405988],[12.8898359,41.8406212]]},"properties":{"site":"palestrina","name":"","highway":"steps"}},{"type":"Feature","geometry":{"type":"LineString","coordinates":[[12.8888871,41.8406647],[12.8888716,41.8406742],[12.8888716,41.8406812],[12.8888799,41.8406907],[12.8889746,41.8407566],[12.888999,41.8407729]]},"properties":{"site":"palestrina","name":"","highway":"service"}},{"type":"Feature","geometry":{"type":"LineString","coordinates":[[12.8890831,41.8407118],[12.8890641,41.8406957]]},"properties":{"site":"palestrina","name":"","highway":"service"}},{"type":"Feature","geometry":{"type":"LineString","coordinates":[[12.8917242,41.8392981],[12.8916794,41.8393048]]},"properties":{"site":"palestrina","name":"","highway":"footway"}},{"type":"Feature","geometry":{"type":"LineString","coordinates":[[12.8916794,41.8393048],[12.89166,41.8392219]]},"properties":{"site":"palestrina","name":"","highway":"footway"}},{"type":"Feature","geometry":{"type":"LineString","coordinates":[[12.8891249,41.8403008],[12.8892375,41.8402889],[12.8892885,41.8402449],[12.8894226,41.8402254],[12.8896635,41.8402003],[12.8896938,41.8402005],[12.8897967,41.8402011],[12.8899376,41.8401869],[12.8900114,41.8402089],[12.8900522,41.8402906],[12.8900603,41.8403068]]},"properties":{"site":"palestrina","name":"Via San Biagio","highway":"steps"}},{"type":"Feature","geometry":{"type":"LineString","coordinates":[[12.8891249,41.8403008],[12.8890488,41.840195],[12.8891072,41.8401467],[12.8890533,41.8400186],[12.8890264,41.8399198],[12.8890305,41.8397879],[12.8891052,41.8394136]]},"properties":{"site":"palestrina","name":"Via San Biagio","highway":"steps"}},{"type":"Feature","geometry":{"type":"LineString","coordinates":[[12.8892158,41.8390426],[12.8892247,41.8391098],[12.8892503,41.8393052]]},"properties":{"site":"palestrina","name":"Piazza Gregorio Pantanelli","highway":"service"}},{"type":"Feature","geometry":{"type":"LineString","coordinates":[[12.8892039,41.8364575],[12.8891101,41.8361765],[12.8892746,41.836146],[12.8893684,41.836427],[12.8892039,41.8364575]]},"properties":{"site":"palestrina","name":"Via della Basilica Romana","highway":"service"}},{"type":"Feature","geometry":{"type":"LineString","coordinates":[[12.8881623,41.8358069],[12.8881231,41.835812],[12.8880971,41.8358153],[12.8880569,41.8358221],[12.8880201,41.835829],[12.887984,41.8358365],[12.8878988,41.8358571],[12.8871748,41.8360385],[12.8865718,41.8361914]]},"properties":{"site":"palestrina","name":"Via Antonio Sbardella","highway":"service"}},{"type":"Feature","geometry":{"type":"LineString","coordinates":[[12.8895297,41.8385656],[12.8890946,41.8386461],[12.8888835,41.8386851],[12.8888003,41.8387005]]},"properties":{"site":"palestrina","name":"Scalinata Mark J. Sandman","highway":"steps"}},{"type":"Feature","geometry":{"type":"LineString","coordinates":[[12.8895708,41.8387357],[12.8901148,41.8386273]]},"properties":{"site":"palestrina","name":"","highway":"footway"}},{"type":"Feature","geometry":{"type":"LineString","coordinates":[[12.8894935,41.8384014],[12.8895297,41.8385656],[12.8895708,41.8387357]]},"properties":{"site":"palestrina","name":"","highway":"steps"}},{"type":"Feature","geometry":{"type":"LineString","coordinates":[[12.8912807,41.8401913],[12.8912454,41.8401655],[12.8912352,41.8401365],[12.8910113,41.8401359],[12.8907859,41.8401345],[12.890607,41.8401468],[12.890494,41.8401708]]},"properties":{"site":"palestrina","name":"Via dei Calderai","highway":"steps"}},{"type":"Feature","geometry":{"type":"LineString","coordinates":[[12.8952012,41.8440837],[12.8952294,41.8440732],[12.8952421,41.8440517],[12.8953791,41.8439747]]},"properties":{"site":"palestrina","name":"","highway":"footway"}},{"type":"Feature","geometry":{"type":"LineString","coordinates":[[12.8953791,41.8439747],[12.8953662,41.8440203],[12.8953468,41.8440891],[12.8952095,41.8441702]]},"properties":{"site":"palestrina","name":"","highway":"footway"}},{"type":"Feature","geometry":{"type":"LineString","coordinates":[[12.8952421,41.8440517],[12.895191,41.8440549],[12.8953797,41.8439485],[12.8954798,41.8438738],[12.89547,41.8438632],[12.8953691,41.8439354],[12.8951702,41.8440456],[12.8950431,41.8439146],[12.8950419,41.8439539],[12.895058,41.8439874],[12.8950834,41.8440094],[12.8950679,41.8440343],[12.8950168,41.8441016],[12.8949866,41.8441354],[12.8949565,41.8441557],[12.894929,41.844165]]},"properties":{"site":"palestrina","name":"","highway":"footway"}},{"type":"Feature","geometry":{"type":"LineString","coordinates":[[12.8897847,41.8464513],[12.8897525,41.8464174],[12.8897337,41.8463954],[12.8897176,41.8463514],[12.8897069,41.8463095],[12.8896962,41.8462475],[12.8896962,41.8461956],[12.8897203,41.8460317],[12.8898222,41.8456421],[12.8898249,41.8455982],[12.8898169,41.8455582],[12.8898169,41.8455042],[12.8898249,41.8454583],[12.889849,41.8454003],[12.889892,41.8453204],[12.8899536,41.8452245],[12.8906322,41.8447829],[12.8908146,41.844671],[12.8909729,41.8445611],[12.8911526,41.8444133],[12.8913767,41.8442133],[12.8914905,41.8441255],[12.8916649,41.8440236],[12.8920599,41.8437862]]},"properties":{"site":"palestrina","name":"","highway":"service"}},{"type":"Feature","geometry":{"type":"LineString","coordinates":[[12.893486,41.8415858],[12.8935262,41.8415599],[12.8935691,41.8415519],[12.8936458,41.8415457],[12.8937676,41.8415199]]},"properties":{"site":"palestrina","name":"","highway":"track"}},{"type":"Feature","geometry":{"type":"LineString","coordinates":[[12.8937676,41.8415199],[12.8936764,41.8414759],[12.8936228,41.841456],[12.8935664,41.841446],[12.8934726,41.84145],[12.8933948,41.84146],[12.8932634,41.841464],[12.8931587,41.8414759],[12.8930435,41.8414979],[12.8929443,41.8415219],[12.892837,41.8415339],[12.8927244,41.8415599],[12.8924105,41.8416598],[12.8923569,41.8416878],[12.8922898,41.8417077],[12.8922469,41.8417317],[12.8922174,41.8417577],[12.8921745,41.8417937],[12.8921289,41.8418156],[12.8920163,41.8418596],[12.8919814,41.8418836],[12.8918848,41.8419595],[12.891807,41.8420434],[12.8917582,41.8420714]]},"properties":{"site":"palestrina","name":"","highway":"footway"}},{"type":"Feature","geometry":{"type":"LineString","coordinates":[[12.89166,41.8392219],[12.8916316,41.8391099]]},"properties":{"site":"palestrina","name":"Vicolo del Duomo","highway":"steps"}},{"type":"Feature","geometry":{"type":"LineString","coordinates":[[12.8892334,41.8393634],[12.8895647,41.8394283],[12.889722,41.83947],[12.8900521,41.8396369]]},"properties":{"site":"palestrina","name":"Via Orazio Marucchi","highway":"steps"}},{"type":"Feature","geometry":{"type":"LineString","coordinates":[[12.8914008,41.838146],[12.8913577,41.8381184]]},"properties":{"site":"palestrina","name":"","highway":"footway"}},{"type":"Feature","geometry":{"type":"LineString","coordinates":[[12.8918797,41.8380704],[12.8914008,41.838146]]},"properties":{"site":"palestrina","name":"","highway":"footway"}},{"type":"Feature","geometry":{"type":"LineString","coordinates":[[12.8905553,41.8382893],[12.8906975,41.8382701],[12.8906887,41.8382331]]},"properties":{"site":"palestrina","name":"","highway":"steps"}},{"type":"Feature","geometry":{"type":"LineString","coordinates":[[12.8905553,41.8382893],[12.8905669,41.8383268],[12.8902745,41.8383695],[12.8902977,41.8384788],[12.8901028,41.8385063]]},"properties":{"site":"palestrina","name":"","highway":"footway"}},{"type":"Feature","geometry":{"type":"LineString","coordinates":[[12.8900914,41.8385588],[12.8901148,41.8386273],[12.8901252,41.8386576],[12.8901624,41.8387629]]},"properties":{"site":"palestrina","name":"","highway":"footway"}},{"type":"Feature","geometry":{"type":"LineString","coordinates":[[12.8895531,41.8384323],[12.8899707,41.8383727],[12.8905553,41.8382893]]},"properties":{"site":"palestrina","name":"","highway":"footway"}},{"type":"Feature","geometry":{"type":"LineString","coordinates":[[12.890609,41.8382443],[12.8905963,41.838177],[12.8904302,41.8381992],[12.8904253,41.8381887],[12.8904186,41.8381794],[12.8904117,41.8381729],[12.8904038,41.838167],[12.8903937,41.8381628],[12.8903807,41.8381608],[12.8903665,41.8381596],[12.8903512,41.8381605]]},"properties":{"site":"palestrina","name":"","highway":"steps"}},{"type":"Feature","geometry":{"type":"LineString","coordinates":[[12.8899684,41.8384609],[12.8899486,41.8384715],[12.8899331,41.8384855],[12.8899229,41.838502],[12.8899189,41.8385199],[12.8899213,41.838538],[12.8899298,41.838555],[12.889944,41.8385697],[12.8899628,41.8385813],[12.889985,41.8385887],[12.8900091,41.8385917],[12.8900333,41.8385899],[12.8900561,41.8385835],[12.8900759,41.8385729],[12.8900914,41.8385588],[12.8901014,41.8385423],[12.8901053,41.8385244],[12.8901028,41.8385063],[12.8900942,41.8384894],[12.8900801,41.8384748],[12.8900613,41.8384633],[12.8900393,41.8384559],[12.8900154,41.8384529],[12.8899913,41.8384546],[12.8899684,41.8384609]]},"properties":{"site":"palestrina","name":"","highway":"footway"}},{"type":"Feature","geometry":{"type":"LineString","coordinates":[[12.8903408,41.8381626],[12.8903255,41.8381579],[12.8903048,41.8381561],[12.8902763,41.8381571],[12.8902509,41.8381619],[12.8902213,41.8381708],[12.8901855,41.8381881],[12.8901613,41.8381969],[12.890129,41.838208],[12.8901024,41.8382125],[12.8900703,41.8382181],[12.8900481,41.8382204],[12.890028,41.838219],[12.8899937,41.8382137],[12.889958,41.8382],[12.8899151,41.838176],[12.8898944,41.8381599],[12.889861,41.8381434],[12.8898158,41.838134],[12.8897407,41.838134],[12.889671,41.838134],[12.8895584,41.838158],[12.889435,41.838184],[12.889376,41.838196],[12.8893357,41.8382199],[12.8892955,41.8382539],[12.889274,41.8382819],[12.889274,41.8383159],[12.8892767,41.8383538],[12.8892848,41.8383958],[12.8892767,41.8384198],[12.8892606,41.8384457],[12.8892204,41.8384557],[12.8891668,41.8384617],[12.8891158,41.8384657],[12.8890836,41.8384837],[12.8890595,41.8385097],[12.8890621,41.8385377]]},"properties":{"site":"palestrina","name":"","highway":"footway"}},{"type":"Feature","geometry":{"type":"LineString","coordinates":[[12.890308,41.8379793],[12.8903098,41.8379894],[12.8903408,41.8381626]]},"properties":{"site":"palestrina","name":"","highway":"footway"}},{"type":"Feature","geometry":{"type":"LineString","coordinates":[[12.8890621,41.8385377],[12.8890946,41.8386461]]},"properties":{"site":"palestrina","name":"","highway":"steps"}},{"type":"Feature","geometry":{"type":"LineString","coordinates":[[12.890411,41.8391072],[12.8904242,41.8391506],[12.890444,41.8392961],[12.8904283,41.8393319],[12.8903947,41.8393613],[12.8903001,41.8394343],[12.8901745,41.8395259],[12.890077,41.8396051],[12.8900521,41.8396369]]},"properties":{"site":"palestrina","name":"Via Leonardo Cecconi","highway":"steps"}},{"type":"Feature","geometry":{"type":"LineString","coordinates":[[12.8908695,41.8392194],[12.8906148,41.8392699],[12.890444,41.8392961]]},"properties":{"site":"palestrina","name":"Vicolo Pierluigi","highway":"footway"}},{"type":"Feature","geometry":{"type":"LineString","coordinates":[[12.8915963,41.8394173],[12.8917214,41.839396],[12.8917166,41.8393627],[12.8916976,41.8392485],[12.8916955,41.8392361],[12.8916935,41.8392295],[12.8916882,41.8392253],[12.8916801,41.8392217],[12.89166,41.8392219]]},"properties":{"site":"palestrina","name":"Vicolo del Duomo","highway":"steps"}},{"type":"Feature","geometry":{"type":"LineString","coordinates":[[12.8947589,41.8375569],[12.8947572,41.8375627],[12.8947421,41.8376163],[12.8947049,41.8376229]]},"properties":{"site":"palestrina","name":"","highway":"footway"}},{"type":"Feature","geometry":{"type":"LineString","coordinates":[[12.8947014,41.8376119],[12.894732,41.8376073]]},"properties":{"site":"palestrina","name":"","highway":"footway"}},{"type":"Feature","geometry":{"type":"LineString","coordinates":[[12.8948134,41.8373635],[12.8947589,41.8375569]]},"properties":{"site":"palestrina","name":"","highway":"steps"}},{"type":"Feature","geometry":{"type":"LineString","coordinates":[[12.8943802,41.8376702],[12.8944193,41.8376628],[12.8947014,41.8376119]]},"properties":{"site":"palestrina","name":"","highway":"steps"}},{"type":"Feature","geometry":{"type":"LineString","coordinates":[[12.8940485,41.8378898],[12.8940416,41.8379001],[12.8940427,41.8379246],[12.8940438,41.8379414],[12.8940519,41.8381007],[12.8941429,41.8381019],[12.8941961,41.838103],[12.8941983,41.8380481],[12.8942283,41.8379203],[12.8942321,41.8378536],[12.8942924,41.8378559],[12.8943033,41.8378027],[12.8942331,41.8377844],[12.8941425,41.8377802],[12.8940745,41.8377815],[12.8940377,41.8377812],[12.8940381,41.8377892],[12.8940485,41.8378898]]},"properties":{"site":"palestrina","name":"Piazza di Porta del Sole","highway":"pedestrian"}},{"type":"Feature","geometry":{"type":"LineString","coordinates":[[12.8923296,41.8403277],[12.8923376,41.8403583]]},"properties":{"site":"palestrina","name":"","highway":"footway"}},{"type":"Feature","geometry":{"type":"LineString","coordinates":[[12.8923417,41.840374],[12.8923431,41.8403795],[12.8923526,41.8403781]]},"properties":{"site":"palestrina","name":"","highway":"footway"}},{"type":"Feature","geometry":{"type":"LineString","coordinates":[[12.8926671,41.8403322],[12.8926819,41.84033],[12.8926799,41.8403213]]},"properties":{"site":"palestrina","name":"","highway":"footway"}},{"type":"Feature","geometry":{"type":"LineString","coordinates":[[12.8928997,41.8407446],[12.8930107,41.840708],[12.8931414,41.8406541],[12.8932248,41.8406089],[12.8934053,41.8405348],[12.8934602,41.840527],[12.8935305,41.8405131],[12.8936086,41.8404621],[12.8935476,41.8404072],[12.8936317,41.8403951],[12.893679,41.8403681],[12.8936921,41.8403651],[12.8937219,41.8403583],[12.8938514,41.8403292]]},"properties":{"site":"palestrina","name":"","highway":"steps"}},{"type":"Feature","geometry":{"type":"LineString","coordinates":[[12.8914345,41.8408018],[12.891542,41.8407899],[12.8917224,41.8407449],[12.8917506,41.840737],[12.8918226,41.8407182],[12.8918644,41.8407108],[12.8919142,41.840708],[12.8920681,41.8407183],[12.8922559,41.8407347],[12.8923821,41.8407556],[12.8924099,41.8407602],[12.8924721,41.840766],[12.8925809,41.8407671],[12.8927585,41.8407608],[12.8928752,41.8407575],[12.8929479,41.8407761]]},"properties":{"site":"palestrina","name":"","highway":"footway"}},{"type":"Feature","geometry":{"type":"LineString","coordinates":[[12.8938514,41.8403292],[12.8939004,41.840348],[12.8939253,41.8403654],[12.8939253,41.8403862],[12.8939175,41.8404337],[12.8939144,41.8404569],[12.893916,41.8404777]]},"properties":{"site":"palestrina","name":"Via dei Merli","highway":"steps"}},{"type":"Feature","geometry":{"type":"LineString","coordinates":[[12.8936542,41.8405077],[12.8937172,41.8405053],[12.893916,41.8404777]]},"properties":{"site":"palestrina","name":"","highway":"footway"}},{"type":"Feature","geometry":{"type":"LineString","coordinates":[[12.8913026,41.8405903],[12.8913428,41.8406308],[12.8913168,41.8406464],[12.8912407,41.8406908],[12.8911383,41.8407532],[12.8912308,41.8408155],[12.8912931,41.8408114],[12.891382,41.8408062],[12.8914007,41.8408045],[12.8914345,41.8408018]]},"properties":{"site":"palestrina","name":"","highway":"steps"}},{"type":"Feature","geometry":{"type":"LineString","coordinates":[[12.8914156,41.841835],[12.8913503,41.841802],[12.8913363,41.8417922],[12.891327,41.8417829],[12.89132,41.8417736],[12.8913137,41.8417638],[12.8913114,41.8417534],[12.8913114,41.8417447],[12.8913114,41.8417325],[12.8913118,41.8417225],[12.891313,41.8417163],[12.8913155,41.8417083],[12.89132,41.8416996],[12.8913293,41.8416839],[12.8913832,41.8416357]]},"properties":{"site":"palestrina","name":"","highway":"footway"}},{"type":"Feature","geometry":{"type":"LineString","coordinates":[[12.8923821,41.8407556],[12.8923736,41.8407977],[12.8923654,41.8408059],[12.8923324,41.8408194],[12.8922593,41.8408325],[12.8921037,41.8408374],[12.8920712,41.8408453],[12.8919487,41.8408718],[12.8918712,41.8408894],[12.8918387,41.8408923],[12.89182,41.840898],[12.8917979,41.840913],[12.891558,41.8410763],[12.8915193,41.8410948],[12.891483,41.8410883],[12.8914566,41.8410924],[12.8913896,41.8411231],[12.8913445,41.8411419],[12.8913225,41.8411489],[12.8913082,41.8411497],[12.8912928,41.8411456],[12.8912779,41.8411407],[12.8912659,41.8411326],[12.8912604,41.8411239],[12.8912598,41.8411145],[12.8912651,41.8410995],[12.8913197,41.8410158],[12.8913831,41.8409608]]},"properties":{"site":"palestrina","name":"","highway":"footway"}},{"type":"Feature","geometry":{"type":"LineString","coordinates":[[12.891382,41.8408062],[12.8913033,41.8408326],[12.89128,41.8408578],[12.8913336,41.8409231],[12.8913413,41.8409403],[12.8913831,41.8409608]]},"properties":{"site":"palestrina","name":"","highway":"steps"}},{"type":"Feature","geometry":{"type":"LineString","coordinates":[[12.8927221,41.8408954],[12.892722,41.8409556],[12.8926251,41.8409887]]},"properties":{"site":"palestrina","name":"","highway":"steps"}},{"type":"Feature","geometry":{"type":"LineString","coordinates":[[12.8917982,41.8411138],[12.8917458,41.8411284],[12.8916677,41.8411743],[12.8916369,41.8411841],[12.8916106,41.8411841],[12.8915732,41.8411776],[12.8915402,41.8411472],[12.8915193,41.8410948]]},"properties":{"site":"palestrina","name":"","highway":"steps"}},{"type":"Feature","geometry":{"type":"LineString","coordinates":[[12.8917224,41.8407449],[12.8917372,41.8407836],[12.8916906,41.8408317],[12.8916914,41.8408409],[12.8916968,41.8408519],[12.89171,41.8408566],[12.8917263,41.8408554],[12.8917442,41.8408554],[12.8917567,41.8408583],[12.8917676,41.8408658],[12.8917979,41.840913]]},"properties":{"site":"palestrina","name":"","highway":"steps"}},{"type":"Feature","geometry":{"type":"LineString","coordinates":[[12.8941444,41.8382802],[12.8941176,41.8384595]]},"properties":{"site":"palestrina","name":"Via di Porta del Sole","highway":"pedestrian"}},{"type":"Feature","geometry":{"type":"LineString","coordinates":[[12.8941176,41.8384595],[12.8941062,41.8385265]]},"properties":{"site":"palestrina","name":"Via di Porta del Sole","highway":"steps"}},{"type":"Feature","geometry":{"type":"LineString","coordinates":[[12.8941429,41.8381019],[12.894145,41.8381456],[12.894145,41.8381558],[12.8941447,41.8382091],[12.8941444,41.8382802]]},"properties":{"site":"palestrina","name":"Via di Porta del Sole","highway":"pedestrian"}},{"type":"Feature","geometry":{"type":"LineString","coordinates":[[12.8941452,41.8387473],[12.8941431,41.8387478],[12.8941414,41.8387487],[12.8941406,41.83875],[12.8941402,41.8387514]]},"properties":{"site":"palestrina","name":"","highway":"steps"}},{"type":"Feature","geometry":{"type":"LineString","coordinates":[[12.8941289,41.8388273],[12.8941095,41.8389095]]},"properties":{"site":"palestrina","name":"","highway":"steps"}},{"type":"Feature","geometry":{"type":"LineString","coordinates":[[12.8941095,41.8389095],[12.8941066,41.8389223],[12.8940967,41.838965],[12.8940967,41.8389688],[12.8940972,41.838972],[12.8940982,41.8389761],[12.8941005,41.8389788],[12.8941045,41.8389818],[12.8941072,41.8389827]]},"properties":{"site":"palestrina","name":"","highway":"footway"}},{"type":"Feature","geometry":{"type":"LineString","coordinates":[[12.8936325,41.8386893],[12.8936203,41.8387879],[12.8935026,41.8389526],[12.8934928,41.8389674],[12.8934652,41.8390486],[12.893458,41.8391013]]},"properties":{"site":"palestrina","name":"Via Verrio Flacco","highway":"steps"}},{"type":"Feature","geometry":{"type":"LineString","coordinates":[[12.8936667,41.8393039],[12.8937662,41.8392891],[12.89377,41.8391619],[12.8937412,41.8391286],[12.8937004,41.8391121],[12.893458,41.8391013],[12.8932974,41.8390976],[12.893005,41.8390358],[12.8927599,41.8390256],[12.8927376,41.8389959],[12.8927148,41.8389805]]},"properties":{"site":"palestrina","name":"Via Thomas Mann","highway":"steps"}},{"type":"Feature","geometry":{"type":"LineString","coordinates":[[12.8919291,41.8380689],[12.8919319,41.8380795]]},"properties":{"site":"palestrina","name":"","highway":"footway"}},{"type":"Feature","geometry":{"type":"LineString","coordinates":[[12.8929677,41.837905],[12.8928916,41.8379096]]},"properties":{"site":"palestrina","name":"","highway":"steps"}},{"type":"Feature","geometry":{"type":"LineString","coordinates":[[12.8919769,41.8385325],[12.8919566,41.8384839]]},"properties":{"site":"palestrina","name":"","highway":"footway"}},{"type":"Feature","geometry":{"type":"LineString","coordinates":[[12.8928916,41.8379096],[12.8919221,41.8380418],[12.8919273,41.838062],[12.8918797,41.8380704]]},"properties":{"site":"palestrina","name":"Via del Sole","highway":"footway"}},{"type":"Feature","geometry":{"type":"LineString","coordinates":[[12.8916241,41.8384585],[12.8916488,41.8385204],[12.8915518,41.8385419],[12.8915284,41.8384798],[12.8916241,41.8384585]]},"properties":{"site":"palestrina","name":"","highway":"pedestrian"}},{"type":"Feature","geometry":{"type":"LineString","coordinates":[[12.8919319,41.8380795],[12.8919535,41.8381327],[12.8920481,41.8382981],[12.8920753,41.8383445],[12.8921139,41.8384394],[12.8919566,41.8384839]]},"properties":{"site":"palestrina","name":"Vicolo della Mola","highway":"steps"}},{"type":"Feature","geometry":{"type":"LineString","coordinates":[[12.8915657,41.8386473],[12.8915438,41.8385922],[12.8914096,41.83862]]},"properties":{"site":"palestrina","name":"Piazza Garibaldi","highway":"service"}},{"type":"Feature","geometry":{"type":"LineString","coordinates":[[12.8943852,41.8381373],[12.8944113,41.8381193],[12.894436,41.8381006],[12.8944569,41.8380814],[12.8944784,41.8380592],[12.8944894,41.838042],[12.8944988,41.8380237],[12.8945077,41.8380003],[12.8945151,41.8379761],[12.8945208,41.8379476],[12.8945151,41.8379097]]},"properties":{"site":"palestrina","name":"","highway":"steps"}},{"type":"Feature","geometry":{"type":"LineString","coordinates":[[12.8955088,41.8384604],[12.8955154,41.8384272],[12.8955712,41.8383591]]},"properties":{"site":"palestrina","name":"","highway":"steps"}},{"type":"Feature","geometry":{"type":"LineString","coordinates":[[12.8955007,41.8384862],[12.8955088,41.8384604]]},"properties":{"site":"palestrina","name":"","highway":"footway"}},{"type":"Feature","geometry":{"type":"LineString","coordinates":[[12.8945151,41.8379097],[12.8945284,41.8378924],[12.8945644,41.8379041],[12.8955376,41.8383188],[12.8960649,41.8385436],[12.8960804,41.8385538],[12.8960886,41.8385633],[12.8960947,41.8385727],[12.8961002,41.838585],[12.8961018,41.8385977],[12.8961024,41.8386083],[12.8961013,41.8386165],[12.8960974,41.8386284],[12.8960925,41.8386403],[12.8960842,41.8386521],[12.8960768,41.8386599],[12.8960663,41.838668],[12.8960578,41.8386733],[12.8960442,41.8386793],[12.8960349,41.8386825],[12.8960216,41.8386843],[12.8960066,41.8386849],[12.8958279,41.838677],[12.8954833,41.8386517],[12.8951393,41.8386264],[12.8945668,41.8385843],[12.8945231,41.8385819],[12.8945266,41.8385579]]},"properties":{"site":"palestrina","name":"","highway":"footway"}},{"type":"Feature","geometry":{"type":"LineString","coordinates":[[12.8954829,41.8384887],[12.8954663,41.838494],[12.8954517,41.8385019],[12.8954397,41.838512],[12.895431,41.8385238],[12.8954259,41.8385367],[12.8954248,41.8385501],[12.8954277,41.8385634],[12.8954343,41.8385759],[12.8954445,41.838587],[12.8954577,41.8385962],[12.8954733,41.8386031],[12.8954905,41.8386072],[12.8955052,41.8386084],[12.8955199,41.8386076],[12.8955342,41.8386049],[12.8955476,41.8386003],[12.8955597,41.8385941],[12.8955701,41.8385863],[12.8955784,41.8385772],[12.8955845,41.8385672],[12.895588,41.8385565],[12.895589,41.8385455],[12.8955872,41.8385346],[12.8955829,41.8385241],[12.8955761,41.8385144],[12.8955671,41.8385056],[12.8955562,41.8384983],[12.8955436,41.8384925],[12.8955299,41.8384885],[12.8955154,41.8384864],[12.8955007,41.8384862],[12.8954829,41.8384887]]},"properties":{"site":"palestrina","name":"","highway":"footway"}},{"type":"Feature","geometry":{"type":"LineString","coordinates":[[12.8954833,41.8386517],[12.8954905,41.8386072],[12.8954005,41.8385993],[12.8953794,41.8385975]]},"properties":{"site":"palestrina","name":"","highway":"footway"}},{"type":"Feature","geometry":{"type":"LineString","coordinates":[[12.895381,41.8385887],[12.8953239,41.838584]]},"properties":{"site":"palestrina","name":"","highway":"steps"}},{"type":"Feature","geometry":{"type":"LineString","coordinates":[[12.8955398,41.8384331],[12.8955603,41.838438],[12.8955865,41.8384512],[12.8956231,41.8384708],[12.8956503,41.8384811],[12.8956682,41.8384879],[12.895927,41.8385699],[12.8959626,41.8385816],[12.8959961,41.8385956],[12.8960045,41.8386105],[12.8960137,41.8386168],[12.8960316,41.8386209],[12.8960758,41.8386338]]},"properties":{"site":"palestrina","name":"","highway":"footway"}},{"type":"Feature","geometry":{"type":"LineString","coordinates":[[12.8948901,41.8382625],[12.8948698,41.8383193]]},"properties":{"site":"palestrina","name":"","highway":"steps"}},{"type":"Feature","geometry":{"type":"LineString","coordinates":[[12.8943852,41.8381373],[12.8943412,41.8381645],[12.8943615,41.8381702],[12.8944333,41.8381899],[12.8945004,41.8382125],[12.8945632,41.8382227],[12.8945915,41.8382172],[12.8946219,41.8382078],[12.8946418,41.8381946],[12.8946638,41.8381836],[12.8947005,41.8381836],[12.8947214,41.838186],[12.8947497,41.8381985],[12.8947822,41.8382157],[12.8948147,41.8382305],[12.8948692,41.8382562],[12.8948901,41.8382625],[12.8949153,41.838264],[12.8949278,41.838264],[12.8949446,41.8382609],[12.8949655,41.8382601],[12.8950064,41.8382672],[12.8950305,41.8382758],[12.8950546,41.8382851],[12.895085,41.8382859],[12.8950976,41.8382953],[12.8950971,41.8383313]]},"properties":{"site":"palestrina","name":"","highway":"footway"}},{"type":"Feature","geometry":{"type":"LineString","coordinates":[[12.8956939,41.8385607],[12.8956476,41.8386016],[12.8955982,41.8386191]]},"properties":{"site":"palestrina","name":"","highway":"steps"}},{"type":"Feature","geometry":{"type":"LineString","coordinates":[[12.8960137,41.8386168],[12.8959962,41.838622],[12.8959755,41.8386225],[12.8959525,41.8386198],[12.8956939,41.8385607],[12.8956762,41.8385486],[12.8956628,41.8385287],[12.895651,41.8385039],[12.8956503,41.8384811]]},"properties":{"site":"palestrina","name":"","highway":"footway"}},{"type":"Feature","geometry":{"type":"LineString","coordinates":[[12.9004419,41.8378171],[12.900524,41.8378842],[12.9005626,41.8379074],[12.9005993,41.8379277],[12.9006787,41.8379672]]},"properties":{"site":"palestrina","name":"Ex ferrovia Roma-Fiuggi-Alatri-Frosinone","highway":"path"}},{"type":"Feature","geometry":{"type":"LineString","coordinates":[[12.8979041,41.8388989],[12.8980335,41.8389507],[12.898106,41.8389859],[12.8981439,41.8390259],[12.8981597,41.8390611],[12.898166,41.8391081],[12.8981628,41.8391504],[12.8981407,41.839188],[12.8980902,41.839228],[12.8980366,41.8392656],[12.8980114,41.8392821],[12.897983,41.839322],[12.8979577,41.8393972],[12.8980157,41.839428]]},"properties":{"site":"palestrina","name":"","highway":"service"}},{"type":"Feature","geometry":{"type":"LineString","coordinates":[[12.90068,41.841415],[12.9006769,41.8412493],[12.900669,41.8412293],[12.9006485,41.8412034],[12.9004718,41.841033],[12.9003298,41.8409426],[12.9002762,41.8408909],[12.9002541,41.8408532],[12.9002194,41.8407757],[12.9001973,41.8406887],[12.9001658,41.8406264],[12.9000554,41.8405042],[12.9000475,41.8404878],[12.9000428,41.840469],[12.9000443,41.8404537],[12.9000475,41.8404419],[12.9000648,41.840422],[12.9000869,41.8404114],[12.9001122,41.840402],[12.9001919,41.8403905]]},"properties":{"site":"palestrina","name":"","highway":"service"}},{"type":"Feature","geometry":{"type":"LineString","coordinates":[[12.9009247,41.8408138],[12.9009516,41.8408138],[12.9009705,41.8408138],[12.901002,41.8408126],[12.901032,41.8408079],[12.901062,41.8407985],[12.9010872,41.8407903],[12.9011046,41.8407833],[12.9011219,41.8407739],[12.9011471,41.8407586],[12.9011882,41.8407316],[12.901215,41.8407116],[12.9016929,41.8401181],[12.9017087,41.8401064],[12.9017308,41.8400934],[12.9017513,41.840084],[12.9017828,41.8400793],[12.901838,41.8400758],[12.9019122,41.8400735],[12.9019753,41.8400758],[12.9020257,41.8400817],[12.9020794,41.8400981],[12.9023333,41.8402168],[12.902387,41.840258],[12.9026315,41.840466],[12.9027009,41.8405153],[12.9029753,41.8406469],[12.9030416,41.8406834],[12.9030526,41.8406987],[12.9030542,41.8407222],[12.9030432,41.8407457],[12.9027734,41.8409842]]},"properties":{"site":"palestrina","name":"","highway":"service"}},{"type":"Feature","geometry":{"type":"LineString","coordinates":[[12.8999027,41.833536],[12.8997183,41.8334426],[12.8996876,41.8334339],[12.8996502,41.8334293],[12.8996193,41.8334318],[12.8995816,41.8334383],[12.8990941,41.8335651],[12.8988026,41.8336409],[12.8974139,41.8340021]]},"properties":{"site":"palestrina","name":"","highway":"service"}},{"type":"Feature","geometry":{"type":"LineString","coordinates":[[12.8926626,41.832801],[12.8926398,41.8327802],[12.8925704,41.8327166],[12.8924843,41.8327203]]},"properties":{"site":"palestrina","name":"Via della Ginestra","highway":"service"}},{"type":"Feature","geometry":{"type":"LineString","coordinates":[[12.8988026,41.8336409],[12.8989882,41.8341449],[12.8990167,41.8342223],[12.8990398,41.8342804],[12.8990672,41.8343416],[12.8990923,41.8343916],[12.8991217,41.8344448],[12.8993398,41.8348211],[12.899356,41.8348464],[12.8993789,41.8348779],[12.8994017,41.8349062],[12.8994297,41.8349374],[12.8994577,41.8349654],[12.8994851,41.8349904],[12.899792,41.8352544],[12.8998318,41.8352856],[12.8998748,41.8353175],[12.8999186,41.8353458],[12.8999657,41.8353749],[12.9000386,41.8354164],[12.9000751,41.8354388],[12.9001072,41.8354603],[12.9001434,41.8354854],[12.9001753,41.8355096],[12.9002026,41.8355318],[12.9002203,41.8355479],[12.9002407,41.8355692],[12.9002578,41.8355897],[12.9002735,41.8356133],[12.900286,41.8356361],[12.9002955,41.8356557],[12.9003279,41.8357305]]},"properties":{"site":"palestrina","name":"","highway":"service"}},{"type":"Feature","geometry":{"type":"LineString","coordinates":[[12.901294,41.8339354],[12.9003577,41.8341342],[12.9003329,41.8341523],[12.9003012,41.8341703],[12.9002679,41.8341853],[12.900233,41.8341998],[12.9002126,41.8342112],[12.9001988,41.8342217],[12.9001845,41.8342358],[12.9001765,41.8342484],[12.9001739,41.8342647],[12.900172,41.834281],[12.9001765,41.8343015],[12.9002278,41.834477]]},"properties":{"site":"palestrina","name":"","highway":"service"}},{"type":"Feature","geometry":{"type":"LineString","coordinates":[[12.8974139,41.8340021],[12.8974383,41.8340109],[12.8974649,41.8340165],[12.897493,41.8340187],[12.8975261,41.8340169],[12.897942,41.8339564],[12.8979813,41.8339528],[12.8980102,41.8339546],[12.8980369,41.8339587],[12.8980682,41.8339687],[12.898094,41.8339795],[12.8981217,41.833992],[12.898144,41.8340053],[12.8981662,41.8340152],[12.8981883,41.8340237],[12.8982155,41.8340297],[12.8982438,41.8340348],[12.8984742,41.8340634]]},"properties":{"site":"palestrina","name":"","highway":"service"}},{"type":"Feature","geometry":{"type":"LineString","coordinates":[[12.8930394,41.8331801],[12.8930815,41.8332474],[12.8930927,41.8332614],[12.8931106,41.8332763],[12.8931324,41.8332861],[12.8931571,41.8332902],[12.8931859,41.8332893],[12.8934968,41.8332407],[12.893545,41.8332326],[12.8935935,41.8332243],[12.8936565,41.8332132],[12.893719,41.8332019],[12.8941523,41.8331195],[12.8942107,41.8331076],[12.8942637,41.8330956],[12.8943172,41.8330818],[12.8943654,41.8330679],[12.8945783,41.8330018],[12.8946,41.8329958],[12.8946283,41.8329924],[12.8946462,41.8329914],[12.8946765,41.8329924],[12.894695,41.8329959],[12.8947135,41.833001],[12.8947384,41.8330106],[12.8947885,41.8330323],[12.8949104,41.83309]]},"properties":{"site":"palestrina","name":"","highway":"service"}},{"type":"Feature","geometry":{"type":"LineString","coordinates":[[12.904246,41.834102],[12.9042969,41.8344334],[12.9043253,41.8348683],[12.9043442,41.8352208],[12.9043316,41.8354277],[12.9043505,41.8354606],[12.9044168,41.835477],[12.9044925,41.8354817],[12.9046218,41.8354676],[12.9047449,41.8354277],[12.904808,41.8353995],[12.9051298,41.8353337],[12.9051739,41.8353572],[12.9052654,41.8354535],[12.9054074,41.8355405]]},"properties":{"site":"palestrina","name":"","highway":"service"}},{"type":"Feature","geometry":{"type":"LineString","coordinates":[[12.9057418,41.8339943],[12.9057505,41.8331512],[12.9058308,41.8329069],[12.9058552,41.8326933],[12.9058799,41.8324764],[12.9058576,41.8321656],[12.9058157,41.8318294],[12.9058108,41.83179],[12.9058085,41.8315988],[12.9058242,41.8315074],[12.9059509,41.8311911],[12.9060204,41.8308987],[12.9060617,41.8305667],[12.9060639,41.8304912],[12.9060665,41.8304399]]},"properties":{"site":"palestrina","name":"Via Agliano","highway":"service"}},{"type":"Feature","geometry":{"type":"LineString","coordinates":[[12.904878,41.8310117],[12.9059509,41.8311911]]},"properties":{"site":"palestrina","name":"","highway":"track"}},{"type":"Feature","geometry":{"type":"LineString","coordinates":[[12.9018323,41.8317494],[12.9011447,41.8319938]]},"properties":{"site":"palestrina","name":"","highway":"service"}},{"type":"Feature","geometry":{"type":"LineString","coordinates":[[12.907338,41.8326243],[12.9059688,41.8329252],[12.9058308,41.8329069]]},"properties":{"site":"palestrina","name":"","highway":"track"}},{"type":"Feature","geometry":{"type":"LineString","coordinates":[[12.9023716,41.8308949],[12.902274,41.8307269],[12.9021257,41.8307833]]},"properties":{"site":"palestrina","name":"","highway":"service"}},{"type":"Feature","geometry":{"type":"LineString","coordinates":[[12.9047581,41.8318156],[12.9049032,41.8317827],[12.9058157,41.8318294]]},"properties":{"site":"palestrina","name":"","highway":"service"}},{"type":"Feature","geometry":{"type":"LineString","coordinates":[[12.9054143,41.832784],[12.9056383,41.8327182],[12.9058552,41.8326933]]},"properties":{"site":"palestrina","name":"","highway":"service"}},{"type":"Feature","geometry":{"type":"LineString","coordinates":[[12.9063749,41.8366407],[12.9062813,41.8365842],[12.9062366,41.8364878],[12.9062188,41.8364014],[12.9062188,41.8363083],[12.9062322,41.8362319],[12.9062813,41.8361754],[12.9063749,41.8361355],[12.9066471,41.8360723],[12.9068702,41.8360025],[12.9075974,41.8359227],[12.9076152,41.8358596],[12.9076242,41.8354042],[12.9075617,41.8351283],[12.9073788,41.8346363],[12.907357,41.8340667],[12.9070668,41.8340644],[12.9068033,41.8340363],[12.9066693,41.8340221],[12.9057733,41.8339845],[12.9057418,41.8339943]]},"properties":{"site":"palestrina","name":"","highway":"service"}},{"type":"Feature","geometry":{"type":"LineString","coordinates":[[12.901618,41.8328853],[12.9018577,41.8329131],[12.9018864,41.8329149],[12.9019259,41.8329149],[12.9019653,41.8329127],[12.9020118,41.8329074],[12.9020583,41.8328998],[12.9024792,41.8328017],[12.9027262,41.8327441],[12.9032521,41.8326215],[12.9035345,41.8325557],[12.9038193,41.8324893],[12.9043276,41.8323709],[12.9044825,41.8323348]]},"properties":{"site":"palestrina","name":"","highway":"service"}},{"type":"Feature","geometry":{"type":"LineString","coordinates":[[12.9051298,41.8353337],[12.9052023,41.8353078],[12.9052559,41.8352772],[12.9055115,41.8352655]]},"properties":{"site":"palestrina","name":"","highway":"service"}},{"type":"Feature","geometry":{"type":"LineString","coordinates":[[12.9024,41.8320211],[12.9023274,41.832038],[12.9022987,41.8320421],[12.9022682,41.8320456],[12.9022431,41.8320461],[12.9022194,41.8320426],[12.9021928,41.8320337],[12.9021622,41.8320271],[12.9021308,41.8320229],[12.9020955,41.8320209],[12.9020179,41.832022],[12.9019648,41.8320244],[12.9018945,41.8320338],[12.9018339,41.8320483],[12.901766,41.8320683],[12.9012885,41.8322407]]},"properties":{"site":"palestrina","name":"","highway":"service"}},{"type":"Feature","geometry":{"type":"LineString","coordinates":[[12.9009669,41.8316887],[12.9016875,41.8314211],[12.9023844,41.8311641],[12.9022677,41.8309431],[12.9023716,41.8308949],[12.9027188,41.8307339],[12.9026684,41.8306375]]},"properties":{"site":"palestrina","name":"","highway":"service"}},{"type":"Feature","geometry":{"type":"LineString","coordinates":[[12.9023844,41.8311641],[12.9033088,41.8308413],[12.9033512,41.8308296],[12.9033802,41.830828],[12.9034023,41.8308339],[12.9034226,41.8308479],[12.9035589,41.8312088]]},"properties":{"site":"palestrina","name":"","highway":"track"}},{"type":"Feature","geometry":{"type":"LineString","coordinates":[[12.9055303,41.8340276],[12.9055498,41.8343116],[12.9055566,41.8344103],[12.9055856,41.8344618],[12.9056436,41.834505],[12.9056614,41.8345316],[12.9057016,41.8348391],[12.90571,41.8351804],[12.9057172,41.8354757]]},"properties":{"site":"palestrina","name":"","highway":"service"}},{"type":"Feature","geometry":{"type":"LineString","coordinates":[[12.907932,41.8366108],[12.9076063,41.8365776],[12.9074859,41.8365776],[12.9069728,41.8366673],[12.9067676,41.8366706],[12.9063749,41.8366407],[12.9060046,41.8366141],[12.9057872,41.8365856]]},"properties":{"site":"palestrina","name":"","highway":"service"}},{"type":"Feature","geometry":{"type":"LineString","coordinates":[[12.9039505,41.8336561],[12.9035155,41.8336811],[12.9032102,41.8336946]]},"properties":{"site":"palestrina","name":"","highway":"service"}},{"type":"Feature","geometry":{"type":"LineString","coordinates":[[12.9032622,41.834255],[12.9033146,41.8342292],[12.9033273,41.8341986],[12.9032102,41.8336946],[12.9031837,41.8335805],[12.9030738,41.8332755]]},"properties":{"site":"palestrina","name":"","highway":"service"}},{"type":"Feature","geometry":{"type":"LineString","coordinates":[[12.9009761,41.8303757],[12.9007136,41.8303919],[12.9005475,41.8304021]]},"properties":{"site":"palestrina","name":"","highway":"service"}},{"type":"Feature","geometry":{"type":"LineString","coordinates":[[12.8997246,41.8301156],[12.8997128,41.8300821],[12.8997037,41.8300496],[12.8996957,41.8300114],[12.8996706,41.8298347],[12.8996603,41.8298176],[12.8996407,41.8298045],[12.8995936,41.829791],[12.8995553,41.8297866],[12.8995197,41.8297841],[12.8994801,41.8297838],[12.8987275,41.8298174]]},"properties":{"site":"palestrina","name":"","highway":"service"}},{"type":"Feature","geometry":{"type":"LineString","coordinates":[[12.8989914,41.8302918],[12.8995933,41.830117],[12.8996174,41.8301118],[12.8996372,41.8301103],[12.8996642,41.8301097],[12.8997246,41.8301156]]},"properties":{"site":"palestrina","name":"Via dei Platani","highway":"service"}},{"type":"Feature","geometry":{"type":"LineString","coordinates":[[12.8886965,41.8350633],[12.8893436,41.8350821]]},"properties":{"site":"palestrina","name":"Piazzale Italia","highway":"service"}},{"type":"Feature","geometry":{"type":"LineString","coordinates":[[12.8893339,41.8348048],[12.8889762,41.8347981]]},"properties":{"site":"palestrina","name":"Piazzale Italia","highway":"service"}},{"type":"Feature","geometry":{"type":"LineString","coordinates":[[12.8886285,41.8341612],[12.8886389,41.8342927],[12.8886525,41.8344659],[12.8886732,41.8346596],[12.8886872,41.8347912],[12.8887034,41.8349429],[12.8886965,41.8350633]]},"properties":{"site":"palestrina","name":"Piazzale Italia","highway":"service"}},{"type":"Feature","geometry":{"type":"LineString","coordinates":[[12.8886732,41.8346596],[12.8890584,41.8346685],[12.8892682,41.8346825]]},"properties":{"site":"palestrina","name":"Piazzale Italia","highway":"service"}},{"type":"Feature","geometry":{"type":"LineString","coordinates":[[12.8887034,41.8349429],[12.8894091,41.8349446]]},"properties":{"site":"palestrina","name":"Piazzale Italia","highway":"service"}},{"type":"Feature","geometry":{"type":"LineString","coordinates":[[12.8885773,41.8353083],[12.8885811,41.8352667],[12.8885963,41.8351001],[12.8886001,41.8350584]]},"properties":{"site":"palestrina","name":"Piazzale Italia","highway":"service"}},{"type":"Feature","geometry":{"type":"LineString","coordinates":[[12.8886872,41.8347912],[12.8885136,41.8348162],[12.8884467,41.8347589],[12.8884327,41.8347023],[12.8883858,41.8345067],[12.8886525,41.8344659]]},"properties":{"site":"palestrina","name":"Piazzale Italia","highway":"service"}},{"type":"Feature","geometry":{"type":"LineString","coordinates":[[12.8925118,41.8352905],[12.8921106,41.8353971],[12.8918587,41.8354782],[12.8917626,41.8354922],[12.8915386,41.8355299],[12.8913955,41.8355668],[12.8912551,41.8355979],[12.8913188,41.8357048],[12.8913347,41.8357251],[12.8913532,41.8357414],[12.891391,41.8357625],[12.891419,41.8357834]]},"properties":{"site":"palestrina","name":"Via Lucio Stazio","highway":"service"}},{"type":"Feature","geometry":{"type":"LineString","coordinates":[[12.8897671,41.8348345],[12.8899816,41.8349629],[12.8901449,41.8351894],[12.8901735,41.8352185],[12.8903252,41.8353724],[12.8904745,41.8354859],[12.8905927,41.8355508],[12.8907171,41.8356319],[12.8907606,41.8356713],[12.8908242,41.8357208]]},"properties":{"site":"palestrina","name":"","highway":"track"}},{"type":"Feature","geometry":{"type":"LineString","coordinates":[[12.8942261,41.835561],[12.8941452,41.8355295],[12.8940685,41.8355076],[12.8940269,41.8354995],[12.8939886,41.8354937],[12.8939464,41.83549],[12.8939074,41.8354887],[12.8938687,41.83549],[12.8936781,41.8355192],[12.8936329,41.8355233],[12.8935932,41.8355248],[12.8935466,41.8355239],[12.8935001,41.8355196],[12.893457,41.8355123],[12.8934139,41.8355016],[12.8933714,41.8354887],[12.8933383,41.8354796],[12.8933035,41.8354726],[12.8932668,41.8354669],[12.8932283,41.8354632],[12.8931803,41.8354611],[12.8931288,41.8354632],[12.8930573,41.8354678],[12.8927183,41.8355257]]},"properties":{"site":"palestrina","name":"Via delle Cisterne","highway":"service"}},{"type":"Feature","geometry":{"type":"LineString","coordinates":[[12.8943843,41.834324],[12.8942329,41.8343661],[12.8941861,41.8343772],[12.8941411,41.8343834],[12.8941036,41.8343864],[12.8940582,41.834388],[12.8939001,41.834388],[12.8938223,41.8343857],[12.8937835,41.8343816],[12.8937426,41.8343726],[12.8937072,41.8343602],[12.8936839,41.8343429],[12.893666,41.8343231],[12.8936541,41.8342997],[12.8936295,41.8342027],[12.8936285,41.8341857],[12.8936339,41.8341728],[12.893644,41.834161],[12.8936661,41.8341524],[12.8940797,41.8341025]]},"properties":{"site":"palestrina","name":"","highway":"service"}},{"type":"Feature","geometry":{"type":"LineString","coordinates":[[12.8943272,41.8339458],[12.8942608,41.8339246],[12.894227,41.8339177],[12.8941899,41.8339133],[12.8941484,41.8339143],[12.8941036,41.8339177],[12.8936726,41.8339684],[12.8936361,41.8339744],[12.8935997,41.8339835],[12.8935695,41.8339945],[12.8935392,41.8340087],[12.8935206,41.8340196],[12.893418,41.8341077],[12.8933745,41.8341378],[12.8933255,41.8341671],[12.893275,41.8341887],[12.893247,41.8341992],[12.8932072,41.8342112],[12.8931789,41.8342187],[12.8930941,41.8342379],[12.8930599,41.8342484],[12.8930262,41.8342629],[12.8930076,41.834278],[12.8929953,41.834297],[12.8929889,41.8343151],[12.8929889,41.8343371],[12.8929865,41.8343776],[12.8929793,41.8343936],[12.8929624,41.8344077],[12.8929316,41.8344219],[12.8928974,41.8344313],[12.8924879,41.8344924],[12.8924607,41.8344921],[12.8924405,41.8344886],[12.8924218,41.8344782],[12.8924082,41.8344642],[12.8923763,41.8344032]]},"properties":{"site":"palestrina","name":"Via Caio Mario","highway":"service"}},{"type":"Feature","geometry":{"type":"LineString","coordinates":[[12.8900011,41.836861],[12.8899992,41.8368908],[12.8899922,41.8370014],[12.8900035,41.8371137],[12.8900082,41.8371788],[12.8900048,41.8374822],[12.8900069,41.837499],[12.8900144,41.8375119],[12.8900282,41.8375223],[12.8900519,41.8375289],[12.8900788,41.8375292],[12.8901511,41.8375189],[12.8901681,41.8375202],[12.8901837,41.8375265],[12.8901907,41.8375353],[12.8901989,41.8375504],[12.8902135,41.8375728],[12.890287,41.8376861],[12.8903201,41.8379034],[12.8903248,41.837943]]},"properties":{"site":"palestrina","name":"Via Marco Anicio","highway":"service"}},{"type":"Feature","geometry":{"type":"LineString","coordinates":[[12.8951178,41.835549],[12.8949889,41.8354876],[12.8949599,41.8354747],[12.8949293,41.8354635],[12.8949021,41.8354549],[12.8948734,41.835448],[12.8948503,41.8354432],[12.894817,41.8354365],[12.894772,41.8354299],[12.8947302,41.835426],[12.8946903,41.8354241],[12.8946598,41.8354235],[12.894626,41.8354253],[12.8945606,41.8354328],[12.8944898,41.8354475]]},"properties":{"site":"palestrina","name":"Via della Martuccia","highway":"service"}},{"type":"Feature","geometry":{"type":"LineString","coordinates":[[12.890037,41.8301776],[12.8899901,41.8293729],[12.8899859,41.8293255]]},"properties":{"site":"palestrina","name":"","highway":"track"}},{"type":"Feature","geometry":{"type":"LineString","coordinates":[[12.8928613,41.8351504],[12.8930573,41.8354678]]},"properties":{"site":"palestrina","name":"","highway":"service"}},{"type":"Feature","geometry":{"type":"LineString","coordinates":[[12.8901735,41.8352185],[12.8903662,41.835141],[12.8905802,41.835055]]},"properties":{"site":"palestrina","name":"","highway":"track"}},{"type":"Feature","geometry":{"type":"LineString","coordinates":[[12.8930324,41.8348237],[12.8933527,41.8353867],[12.8933776,41.8354226],[12.8934079,41.8354545],[12.8934407,41.8354824],[12.8935001,41.8355196]]},"properties":{"site":"palestrina","name":"","highway":"service"}},{"type":"Feature","geometry":{"type":"LineString","coordinates":[[12.8878267,41.8332172],[12.8878982,41.8332342],[12.8882479,41.8333176],[12.8885711,41.8333946]]},"properties":{"site":"palestrina","name":"","highway":"service"}},{"type":"Feature","geometry":{"type":"LineString","coordinates":[[12.8908736,41.8342479],[12.8910251,41.8346875],[12.8910787,41.8348525]]},"properties":{"site":"palestrina","name":"Via Lucio Cornelio Silla","highway":"track"}},{"type":"Feature","geometry":{"type":"LineString","coordinates":[[12.8915333,41.8358887],[12.8920136,41.8357783],[12.8920507,41.8357715],[12.8920793,41.8357695],[12.8921013,41.8357725],[12.8921246,41.8357818],[12.8921466,41.8357941]]},"properties":{"site":"palestrina","name":"Via Quinto Vibuleio","highway":"service"}},{"type":"Feature","geometry":{"type":"LineString","coordinates":[[12.8938443,41.8367032],[12.8937313,41.8367454],[12.8936768,41.8367761]]},"properties":{"site":"palestrina","name":"","highway":"service"}},{"type":"Feature","geometry":{"type":"LineString","coordinates":[[12.8933468,41.8347643],[12.8935899,41.8352647],[12.8936169,41.8353258],[12.8936368,41.8353634],[12.8936561,41.835395],[12.8936765,41.8354219],[12.8937104,41.8354493],[12.8937462,41.8354678],[12.8937808,41.8354815],[12.8938253,41.8354882],[12.8938687,41.83549]]},"properties":{"site":"palestrina","name":"Via Caio Magulnio","highway":"service"}},{"type":"Feature","geometry":{"type":"LineString","coordinates":[[12.891419,41.8357834],[12.891436,41.8358013],[12.8914544,41.8358221],[12.891476,41.8358461],[12.891502,41.8358669],[12.8915333,41.8358887],[12.891579,41.8359511],[12.8915964,41.8359835],[12.8916102,41.8360157],[12.8916213,41.836053],[12.8916395,41.8361304],[12.8916512,41.8361889],[12.8916589,41.8362504]]},"properties":{"site":"palestrina","name":"Via Lucio Stazio","highway":"service"}},{"type":"Feature","geometry":{"type":"LineString","coordinates":[[12.8917589,41.8404743],[12.8917316,41.8403987]]},"properties":{"site":"palestrina","name":"","highway":"steps"}},{"type":"Feature","geometry":{"type":"LineString","coordinates":[[12.8909516,41.8399056],[12.8908401,41.8399367]]},"properties":{"site":"palestrina","name":"","highway":"footway"}},{"type":"Feature","geometry":{"type":"LineString","coordinates":[[12.8899371,41.8418045],[12.8899662,41.8416251],[12.8899673,41.841591],[12.8899641,41.8415217],[12.8899635,41.8414735],[12.8899684,41.8414403],[12.8899798,41.8414119],[12.8899924,41.8413852],[12.8900147,41.8413613],[12.8900582,41.8413276],[12.8903461,41.8411615]]},"properties":{"site":"palestrina","name":"","highway":"service"}},{"type":"Feature","geometry":{"type":"LineString","coordinates":[[12.8895589,41.8421744],[12.8894754,41.8421711]]},"properties":{"site":"palestrina","name":"","highway":"steps"}},{"type":"Feature","geometry":{"type":"LineString","coordinates":[[12.8894133,41.8421687],[12.8894754,41.8421711]]},"properties":{"site":"palestrina","name":"","highway":"footway"}},{"type":"Feature","geometry":{"type":"LineString","coordinates":[[12.8925438,41.8404175],[12.8926251,41.8404558]]},"properties":{"site":"palestrina","name":"","highway":"steps"}},{"type":"Feature","geometry":{"type":"LineString","coordinates":[[12.8925279,41.8404228],[12.8925464,41.8405047]]},"properties":{"site":"palestrina","name":"","highway":"steps"}},{"type":"Feature","geometry":{"type":"LineString","coordinates":[[12.8925104,41.8404204],[12.8924511,41.8404785]]},"properties":{"site":"palestrina","name":"","highway":"steps"}},{"type":"Feature","geometry":{"type":"LineString","coordinates":[[12.8924954,41.8403966],[12.892495,41.8404033],[12.8924975,41.8404101],[12.8925026,41.8404158],[12.8925104,41.8404204],[12.8925197,41.8404227],[12.8925279,41.8404228],[12.8925344,41.8404216],[12.8925438,41.8404175],[12.8925502,41.8404116],[12.8925536,41.8404038],[12.8925534,41.840397],[12.8925516,41.8403889]]},"properties":{"site":"palestrina","name":"","highway":"footway"}},{"type":"Feature","geometry":{"type":"LineString","coordinates":[[12.8924975,41.8404101],[12.8923996,41.8404496]]},"properties":{"site":"palestrina","name":"","highway":"steps"}},{"type":"Feature","geometry":{"type":"LineString","coordinates":[[12.8924954,41.8403966],[12.892371,41.8404132]]},"properties":{"site":"palestrina","name":"","highway":"steps"}},{"type":"Feature","geometry":{"type":"LineString","coordinates":[[12.8925536,41.8404038],[12.8926619,41.8404124]]},"properties":{"site":"palestrina","name":"","highway":"steps"}},{"type":"Feature","geometry":{"type":"LineString","coordinates":[[12.8925197,41.8404227],[12.8924926,41.8404879]]},"properties":{"site":"palestrina","name":"","highway":"steps"}},{"type":"Feature","geometry":{"type":"LineString","coordinates":[[12.8925534,41.840397],[12.8926689,41.8403914]]},"properties":{"site":"palestrina","name":"","highway":"steps"}},{"type":"Feature","geometry":{"type":"LineString","coordinates":[[12.8925344,41.8404216],[12.8925854,41.8404771]]},"properties":{"site":"palestrina","name":"","highway":"steps"}},{"type":"Feature","geometry":{"type":"LineString","coordinates":[[12.8925502,41.8404116],[12.8926456,41.840437]]},"properties":{"site":"palestrina","name":"","highway":"steps"}},{"type":"Feature","geometry":{"type":"LineString","coordinates":[[12.8925026,41.8404158],[12.8924245,41.8404667]]},"properties":{"site":"palestrina","name":"","highway":"steps"}},{"type":"Feature","geometry":{"type":"LineString","coordinates":[[12.892495,41.8404033],[12.8923833,41.8404327]]},"properties":{"site":"palestrina","name":"","highway":"steps"}},{"type":"Feature","geometry":{"type":"LineString","coordinates":[[12.8888155,41.8342618],[12.8888247,41.8342831],[12.8888289,41.834306],[12.8888294,41.8343329],[12.8888192,41.8344526],[12.8888203,41.8344807],[12.8888275,41.8345025],[12.8888376,41.8345181],[12.8888519,41.8345305],[12.8888795,41.83454],[12.8889112,41.8345465],[12.8890765,41.8345637],[12.8891073,41.8345688],[12.8891352,41.8345751],[12.8891611,41.834583],[12.8891836,41.8345929],[12.889204,41.8346044],[12.889221,41.8346158],[12.8892441,41.8346376],[12.8892682,41.8346825],[12.8893339,41.8348048],[12.8894091,41.8349446],[12.8894328,41.8349888],[12.8894361,41.8350038],[12.8894353,41.8350215],[12.8894295,41.8350352],[12.8894185,41.8350445],[12.8894022,41.8350554],[12.8893829,41.835065],[12.8893436,41.8350821],[12.8891011,41.8351882],[12.8890627,41.8352022],[12.8890189,41.835212],[12.888978,41.8352169],[12.8889317,41.8352176],[12.8886833,41.8352079]]},"properties":{"site":"palestrina","name":"Piazzale Italia","highway":"service"}},{"type":"Feature","geometry":{"type":"LineString","coordinates":[[12.8943656,41.8385488],[12.8943669,41.8385341]]},"properties":{"site":"palestrina","name":"","highway":"steps"}},{"type":"Feature","geometry":{"type":"LineString","coordinates":[[12.8944524,41.8385532],[12.8944537,41.8385385]]},"properties":{"site":"palestrina","name":"","highway":"steps"}},{"type":"Feature","geometry":{"type":"LineString","coordinates":[[12.8943901,41.8385498],[12.8943914,41.8385351]]},"properties":{"site":"palestrina","name":"","highway":"steps"}},{"type":"Feature","geometry":{"type":"LineString","coordinates":[[12.8943097,41.8385444],[12.894311,41.8385297]]},"properties":{"site":"palestrina","name":"","highway":"steps"}},{"type":"Feature","geometry":{"type":"LineString","coordinates":[[12.894403,41.8385506],[12.8944043,41.8385359]]},"properties":{"site":"palestrina","name":"","highway":"steps"}},{"type":"Feature","geometry":{"type":"LineString","coordinates":[[12.8943226,41.8385452],[12.8943239,41.8385305]]},"properties":{"site":"palestrina","name":"","highway":"steps"}},{"type":"Feature","geometry":{"type":"LineString","coordinates":[[12.8944772,41.8385546],[12.8944786,41.8385399]]},"properties":{"site":"palestrina","name":"","highway":"steps"}},{"type":"Feature","geometry":{"type":"LineString","coordinates":[[12.8943529,41.838548],[12.8943542,41.8385333]]},"properties":{"site":"palestrina","name":"","highway":"steps"}},{"type":"Feature","geometry":{"type":"LineString","coordinates":[[12.8944149,41.8385512],[12.8944163,41.8385365]]},"properties":{"site":"palestrina","name":"","highway":"steps"}},{"type":"Feature","geometry":{"type":"LineString","coordinates":[[12.8945137,41.8385577],[12.894515,41.838543]]},"properties":{"site":"palestrina","name":"","highway":"steps"}},{"type":"Feature","geometry":{"type":"LineString","coordinates":[[12.8944643,41.8385538],[12.8944656,41.8385391]]},"properties":{"site":"palestrina","name":"","highway":"steps"}},{"type":"Feature","geometry":{"type":"LineString","coordinates":[[12.8943342,41.8385457],[12.8943355,41.838531]]},"properties":{"site":"palestrina","name":"","highway":"steps"}},{"type":"Feature","geometry":{"type":"LineString","coordinates":[[12.894343,41.8385469],[12.8943444,41.8385322]]},"properties":{"site":"palestrina","name":"","highway":"steps"}},{"type":"Feature","geometry":{"type":"LineString","coordinates":[[12.8945017,41.8385571],[12.894503,41.8385424]]},"properties":{"site":"palestrina","name":"","highway":"steps"}},{"type":"Feature","geometry":{"type":"LineString","coordinates":[[12.8944279,41.838552],[12.8944292,41.8385373]]},"properties":{"site":"palestrina","name":"","highway":"steps"}},{"type":"Feature","geometry":{"type":"LineString","coordinates":[[12.8945266,41.8385579],[12.8945279,41.8385438]]},"properties":{"site":"palestrina","name":"","highway":"steps"}},{"type":"Feature","geometry":{"type":"LineString","coordinates":[[12.8944888,41.8385563],[12.8944901,41.8385416]]},"properties":{"site":"palestrina","name":"","highway":"steps"}},{"type":"Feature","geometry":{"type":"LineString","coordinates":[[12.8944395,41.8385524],[12.8944408,41.8385377]]},"properties":{"site":"palestrina","name":"","highway":"steps"}},{"type":"Feature","geometry":{"type":"LineString","coordinates":[[12.8943785,41.8385496],[12.8943798,41.8385349]]},"properties":{"site":"palestrina","name":"","highway":"steps"}},{"type":"Feature","geometry":{"type":"LineString","coordinates":[[12.8945637,41.8385675],[12.8946638,41.838574],[12.8946648,41.8385656]]},"properties":{"site":"palestrina","name":"","highway":"steps"}},{"type":"Feature","geometry":{"type":"LineString","coordinates":[[12.8942555,41.8355247],[12.8942823,41.835528],[12.8943242,41.8355352],[12.894354,41.8355444],[12.8943858,41.835556],[12.8944203,41.8355726],[12.8944804,41.8356115],[12.8945039,41.8356286],[12.8945248,41.8356457],[12.8945398,41.8356615],[12.8945521,41.8356774],[12.8945635,41.8356949],[12.894588,41.8357463],[12.8947482,41.8361408],[12.8947861,41.8362174],[12.8948257,41.8362851],[12.8949371,41.8364529]]},"properties":{"site":"palestrina","name":"Via della Martuccia","highway":"service"}},{"type":"Feature","geometry":{"type":"LineString","coordinates":[[12.8951148,41.8385993],[12.8949957,41.8385915],[12.8949962,41.8385872]]},"properties":{"site":"palestrina","name":"","highway":"steps"}},{"type":"Feature","geometry":{"type":"LineString","coordinates":[[12.894588,41.8357463],[12.8946754,41.8357541],[12.8949885,41.8357738]]},"properties":{"site":"palestrina","name":"","highway":"service"}},{"type":"Feature","geometry":{"type":"LineString","coordinates":[[12.8994812,41.830667],[12.8993409,41.8307039],[12.8993158,41.8307082],[12.8992885,41.8307079],[12.8992656,41.8307026],[12.8992477,41.8306905],[12.8992325,41.8306733],[12.8992221,41.8306575],[12.8992171,41.8306433],[12.899214,41.8306218],[12.8992188,41.8306044],[12.8992285,41.8305881],[12.8992484,41.8305742],[12.8992691,41.8305674],[12.8997505,41.8304407],[12.899816,41.8305789],[12.8994812,41.830667]]},"properties":{"site":"palestrina","name":"","highway":"service"}},{"type":"Feature","geometry":{"type":"LineString","coordinates":[[12.8988611,41.8319237],[12.8988709,41.832155]]},"properties":{"site":"palestrina","name":"","highway":"service"}},{"type":"Feature","geometry":{"type":"LineString","coordinates":[[12.8990439,41.8316367],[12.8988224,41.8318135]]},"properties":{"site":"palestrina","name":"","highway":"service"}},{"type":"Feature","geometry":{"type":"LineString","coordinates":[[12.8989154,41.8319594],[12.899198,41.8317483]]},"properties":{"site":"palestrina","name":"","highway":"service"}},{"type":"Feature","geometry":{"type":"LineString","coordinates":[[12.8993077,41.8316194],[12.8994766,41.8317603]]},"properties":{"site":"palestrina","name":"","highway":"service"}},{"type":"Feature","geometry":{"type":"LineString","coordinates":[[12.8996602,41.8301607],[12.8997494,41.8303496],[12.8997556,41.830372],[12.8997592,41.8303964],[12.8997562,41.8304176],[12.8997505,41.8304407]]},"properties":{"site":"palestrina","name":"","highway":"service"}},{"type":"Feature","geometry":{"type":"LineString","coordinates":[[12.8999662,41.8311483],[12.8999456,41.8311423],[12.8999187,41.8311411],[12.8999032,41.8311453],[12.8998834,41.8311539],[12.8995651,41.831388],[12.899698,41.831492]]},"properties":{"site":"palestrina","name":"","highway":"service"}},{"type":"Feature","geometry":{"type":"LineString","coordinates":[[12.8991605,41.8317212],[12.8993077,41.8316194],[12.899408,41.8315501],[12.8995345,41.8316512]]},"properties":{"site":"palestrina","name":"","highway":"service"}},{"type":"Feature","geometry":{"type":"LineString","coordinates":[[12.8987588,41.8314302],[12.8990439,41.8316367],[12.8991605,41.8317212],[12.899198,41.8317483],[12.8993454,41.8318551]]},"properties":{"site":"palestrina","name":"","highway":"service"}},{"type":"Feature","geometry":{"type":"LineString","coordinates":[[12.899914,41.8305935],[12.8999143,41.8306242],[12.8999133,41.830656],[12.8999079,41.830704]]},"properties":{"site":"palestrina","name":"Via dei Platani","highway":"service"}},{"type":"Feature","geometry":{"type":"LineString","coordinates":[[12.8999079,41.830704],[12.8999008,41.830749],[12.8998976,41.8307889],[12.8999004,41.8308173],[12.8999072,41.8308405],[12.8999214,41.8308647],[12.9000107,41.8309824],[12.9000518,41.8310322],[12.9000776,41.8310621]]},"properties":{"site":"palestrina","name":"Via dei Platani","highway":"service"}},{"type":"Feature","geometry":{"type":"LineString","coordinates":[[12.8950709,41.8392406],[12.8950944,41.8390741],[12.8951092,41.8389693],[12.8951444,41.8389719],[12.8951644,41.8389623],[12.8951831,41.8389474],[12.8952171,41.838916],[12.8952465,41.838902],[12.8952934,41.8388941],[12.8953403,41.8388819],[12.8954887,41.8388345],[12.8955024,41.8387108]]},"properties":{"site":"palestrina","name":"","highway":"steps"}},{"type":"Feature","geometry":{"type":"LineString","coordinates":[[12.8951728,41.8387853],[12.8950803,41.8387798]]},"properties":{"site":"palestrina","name":"","highway":"steps"}},{"type":"Feature","geometry":{"type":"LineString","coordinates":[[12.895855,41.8387944],[12.8957765,41.8388435]]},"properties":{"site":"palestrina","name":"","highway":"steps"}},{"type":"Feature","geometry":{"type":"LineString","coordinates":[[12.8951444,41.8389719],[12.8955971,41.8390357]]},"properties":{"site":"palestrina","name":"","highway":"footway"}},{"type":"Feature","geometry":{"type":"LineString","coordinates":[[12.8950944,41.8390741],[12.8956182,41.8391563]]},"properties":{"site":"palestrina","name":"","highway":"footway"}},{"type":"Feature","geometry":{"type":"LineString","coordinates":[[12.8955971,41.8390357],[12.8956124,41.8390706],[12.8956206,41.8391135],[12.8956182,41.8391563]]},"properties":{"site":"palestrina","name":"","highway":"steps"}},{"type":"Feature","geometry":{"type":"LineString","coordinates":[[12.8957765,41.8388435],[12.8956499,41.8388662],[12.8955941,41.8388452],[12.8954887,41.8388345],[12.8953989,41.8388234],[12.8951728,41.8387853]]},"properties":{"site":"palestrina","name":"","highway":"footway"}},{"type":"Feature","geometry":{"type":"LineString","coordinates":[[12.892577,41.8387209],[12.8925915,41.8387399],[12.8926123,41.8387586],[12.8926375,41.8387768],[12.8926699,41.8387949],[12.892711,41.8388173]]},"properties":{"site":"palestrina","name":"","highway":"steps"}},{"type":"Feature","geometry":{"type":"LineString","coordinates":[[12.8929577,41.8387704],[12.8929218,41.8385935],[12.8928551,41.8383981]]},"properties":{"site":"palestrina","name":"Via San Girolamo","highway":"pedestrian"}},{"type":"Feature","geometry":{"type":"LineString","coordinates":[[12.8904068,41.8401953],[12.890423,41.840237]]},"properties":{"site":"palestrina","name":"","highway":"footway"}},{"type":"Feature","geometry":{"type":"LineString","coordinates":[[12.8945339,41.8391264],[12.8945415,41.8390973],[12.8945517,41.8390111],[12.8945401,41.8390114]]},"properties":{"site":"palestrina","name":"","highway":"steps"}},{"type":"Feature","geometry":{"type":"LineString","coordinates":[[12.8947322,41.8389353],[12.8947279,41.839],[12.8949103,41.839072],[12.894881,41.8390974],[12.894862,41.8391139],[12.8946179,41.839074],[12.8946099,41.8391098],[12.8945977,41.83914]]},"properties":{"site":"palestrina","name":"","highway":"path"}},{"type":"Feature","geometry":{"type":"LineString","coordinates":[[12.888999,41.8309213],[12.8888883,41.8308738],[12.8887256,41.8308081],[12.8885737,41.8307733],[12.8882788,41.8307211],[12.8881036,41.8306667],[12.8880656,41.8306435],[12.8880073,41.8306079],[12.8878613,41.8304491],[12.8878438,41.8303425],[12.8878146,41.8300792],[12.8877933,41.8298974],[12.8877854,41.829829],[12.8877542,41.8296842],[12.887741,41.8296355],[12.8876247,41.8295344],[12.8872744,41.8292938],[12.8869393,41.8290403],[12.8869006,41.829011],[12.8868573,41.8289219],[12.8868393,41.8288848]]},"properties":{"site":"palestrina","name":"Via Michelangelo Buonarroti","highway":"service"}},{"type":"Feature","geometry":{"type":"LineString","coordinates":[[12.8879751,41.8308385],[12.8880351,41.8308476],[12.8884511,41.8309821]]},"properties":{"site":"palestrina","name":"","highway":"service"}},{"type":"Feature","geometry":{"type":"LineString","coordinates":[[12.8888229,41.8305125],[12.8888231,41.8303766],[12.8888269,41.8303553],[12.8888396,41.8303315],[12.8888588,41.8303142],[12.8888868,41.830298],[12.8889212,41.8302881],[12.8889632,41.8302843],[12.8892264,41.8302778]]},"properties":{"site":"palestrina","name":"","highway":"service"}},{"type":"Feature","geometry":{"type":"LineString","coordinates":[[12.8886407,41.8316451],[12.887907,41.8316351],[12.8874757,41.8316385],[12.8874654,41.8318455],[12.8868398,41.8318455]]},"properties":{"site":"palestrina","name":"Via Enrico Mattei","highway":"service"}},{"type":"Feature","geometry":{"type":"LineString","coordinates":[[12.8880656,41.8306435],[12.8879751,41.8308385],[12.8879722,41.8309038],[12.8880131,41.8310061]]},"properties":{"site":"palestrina","name":"","highway":"service"}},{"type":"Feature","geometry":{"type":"LineString","coordinates":[[12.888598,41.8319147],[12.8882093,41.8318584],[12.8879444,41.8318357],[12.8879057,41.8318197],[12.8878912,41.8317941],[12.887907,41.8316351]]},"properties":{"site":"palestrina","name":"Vicolo Santa Maria","highway":"service"}},{"type":"Feature","geometry":{"type":"LineString","coordinates":[[12.8925516,41.8403889],[12.8926705,41.8403697]]},"properties":{"site":"palestrina","name":"","highway":"steps"}},{"type":"Feature","geometry":{"type":"LineString","coordinates":[[12.895698,41.8363114],[12.8949371,41.8364529]]},"properties":{"site":"palestrina","name":"Via della Martuccia","highway":"service"}},{"type":"Feature","geometry":{"type":"LineString","coordinates":[[12.8944921,41.8349221],[12.8953127,41.8348135]]},"properties":{"site":"palestrina","name":"Via Carlo Levi","highway":"service"}},{"type":"Feature","geometry":{"type":"LineString","coordinates":[[12.8944394,41.8346348],[12.8947228,41.8345988]]},"properties":{"site":"palestrina","name":"","highway":"service"}},{"type":"Feature","geometry":{"type":"LineString","coordinates":[[12.8890801,41.8356451],[12.8882628,41.8357566],[12.8882257,41.8357623],[12.888154,41.8357732]]},"properties":{"site":"palestrina","name":"","highway":"service"}},{"type":"Feature","geometry":{"type":"LineString","coordinates":[[12.8894615,41.8354444],[12.8893078,41.8354501],[12.8891404,41.835461],[12.889112,41.8354835],[12.8891031,41.8355378]]},"properties":{"site":"palestrina","name":"","highway":"service"}},{"type":"Feature","geometry":{"type":"LineString","coordinates":[[12.8880864,41.8354966],[12.8881653,41.8354939],[12.8884006,41.8354961],[12.8884406,41.8354925],[12.8884726,41.835483],[12.8884897,41.8354667],[12.8884989,41.8354444],[12.8885007,41.8354167]]},"properties":{"site":"palestrina","name":"","highway":"service"}},{"type":"Feature","geometry":{"type":"LineString","coordinates":[[12.8917582,41.8420714],[12.8917263,41.8421258],[12.8917184,41.8421774],[12.8917238,41.8422333],[12.8917533,41.8422913],[12.8917989,41.8423472],[12.8918175,41.8423576],[12.8918364,41.8423512],[12.891866,41.8423093],[12.8919302,41.8422317],[12.8919972,41.8421678],[12.8920752,41.8421134],[12.8922167,41.8420683]]},"properties":{"site":"palestrina","name":"","highway":"path"}},{"type":"Feature","geometry":{"type":"LineString","coordinates":[[12.8916316,41.8391099],[12.8916113,41.8390287],[12.8913967,41.8390752],[12.8913349,41.8389458]]},"properties":{"site":"palestrina","name":"Vicolo del Duomo","highway":"pedestrian"}},{"type":"Feature","geometry":{"type":"LineString","coordinates":[[12.8885058,41.8372109],[12.8884339,41.8372206],[12.8883109,41.8372363],[12.8882701,41.8370773]]},"properties":{"site":"palestrina","name":"","highway":"service"}},{"type":"Feature","geometry":{"type":"LineString","coordinates":[[12.8922167,41.8420683],[12.8923348,41.8420174],[12.892389,41.8419935],[12.8924265,41.8419736],[12.8925714,41.8419276],[12.8926277,41.8419096],[12.8930576,41.8419111],[12.893199,41.8419116],[12.8933868,41.8419116],[12.8934485,41.8419116],[12.8935772,41.8419316],[12.8936604,41.8419536],[12.8937113,41.8419636],[12.8939929,41.8420435],[12.8940089,41.8420559],[12.8940062,41.8420719],[12.8939929,41.8420855],[12.8939661,41.8420955],[12.8935234,41.8421898],[12.8933518,41.8422397],[12.8933196,41.8422557],[12.8933088,41.8422737],[12.893317,41.8422913],[12.8933519,41.8423033],[12.8946768,41.8425335],[12.8946875,41.8425414],[12.8946821,41.8425574],[12.8946501,41.842571],[12.8945775,41.8426054],[12.8944434,41.8426753],[12.8942852,41.8427612],[12.8942101,41.8427972],[12.8941484,41.8428472],[12.8940868,41.8429127],[12.8939901,41.843037],[12.8939393,41.8431265],[12.8939204,41.8431769],[12.8939098,41.8432244],[12.8939044,41.8432684],[12.8939016,41.8433068],[12.8939609,41.8435109],[12.8939819,41.843579],[12.8940123,41.8436586],[12.8940572,41.8438329],[12.8940639,41.8439186],[12.8940822,41.8440891],[12.8941013,41.8441369],[12.8941197,41.84421],[12.8941339,41.8442375],[12.8941458,41.8442555],[12.8941673,41.8442695],[12.8942103,41.8442872]]},"properties":{"site":"palestrina","name":"","highway":"path"}},{"type":"Feature","geometry":{"type":"LineString","coordinates":[[12.8902367,41.8391374],[12.8901105,41.8387736],[12.8901624,41.8387629],[12.8902786,41.8387393],[12.8903299,41.8388795],[12.890411,41.8391072]]},"properties":{"site":"palestrina","name":"Piazza della Liberazione","highway":"service"}},{"type":"Feature","geometry":{"type":"LineString","coordinates":[[12.8898852,41.8401243],[12.8898879,41.840131]]},"properties":{"site":"palestrina","name":"","highway":"footway"}},{"type":"Feature","geometry":{"type":"LineString","coordinates":[[12.8997246,41.8301156],[12.8998387,41.8303459],[12.8998646,41.8304037],[12.8998852,41.8304636],[12.8999056,41.830526],[12.8999105,41.8305593],[12.899914,41.8305935]]},"properties":{"site":"palestrina","name":"Via dei Platani","highway":"service"}},{"type":"Feature","geometry":{"type":"LineString","coordinates":[[12.9004079,41.8304696],[12.9004439,41.8304676],[12.9005522,41.8304617]]},"properties":{"site":"palestrina","name":"","highway":"service"}},{"type":"Feature","geometry":{"type":"LineString","coordinates":[[12.9001935,41.8311516],[12.9002309,41.8311148],[12.9002511,41.8310911],[12.9002653,41.8310688],[12.9002701,41.8310613],[12.9002851,41.8310315],[12.9003748,41.83081],[12.9003868,41.8307761],[12.9003979,41.8307359],[12.900406,41.8306972],[12.9004121,41.830657],[12.9004152,41.8306184],[12.9004149,41.8305816],[12.9004079,41.8304696],[12.9004031,41.8303918]]},"properties":{"site":"palestrina","name":"","highway":"service"}},{"type":"Feature","geometry":{"type":"LineString","coordinates":[[12.8926702,41.8388233],[12.8927148,41.8389805],[12.8923808,41.8390299],[12.8923261,41.8388401]]},"properties":{"site":"palestrina","name":"Piazza Regina Margherita","highway":"service"}},{"type":"Feature","geometry":{"type":"LineString","coordinates":[[12.8937676,41.8415199],[12.8938186,41.8415199],[12.8938524,41.8415157],[12.8940868,41.841456],[12.8941297,41.84144],[12.8941807,41.841434],[12.8942252,41.8414338],[12.8942547,41.8414478],[12.8942815,41.8414638],[12.8943201,41.8414739],[12.8943459,41.8414717],[12.8944612,41.8414458],[12.8944999,41.841436],[12.8945642,41.841432],[12.8946822,41.841436],[12.894716,41.8414418],[12.8947547,41.841452],[12.8947976,41.841462],[12.8948421,41.8414618],[12.8948995,41.841454],[12.8949371,41.841442],[12.8949961,41.841432],[12.8950497,41.841426],[12.8951007,41.841428],[12.8951559,41.8414378],[12.8952348,41.841458],[12.8953152,41.8414779],[12.8953367,41.8414779],[12.8953582,41.841466],[12.8953796,41.84144],[12.8953769,41.841431],[12.8953743,41.841422],[12.8953528,41.841416],[12.89498,41.8412601],[12.8949371,41.8412422],[12.8943282,41.8410463],[12.8940412,41.8409744],[12.8939688,41.8409664],[12.8938803,41.8409544],[12.8937569,41.8409324],[12.8936603,41.8409024],[12.8935343,41.8408765],[12.8934726,41.8408685],[12.8934055,41.8408645],[12.8933545,41.8408505],[12.8933063,41.8408245],[12.8932526,41.8408085],[12.8931294,41.8407965]]},"properties":{"site":"palestrina","name":"Via 11 Settembre 2001","highway":"footway"}},{"type":"Feature","geometry":{"type":"LineString","coordinates":[[12.8923942,41.8398476],[12.8924477,41.8400572]]},"properties":{"site":"palestrina","name":"","highway":"steps"}},{"type":"Feature","geometry":{"type":"LineString","coordinates":[[12.8926768,41.8403077],[12.89267,41.8402781]]},"properties":{"site":"palestrina","name":"","highway":"footway"}},{"type":"Feature","geometry":{"type":"LineString","coordinates":[[12.8925216,41.8403625],[12.8925259,41.8403814]]},"properties":{"site":"palestrina","name":"","highway":"steps"}},{"type":"Feature","geometry":{"type":"LineString","coordinates":[[12.8925259,41.8403814],[12.8925284,41.8403921]]},"properties":{"site":"palestrina","name":"","highway":"footway"}},{"type":"Feature","geometry":{"type":"LineString","coordinates":[[12.8923376,41.8403583],[12.8923417,41.840374]]},"properties":{"site":"palestrina","name":"","highway":"steps"}},{"type":"Feature","geometry":{"type":"LineString","coordinates":[[12.8926768,41.8403077],[12.8926799,41.8403213]]},"properties":{"site":"palestrina","name":"","highway":"steps"}},{"type":"Feature","geometry":{"type":"LineString","coordinates":[[12.8926671,41.8403322],[12.8925642,41.8403472]]},"properties":{"site":"palestrina","name":"","highway":"steps"}},{"type":"Feature","geometry":{"type":"LineString","coordinates":[[12.8925197,41.8403537],[12.8925216,41.8403625]]},"properties":{"site":"palestrina","name":"","highway":"footway"}},{"type":"Feature","geometry":{"type":"LineString","coordinates":[[12.8925013,41.8402632],[12.8925102,41.8403012]]},"properties":{"site":"palestrina","name":"","highway":"service"}},{"type":"Feature","geometry":{"type":"LineString","coordinates":[[12.8923526,41.8403781],[12.8924808,41.8403594]]},"properties":{"site":"palestrina","name":"","highway":"steps"}},{"type":"Feature","geometry":{"type":"LineString","coordinates":[[12.8924808,41.8403594],[12.8925197,41.8403537],[12.8925642,41.8403472]]},"properties":{"site":"palestrina","name":"","highway":"footway"}},{"type":"Feature","geometry":{"type":"LineString","coordinates":[[12.8924954,41.8403966],[12.8925284,41.8403921],[12.8925516,41.8403889]]},"properties":{"site":"palestrina","name":"","highway":"footway"}},{"type":"Feature","geometry":{"type":"LineString","coordinates":[[12.8930995,41.829974],[12.8933213,41.8302704]]},"properties":{"site":"palestrina","name":"","highway":"track"}},{"type":"Feature","geometry":{"type":"LineString","coordinates":[[12.8930403,41.8402391],[12.8929997,41.8400937]]},"properties":{"site":"palestrina","name":"Vicolo delle Carceri","highway":"path"}},{"type":"Feature","geometry":{"type":"LineString","coordinates":[[12.8944345,41.8398794],[12.8941914,41.8398169],[12.8937213,41.8397976],[12.8936543,41.8397949]]},"properties":{"site":"palestrina","name":"Via della Portella","highway":"service"}},{"type":"Feature","geometry":{"type":"LineString","coordinates":[[12.8933635,41.8402019],[12.8933459,41.8401952],[12.8931927,41.8401998],[12.8931534,41.8400643],[12.8931171,41.8398635],[12.8933705,41.8398484],[12.8934063,41.8398477]]},"properties":{"site":"palestrina","name":"Via delle Grotte","highway":"steps"}},{"type":"Feature","geometry":{"type":"LineString","coordinates":[[12.8948028,41.8373611],[12.8948071,41.8373621],[12.8948134,41.8373635]]},"properties":{"site":"palestrina","name":"","highway":"footway"}},{"type":"Feature","geometry":{"type":"LineString","coordinates":[[12.8947049,41.8376229],[12.8943837,41.8376809]]},"properties":{"site":"palestrina","name":"","highway":"steps"}},{"type":"Feature","geometry":{"type":"LineString","coordinates":[[12.8943435,41.8376768],[12.8943802,41.8376702]]},"properties":{"site":"palestrina","name":"Scala mobile","highway":"footway"}},{"type":"Feature","geometry":{"type":"LineString","coordinates":[[12.8943837,41.8376809],[12.8943428,41.8376882]]},"properties":{"site":"palestrina","name":"Scala mobile","highway":"footway"}},{"type":"Feature","geometry":{"type":"LineString","coordinates":[[12.8951393,41.8386264],[12.8951423,41.8386011],[12.8951148,41.8385993]]},"properties":{"site":"palestrina","name":"","highway":"footway"}},{"type":"Feature","geometry":{"type":"LineString","coordinates":[[12.894269,41.8381468],[12.894261,41.8382713],[12.8943463,41.8383108]]},"properties":{"site":"palestrina","name":"","highway":"service"}},{"type":"Feature","geometry":{"type":"LineString","coordinates":[[12.8953239,41.838584],[12.895271,41.8385796],[12.8952812,41.8385071],[12.8954218,41.8384078]]},"properties":{"site":"palestrina","name":"","highway":"footway"}},{"type":"Feature","geometry":{"type":"LineString","coordinates":[[12.8954005,41.8385993],[12.8954015,41.8385892],[12.895381,41.8385887]]},"properties":{"site":"palestrina","name":"","highway":"footway"}},{"type":"Feature","geometry":{"type":"LineString","coordinates":[[12.894881,41.8390974],[12.8946374,41.8390572],[12.8946103,41.839029],[12.8945517,41.8390111]]},"properties":{"site":"palestrina","name":"","highway":"path"}},{"type":"Feature","geometry":{"type":"LineString","coordinates":[[12.8883155,41.8393379],[12.888253,41.8392209]]},"properties":{"site":"palestrina","name":"","highway":"footway"}},{"type":"Feature","geometry":{"type":"LineString","coordinates":[[12.8866549,41.8363382],[12.8867994,41.8362843],[12.8870635,41.8361872],[12.8871535,41.8361536],[12.8872078,41.8361353],[12.8872642,41.8361183],[12.8873085,41.8361065],[12.8875382,41.8360453],[12.8876149,41.8360253],[12.8877233,41.8359995],[12.8881232,41.8359057],[12.8881832,41.8358921]]},"properties":{"site":"palestrina","name":"","highway":"service"}},{"type":"Feature","geometry":{"type":"LineString","coordinates":[[12.8882701,41.8370773],[12.8882448,41.8369842]]},"properties":{"site":"palestrina","name":"","highway":"service"}},{"type":"Feature","geometry":{"type":"LineString","coordinates":[[12.8882448,41.8369842],[12.8882245,41.8369095]]},"properties":{"site":"palestrina","name":"","highway":"service"}},{"type":"Feature","geometry":{"type":"LineString","coordinates":[[12.8882245,41.8369095],[12.8883491,41.8368916],[12.8884273,41.8368852]]},"properties":{"site":"palestrina","name":"","highway":"service"}},{"type":"Feature","geometry":{"type":"LineString","coordinates":[[12.8882456,41.8361458],[12.8881056,41.8361617],[12.8878661,41.8361889]]},"properties":{"site":"palestrina","name":"","highway":"service"}},{"type":"Feature","geometry":{"type":"LineString","coordinates":[[12.9057418,41.8339943],[12.9057134,41.8340033],[12.9055714,41.8340221],[12.9055303,41.8340276],[12.9054484,41.8340385],[12.904246,41.834102],[12.9041581,41.8341067],[12.9038142,41.8341466],[12.9032622,41.834255],[12.9029404,41.8343182],[12.9029088,41.8343441],[12.9025744,41.8350986],[12.902363,41.8354535]]},"properties":{"site":"palestrina","name":"Via Agliano","highway":"service"}},{"type":"Feature","geometry":{"type":"LineString","coordinates":[[12.902363,41.8354535],[12.902934,41.8354136],[12.9030886,41.8353713],[12.9031738,41.8353219],[12.9033189,41.835289],[12.903947,41.8352472],[12.9043442,41.8352208]]},"properties":{"site":"palestrina","name":"","highway":"service"}},{"type":"Feature","geometry":{"type":"LineString","coordinates":[[12.8928407,41.8387931],[12.8928463,41.8388074],[12.8928779,41.8388871],[12.892912,41.8389101],[12.8929483,41.8389019],[12.8929428,41.8388675],[12.8929791,41.8388609],[12.8929906,41.8388941],[12.8930502,41.8388855],[12.8930791,41.8388814],[12.8930791,41.8388778],[12.8930787,41.8388732],[12.8930513,41.8387653],[12.8930488,41.8387542],[12.8929577,41.8387704],[12.8928407,41.8387931]]},"properties":{"site":"palestrina","name":"Piazza delle Erbe","highway":"pedestrian"}},{"type":"Feature","geometry":{"type":"LineString","coordinates":[[12.8918508,41.838849],[12.8919642,41.8388273],[12.8919723,41.8388511],[12.8920153,41.8388428],[12.8920603,41.8388343],[12.8920535,41.8388143],[12.8921381,41.8388001],[12.8921559,41.8388538],[12.8920782,41.8388698],[12.8920276,41.8388792],[12.8919627,41.8388913],[12.8918714,41.8389088],[12.8918508,41.838849]]},"properties":{"site":"palestrina","name":"","highway":"pedestrian"}},{"type":"Feature","geometry":{"type":"LineString","coordinates":[[12.8931337,41.8387414],[12.8931643,41.8388649],[12.8930791,41.8388778]]},"properties":{"site":"palestrina","name":"","highway":"steps"}},{"type":"Feature","geometry":{"type":"LineString","coordinates":[[12.8920276,41.8388792],[12.8920153,41.8388428],[12.8920006,41.838799]]},"properties":{"site":"palestrina","name":"","highway":"steps"}},{"type":"Feature","geometry":{"type":"LineString","coordinates":[[12.893405,41.8386014],[12.8934224,41.8386968],[12.8934239,41.8387046],[12.8933518,41.8387119],[12.8933103,41.8387162],[12.8933093,41.838711],[12.8932917,41.8386148],[12.8932886,41.8385981],[12.8934022,41.8385866],[12.8934035,41.8385934],[12.893405,41.8386014]]},"properties":{"site":"palestrina","name":"Piazza della Pesa","highway":"pedestrian"}},{"type":"Feature","geometry":{"type":"LineString","coordinates":[[12.8934035,41.8385934],[12.8934967,41.8385817]]},"properties":{"site":"palestrina","name":"Vicolo degli XI Martiri","highway":"steps"}},{"type":"Feature","geometry":{"type":"LineString","coordinates":[[12.8934967,41.8385817],[12.8936199,41.8385738]]},"properties":{"site":"palestrina","name":"Vicolo degli XI Martiri","highway":"footway"}},{"type":"Feature","geometry":{"type":"LineString","coordinates":[[12.8936199,41.8385738],[12.893646,41.8385729]]},"properties":{"site":"palestrina","name":"Vicolo degli XI Martiri","highway":"steps"}},{"type":"Feature","geometry":{"type":"LineString","coordinates":[[12.88961,41.8421741],[12.8897225,41.8422246]]},"properties":{"site":"palestrina","name":"","highway":"footway"}},{"type":"Feature","geometry":{"type":"LineString","coordinates":[[12.8905312,41.8415932],[12.8904696,41.8416516]]},"properties":{"site":"palestrina","name":"","highway":"steps"}},{"type":"Feature","geometry":{"type":"LineString","coordinates":[[12.8905434,41.8415784],[12.890547,41.8415742]]},"properties":{"site":"palestrina","name":"","highway":"footway"}},{"type":"Feature","geometry":{"type":"LineString","coordinates":[[12.8905312,41.8415932],[12.890528,41.8415917],[12.890525,41.8415894],[12.8905225,41.8415868],[12.8905214,41.8415849],[12.8905205,41.8415825],[12.8905201,41.84158],[12.8905202,41.8415781],[12.8905206,41.841576],[12.8905211,41.8415747],[12.8905222,41.8415727],[12.8905244,41.8415704],[12.8905261,41.8415686]]},"properties":{"site":"palestrina","name":"","highway":"steps"}},{"type":"Feature","geometry":{"type":"LineString","coordinates":[[12.8905261,41.8415686],[12.8905434,41.8415784],[12.8905591,41.8415872]]},"properties":{"site":"palestrina","name":"","highway":"footway"}},{"type":"Feature","geometry":{"type":"LineString","coordinates":[[12.8897946,41.8413806],[12.8897309,41.8413169],[12.8898252,41.8412467],[12.8898382,41.8412342],[12.8898386,41.8412227],[12.8898144,41.8411668],[12.889814,41.8411543],[12.8898221,41.8411403],[12.8898412,41.8411088],[12.8898435,41.8410723],[12.8898543,41.8409544],[12.8898623,41.8408765],[12.8898623,41.8406627],[12.8898569,41.8406307],[12.8898359,41.8406212],[12.889793,41.8406292],[12.8896749,41.8406492],[12.8896535,41.8406492],[12.8896343,41.8406327],[12.8896289,41.8406127],[12.8896477,41.8405208],[12.8896638,41.8405028],[12.889734,41.8404734],[12.8897926,41.8404749],[12.8898359,41.8404634],[12.8898627,41.8404314],[12.8899061,41.8403968]]},"properties":{"site":"palestrina","name":"","highway":"steps"}},{"type":"Feature","geometry":{"type":"LineString","coordinates":[[12.8910572,41.8416512],[12.8910052,41.8416392],[12.8909636,41.8416967],[12.890962,41.8417146],[12.8909668,41.8417316],[12.8909791,41.8417472]]},"properties":{"site":"palestrina","name":"Via 1 Giugno 1944","highway":"service"}},{"type":"Feature","geometry":{"type":"LineString","coordinates":[[12.8911721,41.841591],[12.8911173,41.8414326]]},"properties":{"site":"palestrina","name":"","highway":"steps"}},{"type":"Feature","geometry":{"type":"LineString","coordinates":[[12.8912779,41.8411407],[12.8910591,41.8412593],[12.890855,41.8413513],[12.8908037,41.8414059]]},"properties":{"site":"palestrina","name":"","highway":"footway"}},{"type":"Feature","geometry":{"type":"LineString","coordinates":[[12.8945231,41.8385819],[12.894102,41.8385646]]},"properties":{"site":"palestrina","name":"Piazza Santa Maria degli Angeli","highway":"pedestrian"}},{"type":"Feature","geometry":{"type":"LineString","coordinates":[[12.8940176,41.8391167],[12.8940962,41.8391192],[12.8943238,41.8391349],[12.8945146,41.8391223]]},"properties":{"site":"palestrina","name":"","highway":"service"}},{"type":"Feature","geometry":{"type":"LineString","coordinates":[[12.8941427,41.8387241],[12.894102,41.8385646],[12.8941062,41.8385265]]},"properties":{"site":"palestrina","name":"Piazza Santa Maria degli Angeli","highway":"pedestrian"}},{"type":"Feature","geometry":{"type":"LineString","coordinates":[[12.8941115,41.8389229],[12.8941066,41.8389223],[12.8941013,41.8389215],[12.8940918,41.8389608],[12.8940904,41.8389692],[12.8940915,41.8389772],[12.8941113,41.8389808],[12.8943523,41.8390249],[12.8943583,41.838969],[12.8942393,41.8389473],[12.8941115,41.8389229]]},"properties":{"site":"palestrina","name":"","highway":"pedestrian"}},{"type":"Feature","geometry":{"type":"LineString","coordinates":[[12.8937486,41.8388402],[12.8937675,41.8388447],[12.8937667,41.8388578],[12.8938587,41.8388617],[12.8939383,41.8388776],[12.8939163,41.8389512],[12.8937496,41.8389628],[12.893722,41.8389665],[12.8936861,41.8389722],[12.8937036,41.8389393],[12.893731,41.8388742],[12.8937486,41.8388402]]},"properties":{"site":"palestrina","name":"","highway":"pedestrian"}},{"type":"Feature","geometry":{"type":"LineString","coordinates":[[12.8934928,41.8389674],[12.893635,41.8389751]]},"properties":{"site":"palestrina","name":"","highway":"steps"}},{"type":"Feature","geometry":{"type":"LineString","coordinates":[[12.893722,41.8389665],[12.893721,41.8389787],[12.893635,41.8389751]]},"properties":{"site":"palestrina","name":"","highway":"footway"}},{"type":"Feature","geometry":{"type":"LineString","coordinates":[[12.8939553,41.838748],[12.8940502,41.8387549],[12.8940448,41.8387954],[12.89395,41.8387884],[12.8939553,41.838748]]},"properties":{"site":"palestrina","name":"","highway":"footway"}},{"type":"Feature","geometry":{"type":"LineString","coordinates":[[12.8943086,41.8402205],[12.8943095,41.8402358],[12.8943322,41.8402536],[12.8944106,41.840281],[12.894465,41.840289]]},"properties":{"site":"palestrina","name":"","highway":"service"}},{"type":"Feature","geometry":{"type":"LineString","coordinates":[[12.8960457,41.8401951],[12.8960488,41.8401496]]},"properties":{"site":"palestrina","name":"","highway":"steps"}},{"type":"Feature","geometry":{"type":"LineString","coordinates":[[12.8957316,41.8401375],[12.8960488,41.8401496]]},"properties":{"site":"palestrina","name":"","highway":"service"}},{"type":"Feature","geometry":{"type":"LineString","coordinates":[[12.8961277,41.8393264],[12.8961557,41.8393605],[12.8961905,41.8393879],[12.896235,41.8394103],[12.896279,41.8394248],[12.8963012,41.8394298],[12.8963402,41.8394331],[12.8963769,41.8394314],[12.8963688,41.8393658]]},"properties":{"site":"palestrina","name":"","highway":"steps"}},{"type":"Feature","geometry":{"type":"LineString","coordinates":[[12.8961874,41.839229],[12.8962392,41.8392356]]},"properties":{"site":"palestrina","name":"","highway":"service"}},{"type":"Feature","geometry":{"type":"LineString","coordinates":[[12.8965356,41.8390079],[12.8966116,41.8390074],[12.8969611,41.8387661]]},"properties":{"site":"palestrina","name":"","highway":"service"}},{"type":"Feature","geometry":{"type":"LineString","coordinates":[[12.8958425,41.838731],[12.8959822,41.838771],[12.896009,41.8387795],[12.8960288,41.8387888],[12.8960438,41.8388005],[12.8960653,41.8388254],[12.8961011,41.8388746],[12.8961176,41.8387905],[12.8961525,41.8387525],[12.8961805,41.8387349],[12.8961383,41.8387032],[12.8961223,41.8387118],[12.896083,41.8387273],[12.8960607,41.8387336],[12.8960384,41.8387377],[12.8960012,41.838741],[12.8959773,41.838741],[12.8958425,41.838731]]},"properties":{"site":"palestrina","name":"Largo Pompeo Bernardini","highway":"pedestrian"}},{"type":"Feature","geometry":{"type":"LineString","coordinates":[[12.8900603,41.8403068],[12.8903,41.8402454]]},"properties":{"site":"palestrina","name":"","highway":"service"}},{"type":"Feature","geometry":{"type":"LineString","coordinates":[[12.890423,41.840237],[12.8904324,41.8402613]]},"properties":{"site":"palestrina","name":"","highway":"footway"}},{"type":"Feature","geometry":{"type":"LineString","coordinates":[[12.8897433,41.840327],[12.8897526,41.8403513],[12.8898515,41.840337],[12.8900603,41.8403068]]},"properties":{"site":"palestrina","name":"","highway":"track"}},{"type":"Feature","geometry":{"type":"LineString","coordinates":[[12.8907396,41.8399635],[12.8907881,41.83995]]},"properties":{"site":"palestrina","name":"","highway":"footway"}},{"type":"Feature","geometry":{"type":"LineString","coordinates":[[12.8891249,41.8403008],[12.8890235,41.840385],[12.8888432,41.8405346]]},"properties":{"site":"palestrina","name":"Vicolo San Biagio","highway":"pedestrian"}},{"type":"Feature","geometry":{"type":"LineString","coordinates":[[12.8900522,41.8402906],[12.8902927,41.8402317],[12.8903,41.8402454]]},"properties":{"site":"palestrina","name":"","highway":"steps"}},{"type":"Feature","geometry":{"type":"LineString","coordinates":[[12.8897783,41.8401555],[12.8897967,41.8402011],[12.8898131,41.8402418]]},"properties":{"site":"palestrina","name":"","highway":"footway"}},{"type":"Feature","geometry":{"type":"LineString","coordinates":[[12.8926471,41.8384112],[12.8926519,41.8385439],[12.8925929,41.8385649],[12.8925654,41.8385893],[12.8925581,41.8386348],[12.892563,41.8386783],[12.892577,41.8387209]]},"properties":{"site":"palestrina","name":"Vicolo San Girolamo","highway":"pedestrian"}},{"type":"Feature","geometry":{"type":"LineString","coordinates":[[12.8916056,41.8387596],[12.8916732,41.8387421],[12.89176,41.8387173],[12.8918555,41.8386948],[12.8919263,41.8386765],[12.8919576,41.8386767],[12.8920668,41.8386603],[12.8921269,41.8386488],[12.8922302,41.8386298],[12.8922001,41.8385211],[12.8921845,41.8384647]]},"properties":{"site":"palestrina","name":"Via dei Cappellari","highway":"pedestrian"}},{"type":"Feature","geometry":{"type":"LineString","coordinates":[[12.8964713,41.8402119],[12.8964669,41.8403091],[12.8964636,41.8403811]]},"properties":{"site":"palestrina","name":"","highway":"path"}},{"type":"Feature","geometry":{"type":"LineString","coordinates":[[12.8943412,41.8381645],[12.894269,41.8381468]]},"properties":{"site":"palestrina","name":"","highway":"footway"}},{"type":"Feature","geometry":{"type":"LineString","coordinates":[[12.8945548,41.8385669],[12.8945637,41.8385675]]},"properties":{"site":"palestrina","name":"","highway":"footway"}},{"type":"Feature","geometry":{"type":"LineString","coordinates":[[12.8898291,41.8402814],[12.8898515,41.840337]]},"properties":{"site":"palestrina","name":"","highway":"track"}},{"type":"Feature","geometry":{"type":"LineString","coordinates":[[12.8898131,41.8402418],[12.8898291,41.8402814]]},"properties":{"site":"palestrina","name":"","highway":"steps"}},{"type":"Feature","geometry":{"type":"LineString","coordinates":[[12.8898879,41.840131],[12.889849,41.8401397]]},"properties":{"site":"palestrina","name":"","highway":"steps"}},{"type":"Feature","geometry":{"type":"LineString","coordinates":[[12.8908281,41.8398796],[12.8906848,41.8398631],[12.8905199,41.8399047]]},"properties":{"site":"palestrina","name":"","highway":"footway"}},{"type":"Feature","geometry":{"type":"LineString","coordinates":[[12.8907726,41.8398435],[12.8908281,41.8398796],[12.8908973,41.839872],[12.8911025,41.8398451]]},"properties":{"site":"palestrina","name":"","highway":"footway"}},{"type":"Feature","geometry":{"type":"LineString","coordinates":[[12.8908401,41.8399367],[12.8907881,41.83995]]},"properties":{"site":"palestrina","name":"","highway":"steps"}},{"type":"Feature","geometry":{"type":"LineString","coordinates":[[12.894546,41.8387052],[12.8945485,41.838682],[12.8950147,41.8387097],[12.8950122,41.838733],[12.894546,41.8387052]]},"properties":{"site":"palestrina","name":"","highway":"pedestrian"}},{"type":"Feature","geometry":{"type":"LineString","coordinates":[[12.8914096,41.83862],[12.8912092,41.8386666]]},"properties":{"site":"palestrina","name":"Piazza Persiano Rosa","highway":"service"}},{"type":"Feature","geometry":{"type":"LineString","coordinates":[[12.8904322,41.8388515],[12.8903299,41.8388795]]},"properties":{"site":"palestrina","name":"","highway":"footway"}},{"type":"Feature","geometry":{"type":"LineString","coordinates":[[12.8905962,41.8390757],[12.8905878,41.8390539]]},"properties":{"site":"palestrina","name":"","highway":"footway"}},{"type":"Feature","geometry":{"type":"LineString","coordinates":[[12.8905878,41.8390539],[12.8905108,41.8388594],[12.8905021,41.8388373],[12.8904322,41.8388515]]},"properties":{"site":"palestrina","name":"","highway":"footway"}},{"type":"Feature","geometry":{"type":"LineString","coordinates":[[12.8941402,41.8387514],[12.8941352,41.8387869],[12.8941327,41.8388038],[12.8941289,41.8388273]]},"properties":{"site":"palestrina","name":"","highway":"footway"}},{"type":"Feature","geometry":{"type":"LineString","coordinates":[[12.889396,41.841703],[12.8897276,41.8414025],[12.8897681,41.8413982]]},"properties":{"site":"palestrina","name":"Via San Francesco","highway":"service"}},{"type":"Feature","geometry":{"type":"LineString","coordinates":[[12.8897312,41.839232],[12.889599,41.8389185]]},"properties":{"site":"palestrina","name":"Vicolo del Giardino","highway":"service"}},{"type":"Feature","geometry":{"type":"LineString","coordinates":[[12.8897433,41.840327],[12.8897183,41.840262]]},"properties":{"site":"palestrina","name":"","highway":"steps"}},{"type":"Feature","geometry":{"type":"LineString","coordinates":[[12.8897183,41.840262],[12.8896938,41.8402005]]},"properties":{"site":"palestrina","name":"","highway":"footway"}},{"type":"Feature","geometry":{"type":"LineString","coordinates":[[12.8953794,41.8385975],[12.8952414,41.8385878],[12.8952536,41.8385231],[12.8952812,41.8385071]]},"properties":{"site":"palestrina","name":"","highway":"footway"}},{"type":"Feature","geometry":{"type":"LineString","coordinates":[[12.8954976,41.8384256],[12.8955154,41.8384272],[12.8955398,41.8384331]]},"properties":{"site":"palestrina","name":"","highway":"footway"}},{"type":"Feature","geometry":{"type":"LineString","coordinates":[[12.8952338,41.8383384],[12.8954218,41.8384078],[12.8954559,41.8384204],[12.8954737,41.8384235],[12.8954976,41.8384256]]},"properties":{"site":"palestrina","name":"","highway":"footway"}},{"type":"Feature","geometry":{"type":"LineString","coordinates":[[12.8944333,41.8381899],[12.8944113,41.8382118],[12.8943977,41.8382219],[12.8943893,41.8382406],[12.8943893,41.8382547],[12.8943945,41.8382687],[12.8944354,41.8382875],[12.8944668,41.8382976],[12.8948698,41.8383193],[12.8949509,41.8383237],[12.8950971,41.8383313],[12.8952338,41.8383384]]},"properties":{"site":"palestrina","name":"","highway":"footway"}},{"type":"Feature","geometry":{"type":"LineString","coordinates":[[12.8938535,41.8382343],[12.8940612,41.8382302]]},"properties":{"site":"palestrina","name":"","highway":"steps"}},{"type":"Feature","geometry":{"type":"LineString","coordinates":[[12.8939675,41.8381633],[12.8939237,41.8379669],[12.8938969,41.8378156]]},"properties":{"site":"palestrina","name":"Vicolo di Porta del Sole","highway":"service"}},{"type":"Feature","geometry":{"type":"LineString","coordinates":[[12.8955265,41.8378985],[12.8954539,41.8379885],[12.8948756,41.8377298],[12.8949481,41.8376398]]},"properties":{"site":"palestrina","name":"","highway":"service"}},{"type":"Feature","geometry":{"type":"LineString","coordinates":[[12.8949481,41.8376398],[12.8950578,41.8375037]]},"properties":{"site":"palestrina","name":"","highway":"service"}},{"type":"Feature","geometry":{"type":"LineString","coordinates":[[12.894732,41.8376073],[12.8947454,41.8375608],[12.8947474,41.8375538]]},"properties":{"site":"palestrina","name":"","highway":"footway"}},{"type":"Feature","geometry":{"type":"LineString","coordinates":[[12.8882264,41.8378826],[12.8884656,41.8378543],[12.8886461,41.8378329]]},"properties":{"site":"palestrina","name":"","highway":"track"}},{"type":"Feature","geometry":{"type":"LineString","coordinates":[[12.8886444,41.837193],[12.8885943,41.8371995],[12.8885731,41.8372022],[12.8885058,41.8372109]]},"properties":{"site":"palestrina","name":"","highway":"service"}},{"type":"Feature","geometry":{"type":"LineString","coordinates":[[12.8885513,41.8373947],[12.8886222,41.837384],[12.8886391,41.8373814],[12.8886869,41.8373742],[12.8886642,41.8372905],[12.8886184,41.8372974],[12.8885986,41.8373004],[12.8885317,41.8373105]]},"properties":{"site":"palestrina","name":"","highway":"service"}},{"type":"Feature","geometry":{"type":"LineString","coordinates":[[12.8884251,41.8373247],[12.8884826,41.8375828]]},"properties":{"site":"palestrina","name":"","highway":"service"}},{"type":"Feature","geometry":{"type":"LineString","coordinates":[[12.8883151,41.8364288],[12.8883876,41.8364182],[12.8884026,41.836416],[12.8884224,41.8364132]]},"properties":{"site":"palestrina","name":"","highway":"service"}},{"type":"Feature","geometry":{"type":"LineString","coordinates":[[12.8883952,41.8367547],[12.8882841,41.8367725]]},"properties":{"site":"palestrina","name":"","highway":"service"}},{"type":"Feature","geometry":{"type":"LineString","coordinates":[[12.8892261,41.8365242],[12.8892039,41.8364575]]},"properties":{"site":"palestrina","name":"Via della Basilica Romana","highway":"service"}},{"type":"Feature","geometry":{"type":"LineString","coordinates":[[12.8877048,41.8341156],[12.887786,41.8341044],[12.8880757,41.8340644]]},"properties":{"site":"palestrina","name":"","highway":"service"}},{"type":"Feature","geometry":{"type":"LineString","coordinates":[[12.8879062,41.8348333],[12.8879875,41.8348206],[12.8880616,41.8348091],[12.8883992,41.8347565]]},"properties":{"site":"palestrina","name":"","highway":"service"}},{"type":"Feature","geometry":{"type":"LineString","coordinates":[[12.8887198,41.8334735],[12.8886224,41.8337978]]},"properties":{"site":"palestrina","name":"","highway":"service"}},{"type":"Feature","geometry":{"type":"LineString","coordinates":[[12.8883577,41.8337523],[12.8886224,41.8337978],[12.8886771,41.8338073]]},"properties":{"site":"palestrina","name":"","highway":"service"}},{"type":"Feature","geometry":{"type":"LineString","coordinates":[[12.8886636,41.8338543],[12.8886771,41.8338073],[12.8887667,41.8334935],[12.8888981,41.8335184],[12.8890081,41.8336443],[12.8890045,41.8339016]]},"properties":{"site":"palestrina","name":"","highway":"service"}},{"type":"Feature","geometry":{"type":"LineString","coordinates":[[12.8892599,41.8360698],[12.8883617,41.836171],[12.8883251,41.836175],[12.8882547,41.8361827]]},"properties":{"site":"palestrina","name":"","highway":"service"}},{"type":"Feature","geometry":{"type":"LineString","coordinates":[[12.8878124,41.8356725],[12.8881176,41.8356241]]},"properties":{"site":"palestrina","name":"","highway":"service"}},{"type":"Feature","geometry":{"type":"LineString","coordinates":[[12.8871095,41.8357425],[12.8872928,41.835624],[12.8873264,41.8356063],[12.8873661,41.8355886],[12.8874092,41.8355729],[12.8874585,41.8355612],[12.8875237,41.8355491],[12.8875749,41.835542],[12.8880864,41.8354966]]},"properties":{"site":"palestrina","name":"Via Innocenzo Angelini","highway":"service"}},{"type":"Feature","geometry":{"type":"LineString","coordinates":[[12.8908125,41.8336509],[12.8908982,41.8340314]]},"properties":{"site":"palestrina","name":"Via Prenestina Antica","highway":"service"}},{"type":"Feature","geometry":{"type":"LineString","coordinates":[[12.9016875,41.8314211],[12.9016677,41.8313846],[12.9016329,41.8313277],[12.9016202,41.8313173],[12.9016024,41.8313074],[12.9015779,41.8312997],[12.901535,41.8312967],[12.9015109,41.8312993],[12.901485,41.8313039],[12.9014557,41.8313128],[12.9013915,41.8313347]]},"properties":{"site":"palestrina","name":"","highway":"service"}},{"type":"Feature","geometry":{"type":"LineString","coordinates":[[12.9038193,41.8324893],[12.9038252,41.8324698],[12.9038225,41.8324458],[12.9038091,41.8324019],[12.9037729,41.8323019],[12.9037662,41.832274],[12.9037756,41.832248],[12.9038024,41.832203]]},"properties":{"site":"palestrina","name":"","highway":"service"}},{"type":"Feature","geometry":{"type":"LineString","coordinates":[[12.8885494,41.8396385],[12.8885447,41.8397234]]},"properties":{"site":"palestrina","name":"","highway":"steps"}},{"type":"Feature","geometry":{"type":"LineString","coordinates":[[12.8884663,41.8395661],[12.8885533,41.8395688],[12.8886111,41.8395707],[12.8886701,41.8395726]]},"properties":{"site":"palestrina","name":"","highway":"service"}},{"type":"Feature","geometry":{"type":"LineString","coordinates":[[12.8886126,41.8393971],[12.8886238,41.8394652],[12.8886111,41.8395707]]},"properties":{"site":"palestrina","name":"Piazza di Porta San Martino","highway":"pedestrian"}},{"type":"Feature","geometry":{"type":"LineString","coordinates":[[12.8885533,41.8395688],[12.8885494,41.8396385]]},"properties":{"site":"palestrina","name":"","highway":"footway"}},{"type":"Feature","geometry":{"type":"LineString","coordinates":[[12.889003,41.8396164],[12.8888489,41.839649],[12.8885447,41.8397234]]},"properties":{"site":"palestrina","name":"","highway":"service"}},{"type":"Feature","geometry":{"type":"LineString","coordinates":[[12.8888275,41.8394935],[12.8888475,41.839637],[12.8888489,41.839649]]},"properties":{"site":"palestrina","name":"","highway":"footway"}},{"type":"Feature","geometry":{"type":"LineString","coordinates":[[12.891421,41.8398032],[12.8914107,41.8397531]]},"properties":{"site":"palestrina","name":"","highway":"footway"}},{"type":"Feature","geometry":{"type":"LineString","coordinates":[[12.8914107,41.8397531],[12.891323,41.8394597],[12.8915963,41.8394173]]},"properties":{"site":"palestrina","name":"Via delle Scalette","highway":"steps"}},{"type":"Feature","geometry":{"type":"LineString","coordinates":[[12.8901745,41.8395259],[12.8901583,41.8395139],[12.8900873,41.8393847]]},"properties":{"site":"palestrina","name":"","highway":"footway"}},{"type":"Feature","geometry":{"type":"LineString","coordinates":[[12.8913577,41.8381184],[12.8906841,41.838213],[12.8906887,41.8382331]]},"properties":{"site":"palestrina","name":"","highway":"footway"}},{"type":"Feature","geometry":{"type":"LineString","coordinates":[[12.8899913,41.8384546],[12.8899707,41.8383727]]},"properties":{"site":"palestrina","name":"","highway":"footway"}},{"type":"Feature","geometry":{"type":"LineString","coordinates":[[12.8891159,41.8380843],[12.8892616,41.8380693],[12.890308,41.8379793],[12.8914438,41.83793],[12.8918733,41.8379089],[12.8927105,41.8378725],[12.892732,41.8378794]]},"properties":{"site":"palestrina","name":"","highway":"footway"}},{"type":"Feature","geometry":{"type":"LineString","coordinates":[[12.8881244,41.8353216],[12.8881434,41.8353982],[12.8881551,41.8354453],[12.8881653,41.8354939],[12.8881712,41.8355212],[12.8882178,41.8357307],[12.8882257,41.8357623],[12.8882324,41.8357892],[12.8882884,41.8360213],[12.8883219,41.8361603],[12.8883251,41.836175],[12.8883306,41.8361969],[12.8883825,41.8363956]]},"properties":{"site":"palestrina","name":"","highway":"footway"}},{"type":"Feature","geometry":{"type":"LineString","coordinates":[[12.8892479,41.8379929],[12.889256,41.8380351],[12.8892616,41.8380693]]},"properties":{"site":"palestrina","name":"","highway":"footway"}},{"type":"Feature","geometry":{"type":"LineString","coordinates":[[12.8928414,41.8378],[12.8928411,41.8378325],[12.8928407,41.8378744]]},"properties":{"site":"palestrina","name":"","highway":"footway"}},{"type":"Feature","geometry":{"type":"LineString","coordinates":[[12.8918733,41.8379089],[12.8918746,41.8379181],[12.8918949,41.8380175],[12.8919592,41.8380079],[12.8919702,41.8380197],[12.8927351,41.8379126],[12.892732,41.8378794],[12.8927105,41.8378725],[12.8918733,41.8379089]]},"properties":{"site":"palestrina","name":"Arcioni","highway":"pedestrian"}},{"type":"Feature","geometry":{"type":"LineString","coordinates":[[12.8929677,41.837905],[12.8930919,41.8378882],[12.8930914,41.8378502]]},"properties":{"site":"palestrina","name":"","highway":"footway"}},{"type":"Feature","geometry":{"type":"LineString","coordinates":[[12.8961715,41.8387218],[12.896194,41.8386984],[12.8962123,41.8386689],[12.8962195,41.8386333],[12.8962211,41.8385974],[12.8962154,41.8385697],[12.8962083,41.8385485],[12.896194,41.8385273],[12.8961753,41.8385102],[12.8961585,41.8384987],[12.8961412,41.8384887],[12.8944499,41.8377386],[12.8943404,41.8377213],[12.8943428,41.8376882],[12.8943435,41.8376768],[12.8943444,41.8376664],[12.8943781,41.8376635],[12.8943802,41.8376702],[12.8943837,41.8376809],[12.8943858,41.8376874],[12.8944596,41.8377051],[12.8945356,41.8377303],[12.894674,41.8377925],[12.896172,41.8384652],[12.8961935,41.8384811],[12.8962146,41.8384988],[12.8962286,41.8385151],[12.8962389,41.8385298],[12.8962476,41.8385447],[12.8962536,41.8385623],[12.8962601,41.8385924],[12.8962628,41.8386184],[12.8962621,41.8386438],[12.8962581,41.8386693],[12.8962499,41.8386817],[12.8962378,41.8386932],[12.896217,41.8387067],[12.8961878,41.8387192],[12.8961715,41.8387218]]},"properties":{"site":"palestrina","name":"","highway":"pedestrian"}},{"type":"Feature","geometry":{"type":"LineString","coordinates":[[12.8941951,41.8377172],[12.8943404,41.8377213],[12.8943428,41.8376882],[12.8943435,41.8376768],[12.8943444,41.8376664],[12.8943456,41.8376502],[12.8944172,41.8375307],[12.8942363,41.8375001],[12.8941959,41.8375932],[12.8941951,41.8377172]]},"properties":{"site":"palestrina","name":"Piazzale Caduti senza Croce","highway":"pedestrian"}},{"type":"Feature","geometry":{"type":"LineString","coordinates":[[12.8941444,41.8377142],[12.8941434,41.8377503],[12.8941425,41.8377802]]},"properties":{"site":"palestrina","name":"","highway":"footway"}},{"type":"Feature","geometry":{"type":"LineString","coordinates":[[12.8884745,41.8368063],[12.888526,41.8369966],[12.8885391,41.8370545],[12.8885493,41.8370995],[12.8885691,41.8371873],[12.8885731,41.8372022],[12.8885808,41.8372309],[12.8885937,41.8372854],[12.8885986,41.8373004],[12.888608,41.8373287],[12.8886191,41.8373698],[12.8886222,41.837384],[12.8886295,41.8374166],[12.8886738,41.8376094],[12.8887224,41.8378208],[12.8887292,41.8378468],[12.888734,41.8378678],[12.8887483,41.837898],[12.8887701,41.8379247],[12.8887928,41.8379429],[12.8888235,41.8379629],[12.8888666,41.837983],[12.888909,41.8379971],[12.8889507,41.8380027],[12.8890413,41.8380074],[12.8890868,41.838008],[12.8892479,41.8379929],[12.8892818,41.837989]]},"properties":{"site":"palestrina","name":"","highway":"footway"}},{"type":"Feature","geometry":{"type":"LineString","coordinates":[[12.8884239,41.8365956],[12.8884314,41.836627],[12.8884383,41.8366539]]},"properties":{"site":"palestrina","name":"","highway":"footway"}},{"type":"Feature","geometry":{"type":"LineString","coordinates":[[12.888392,41.836438],[12.8884239,41.8365956]]},"properties":{"site":"palestrina","name":"","highway":"footway"}},{"type":"Feature","geometry":{"type":"LineString","coordinates":[[12.8883825,41.8363956],[12.8883876,41.8364182],[12.888392,41.836438]]},"properties":{"site":"palestrina","name":"","highway":"footway"}},{"type":"Feature","geometry":{"type":"LineString","coordinates":[[12.8916755,41.8325482],[12.8919188,41.8324755],[12.891959,41.8324597],[12.8919904,41.8324378],[12.8920117,41.8324112],[12.8920219,41.8323733],[12.8920245,41.8323344],[12.8920117,41.8322911],[12.8919914,41.8322405],[12.8919698,41.8321919],[12.8919436,41.8321405],[12.8918345,41.8319439],[12.8917748,41.8318677]]},"properties":{"site":"palestrina","name":"Via della Ginestra","highway":"service"}},{"type":"Feature","geometry":{"type":"LineString","coordinates":[[12.8906887,41.8382331],[12.890609,41.8382443],[12.8894935,41.8384014]]},"properties":{"site":"palestrina","name":"","highway":"footway"}},{"type":"Feature","geometry":{"type":"LineString","coordinates":[[12.8890264,41.8399198],[12.8889296,41.8399804],[12.8888266,41.8401144],[12.8887506,41.8402319],[12.8887109,41.8402982],[12.8887224,41.840319],[12.888716,41.8403688]]},"properties":{"site":"palestrina","name":"Vicolo San Biagio","highway":"pedestrian"}},{"type":"Feature","geometry":{"type":"LineString","coordinates":[[12.8909941,41.8390337],[12.8910148,41.8390948],[12.8910378,41.8391628],[12.8910569,41.839232],[12.8911036,41.8392305],[12.8911188,41.8392296],[12.8911167,41.8393156],[12.8910604,41.8393173]]},"properties":{"site":"palestrina","name":"Vicolo del Forno","highway":"pedestrian"}},{"type":"Feature","geometry":{"type":"LineString","coordinates":[[12.8919576,41.8386767],[12.8920006,41.838799]]},"properties":{"site":"palestrina","name":"","highway":"steps"}},{"type":"Feature","geometry":{"type":"LineString","coordinates":[[12.8909862,41.8390071],[12.8909941,41.8390337]]},"properties":{"site":"palestrina","name":"Vicolo del Forno","highway":"pedestrian"}},{"type":"Feature","geometry":{"type":"LineString","coordinates":[[12.8890535,41.832448],[12.8895404,41.8330879]]},"properties":{"site":"palestrina","name":"Via dei Gigli","highway":"service"}},{"type":"Feature","geometry":{"type":"LineString","coordinates":[[12.8916994,41.8308298],[12.8914871,41.83052]]},"properties":{"site":"palestrina","name":"Via del Leccio","highway":"service"}},{"type":"Feature","geometry":{"type":"LineString","coordinates":[[12.891599,41.8316801],[12.8919848,41.8314435]]},"properties":{"site":"palestrina","name":"","highway":"service"}},{"type":"Feature","geometry":{"type":"LineString","coordinates":[[12.8910342,41.8300097],[12.8910723,41.8299847],[12.8911232,41.8299556],[12.8912573,41.8298715],[12.8913238,41.829818],[12.8914521,41.82971],[12.8914763,41.829669],[12.8914741,41.829615],[12.8914279,41.8295658],[12.8910381,41.8292695],[12.8909487,41.8292256],[12.8899656,41.8293077],[12.8898535,41.8293179],[12.8895833,41.8293411],[12.8893964,41.8293526],[12.8891255,41.8293743]]},"properties":{"site":"palestrina","name":"","highway":"service"}},{"type":"Feature","geometry":{"type":"LineString","coordinates":[[12.8937412,41.8391286],[12.8935929,41.8392149],[12.8935517,41.8392308],[12.893431,41.8392683],[12.8932395,41.8393095],[12.8932081,41.8393498],[12.8932315,41.8394598]]},"properties":{"site":"palestrina","name":"Vicolo della Fontana","highway":"footway"}},{"type":"Feature","geometry":{"type":"LineString","coordinates":[[12.8918147,41.8385805],[12.8918555,41.8386948]]},"properties":{"site":"palestrina","name":"","highway":"steps"}},{"type":"Feature","geometry":{"type":"LineString","coordinates":[[12.8920161,41.8385216],[12.8920668,41.8386603]]},"properties":{"site":"palestrina","name":"","highway":"steps"}},{"type":"Feature","geometry":{"type":"LineString","coordinates":[[12.891739,41.8383378],[12.8918253,41.8385772]]},"properties":{"site":"palestrina","name":"Vicolo degli Orti","highway":"pedestrian"}},{"type":"Feature","geometry":{"type":"LineString","coordinates":[[12.902363,41.8354535],[12.9022911,41.8355286],[12.9022895,41.8358898],[12.9022847,41.8360906]]},"properties":{"site":"palestrina","name":"","highway":"service"}},{"type":"Feature","geometry":{"type":"LineString","coordinates":[[12.8918992,41.8355343],[12.8920188,41.8355709],[12.8924293,41.8356809],[12.8927645,41.8357428],[12.8930113,41.8357448],[12.893226,41.8357309],[12.8934915,41.8356849],[12.893686,41.8356189],[12.893745,41.8356017],[12.8938187,41.835587],[12.8938798,41.8355809],[12.8939501,41.8355824],[12.8940122,41.8355899],[12.894055,41.8355989],[12.8940969,41.8356099],[12.8941561,41.8356317]]},"properties":{"site":"palestrina","name":"Ex ferrovia Roma-Fiuggi-Alatri-Frosinone","highway":"track"}},{"type":"Feature","geometry":{"type":"LineString","coordinates":[[12.9014326,41.8353164],[12.9013695,41.8352955],[12.9013355,41.8352875],[12.9012953,41.8352846],[12.9012591,41.8352861],[12.9012164,41.8352909],[12.9011727,41.8352987],[12.9011183,41.8353121],[12.9010338,41.8353371],[12.9009827,41.8353517],[12.9009082,41.8353755],[12.9008044,41.8354161],[12.9007145,41.8354552]]},"properties":{"site":"palestrina","name":"","highway":"service"}},{"type":"Feature","geometry":{"type":"LineString","coordinates":[[12.9007145,41.8354552],[12.9006152,41.8351214],[12.9005563,41.8349094]]},"properties":{"site":"palestrina","name":"Ex ferrovia Roma-Fiuggi-Alatri-Frosinone","highway":"service"}},{"type":"Feature","geometry":{"type":"LineString","coordinates":[[12.9005494,41.8312247],[12.9007116,41.8310765],[12.901109,41.8307577]]},"properties":{"site":"palestrina","name":"Ex ferrovia Roma-Fiuggi-Alatri-Frosinone","highway":"path"}},{"type":"Feature","geometry":{"type":"LineString","coordinates":[[12.9003498,41.8340011],[12.9002907,41.8336725],[12.9001753,41.8332289],[12.900111,41.8328048],[12.900065,41.8326587]]},"properties":{"site":"palestrina","name":"Ex ferrovia Roma-Fiuggi-Alatri-Frosinone","highway":"path"}},{"type":"Feature","geometry":{"type":"LineString","coordinates":[[12.900065,41.8326587],[12.9000517,41.8326163],[12.90001,41.8324801],[12.8999847,41.8323717],[12.8999805,41.83228],[12.8999858,41.8321897],[12.9000262,41.832061],[12.9000788,41.8318879],[12.9002394,41.8316078],[12.9004811,41.8313123],[12.9005494,41.8312247]]},"properties":{"site":"palestrina","name":"Ex ferrovia Roma-Fiuggi-Alatri-Frosinone","highway":"track"}},{"type":"Feature","geometry":{"type":"LineString","coordinates":[[12.9004168,41.8343968],[12.9003577,41.8341342],[12.9003498,41.8340011]]},"properties":{"site":"palestrina","name":"Ex ferrovia Roma-Fiuggi-Alatri-Frosinone","highway":"service"}},{"type":"Feature","geometry":{"type":"LineString","coordinates":[[12.9013893,41.8378488],[12.9014845,41.8377633],[12.9016505,41.8375794],[12.9017016,41.8374833]]},"properties":{"site":"palestrina","name":"Ex ferrovia Roma-Fiuggi-Alatri-Frosinone","highway":"track"}},{"type":"Feature","geometry":{"type":"LineString","coordinates":[[12.9013893,41.8378488],[12.9014534,41.8379046]]},"properties":{"site":"palestrina","name":"","highway":"track"}},{"type":"Feature","geometry":{"type":"LineString","coordinates":[[12.897887,41.8363676],[12.8980565,41.8364122],[12.8982111,41.8364977],[12.898328,41.8365694],[12.8984407,41.8366429]]},"properties":{"site":"palestrina","name":"Ex ferrovia Roma-Fiuggi-Alatri-Frosinone","highway":"path"}},{"type":"Feature","geometry":{"type":"LineString","coordinates":[[12.8984407,41.8366429],[12.8985381,41.8367085],[12.8987901,41.8368459],[12.8990185,41.8369413],[12.899435,41.8370319],[12.8997357,41.8371318],[12.8998336,41.8371683],[12.8999822,41.8372237],[12.9001319,41.8373598],[12.9002829,41.8375954],[12.9003949,41.8377433],[12.9004419,41.8378171]]},"properties":{"site":"palestrina","name":"Ex ferrovia Roma-Fiuggi-Alatri-Frosinone","highway":"path"}},{"type":"Feature","geometry":{"type":"LineString","coordinates":[[12.8891784,41.8320676],[12.8893817,41.8322463]]},"properties":{"site":"palestrina","name":"","highway":"service"}},{"type":"Feature","geometry":{"type":"LineString","coordinates":[[12.8912286,41.8333753],[12.8913403,41.8333786],[12.8913584,41.8334435],[12.8913818,41.8335275]]},"properties":{"site":"palestrina","name":"","highway":"service"}},{"type":"Feature","geometry":{"type":"LineString","coordinates":[[12.8902808,41.8317898],[12.8902336,41.8317331],[12.8903076,41.8317478]]},"properties":{"site":"palestrina","name":"","highway":"service"}},{"type":"Feature","geometry":{"type":"LineString","coordinates":[[12.8906026,41.8322304],[12.890372,41.8319137],[12.8902808,41.8317898]]},"properties":{"site":"palestrina","name":"","highway":"service"}},{"type":"Feature","geometry":{"type":"LineString","coordinates":[[12.8929808,41.8336494],[12.8928449,41.8334097],[12.8928309,41.8333872],[12.8928155,41.8333646],[12.8927984,41.8333426],[12.89278,41.8333207],[12.8927608,41.8332997],[12.8927377,41.8332787],[12.8927109,41.8332612],[12.89268,41.8332437]]},"properties":{"site":"palestrina","name":"","highway":"service"}},{"type":"Feature","geometry":{"type":"LineString","coordinates":[[12.8925023,41.8334651],[12.8923172,41.8331784]]},"properties":{"site":"palestrina","name":"","highway":"service"}},{"type":"Feature","geometry":{"type":"LineString","coordinates":[[12.8925233,41.8331961],[12.8924359,41.8331717],[12.8923729,41.8331637],[12.8923172,41.8331784],[12.8921637,41.8332187],[12.8923434,41.8335145],[12.8925023,41.8334651],[12.8926679,41.8334136],[12.8925233,41.8331961]]},"properties":{"site":"palestrina","name":"","highway":"service"}},{"type":"Feature","geometry":{"type":"LineString","coordinates":[[12.8922213,41.8330205],[12.8922687,41.8331017],[12.8922863,41.8331303]]},"properties":{"site":"palestrina","name":"","highway":"service"}},{"type":"Feature","geometry":{"type":"LineString","coordinates":[[12.8906373,41.8329197],[12.8906854,41.8329865],[12.890717,41.8330298]]},"properties":{"site":"palestrina","name":"","highway":"service"}},{"type":"Feature","geometry":{"type":"LineString","coordinates":[[12.8905443,41.8329381],[12.8906046,41.8330167],[12.8906395,41.8330622]]},"properties":{"site":"palestrina","name":"","highway":"service"}},{"type":"Feature","geometry":{"type":"LineString","coordinates":[[12.8924843,41.8327203],[12.892487,41.8326503],[12.8924882,41.8326172]]},"properties":{"site":"palestrina","name":"","highway":"service"}},{"type":"Feature","geometry":{"type":"LineString","coordinates":[[12.8921181,41.8328349],[12.8922213,41.8330205]]},"properties":{"site":"palestrina","name":"Via della Ginestra","highway":"service"}},{"type":"Feature","geometry":{"type":"LineString","coordinates":[[12.8899148,41.8329471],[12.890087,41.8328854]]},"properties":{"site":"palestrina","name":"Via dei Gerani","highway":"service"}},{"type":"Feature","geometry":{"type":"LineString","coordinates":[[12.8909142,41.8327218],[12.8909936,41.8326806],[12.8910207,41.8326623],[12.8910479,41.8326381],[12.8910647,41.8326112],[12.8910747,41.8325832],[12.8910781,41.8325472],[12.8910747,41.8325102]]},"properties":{"site":"palestrina","name":"Via dei Gerani","highway":"service"}},{"type":"Feature","geometry":{"type":"LineString","coordinates":[[12.890087,41.8328854],[12.8901851,41.8328578],[12.8902874,41.8328312],[12.8903822,41.8328074],[12.8904957,41.8327844],[12.8906018,41.8327641],[12.8906998,41.8327489],[12.8908108,41.832734],[12.8909142,41.8327218],[12.891079,41.8327186],[12.8911399,41.8327138],[12.8911967,41.8327061],[12.8912591,41.8326921],[12.8913174,41.8326752],[12.8916273,41.8325612]]},"properties":{"site":"palestrina","name":"Via dei Gerani","highway":"service"}},{"type":"Feature","geometry":{"type":"LineString","coordinates":[[12.8884803,41.832857],[12.8886031,41.8329939],[12.8884944,41.8330918]]},"properties":{"site":"palestrina","name":"","highway":"service"}},{"type":"Feature","geometry":{"type":"LineString","coordinates":[[12.8920377,41.8346076],[12.8917748,41.8346796],[12.8915736,41.8347335],[12.8915066,41.8347635],[12.8914663,41.8348215],[12.8914529,41.8348994],[12.891469,41.8349574],[12.8915441,41.8351352],[12.8916246,41.8352501],[12.8917245,41.835449],[12.8917626,41.8354922]]},"properties":{"site":"palestrina","name":"","highway":"track"}},{"type":"Feature","geometry":{"type":"LineString","coordinates":[[12.8920873,41.8326586],[12.8917345,41.8326881],[12.8915589,41.8327041],[12.8904323,41.832868],[12.8901225,41.8329369],[12.8899405,41.8330074]]},"properties":{"site":"palestrina","name":"","highway":"footway"}},{"type":"Feature","geometry":{"type":"LineString","coordinates":[[12.8913803,41.833031],[12.8913336,41.8330523]]},"properties":{"site":"palestrina","name":"","highway":"steps"}},{"type":"Feature","geometry":{"type":"LineString","coordinates":[[12.891288,41.8329979],[12.8912495,41.8330088],[12.8911927,41.8330248]]},"properties":{"site":"palestrina","name":"","highway":"footway"}},{"type":"Feature","geometry":{"type":"LineString","coordinates":[[12.8913336,41.8330523],[12.8913027,41.8330618]]},"properties":{"site":"palestrina","name":"","highway":"footway"}},{"type":"Feature","geometry":{"type":"LineString","coordinates":[[12.8904668,41.8330682],[12.8905063,41.833118]]},"properties":{"site":"palestrina","name":"","highway":"footway"}},{"type":"Feature","geometry":{"type":"LineString","coordinates":[[12.8905804,41.8330257],[12.8904668,41.8330682],[12.8901547,41.8331847],[12.8901038,41.8331897],[12.8900211,41.8332303],[12.8899455,41.8332839]]},"properties":{"site":"palestrina","name":"","highway":"footway"}},{"type":"Feature","geometry":{"type":"LineString","coordinates":[[12.8907086,41.8329779],[12.8906854,41.8329865],[12.8906046,41.8330167],[12.8905804,41.8330257]]},"properties":{"site":"palestrina","name":"","highway":"footway"}},{"type":"Feature","geometry":{"type":"LineString","coordinates":[[12.8918834,41.8329749],[12.8919344,41.8329569],[12.8920269,41.8331148],[12.8921328,41.8330818],[12.8921637,41.8331398],[12.8922335,41.8331158]]},"properties":{"site":"palestrina","name":"","highway":"footway"}},{"type":"Feature","geometry":{"type":"LineString","coordinates":[[12.8913027,41.8330618],[12.8913362,41.8332167]]},"properties":{"site":"palestrina","name":"","highway":"footway"}},{"type":"Feature","geometry":{"type":"LineString","coordinates":[[12.8918608,41.8329394],[12.8918834,41.8329749],[12.8913362,41.8332167]]},"properties":{"site":"palestrina","name":"","highway":"footway"}},{"type":"Feature","geometry":{"type":"LineString","coordinates":[[12.8911927,41.8330248],[12.89118,41.8329879],[12.8911706,41.8329634],[12.8911519,41.8329319],[12.891127,41.8329169],[12.8910935,41.8329089],[12.8908896,41.8329419],[12.8907086,41.8329779]]},"properties":{"site":"palestrina","name":"","highway":"footway"}},{"type":"Feature","geometry":{"type":"LineString","coordinates":[[12.8918105,41.8328569],[12.8915801,41.8328859],[12.8913546,41.8329143],[12.8913454,41.8329502],[12.8913502,41.8329835],[12.8913647,41.8330088],[12.8913803,41.833031],[12.8914426,41.8330623],[12.8914853,41.8330717],[12.8915489,41.8330729],[12.8918608,41.8329394],[12.8918105,41.8328569]]},"properties":{"site":"palestrina","name":"","highway":"footway"}},{"type":"Feature","geometry":{"type":"LineString","coordinates":[[12.8910425,41.8309144],[12.8911745,41.8311251],[12.8911873,41.8311455]]},"properties":{"site":"palestrina","name":"","highway":"service"}},{"type":"Feature","geometry":{"type":"LineString","coordinates":[[12.8900783,41.831461],[12.8903095,41.8316866]]},"properties":{"site":"palestrina","name":"","highway":"service"}},{"type":"Feature","geometry":{"type":"LineString","coordinates":[[12.8897751,41.8320098],[12.8901051,41.8323393]]},"properties":{"site":"palestrina","name":"","highway":"service"}},{"type":"Feature","geometry":{"type":"LineString","coordinates":[[12.8888428,41.832579],[12.8888777,41.8326256]]},"properties":{"site":"palestrina","name":"","highway":"service"}},{"type":"Feature","geometry":{"type":"LineString","coordinates":[[12.9004603,41.8312686],[12.9005158,41.8311974]]},"properties":{"site":"palestrina","name":"","highway":"service"}},{"type":"Feature","geometry":{"type":"LineString","coordinates":[[12.9001942,41.8316059],[12.9004603,41.8312686]]},"properties":{"site":"palestrina","name":"","highway":"service"}},{"type":"Feature","geometry":{"type":"LineString","coordinates":[[12.9006448,41.8310663],[12.9007565,41.8309651],[12.900854,41.8308794],[12.9009749,41.8307808],[12.9011197,41.8306652]]},"properties":{"site":"palestrina","name":"","highway":"service"}},{"type":"Feature","geometry":{"type":"LineString","coordinates":[[12.8929479,41.8407761],[12.8929204,41.840809],[12.8928787,41.8408755]]},"properties":{"site":"palestrina","name":"","highway":"footway"}},{"type":"Feature","geometry":{"type":"LineString","coordinates":[[12.8929479,41.8407761],[12.8930394,41.8407948],[12.8931294,41.8407965]]},"properties":{"site":"palestrina","name":"","highway":"footway"}},{"type":"Feature","geometry":{"type":"LineString","coordinates":[[12.889849,41.8401397],[12.8897783,41.8401555]]},"properties":{"site":"palestrina","name":"","highway":"footway"}},{"type":"Feature","geometry":{"type":"LineString","coordinates":[[12.8942103,41.8442872],[12.8948083,41.84363],[12.8948318,41.8436175],[12.8948539,41.843616],[12.8948861,41.843624],[12.8949049,41.843644],[12.8949129,41.843664],[12.894929,41.844165]]},"properties":{"site":"palestrina","name":"","highway":"path"}},{"type":"Feature","geometry":{"type":"LineString","coordinates":[[12.8921144,41.8330535],[12.8920066,41.8328596]]},"properties":{"site":"palestrina","name":"Via della Ginestra","highway":"service"}},{"type":"Feature","geometry":{"type":"LineString","coordinates":[[12.8922213,41.8330205],[12.8921144,41.8330535]]},"properties":{"site":"palestrina","name":"Via della Ginestra","highway":"service"}},{"type":"Feature","geometry":{"type":"LineString","coordinates":[[12.8920679,41.8327376],[12.8921181,41.8328349]]},"properties":{"site":"palestrina","name":"Via della Ginestra","highway":"service"}},{"type":"Feature","geometry":{"type":"LineString","coordinates":[[12.8920066,41.8328596],[12.8919612,41.8328145],[12.891917,41.832781],[12.8918652,41.8327471]]},"properties":{"site":"palestrina","name":"Via della Ginestra","highway":"service"}},{"type":"Feature","geometry":{"type":"LineString","coordinates":[[12.8920066,41.8328596],[12.8919927,41.832822],[12.8919927,41.8327945],[12.89199,41.8327775],[12.892004,41.8327406]]},"properties":{"site":"palestrina","name":"Via della Ginestra","highway":"service"}},{"type":"Feature","geometry":{"type":"LineString","coordinates":[[12.892167,41.8326536],[12.892129,41.8326553],[12.8920873,41.8326586]]},"properties":{"site":"palestrina","name":"","highway":"footway"}},{"type":"Feature","geometry":{"type":"LineString","coordinates":[[12.892487,41.8326503],[12.892167,41.8326536]]},"properties":{"site":"palestrina","name":"","highway":"footway"}},{"type":"Feature","geometry":{"type":"LineString","coordinates":[[12.8913362,41.8332167],[12.8912843,41.8332199]]},"properties":{"site":"palestrina","name":"","highway":"footway"}},{"type":"Feature","geometry":{"type":"LineString","coordinates":[[12.8913027,41.8330618],[12.891288,41.8329979]]},"properties":{"site":"palestrina","name":"","highway":"footway"}},{"type":"Feature","geometry":{"type":"LineString","coordinates":[[12.8919344,41.8329569],[12.8918526,41.832825],[12.8916796,41.832833],[12.8915711,41.8328482],[12.8913228,41.832883],[12.8912947,41.8329039],[12.8912779,41.8329399],[12.8912806,41.8329629],[12.891288,41.8329979]]},"properties":{"site":"palestrina","name":"","highway":"footway"}},{"type":"Feature","geometry":{"type":"LineString","coordinates":[[12.8922335,41.8331158],[12.8922687,41.8331017],[12.8923152,41.8330848]]},"properties":{"site":"palestrina","name":"","highway":"footway"}},{"type":"Feature","geometry":{"type":"LineString","coordinates":[[12.8923152,41.8330848],[12.8923649,41.8330938],[12.8923836,41.8330868],[12.89222,41.832796],[12.8926398,41.8327802]]},"properties":{"site":"palestrina","name":"","highway":"footway"}},{"type":"Feature","geometry":{"type":"LineString","coordinates":[[12.8902607,41.8340168],[12.8902929,41.8342609],[12.8903076,41.8342789],[12.8903371,41.8342958],[12.8903908,41.8342978],[12.8907944,41.8342219],[12.8908387,41.8342219],[12.8908736,41.8342479]]},"properties":{"site":"palestrina","name":"Via Lucio Cornelio Silla","highway":"service"}},{"type":"Feature","geometry":{"type":"LineString","coordinates":[[12.890384,41.8346707],[12.8903359,41.8346981],[12.8902257,41.8347769],[12.8899918,41.8349511]]},"properties":{"site":"palestrina","name":"","highway":"track"}},{"type":"Feature","geometry":{"type":"LineString","coordinates":[[12.8922448,41.8335474],[12.8923434,41.8335145]]},"properties":{"site":"palestrina","name":"","highway":"service"}},{"type":"Feature","geometry":{"type":"LineString","coordinates":[[12.89268,41.8332437],[12.8925902,41.8332147],[12.8925233,41.8331961]]},"properties":{"site":"palestrina","name":"","highway":"service"}},{"type":"Feature","geometry":{"type":"LineString","coordinates":[[12.8923172,41.8331784],[12.8922863,41.8331303]]},"properties":{"site":"palestrina","name":"","highway":"service"}},{"type":"Feature","geometry":{"type":"LineString","coordinates":[[12.8923989,41.8338181],[12.8923493,41.833731]]},"properties":{"site":"palestrina","name":"","highway":"service"}},{"type":"Feature","geometry":{"type":"LineString","coordinates":[[12.8922954,41.8337477],[12.892137,41.8334549]]},"properties":{"site":"palestrina","name":"","highway":"service"}},{"type":"Feature","geometry":{"type":"LineString","coordinates":[[12.892342,41.8338337],[12.8922954,41.8337477]]},"properties":{"site":"palestrina","name":"","highway":"service"}},{"type":"Feature","geometry":{"type":"LineString","coordinates":[[12.8913237,41.8339611],[12.8916011,41.8339141]]},"properties":{"site":"palestrina","name":"","highway":"service"}},{"type":"Feature","geometry":{"type":"LineString","coordinates":[[12.8916934,41.8339751],[12.8916656,41.8338929],[12.8915568,41.8335714]]},"properties":{"site":"palestrina","name":"","highway":"service"}},{"type":"Feature","geometry":{"type":"LineString","coordinates":[[12.8923493,41.833731],[12.8922448,41.8335474]]},"properties":{"site":"palestrina","name":"","highway":"service"}},{"type":"Feature","geometry":{"type":"LineString","coordinates":[[12.8915711,41.8328482],[12.8915801,41.8328859]]},"properties":{"site":"palestrina","name":"","highway":"footway"}},{"type":"Feature","geometry":{"type":"LineString","coordinates":[[12.8903095,41.8316866],[12.890329,41.8317049]]},"properties":{"site":"palestrina","name":"","highway":"footway"}},{"type":"Feature","geometry":{"type":"LineString","coordinates":[[12.8902336,41.8317331],[12.8902191,41.8318053]]},"properties":{"site":"palestrina","name":"","highway":"footway"}},{"type":"Feature","geometry":{"type":"LineString","coordinates":[[12.8893817,41.8322463],[12.8895811,41.8324721],[12.8898007,41.8327635]]},"properties":{"site":"palestrina","name":"Via dei Gerani","highway":"service"}},{"type":"Feature","geometry":{"type":"LineString","coordinates":[[12.8890872,41.831531],[12.8888713,41.8313351]]},"properties":{"site":"palestrina","name":"Via dei Ciclamini","highway":"service"}},{"type":"Feature","geometry":{"type":"LineString","coordinates":[[12.8892425,41.8314843],[12.8890872,41.831531],[12.8888914,41.8316539]]},"properties":{"site":"palestrina","name":"Via dei Ciclamini","highway":"service"}},{"type":"Feature","geometry":{"type":"LineString","coordinates":[[12.8883201,41.8328871],[12.8883433,41.832908]]},"properties":{"site":"palestrina","name":"","highway":"footway"}},{"type":"Feature","geometry":{"type":"LineString","coordinates":[[12.8884148,41.8331145],[12.8882479,41.8333176]]},"properties":{"site":"palestrina","name":"","highway":"service"}},{"type":"Feature","geometry":{"type":"LineString","coordinates":[[12.8885711,41.8333946],[12.8886916,41.8332537],[12.8884148,41.8331145],[12.8881934,41.8330094],[12.8881667,41.8329864]]},"properties":{"site":"palestrina","name":"","highway":"service"}},{"type":"Feature","geometry":{"type":"LineString","coordinates":[[12.8932512,41.8365004],[12.8932533,41.8364673],[12.8932514,41.8364382],[12.8932457,41.8364092],[12.8931519,41.8361678]]},"properties":{"site":"palestrina","name":"Via Marco Mersiero","highway":"service"}},{"type":"Feature","geometry":{"type":"LineString","coordinates":[[12.8947474,41.8375538],[12.8948028,41.8373611]]},"properties":{"site":"palestrina","name":"","highway":"steps"}},{"type":"Feature","geometry":{"type":"LineString","coordinates":[[12.8948071,41.8373621],[12.8948085,41.8373571]]},"properties":{"site":"palestrina","name":"","highway":"footway"}},{"type":"Feature","geometry":{"type":"LineString","coordinates":[[12.8949641,41.8373104],[12.8948163,41.8373298],[12.8947158,41.8372995],[12.8946015,41.8369947],[12.894557,41.8368722]]},"properties":{"site":"palestrina","name":"Piazzale Amintore Fanfani","highway":"service"}},{"type":"Feature","geometry":{"type":"LineString","coordinates":[[12.8943634,41.8363653],[12.8946434,41.8363502]]},"properties":{"site":"palestrina","name":"Piazzale Amintore Fanfani","highway":"service"}},{"type":"Feature","geometry":{"type":"LineString","coordinates":[[12.895605,41.837801],[12.8955265,41.8378985]]},"properties":{"site":"palestrina","name":"","highway":"service"}},{"type":"Feature","geometry":{"type":"LineString","coordinates":[[12.8900019,41.835487],[12.8900052,41.835765],[12.8900387,41.8366193],[12.8900555,41.836647],[12.8901051,41.836668],[12.89014,41.836678],[12.890207,41.836691],[12.890254,41.836694]]},"properties":{"site":"palestrina","name":"Via del Foro","highway":"service"}},{"type":"Feature","geometry":{"type":"LineString","coordinates":[[12.8953238,41.8331758],[12.8954599,41.8332031]]},"properties":{"site":"palestrina","name":"","highway":"track"}},{"type":"Feature","geometry":{"type":"LineString","coordinates":[[12.8954768,41.8327968],[12.8955701,41.832837],[12.8954599,41.8332031],[12.8954293,41.8333046],[12.8954507,41.8333846],[12.8954963,41.8334565],[12.8955929,41.8335654],[12.8957136,41.8336574],[12.8960636,41.8338572]]},"properties":{"site":"palestrina","name":"","highway":"track"}},{"type":"Feature","geometry":{"type":"LineString","coordinates":[[12.8995611,41.8307303],[12.8995836,41.830776],[12.8995949,41.830794],[12.8996102,41.830812],[12.899627,41.8308285],[12.8996478,41.830845],[12.899694,41.8308774]]},"properties":{"site":"palestrina","name":"","highway":"service"}},{"type":"Feature","geometry":{"type":"LineString","coordinates":[[12.8995651,41.831388],[12.8993976,41.8315147],[12.8993484,41.8314795]]},"properties":{"site":"palestrina","name":"","highway":"footway"}},{"type":"Feature","geometry":{"type":"LineString","coordinates":[[12.8993946,41.8315404],[12.8993297,41.8314933]]},"properties":{"site":"palestrina","name":"","highway":"footway"}},{"type":"Feature","geometry":{"type":"LineString","coordinates":[[12.899408,41.8315501],[12.8993946,41.8315404]]},"properties":{"site":"palestrina","name":"","highway":"footway"}},{"type":"Feature","geometry":{"type":"LineString","coordinates":[[12.8990063,41.8311898],[12.8989941,41.8311811],[12.8995175,41.8307884],[12.8995045,41.8307444]]},"properties":{"site":"palestrina","name":"","highway":"footway"}},{"type":"Feature","geometry":{"type":"LineString","coordinates":[[12.8995045,41.8307444],[12.8995611,41.8307303],[12.8996285,41.8307135],[12.899703,41.8306952],[12.8997408,41.8306885],[12.8997761,41.8306849],[12.8998107,41.8306862],[12.8998427,41.8306905],[12.8999079,41.830704]]},"properties":{"site":"palestrina","name":"","highway":"service"}},{"type":"Feature","geometry":{"type":"LineString","coordinates":[[12.8983375,41.8325936],[12.8979814,41.8322754]]},"properties":{"site":"palestrina","name":"","highway":"service"}},{"type":"Feature","geometry":{"type":"LineString","coordinates":[[12.8988491,41.8322324],[12.8988621,41.8322124],[12.8988679,41.8321965],[12.8988714,41.8321763],[12.8988709,41.832155]]},"properties":{"site":"palestrina","name":"","highway":"track"}},{"type":"Feature","geometry":{"type":"LineString","coordinates":[[12.8982767,41.8320343],[12.8979344,41.8315617]]},"properties":{"site":"palestrina","name":"","highway":"service"}},{"type":"Feature","geometry":{"type":"LineString","coordinates":[[12.8983305,41.8320983],[12.8983116,41.8320797],[12.8982993,41.8320655],[12.8982767,41.8320343]]},"properties":{"site":"palestrina","name":"","highway":"service"}},{"type":"Feature","geometry":{"type":"LineString","coordinates":[[12.8987479,41.832401],[12.8986795,41.8323522],[12.8986234,41.8323121]]},"properties":{"site":"palestrina","name":"","highway":"service"}},{"type":"Feature","geometry":{"type":"LineString","coordinates":[[12.8978963,41.8330702],[12.897882,41.8330412],[12.8978771,41.833026],[12.8978758,41.8330112],[12.8978782,41.8329919],[12.8978866,41.8329745],[12.897899,41.8329562],[12.897912,41.832942],[12.8981497,41.8327362],[12.8982121,41.8326853],[12.8982882,41.8326284],[12.8983375,41.8325936],[12.8986795,41.8323522],[12.8988491,41.8322324]]},"properties":{"site":"palestrina","name":"Via Prenestina Antica","highway":"service"}},{"type":"Feature","geometry":{"type":"LineString","coordinates":[[12.8982767,41.8320343],[12.8985074,41.831932],[12.8987008,41.8318463]]},"properties":{"site":"palestrina","name":"","highway":"service"}},{"type":"Feature","geometry":{"type":"LineString","coordinates":[[12.89837,41.8321311],[12.8985844,41.8320354],[12.8987255,41.8319725]]},"properties":{"site":"palestrina","name":"","highway":"service"}},{"type":"Feature","geometry":{"type":"LineString","coordinates":[[12.8987008,41.8318463],[12.8987119,41.8318898],[12.8987209,41.8319372],[12.8987255,41.8319725],[12.8987329,41.8320969],[12.8987282,41.8321262],[12.8987149,41.8321555],[12.898692,41.8321808],[12.8986604,41.8322061],[12.8985644,41.8322699]]},"properties":{"site":"palestrina","name":"","highway":"service"}},{"type":"Feature","geometry":{"type":"LineString","coordinates":[[12.898347,41.8313957],[12.8984037,41.8314739],[12.8984146,41.8314837],[12.898436,41.8314944],[12.8984576,41.8315009],[12.8984786,41.8315031],[12.8985044,41.8315022],[12.8985284,41.8314961],[12.8986125,41.8314622]]},"properties":{"site":"palestrina","name":"","highway":"service"}},{"type":"Feature","geometry":{"type":"LineString","coordinates":[[12.8985644,41.8322699],[12.89837,41.8321311],[12.8983481,41.8321139],[12.8983305,41.8320983]]},"properties":{"site":"palestrina","name":"","highway":"service"}},{"type":"Feature","geometry":{"type":"LineString","coordinates":[[12.8978561,41.8314537],[12.8982208,41.831307],[12.8984257,41.8312246],[12.898461,41.831218],[12.8984919,41.8312182],[12.8985174,41.831228],[12.8985396,41.8312486],[12.8985487,41.8312742],[12.8985481,41.8312986],[12.8985357,41.8313143],[12.8985137,41.8313287],[12.898347,41.8313957],[12.8979344,41.8315617]]},"properties":{"site":"palestrina","name":"","highway":"service"}},{"type":"Feature","geometry":{"type":"LineString","coordinates":[[12.8979344,41.8315617],[12.8978561,41.8314537],[12.8978344,41.8314238],[12.8978259,41.8314065],[12.8978217,41.831389],[12.897824,41.83137],[12.8978305,41.8313565],[12.8978432,41.8313417],[12.8978562,41.8313332],[12.8980757,41.8312449],[12.8980979,41.8312398],[12.8981157,41.8312386],[12.8981371,41.8312402],[12.8981605,41.8312473],[12.8981799,41.8312578],[12.8981957,41.8312724],[12.8982208,41.831307]]},"properties":{"site":"palestrina","name":"","highway":"service"}},{"type":"Feature","geometry":{"type":"LineString","coordinates":[[12.8999139,41.8313541],[12.8998892,41.8313358]]},"properties":{"site":"palestrina","name":"","highway":"footway"}},{"type":"Feature","geometry":{"type":"LineString","coordinates":[[12.8999584,41.8313873],[12.8999139,41.8313541]]},"properties":{"site":"palestrina","name":"","highway":"steps"}},{"type":"Feature","geometry":{"type":"LineString","coordinates":[[12.9000152,41.8314296],[12.8999584,41.8313873]]},"properties":{"site":"palestrina","name":"","highway":"footway"}},{"type":"Feature","geometry":{"type":"LineString","coordinates":[[12.8883941,41.8347093],[12.8884327,41.8347023]]},"properties":{"site":"palestrina","name":"","highway":"footway"}},{"type":"Feature","geometry":{"type":"LineString","coordinates":[[12.8883992,41.8347565],[12.888385,41.8347109],[12.8883941,41.8347093]]},"properties":{"site":"palestrina","name":"","highway":"steps"}},{"type":"Feature","geometry":{"type":"LineString","coordinates":[[12.8885811,41.8352667],[12.8880999,41.8352325]]},"properties":{"site":"palestrina","name":"","highway":"footway"}},{"type":"Feature","geometry":{"type":"LineString","coordinates":[[12.8892615,41.8353682],[12.8893112,41.8353396],[12.8893716,41.8353213]]},"properties":{"site":"palestrina","name":"","highway":"track"}},{"type":"Feature","geometry":{"type":"LineString","coordinates":[[12.8893645,41.8353819],[12.889397,41.835401]]},"properties":{"site":"palestrina","name":"","highway":"steps"}},{"type":"Feature","geometry":{"type":"LineString","coordinates":[[12.889397,41.835401],[12.8893914,41.8353768],[12.8893859,41.8353533]]},"properties":{"site":"palestrina","name":"","highway":"footway"}},{"type":"Feature","geometry":{"type":"LineString","coordinates":[[12.8893914,41.8353768],[12.8894001,41.835375]]},"properties":{"site":"palestrina","name":"","highway":"footway"}},{"type":"Feature","geometry":{"type":"LineString","coordinates":[[12.8893228,41.8353894],[12.8893645,41.8353819]]},"properties":{"site":"palestrina","name":"","highway":"footway"}},{"type":"Feature","geometry":{"type":"LineString","coordinates":[[12.8893645,41.8353819],[12.8893859,41.8353533]]},"properties":{"site":"palestrina","name":"","highway":"steps"}},{"type":"Feature","geometry":{"type":"LineString","coordinates":[[12.8919273,41.838062],[12.8919291,41.8380689]]},"properties":{"site":"palestrina","name":"","highway":"footway"}},{"type":"Feature","geometry":{"type":"LineString","coordinates":[[12.895844,41.8342195],[12.8958221,41.8342591],[12.8958182,41.8342751],[12.895819,41.8342977],[12.895826,41.8343147],[12.8958381,41.8343297],[12.895854,41.8343427],[12.8958736,41.8343535],[12.8960166,41.8344059],[12.8960691,41.8344233],[12.8961173,41.8344392],[12.8961702,41.8344542],[12.8962188,41.8344677],[12.8964912,41.8345361]]},"properties":{"site":"palestrina","name":"","highway":"service"}},{"type":"Feature","geometry":{"type":"LineString","coordinates":[[12.8950742,41.8388368],[12.8950803,41.8387798],[12.8950296,41.8387768]]},"properties":{"site":"palestrina","name":"","highway":"footway"}},{"type":"Feature","geometry":{"type":"LineString","coordinates":[[12.8943583,41.838969],[12.8943799,41.8389703],[12.8943974,41.8388065],[12.8950731,41.8388467],[12.8950742,41.8388368]]},"properties":{"site":"palestrina","name":"","highway":"footway"}},{"type":"Feature","geometry":{"type":"LineString","coordinates":[[12.8879359,41.8336699],[12.8879946,41.8336805],[12.8880653,41.8336934]]},"properties":{"site":"palestrina","name":"","highway":"service"}},{"type":"Feature","geometry":{"type":"LineString","coordinates":[[12.8880505,41.833771],[12.8880653,41.8336934]]},"properties":{"site":"palestrina","name":"","highway":"service"}},{"type":"Feature","geometry":{"type":"LineString","coordinates":[[12.8877776,41.8338787],[12.8878541,41.8338682],[12.8881323,41.8340001]]},"properties":{"site":"palestrina","name":"","highway":"service"}},{"type":"Feature","geometry":{"type":"LineString","coordinates":[[12.8886965,41.8350633],[12.8886833,41.8352079],[12.888678,41.8352651],[12.8886734,41.8353159]]},"properties":{"site":"palestrina","name":"Piazzale Italia","highway":"service"}},{"type":"Feature","geometry":{"type":"LineString","coordinates":[[12.8886001,41.8350584],[12.8886965,41.8350633]]},"properties":{"site":"palestrina","name":"Piazzale Italia","highway":"service"}},{"type":"Feature","geometry":{"type":"LineString","coordinates":[[12.8912092,41.8386666],[12.8913349,41.8389458]]},"properties":{"site":"palestrina","name":"Via Enrico Toti","highway":"service"}},{"type":"Feature","geometry":{"type":"LineString","coordinates":[[12.888124,41.8324863],[12.8882239,41.8325008]]},"properties":{"site":"palestrina","name":"","highway":"service"}},{"type":"Feature","geometry":{"type":"LineString","coordinates":[[12.8879319,41.832785],[12.8880388,41.8328036]]},"properties":{"site":"palestrina","name":"","highway":"service"}},{"type":"Feature","geometry":{"type":"LineString","coordinates":[[12.8879111,41.8324553],[12.888124,41.8324863]]},"properties":{"site":"palestrina","name":"","highway":"service"}},{"type":"Feature","geometry":{"type":"LineString","coordinates":[[12.888088,41.8326364],[12.888132,41.8326496]]},"properties":{"site":"palestrina","name":"","highway":"service"}},{"type":"Feature","geometry":{"type":"LineString","coordinates":[[12.8877233,41.8323933],[12.8876938,41.8325182],[12.8875867,41.8326323],[12.8875704,41.8326571],[12.8875583,41.8326881],[12.8875597,41.8327131],[12.8875731,41.8327361],[12.8875919,41.832754],[12.8876207,41.8327675],[12.8876576,41.832777],[12.8880194,41.8328392]]},"properties":{"site":"palestrina","name":"","highway":"service"}},{"type":"Feature","geometry":{"type":"LineString","coordinates":[[12.8880522,41.8392168],[12.8881552,41.8394765]]},"properties":{"site":"palestrina","name":"","highway":"footway"}},{"type":"Feature","geometry":{"type":"LineString","coordinates":[[12.8882644,41.8383503],[12.8882626,41.8383153],[12.8882612,41.8382872],[12.888259,41.8382454]]},"properties":{"site":"palestrina","name":"Largo Caduti di Nassiriya","highway":"footway"}},{"type":"Feature","geometry":{"type":"LineString","coordinates":[[12.894557,41.8368722],[12.8943634,41.8363653]]},"properties":{"site":"palestrina","name":"Piazzale Amintore Fanfani","highway":"service"}},{"type":"Feature","geometry":{"type":"LineString","coordinates":[[12.8884455,41.8326157],[12.8885792,41.8327304]]},"properties":{"site":"palestrina","name":"","highway":"service"}},{"type":"Feature","geometry":{"type":"LineString","coordinates":[[12.8888777,41.8326256],[12.8894332,41.8333806]]},"properties":{"site":"palestrina","name":"","highway":"service"}},{"type":"Feature","geometry":{"type":"LineString","coordinates":[[12.8884398,41.8328114],[12.8884803,41.832857]]},"properties":{"site":"palestrina","name":"","highway":"service"}},{"type":"Feature","geometry":{"type":"LineString","coordinates":[[12.8885088,41.832771],[12.8885647,41.8328464]]},"properties":{"site":"palestrina","name":"","highway":"service"}},{"type":"Feature","geometry":{"type":"LineString","coordinates":[[12.8885668,41.8327376],[12.8886876,41.8328504]]},"properties":{"site":"palestrina","name":"","highway":"service"}},{"type":"Feature","geometry":{"type":"LineString","coordinates":[[12.8885647,41.8328464],[12.8886224,41.8329243],[12.8886714,41.8329041],[12.8887207,41.8329706],[12.8887647,41.8329525],[12.8889997,41.8332693]]},"properties":{"site":"palestrina","name":"","highway":"service"}},{"type":"Feature","geometry":{"type":"LineString","coordinates":[[12.8886389,41.8342927],[12.888314,41.8343447]]},"properties":{"site":"palestrina","name":"","highway":"service"}},{"type":"Feature","geometry":{"type":"LineString","coordinates":[[12.8878508,41.8343309],[12.8882919,41.8342624],[12.888314,41.8343447],[12.8883483,41.8344727],[12.8879088,41.8345387]]},"properties":{"site":"palestrina","name":"","highway":"footway"}},{"type":"Feature","geometry":{"type":"LineString","coordinates":[[12.8898007,41.8327635],[12.8899148,41.8329471]]},"properties":{"site":"palestrina","name":"Via dei Gerani","highway":"service"}},{"type":"Feature","geometry":{"type":"LineString","coordinates":[[12.888253,41.8392209],[12.8882791,41.8391801]]},"properties":{"site":"palestrina","name":"","highway":"footway"}},{"type":"Feature","geometry":{"type":"LineString","coordinates":[[12.8905591,41.8415872],[12.8905572,41.8415893],[12.8905548,41.8415911],[12.8905527,41.8415923],[12.8905499,41.8415935],[12.8905466,41.8415945],[12.8905428,41.841595],[12.8905399,41.841595],[12.8905374,41.8415948],[12.8905341,41.8415941],[12.8905312,41.8415932]]},"properties":{"site":"palestrina","name":"","highway":"steps"}},{"type":"Feature","geometry":{"type":"LineString","coordinates":[[12.8955102,41.8393381],[12.895526,41.8392997],[12.8958365,41.8393718],[12.8960902,41.8392806],[12.8961277,41.8393264]]},"properties":{"site":"palestrina","name":"","highway":"steps"}},{"type":"Feature","geometry":{"type":"LineString","coordinates":[[12.8934063,41.8398477],[12.893628,41.8398197],[12.8936134,41.8397959],[12.8936543,41.8397949]]},"properties":{"site":"palestrina","name":"Via delle Grotte","highway":"steps"}},{"type":"Feature","geometry":{"type":"LineString","coordinates":[[12.8938514,41.8403292],[12.8938983,41.8403083],[12.8939051,41.8402969],[12.8939647,41.8402839]]},"properties":{"site":"palestrina","name":"","highway":"steps"}},{"type":"Feature","geometry":{"type":"LineString","coordinates":[[12.8939647,41.8402839],[12.8940468,41.8402659]]},"properties":{"site":"palestrina","name":"","highway":"steps"}},{"type":"Feature","geometry":{"type":"LineString","coordinates":[[12.8940468,41.8402659],[12.8940481,41.8402202]]},"properties":{"site":"palestrina","name":"","highway":"steps"}},{"type":"Feature","geometry":{"type":"LineString","coordinates":[[12.893444,41.8402005],[12.893465,41.8402759],[12.8935379,41.8402823],[12.8935723,41.8403012],[12.8936881,41.8402991]]},"properties":{"site":"palestrina","name":"","highway":"steps"}},{"type":"Feature","geometry":{"type":"LineString","coordinates":[[12.8936881,41.8402991],[12.893727,41.8403096],[12.8938273,41.8403201],[12.8938514,41.8403292]]},"properties":{"site":"palestrina","name":"","highway":"steps"}},{"type":"Feature","geometry":{"type":"LineString","coordinates":[[12.893916,41.8404777],[12.893923,41.8404841],[12.8939665,41.8404934],[12.8940046,41.840505],[12.8940248,41.840527]]},"properties":{"site":"palestrina","name":"Via dei Merli","highway":"steps"}},{"type":"Feature","geometry":{"type":"LineString","coordinates":[[12.8940248,41.840527],[12.8940466,41.840553],[12.8940707,41.840582]]},"properties":{"site":"palestrina","name":"Via dei Merli","highway":"steps"}},{"type":"Feature","geometry":{"type":"LineString","coordinates":[[12.8933005,41.8416881],[12.8933492,41.8416578],[12.8933733,41.8416358],[12.893486,41.8415858]]},"properties":{"site":"palestrina","name":"","highway":"track"}},{"type":"Feature","geometry":{"type":"LineString","coordinates":[[12.8912678,41.8423331],[12.8913751,41.8425329],[12.8914261,41.8425769]]},"properties":{"site":"palestrina","name":"","highway":"footway"}},{"type":"Feature","geometry":{"type":"LineString","coordinates":[[12.8946434,41.8363502],[12.8947629,41.8367079],[12.8949028,41.8371268],[12.8949641,41.8373104]]},"properties":{"site":"palestrina","name":"Piazzale Amintore Fanfani","highway":"service"}},{"type":"Feature","geometry":{"type":"LineString","coordinates":[[12.897887,41.8363676],[12.8978198,41.8360653],[12.8977555,41.8357987]]},"properties":{"site":"palestrina","name":"Via Lucio Attilio","highway":"service"}},{"type":"Feature","geometry":{"type":"LineString","coordinates":[[12.887994,41.8351415],[12.8880705,41.8351285]]},"properties":{"site":"palestrina","name":"","highway":"footway"}},{"type":"Feature","geometry":{"type":"LineString","coordinates":[[12.8880638,41.8354083],[12.8881434,41.8353982]]},"properties":{"site":"palestrina","name":"","highway":"footway"}},{"type":"Feature","geometry":{"type":"LineString","coordinates":[[12.8880999,41.8352325],[12.8881115,41.8352738],[12.8881244,41.8353216]]},"properties":{"site":"palestrina","name":"","highway":"footway"}},{"type":"Feature","geometry":{"type":"LineString","coordinates":[[12.8878508,41.8343309],[12.8879088,41.8345387],[12.8879875,41.8348206],[12.8880705,41.8351285],[12.8880841,41.8351791],[12.8880975,41.8352244],[12.8880999,41.8352325]]},"properties":{"site":"palestrina","name":"","highway":"footway"}},{"type":"Feature","geometry":{"type":"LineString","coordinates":[[12.8934771,41.8400239],[12.8934753,41.8400152],[12.8934505,41.8399777],[12.8934337,41.8399308],[12.8934089,41.8399168],[12.8934063,41.8398477]]},"properties":{"site":"palestrina","name":"Vicolo della Portella","highway":"steps"}},{"type":"Feature","geometry":{"type":"LineString","coordinates":[[12.8934871,41.8400726],[12.8934771,41.8400239]]},"properties":{"site":"palestrina","name":"Vicolo della Portella","highway":"steps"}},{"type":"Feature","geometry":{"type":"LineString","coordinates":[[12.8937514,41.8401954],[12.8937565,41.8401487]]},"properties":{"site":"palestrina","name":"Vicolo della Portella","highway":"footway"}},{"type":"Feature","geometry":{"type":"LineString","coordinates":[[12.8937565,41.8401487],[12.8937889,41.84015],[12.8937912,41.8401376],[12.8937609,41.8401359],[12.8937455,41.8401156],[12.8936148,41.8400861],[12.8934887,41.8400801],[12.8934871,41.8400726]]},"properties":{"site":"palestrina","name":"Vicolo della Portella","highway":"steps"}},{"type":"Feature","geometry":{"type":"LineString","coordinates":[[12.8906409,41.8417981],[12.8906308,41.841916],[12.8906175,41.8420041]]},"properties":{"site":"palestrina","name":"","highway":"footway"}},{"type":"Feature","geometry":{"type":"LineString","coordinates":[[12.8909299,41.8422142],[12.8909413,41.8421363],[12.8909607,41.8420289],[12.8909607,41.84189],[12.8909527,41.8418466],[12.890956,41.8418061],[12.8909791,41.8417472]]},"properties":{"site":"palestrina","name":"Via 1 Giugno 1944","highway":"footway"}},{"type":"Feature","geometry":{"type":"LineString","coordinates":[[12.8907421,41.8421893],[12.8907844,41.8422362]]},"properties":{"site":"palestrina","name":"","highway":"footway"}},{"type":"Feature","geometry":{"type":"LineString","coordinates":[[12.8906175,41.8420041],[12.8907381,41.8420114],[12.8907421,41.8421893]]},"properties":{"site":"palestrina","name":"","highway":"steps"}},{"type":"Feature","geometry":{"type":"LineString","coordinates":[[12.8906175,41.8420041],[12.8906114,41.8420444],[12.8905624,41.8421483]]},"properties":{"site":"palestrina","name":"","highway":"footway"}},{"type":"Feature","geometry":{"type":"LineString","coordinates":[[12.8907844,41.8422362],[12.890828,41.8422747],[12.8908648,41.8422922],[12.8909057,41.8422852],[12.8909319,41.8422712],[12.8909299,41.8422142]]},"properties":{"site":"palestrina","name":"","highway":"steps"}},{"type":"Feature","geometry":{"type":"LineString","coordinates":[[12.8907213,41.8415513],[12.8906731,41.8417217],[12.8906409,41.8417981]]},"properties":{"site":"palestrina","name":"Via Monsignor Fiorentini","highway":"steps"}},{"type":"Feature","geometry":{"type":"LineString","coordinates":[[12.894465,41.840289],[12.8945737,41.8403005],[12.8952129,41.8404964]]},"properties":{"site":"palestrina","name":"","highway":"service"}},{"type":"Feature","geometry":{"type":"LineString","coordinates":[[12.8954229,41.8402618],[12.8954105,41.840242],[12.8954078,41.840219]]},"properties":{"site":"palestrina","name":"","highway":"service"}},{"type":"Feature","geometry":{"type":"LineString","coordinates":[[12.8956586,41.8404758],[12.8956679,41.840468],[12.895685,41.8404578],[12.8957077,41.8404496],[12.8957354,41.8404463],[12.8957652,41.8404469],[12.8959921,41.8404684],[12.8960159,41.8404668],[12.8960331,41.8404572],[12.8960381,41.840443],[12.8960274,41.8404228],[12.8960107,41.8404127],[12.89579,41.8403454],[12.8957053,41.8403209],[12.895587,41.8402978],[12.8954505,41.840272],[12.8954229,41.8402618]]},"properties":{"site":"palestrina","name":"","highway":"service"}},{"type":"Feature","geometry":{"type":"LineString","coordinates":[[12.8960398,41.8402983],[12.8960457,41.8401951]]},"properties":{"site":"palestrina","name":"","highway":"service"}},{"type":"Feature","geometry":{"type":"LineString","coordinates":[[12.8878634,41.8338337],[12.8882624,41.8340003],[12.8886285,41.8341612],[12.8887531,41.834216],[12.8887782,41.8342295],[12.8887994,41.8342449],[12.8888155,41.8342618]]},"properties":{"site":"palestrina","name":"Piazzale Italia","highway":"service"}},{"type":"Feature","geometry":{"type":"LineString","coordinates":[[12.8903512,41.8381605],[12.8903408,41.8381626],[12.8903313,41.8381661],[12.8903233,41.8381708],[12.8903176,41.8381748],[12.8903119,41.8381799],[12.8903055,41.8381889],[12.8903032,41.838194],[12.8903022,41.838204],[12.8903024,41.8382111],[12.8903048,41.8382199]]},"properties":{"site":"palestrina","name":"","highway":"steps"}},{"type":"Feature","geometry":{"type":"LineString","coordinates":[[12.8941072,41.8389827],[12.8941191,41.8389948],[12.8941079,41.8390359]]},"properties":{"site":"palestrina","name":"","highway":"footway"}},{"type":"Feature","geometry":{"type":"LineString","coordinates":[[12.8882173,41.8360308],[12.8882884,41.8360213]]},"properties":{"site":"palestrina","name":"","highway":"footway"}},{"type":"Feature","geometry":{"type":"LineString","coordinates":[[12.8884821,41.8371083],[12.8885493,41.8370995]]},"properties":{"site":"palestrina","name":"","highway":"footway"}},{"type":"Feature","geometry":{"type":"LineString","coordinates":[[12.8885988,41.837617],[12.8886738,41.8376094]]},"properties":{"site":"palestrina","name":"","highway":"footway"}},{"type":"Feature","geometry":{"type":"LineString","coordinates":[[12.8946875,41.8425414],[12.8948151,41.8425],[12.894921,41.842457],[12.8950122,41.8424081],[12.8951222,41.8423721],[12.8951865,41.8423601],[12.8952388,41.8423621],[12.8952724,41.8423681]]},"properties":{"site":"palestrina","name":"","highway":"path"}},{"type":"Feature","geometry":{"type":"LineString","coordinates":[[12.8884383,41.8366539],[12.888446,41.8366861]]},"properties":{"site":"palestrina","name":"","highway":"footway"}},{"type":"Feature","geometry":{"type":"LineString","coordinates":[[12.8887064,41.8382258],[12.888765,41.8382219],[12.8887439,41.8381248],[12.8887704,41.8381218]]},"properties":{"site":"palestrina","name":"","highway":"footway"}},{"type":"Feature","geometry":{"type":"LineString","coordinates":[[12.8894818,41.837972],[12.8903201,41.8379034],[12.8928414,41.8378],[12.8928791,41.8377912],[12.8930361,41.8377146]]},"properties":{"site":"palestrina","name":"","highway":"footway"}},{"type":"Feature","geometry":{"type":"LineString","coordinates":[[12.9008664,41.8408056],[12.9008995,41.8408115],[12.9009247,41.8408138]]},"properties":{"site":"palestrina","name":"","highway":"service"}},{"type":"Feature","geometry":{"type":"LineString","coordinates":[[12.9006045,41.8407085],[12.9006755,41.840741],[12.9007954,41.8407868],[12.9008317,41.8407985],[12.9008664,41.8408056]]},"properties":{"site":"palestrina","name":"","highway":"service"}},{"type":"Feature","geometry":{"type":"LineString","coordinates":[[12.8930157,41.8378663],[12.8930914,41.8378502],[12.8931244,41.8378435],[12.8932414,41.8378355],[12.8940377,41.8377812],[12.8940745,41.8377815],[12.8941425,41.8377802],[12.8942331,41.8377844]]},"properties":{"site":"palestrina","name":"","highway":"footway"}},{"type":"Feature","geometry":{"type":"LineString","coordinates":[[12.891044,41.8346852],[12.8910251,41.8346875]]},"properties":{"site":"palestrina","name":"","highway":"track"}},{"type":"Feature","geometry":{"type":"LineString","coordinates":[[12.8914006,41.8346576],[12.8912584,41.8346566],[12.8911149,41.8346766],[12.891044,41.8346852]]},"properties":{"site":"palestrina","name":"","highway":"track"}},{"type":"Feature","geometry":{"type":"LineString","coordinates":[[12.889221,41.8346158],[12.8893769,41.8346206],[12.8894962,41.8346786],[12.8897671,41.8348345]]},"properties":{"site":"palestrina","name":"","highway":"track"}},{"type":"Feature","geometry":{"type":"LineString","coordinates":[[12.8899918,41.8349511],[12.8899816,41.8349629]]},"properties":{"site":"palestrina","name":"","highway":"track"}},{"type":"Feature","geometry":{"type":"LineString","coordinates":[[12.8893769,41.8346206],[12.8897175,41.8345986],[12.8898758,41.8346236],[12.8902325,41.8346286]]},"properties":{"site":"palestrina","name":"","highway":"track"}},{"type":"Feature","geometry":{"type":"LineString","coordinates":[[12.8907747,41.8355456],[12.8910291,41.835473]]},"properties":{"site":"palestrina","name":"","highway":"service"}},{"type":"Feature","geometry":{"type":"LineString","coordinates":[[12.8910787,41.8348525],[12.8911621,41.8351399],[12.8912772,41.835348]]},"properties":{"site":"palestrina","name":"Via Lucio Cornelio Silla","highway":"track"}},{"type":"Feature","geometry":{"type":"LineString","coordinates":[[12.8912772,41.835348],[12.8912993,41.8353853],[12.8913955,41.8355668]]},"properties":{"site":"palestrina","name":"Via Lucio Cornelio Silla","highway":"track"}},{"type":"Feature","geometry":{"type":"LineString","coordinates":[[12.8908012,41.8358193],[12.8908163,41.8358016],[12.8908243,41.8357836],[12.8908299,41.8357639],[12.8908277,41.8357443],[12.8908242,41.8357208],[12.8907747,41.8355456],[12.8907529,41.835473]]},"properties":{"site":"palestrina","name":"","highway":"service"}},{"type":"Feature","geometry":{"type":"LineString","coordinates":[[12.8915374,41.835441],[12.8917626,41.8354922]]},"properties":{"site":"palestrina","name":"Ex ferrovia Roma-Fiuggi-Alatri-Frosinone","highway":"track"}},{"type":"Feature","geometry":{"type":"LineString","coordinates":[[12.8906617,41.8352492],[12.8911525,41.8353541]]},"properties":{"site":"palestrina","name":"Ex ferrovia Roma-Fiuggi-Alatri-Frosinone","highway":"track"}},{"type":"Feature","geometry":{"type":"LineString","coordinates":[[12.8941501,41.8375067],[12.8940399,41.8375203],[12.8940332,41.8376022],[12.893993,41.8376557],[12.8939165,41.8376897],[12.8938407,41.8377096],[12.8937636,41.8377151],[12.8935631,41.8377296],[12.8934659,41.8377361],[12.8934102,41.8377306],[12.8933003,41.8377371],[12.8932513,41.8377481],[12.8932326,41.8377731]]},"properties":{"site":"palestrina","name":"","highway":"footway"}},{"type":"Feature","geometry":{"type":"LineString","coordinates":[[12.8941505,41.8374923],[12.894157,41.8372556],[12.8941556,41.8371921]]},"properties":{"site":"palestrina","name":"Scalinata G. Falcone e P. Borsellino","highway":"steps"}},{"type":"Feature","geometry":{"type":"LineString","coordinates":[[12.8941477,41.8375952],[12.8941498,41.8375188]]},"properties":{"site":"palestrina","name":"Scalinata G. Falcone e P. Borsellino","highway":"steps"}},{"type":"Feature","geometry":{"type":"LineString","coordinates":[[12.894147,41.8376177],[12.8941473,41.8376075],[12.8941477,41.8375952]]},"properties":{"site":"palestrina","name":"Scalinata G. Falcone e P. Borsellino","highway":"footway"}},{"type":"Feature","geometry":{"type":"LineString","coordinates":[[12.8941444,41.8377142],[12.894147,41.8376177]]},"properties":{"site":"palestrina","name":"Scalinata G. Falcone e P. Borsellino","highway":"steps"}},{"type":"Feature","geometry":{"type":"LineString","coordinates":[[12.8907318,41.8357802],[12.8907616,41.8360153],[12.8907865,41.8364069],[12.8908278,41.8371666],[12.8908341,41.837282],[12.8903004,41.8374621],[12.8902628,41.8374748]]},"properties":{"site":"palestrina","name":"","highway":"track"}},{"type":"Feature","geometry":{"type":"LineString","coordinates":[[12.8902135,41.8375728],[12.8902628,41.8374748],[12.8902981,41.8372379]]},"properties":{"site":"palestrina","name":"","highway":"service"}},{"type":"Feature","geometry":{"type":"LineString","coordinates":[[12.8941561,41.8356317],[12.8942383,41.835662]]},"properties":{"site":"palestrina","name":"Ex ferrovia Roma-Fiuggi-Alatri-Frosinone","highway":"track"}},{"type":"Feature","geometry":{"type":"LineString","coordinates":[[12.8917626,41.8354922],[12.8918992,41.8355343]]},"properties":{"site":"palestrina","name":"Ex ferrovia Roma-Fiuggi-Alatri-Frosinone","highway":"track"}},{"type":"Feature","geometry":{"type":"LineString","coordinates":[[12.8942383,41.835662],[12.8943329,41.8356968],[12.8944037,41.8357489],[12.8944536,41.8358],[12.8944788,41.8358484],[12.894505,41.8359044]]},"properties":{"site":"palestrina","name":"Ex Ferrovia Roma - Fiuggi - Alatri - Frosinone","highway":"track"}},{"type":"Feature","geometry":{"type":"LineString","coordinates":[[12.8995045,41.8307444],[12.8994812,41.830667]]},"properties":{"site":"palestrina","name":"","highway":"service"}},{"type":"Feature","geometry":{"type":"LineString","coordinates":[[12.899816,41.8305789],[12.899914,41.8305935]]},"properties":{"site":"palestrina","name":"","highway":"service"}},{"type":"Feature","geometry":{"type":"LineString","coordinates":[[12.8986234,41.8323121],[12.8985644,41.8322699]]},"properties":{"site":"palestrina","name":"","highway":"service"}},{"type":"Feature","geometry":{"type":"LineString","coordinates":[[12.8986037,41.8316069],[12.8986719,41.8317593],[12.8986874,41.8318008],[12.8987008,41.8318463]]},"properties":{"site":"palestrina","name":"","highway":"service"}},{"type":"Feature","geometry":{"type":"LineString","coordinates":[[12.8994845,41.8340353],[12.8989882,41.8341449]]},"properties":{"site":"palestrina","name":"","highway":"service"}},{"type":"Feature","geometry":{"type":"LineString","coordinates":[[12.8887435,41.8365866],[12.8888026,41.8368417]]},"properties":{"site":"palestrina","name":"","highway":"service"}},{"type":"Feature","geometry":{"type":"LineString","coordinates":[[12.8895916,41.8369224],[12.8899992,41.8368908]]},"properties":{"site":"palestrina","name":"","highway":"service"}},{"type":"Feature","geometry":{"type":"LineString","coordinates":[[12.8908278,41.8371666],[12.8909473,41.8371706],[12.8910734,41.8371626],[12.8911981,41.8371416],[12.8913268,41.8371386],[12.8914221,41.8371366],[12.8915964,41.8371036],[12.8917144,41.8370457]]},"properties":{"site":"palestrina","name":"","highway":"track"}},{"type":"Feature","geometry":{"type":"LineString","coordinates":[[12.8939889,41.8348534],[12.8939668,41.8347779],[12.8939643,41.8347571],[12.8939668,41.8347365],[12.8939779,41.8347199],[12.8939991,41.8347046],[12.8940289,41.8346932],[12.8940538,41.8346874],[12.8944394,41.8346348]]},"properties":{"site":"palestrina","name":"","highway":"service"}},{"type":"Feature","geometry":{"type":"LineString","coordinates":[[12.8949371,41.8364529],[12.8950174,41.8366503]]},"properties":{"site":"palestrina","name":"Via della Martuccia","highway":"service"}},{"type":"Feature","geometry":{"type":"LineString","coordinates":[[12.8949028,41.8371268],[12.8950363,41.837127],[12.895098,41.837127]]},"properties":{"site":"palestrina","name":"","highway":"service"}},{"type":"Feature","geometry":{"type":"LineString","coordinates":[[12.8953663,41.8367649],[12.8955211,41.836714]]},"properties":{"site":"palestrina","name":"","highway":"service"}},{"type":"Feature","geometry":{"type":"LineString","coordinates":[[12.8954279,41.8370257],[12.8955959,41.8370015]]},"properties":{"site":"palestrina","name":"","highway":"service"}},{"type":"Feature","geometry":{"type":"LineString","coordinates":[[12.8956009,41.836713],[12.8955211,41.836714],[12.8953991,41.8366815],[12.8951094,41.8367135]]},"properties":{"site":"palestrina","name":"","highway":"service"}},{"type":"Feature","geometry":{"type":"LineString","coordinates":[[12.895055,41.837013],[12.8950752,41.8370767],[12.8950363,41.837127]]},"properties":{"site":"palestrina","name":"","highway":"service"}},{"type":"Feature","geometry":{"type":"LineString","coordinates":[[12.895098,41.837127],[12.895503,41.8371276],[12.8955647,41.8371116],[12.8955835,41.8370946],[12.8955983,41.8370657],[12.8955996,41.8370387],[12.8955983,41.8370107],[12.8955959,41.8370015],[12.8955211,41.836714]]},"properties":{"site":"palestrina","name":"","highway":"service"}},{"type":"Feature","geometry":{"type":"LineString","coordinates":[[12.8947629,41.8367079],[12.8949031,41.8367621],[12.8949394,41.8367788],[12.8949715,41.8368003],[12.8949899,41.8368241],[12.8950041,41.8368527],[12.8950104,41.8368726]]},"properties":{"site":"palestrina","name":"","highway":"service"}},{"type":"Feature","geometry":{"type":"LineString","coordinates":[[12.8928752,41.8407575],[12.8928997,41.8407446]]},"properties":{"site":"palestrina","name":"","highway":"footway"}},{"type":"Feature","geometry":{"type":"LineString","coordinates":[[12.8926251,41.8409887],[12.8925949,41.8409976]]},"properties":{"site":"palestrina","name":"","highway":"footway"}},{"type":"Feature","geometry":{"type":"LineString","coordinates":[[12.8927222,41.8408876],[12.8927221,41.8408954]]},"properties":{"site":"palestrina","name":"","highway":"footway"}},{"type":"Feature","geometry":{"type":"LineString","coordinates":[[12.8911108,41.8416635],[12.8910572,41.8416512]]},"properties":{"site":"palestrina","name":"Via 1 Giugno 1944","highway":"service"}},{"type":"Feature","geometry":{"type":"LineString","coordinates":[[12.8893716,41.8353213],[12.8894741,41.8352901],[12.8894587,41.8352366]]},"properties":{"site":"palestrina","name":"","highway":"track"}},{"type":"Feature","geometry":{"type":"LineString","coordinates":[[12.8880653,41.8336934],[12.8882329,41.8337238]]},"properties":{"site":"palestrina","name":"","highway":"service"}},{"type":"Feature","geometry":{"type":"LineString","coordinates":[[12.8932326,41.8377731],[12.8932376,41.8378084],[12.8932414,41.8378355]]},"properties":{"site":"palestrina","name":"","highway":"footway"}},{"type":"Feature","geometry":{"type":"LineString","coordinates":[[12.8892425,41.8314843],[12.889625,41.8312412],[12.8894255,41.83106],[12.8891855,41.8308419],[12.8891003,41.8307711]]},"properties":{"site":"palestrina","name":"Via dei Ciclamini","highway":"service"}},{"type":"Feature","geometry":{"type":"LineString","coordinates":[[12.8891703,41.8335754],[12.889178,41.8339256]]},"properties":{"site":"palestrina","name":"","highway":"service"}},{"type":"Feature","geometry":{"type":"LineString","coordinates":[[12.8891514,41.8306687],[12.8893098,41.8306836],[12.8895727,41.8306816],[12.8896511,41.8306651],[12.8897034,41.8306216],[12.8897671,41.8306036],[12.8898329,41.8305966],[12.8899173,41.8306046],[12.8899938,41.8306296],[12.8900836,41.8306266],[12.8902325,41.8305886],[12.8902888,41.8305527],[12.8903036,41.8305217],[12.8903773,41.8304697]]},"properties":{"site":"palestrina","name":"","highway":"track"}},{"type":"Feature","geometry":{"type":"LineString","coordinates":[[12.8948085,41.8373571],[12.8948163,41.8373298]]},"properties":{"site":"palestrina","name":"","highway":"footway"}},{"type":"Feature","geometry":{"type":"LineString","coordinates":[[12.8941501,41.8375067],[12.8942146,41.8374781]]},"properties":{"site":"palestrina","name":"","highway":"footway"}},{"type":"Feature","geometry":{"type":"LineString","coordinates":[[12.898448,41.8465693],[12.8985437,41.8468583],[12.8985697,41.8468988],[12.8985657,41.8469668],[12.898572,41.847016],[12.8986015,41.8470625],[12.8986542,41.8470879],[12.8987739,41.8471302],[12.8988399,41.8471401],[12.8988607,41.8471319],[12.8988885,41.847103],[12.8988891,41.847053],[12.8989058,41.8470069],[12.8989076,41.8469625],[12.8989365,41.8468707],[12.8989799,41.8468208],[12.8990389,41.8467634],[12.8990921,41.846704],[12.8991118,41.8466561],[12.8991471,41.8466139],[12.899202,41.8465786],[12.8992286,41.8465536],[12.8992495,41.846532],[12.8992703,41.846485],[12.8992651,41.8464476],[12.8992726,41.8463907],[12.8993287,41.8463122],[12.8993663,41.8462506],[12.8993796,41.8462079],[12.8994057,41.8461459],[12.899441,41.8460976],[12.8995075,41.8460847],[12.899585,41.8460864],[12.8996475,41.8460933],[12.8997175,41.8460774],[12.8997736,41.8460679],[12.8998384,41.8460308],[12.8998829,41.8460058],[12.8999443,41.8459808],[12.8999697,41.8459421],[12.9000171,41.8459037],[12.9000681,41.845877],[12.9001195,41.8458365],[12.9001462,41.8457925],[12.9001861,41.845746],[12.9002595,41.8456753],[12.9002705,41.8456214],[12.9002983,41.8455598],[12.9003186,41.8455223],[12.9003266,41.8454883],[12.900333,41.8453896],[12.9003712,41.8452456],[12.9003787,41.8451969],[12.9003284,41.845106],[12.9003718,41.8450168],[12.9003909,41.8449655],[12.9004088,41.8449138],[12.9004614,41.8448608],[12.9005071,41.844816],[12.9005413,41.8447828],[12.9005887,41.8447561],[12.9006483,41.8447293],[12.9006801,41.8446949],[12.9007241,41.8446039],[12.9007461,41.8445712],[12.900764,41.8445496],[12.9007837,41.8445035],[12.9008745,41.8444346],[12.9009225,41.844382],[12.9009503,41.8443406],[12.9009925,41.8443044],[12.9010602,41.8442833],[12.9011059,41.8442531],[12.9011128,41.8442027],[12.9011412,41.8441501],[12.9011487,41.8441075],[12.901184,41.8440566],[12.9012471,41.8439726],[12.9012702,41.8439208],[12.9013037,41.8438773],[12.9013286,41.8438394],[12.9013842,41.8438066],[12.901438,41.8437752],[12.9014923,41.8437054],[12.9015392,41.8436558],[12.9015999,41.8436041],[12.9016676,41.8435433],[12.9017237,41.8435088],[12.9018365,41.8434709],[12.9019349,41.8434377],[12.9019748,41.8434239],[12.9020292,41.8433977],[12.9020749,41.8433722],[12.9021709,41.8433472],[12.9022855,41.8433059],[12.902337,41.843289],[12.9024035,41.8432731],[12.9025302,41.8432649],[12.9025765,41.8432403],[12.9026482,41.8432222],[12.9027078,41.8432162],[12.9028327,41.8431809],[12.90289,41.843171],[12.9029247,41.8431343],[12.9030074,41.8431348],[12.9030653,41.8431309],[12.9031266,41.8431067],[12.9031822,41.8430943],[12.9032487,41.8430865],[12.9033245,41.8431089],[12.9033661,41.8431197],[12.903439,41.8431507],[12.9035067,41.8431623],[12.9035674,41.8431516],[12.9036317,41.8431529],[12.9036941,41.8431684],[12.9037531,41.8431774],[12.9038758,41.8431602],[12.9039562,41.8431589],[12.9040233,41.8431473],[12.9041108,41.843151],[12.9041839,41.8431627],[12.9042671,41.8431652],[12.9043374,41.8431425],[12.9044115,41.843133],[12.904467,41.8431326],[12.9045359,41.8431128],[12.9046594,41.8431072],[12.9047864,41.8431343],[12.9048627,41.8431313],[12.9049333,41.8431412],[12.9050635,41.8430955],[12.9051236,41.8430994],[12.9051838,41.8430934],[12.9052567,41.8431046],[12.9053087,41.8430874],[12.9053584,41.8430599],[12.9054135,41.8430425],[12.9054835,41.843052],[12.9055378,41.8430512],[12.9055951,41.8430369],[12.9056634,41.8430576],[12.9057143,41.8430818],[12.9057253,41.8431296],[12.9056923,41.8431878],[12.9056738,41.8432322],[12.905679,41.843283],[12.9056333,41.8433162],[12.9055922,41.8433321],[12.9055216,41.8433377],[12.9054777,41.8433442],[12.9054372,41.8433619],[12.9053984,41.8434054],[12.9054325,41.8434377],[12.905425,41.8434976],[12.9053822,41.8435881],[12.9053863,41.8436364],[12.9053828,41.8436959],[12.9053678,41.8437394],[12.9053602,41.8437834],[12.9053481,41.8438282],[12.9053053,41.8438717],[12.9052816,41.843923],[12.9052445,41.8439618],[12.9052069,41.8440023],[12.905178,41.844051],[12.9051427,41.844085],[12.9051115,41.8441281],[12.9050663,41.8441635],[12.9050201,41.8441937],[12.9049917,41.8442346],[12.9049859,41.8442854],[12.9049917,41.8443251],[12.9050397,41.844363],[12.9050993,41.8443665],[12.9050311,41.8444436],[12.9050044,41.8444876],[12.9049483,41.8445104],[12.9049159,41.8445531],[12.9049888,41.8446337],[12.9050039,41.8447526],[12.9049848,41.8447927],[12.9049651,41.8448392],[12.9049287,41.844881],[12.9048847,41.8449116],[12.904828,41.8450043],[12.904747,41.845075],[12.9047245,41.8451306],[12.9046764,41.8452629],[12.9046469,41.8452991],[12.9045931,41.8453482],[12.9046174,41.8454038],[12.9046278,41.8454357],[12.9046591,41.8454745],[12.9046359,41.8455236],[12.9046724,41.8455482],[12.9047025,41.845596],[12.9046938,41.8456365],[12.9047233,41.8456727],[12.9047771,41.8457201],[12.9048274,41.8457451],[12.9048963,41.8457714],[12.9049356,41.8457904],[12.9050004,41.8457977],[12.9050444,41.8458313],[12.9050149,41.8458731],[12.9050102,41.8459192],[12.9050397,41.8459675],[12.9050548,41.8460058],[12.905076,41.8460393]]},"properties":{"site":"palestrina","name":"","highway":"path"}},{"type":"Feature","geometry":{"type":"LineString","coordinates":[[12.8889693,41.8452185],[12.8889721,41.8451947],[12.8889976,41.8451505],[12.8890356,41.8450891],[12.8890638,41.8450429],[12.8890881,41.8450217],[12.8891257,41.8449813],[12.8891529,41.8449396],[12.8891909,41.8449155],[12.8892304,41.8448862],[12.8892562,41.8448681],[12.889333,41.8448036],[12.8893811,41.8447722],[12.8894422,41.8447354],[12.8895145,41.8446512],[12.889529,41.8446053],[12.8895984,41.8446042],[12.8896821,41.8445874],[12.8897282,41.8445565],[12.8897795,41.8444622],[12.889779,41.8444136],[12.8898161,41.8443697],[12.8898769,41.8443381],[12.8899503,41.844341],[12.8900096,41.8443611],[12.8900796,41.8443648],[12.8901419,41.8443375],[12.8901767,41.8442995],[12.8902368,41.8442836],[12.8902969,41.8442509],[12.8903536,41.8442443],[12.8904164,41.8442116],[12.8904765,41.8441842],[12.8905582,41.8441358],[12.8905904,41.8441179],[12.8906377,41.844053],[12.8906594,41.8440155],[12.8906817,41.843996],[12.890702,41.8439733],[12.8907594,41.8439468],[12.8908257,41.8439435],[12.8908799,41.8439186],[12.8909218,41.8438841],[12.8909868,41.843858],[12.8910496,41.8438446],[12.8910803,41.8438018],[12.8911598,41.8438015],[12.8911547,41.8437527],[12.8912121,41.8437203],[12.8911547,41.8437031],[12.891202,41.8436774],[12.8912609,41.8436593],[12.8913257,41.8436558],[12.89137,41.843622]]},"properties":{"site":"palestrina","name":"","highway":"path"}},{"type":"Feature","geometry":{"type":"LineString","coordinates":[[12.8953791,41.8439747],[12.895416,41.8439557],[12.8954628,41.8439212],[12.8955013,41.843891],[12.8955187,41.8438681],[12.8955284,41.8438465],[12.8955257,41.8438207],[12.895495,41.8437858],[12.8954757,41.8437676]]},"properties":{"site":"palestrina","name":"","highway":"footway"}},{"type":"Feature","geometry":{"type":"LineString","coordinates":[[12.8954757,41.8437676],[12.8954565,41.8437494],[12.8954167,41.8437124],[12.8953974,41.8437198]]},"properties":{"site":"palestrina","name":"","highway":"footway"}},{"type":"Feature","geometry":{"type":"LineString","coordinates":[[12.8954657,41.8438493],[12.8952063,41.8439947]]},"properties":{"site":"palestrina","name":"","highway":"footway"}},{"type":"Feature","geometry":{"type":"LineString","coordinates":[[12.8955284,41.8438465],[12.8954768,41.8438436]]},"properties":{"site":"palestrina","name":"","highway":"footway"}},{"type":"Feature","geometry":{"type":"LineString","coordinates":[[12.8954768,41.8438436],[12.8954657,41.8438493]]},"properties":{"site":"palestrina","name":"","highway":"steps"}},{"type":"Feature","geometry":{"type":"LineString","coordinates":[[12.8955291,41.8439939],[12.8955625,41.8440066],[12.8955926,41.8440197],[12.895594,41.844042]]},"properties":{"site":"palestrina","name":"","highway":"path"}},{"type":"Feature","geometry":{"type":"LineString","coordinates":[[12.8954293,41.844028],[12.8955031,41.8439863],[12.8955287,41.8439868]]},"properties":{"site":"palestrina","name":"","highway":"path"}},{"type":"Feature","geometry":{"type":"LineString","coordinates":[[12.8955287,41.8439868],[12.8955291,41.8439939]]},"properties":{"site":"palestrina","name":"","highway":"steps"}},{"type":"Feature","geometry":{"type":"LineString","coordinates":[[12.8972019,41.8337801],[12.8972687,41.8338232],[12.8973143,41.8338526],[12.8973712,41.8337425]]},"properties":{"site":"palestrina","name":"","highway":"service"}},{"type":"Feature","geometry":{"type":"LineString","coordinates":[[12.8973143,41.8338526],[12.8973608,41.8340824]]},"properties":{"site":"palestrina","name":"","highway":"service"}},{"type":"Feature","geometry":{"type":"LineString","coordinates":[[12.8992727,41.8336895],[12.8991403,41.8335973],[12.8990941,41.8335651]]},"properties":{"site":"palestrina","name":"","highway":"service"}},{"type":"Feature","geometry":{"type":"LineString","coordinates":[[12.8998717,41.8379234],[12.8998751,41.8376272],[12.8998734,41.8375884],[12.8998675,41.8375512],[12.899856,41.8375157],[12.8998403,41.8374819],[12.8997838,41.8373801],[12.8997709,41.8373493],[12.8997677,41.8373202],[12.8997728,41.8372834],[12.8997875,41.8372482],[12.8998336,41.8371683]]},"properties":{"site":"palestrina","name":"","highway":"service"}},{"type":"Feature","geometry":{"type":"LineString","coordinates":[[12.9027002,41.8392892],[12.9025852,41.8391626],[12.9025708,41.8391429],[12.9025582,41.8391179],[12.9025489,41.8390911],[12.9025446,41.83906],[12.9025435,41.8390271],[12.9025463,41.8389975],[12.9025901,41.8387801],[12.902598,41.8387333],[12.9026026,41.8386882],[12.902604,41.8386356],[12.9026021,41.8385849],[12.9025873,41.838374],[12.902582,41.8383344],[12.9025761,41.8383033],[12.9025676,41.8382703],[12.9025562,41.8382407],[12.9025422,41.8382094],[12.9025231,41.8381726],[12.9021568,41.8375657]]},"properties":{"site":"palestrina","name":"","highway":"service"}},{"type":"Feature","geometry":{"type":"LineString","coordinates":[[12.891739,41.8383378],[12.8918115,41.8383171]]},"properties":{"site":"palestrina","name":"Vicolo degli Orti","highway":"pedestrian"}},{"type":"Feature","geometry":{"type":"LineString","coordinates":[[12.8937213,41.8397976],[12.8937275,41.8397039],[12.8936604,41.8395677],[12.8937202,41.8395524],[12.8936769,41.8394615],[12.8936344,41.8394719],[12.8936056,41.8394047]]},"properties":{"site":"palestrina","name":"","highway":"steps"}},{"type":"Feature","geometry":{"type":"LineString","coordinates":[[12.9030542,41.8407222],[12.9031107,41.8406977],[12.903173,41.8406386],[12.9032041,41.8405659],[12.9032624,41.8404663],[12.9033207,41.8403862],[12.903365,41.8403265],[12.9033812,41.8408047],[12.9033353,41.8410358],[12.9032301,41.8412528],[12.9031789,41.8414035],[12.9031627,41.8416245],[12.9031303,41.8417451],[12.9031546,41.8418355],[12.9031249,41.8419882],[12.9030926,41.8420967],[12.9030494,41.8422856],[12.9030818,41.842372],[12.9029658,41.8424926],[12.9029496,41.8426111]]},"properties":{"site":"palestrina","name":"","highway":"path"}},{"type":"Feature","geometry":{"type":"LineString","coordinates":[[12.9033812,41.8408047],[12.9034818,41.8407883],[12.9035306,41.8406679],[12.9036048,41.840546],[12.9036393,41.8404294],[12.9036952,41.8403272],[12.9037623,41.8402302],[12.9038782,41.8401227],[12.9040032,41.8400106],[12.9040865,41.839944],[12.9041485,41.8398403],[12.9042248,41.8397842],[12.9043132,41.8397335],[12.9044128,41.8396752],[12.9044575,41.8396449],[12.9045896,41.839601],[12.9047848,41.8395457],[12.9049525,41.8394798],[12.9050622,41.8394738],[12.9052238,41.839501],[12.9054281,41.8395654],[12.905608,41.8396063],[12.9057381,41.8396593],[12.9058296,41.8396858],[12.9058875,41.839676],[12.9059556,41.8396866],[12.905981,41.8397388],[12.9061172,41.8397971],[12.9062534,41.8398365],[12.9064069,41.8398494],[12.9064912,41.8398494],[12.9065837,41.8398759],[12.9067311,41.8399645],[12.9067718,41.8400568],[12.9068327,41.8402158],[12.9068856,41.8403256],[12.9069141,41.8403855],[12.9069984,41.8404748],[12.907098,41.8405096],[12.9071702,41.8406164],[12.9072647,41.8406868],[12.9073653,41.840727],[12.9074558,41.8408754],[12.9075015,41.8409829],[12.9075391,41.841095],[12.9075899,41.8412042],[12.9075657,41.8413126],[12.9074868,41.8413608]]},"properties":{"site":"palestrina","name":"","highway":"path"}},{"type":"Feature","geometry":{"type":"LineString","coordinates":[[12.8917582,41.8420714],[12.8917354,41.8420331],[12.8917387,41.8419742],[12.8916889,41.8419402]]},"properties":{"site":"palestrina","name":"","highway":"steps"}},{"type":"Feature","geometry":{"type":"LineString","coordinates":[[12.8916889,41.8419402],[12.8917135,41.8419016],[12.8917211,41.8418483],[12.8917418,41.8418011],[12.8917913,41.8417394],[12.8917901,41.8416912],[12.8918208,41.8416548],[12.891807,41.8416174],[12.8918528,41.8415456],[12.8918663,41.8414825],[12.89177,41.8415378],[12.8916982,41.8415657],[12.8915773,41.8415556],[12.8914583,41.8416178],[12.8914018,41.8416357],[12.8913832,41.8416357]]},"properties":{"site":"palestrina","name":"","highway":"path"}},{"type":"Feature","geometry":{"type":"LineString","coordinates":[[12.8953769,41.841431],[12.8954649,41.8414017],[12.895478,41.8414083]]},"properties":{"site":"palestrina","name":"","highway":"footway"}},{"type":"Feature","geometry":{"type":"LineString","coordinates":[[12.8942251,41.8380186],[12.8942805,41.8379531]]},"properties":{"site":"palestrina","name":"","highway":"track"}},{"type":"Feature","geometry":{"type":"LineString","coordinates":[[12.8924477,41.8400572],[12.8925013,41.8402632]]},"properties":{"site":"palestrina","name":"","highway":"footway"}},{"type":"Feature","geometry":{"type":"LineString","coordinates":[[12.8930308,41.8397545],[12.8923942,41.8398476],[12.8917874,41.8399363]]},"properties":{"site":"palestrina","name":"","highway":"footway"}},{"type":"Feature","geometry":{"type":"LineString","coordinates":[[12.8923942,41.8398476],[12.8923738,41.8397761]]},"properties":{"site":"palestrina","name":"","highway":"footway"}},{"type":"Feature","geometry":{"type":"LineString","coordinates":[[12.8914517,41.8399085],[12.8923738,41.8397761],[12.8932249,41.8396539],[12.8932132,41.8396086],[12.8914399,41.8398629],[12.8914517,41.8399085]]},"properties":{"site":"palestrina","name":"","highway":"footway"}}]}