{"type":"FeatureCollection","features":[{"type":"Feature","geometry":{"type":"LineString","coordinates":[[14.112801,40.8353595],[14.1125607,40.834879],[14.1125031,40.8347638],[14.1118571,40.8334964],[14.111812,40.8334079]]},"properties":{"site":"pozzuoli","name":"Viale Cimitero","highway":"service"}},{"type":"Feature","geometry":{"type":"LineString","coordinates":[[14.1180529,40.8246503],[14.1181289,40.8239284]]},"properties":{"site":"pozzuoli","name":"","highway":"service"}},{"type":"Feature","geometry":{"type":"LineString","coordinates":[[14.1232246,40.8255097],[14.1233816,40.8253346]]},"properties":{"site":"pozzuoli","name":"","highway":"steps"}},{"type":"Feature","geometry":{"type":"LineString","coordinates":[[14.1230395,40.8267054],[14.1230002,40.8266798],[14.1229256,40.8267316],[14.1229084,40.8267307],[14.1227179,40.8266846],[14.1226332,40.8266492],[14.1226894,40.8265814],[14.1224456,40.8264685]]},"properties":{"site":"pozzuoli","name":"Scalandrone","highway":"steps"}},{"type":"Feature","geometry":{"type":"LineString","coordinates":[[14.1203287,40.8238993],[14.1201786,40.8235229],[14.1201091,40.8234077],[14.1200726,40.8233207],[14.1200017,40.8231284]]},"properties":{"site":"pozzuoli","name":"Via Caldaie","highway":"pedestrian"}},{"type":"Feature","geometry":{"type":"LineString","coordinates":[[14.1199228,40.8239033],[14.1199384,40.8235725],[14.1199224,40.8233598],[14.1198529,40.8231666],[14.119774,40.8229671]]},"properties":{"site":"pozzuoli","name":"Via Gabriele Santilli","highway":"pedestrian"}},{"type":"Feature","geometry":{"type":"LineString","coordinates":[[14.1205111,40.8238673],[14.1203444,40.8234865],[14.120253,40.8232754]]},"properties":{"site":"pozzuoli","name":"Traversa Strettola del Porto","highway":"pedestrian"}},{"type":"Feature","geometry":{"type":"LineString","coordinates":[[14.1180701,40.8237005],[14.1179349,40.8237113]]},"properties":{"site":"pozzuoli","name":"","highway":"service"}},{"type":"Feature","geometry":{"type":"LineString","coordinates":[[14.1357658,40.8278678],[14.1355939,40.827773]]},"properties":{"site":"pozzuoli","name":"","highway":"service"}},{"type":"Feature","geometry":{"type":"LineString","coordinates":[[14.1368671,40.8270618],[14.1371249,40.8270541],[14.137422,40.8269791],[14.1376783,40.8269174]]},"properties":{"site":"pozzuoli","name":"","highway":"path"}},{"type":"Feature","geometry":{"type":"LineString","coordinates":[[14.1355358,40.8277369],[14.1354456,40.8276881]]},"properties":{"site":"pozzuoli","name":"","highway":"service"}},{"type":"Feature","geometry":{"type":"LineString","coordinates":[[14.1355939,40.827773],[14.1355358,40.8277369]]},"properties":{"site":"pozzuoli","name":"","highway":"service"}},{"type":"Feature","geometry":{"type":"LineString","coordinates":[[14.1376361,40.8262811],[14.137502,40.8261902],[14.1377453,40.8257934],[14.1380059,40.825539],[14.1382733,40.8254054],[14.1389719,40.8253332]]},"properties":{"site":"pozzuoli","name":"","highway":"path"}},{"type":"Feature","geometry":{"type":"LineString","coordinates":[[14.1371286,40.8237212],[14.1370523,40.8237112],[14.1369726,40.8237236],[14.1369156,40.823764],[14.1368774,40.8238264],[14.1368704,40.8239068],[14.1368899,40.8239676],[14.1369073,40.8239966],[14.1369372,40.8240227],[14.1370535,40.8240537]]},"properties":{"site":"pozzuoli","name":"Belvedere San Gennaro","highway":"service"}},{"type":"Feature","geometry":{"type":"LineString","coordinates":[[14.1199384,40.8235725],[14.1201786,40.8235229],[14.1203444,40.8234865],[14.1205133,40.8234513]]},"properties":{"site":"pozzuoli","name":"Via Angioporto Sommela","highway":"pedestrian"}},{"type":"Feature","geometry":{"type":"LineString","coordinates":[[14.1216991,40.8246649],[14.1216145,40.8246654],[14.1216147,40.8245918]]},"properties":{"site":"pozzuoli","name":"","highway":"steps"}},{"type":"Feature","geometry":{"type":"LineString","coordinates":[[14.1202276,40.822862],[14.1203355,40.8230405],[14.1204131,40.8232375],[14.1205069,40.8234371],[14.1205133,40.8234513],[14.1205743,40.8235908],[14.1206785,40.8238365]]},"properties":{"site":"pozzuoli","name":"Via Vincenzo Cosenza","highway":"pedestrian"}},{"type":"Feature","geometry":{"type":"LineString","coordinates":[[14.121666,40.8229739],[14.1213188,40.8230284],[14.121046,40.8230781],[14.1204131,40.8232375],[14.120253,40.8232754],[14.1200726,40.8233207],[14.1199224,40.8233598],[14.1195451,40.8234496]]},"properties":{"site":"pozzuoli","name":"Via Domenico Goglia","highway":"pedestrian"}},{"type":"Feature","geometry":{"type":"LineString","coordinates":[[14.1217868,40.8237777],[14.1217076,40.8237558],[14.1215827,40.8237325]]},"properties":{"site":"pozzuoli","name":"","highway":"footway"}},{"type":"Feature","geometry":{"type":"LineString","coordinates":[[14.1234361,40.8220114],[14.1233526,40.8221742],[14.1234598,40.8222039],[14.1233875,40.8222947],[14.1235194,40.8223725],[14.1235042,40.8223928],[14.1232818,40.8222652],[14.1232442,40.8223057]]},"properties":{"site":"pozzuoli","name":"","highway":"steps"}},{"type":"Feature","geometry":{"type":"LineString","coordinates":[[14.1235274,40.824473],[14.1236388,40.8244057],[14.1237656,40.8243404],[14.123891,40.824379],[14.1240164,40.8244215],[14.1241086,40.8244855],[14.124911,40.8239932]]},"properties":{"site":"pozzuoli","name":"","highway":"footway"}},{"type":"Feature","geometry":{"type":"LineString","coordinates":[[14.1222694,40.8217665],[14.1224677,40.8217705],[14.1226353,40.8218188],[14.1227499,40.8218413]]},"properties":{"site":"pozzuoli","name":"Rampa Raffaello Causa","highway":"steps"}},{"type":"Feature","geometry":{"type":"LineString","coordinates":[[14.1221395,40.8216954],[14.1221212,40.8216946]]},"properties":{"site":"pozzuoli","name":"","highway":"service"}},{"type":"Feature","geometry":{"type":"LineString","coordinates":[[14.1223012,40.8216983],[14.1221395,40.8216954]]},"properties":{"site":"pozzuoli","name":"","highway":"service"}},{"type":"Feature","geometry":{"type":"LineString","coordinates":[[14.1231465,40.8219714],[14.1228424,40.8218493],[14.1227971,40.8218293]]},"properties":{"site":"pozzuoli","name":"Via Duomo","highway":"service"}},{"type":"Feature","geometry":{"type":"LineString","coordinates":[[14.1261955,40.8224531],[14.1262146,40.8226614],[14.1264313,40.8226383],[14.1264361,40.8226605],[14.1262149,40.8226848],[14.12622,40.8227116],[14.1264429,40.8226876]]},"properties":{"site":"pozzuoli","name":"Rampa Cappuccini","highway":"steps"}},{"type":"Feature","geometry":{"type":"LineString","coordinates":[[14.1264507,40.8227261],[14.1254473,40.8228551],[14.1254003,40.8228651],[14.1253551,40.8228819],[14.1248472,40.8232161],[14.124759,40.8233503]]},"properties":{"site":"pozzuoli","name":"Rampa Cappuccini","highway":"footway"}},{"type":"Feature","geometry":{"type":"LineString","coordinates":[[14.1353267,40.8238969],[14.1355793,40.8240304],[14.1356105,40.8240883],[14.135558,40.8242558],[14.1355266,40.8244243]]},"properties":{"site":"pozzuoli","name":"","highway":"service"}},{"type":"Feature","geometry":{"type":"LineString","coordinates":[[14.1196902,40.8225417],[14.119719,40.8225357],[14.119803,40.822534],[14.1198904,40.8225427],[14.1199712,40.8225509],[14.1201507,40.8225719],[14.1201688,40.8225782],[14.1201858,40.8225832],[14.1202718,40.8225792],[14.1204212,40.8225703],[14.120503,40.8225631],[14.1206582,40.8225523],[14.1207005,40.8223544],[14.1207282,40.8222493],[14.1207957,40.822366],[14.1208553,40.8224911],[14.1209363,40.8226585],[14.1208359,40.8226881],[14.1206742,40.8227313],[14.120601,40.8227532],[14.1205239,40.8227749],[14.1204981,40.8227823],[14.1205018,40.8227898],[14.1203992,40.8228161],[14.1203232,40.8228346],[14.1202523,40.8228529],[14.1202276,40.822862],[14.1201795,40.8228763],[14.1200787,40.822899],[14.1198047,40.8229609],[14.119774,40.8229671],[14.1197481,40.8229224],[14.1197227,40.8228784],[14.1196956,40.8227271],[14.11969,40.8227003],[14.1196845,40.8226748],[14.1196593,40.8225514],[14.1196902,40.8225417]]},"properties":{"site":"pozzuoli","name":"Piazza della Repubblica","highway":"pedestrian"}},{"type":"Feature","geometry":{"type":"LineString","coordinates":[[14.1202112,40.822359],[14.1197177,40.8222999]]},"properties":{"site":"pozzuoli","name":"Vico Portanova","highway":"pedestrian"}},{"type":"Feature","geometry":{"type":"LineString","coordinates":[[14.1202451,40.8222047],[14.1202112,40.822359],[14.1201688,40.8225782]]},"properties":{"site":"pozzuoli","name":"Strada Portanova","highway":"pedestrian"}},{"type":"Feature","geometry":{"type":"LineString","coordinates":[[14.1192508,40.8221305],[14.1192761,40.8222132],[14.1194749,40.822193],[14.1194978,40.8223288],[14.1195372,40.8225179]]},"properties":{"site":"pozzuoli","name":"Via Darsena","highway":"pedestrian"}},{"type":"Feature","geometry":{"type":"LineString","coordinates":[[14.1185613,40.8228307],[14.1188151,40.8228026],[14.1188323,40.8228006],[14.1191431,40.8227643],[14.1193774,40.8227369],[14.11969,40.8227003]]},"properties":{"site":"pozzuoli","name":"Via Cesare Augusto","highway":"pedestrian"}},{"type":"Feature","geometry":{"type":"LineString","coordinates":[[14.1185613,40.8228307],[14.1185541,40.8228085],[14.1185325,40.822742],[14.1185116,40.8227126],[14.1184451,40.8226713],[14.1184257,40.8226366],[14.1184109,40.8226102]]},"properties":{"site":"pozzuoli","name":"","highway":"pedestrian"}},{"type":"Feature","geometry":{"type":"LineString","coordinates":[[14.121024,40.8276104],[14.1213767,40.827465],[14.1214961,40.8274183],[14.1215558,40.827429]]},"properties":{"site":"pozzuoli","name":"","highway":"footway"}},{"type":"Feature","geometry":{"type":"LineString","coordinates":[[14.1183888,40.8224411],[14.1184333,40.822437],[14.1187485,40.8224079],[14.1191,40.8223793],[14.1194978,40.8223288]]},"properties":{"site":"pozzuoli","name":"Vico dei Marinai","highway":"pedestrian"}},{"type":"Feature","geometry":{"type":"LineString","coordinates":[[14.1194316,40.8230371],[14.1195771,40.8230075],[14.1197507,40.8229714],[14.119774,40.8229671],[14.1197481,40.8229224],[14.1197227,40.8228784],[14.1194082,40.8229208],[14.1193758,40.8227648],[14.1193747,40.8227577],[14.1193774,40.8227369],[14.1193808,40.8227102],[14.1193492,40.8225566],[14.119346,40.8225411],[14.1193429,40.8225258],[14.1192972,40.8225314],[14.1192179,40.8225405],[14.1192028,40.8225572],[14.1191817,40.8225805],[14.1192089,40.8227353],[14.1191392,40.8227422],[14.1191431,40.8227643],[14.1191473,40.8227885],[14.1191616,40.8228594],[14.1191889,40.8228563],[14.119205,40.8229359],[14.1188682,40.8229747],[14.1188379,40.8228241],[14.1188323,40.8228006],[14.118826,40.8227741],[14.1188104,40.8227756],[14.1185811,40.8227972],[14.1185541,40.8228085],[14.1185121,40.8228262],[14.1185196,40.8228608],[14.1185577,40.8230418],[14.1187841,40.823014],[14.1188151,40.8231587],[14.1190031,40.8231308],[14.1190507,40.8231213],[14.1190914,40.8231104],[14.1192754,40.8230702],[14.119386,40.8230464],[14.1194062,40.8230421],[14.1194316,40.8230371]]},"properties":{"site":"pozzuoli","name":"","highway":"pedestrian"}},{"type":"Feature","geometry":{"type":"LineString","coordinates":[[14.1216439,40.8213015],[14.1215203,40.8212845],[14.1215137,40.8214625],[14.1215138,40.8214695],[14.1215137,40.8214775],[14.1216334,40.8214798],[14.1216278,40.8216492],[14.1216275,40.8216727],[14.1216315,40.8216963],[14.1217026,40.821702],[14.1217023,40.8216857],[14.1218441,40.8216842],[14.1221122,40.8217104],[14.1221212,40.8216946],[14.1221361,40.8216648],[14.122144,40.8216077],[14.1219976,40.8215759],[14.1218145,40.8214311],[14.1216439,40.8213015]]},"properties":{"site":"pozzuoli","name":"","highway":"pedestrian"}},{"type":"Feature","geometry":{"type":"LineString","coordinates":[[14.1212618,40.8216647],[14.1212212,40.8215035],[14.1212218,40.8214405],[14.1212343,40.8213689],[14.1213068,40.8212747],[14.1213773,40.8212116],[14.1213962,40.8211768],[14.121409,40.8211347],[14.1214053,40.8210516]]},"properties":{"site":"pozzuoli","name":"","highway":"pedestrian"}},{"type":"Feature","geometry":{"type":"LineString","coordinates":[[14.1212218,40.8214405],[14.1214178,40.8214665],[14.1215138,40.8214695]]},"properties":{"site":"pozzuoli","name":"","highway":"pedestrian"}},{"type":"Feature","geometry":{"type":"LineString","coordinates":[[14.1195641,40.8218824],[14.1198003,40.8218629],[14.1198913,40.8218554],[14.1198852,40.8216763],[14.1199004,40.8216512],[14.1199389,40.8216365],[14.1203003,40.8216442],[14.1203398,40.8216456],[14.1206834,40.821657]]},"properties":{"site":"pozzuoli","name":"Via Duomo","highway":"pedestrian"}},{"type":"Feature","geometry":{"type":"LineString","coordinates":[[14.1206834,40.821657],[14.1206831,40.821433],[14.1206887,40.8213978],[14.1207418,40.8212494]]},"properties":{"site":"pozzuoli","name":"","highway":"pedestrian"}},{"type":"Feature","geometry":{"type":"LineString","coordinates":[[14.1339829,40.8205203],[14.133979,40.8205531],[14.1340324,40.8207354],[14.1342119,40.8212224]]},"properties":{"site":"pozzuoli","name":"","highway":"service"}},{"type":"Feature","geometry":{"type":"LineString","coordinates":[[14.12185,40.8236802],[14.1219228,40.8236799],[14.1219241,40.8235733],[14.1219795,40.8235726],[14.1219804,40.8236738],[14.1220533,40.8236731],[14.1220408,40.8237723],[14.1220861,40.8237727],[14.12211,40.8236621],[14.1221531,40.823661],[14.122169,40.8237363],[14.1221978,40.8237341],[14.1222143,40.8237329],[14.1222142,40.8234895],[14.1222176,40.823484],[14.1222248,40.8234783],[14.1222406,40.8234728],[14.1222746,40.8234694],[14.122635,40.8234691]]},"properties":{"site":"pozzuoli","name":"Pendio San Giuseppe","highway":"steps"}},{"type":"Feature","geometry":{"type":"LineString","coordinates":[[14.1186681,40.823829],[14.1186754,40.8237671],[14.1186973,40.8237103],[14.118746,40.8236975],[14.1192286,40.8237263]]},"properties":{"site":"pozzuoli","name":"","highway":"service"}},{"type":"Feature","geometry":{"type":"LineString","coordinates":[[14.118278,40.8226825],[14.1182629,40.8226063],[14.1182478,40.8225373],[14.1182185,40.822416],[14.1182011,40.8223812],[14.1181784,40.8223505],[14.1181465,40.8223251],[14.1181093,40.8223027],[14.1180444,40.8222756]]},"properties":{"site":"pozzuoli","name":"","highway":"service"}},{"type":"Feature","geometry":{"type":"LineString","coordinates":[[14.1177846,40.8222205],[14.1174846,40.8221641],[14.1174215,40.8221753],[14.1156195,40.8218733],[14.1137878,40.8215403]]},"properties":{"site":"pozzuoli","name":"Molo Caligoliano","highway":"service"}},{"type":"Feature","geometry":{"type":"LineString","coordinates":[[14.1180444,40.8222756],[14.1177846,40.8222205]]},"properties":{"site":"pozzuoli","name":"","highway":"service"}},{"type":"Feature","geometry":{"type":"LineString","coordinates":[[14.1189022,40.8210538],[14.1186923,40.8210534],[14.1186192,40.8210757],[14.1185834,40.8211211],[14.1179832,40.8219286],[14.1179115,40.8220098],[14.1151491,40.8214764],[14.1150208,40.821473],[14.1147482,40.8214652],[14.1141852,40.8214173],[14.1135958,40.8213403]]},"properties":{"site":"pozzuoli","name":"","highway":"footway"}},{"type":"Feature","geometry":{"type":"LineString","coordinates":[[14.121024,40.8276104],[14.1209794,40.8275835],[14.121278,40.8272951],[14.1213048,40.8272342]]},"properties":{"site":"pozzuoli","name":"","highway":"steps"}},{"type":"Feature","geometry":{"type":"LineString","coordinates":[[14.1214253,40.8232683],[14.1214149,40.8237021]]},"properties":{"site":"pozzuoli","name":"Traversa Allumiera","highway":"pedestrian"}},{"type":"Feature","geometry":{"type":"LineString","coordinates":[[14.1216841,40.8232423],[14.1214253,40.8232683],[14.1210828,40.8233148]]},"properties":{"site":"pozzuoli","name":"Via Allumiera","highway":"pedestrian"}},{"type":"Feature","geometry":{"type":"LineString","coordinates":[[14.1228065,40.8219086],[14.1228424,40.8218493]]},"properties":{"site":"pozzuoli","name":"","highway":"steps"}},{"type":"Feature","geometry":{"type":"LineString","coordinates":[[14.124154,40.8229758],[14.1240971,40.8230067],[14.1240649,40.8230283],[14.1236624,40.8232694],[14.1235501,40.8232914],[14.1232069,40.8235388],[14.1231795,40.8235586]]},"properties":{"site":"pozzuoli","name":"","highway":"service"}},{"type":"Feature","geometry":{"type":"LineString","coordinates":[[14.119492,40.8238796],[14.1192858,40.8233071]]},"properties":{"site":"pozzuoli","name":"","highway":"service"}},{"type":"Feature","geometry":{"type":"LineString","coordinates":[[14.1196642,40.8238893],[14.1196582,40.8237951],[14.1196502,40.8237543],[14.1195451,40.8234496],[14.1194734,40.8232694]]},"properties":{"site":"pozzuoli","name":"Via Giovambattista Vecchione","highway":"pedestrian"}},{"type":"Feature","geometry":{"type":"LineString","coordinates":[[14.1249356,40.8234438],[14.12485,40.823509]]},"properties":{"site":"pozzuoli","name":"","highway":"service"}},{"type":"Feature","geometry":{"type":"LineString","coordinates":[[14.12485,40.823509],[14.1247063,40.8235995],[14.1246576,40.8236044],[14.1243224,40.823832],[14.1242257,40.8237505],[14.1241317,40.8236712],[14.124266,40.82358],[14.1243183,40.823568],[14.1244452,40.8234821],[14.1245302,40.8234742],[14.1245816,40.8235183],[14.1246525,40.8235792],[14.1246576,40.8236044]]},"properties":{"site":"pozzuoli","name":"","highway":"service"}},{"type":"Feature","geometry":{"type":"LineString","coordinates":[[14.1248778,40.8239165],[14.124911,40.8239932],[14.1249665,40.8240982],[14.1249788,40.8241571],[14.1249537,40.824197],[14.1242672,40.8246174],[14.1239766,40.8247954],[14.1238787,40.8248305],[14.1237127,40.8246433]]},"properties":{"site":"pozzuoli","name":"","highway":"footway"}},{"type":"Feature","geometry":{"type":"LineString","coordinates":[[14.1224677,40.8217705],[14.1224928,40.8216863],[14.1225034,40.8216502]]},"properties":{"site":"pozzuoli","name":"","highway":"steps"}},{"type":"Feature","geometry":{"type":"LineString","coordinates":[[14.1244452,40.8234821],[14.124421,40.8234611],[14.1242845,40.8233438],[14.1243049,40.82333]]},"properties":{"site":"pozzuoli","name":"","highway":"footway"}},{"type":"Feature","geometry":{"type":"LineString","coordinates":[[14.1210979,40.8234634],[14.1210588,40.8234704]]},"properties":{"site":"pozzuoli","name":"Via Giovanni Merone","highway":"pedestrian"}},{"type":"Feature","geometry":{"type":"LineString","coordinates":[[14.1214379,40.824766],[14.1214017,40.8247661],[14.1213017,40.8247615]]},"properties":{"site":"pozzuoli","name":"","highway":"footway"}},{"type":"Feature","geometry":{"type":"LineString","coordinates":[[14.1216147,40.8245918],[14.1214767,40.8245912]]},"properties":{"site":"pozzuoli","name":"","highway":"footway"}},{"type":"Feature","geometry":{"type":"LineString","coordinates":[[14.1214379,40.824766],[14.1214346,40.8246664],[14.1214792,40.8246661],[14.1214767,40.8245912]]},"properties":{"site":"pozzuoli","name":"","highway":"steps"}},{"type":"Feature","geometry":{"type":"LineString","coordinates":[[14.1205069,40.8234371],[14.1205524,40.82343],[14.1208954,40.8233413]]},"properties":{"site":"pozzuoli","name":"Via Angioporto Sommela","highway":"pedestrian"}},{"type":"Feature","geometry":{"type":"LineString","coordinates":[[14.1264429,40.8226876],[14.1264507,40.8227261]]},"properties":{"site":"pozzuoli","name":"Via Cappuccini","highway":"footway"}},{"type":"Feature","geometry":{"type":"LineString","coordinates":[[14.1230827,40.823625],[14.1231795,40.8235586]]},"properties":{"site":"pozzuoli","name":"","highway":"footway"}},{"type":"Feature","geometry":{"type":"LineString","coordinates":[[14.1196902,40.8225417],[14.1196911,40.8225027],[14.1197177,40.8222999],[14.1197371,40.8221276]]},"properties":{"site":"pozzuoli","name":"Vico Torrione","highway":"pedestrian"}},{"type":"Feature","geometry":{"type":"LineString","coordinates":[[14.1214834,40.8225162],[14.1209555,40.8226389]]},"properties":{"site":"pozzuoli","name":"Piazza della Repubblica","highway":"pedestrian"}},{"type":"Feature","geometry":{"type":"LineString","coordinates":[[14.1192858,40.8233071],[14.1194734,40.8232694],[14.119487,40.8232565],[14.1198529,40.8231666],[14.1200017,40.8231284],[14.1203355,40.8230405],[14.1210179,40.8228486],[14.1213025,40.8227735],[14.1214479,40.8227573],[14.1215759,40.8227363]]},"properties":{"site":"pozzuoli","name":"Via Maso Carrese","highway":"pedestrian"}},{"type":"Feature","geometry":{"type":"LineString","coordinates":[[14.1201342,40.8248128],[14.1202619,40.8245774],[14.1204019,40.8243294],[14.1204546,40.824206],[14.1204499,40.8240617],[14.1203312,40.8240363],[14.1201651,40.8240278],[14.1200488,40.8240225],[14.1198291,40.8240087],[14.1196102,40.8240139],[14.119446,40.8240044],[14.1191423,40.8239869],[14.1188495,40.82397],[14.1181289,40.8239284]]},"properties":{"site":"pozzuoli","name":"Largo San Paolo","highway":"service"}},{"type":"Feature","geometry":{"type":"LineString","coordinates":[[14.1195262,40.8259365],[14.1193535,40.8258521],[14.119439,40.8257057],[14.1194974,40.8255987],[14.1196901,40.8253818],[14.1199039,40.8251294],[14.1200056,40.8250045],[14.1201342,40.8248128]]},"properties":{"site":"pozzuoli","name":"","highway":"service"}},{"type":"Feature","geometry":{"type":"LineString","coordinates":[[14.1183605,40.8237258],[14.1183496,40.8236743],[14.1183369,40.8236099],[14.1183541,40.8235823],[14.1184108,40.8235653],[14.1185189,40.823568],[14.1185143,40.8236173],[14.118696,40.8236279],[14.1186831,40.823671],[14.1186508,40.8237339],[14.1184258,40.823716],[14.1184108,40.8237606],[14.1183776,40.8237517],[14.1183605,40.8237258]]},"properties":{"site":"pozzuoli","name":"","highway":"pedestrian"}},{"type":"Feature","geometry":{"type":"LineString","coordinates":[[14.1193383,40.8252523],[14.1193946,40.8252699],[14.1194519,40.8252435],[14.1194658,40.8251791],[14.1194863,40.8251801],[14.119496,40.8251809],[14.1194991,40.8251592],[14.1196756,40.8250485],[14.1196741,40.8249964],[14.1196732,40.8249653],[14.1196949,40.8248458],[14.1197132,40.8248473],[14.1197203,40.8248486],[14.11974,40.8247476],[14.1197328,40.8247468],[14.1197176,40.8247447],[14.119751,40.8245628],[14.1197682,40.8245649],[14.1197772,40.8245666],[14.1197926,40.8244949],[14.1197822,40.8244936],[14.1197668,40.8244916],[14.1198057,40.8243115],[14.1198174,40.8243131],[14.1198287,40.8243139],[14.11985,40.8242116],[14.1198375,40.8242101],[14.1198238,40.8242087],[14.1198396,40.8241234],[14.1197804,40.8241186],[14.1197171,40.8241135],[14.1196412,40.8245191],[14.1195705,40.8248368],[14.1193933,40.8251629],[14.1193383,40.8252523]]},"properties":{"site":"pozzuoli","name":"","highway":"service"}},{"type":"Feature","geometry":{"type":"LineString","coordinates":[[14.1199039,40.8251294],[14.11984,40.8250952],[14.1197681,40.8251347],[14.1195852,40.8252634],[14.1195262,40.8252051],[14.1195305,40.8251761],[14.1197243,40.8250552],[14.1197265,40.8250212],[14.1196741,40.8249964]]},"properties":{"site":"pozzuoli","name":"","highway":"service"}},{"type":"Feature","geometry":{"type":"LineString","coordinates":[[14.1197822,40.8244936],[14.1197925,40.8244406]]},"properties":{"site":"pozzuoli","name":"","highway":"steps"}},{"type":"Feature","geometry":{"type":"LineString","coordinates":[[14.1197328,40.8247468],[14.1197438,40.8246904]]},"properties":{"site":"pozzuoli","name":"","highway":"steps"}},{"type":"Feature","geometry":{"type":"LineString","coordinates":[[14.1197682,40.8245649],[14.1197574,40.8246206]]},"properties":{"site":"pozzuoli","name":"","highway":"steps"}},{"type":"Feature","geometry":{"type":"LineString","coordinates":[[14.1198174,40.8243131],[14.1198067,40.8243677]]},"properties":{"site":"pozzuoli","name":"","highway":"steps"}},{"type":"Feature","geometry":{"type":"LineString","coordinates":[[14.1194863,40.8251801],[14.1194836,40.8252202]]},"properties":{"site":"pozzuoli","name":"","highway":"steps"}},{"type":"Feature","geometry":{"type":"LineString","coordinates":[[14.1198375,40.8242101],[14.1198479,40.8241565]]},"properties":{"site":"pozzuoli","name":"","highway":"steps"}},{"type":"Feature","geometry":{"type":"LineString","coordinates":[[14.1197132,40.8248473],[14.1197013,40.824908]]},"properties":{"site":"pozzuoli","name":"","highway":"steps"}},{"type":"Feature","geometry":{"type":"LineString","coordinates":[[14.120287,40.8248618],[14.120242,40.8248474],[14.1201342,40.8248128]]},"properties":{"site":"pozzuoli","name":"","highway":"service"}},{"type":"Feature","geometry":{"type":"LineString","coordinates":[[14.1204546,40.824206],[14.1203593,40.8242136],[14.1202915,40.8243281]]},"properties":{"site":"pozzuoli","name":"","highway":"footway"}},{"type":"Feature","geometry":{"type":"LineString","coordinates":[[14.11984,40.8250952],[14.1197927,40.8250538],[14.1198956,40.824987]]},"properties":{"site":"pozzuoli","name":"","highway":"footway"}},{"type":"Feature","geometry":{"type":"LineString","coordinates":[[14.1187211,40.8222291],[14.1187263,40.8222628],[14.1187485,40.8224079],[14.1187802,40.8226005],[14.1188104,40.8227756],[14.1188151,40.8228026]]},"properties":{"site":"pozzuoli","name":"Via Assunta a Mare","highway":"pedestrian"}},{"type":"Feature","geometry":{"type":"LineString","coordinates":[[14.1184109,40.8226102],[14.1183888,40.8224411],[14.1183922,40.8222335]]},"properties":{"site":"pozzuoli","name":"Piazza San Paolo","highway":"pedestrian"}},{"type":"Feature","geometry":{"type":"LineString","coordinates":[[14.1202537,40.82529],[14.1201548,40.8252628]]},"properties":{"site":"pozzuoli","name":"Largo del Rosso","highway":"service"}},{"type":"Feature","geometry":{"type":"LineString","coordinates":[[14.1201548,40.8252628],[14.1200796,40.8252408]]},"properties":{"site":"pozzuoli","name":"Largo del Rosso","highway":"service"}},{"type":"Feature","geometry":{"type":"LineString","coordinates":[[14.1207446,40.8249816],[14.120668,40.8252043],[14.1205489,40.8251827],[14.120442,40.8253374],[14.1202537,40.82529]]},"properties":{"site":"pozzuoli","name":"Largo del Rosso","highway":"service"}},{"type":"Feature","geometry":{"type":"LineString","coordinates":[[14.1230902,40.8254314],[14.1232246,40.8255097]]},"properties":{"site":"pozzuoli","name":"","highway":"steps"}},{"type":"Feature","geometry":{"type":"LineString","coordinates":[[14.1279551,40.8359892],[14.1283078,40.8359225],[14.1284144,40.8358889],[14.1285003,40.8358455],[14.1286207,40.8357383],[14.1287614,40.8356792],[14.1290115,40.8356674],[14.1292323,40.8356954],[14.1294237,40.8357797],[14.1295488,40.8358063],[14.1296699,40.835827],[14.1299044,40.83583],[14.1301644,40.8358462]]},"properties":{"site":"pozzuoli","name":"","highway":"service"}},{"type":"Feature","geometry":{"type":"LineString","coordinates":[[14.1252088,40.8239819],[14.1252583,40.8240224],[14.1252758,40.8240518],[14.1253655,40.8241374],[14.125591,40.8241969]]},"properties":{"site":"pozzuoli","name":"Villetta Vincenzo Luongo","highway":"footway"}},{"type":"Feature","geometry":{"type":"LineString","coordinates":[[14.1252758,40.8240518],[14.1252141,40.8240934],[14.1252463,40.8241736],[14.1252112,40.8242515],[14.1252074,40.8243167],[14.1252352,40.8243548]]},"properties":{"site":"pozzuoli","name":"Villetta Vincenzo Luongo","highway":"footway"}},{"type":"Feature","geometry":{"type":"LineString","coordinates":[[14.1249425,40.8238917],[14.1248778,40.8239165],[14.1248464,40.8239001],[14.1247931,40.8239139],[14.1247353,40.8239494],[14.1245525,40.8240618],[14.1243571,40.8241819],[14.1241149,40.8243504],[14.1240164,40.8244215],[14.1237127,40.8246433],[14.1235274,40.824473],[14.1235004,40.8244482]]},"properties":{"site":"pozzuoli","name":"","highway":"footway"}},{"type":"Feature","geometry":{"type":"LineString","coordinates":[[14.1229249,40.8236755],[14.1228381,40.8234525]]},"properties":{"site":"pozzuoli","name":"","highway":"footway"}},{"type":"Feature","geometry":{"type":"LineString","coordinates":[[14.1228381,40.8234525],[14.1227689,40.8234484]]},"properties":{"site":"pozzuoli","name":"","highway":"steps"}},{"type":"Feature","geometry":{"type":"LineString","coordinates":[[14.123491,40.8336783],[14.1235929,40.8337412],[14.1237992,40.8337833],[14.1241133,40.8338021],[14.124234,40.8338427],[14.1244539,40.8337554],[14.1246173,40.8336514]]},"properties":{"site":"pozzuoli","name":"","highway":"service"}},{"type":"Feature","geometry":{"type":"LineString","coordinates":[[14.1219807,40.8293388],[14.1221754,40.8293703],[14.1221928,40.8293718],[14.1222623,40.8291765],[14.122324,40.829008]]},"properties":{"site":"pozzuoli","name":"","highway":"path"}},{"type":"Feature","geometry":{"type":"LineString","coordinates":[[14.1221754,40.8293703],[14.1221518,40.8294342],[14.1223264,40.8294547],[14.1224308,40.8294907],[14.1222973,40.8296138],[14.1222369,40.829646]]},"properties":{"site":"pozzuoli","name":"","highway":"path"}},{"type":"Feature","geometry":{"type":"LineString","coordinates":[[14.1222369,40.829646],[14.1220634,40.8296855]]},"properties":{"site":"pozzuoli","name":"","highway":"steps"}},{"type":"Feature","geometry":{"type":"LineString","coordinates":[[14.1224308,40.8294907],[14.122552,40.8295907]]},"properties":{"site":"pozzuoli","name":"","highway":"steps"}},{"type":"Feature","geometry":{"type":"LineString","coordinates":[[14.1237169,40.8249997],[14.1239467,40.825168],[14.1240755,40.8251295],[14.1242689,40.8250326],[14.124333,40.8250379]]},"properties":{"site":"pozzuoli","name":"Rampa Aurelio Saffi","highway":"steps"}},{"type":"Feature","geometry":{"type":"LineString","coordinates":[[14.1262013,40.8281944],[14.1262373,40.828253],[14.1260523,40.8284296],[14.1264385,40.8288599],[14.12649,40.8288373]]},"properties":{"site":"pozzuoli","name":"","highway":"footway"}},{"type":"Feature","geometry":{"type":"LineString","coordinates":[[14.1264385,40.8288599],[14.1267015,40.8291575]]},"properties":{"site":"pozzuoli","name":"","highway":"footway"}},{"type":"Feature","geometry":{"type":"LineString","coordinates":[[14.1240164,40.8244215],[14.1238705,40.8243163]]},"properties":{"site":"pozzuoli","name":"","highway":"footway"}},{"type":"Feature","geometry":{"type":"LineString","coordinates":[[14.1228605,40.82375],[14.1228994,40.8238353],[14.1229278,40.8239487],[14.1230557,40.8240982],[14.1229975,40.8241984]]},"properties":{"site":"pozzuoli","name":"","highway":"footway"}},{"type":"Feature","geometry":{"type":"LineString","coordinates":[[14.1235004,40.8244482],[14.1233307,40.8243399],[14.123265,40.824298],[14.1232077,40.8242417],[14.1230557,40.8240982],[14.1229237,40.8240638],[14.1224611,40.8240523],[14.1227401,40.8238457],[14.1228605,40.82375],[14.1229249,40.8236755]]},"properties":{"site":"pozzuoli","name":"","highway":"footway"}},{"type":"Feature","geometry":{"type":"LineString","coordinates":[[14.1233307,40.8243399],[14.1234328,40.8242152],[14.1235831,40.824327],[14.1237656,40.8243404]]},"properties":{"site":"pozzuoli","name":"","highway":"footway"}},{"type":"Feature","geometry":{"type":"LineString","coordinates":[[14.1235451,40.8241077],[14.1234328,40.8242152],[14.1233515,40.8241578],[14.1233274,40.8240766],[14.1231879,40.82404],[14.123086,40.8238959],[14.1230994,40.8238493],[14.1229921,40.82376],[14.1229412,40.823764],[14.1229385,40.8238107],[14.1228994,40.8238353]]},"properties":{"site":"pozzuoli","name":"","highway":"footway"}},{"type":"Feature","geometry":{"type":"LineString","coordinates":[[14.1230557,40.8240982],[14.1231879,40.82404]]},"properties":{"site":"pozzuoli","name":"","highway":"footway"}},{"type":"Feature","geometry":{"type":"LineString","coordinates":[[14.1241086,40.8244855],[14.1242672,40.8246174]]},"properties":{"site":"pozzuoli","name":"","highway":"footway"}},{"type":"Feature","geometry":{"type":"LineString","coordinates":[[14.1233274,40.8240766],[14.1234287,40.8240163]]},"properties":{"site":"pozzuoli","name":"","highway":"footway"}},{"type":"Feature","geometry":{"type":"LineString","coordinates":[[14.1242497,40.8240686],[14.1243571,40.8241819]]},"properties":{"site":"pozzuoli","name":"","highway":"footway"}},{"type":"Feature","geometry":{"type":"LineString","coordinates":[[14.1244377,40.8239484],[14.1245525,40.8240618]]},"properties":{"site":"pozzuoli","name":"","highway":"footway"}},{"type":"Feature","geometry":{"type":"LineString","coordinates":[[14.1226264,40.828058],[14.1225253,40.8280184],[14.1224806,40.8280011],[14.1223234,40.827928],[14.1222294,40.8278853],[14.122158,40.827872],[14.1220048,40.8279811]]},"properties":{"site":"pozzuoli","name":"","highway":"service"}},{"type":"Feature","geometry":{"type":"LineString","coordinates":[[14.1218468,40.8294773],[14.1216502,40.8296232]]},"properties":{"site":"pozzuoli","name":"","highway":"service"}},{"type":"Feature","geometry":{"type":"LineString","coordinates":[[14.1264896,40.8325477],[14.1266048,40.8326328],[14.126704,40.8328394],[14.1267469,40.833018],[14.1269695,40.8331807],[14.1274309,40.8334405],[14.1277045,40.8336272],[14.1279646,40.8338013],[14.1283026,40.833915],[14.1283509,40.8340489],[14.1283187,40.8341788],[14.128434,40.8343131],[14.1286969,40.8345079]]},"properties":{"site":"pozzuoli","name":"","highway":"track"}},{"type":"Feature","geometry":{"type":"LineString","coordinates":[[14.1108876,40.8337698],[14.1109044,40.833801],[14.1109588,40.8339486],[14.1112612,40.8352199],[14.1113075,40.8352971],[14.1113683,40.8353963],[14.1114853,40.8355874],[14.1120727,40.8353885],[14.1119929,40.8352178],[14.1113683,40.8353963]]},"properties":{"site":"pozzuoli","name":"","highway":"service"}},{"type":"Feature","geometry":{"type":"LineString","coordinates":[[14.1249995,40.8222291],[14.1261696,40.8221772]]},"properties":{"site":"pozzuoli","name":"","highway":"footway"}},{"type":"Feature","geometry":{"type":"LineString","coordinates":[[14.1393345,40.8255453],[14.1392313,40.8255568],[14.1390999,40.8255908],[14.1387847,40.82571],[14.1385268,40.825783],[14.1383217,40.8258641],[14.1380808,40.8259909],[14.1377963,40.8261405],[14.1376361,40.8262811],[14.1372644,40.8266448],[14.1368671,40.8270618],[14.1364009,40.8275298],[14.1363756,40.8275706],[14.1363453,40.8276587],[14.1363183,40.827757],[14.1363469,40.8278119],[14.1364195,40.8278503],[14.1364667,40.8279294],[14.1364628,40.8279388],[14.1363954,40.8280991]]},"properties":{"site":"pozzuoli","name":"","highway":"path"}},{"type":"Feature","geometry":{"type":"LineString","coordinates":[[14.1339442,40.8203935],[14.1340032,40.820382],[14.1348248,40.8202219],[14.1348673,40.8202227],[14.1348948,40.820242],[14.1349515,40.8203048],[14.1349762,40.8203321]]},"properties":{"site":"pozzuoli","name":"Largo Pietro da Eboli","highway":"service"}},{"type":"Feature","geometry":{"type":"LineString","coordinates":[[14.109883,40.8229239],[14.1129662,40.8216281],[14.1136174,40.8215399],[14.1137598,40.8215644],[14.1176975,40.8222425],[14.1177846,40.8222205]]},"properties":{"site":"pozzuoli","name":"","highway":"footway"}},{"type":"Feature","geometry":{"type":"LineString","coordinates":[[14.1214053,40.8210516],[14.1213788,40.8210392],[14.1211891,40.8210319],[14.1210891,40.8210326],[14.1209793,40.8210468],[14.1208457,40.8210417],[14.1205952,40.8210213],[14.1204383,40.8209959],[14.120412,40.8209916]]},"properties":{"site":"pozzuoli","name":"Via Crocevia","highway":"pedestrian"}},{"type":"Feature","geometry":{"type":"LineString","coordinates":[[14.1181289,40.8239284],[14.1180955,40.8238684],[14.1180701,40.8237005],[14.1180645,40.8236536],[14.1180355,40.8234835],[14.1180032,40.8231701]]},"properties":{"site":"pozzuoli","name":"Largo San Paolo","highway":"service"}},{"type":"Feature","geometry":{"type":"LineString","coordinates":[[14.1180032,40.8231701],[14.1180194,40.8230171],[14.1179805,40.8227748],[14.118141,40.8227514]]},"properties":{"site":"pozzuoli","name":"Largo San Paolo","highway":"service"}},{"type":"Feature","geometry":{"type":"LineString","coordinates":[[14.122888,40.8265182],[14.1227179,40.8266846]]},"properties":{"site":"pozzuoli","name":"","highway":"steps"}},{"type":"Feature","geometry":{"type":"LineString","coordinates":[[14.1224011,40.8265472],[14.1222884,40.8264896],[14.1221721,40.8264374],[14.121609,40.8262255]]},"properties":{"site":"pozzuoli","name":"Gradoni dei Turchi Ricotti (Scalandrone)","highway":"steps"}},{"type":"Feature","geometry":{"type":"LineString","coordinates":[[14.1281675,40.8285743],[14.1285534,40.8283247],[14.1287308,40.8282312],[14.1287781,40.8282083]]},"properties":{"site":"pozzuoli","name":"","highway":"service"}},{"type":"Feature","geometry":{"type":"LineString","coordinates":[[14.1244226,40.8209569],[14.1248652,40.8210273]]},"properties":{"site":"pozzuoli","name":"","highway":"service"}},{"type":"Feature","geometry":{"type":"LineString","coordinates":[[14.1243566,40.821247],[14.1243597,40.821209],[14.1243667,40.8212006],[14.124397,40.8211648],[14.124407,40.8211181],[14.1243954,40.8210371],[14.1244226,40.8209569],[14.1244398,40.8208965],[14.1244703,40.8207894],[14.1249146,40.82086],[14.1248652,40.8210273],[14.124836,40.8211351],[14.1248348,40.821157],[14.1248351,40.8211825],[14.1248352,40.821194],[14.1248375,40.8212257]]},"properties":{"site":"pozzuoli","name":"","highway":"service"}},{"type":"Feature","geometry":{"type":"LineString","coordinates":[[14.1298662,40.8274349],[14.1304381,40.8270927],[14.1305688,40.8272059]]},"properties":{"site":"pozzuoli","name":"","highway":"service"}},{"type":"Feature","geometry":{"type":"LineString","coordinates":[[14.1251776,40.823679],[14.1253351,40.8236079],[14.1262112,40.8233971],[14.1266793,40.8232778]]},"properties":{"site":"pozzuoli","name":"","highway":"service"}},{"type":"Feature","geometry":{"type":"LineString","coordinates":[[14.1295377,40.8270811],[14.1300456,40.8267755],[14.1300779,40.8266983],[14.1304208,40.8264637],[14.1307188,40.8263011]]},"properties":{"site":"pozzuoli","name":"","highway":"service"}},{"type":"Feature","geometry":{"type":"LineString","coordinates":[[14.1383819,40.8330099],[14.138237,40.8331501],[14.1381887,40.8331829],[14.1381104,40.8332178],[14.1379478,40.8332424],[14.1379031,40.8332762],[14.137773,40.8334823],[14.1377568,40.8336946],[14.137712,40.8337776],[14.1376836,40.8338453],[14.1376653,40.8342883],[14.1376707,40.8344258],[14.1376239,40.8345596],[14.1375304,40.8347165]]},"properties":{"site":"pozzuoli","name":"","highway":"service"}},{"type":"Feature","geometry":{"type":"LineString","coordinates":[[14.1242499,40.8208706],[14.124213,40.8208713],[14.1238627,40.8208782],[14.123783,40.820892],[14.1237172,40.8209217],[14.1236796,40.8209439],[14.123661,40.8209536],[14.123616,40.8209754],[14.1235431,40.8209788],[14.1234751,40.8209584],[14.1234243,40.8209258],[14.1233406,40.8208579],[14.123309,40.8208247],[14.1232717,40.8207939],[14.1232531,40.820787],[14.1232327,40.8207821],[14.1231884,40.8207729],[14.123138,40.8207647],[14.1231115,40.8207636],[14.1230849,40.8207644],[14.1230343,40.820775],[14.1230072,40.8207825],[14.1229754,40.8207885],[14.1229188,40.820791],[14.1228912,40.8207907],[14.1228654,40.820792],[14.1228559,40.8207985]]},"properties":{"site":"pozzuoli","name":"","highway":"footway"}},{"type":"Feature","geometry":{"type":"LineString","coordinates":[[14.1210891,40.8210326],[14.1210884,40.8209842],[14.1210963,40.8209314],[14.1211045,40.8208016]]},"properties":{"site":"pozzuoli","name":"","highway":"pedestrian"}},{"type":"Feature","geometry":{"type":"LineString","coordinates":[[14.1205952,40.8210213],[14.1205854,40.8211407]]},"properties":{"site":"pozzuoli","name":"","highway":"pedestrian"}},{"type":"Feature","geometry":{"type":"LineString","coordinates":[[14.1215163,40.8205596],[14.1214989,40.8205975],[14.1214659,40.8207488],[14.1214847,40.8207884],[14.1215142,40.8208057],[14.1214994,40.8209234]]},"properties":{"site":"pozzuoli","name":"","highway":"footway"}},{"type":"Feature","geometry":{"type":"LineString","coordinates":[[14.1228086,40.8213089],[14.1227614,40.821072],[14.1227487,40.8210072],[14.122829,40.8209985],[14.1229217,40.8209975],[14.1229648,40.8208869],[14.1229839,40.820838]]},"properties":{"site":"pozzuoli","name":"","highway":"steps"}},{"type":"Feature","geometry":{"type":"LineString","coordinates":[[14.1376836,40.8338453],[14.1375792,40.8338937],[14.1374511,40.8339967],[14.1373657,40.834109],[14.1373292,40.8341736],[14.1372417,40.8342797],[14.1372133,40.8344335],[14.1371543,40.834535],[14.1371279,40.8346334],[14.1371259,40.8347226]]},"properties":{"site":"pozzuoli","name":"","highway":"track"}},{"type":"Feature","geometry":{"type":"LineString","coordinates":[[14.138641,40.8325781],[14.1385091,40.8326279],[14.1384126,40.8326949],[14.1383026,40.8327791],[14.1382235,40.8328684],[14.1381966,40.8329688],[14.1381524,40.8330855],[14.1381122,40.8331271],[14.1380639,40.8331434],[14.1380183,40.8331403],[14.1377769,40.8330084],[14.1382919,40.8325457]]},"properties":{"site":"pozzuoli","name":"","highway":"service"}},{"type":"Feature","geometry":{"type":"LineString","coordinates":[[14.1314968,40.8341037],[14.1312681,40.8343362]]},"properties":{"site":"pozzuoli","name":"","highway":"service"}},{"type":"Feature","geometry":{"type":"LineString","coordinates":[[14.1314843,40.8348022],[14.1314924,40.8348225],[14.131475,40.8348641],[14.1314455,40.834926],[14.1314495,40.8349706],[14.1314684,40.8350589]]},"properties":{"site":"pozzuoli","name":"","highway":"service"}},{"type":"Feature","geometry":{"type":"LineString","coordinates":[[14.1330168,40.8347253],[14.1331806,40.8348144],[14.1332646,40.8348868],[14.1332926,40.8349469],[14.133302,40.8350352]]},"properties":{"site":"pozzuoli","name":"","highway":"service"}},{"type":"Feature","geometry":{"type":"LineString","coordinates":[[14.13448,40.833936],[14.1345773,40.83392],[14.1346605,40.8338855],[14.1347114,40.8338307],[14.134766,40.8337126],[14.1347865,40.8336684],[14.1347919,40.8335425],[14.1346605,40.8331103],[14.1346122,40.8327835],[14.1345934,40.832745],[14.1344968,40.8326719],[14.1344807,40.8326334],[14.1345049,40.8325623]]},"properties":{"site":"pozzuoli","name":"","highway":"service"}},{"type":"Feature","geometry":{"type":"LineString","coordinates":[[14.134766,40.8337126],[14.1350243,40.8337076],[14.1353049,40.8336891],[14.1353862,40.8336568],[14.1354065,40.8335907],[14.1353895,40.833531],[14.1353688,40.8334583],[14.1352581,40.8330693]]},"properties":{"site":"pozzuoli","name":"","highway":"service"}},{"type":"Feature","geometry":{"type":"LineString","coordinates":[[14.1353895,40.833531],[14.1354518,40.8335152],[14.1358801,40.8334061],[14.1359818,40.8333631],[14.1360224,40.8333262],[14.1360651,40.8331493]]},"properties":{"site":"pozzuoli","name":"","highway":"service"}},{"type":"Feature","geometry":{"type":"LineString","coordinates":[[14.1337257,40.8355569],[14.1337862,40.8356931],[14.1338604,40.8357908],[14.1339895,40.8358938],[14.1342436,40.8360515]]},"properties":{"site":"pozzuoli","name":"","highway":"service"}},{"type":"Feature","geometry":{"type":"LineString","coordinates":[[14.1361553,40.8357759],[14.1362034,40.8358439],[14.1363396,40.83598],[14.1363888,40.8360439],[14.1364176,40.8361815],[14.1363995,40.8363125],[14.1363506,40.8365021]]},"properties":{"site":"pozzuoli","name":"","highway":"service"}},{"type":"Feature","geometry":{"type":"LineString","coordinates":[[14.1378899,40.8309448],[14.1378285,40.8309845],[14.1377268,40.8310195],[14.1376529,40.8310556],[14.137619,40.8310976],[14.137599,40.8312328],[14.1376036,40.8313237],[14.1376097,40.8314333],[14.1375928,40.8314939],[14.1375127,40.8315999],[14.1373725,40.8317165],[14.1371969,40.8318354],[14.1370783,40.8319543],[14.1369381,40.8321128],[14.1368302,40.8322541],[14.13679,40.8322835],[14.1367379,40.8322946],[14.1360075,40.8323532],[14.1358977,40.8323506]]},"properties":{"site":"pozzuoli","name":"","highway":"track"}},{"type":"Feature","geometry":{"type":"LineString","coordinates":[[14.135117,40.8291667],[14.1352526,40.8294053],[14.1355805,40.8296192]]},"properties":{"site":"pozzuoli","name":"","highway":"steps"}},{"type":"Feature","geometry":{"type":"LineString","coordinates":[[14.1338633,40.8301488],[14.1338243,40.8301342],[14.1337978,40.8301349],[14.1337531,40.8301588],[14.1336769,40.8302272],[14.1335915,40.8303241],[14.1334238,40.830248],[14.1335651,40.8300734]]},"properties":{"site":"pozzuoli","name":"","highway":"service"}},{"type":"Feature","geometry":{"type":"LineString","coordinates":[[14.1350742,40.830467],[14.1351825,40.8305605],[14.1358113,40.830798],[14.1366559,40.831117]]},"properties":{"site":"pozzuoli","name":"","highway":"service"}},{"type":"Feature","geometry":{"type":"LineString","coordinates":[[14.1358113,40.830798],[14.1359286,40.8306043]]},"properties":{"site":"pozzuoli","name":"","highway":"service"}},{"type":"Feature","geometry":{"type":"LineString","coordinates":[[14.1361354,40.8306981],[14.1363033,40.8304863],[14.1366932,40.8306617],[14.1369431,40.8307743]]},"properties":{"site":"pozzuoli","name":"","highway":"service"}},{"type":"Feature","geometry":{"type":"LineString","coordinates":[[14.1355314,40.8296717],[14.1354044,40.829562],[14.1353481,40.8295326],[14.1353213,40.8295306],[14.1352824,40.8295438],[14.1350111,40.8297599],[14.1347728,40.8299761]]},"properties":{"site":"pozzuoli","name":"","highway":"service"}},{"type":"Feature","geometry":{"type":"LineString","coordinates":[[14.1363033,40.8304863],[14.1364385,40.8303088]]},"properties":{"site":"pozzuoli","name":"","highway":"service"}},{"type":"Feature","geometry":{"type":"LineString","coordinates":[[14.1366932,40.8306617],[14.136823,40.8304957],[14.1370495,40.8306176]]},"properties":{"site":"pozzuoli","name":"","highway":"service"}},{"type":"Feature","geometry":{"type":"LineString","coordinates":[[14.1361039,40.8312522],[14.1358637,40.8313455],[14.1357591,40.8314125],[14.1356008,40.8315687]]},"properties":{"site":"pozzuoli","name":"","highway":"service"}},{"type":"Feature","geometry":{"type":"LineString","coordinates":[[14.1357887,40.8311115],[14.1357068,40.8311364],[14.1355955,40.8311091],[14.1355311,40.8310938],[14.1354842,40.8311019],[14.1354252,40.8311293],[14.1354037,40.8311588],[14.1354077,40.8312278],[14.1354215,40.8312523],[14.1354426,40.8312897],[14.1354882,40.8313729]]},"properties":{"site":"pozzuoli","name":"","highway":"service"}},{"type":"Feature","geometry":{"type":"LineString","coordinates":[[14.1354215,40.8312523],[14.1353206,40.8312491],[14.135232,40.8312623],[14.1350966,40.8313049]]},"properties":{"site":"pozzuoli","name":"","highway":"service"}},{"type":"Feature","geometry":{"type":"LineString","coordinates":[[14.1329425,40.8307263],[14.1328063,40.8309592],[14.132393,40.831438],[14.1324771,40.8314698],[14.1329954,40.8315705]]},"properties":{"site":"pozzuoli","name":"","highway":"service"}},{"type":"Feature","geometry":{"type":"LineString","coordinates":[[14.1321947,40.8329029],[14.1316078,40.8325478],[14.1317366,40.8324422],[14.1317674,40.8323946],[14.1317728,40.8323387],[14.1316467,40.8321835]]},"properties":{"site":"pozzuoli","name":"","highway":"service"}},{"type":"Feature","geometry":{"type":"LineString","coordinates":[[14.1319857,40.8304629],[14.1319996,40.8305349],[14.1318583,40.830837]]},"properties":{"site":"pozzuoli","name":"","highway":"service"}},{"type":"Feature","geometry":{"type":"LineString","coordinates":[[14.1316527,40.8306046],[14.1318256,40.8307292],[14.1317486,40.8308626]]},"properties":{"site":"pozzuoli","name":"","highway":"service"}},{"type":"Feature","geometry":{"type":"LineString","coordinates":[[14.1282813,40.8332992],[14.1283312,40.8334949],[14.1283607,40.8335375],[14.1284224,40.8335558],[14.1285135,40.8335497],[14.1286423,40.8335172]]},"properties":{"site":"pozzuoli","name":"","highway":"footway"}},{"type":"Feature","geometry":{"type":"LineString","coordinates":[[14.1290776,40.8326322],[14.1292619,40.8325452],[14.1294121,40.8325086],[14.1295542,40.8325168]]},"properties":{"site":"pozzuoli","name":"","highway":"footway"}},{"type":"Feature","geometry":{"type":"LineString","coordinates":[[14.1269087,40.831808],[14.1269723,40.8317875],[14.1270668,40.8317844],[14.1273243,40.8318301],[14.12747,40.8318348],[14.1275547,40.831807],[14.1283103,40.831567],[14.1284619,40.8315293],[14.1285268,40.8315256],[14.1286093,40.8315357],[14.1287347,40.8315786],[14.1289231,40.8316621],[14.1289609,40.8316716],[14.1290119,40.8316743],[14.1290658,40.8316627],[14.1291303,40.831614]]},"properties":{"site":"pozzuoli","name":"","highway":"service"}},{"type":"Feature","geometry":{"type":"LineString","coordinates":[[14.1334422,40.8323629],[14.1327302,40.8319035],[14.13244,40.8316304]]},"properties":{"site":"pozzuoli","name":"","highway":"service"}},{"type":"Feature","geometry":{"type":"LineString","coordinates":[[14.1303943,40.8294977],[14.1303827,40.8295251],[14.1303639,40.8295667],[14.1303478,40.8295946],[14.1303179,40.8296235],[14.1300872,40.829795],[14.1300575,40.8297995]]},"properties":{"site":"pozzuoli","name":"","highway":"service"}},{"type":"Feature","geometry":{"type":"LineString","coordinates":[[14.1182342,40.8283913],[14.118286,40.8284317],[14.1183693,40.8284952],[14.1183972,40.8285184],[14.1184145,40.8285366],[14.1184041,40.8285661]]},"properties":{"site":"pozzuoli","name":"","highway":"service"}},{"type":"Feature","geometry":{"type":"LineString","coordinates":[[14.1347837,40.8271417],[14.134871,40.8270763],[14.1349727,40.8269965],[14.1350063,40.8269296],[14.1350506,40.8265346]]},"properties":{"site":"pozzuoli","name":"","highway":"service"}},{"type":"Feature","geometry":{"type":"LineString","coordinates":[[14.134656,40.8269184],[14.1346769,40.8267769],[14.134683,40.8266184],[14.1348448,40.8259959],[14.1349311,40.8258548],[14.1349788,40.8257732],[14.1349911,40.8256975],[14.1350112,40.8254597]]},"properties":{"site":"pozzuoli","name":"","highway":"service"}},{"type":"Feature","geometry":{"type":"LineString","coordinates":[[14.1342163,40.8265541],[14.1340604,40.8267898],[14.1339115,40.8269745],[14.1337761,40.8270993],[14.1334553,40.8273553],[14.1332779,40.8274966],[14.1331787,40.8276079],[14.1331366,40.8276742]]},"properties":{"site":"pozzuoli","name":"","highway":"track"}},{"type":"Feature","geometry":{"type":"LineString","coordinates":[[14.1337086,40.8262087],[14.1334715,40.8264287],[14.1334669,40.8264543],[14.1334914,40.8264817],[14.1335918,40.8265427],[14.1337681,40.8266354],[14.1338276,40.8266558],[14.133865,40.8266593],[14.1339024,40.8266522],[14.134088,40.8265076],[14.1341181,40.8264843]]},"properties":{"site":"pozzuoli","name":"","highway":"service"}},{"type":"Feature","geometry":{"type":"LineString","coordinates":[[14.1340462,40.8264209],[14.1340652,40.8263999],[14.1347336,40.8257253]]},"properties":{"site":"pozzuoli","name":"","highway":"service"}},{"type":"Feature","geometry":{"type":"LineString","coordinates":[[14.1333069,40.8257936],[14.1332814,40.8258259],[14.1331628,40.8259494],[14.1330796,40.8260019],[14.1328731,40.8260613]]},"properties":{"site":"pozzuoli","name":"","highway":"service"}},{"type":"Feature","geometry":{"type":"LineString","coordinates":[[14.1316684,40.8258081],[14.1319708,40.826029],[14.132154,40.8261689]]},"properties":{"site":"pozzuoli","name":"","highway":"service"}},{"type":"Feature","geometry":{"type":"LineString","coordinates":[[14.1321208,40.824542],[14.1322234,40.8244979],[14.1326075,40.8243301],[14.1336769,40.8238724]]},"properties":{"site":"pozzuoli","name":"","highway":"service"}},{"type":"Feature","geometry":{"type":"LineString","coordinates":[[14.133955,40.8249728],[14.1338935,40.824834],[14.1338426,40.8246838],[14.1338385,40.8246016],[14.1338573,40.8244819]]},"properties":{"site":"pozzuoli","name":"","highway":"service"}},{"type":"Feature","geometry":{"type":"LineString","coordinates":[[14.1339177,40.8249934],[14.1338774,40.8249142],[14.1335609,40.8248097],[14.1335059,40.824766],[14.1334831,40.8247305],[14.1334818,40.8246808],[14.1335207,40.8245712]]},"properties":{"site":"pozzuoli","name":"","highway":"service"}},{"type":"Feature","geometry":{"type":"LineString","coordinates":[[14.1308399,40.8283611],[14.1308618,40.8283484],[14.1314081,40.8280347],[14.1314537,40.8278926],[14.1317501,40.827716]]},"properties":{"site":"pozzuoli","name":"","highway":"service"}},{"type":"Feature","geometry":{"type":"LineString","coordinates":[[14.130765,40.8283021],[14.1307209,40.828334],[14.1306341,40.8283967],[14.1306191,40.8284248],[14.1305837,40.8285406],[14.1305069,40.8286606]]},"properties":{"site":"pozzuoli","name":"","highway":"service"}},{"type":"Feature","geometry":{"type":"LineString","coordinates":[[14.1301831,40.8277603],[14.1302247,40.8277463],[14.1306487,40.8276035]]},"properties":{"site":"pozzuoli","name":"","highway":"service"}},{"type":"Feature","geometry":{"type":"LineString","coordinates":[[14.1288557,40.8265167],[14.1283399,40.8265617]]},"properties":{"site":"pozzuoli","name":"","highway":"service"}},{"type":"Feature","geometry":{"type":"LineString","coordinates":[[14.1298751,40.8294429],[14.1299092,40.8293812],[14.1299508,40.8293684],[14.1300633,40.8293882],[14.1302497,40.8293905],[14.1303021,40.8293754],[14.1303329,40.8293497],[14.1303483,40.8293159],[14.1303822,40.8290793]]},"properties":{"site":"pozzuoli","name":"","highway":"service"}},{"type":"Feature","geometry":{"type":"LineString","coordinates":[[14.1286236,40.8290116],[14.1287763,40.8289337],[14.128886,40.8289337],[14.1290425,40.8288613],[14.129088,40.8288613],[14.1291125,40.8288869],[14.129108,40.8289111],[14.1291067,40.8289178],[14.1289911,40.8289682],[14.1289444,40.8289691],[14.128886,40.8289337]]},"properties":{"site":"pozzuoli","name":"","highway":"service"}},{"type":"Feature","geometry":{"type":"LineString","coordinates":[[14.1291618,40.8292836],[14.1292392,40.8292255],[14.1295785,40.8290723],[14.129671,40.8292092]]},"properties":{"site":"pozzuoli","name":"","highway":"service"}},{"type":"Feature","geometry":{"type":"LineString","coordinates":[[14.129108,40.8289111],[14.129181,40.8289162],[14.1292303,40.8289034],[14.1296162,40.8287163]]},"properties":{"site":"pozzuoli","name":"","highway":"service"}},{"type":"Feature","geometry":{"type":"LineString","coordinates":[[14.1283929,40.8288344],[14.1287049,40.8286545],[14.1287425,40.8286545],[14.128776,40.8286738],[14.1288592,40.8287865]]},"properties":{"site":"pozzuoli","name":"","highway":"service"}},{"type":"Feature","geometry":{"type":"LineString","coordinates":[[14.1287781,40.8282083],[14.1290208,40.8280907],[14.1294254,40.827897],[14.129578,40.8278637],[14.1297355,40.8278589],[14.1298439,40.8279037],[14.1299939,40.8280859],[14.1302784,40.827953],[14.1303468,40.827921]]},"properties":{"site":"pozzuoli","name":"","highway":"service"}},{"type":"Feature","geometry":{"type":"LineString","coordinates":[[14.1277045,40.8278122],[14.1277724,40.8277787],[14.1280654,40.8276342],[14.1280868,40.8276069],[14.1280707,40.8275673],[14.1279728,40.8274364]]},"properties":{"site":"pozzuoli","name":"","highway":"service"}},{"type":"Feature","geometry":{"type":"LineString","coordinates":[[14.1274431,40.8273644],[14.1278676,40.8272023]]},"properties":{"site":"pozzuoli","name":"","highway":"service"}},{"type":"Feature","geometry":{"type":"LineString","coordinates":[[14.1319741,40.8242381],[14.1319381,40.8241553],[14.1319423,40.8241121],[14.1319813,40.8240752],[14.1324691,40.823936],[14.1325039,40.8239012],[14.1325039,40.8238769]]},"properties":{"site":"pozzuoli","name":"","highway":"service"}},{"type":"Feature","geometry":{"type":"LineString","coordinates":[[14.1316458,40.8244385],[14.131566,40.823936]]},"properties":{"site":"pozzuoli","name":"","highway":"service"}},{"type":"Feature","geometry":{"type":"LineString","coordinates":[[14.134202,40.8234201],[14.1340175,40.8231627],[14.1339918,40.8231268],[14.1340746,40.8229779],[14.1344166,40.8227219],[14.1345031,40.8226899],[14.1347807,40.8226426]]},"properties":{"site":"pozzuoli","name":"","highway":"service"}},{"type":"Feature","geometry":{"type":"LineString","coordinates":[[14.135229,40.8234006],[14.1351953,40.8234494],[14.1351382,40.8235322],[14.1351205,40.8236045],[14.1351577,40.8237063],[14.1352851,40.8238161],[14.1353275,40.8238147],[14.1355983,40.8235683]]},"properties":{"site":"pozzuoli","name":"","highway":"service"}},{"type":"Feature","geometry":{"type":"LineString","coordinates":[[14.1287655,40.8247791],[14.1285901,40.8249663],[14.1286271,40.8250281],[14.128681,40.8250339],[14.1287534,40.8250782],[14.1288335,40.8251796],[14.1288366,40.8252064],[14.128701,40.8252834]]},"properties":{"site":"pozzuoli","name":"","highway":"service"}},{"type":"Feature","geometry":{"type":"LineString","coordinates":[[14.1286271,40.8250281],[14.1285747,40.8250421],[14.1284238,40.8251341]]},"properties":{"site":"pozzuoli","name":"","highway":"service"}},{"type":"Feature","geometry":{"type":"LineString","coordinates":[[14.1280818,40.8243407],[14.1280773,40.8243104],[14.1280464,40.8241042],[14.1280169,40.8239004],[14.1280159,40.8238381],[14.1280504,40.8237666],[14.1280901,40.8237197],[14.1280992,40.8236812],[14.1280941,40.8236166],[14.1280626,40.8235266],[14.1279958,40.8234612],[14.1277608,40.8235066],[14.1276693,40.8234828],[14.1273714,40.8235517],[14.1273311,40.8234634],[14.1271085,40.8233934],[14.1270495,40.8233406],[14.1269221,40.8232493],[14.126855,40.82323],[14.1266793,40.8232778]]},"properties":{"site":"pozzuoli","name":"","highway":"service"}},{"type":"Feature","geometry":{"type":"LineString","coordinates":[[14.1280626,40.8235266],[14.12849,40.823368],[14.1283988,40.8232148]]},"properties":{"site":"pozzuoli","name":"","highway":"service"}},{"type":"Feature","geometry":{"type":"LineString","coordinates":[[14.1280464,40.8241042],[14.1280877,40.8240764],[14.1281212,40.8240399],[14.1281507,40.823982],[14.1281869,40.8239577],[14.1284699,40.8239049],[14.1286321,40.8238572],[14.1287086,40.8238227]]},"properties":{"site":"pozzuoli","name":"","highway":"service"}},{"type":"Feature","geometry":{"type":"LineString","coordinates":[[14.1277492,40.8249028],[14.1277847,40.8249145],[14.1278139,40.8250391],[14.1277672,40.8250762],[14.1278128,40.8252852],[14.1276588,40.825369],[14.1276242,40.8253877]]},"properties":{"site":"pozzuoli","name":"","highway":"service"}},{"type":"Feature","geometry":{"type":"LineString","coordinates":[[14.1278862,40.8256703],[14.1280427,40.8255742],[14.1281403,40.8254827],[14.1282735,40.8253258]]},"properties":{"site":"pozzuoli","name":"","highway":"service"}},{"type":"Feature","geometry":{"type":"LineString","coordinates":[[14.127517,40.8251687],[14.1272992,40.8252065],[14.1272331,40.825208],[14.1272087,40.8251996],[14.127165,40.8251534],[14.1270827,40.8250565],[14.1270329,40.8250181],[14.1269358,40.8248365]]},"properties":{"site":"pozzuoli","name":"","highway":"service"}},{"type":"Feature","geometry":{"type":"LineString","coordinates":[[14.1269579,40.82483],[14.1269412,40.8247848],[14.1268424,40.8245172],[14.1266319,40.8245517],[14.1265782,40.8246004],[14.1265648,40.8246522]]},"properties":{"site":"pozzuoli","name":"","highway":"service"}},{"type":"Feature","geometry":{"type":"LineString","coordinates":[[14.1264923,40.8248678],[14.1264966,40.8246731],[14.1265035,40.8243551]]},"properties":{"site":"pozzuoli","name":"","highway":"service"}},{"type":"Feature","geometry":{"type":"LineString","coordinates":[[14.1262647,40.8248429],[14.1262504,40.8247537],[14.1261415,40.8245555],[14.1260707,40.8244893],[14.126046,40.8244417],[14.1260424,40.824346],[14.1260663,40.8243045],[14.1265069,40.8242844]]},"properties":{"site":"pozzuoli","name":"","highway":"service"}},{"type":"Feature","geometry":{"type":"LineString","coordinates":[[14.1260663,40.8243045],[14.126046,40.8241612],[14.1262424,40.8240909],[14.1264662,40.8240594]]},"properties":{"site":"pozzuoli","name":"","highway":"service"}},{"type":"Feature","geometry":{"type":"LineString","coordinates":[[14.1264213,40.8256111],[14.1264892,40.8255882],[14.1270216,40.8253983],[14.1270656,40.825469],[14.1272054,40.8256936]]},"properties":{"site":"pozzuoli","name":"","highway":"service"}},{"type":"Feature","geometry":{"type":"LineString","coordinates":[[14.1270656,40.825469],[14.1272912,40.8253902]]},"properties":{"site":"pozzuoli","name":"","highway":"service"}},{"type":"Feature","geometry":{"type":"LineString","coordinates":[[14.126388,40.8255631],[14.1264569,40.8255408],[14.1266274,40.8254856],[14.1266099,40.825448],[14.1267346,40.8252522],[14.1266904,40.825171]]},"properties":{"site":"pozzuoli","name":"","highway":"service"}},{"type":"Feature","geometry":{"type":"LineString","coordinates":[[14.1250581,40.8235485],[14.1251205,40.8235093],[14.1252642,40.8234191],[14.125212,40.8233735],[14.1258083,40.8229818],[14.1258915,40.8229517],[14.1262472,40.8229008]]},"properties":{"site":"pozzuoli","name":"","highway":"service"}},{"type":"Feature","geometry":{"type":"LineString","coordinates":[[14.1360971,40.8198932],[14.1361279,40.8198873],[14.136197,40.8198545],[14.1362403,40.8197969],[14.1363385,40.8197032],[14.1364898,40.8196282],[14.1365748,40.8195579],[14.1366358,40.8194835],[14.1366939,40.8193769],[14.1367506,40.8193417],[14.1367886,40.819339],[14.1368192,40.8193394],[14.1368944,40.8193548],[14.1369676,40.8193379],[14.13712,40.8192363],[14.1373721,40.8190148],[14.1376221,40.8188625],[14.1378498,40.8187564],[14.1379311,40.8187471],[14.1379657,40.8187794],[14.1379514,40.8188241],[14.1377726,40.8189164],[14.1376526,40.819004],[14.1376262,40.8190563],[14.1376384,40.8191425]]},"properties":{"site":"pozzuoli","name":"","highway":"track"}},{"type":"Feature","geometry":{"type":"LineString","coordinates":[[14.136721,40.8192291],[14.1367665,40.8192645],[14.1367883,40.8193008],[14.1367886,40.819339],[14.1368563,40.8192878],[14.1369964,40.8192436],[14.1370828,40.8191658],[14.1372345,40.8189556],[14.1372766,40.8188266],[14.137426,40.8186976],[14.1377085,40.8185438]]},"properties":{"site":"pozzuoli","name":"","highway":"track"}},{"type":"Feature","geometry":{"type":"LineString","coordinates":[[14.1370953,40.822123],[14.1371286,40.8221003],[14.1372825,40.8219955],[14.1380845,40.8217509]]},"properties":{"site":"pozzuoli","name":"","highway":"service"}},{"type":"Feature","geometry":{"type":"LineString","coordinates":[[14.1369078,40.8219538],[14.1369984,40.8219079],[14.1373831,40.8217133],[14.1377398,40.8215144]]},"properties":{"site":"pozzuoli","name":"","highway":"service"}},{"type":"Feature","geometry":{"type":"LineString","coordinates":[[14.1364107,40.8219338],[14.1362953,40.822046],[14.1362346,40.822122],[14.1362218,40.8221733],[14.1362288,40.8222068],[14.1362533,40.8222387],[14.1363245,40.8222917]]},"properties":{"site":"pozzuoli","name":"","highway":"service"}},{"type":"Feature","geometry":{"type":"LineString","coordinates":[[14.1354335,40.8211865],[14.1351898,40.8209902],[14.1351613,40.8209443],[14.1351577,40.820893],[14.1351815,40.8208579],[14.135631,40.8204863],[14.13565,40.8204764],[14.1356754,40.8204832]]},"properties":{"site":"pozzuoli","name":"","highway":"service"}},{"type":"Feature","geometry":{"type":"LineString","coordinates":[[14.1338089,40.8218734],[14.1338261,40.8218453],[14.1338744,40.8217954],[14.1339043,40.8217379],[14.1339283,40.8217196],[14.134158,40.8216169],[14.1344158,40.8214701],[14.1346179,40.8213507],[14.1347415,40.8212369],[14.1348545,40.8213888],[14.1349979,40.8215517],[14.1350216,40.8215786]]},"properties":{"site":"pozzuoli","name":"Via Savino Vitagliano","highway":"service"}},{"type":"Feature","geometry":{"type":"LineString","coordinates":[[14.1335444,40.8205255],[14.1336318,40.8205989],[14.1336654,40.8206608],[14.1337073,40.8207274],[14.1338236,40.8209125],[14.1338765,40.8210067],[14.1339993,40.8211845]]},"properties":{"site":"pozzuoli","name":"Traversa Perillo","highway":"service"}},{"type":"Feature","geometry":{"type":"LineString","coordinates":[[14.133419,40.8209205],[14.1335779,40.8208625],[14.1336043,40.8208202],[14.1337073,40.8207274]]},"properties":{"site":"pozzuoli","name":"","highway":"service"}},{"type":"Feature","geometry":{"type":"LineString","coordinates":[[14.1333043,40.8212361],[14.1333866,40.8214469]]},"properties":{"site":"pozzuoli","name":"","highway":"service"}},{"type":"Feature","geometry":{"type":"LineString","coordinates":[[14.1331328,40.8212311],[14.1330723,40.8212819],[14.1327856,40.8213394]]},"properties":{"site":"pozzuoli","name":"","highway":"service"}},{"type":"Feature","geometry":{"type":"LineString","coordinates":[[14.1326699,40.8216545],[14.1328658,40.82165]]},"properties":{"site":"pozzuoli","name":"","highway":"service"}},{"type":"Feature","geometry":{"type":"LineString","coordinates":[[14.1311228,40.8213007],[14.1312059,40.8217034]]},"properties":{"site":"pozzuoli","name":"","highway":"service"}},{"type":"Feature","geometry":{"type":"LineString","coordinates":[[14.129732,40.8221022],[14.1297488,40.8223527],[14.1297606,40.8225284],[14.1297623,40.8225534]]},"properties":{"site":"pozzuoli","name":"","highway":"service"}},{"type":"Feature","geometry":{"type":"LineString","coordinates":[[14.1301379,40.8220856],[14.1301445,40.8224717]]},"properties":{"site":"pozzuoli","name":"","highway":"service"}},{"type":"Feature","geometry":{"type":"LineString","coordinates":[[14.1309198,40.8220513],[14.1309992,40.8224998]]},"properties":{"site":"pozzuoli","name":"","highway":"service"}},{"type":"Feature","geometry":{"type":"LineString","coordinates":[[14.131902,40.8220064],[14.1319159,40.8221088],[14.1319884,40.8222253],[14.1319884,40.8224529],[14.1319389,40.8225239]]},"properties":{"site":"pozzuoli","name":"","highway":"service"}},{"type":"Feature","geometry":{"type":"LineString","coordinates":[[14.131374,40.8220305],[14.1314434,40.8223097],[14.131592,40.8222969]]},"properties":{"site":"pozzuoli","name":"","highway":"service"}},{"type":"Feature","geometry":{"type":"LineString","coordinates":[[14.1303757,40.8220758],[14.1303965,40.822334]]},"properties":{"site":"pozzuoli","name":"","highway":"service"}},{"type":"Feature","geometry":{"type":"LineString","coordinates":[[14.1292242,40.8221231],[14.1292424,40.8223167],[14.1292486,40.8223829],[14.1292656,40.8225647],[14.1297606,40.8225284]]},"properties":{"site":"pozzuoli","name":"","highway":"service"}},{"type":"Feature","geometry":{"type":"LineString","coordinates":[[14.1292486,40.8223829],[14.1294608,40.8223701],[14.1297488,40.8223527]]},"properties":{"site":"pozzuoli","name":"","highway":"service"}},{"type":"Feature","geometry":{"type":"LineString","coordinates":[[14.1294608,40.8223701],[14.1294375,40.8221143]]},"properties":{"site":"pozzuoli","name":"","highway":"service"}},{"type":"Feature","geometry":{"type":"LineString","coordinates":[[14.1285436,40.8223751],[14.1287874,40.8223488],[14.1288342,40.8223435],[14.1288648,40.8223415],[14.1290123,40.8223318],[14.1290374,40.8223302],[14.1292424,40.8223167]]},"properties":{"site":"pozzuoli","name":"","highway":"service"}},{"type":"Feature","geometry":{"type":"LineString","coordinates":[[14.1288993,40.8226619],[14.1288851,40.8225212],[14.1288648,40.8223415]]},"properties":{"site":"pozzuoli","name":"","highway":"service"}},{"type":"Feature","geometry":{"type":"LineString","coordinates":[[14.1290374,40.8223302],[14.1290548,40.8225073],[14.1288851,40.8225212]]},"properties":{"site":"pozzuoli","name":"","highway":"service"}},{"type":"Feature","geometry":{"type":"LineString","coordinates":[[14.1283038,40.8221608],[14.128314,40.8223474],[14.1283307,40.8226527],[14.127867,40.822676]]},"properties":{"site":"pozzuoli","name":"","highway":"service"}},{"type":"Feature","geometry":{"type":"LineString","coordinates":[[14.128314,40.8223474],[14.1278044,40.8223618],[14.1273124,40.8223832],[14.1273212,40.8224904],[14.1272062,40.8224957],[14.1268434,40.8223658]]},"properties":{"site":"pozzuoli","name":"","highway":"service"}},{"type":"Feature","geometry":{"type":"LineString","coordinates":[[14.1282856,40.8226162],[14.1278276,40.8226352],[14.1273318,40.8226551],[14.1273212,40.8224904]]},"properties":{"site":"pozzuoli","name":"","highway":"service"}},{"type":"Feature","geometry":{"type":"LineString","coordinates":[[14.1273318,40.8226551],[14.1271619,40.8226966],[14.1268947,40.8226055]]},"properties":{"site":"pozzuoli","name":"","highway":"service"}},{"type":"Feature","geometry":{"type":"LineString","coordinates":[[14.1295468,40.8214475],[14.1295492,40.8214743],[14.1295536,40.8215242],[14.1295683,40.8216913],[14.1295764,40.8217832],[14.1293811,40.821794],[14.1293628,40.8216587],[14.1293316,40.8215078],[14.1293331,40.821459]]},"properties":{"site":"pozzuoli","name":"","highway":"service"}},{"type":"Feature","geometry":{"type":"LineString","coordinates":[[14.1295683,40.8216913],[14.1299245,40.8216748]]},"properties":{"site":"pozzuoli","name":"","highway":"service"}},{"type":"Feature","geometry":{"type":"LineString","coordinates":[[14.124377,40.8213585],[14.1250714,40.8213928]]},"properties":{"site":"pozzuoli","name":"","highway":"service"}},{"type":"Feature","geometry":{"type":"LineString","coordinates":[[14.1243513,40.8215126],[14.1249363,40.8215435]]},"properties":{"site":"pozzuoli","name":"","highway":"service"}},{"type":"Feature","geometry":{"type":"LineString","coordinates":[[14.124407,40.8211181],[14.124647,40.8211103],[14.124836,40.8211351]]},"properties":{"site":"pozzuoli","name":"","highway":"service"}},{"type":"Feature","geometry":{"type":"LineString","coordinates":[[14.1278009,40.822321],[14.1277897,40.822189]]},"properties":{"site":"pozzuoli","name":"Via Vincenzo Barletta","highway":"steps"}},{"type":"Feature","geometry":{"type":"LineString","coordinates":[[14.125347,40.8222894],[14.1253622,40.8224867]]},"properties":{"site":"pozzuoli","name":"","highway":"footway"}},{"type":"Feature","geometry":{"type":"LineString","coordinates":[[14.1257592,40.8224705],[14.1257483,40.8222747]]},"properties":{"site":"pozzuoli","name":"","highway":"footway"}},{"type":"Feature","geometry":{"type":"LineString","coordinates":[[14.1243135,40.8212027],[14.1243139,40.8211905],[14.1243335,40.8211757],[14.1243582,40.8211513],[14.124352,40.821122],[14.1243425,40.8210675],[14.1243309,40.8210004],[14.1243033,40.8209575],[14.1242499,40.8208706]]},"properties":{"site":"pozzuoli","name":"","highway":"footway"}},{"type":"Feature","geometry":{"type":"LineString","coordinates":[[14.1208457,40.8210417],[14.1208518,40.8209162],[14.1208573,40.820884],[14.1209134,40.8208691],[14.1209972,40.8208563]]},"properties":{"site":"pozzuoli","name":"","highway":"pedestrian"}},{"type":"Feature","geometry":{"type":"LineString","coordinates":[[14.1196602,40.8204711],[14.1198529,40.820427],[14.119849,40.8204076],[14.1196361,40.8204482],[14.1196377,40.8204276],[14.1198296,40.8203841],[14.119828,40.8203647],[14.1196486,40.8203958],[14.1196509,40.8203776],[14.1198296,40.8203341],[14.119687,40.8202752]]},"properties":{"site":"pozzuoli","name":"","highway":"steps"}},{"type":"Feature","geometry":{"type":"LineString","coordinates":[[14.120412,40.8209916],[14.1202178,40.8209839],[14.1201842,40.8209031],[14.1201212,40.8208801],[14.1199718,40.8208775],[14.1199156,40.8208772],[14.1198358,40.8210411],[14.1197978,40.8211776],[14.1197965,40.8212554],[14.1198174,40.821394],[14.1198457,40.8215092],[14.1199004,40.8216512]]},"properties":{"site":"pozzuoli","name":"Via Crocevia","highway":"pedestrian"}},{"type":"Feature","geometry":{"type":"LineString","coordinates":[[14.1206834,40.821657],[14.1212618,40.8216647],[14.1216275,40.8216727]]},"properties":{"site":"pozzuoli","name":"Via Duomo","highway":"pedestrian"}},{"type":"Feature","geometry":{"type":"LineString","coordinates":[[14.1212212,40.8215035],[14.1210101,40.8214855]]},"properties":{"site":"pozzuoli","name":"","highway":"pedestrian"}},{"type":"Feature","geometry":{"type":"LineString","coordinates":[[14.1207217,40.8213187],[14.1207431,40.8213349],[14.1208153,40.8213269],[14.1208194,40.8212573],[14.1207719,40.8212515],[14.1207418,40.8212494],[14.1207074,40.8212468],[14.1207063,40.8212634],[14.1207046,40.8212898],[14.1207217,40.8213187]]},"properties":{"site":"pozzuoli","name":"","highway":"pedestrian"}},{"type":"Feature","geometry":{"type":"LineString","coordinates":[[14.1196602,40.8204711],[14.1197569,40.8206303],[14.1198167,40.820676],[14.1198899,40.820779],[14.1199037,40.8208316],[14.1199156,40.8208772]]},"properties":{"site":"pozzuoli","name":"","highway":"pedestrian"}},{"type":"Feature","geometry":{"type":"LineString","coordinates":[[14.1191708,40.8213193],[14.1191655,40.8212751],[14.1191871,40.8212736],[14.1191941,40.8213235],[14.1192128,40.8213218],[14.1192067,40.8212716],[14.1192259,40.8212699],[14.1192323,40.82132],[14.119251,40.8213183],[14.1192448,40.8212684],[14.1192623,40.8212672],[14.1192687,40.8213184],[14.1192877,40.8213169],[14.1192829,40.8212656],[14.1193011,40.8212641],[14.1193059,40.821315],[14.1193279,40.8213135]]},"properties":{"site":"pozzuoli","name":"","highway":"steps"}},{"type":"Feature","geometry":{"type":"LineString","coordinates":[[14.119687,40.8202752],[14.1193543,40.8204131],[14.1192833,40.8204733],[14.1192727,40.8204957],[14.1192537,40.8205358],[14.1192282,40.8206561],[14.1192259,40.8206862]]},"properties":{"site":"pozzuoli","name":"","highway":"service"}},{"type":"Feature","geometry":{"type":"LineString","coordinates":[[14.1192259,40.8206862],[14.1192229,40.8207213]]},"properties":{"site":"pozzuoli","name":"","highway":"service"}},{"type":"Feature","geometry":{"type":"LineString","coordinates":[[14.1192727,40.8204957],[14.1192956,40.8205498],[14.1193102,40.8206134],[14.1193127,40.8207773]]},"properties":{"site":"pozzuoli","name":"","highway":"service"}},{"type":"Feature","geometry":{"type":"LineString","coordinates":[[14.1216275,40.8216727],[14.1216007,40.8216967],[14.1215572,40.8217622],[14.1213608,40.8218491],[14.1211872,40.8219061],[14.1210148,40.8218815],[14.1208379,40.8217794],[14.1203027,40.8217539],[14.1201681,40.821749],[14.1200003,40.8218369],[14.1198913,40.8218554]]},"properties":{"site":"pozzuoli","name":"","highway":"service"}},{"type":"Feature","geometry":{"type":"LineString","coordinates":[[14.1203023,40.8219934],[14.1202771,40.822168],[14.1203526,40.8221765],[14.1204477,40.8221701],[14.1205652,40.8221458],[14.1206616,40.8221119],[14.1206197,40.8220093],[14.1206013,40.8220084],[14.1204392,40.8220003],[14.1203023,40.8219934]]},"properties":{"site":"pozzuoli","name":"","highway":"pedestrian"}},{"type":"Feature","geometry":{"type":"LineString","coordinates":[[14.1202451,40.8222047],[14.1202802,40.8219807],[14.1202844,40.8219282],[14.1202863,40.8219073],[14.1198161,40.8219059],[14.1198003,40.8218629]]},"properties":{"site":"pozzuoli","name":"Via Castello","highway":"steps"}},{"type":"Feature","geometry":{"type":"LineString","coordinates":[[14.1184257,40.8226366],[14.1185492,40.822624],[14.1187802,40.8226005],[14.1192028,40.8225572],[14.1193169,40.8225446],[14.119346,40.8225411],[14.1195372,40.8225179],[14.1196911,40.8225027]]},"properties":{"site":"pozzuoli","name":"Vico Magazzini","highway":"pedestrian"}},{"type":"Feature","geometry":{"type":"LineString","coordinates":[[14.1194749,40.822193],[14.119463,40.8221241]]},"properties":{"site":"pozzuoli","name":"","highway":"steps"}},{"type":"Feature","geometry":{"type":"LineString","coordinates":[[14.1191158,40.8233412],[14.1190507,40.8231213]]},"properties":{"site":"pozzuoli","name":"Via Antonio Scialoja","highway":"pedestrian"}},{"type":"Feature","geometry":{"type":"LineString","coordinates":[[14.1210588,40.8234704],[14.1209732,40.8234843]]},"properties":{"site":"pozzuoli","name":"Via Giovanni Merone","highway":"pedestrian"}},{"type":"Feature","geometry":{"type":"LineString","coordinates":[[14.1209732,40.8234843],[14.1205743,40.8235908]]},"properties":{"site":"pozzuoli","name":"Via Giovanni Merone","highway":"pedestrian"}},{"type":"Feature","geometry":{"type":"LineString","coordinates":[[14.1218184,40.8227933],[14.121619,40.8228439]]},"properties":{"site":"pozzuoli","name":"","highway":"footway"}},{"type":"Feature","geometry":{"type":"LineString","coordinates":[[14.1197481,40.8229224],[14.118913,40.8230598],[14.1188768,40.8230497],[14.1188581,40.8230223],[14.1188151,40.8228026]]},"properties":{"site":"pozzuoli","name":"Corso della Repubblica","highway":"pedestrian"}},{"type":"Feature","geometry":{"type":"LineString","coordinates":[[14.119487,40.8232565],[14.1194062,40.8230421]]},"properties":{"site":"pozzuoli","name":"Vico San Leonardo","highway":"pedestrian"}},{"type":"Feature","geometry":{"type":"LineString","coordinates":[[14.1204499,40.8240617],[14.1204456,40.8239446],[14.1204252,40.8238845]]},"properties":{"site":"pozzuoli","name":"","highway":"service"}},{"type":"Feature","geometry":{"type":"LineString","coordinates":[[14.1225889,40.8281115],[14.122552,40.8280889],[14.1225023,40.8280584],[14.1224661,40.8280482],[14.1223977,40.8280553],[14.1223548,40.8280858],[14.122336,40.8281203],[14.1223441,40.8281355],[14.1223897,40.8281659],[14.1221456,40.8285221],[14.1221711,40.8285546],[14.1221536,40.8285992],[14.1222031,40.8286401]]},"properties":{"site":"pozzuoli","name":"","highway":"footway"}},{"type":"Feature","geometry":{"type":"LineString","coordinates":[[14.1223897,40.8281659],[14.1224312,40.8281223],[14.1224916,40.8281091],[14.122552,40.8280889]]},"properties":{"site":"pozzuoli","name":"","highway":"footway"}},{"type":"Feature","geometry":{"type":"LineString","coordinates":[[14.122336,40.8281203],[14.1222582,40.828033],[14.1222056,40.8280543]]},"properties":{"site":"pozzuoli","name":"","highway":"steps"}},{"type":"Feature","geometry":{"type":"LineString","coordinates":[[14.1221124,40.8280353],[14.1221323,40.8280284],[14.122154,40.8280271],[14.1221751,40.8280314],[14.122193,40.8280408],[14.1222056,40.8280543],[14.1222112,40.8280688],[14.1222105,40.8280839],[14.1222037,40.8280981],[14.1221913,40.8281099],[14.1221747,40.8281183],[14.1221555,40.8281224],[14.1221356,40.8281217],[14.1221169,40.8281164],[14.1221014,40.8281069],[14.1220905,40.8280942],[14.1220852,40.8280782],[14.1220874,40.8280618],[14.1220969,40.8280469],[14.1221124,40.8280353]]},"properties":{"site":"pozzuoli","name":"","highway":"footway"}},{"type":"Feature","geometry":{"type":"LineString","coordinates":[[14.1221014,40.8281069],[14.1219391,40.8283527],[14.1221054,40.8285444]]},"properties":{"site":"pozzuoli","name":"","highway":"footway"}},{"type":"Feature","geometry":{"type":"LineString","coordinates":[[14.1221054,40.8285444],[14.1221536,40.8285992]]},"properties":{"site":"pozzuoli","name":"","highway":"steps"}},{"type":"Feature","geometry":{"type":"LineString","coordinates":[[14.1226264,40.828058],[14.1227512,40.8280976],[14.1229488,40.8282554],[14.1231096,40.8283838],[14.1232812,40.8283431],[14.1232369,40.8281726],[14.1231435,40.8280843],[14.1229488,40.8282554]]},"properties":{"site":"pozzuoli","name":"","highway":"service"}},{"type":"Feature","geometry":{"type":"LineString","coordinates":[[14.1363954,40.8280991],[14.1363547,40.828112],[14.1361559,40.8281751],[14.1359836,40.8281375],[14.1358047,40.8280046],[14.1357658,40.8278678],[14.1363954,40.8280991]]},"properties":{"site":"pozzuoli","name":"","highway":"service"}},{"type":"Feature","geometry":{"type":"LineString","coordinates":[[14.1289988,40.8221323],[14.1290123,40.8223318]]},"properties":{"site":"pozzuoli","name":"","highway":"service"}},{"type":"Feature","geometry":{"type":"LineString","coordinates":[[14.1287874,40.8223488],[14.1287702,40.8221417]]},"properties":{"site":"pozzuoli","name":"","highway":"service"}},{"type":"Feature","geometry":{"type":"LineString","coordinates":[[14.1295504,40.8320406],[14.1294237,40.8320504],[14.1293037,40.8320796],[14.1292245,40.8321411],[14.1291472,40.8322842],[14.1290984,40.8325472],[14.1290776,40.8326322],[14.1290679,40.8326717],[14.1289991,40.8327664],[14.1288693,40.8328548],[14.1287061,40.8329424],[14.1286817,40.8329732],[14.1285719,40.8331301],[14.1284297,40.8332208],[14.1283341,40.8332854],[14.1282813,40.8332992],[14.128202,40.8332977],[14.1281369,40.8332685],[14.1280434,40.8331901],[14.1280109,40.8331132],[14.128019,40.8330532],[14.128058,40.8329547]]},"properties":{"site":"pozzuoli","name":"","highway":"footway"}},{"type":"Feature","geometry":{"type":"LineString","coordinates":[[14.1298696,40.831858],[14.1298588,40.8319352]]},"properties":{"site":"pozzuoli","name":"","highway":"service"}},{"type":"Feature","geometry":{"type":"LineString","coordinates":[[14.1204458,40.8344442],[14.1203597,40.8344135],[14.1200818,40.834295],[14.1198567,40.8342026],[14.1199303,40.834086],[14.120081,40.8338872],[14.1201212,40.8338352],[14.1203807,40.833922],[14.1205439,40.8339771]]},"properties":{"site":"pozzuoli","name":"","highway":"service"}},{"type":"Feature","geometry":{"type":"LineString","coordinates":[[14.1198567,40.8342026],[14.1197673,40.834156],[14.1196842,40.8341126],[14.1193268,40.8339727]]},"properties":{"site":"pozzuoli","name":"","highway":"service"}},{"type":"Feature","geometry":{"type":"LineString","coordinates":[[14.1197673,40.834156],[14.1197176,40.8343201],[14.1196676,40.8346213],[14.1196233,40.8348672],[14.1196002,40.8350142],[14.1196252,40.8350796]]},"properties":{"site":"pozzuoli","name":"","highway":"track"}},{"type":"Feature","geometry":{"type":"LineString","coordinates":[[14.1356303,40.8236297],[14.1357148,40.823539],[14.1358462,40.8234485],[14.1360024,40.8233939]]},"properties":{"site":"pozzuoli","name":"","highway":"track"}},{"type":"Feature","geometry":{"type":"LineString","coordinates":[[14.115518,40.8298316],[14.1155492,40.8297929],[14.1155734,40.829774],[14.115618,40.8297399],[14.1156981,40.8296755],[14.1158187,40.82958],[14.1158426,40.8295489],[14.1158467,40.8295059]]},"properties":{"site":"pozzuoli","name":"Via Nicola Fasano","highway":"service"}},{"type":"Feature","geometry":{"type":"LineString","coordinates":[[14.1186187,40.8294944],[14.1182848,40.8295544],[14.1183034,40.8300335]]},"properties":{"site":"pozzuoli","name":"","highway":"service"}},{"type":"Feature","geometry":{"type":"LineString","coordinates":[[14.1286969,40.8345079],[14.1288836,40.8346303],[14.1292841,40.8347733],[14.1295524,40.834904],[14.1297618,40.8349717],[14.1299203,40.8350747],[14.1300464,40.8351409],[14.1300586,40.8352255],[14.1299569,40.8353085],[14.1298146,40.835327],[14.1296419,40.8353008],[14.1294548,40.835227],[14.129156,40.8351301],[14.1287434,40.8349394],[14.1284913,40.8348302],[14.1282433,40.8347625],[14.1278409,40.8345703],[14.1275725,40.8344703],[14.1273822,40.8343932],[14.1270778,40.834248],[14.1268186,40.8341416],[14.1267713,40.8341382],[14.1267215,40.8341512],[14.1264911,40.8342347]]},"properties":{"site":"pozzuoli","name":"","highway":"path"}},{"type":"Feature","geometry":{"type":"LineString","coordinates":[[14.1221159,40.8326034],[14.1221784,40.8325246],[14.1223923,40.8323786],[14.1227654,40.8321516],[14.1230419,40.8319818],[14.1235976,40.8316383],[14.123955,40.8314212],[14.1244872,40.8310856],[14.1248211,40.8308942],[14.1249672,40.8308527],[14.1251629,40.8309889],[14.1253925,40.831131],[14.1257603,40.831206],[14.1262325,40.8312811],[14.1264491,40.8313126],[14.1269578,40.8315219],[14.12719,40.831589],[14.1275448,40.8316107],[14.1278866,40.8316107],[14.1283103,40.831567]]},"properties":{"site":"pozzuoli","name":"","highway":"path"}},{"type":"Feature","geometry":{"type":"LineString","coordinates":[[14.1296898,40.8300574],[14.1293868,40.8302246],[14.1290712,40.8303811],[14.1286637,40.8306088],[14.1282728,40.8308397],[14.1281203,40.8309836],[14.1278895,40.8312745],[14.1277112,40.8312162],[14.1275198,40.8311768],[14.1273066,40.8311769],[14.1271089,40.8310441],[14.1270816,40.8310483],[14.1270474,40.8310914],[14.1269895,40.8311281],[14.1268579,40.8311426],[14.1267811,40.8312224]]},"properties":{"site":"pozzuoli","name":"","highway":"path"}},{"type":"Feature","geometry":{"type":"LineString","coordinates":[[14.1193535,40.8258521],[14.1192422,40.8259625],[14.1192078,40.8260201],[14.1191634,40.826095],[14.1191229,40.8261553],[14.1190903,40.8262496],[14.1190315,40.8264281],[14.1190252,40.8265049],[14.1190746,40.8266233],[14.1184138,40.8270502],[14.1182879,40.8271588],[14.118047,40.8273064],[14.1180317,40.8273314],[14.1180271,40.8273707],[14.1180557,40.8274196],[14.1180904,40.8274521],[14.118255,40.8275232],[14.1186752,40.8277603]]},"properties":{"site":"pozzuoli","name":"","highway":"service"}},{"type":"Feature","geometry":{"type":"LineString","coordinates":[[14.1189022,40.8210538],[14.1189834,40.8210045],[14.1190713,40.820983],[14.119102,40.8209339],[14.1191466,40.8205117],[14.1191884,40.8204357],[14.119309,40.8203445],[14.1194295,40.8202812],[14.1195551,40.8202254],[14.1197844,40.8201329],[14.119809,40.8201242],[14.1199889,40.8201917]]},"properties":{"site":"pozzuoli","name":"","highway":"footway"}},{"type":"Feature","geometry":{"type":"LineString","coordinates":[[14.1233579,40.8275345],[14.1232662,40.8274306],[14.1236625,40.8271243],[14.1236943,40.827099],[14.1237177,40.8270901],[14.1237445,40.8270876],[14.123773,40.8270965],[14.1238792,40.8271818],[14.1237571,40.8272724],[14.1233579,40.8275345]]},"properties":{"site":"pozzuoli","name":"","highway":"pedestrian"}},{"type":"Feature","geometry":{"type":"LineString","coordinates":[[14.1220048,40.8279811],[14.1218853,40.828081],[14.1216961,40.8281658],[14.1216493,40.8282494],[14.121671,40.8282887],[14.1216894,40.8283001],[14.1216241,40.8284192]]},"properties":{"site":"pozzuoli","name":"","highway":"footway"}},{"type":"Feature","geometry":{"type":"LineString","coordinates":[[14.1216961,40.8281658],[14.1216576,40.8280848],[14.1215137,40.8280594],[14.1215103,40.828086],[14.1212424,40.8281988]]},"properties":{"site":"pozzuoli","name":"","highway":"footway"}},{"type":"Feature","geometry":{"type":"LineString","coordinates":[[14.1232812,40.8283431],[14.1233807,40.8283353],[14.1234536,40.8283234],[14.1236415,40.8282617],[14.1237343,40.8282599]]},"properties":{"site":"pozzuoli","name":"","highway":"service"}},{"type":"Feature","geometry":{"type":"LineString","coordinates":[[14.1331019,40.823825],[14.1329912,40.8236755],[14.1329257,40.8235999],[14.132931,40.8234994],[14.1329744,40.8233796],[14.1329841,40.8232986],[14.1329434,40.8231814],[14.1328717,40.8230475]]},"properties":{"site":"pozzuoli","name":"","highway":"path"}},{"type":"Feature","geometry":{"type":"LineString","coordinates":[[14.1227284,40.8294391],[14.1227024,40.829425],[14.1227376,40.8293411]]},"properties":{"site":"pozzuoli","name":"","highway":"steps"}},{"type":"Feature","geometry":{"type":"LineString","coordinates":[[14.1226476,40.829718],[14.1226725,40.8296395]]},"properties":{"site":"pozzuoli","name":"","highway":"steps"}},{"type":"Feature","geometry":{"type":"LineString","coordinates":[[14.1264911,40.8342347],[14.1264749,40.8343399],[14.1265428,40.8345714],[14.1266407,40.8348218],[14.1267345,40.8350054],[14.1269261,40.8352453]]},"properties":{"site":"pozzuoli","name":"","highway":"path"}},{"type":"Feature","geometry":{"type":"LineString","coordinates":[[14.1197569,40.8206303],[14.1197015,40.820642],[14.1196247,40.8206538],[14.1195143,40.8210107],[14.1198358,40.8210411]]},"properties":{"site":"pozzuoli","name":"","highway":"pedestrian"}},{"type":"Feature","geometry":{"type":"LineString","coordinates":[[14.1193279,40.8213135],[14.119356,40.8213527],[14.1194729,40.8213376],[14.1197171,40.8213416]]},"properties":{"site":"pozzuoli","name":"","highway":"footway"}},{"type":"Feature","geometry":{"type":"LineString","coordinates":[[14.1261696,40.8221772],[14.1272005,40.8221404]]},"properties":{"site":"pozzuoli","name":"","highway":"footway"}},{"type":"Feature","geometry":{"type":"LineString","coordinates":[[14.1230994,40.8238493],[14.1231753,40.8237756]]},"properties":{"site":"pozzuoli","name":"","highway":"footway"}},{"type":"Feature","geometry":{"type":"LineString","coordinates":[[14.1229249,40.8236755],[14.1230264,40.823643],[14.1230827,40.823625],[14.1231159,40.8236789],[14.1231753,40.8237756],[14.1232249,40.8238563],[14.1234287,40.8240163],[14.1235451,40.8241077],[14.1236813,40.8242147],[14.1238217,40.8243134],[14.1238705,40.8243163],[14.1242497,40.8240686],[14.1244377,40.8239484],[14.1246183,40.8238285],[14.1247449,40.8237445],[14.1248121,40.8237625],[14.1249148,40.8238457],[14.1249425,40.8238917]]},"properties":{"site":"pozzuoli","name":"","highway":"footway"}},{"type":"Feature","geometry":{"type":"LineString","coordinates":[[14.1348702,40.8271402],[14.134964,40.8270835],[14.1349907,40.8271018]]},"properties":{"site":"pozzuoli","name":"","highway":"steps"}},{"type":"Feature","geometry":{"type":"LineString","coordinates":[[14.137164,40.8245741],[14.1371158,40.8245731],[14.1371107,40.8245981],[14.1369648,40.8245952],[14.1369445,40.8245942],[14.1369369,40.8246758],[14.1369585,40.8246797],[14.1369496,40.8247344],[14.1369039,40.8247373],[14.1368595,40.8251021],[14.1368481,40.8251818],[14.1369407,40.8251914],[14.137164,40.8245741]]},"properties":{"site":"pozzuoli","name":"","highway":"pedestrian"}},{"type":"Feature","geometry":{"type":"LineString","coordinates":[[14.1227971,40.8218293],[14.1226534,40.8217742],[14.1225562,40.8217401],[14.1225063,40.8217244],[14.1224529,40.8217123],[14.1223805,40.821703],[14.1223012,40.8216983]]},"properties":{"site":"pozzuoli","name":"Via Duomo","highway":"service"}},{"type":"Feature","geometry":{"type":"LineString","coordinates":[[14.1363547,40.828112],[14.1363729,40.8281596],[14.1363675,40.8282205],[14.13629,40.8283025]]},"properties":{"site":"pozzuoli","name":"","highway":"service"}},{"type":"Feature","geometry":{"type":"LineString","coordinates":[[14.1061391,40.8350019],[14.1061774,40.8351587],[14.1062484,40.8354375],[14.1063378,40.8356683],[14.106365,40.835741],[14.1066005,40.8363693]]},"properties":{"site":"pozzuoli","name":"","highway":"service"}},{"type":"Feature","geometry":{"type":"LineString","coordinates":[[14.1047941,40.8352661],[14.1048489,40.8353338]]},"properties":{"site":"pozzuoli","name":"","highway":"service"}},{"type":"Feature","geometry":{"type":"LineString","coordinates":[[14.106365,40.835741],[14.1062814,40.8357519]]},"properties":{"site":"pozzuoli","name":"","highway":"service"}},{"type":"Feature","geometry":{"type":"LineString","coordinates":[[14.1255727,40.8294889],[14.1257341,40.8293536],[14.1260541,40.8295711]]},"properties":{"site":"pozzuoli","name":"","highway":"path"}},{"type":"Feature","geometry":{"type":"LineString","coordinates":[[14.1263982,40.829367],[14.1266287,40.8296432]]},"properties":{"site":"pozzuoli","name":"","highway":"path"}},{"type":"Feature","geometry":{"type":"LineString","coordinates":[[14.1185121,40.8228262],[14.1184932,40.8227386],[14.1184004,40.8226996],[14.1183142,40.8227128],[14.1183103,40.8226806],[14.1183032,40.822622],[14.1182923,40.8225313],[14.1182444,40.8222547],[14.1182197,40.8221139],[14.118328,40.8220963],[14.1187607,40.8220871],[14.1189111,40.821978],[14.1188752,40.8219529],[14.1189726,40.8218777],[14.1190086,40.821903],[14.1191014,40.8218453],[14.1190625,40.8216299],[14.1190433,40.8215232],[14.119125,40.8215214],[14.1191941,40.8218828],[14.119234,40.8220753],[14.1192508,40.8221305],[14.1192805,40.8222282],[14.1191814,40.8222325],[14.1187263,40.8222628],[14.1186805,40.8222658],[14.1184442,40.8222715],[14.1184255,40.8224004],[14.1184333,40.822437],[14.1184389,40.8224631],[14.1184677,40.8225985],[14.118542,40.8225996],[14.1185492,40.822624],[14.1185554,40.8226451],[14.1185811,40.8227972],[14.1185541,40.8228085],[14.1185121,40.8228262]]},"properties":{"site":"pozzuoli","name":"","highway":"pedestrian"}},{"type":"Feature","geometry":{"type":"LineString","coordinates":[[14.119125,40.8215214],[14.1190951,40.8213624],[14.1190748,40.8212824],[14.1189582,40.8212905],[14.1189462,40.8211998],[14.1189396,40.8211698],[14.1190488,40.8211508],[14.1190286,40.821064],[14.1189337,40.8210672],[14.1189013,40.8210669],[14.1188837,40.8210667],[14.1188878,40.8211579],[14.1186981,40.8211634],[14.1186565,40.8211527],[14.1185979,40.8211329],[14.1183177,40.8215098],[14.1184075,40.8215111],[14.1190433,40.8215232],[14.119125,40.8215214]]},"properties":{"site":"pozzuoli","name":"","highway":"pedestrian"}},{"type":"Feature","geometry":{"type":"LineString","coordinates":[[14.1189022,40.8210538],[14.1189013,40.8210669]]},"properties":{"site":"pozzuoli","name":"","highway":"footway"}},{"type":"Feature","geometry":{"type":"LineString","coordinates":[[14.1243033,40.8209575],[14.1242557,40.8209568],[14.1238714,40.8209511],[14.123784,40.8209802],[14.1236953,40.8210016],[14.1236331,40.8210194],[14.1235924,40.8210277],[14.1235155,40.8210318],[14.1234448,40.8210128],[14.1233846,40.8209789],[14.123302,40.8209235],[14.1232449,40.8208944],[14.1232237,40.8208827],[14.1231668,40.8208675]]},"properties":{"site":"pozzuoli","name":"","highway":"footway"}},{"type":"Feature","geometry":{"type":"LineString","coordinates":[[14.1203398,40.8216456],[14.1203487,40.8214669],[14.1203972,40.8214683],[14.120417,40.821169],[14.1204383,40.8209959]]},"properties":{"site":"pozzuoli","name":"","highway":"pedestrian"}},{"type":"Feature","geometry":{"type":"LineString","coordinates":[[14.1203487,40.8214669],[14.1201977,40.8214629]]},"properties":{"site":"pozzuoli","name":"","highway":"pedestrian"}},{"type":"Feature","geometry":{"type":"LineString","coordinates":[[14.1247353,40.8239494],[14.1246183,40.8238285]]},"properties":{"site":"pozzuoli","name":"","highway":"footway"}},{"type":"Feature","geometry":{"type":"LineString","coordinates":[[14.1250944,40.8235883],[14.1252149,40.8235067],[14.1256117,40.8232556]]},"properties":{"site":"pozzuoli","name":"","highway":"footway"}},{"type":"Feature","geometry":{"type":"LineString","coordinates":[[14.124476,40.8298057],[14.1245566,40.8298092],[14.1252085,40.8299053],[14.1253006,40.8298339]]},"properties":{"site":"pozzuoli","name":"","highway":"service"}},{"type":"Feature","geometry":{"type":"LineString","coordinates":[[14.1249425,40.8238917],[14.1250318,40.8239875],[14.1250844,40.8240026],[14.1251447,40.8239736],[14.1251345,40.8239404],[14.1251444,40.8239292],[14.1252088,40.8239819]]},"properties":{"site":"pozzuoli","name":"","highway":"steps"}},{"type":"Feature","geometry":{"type":"LineString","coordinates":[[14.1182893,40.8283349],[14.1184592,40.8284577],[14.1185264,40.8285205],[14.118548,40.8285598],[14.1185573,40.8285973],[14.1185415,40.8286291],[14.1182917,40.8287943],[14.1182508,40.828812],[14.1182135,40.8288168],[14.1181732,40.8288071],[14.1181428,40.828785],[14.1179546,40.8286068]]},"properties":{"site":"pozzuoli","name":"","highway":"service"}},{"type":"Feature","geometry":{"type":"LineString","coordinates":[[14.1185264,40.8285205],[14.1185637,40.8284961],[14.1192177,40.8280433],[14.119294,40.8279917]]},"properties":{"site":"pozzuoli","name":"","highway":"service"}},{"type":"Feature","geometry":{"type":"LineString","coordinates":[[14.1338089,40.8218734],[14.1337633,40.8219677],[14.1336226,40.8220411]]},"properties":{"site":"pozzuoli","name":"","highway":"service"}},{"type":"Feature","geometry":{"type":"LineString","coordinates":[[14.1339043,40.8217379],[14.133955,40.8219132]]},"properties":{"site":"pozzuoli","name":"","highway":"service"}},{"type":"Feature","geometry":{"type":"LineString","coordinates":[[14.1360396,40.820199],[14.1359805,40.8201397],[14.135954,40.8201004],[14.1359388,40.8200595],[14.1359325,40.8200198],[14.1359291,40.819976],[14.1359338,40.819936],[14.1359534,40.8199201]]},"properties":{"site":"pozzuoli","name":"","highway":"track"}},{"type":"Feature","geometry":{"type":"LineString","coordinates":[[14.1359534,40.8199201],[14.1360971,40.8198932]]},"properties":{"site":"pozzuoli","name":"","highway":"track"}},{"type":"Feature","geometry":{"type":"LineString","coordinates":[[14.12746,40.8243416],[14.1275471,40.8245041]]},"properties":{"site":"pozzuoli","name":"Largo Palmira Fazio Scalise","highway":"service"}},{"type":"Feature","geometry":{"type":"LineString","coordinates":[[14.1277558,40.8303069],[14.1281433,40.8301264]]},"properties":{"site":"pozzuoli","name":"Traversa 2 Bognar","highway":"service"}},{"type":"Feature","geometry":{"type":"LineString","coordinates":[[14.1340237,40.8201931],[14.1338639,40.8201952],[14.1335234,40.8202813],[14.1330978,40.8204193],[14.132717,40.8205439],[14.1324453,40.8206077],[14.1323406,40.8206316],[14.132074,40.8206925],[14.1316956,40.8207625],[14.1309081,40.8208718],[14.1301337,40.8209642],[14.1293485,40.8210163],[14.1287708,40.8210202],[14.1285271,40.8210221],[14.1282601,40.8210241],[14.1277666,40.821028],[14.1269824,40.8210263],[14.1267648,40.8210258],[14.1265784,40.8210254],[14.126352,40.8210106],[14.1262014,40.8210007],[14.1254115,40.8209109],[14.125024,40.8208262]]},"properties":{"site":"pozzuoli","name":"Lungomare Yalta","highway":"pedestrian"}},{"type":"Feature","geometry":{"type":"LineString","coordinates":[[14.1335234,40.8202813],[14.1336416,40.8203919],[14.1336843,40.8204324]]},"properties":{"site":"pozzuoli","name":"Lungomare Yalta","highway":"pedestrian"}},{"type":"Feature","geometry":{"type":"LineString","coordinates":[[14.1250023,40.8211712],[14.1250029,40.8211597],[14.1250053,40.8211519],[14.1250653,40.8210993],[14.1251242,40.8210622],[14.1252875,40.8210309],[14.1253805,40.8210412],[14.1254731,40.8210514],[14.1255574,40.821066],[14.1256484,40.8210817],[14.1257015,40.8210865],[14.125751,40.8210867],[14.1258133,40.82108],[14.1259378,40.8210919],[14.1260004,40.8211007],[14.1260589,40.8211155],[14.1261764,40.8211445],[14.1263369,40.8211294],[14.1263512,40.8211278]]},"properties":{"site":"pozzuoli","name":"Via delle Terme","highway":"footway"}},{"type":"Feature","geometry":{"type":"LineString","coordinates":[[14.1276449,40.821191],[14.1277632,40.8211802],[14.1278209,40.8211732],[14.1278822,40.8211566],[14.1279456,40.8211597],[14.1280179,40.8211779],[14.128077,40.8211943],[14.1281208,40.8211802],[14.1281765,40.8211612],[14.1282153,40.8211498],[14.1282635,40.8211451],[14.1283335,40.8211612],[14.1285311,40.8211711],[14.128731,40.8211814],[14.1288111,40.8212155],[14.1288806,40.8212174],[14.1290196,40.8211863],[14.1290928,40.8211838],[14.1291422,40.8211906],[14.1291803,40.8212007],[14.129223,40.8212049],[14.1292961,40.8211893],[14.1293594,40.8211607],[14.1295016,40.8211177],[14.1295944,40.8211086],[14.129682,40.8211234],[14.1297658,40.8211551],[14.1298256,40.8211645],[14.1298768,40.8211651],[14.1299435,40.8211581],[14.130057,40.8211308],[14.1301517,40.821113],[14.1302504,40.8211045],[14.1303321,40.8210709],[14.1304043,40.8210618],[14.1305023,40.8210748],[14.1305952,40.8211112],[14.1306467,40.8211151],[14.1307465,40.8210982],[14.1307929,40.8210709],[14.1308215,40.821057],[14.1308531,40.8210501],[14.1308851,40.8210518],[14.1309127,40.8210602]]},"properties":{"site":"pozzuoli","name":"Via delle Terme","highway":"footway"}},{"type":"Feature","geometry":{"type":"LineString","coordinates":[[14.1309334,40.8210275],[14.1309233,40.8210333],[14.130916,40.8210413],[14.1309124,40.8210505],[14.1309127,40.8210602],[14.1309169,40.8210692],[14.1309246,40.8210767],[14.1309349,40.8210821],[14.130947,40.8210849],[14.1309595,40.8210847],[14.1309716,40.8210815],[14.1309818,40.8210757],[14.1309891,40.8210677],[14.1309927,40.8210585],[14.1309945,40.8210501],[14.1309881,40.8210398],[14.1309805,40.8210323],[14.1309701,40.8210269],[14.1309581,40.8210241],[14.1309455,40.8210243],[14.1309334,40.8210275]]},"properties":{"site":"pozzuoli","name":"","highway":"footway"}},{"type":"Feature","geometry":{"type":"LineString","coordinates":[[14.1309945,40.8210501],[14.1310719,40.8210252]]},"properties":{"site":"pozzuoli","name":"Via delle Terme","highway":"footway"}},{"type":"Feature","geometry":{"type":"LineString","coordinates":[[14.1315373,40.820937],[14.1316389,40.8209265],[14.1317328,40.8209137],[14.1318261,40.820891],[14.1319211,40.8208688]]},"properties":{"site":"pozzuoli","name":"Via delle Terme","highway":"footway"}},{"type":"Feature","geometry":{"type":"LineString","coordinates":[[14.1324453,40.8206077],[14.132491,40.8207411],[14.1325038,40.8207783],[14.1325477,40.8209064],[14.1325494,40.8209113]]},"properties":{"site":"pozzuoli","name":"","highway":"footway"}},{"type":"Feature","geometry":{"type":"LineString","coordinates":[[14.1325038,40.8207783],[14.1325851,40.8207585],[14.1326616,40.8207156],[14.1326862,40.8207071],[14.1327109,40.820704],[14.1327611,40.8206967],[14.1327959,40.8206871],[14.1328295,40.8206749],[14.1328716,40.8206642],[14.132916,40.8206592],[14.1329697,40.8206552],[14.1330176,40.8206557],[14.1331474,40.820669],[14.133213,40.8206687],[14.1332275,40.820675]]},"properties":{"site":"pozzuoli","name":"Via delle Terme","highway":"footway"}},{"type":"Feature","geometry":{"type":"LineString","coordinates":[[14.1309455,40.8210243],[14.1309081,40.8208718]]},"properties":{"site":"pozzuoli","name":"","highway":"footway"}},{"type":"Feature","geometry":{"type":"LineString","coordinates":[[14.1309595,40.8210847],[14.1309687,40.8211324],[14.1309699,40.8211388],[14.130971,40.8211442],[14.1309773,40.8211747]]},"properties":{"site":"pozzuoli","name":"","highway":"footway"}},{"type":"Feature","geometry":{"type":"LineString","coordinates":[[14.1062484,40.8354375],[14.1055798,40.8355085],[14.1053954,40.8355418],[14.1052094,40.8355974],[14.1049728,40.8356998],[14.1047509,40.8358134],[14.1043512,40.8360714],[14.1045649,40.8363516],[14.1046889,40.8364948],[14.1049141,40.836617],[14.1059991,40.8370898],[14.1062798,40.8372244],[14.1064511,40.8373836],[14.1065865,40.8374293]]},"properties":{"site":"pozzuoli","name":"","highway":"service"}},{"type":"Feature","geometry":{"type":"LineString","coordinates":[[14.1155734,40.829774],[14.1157939,40.8298869],[14.1158757,40.8298336]]},"properties":{"site":"pozzuoli","name":"","highway":"service"}},{"type":"Feature","geometry":{"type":"LineString","coordinates":[[14.1119929,40.8352178],[14.1121243,40.8351864],[14.1121358,40.8351556],[14.1124649,40.8350672],[14.1124003,40.8349353],[14.1120323,40.8350438],[14.112082,40.8351521],[14.1121243,40.8351864]]},"properties":{"site":"pozzuoli","name":"","highway":"service"}},{"type":"Feature","geometry":{"type":"LineString","coordinates":[[14.1159562,40.8307072],[14.1160471,40.8308475],[14.1158704,40.83091]]},"properties":{"site":"pozzuoli","name":"","highway":"service"}},{"type":"Feature","geometry":{"type":"LineString","coordinates":[[14.1158704,40.83091],[14.1155924,40.8310139],[14.1155065,40.8308759]]},"properties":{"site":"pozzuoli","name":"","highway":"service"}},{"type":"Feature","geometry":{"type":"LineString","coordinates":[[14.1168953,40.8291065],[14.1168666,40.8290596],[14.1167893,40.8289335]]},"properties":{"site":"pozzuoli","name":"","highway":"service"}},{"type":"Feature","geometry":{"type":"LineString","coordinates":[[14.11597,40.8291811],[14.1157914,40.8289045],[14.1157827,40.8288833],[14.1157828,40.828861],[14.1157916,40.8288398],[14.1158084,40.8288215],[14.1158317,40.8288078],[14.1158624,40.8287996],[14.1158949,40.8287995],[14.1159257,40.8288075],[14.1159513,40.8288227],[14.1159689,40.8288435],[14.1161606,40.8291551],[14.1160466,40.829196],[14.1160145,40.8291999],[14.1159917,40.8291962],[14.1159792,40.8291894],[14.11597,40.8291811]]},"properties":{"site":"pozzuoli","name":"","highway":"service"}},{"type":"Feature","geometry":{"type":"LineString","coordinates":[[14.1174846,40.8221641],[14.1173803,40.8220725],[14.1157643,40.8217825]]},"properties":{"site":"pozzuoli","name":"","highway":"service"}},{"type":"Feature","geometry":{"type":"LineString","coordinates":[[14.1197164,40.8257191],[14.1197891,40.825756],[14.1198039,40.8257641],[14.1199908,40.8258655],[14.1200433,40.825894]]},"properties":{"site":"pozzuoli","name":"","highway":"footway"}},{"type":"Feature","geometry":{"type":"LineString","coordinates":[[14.1199813,40.8255345],[14.1199831,40.8255537],[14.1199885,40.825612],[14.1201089,40.8257782],[14.1199908,40.8258655],[14.1198769,40.8260607],[14.1195969,40.8259958],[14.1195762,40.8259914]]},"properties":{"site":"pozzuoli","name":"","highway":"footway"}},{"type":"Feature","geometry":{"type":"LineString","coordinates":[[14.1198769,40.8260607],[14.119899,40.826149],[14.1198273,40.8262345]]},"properties":{"site":"pozzuoli","name":"","highway":"footway"}},{"type":"Feature","geometry":{"type":"LineString","coordinates":[[14.1197725,40.8262375],[14.1196178,40.8261503],[14.1195798,40.8261001],[14.1195727,40.8260372],[14.1195969,40.8259958],[14.1198039,40.8257641],[14.1199831,40.8255537],[14.1202831,40.825694],[14.1202315,40.8257496],[14.1201089,40.8257782]]},"properties":{"site":"pozzuoli","name":"","highway":"footway"}},{"type":"Feature","geometry":{"type":"LineString","coordinates":[[14.1216229,40.8249678],[14.1216404,40.8249671]]},"properties":{"site":"pozzuoli","name":"","highway":"footway"}},{"type":"Feature","geometry":{"type":"LineString","coordinates":[[14.1216404,40.8249671],[14.1216399,40.8248853]]},"properties":{"site":"pozzuoli","name":"","highway":"steps"}},{"type":"Feature","geometry":{"type":"LineString","coordinates":[[14.1216399,40.8248853],[14.1214822,40.8248837]]},"properties":{"site":"pozzuoli","name":"","highway":"footway"}},{"type":"Feature","geometry":{"type":"LineString","coordinates":[[14.1214822,40.8248837],[14.1214035,40.8248842]]},"properties":{"site":"pozzuoli","name":"","highway":"steps"}},{"type":"Feature","geometry":{"type":"LineString","coordinates":[[14.1214035,40.8248842],[14.1213656,40.8248846]]},"properties":{"site":"pozzuoli","name":"","highway":"footway"}},{"type":"Feature","geometry":{"type":"LineString","coordinates":[[14.1212969,40.8250079],[14.1213692,40.8250074]]},"properties":{"site":"pozzuoli","name":"","highway":"footway"}},{"type":"Feature","geometry":{"type":"LineString","coordinates":[[14.1213692,40.8250074],[14.1214252,40.8250074]]},"properties":{"site":"pozzuoli","name":"","highway":"steps"}},{"type":"Feature","geometry":{"type":"LineString","coordinates":[[14.1214252,40.8250074],[14.121492,40.8250075]]},"properties":{"site":"pozzuoli","name":"","highway":"footway"}},{"type":"Feature","geometry":{"type":"LineString","coordinates":[[14.1180645,40.8236536],[14.1181402,40.8236475]]},"properties":{"site":"pozzuoli","name":"","highway":"footway"}},{"type":"Feature","geometry":{"type":"LineString","coordinates":[[14.1181402,40.8236475],[14.1181466,40.8236928]]},"properties":{"site":"pozzuoli","name":"","highway":"steps"}},{"type":"Feature","geometry":{"type":"LineString","coordinates":[[14.1181466,40.8236928],[14.1181538,40.8236921],[14.1182879,40.8236791],[14.1183496,40.8236743]]},"properties":{"site":"pozzuoli","name":"","highway":"footway"}},{"type":"Feature","geometry":{"type":"LineString","coordinates":[[14.1181925,40.8287038],[14.1181604,40.8287039],[14.1181358,40.8286899],[14.1181117,40.8286714],[14.1180534,40.8286175],[14.1180059,40.8285751]]},"properties":{"site":"pozzuoli","name":"","highway":"service"}},{"type":"Feature","geometry":{"type":"LineString","coordinates":[[14.1184041,40.8285661],[14.118297,40.8286337],[14.1181925,40.8287038]]},"properties":{"site":"pozzuoli","name":"","highway":"service"}},{"type":"Feature","geometry":{"type":"LineString","coordinates":[[14.119432,40.8302589],[14.1195065,40.8301406],[14.119568,40.8300556],[14.119633,40.8299759],[14.1197644,40.8300194]]},"properties":{"site":"pozzuoli","name":"","highway":"service"}},{"type":"Feature","geometry":{"type":"LineString","coordinates":[[14.1213644,40.8296531],[14.1216463,40.8298658],[14.1210959,40.8304148],[14.120919,40.8303317],[14.1207562,40.8302165]]},"properties":{"site":"pozzuoli","name":"","highway":"service"}},{"type":"Feature","geometry":{"type":"LineString","coordinates":[[14.1268396,40.8263381],[14.1267795,40.8263604],[14.1265741,40.8264366]]},"properties":{"site":"pozzuoli","name":"","highway":"service"}},{"type":"Feature","geometry":{"type":"LineString","coordinates":[[14.1269481,40.8265227],[14.1268905,40.8265474]]},"properties":{"site":"pozzuoli","name":"","highway":"service"}},{"type":"Feature","geometry":{"type":"LineString","coordinates":[[14.1351176,40.8204774],[14.1351714,40.8204679],[14.1354831,40.8202117],[14.1355415,40.8202453],[14.1355684,40.8202656]]},"properties":{"site":"pozzuoli","name":"","highway":"footway"}},{"type":"Feature","geometry":{"type":"LineString","coordinates":[[14.1355684,40.8202656],[14.1356466,40.8204467]]},"properties":{"site":"pozzuoli","name":"","highway":"footway"}},{"type":"Feature","geometry":{"type":"LineString","coordinates":[[14.1356466,40.8204467],[14.1356754,40.8204832]]},"properties":{"site":"pozzuoli","name":"","highway":"footway"}},{"type":"Feature","geometry":{"type":"LineString","coordinates":[[14.1356453,40.820823],[14.1356767,40.8208774]]},"properties":{"site":"pozzuoli","name":"","highway":"service"}},{"type":"Feature","geometry":{"type":"LineString","coordinates":[[14.1338639,40.8201952],[14.1340605,40.8201049],[14.1342987,40.8199679],[14.1351785,40.8194509],[14.1354354,40.8193017],[14.1355675,40.8192205],[14.1360596,40.8189145],[14.1366833,40.8185522]]},"properties":{"site":"pozzuoli","name":"","highway":"footway"}},{"type":"Feature","geometry":{"type":"LineString","coordinates":[[14.1317597,40.821034],[14.1317566,40.8210265],[14.1317328,40.8209137],[14.1316956,40.8207625]]},"properties":{"site":"pozzuoli","name":"","highway":"footway"}},{"type":"Feature","geometry":{"type":"LineString","coordinates":[[14.1301677,40.8212213],[14.1301665,40.8212157],[14.1301517,40.821113],[14.1301337,40.8209642]]},"properties":{"site":"pozzuoli","name":"","highway":"footway"}},{"type":"Feature","geometry":{"type":"LineString","coordinates":[[14.1299002,40.8212362],[14.1297658,40.8211551]]},"properties":{"site":"pozzuoli","name":"","highway":"footway"}},{"type":"Feature","geometry":{"type":"LineString","coordinates":[[14.129371,40.8212707],[14.1293594,40.8211607],[14.1293485,40.8210163]]},"properties":{"site":"pozzuoli","name":"","highway":"footway"}},{"type":"Feature","geometry":{"type":"LineString","coordinates":[[14.128731,40.8211814],[14.1288173,40.8211677],[14.1288935,40.821135],[14.128949,40.8211082],[14.1290445,40.8211024],[14.1291377,40.8211036],[14.1292278,40.8211129],[14.129311,40.8211415],[14.1293594,40.8211607]]},"properties":{"site":"pozzuoli","name":"","highway":"footway"}},{"type":"Feature","geometry":{"type":"LineString","coordinates":[[14.1285359,40.821307],[14.1285356,40.8213017],[14.1285311,40.8211711],[14.1285271,40.8210221]]},"properties":{"site":"pozzuoli","name":"","highway":"footway"}},{"type":"Feature","geometry":{"type":"LineString","coordinates":[[14.1281782,40.8213124],[14.1281782,40.8213059],[14.1281765,40.8211612]]},"properties":{"site":"pozzuoli","name":"","highway":"footway"}},{"type":"Feature","geometry":{"type":"LineString","coordinates":[[14.1277594,40.8213097],[14.1277597,40.8213024],[14.1277632,40.8211802],[14.1277666,40.821028]]},"properties":{"site":"pozzuoli","name":"","highway":"footway"}},{"type":"Feature","geometry":{"type":"LineString","coordinates":[[14.1324508,40.8209343],[14.1324489,40.8209271],[14.1324158,40.820833],[14.1323908,40.8207638],[14.1323406,40.8206316]]},"properties":{"site":"pozzuoli","name":"","highway":"footway"}},{"type":"Feature","geometry":{"type":"LineString","coordinates":[[14.1323738,40.8207677],[14.1323908,40.8207638],[14.132491,40.8207411]]},"properties":{"site":"pozzuoli","name":"","highway":"footway"}},{"type":"Feature","geometry":{"type":"LineString","coordinates":[[14.1315484,40.8210624],[14.1315471,40.8210544],[14.1315407,40.8210232]]},"properties":{"site":"pozzuoli","name":"","highway":"footway"}},{"type":"Feature","geometry":{"type":"LineString","coordinates":[[14.1311099,40.8211208],[14.1311079,40.8211136],[14.1311015,40.8210824]]},"properties":{"site":"pozzuoli","name":"","highway":"footway"}},{"type":"Feature","geometry":{"type":"LineString","coordinates":[[14.13042,40.8211903],[14.1304474,40.8211642],[14.1305067,40.8211427],[14.1305952,40.8211112]]},"properties":{"site":"pozzuoli","name":"","highway":"footway"}},{"type":"Feature","geometry":{"type":"LineString","coordinates":[[14.1276313,40.8213074],[14.1276309,40.8212986],[14.1276301,40.8212721]]},"properties":{"site":"pozzuoli","name":"","highway":"footway"}},{"type":"Feature","geometry":{"type":"LineString","coordinates":[[14.1271653,40.8212931],[14.1271673,40.8212847],[14.1271701,40.8212663]]},"properties":{"site":"pozzuoli","name":"","highway":"footway"}},{"type":"Feature","geometry":{"type":"LineString","coordinates":[[14.126958,40.8212843],[14.1269581,40.8212773],[14.1269698,40.8211743],[14.1269824,40.8210263]]},"properties":{"site":"pozzuoli","name":"","highway":"footway"}},{"type":"Feature","geometry":{"type":"LineString","coordinates":[[14.1267516,40.8212738],[14.1267523,40.8212665],[14.1267582,40.8211576],[14.1267648,40.8210258]]},"properties":{"site":"pozzuoli","name":"","highway":"footway"}},{"type":"Feature","geometry":{"type":"LineString","coordinates":[[14.1267444,40.8211564],[14.1267582,40.8211576],[14.1268793,40.8211659],[14.1269698,40.8211743],[14.1271586,40.8211919]]},"properties":{"site":"pozzuoli","name":"Via delle Terme","highway":"footway"}},{"type":"Feature","geometry":{"type":"LineString","coordinates":[[14.125679,40.8211996],[14.1256799,40.8211935],[14.125751,40.8210867]]},"properties":{"site":"pozzuoli","name":"","highway":"footway"}},{"type":"Feature","geometry":{"type":"LineString","coordinates":[[14.1261637,40.8212331],[14.1261645,40.8212272],[14.1261764,40.8211445],[14.1262014,40.8210007]]},"properties":{"site":"pozzuoli","name":"","highway":"footway"}},{"type":"Feature","geometry":{"type":"LineString","coordinates":[[14.1253557,40.8211812],[14.1253558,40.8211749],[14.1253805,40.8210412],[14.1254115,40.8209109]]},"properties":{"site":"pozzuoli","name":"","highway":"footway"}},{"type":"Feature","geometry":{"type":"LineString","coordinates":[[14.1249274,40.8211706],[14.1249321,40.8211519],[14.1249797,40.8209795],[14.1249918,40.8209357],[14.1250044,40.8208898],[14.125024,40.8208262]]},"properties":{"site":"pozzuoli","name":"","highway":"footway"}},{"type":"Feature","geometry":{"type":"LineString","coordinates":[[14.1251242,40.8210622],[14.1249918,40.8209357]]},"properties":{"site":"pozzuoli","name":"","highway":"footway"}},{"type":"Feature","geometry":{"type":"LineString","coordinates":[[14.1249274,40.8211706],[14.1250023,40.8211712],[14.1251097,40.821172],[14.1253557,40.8211812],[14.1253856,40.8211829],[14.125679,40.8211996],[14.1261637,40.8212331],[14.1263218,40.8212451],[14.1267516,40.8212738],[14.1268802,40.8212802],[14.126958,40.8212843],[14.1270163,40.8212868],[14.1271653,40.8212931],[14.127552,40.8213049],[14.1276313,40.8213074],[14.1277594,40.8213097],[14.1279825,40.8213111],[14.1281782,40.8213124],[14.1285359,40.821307],[14.1285636,40.8213063],[14.1287277,40.821302],[14.1289633,40.8212958],[14.1293709,40.8212778],[14.1299034,40.8212428],[14.1301677,40.8212213],[14.1304213,40.8211978],[14.1309699,40.8211388],[14.1311099,40.8211208],[14.1315484,40.8210624],[14.1316941,40.821043],[14.1317597,40.821034],[14.1318336,40.8210228]]},"properties":{"site":"pozzuoli","name":"","highway":"footway"}},{"type":"Feature","geometry":{"type":"LineString","coordinates":[[14.1324385,40.8209366],[14.1324508,40.8209343],[14.1325494,40.8209113],[14.1327281,40.8208646],[14.1328652,40.8208215],[14.1330551,40.8207524],[14.1331911,40.820693],[14.1332275,40.820675],[14.1332438,40.8206659],[14.1333547,40.8205912],[14.1335084,40.8204857],[14.1336097,40.8204164],[14.1336416,40.8203919]]},"properties":{"site":"pozzuoli","name":"","highway":"footway"}},{"type":"Feature","geometry":{"type":"LineString","coordinates":[[14.1253818,40.8212224],[14.1253851,40.8211879],[14.1253856,40.8211829]]},"properties":{"site":"pozzuoli","name":"","highway":"footway"}},{"type":"Feature","geometry":{"type":"LineString","coordinates":[[14.1268768,40.821317],[14.1268802,40.8212802]]},"properties":{"site":"pozzuoli","name":"","highway":"footway"}},{"type":"Feature","geometry":{"type":"LineString","coordinates":[[14.1270126,40.8213231],[14.1270163,40.8212868]]},"properties":{"site":"pozzuoli","name":"","highway":"footway"}},{"type":"Feature","geometry":{"type":"LineString","coordinates":[[14.1275507,40.8213464],[14.1275518,40.8213125],[14.127552,40.8213049]]},"properties":{"site":"pozzuoli","name":"","highway":"footway"}},{"type":"Feature","geometry":{"type":"LineString","coordinates":[[14.1279809,40.8213498],[14.1279823,40.821317],[14.1279825,40.8213111]]},"properties":{"site":"pozzuoli","name":"","highway":"footway"}},{"type":"Feature","geometry":{"type":"LineString","coordinates":[[14.1285628,40.821345],[14.1285635,40.8213125],[14.1285636,40.8213063]]},"properties":{"site":"pozzuoli","name":"","highway":"footway"}},{"type":"Feature","geometry":{"type":"LineString","coordinates":[[14.1287283,40.8213397],[14.1287278,40.8213095],[14.1287277,40.821302]]},"properties":{"site":"pozzuoli","name":"","highway":"footway"}},{"type":"Feature","geometry":{"type":"LineString","coordinates":[[14.1244621,40.8206572],[14.124377,40.8209695],[14.1243583,40.8210277],[14.1243644,40.8210654],[14.1243425,40.8210675]]},"properties":{"site":"pozzuoli","name":"","highway":"footway"}},{"type":"Feature","geometry":{"type":"LineString","coordinates":[[14.1263218,40.8212451],[14.1263233,40.8212382],[14.1263369,40.8211294],[14.126352,40.8210106]]},"properties":{"site":"pozzuoli","name":"","highway":"footway"}},{"type":"Feature","geometry":{"type":"LineString","coordinates":[[14.1332275,40.820675],[14.1330978,40.8204193]]},"properties":{"site":"pozzuoli","name":"","highway":"footway"}},{"type":"Feature","geometry":{"type":"LineString","coordinates":[[14.1318336,40.8210228],[14.1318339,40.8210245],[14.1318347,40.8210293],[14.1318411,40.8210656]]},"properties":{"site":"pozzuoli","name":"","highway":"footway"}},{"type":"Feature","geometry":{"type":"LineString","coordinates":[[14.1317049,40.8210848],[14.1316958,40.8210495],[14.1316941,40.821043]]},"properties":{"site":"pozzuoli","name":"","highway":"footway"}},{"type":"Feature","geometry":{"type":"LineString","coordinates":[[14.1340032,40.820382],[14.133971,40.8202854],[14.1340849,40.8202087],[14.1343922,40.8200223],[14.1344824,40.8199693],[14.1345794,40.8199118],[14.1346557,40.8198715],[14.1350205,40.8202841],[14.1350243,40.8203114],[14.1350313,40.8203551]]},"properties":{"site":"pozzuoli","name":"","highway":"footway"}},{"type":"Feature","geometry":{"type":"LineString","coordinates":[[14.1350465,40.8203729],[14.1350587,40.8203843]]},"properties":{"site":"pozzuoli","name":"","highway":"footway"}},{"type":"Feature","geometry":{"type":"LineString","coordinates":[[14.1350313,40.8203551],[14.1350465,40.8203729]]},"properties":{"site":"pozzuoli","name":"","highway":"steps"}},{"type":"Feature","geometry":{"type":"LineString","coordinates":[[14.134354,40.8199865],[14.1343922,40.8200223]]},"properties":{"site":"pozzuoli","name":"","highway":"footway"}},{"type":"Feature","geometry":{"type":"LineString","coordinates":[[14.1351006,40.8202669],[14.1350865,40.8203491],[14.1350587,40.8203843],[14.1350467,40.820404],[14.1350585,40.8204378],[14.1351176,40.8204774]]},"properties":{"site":"pozzuoli","name":"Via Gerolomini","highway":"service"}},{"type":"Feature","geometry":{"type":"LineString","coordinates":[[14.1351176,40.8204774],[14.1351094,40.8205262]]},"properties":{"site":"pozzuoli","name":"","highway":"footway"}},{"type":"Feature","geometry":{"type":"LineString","coordinates":[[14.1351094,40.8205262],[14.1351202,40.8205351]]},"properties":{"site":"pozzuoli","name":"","highway":"steps"}},{"type":"Feature","geometry":{"type":"LineString","coordinates":[[14.135141,40.8204963],[14.1351176,40.8204774]]},"properties":{"site":"pozzuoli","name":"","highway":"footway"}},{"type":"Feature","geometry":{"type":"LineString","coordinates":[[14.1351582,40.8205082],[14.135141,40.8204963]]},"properties":{"site":"pozzuoli","name":"","highway":"steps"}},{"type":"Feature","geometry":{"type":"LineString","coordinates":[[14.1249648,40.8208227],[14.1249263,40.8209719],[14.124886,40.8211284],[14.1248751,40.8211417],[14.1248703,40.8211587],[14.1248691,40.8211705],[14.1248738,40.8211765],[14.1248843,40.8211796]]},"properties":{"site":"pozzuoli","name":"","highway":"footway"}},{"type":"Feature","geometry":{"type":"LineString","coordinates":[[14.12474,40.8207339],[14.124733,40.8207627],[14.1249648,40.8208227]]},"properties":{"site":"pozzuoli","name":"","highway":"footway"}},{"type":"Feature","geometry":{"type":"LineString","coordinates":[[14.1249223,40.8212679],[14.124924,40.8212231],[14.1249274,40.8211706]]},"properties":{"site":"pozzuoli","name":"","highway":"footway"}},{"type":"Feature","geometry":{"type":"LineString","coordinates":[[14.1248843,40.8211796],[14.1249274,40.8211706]]},"properties":{"site":"pozzuoli","name":"","highway":"footway"}},{"type":"Feature","geometry":{"type":"LineString","coordinates":[[14.1249223,40.8212679],[14.1250376,40.8212645],[14.1252241,40.8212591],[14.1254733,40.8212693],[14.1259357,40.8212989]]},"properties":{"site":"pozzuoli","name":"","highway":"footway"}},{"type":"Feature","geometry":{"type":"LineString","coordinates":[[14.125923,40.8213761],[14.1259206,40.8213927],[14.1259152,40.821423]]},"properties":{"site":"pozzuoli","name":"","highway":"footway"}},{"type":"Feature","geometry":{"type":"LineString","coordinates":[[14.1259322,40.8213245],[14.1259242,40.8213693],[14.125923,40.8213761]]},"properties":{"site":"pozzuoli","name":"","highway":"footway"}},{"type":"Feature","geometry":{"type":"LineString","coordinates":[[14.1259357,40.8212989],[14.1259322,40.8213245]]},"properties":{"site":"pozzuoli","name":"","highway":"steps"}},{"type":"Feature","geometry":{"type":"LineString","coordinates":[[14.1259357,40.8212989],[14.1259876,40.8213026],[14.1259997,40.8213061],[14.1260095,40.8213102],[14.1260215,40.8213218],[14.1260261,40.8213329],[14.1260272,40.8213437],[14.1260213,40.8213555],[14.1260141,40.8213623],[14.1260026,40.8213685],[14.1259903,40.8213728],[14.1259645,40.8213734],[14.1259242,40.8213693]]},"properties":{"site":"pozzuoli","name":"","highway":"footway"}},{"type":"Feature","geometry":{"type":"LineString","coordinates":[[14.1222107,40.8213617],[14.1228086,40.8213089],[14.123341,40.8212643],[14.1237862,40.8212267],[14.1238173,40.8212241],[14.123946,40.8212137],[14.1240575,40.8212064],[14.1241286,40.8212032],[14.1241982,40.8212035],[14.1242625,40.8212039],[14.1243135,40.8212027]]},"properties":{"site":"pozzuoli","name":"","highway":"footway"}},{"type":"Feature","geometry":{"type":"LineString","coordinates":[[14.1221675,40.8216513],[14.1221728,40.8216624],[14.1221672,40.8217493],[14.1220298,40.8218322],[14.1218816,40.821923],[14.1215075,40.8221721],[14.1211963,40.8223264]]},"properties":{"site":"pozzuoli","name":"","highway":"footway"}},{"type":"Feature","geometry":{"type":"LineString","coordinates":[[14.1211963,40.8223264],[14.1212161,40.8223492],[14.1212305,40.822366]]},"properties":{"site":"pozzuoli","name":"","highway":"footway"}},{"type":"Feature","geometry":{"type":"LineString","coordinates":[[14.1222107,40.8213617],[14.1221974,40.8213994],[14.1221852,40.8214591],[14.1221675,40.8216513]]},"properties":{"site":"pozzuoli","name":"","highway":"footway"}},{"type":"Feature","geometry":{"type":"LineString","coordinates":[[14.1227499,40.8218413],[14.1227971,40.8218293]]},"properties":{"site":"pozzuoli","name":"Rampa Raffaello Causa","highway":"footway"}},{"type":"Feature","geometry":{"type":"LineString","coordinates":[[14.1222089,40.8217469],[14.1222694,40.8217665]]},"properties":{"site":"pozzuoli","name":"Rampa Raffaello Causa","highway":"footway"}},{"type":"Feature","geometry":{"type":"LineString","coordinates":[[14.1226353,40.8218188],[14.1224743,40.8218663]]},"properties":{"site":"pozzuoli","name":"","highway":"steps"}},{"type":"Feature","geometry":{"type":"LineString","coordinates":[[14.1203648,40.8240775],[14.1198151,40.8240452],[14.1197897,40.8240741],[14.1197041,40.824085],[14.118246,40.8240001]]},"properties":{"site":"pozzuoli","name":"","highway":"footway"}},{"type":"Feature","geometry":{"type":"LineString","coordinates":[[14.1197897,40.8240741],[14.1197804,40.8241186],[14.1197519,40.8242552],[14.1196959,40.8245235],[14.1196392,40.8247954],[14.1195893,40.8250345]]},"properties":{"site":"pozzuoli","name":"","highway":"footway"}},{"type":"Feature","geometry":{"type":"LineString","coordinates":[[14.1197519,40.8242552],[14.1198271,40.8242632]]},"properties":{"site":"pozzuoli","name":"","highway":"footway"}},{"type":"Feature","geometry":{"type":"LineString","coordinates":[[14.1198174,40.8243131],[14.1198271,40.8242632],[14.1198375,40.8242101]]},"properties":{"site":"pozzuoli","name":"","highway":"footway"}},{"type":"Feature","geometry":{"type":"LineString","coordinates":[[14.1196959,40.8245235],[14.1197749,40.8245308]]},"properties":{"site":"pozzuoli","name":"","highway":"footway"}},{"type":"Feature","geometry":{"type":"LineString","coordinates":[[14.1197682,40.8245649],[14.1197749,40.8245308],[14.1197822,40.8244936]]},"properties":{"site":"pozzuoli","name":"","highway":"footway"}},{"type":"Feature","geometry":{"type":"LineString","coordinates":[[14.1196392,40.8247954],[14.1197219,40.8248023]]},"properties":{"site":"pozzuoli","name":"","highway":"footway"}},{"type":"Feature","geometry":{"type":"LineString","coordinates":[[14.1197132,40.8248473],[14.1197219,40.8248023],[14.1197328,40.8247468]]},"properties":{"site":"pozzuoli","name":"","highway":"footway"}},{"type":"Feature","geometry":{"type":"LineString","coordinates":[[14.1203592,40.8241457],[14.120311,40.8241414]]},"properties":{"site":"pozzuoli","name":"","highway":"steps"}},{"type":"Feature","geometry":{"type":"LineString","coordinates":[[14.1203643,40.824113],[14.1200547,40.8240928],[14.1198125,40.8240769],[14.1197897,40.8240741]]},"properties":{"site":"pozzuoli","name":"","highway":"footway"}},{"type":"Feature","geometry":{"type":"LineString","coordinates":[[14.120311,40.8241414],[14.1200822,40.8241211],[14.1200547,40.8240928]]},"properties":{"site":"pozzuoli","name":"","highway":"footway"}},{"type":"Feature","geometry":{"type":"LineString","coordinates":[[14.1203648,40.8240775],[14.1203643,40.824113],[14.1203592,40.8241457],[14.1203781,40.8241524],[14.1203846,40.8241643],[14.1203593,40.8242136]]},"properties":{"site":"pozzuoli","name":"","highway":"footway"}},{"type":"Feature","geometry":{"type":"LineString","coordinates":[[14.1221978,40.8237341],[14.1221952,40.8237561]]},"properties":{"site":"pozzuoli","name":"","highway":"footway"}},{"type":"Feature","geometry":{"type":"LineString","coordinates":[[14.1242257,40.8237505],[14.1245816,40.8235183]]},"properties":{"site":"pozzuoli","name":"","highway":"service"}},{"type":"Feature","geometry":{"type":"LineString","coordinates":[[14.1244037,40.8212003],[14.1247978,40.821187]]},"properties":{"site":"pozzuoli","name":"","highway":"footway"}},{"type":"Feature","geometry":{"type":"LineString","coordinates":[[14.1243135,40.8212027],[14.1243667,40.8212006],[14.1244037,40.8212003]]},"properties":{"site":"pozzuoli","name":"","highway":"footway"}},{"type":"Feature","geometry":{"type":"LineString","coordinates":[[14.1247978,40.821187],[14.1248351,40.8211825],[14.1248843,40.8211796]]},"properties":{"site":"pozzuoli","name":"","highway":"footway"}},{"type":"Feature","geometry":{"type":"LineString","coordinates":[[14.124377,40.8209695],[14.1243033,40.8209575]]},"properties":{"site":"pozzuoli","name":"","highway":"steps"}},{"type":"Feature","geometry":{"type":"LineString","coordinates":[[14.1250376,40.8212645],[14.1250373,40.8212761]]},"properties":{"site":"pozzuoli","name":"","highway":"footway"}},{"type":"Feature","geometry":{"type":"LineString","coordinates":[[14.1249223,40.8212679],[14.1248811,40.8212936],[14.1247404,40.8213002],[14.1247148,40.8212785],[14.1244917,40.8212868],[14.1244247,40.82129]]},"properties":{"site":"pozzuoli","name":"","highway":"footway"}},{"type":"Feature","geometry":{"type":"LineString","coordinates":[[14.1244247,40.82129],[14.1243805,40.8212898],[14.1243374,40.8212896]]},"properties":{"site":"pozzuoli","name":"","highway":"footway"}},{"type":"Feature","geometry":{"type":"LineString","coordinates":[[14.1243374,40.8212896],[14.1242664,40.821291]]},"properties":{"site":"pozzuoli","name":"","highway":"footway"}},{"type":"Feature","geometry":{"type":"LineString","coordinates":[[14.1243141,40.8212472],[14.1243135,40.8212027],[14.1243065,40.8211952],[14.1242959,40.8211881],[14.1242874,40.8211835],[14.1242738,40.8211816],[14.124086,40.8211841],[14.1239186,40.8211954],[14.123883,40.8212038]]},"properties":{"site":"pozzuoli","name":"","highway":"service"}},{"type":"Feature","geometry":{"type":"LineString","coordinates":[[14.1242664,40.821291],[14.1242644,40.8212474],[14.1242625,40.8212039]]},"properties":{"site":"pozzuoli","name":"","highway":"footway"}},{"type":"Feature","geometry":{"type":"LineString","coordinates":[[14.1238113,40.8212109],[14.123883,40.8212038]]},"properties":{"site":"pozzuoli","name":"","highway":"steps"}},{"type":"Feature","geometry":{"type":"LineString","coordinates":[[14.1237862,40.8212267],[14.1238113,40.8212109]]},"properties":{"site":"pozzuoli","name":"","highway":"footway"}},{"type":"Feature","geometry":{"type":"LineString","coordinates":[[14.1236331,40.8210194],[14.123616,40.8209754]]},"properties":{"site":"pozzuoli","name":"","highway":"footway"}},{"type":"Feature","geometry":{"type":"LineString","coordinates":[[14.1233846,40.8209789],[14.1233568,40.82091],[14.1233406,40.8208579]]},"properties":{"site":"pozzuoli","name":"","highway":"footway"}},{"type":"Feature","geometry":{"type":"LineString","coordinates":[[14.1231884,40.8207729],[14.1231668,40.8208675],[14.1231257,40.8208614],[14.1229839,40.820838],[14.1228559,40.8207985],[14.1227247,40.8207653],[14.1226979,40.8207766],[14.1224694,40.8207925],[14.1224289,40.8207953],[14.1223365,40.8207874],[14.1222584,40.8207738],[14.1221762,40.820735],[14.1221532,40.8207039],[14.1219725,40.8206502],[14.1218147,40.8206067],[14.1215163,40.8205596],[14.1213235,40.8205279]]},"properties":{"site":"pozzuoli","name":"","highway":"footway"}},{"type":"Feature","geometry":{"type":"LineString","coordinates":[[14.1227247,40.8207653],[14.1226966,40.8207556],[14.1226592,40.820752],[14.1225483,40.8207609],[14.1224689,40.8207653],[14.1224047,40.8207666],[14.12233,40.8207609],[14.1222578,40.8207403],[14.1221968,40.820713],[14.1221532,40.8207039]]},"properties":{"site":"pozzuoli","name":"","highway":"footway"}},{"type":"Feature","geometry":{"type":"LineString","coordinates":[[14.1228183,40.8213568],[14.1228086,40.8213089]]},"properties":{"site":"pozzuoli","name":"","highway":"footway"}},{"type":"Feature","geometry":{"type":"LineString","coordinates":[[14.1232449,40.8208944],[14.1231734,40.8209122],[14.1231262,40.8209186],[14.1230789,40.8209179],[14.1229648,40.8208869]]},"properties":{"site":"pozzuoli","name":"","highway":"footway"}},{"type":"Feature","geometry":{"type":"LineString","coordinates":[[14.1105011,40.8336254],[14.1104373,40.8335705],[14.1104205,40.8334242],[14.1105253,40.8333636],[14.1107671,40.8333566],[14.1108323,40.8334084]]},"properties":{"site":"pozzuoli","name":"","highway":"service"}},{"type":"Feature","geometry":{"type":"LineString","coordinates":[[14.1193291,40.8308699],[14.1192866,40.8307251]]},"properties":{"site":"pozzuoli","name":"","highway":"service"}},{"type":"Feature","geometry":{"type":"LineString","coordinates":[[14.1208292,40.8267518],[14.1210284,40.8268346]]},"properties":{"site":"pozzuoli","name":"","highway":"footway"}},{"type":"Feature","geometry":{"type":"LineString","coordinates":[[14.1224689,40.8207653],[14.1224694,40.8207925]]},"properties":{"site":"pozzuoli","name":"","highway":"footway"}},{"type":"Feature","geometry":{"type":"LineString","coordinates":[[14.125024,40.8208262],[14.1249958,40.8208038],[14.12474,40.8207339],[14.1244621,40.8206572]]},"properties":{"site":"pozzuoli","name":"","highway":"footway"}},{"type":"Feature","geometry":{"type":"LineString","coordinates":[[14.1249263,40.8209719],[14.1249797,40.8209795]]},"properties":{"site":"pozzuoli","name":"","highway":"steps"}},{"type":"Feature","geometry":{"type":"LineString","coordinates":[[14.1240592,40.8265636],[14.1241777,40.8265484],[14.1243718,40.8264853]]},"properties":{"site":"pozzuoli","name":"","highway":"footway"}},{"type":"Feature","geometry":{"type":"LineString","coordinates":[[14.1216653,40.8238934],[14.1216865,40.8238979],[14.1216425,40.8240001],[14.1216294,40.8240515],[14.1216144,40.8240966],[14.1216065,40.8242337],[14.1216098,40.8243341],[14.1216163,40.8244514],[14.1216242,40.824683],[14.1216379,40.8250151],[14.1216444,40.8252764],[14.1216536,40.8254848],[14.121671,40.8256431],[14.1216893,40.8257098],[14.1216595,40.8259208],[14.1215859,40.8259121],[14.1216112,40.8257509],[14.1216212,40.8256112],[14.1216212,40.8254588],[14.1216173,40.8252895],[14.1216081,40.8251296],[14.1215982,40.824911],[14.1215951,40.8247099],[14.1215836,40.8245377],[14.1215875,40.8243534],[14.1215928,40.824227],[14.1215951,40.8241459],[14.1216089,40.8240781],[14.1216365,40.823979],[14.1216653,40.8238934]]},"properties":{"site":"pozzuoli","name":"","highway":"footway"}},{"type":"Feature","geometry":{"type":"LineString","coordinates":[[14.1214608,40.8244812],[14.1215004,40.8244808],[14.1215032,40.8245725],[14.1215049,40.8246194],[14.1215088,40.8247272],[14.1215183,40.824922],[14.1215216,40.825143],[14.1215272,40.825342],[14.12153,40.8255621],[14.1215233,40.825713],[14.1215023,40.8259074],[14.1214397,40.8259138],[14.1214476,40.8257134],[14.1214488,40.8255855],[14.1214569,40.8254087],[14.121461,40.8252627],[14.1214687,40.8251308],[14.1214471,40.8251253],[14.1213942,40.8251056],[14.1213705,40.8250789],[14.1213751,40.8250001],[14.1214846,40.8249989],[14.1214828,40.8247538],[14.1214498,40.8247513],[14.1214486,40.8246774],[14.1214933,40.8246774],[14.1214888,40.8245836],[14.121465,40.8245837],[14.1214608,40.8244812]]},"properties":{"site":"pozzuoli","name":"","highway":"footway"}},{"type":"Feature","geometry":{"type":"LineString","coordinates":[[14.123491,40.8336783],[14.1237941,40.833587],[14.1240191,40.8334911]]},"properties":{"site":"pozzuoli","name":"","highway":"service"}},{"type":"Feature","geometry":{"type":"LineString","coordinates":[[14.1227447,40.8352566],[14.1227398,40.8352931],[14.122827,40.8355447],[14.1228931,40.8356433],[14.1229908,40.8357179],[14.1230733,40.8357353],[14.1235955,40.8357448],[14.123721,40.8357672],[14.1238351,40.8358013],[14.1240104,40.8359485],[14.1240746,40.8360159]]},"properties":{"site":"pozzuoli","name":"","highway":"track"}},{"type":"Feature","geometry":{"type":"LineString","coordinates":[[14.1233969,40.8349076],[14.1234695,40.8349],[14.1235305,40.8349017],[14.1235854,40.8349203],[14.1236523,40.8349632],[14.1237273,40.8350241],[14.1238405,40.8351558],[14.1239229,40.8352731],[14.1239966,40.8353783],[14.123887,40.8355212],[14.1238837,40.8355424],[14.1238937,40.8355595],[14.1239794,40.8356352],[14.1240138,40.835642],[14.1240427,40.8356336],[14.1241106,40.8355912]]},"properties":{"site":"pozzuoli","name":"","highway":"service"}},{"type":"Feature","geometry":{"type":"LineString","coordinates":[[14.1264911,40.8342347],[14.1264683,40.8342742],[14.1263991,40.8343001],[14.126336,40.834306],[14.1260441,40.8343019],[14.1259165,40.8343343]]},"properties":{"site":"pozzuoli","name":"","highway":"service"}},{"type":"Feature","geometry":{"type":"LineString","coordinates":[[14.1383107,40.8347917],[14.1382786,40.8348714],[14.1382328,40.8349085],[14.1381526,40.834994],[14.1381002,40.8351116],[14.1379873,40.8352639],[14.1378367,40.8354756],[14.1378138,40.8355462],[14.1378056,40.8356923],[14.1378302,40.8358607],[14.1378367,40.8360303],[14.1378367,40.8360811],[14.1378253,40.8361059],[14.1377974,40.836143],[14.1377658,40.8361567],[14.1376763,40.8361715],[14.1375863,40.8361901],[14.1375061,40.8362136],[14.1373672,40.8362639]]},"properties":{"site":"pozzuoli","name":"","highway":"path"}},{"type":"Feature","geometry":{"type":"LineString","coordinates":[[14.1210579,40.8241857],[14.121107,40.8241943]]},"properties":{"site":"pozzuoli","name":"","highway":"footway"}},{"type":"Feature","geometry":{"type":"LineString","coordinates":[[14.1211561,40.8240316],[14.1211861,40.8238551]]},"properties":{"site":"pozzuoli","name":"","highway":"footway"}},{"type":"Feature","geometry":{"type":"LineString","coordinates":[[14.1211781,40.8240593],[14.1213014,40.8240656]]},"properties":{"site":"pozzuoli","name":"","highway":"footway"}},{"type":"Feature","geometry":{"type":"LineString","coordinates":[[14.1211292,40.8241004],[14.1211146,40.824162],[14.121107,40.8241943],[14.1211031,40.8242109],[14.1210988,40.8242289],[14.1210583,40.8243557]]},"properties":{"site":"pozzuoli","name":"","highway":"footway"}},{"type":"Feature","geometry":{"type":"LineString","coordinates":[[14.1210852,40.8240809],[14.1210666,40.8241523],[14.1210579,40.8241857],[14.121045,40.824235]]},"properties":{"site":"pozzuoli","name":"","highway":"footway"}},{"type":"Feature","geometry":{"type":"LineString","coordinates":[[14.1210666,40.8241523],[14.1211146,40.824162]]},"properties":{"site":"pozzuoli","name":"","highway":"footway"}},{"type":"Feature","geometry":{"type":"LineString","coordinates":[[14.1210814,40.8240718],[14.120978,40.8240539],[14.1208824,40.8240374]]},"properties":{"site":"pozzuoli","name":"","highway":"footway"}},{"type":"Feature","geometry":{"type":"LineString","coordinates":[[14.1211545,40.8240895],[14.1211292,40.8241004],[14.121092,40.8240975],[14.1210852,40.8240809],[14.1210814,40.8240718],[14.1210846,40.824043],[14.1211196,40.8240291],[14.1211561,40.8240316],[14.1211801,40.8240529],[14.1211781,40.8240593],[14.1211734,40.8240743],[14.1211545,40.8240895]]},"properties":{"site":"pozzuoli","name":"","highway":"footway"}},{"type":"Feature","geometry":{"type":"LineString","coordinates":[[14.121327,40.8240832],[14.1212831,40.824208],[14.1212361,40.8242177],[14.1211883,40.8242251],[14.1211031,40.8242109]]},"properties":{"site":"pozzuoli","name":"","highway":"footway"}},{"type":"Feature","geometry":{"type":"LineString","coordinates":[[14.1213235,40.824049],[14.1213544,40.8238933]]},"properties":{"site":"pozzuoli","name":"","highway":"footway"}},{"type":"Feature","geometry":{"type":"LineString","coordinates":[[14.1213014,40.8240656],[14.1213235,40.824049],[14.1213502,40.8240576],[14.121327,40.8240832],[14.1213014,40.8240656]]},"properties":{"site":"pozzuoli","name":"","highway":"footway"}},{"type":"Feature","geometry":{"type":"LineString","coordinates":[[14.1207474,40.8243068],[14.1208633,40.824325],[14.1208946,40.8243299],[14.1210332,40.8243517],[14.1210583,40.8243557],[14.1211894,40.8243764],[14.1212334,40.8243833],[14.1212831,40.824208]]},"properties":{"site":"pozzuoli","name":"","highway":"footway"}},{"type":"Feature","geometry":{"type":"LineString","coordinates":[[14.1209054,40.8242197],[14.1208633,40.824325]]},"properties":{"site":"pozzuoli","name":"","highway":"footway"}},{"type":"Feature","geometry":{"type":"LineString","coordinates":[[14.1209811,40.8239178],[14.120978,40.8240539]]},"properties":{"site":"pozzuoli","name":"","highway":"footway"}},{"type":"Feature","geometry":{"type":"LineString","coordinates":[[14.120797,40.8242079],[14.1209054,40.8242197],[14.121045,40.824235]]},"properties":{"site":"pozzuoli","name":"","highway":"footway"}},{"type":"Feature","geometry":{"type":"LineString","coordinates":[[14.1213513,40.8238045],[14.1213181,40.8238147],[14.1211861,40.8238551],[14.1209811,40.8239178],[14.1208882,40.8239462],[14.1208824,40.8240374],[14.120797,40.8242079],[14.1207474,40.8243068]]},"properties":{"site":"pozzuoli","name":"","highway":"footway"}},{"type":"Feature","geometry":{"type":"LineString","coordinates":[[14.1213544,40.8238933],[14.1213218,40.8238809],[14.1213185,40.8238519],[14.1213181,40.8238147]]},"properties":{"site":"pozzuoli","name":"","highway":"footway"}},{"type":"Feature","geometry":{"type":"LineString","coordinates":[[14.1206724,40.8243852],[14.1208734,40.8244097],[14.1210211,40.8244277],[14.1211718,40.8244461],[14.1212383,40.8244542]]},"properties":{"site":"pozzuoli","name":"","highway":"footway"}},{"type":"Feature","geometry":{"type":"LineString","coordinates":[[14.1208946,40.8243299],[14.1208734,40.8244097]]},"properties":{"site":"pozzuoli","name":"","highway":"footway"}},{"type":"Feature","geometry":{"type":"LineString","coordinates":[[14.1211894,40.8243764],[14.1211718,40.8244461]]},"properties":{"site":"pozzuoli","name":"","highway":"footway"}},{"type":"Feature","geometry":{"type":"LineString","coordinates":[[14.1210332,40.8243517],[14.1210211,40.8244277]]},"properties":{"site":"pozzuoli","name":"","highway":"footway"}},{"type":"Feature","geometry":{"type":"LineString","coordinates":[[14.1233812,40.8276023],[14.1235077,40.8275149],[14.1238953,40.8272473],[14.1239694,40.8271961]]},"properties":{"site":"pozzuoli","name":"","highway":"service"}},{"type":"Feature","geometry":{"type":"LineString","coordinates":[[14.1235077,40.8275149],[14.1238091,40.8278864],[14.1242405,40.8276078],[14.1238953,40.8272473]]},"properties":{"site":"pozzuoli","name":"","highway":"service"}},{"type":"Feature","geometry":{"type":"LineString","coordinates":[[14.1238091,40.8278864],[14.123917,40.8279949],[14.1243483,40.8277093],[14.124302,40.8276657],[14.1242405,40.8276078]]},"properties":{"site":"pozzuoli","name":"","highway":"service"}},{"type":"Feature","geometry":{"type":"LineString","coordinates":[[14.124302,40.8276657],[14.1244608,40.8275531],[14.1243461,40.827463],[14.1242465,40.8274122],[14.1241531,40.8273265],[14.1241312,40.8272541]]},"properties":{"site":"pozzuoli","name":"","highway":"service"}},{"type":"Feature","geometry":{"type":"LineString","coordinates":[[14.1244608,40.8275531],[14.1246227,40.8273952]]},"properties":{"site":"pozzuoli","name":"","highway":"service"}},{"type":"Feature","geometry":{"type":"LineString","coordinates":[[14.1238091,40.8278864],[14.1237598,40.8279074],[14.1237414,40.8279949],[14.1236757,40.8280078]]},"properties":{"site":"pozzuoli","name":"","highway":"service"}},{"type":"Feature","geometry":{"type":"LineString","coordinates":[[14.123917,40.8279949],[14.1238245,40.8280298],[14.1237414,40.8279949]]},"properties":{"site":"pozzuoli","name":"","highway":"service"}},{"type":"Feature","geometry":{"type":"LineString","coordinates":[[14.1133289,40.8272506],[14.1133178,40.8272255],[14.1133176,40.8271991],[14.1133283,40.827174],[14.1133488,40.8271525],[14.113377,40.827137],[14.1134115,40.8271288],[14.1134476,40.8271294],[14.1134816,40.8271387],[14.1135098,40.8271558],[14.1135292,40.8271788],[14.113646,40.8274999],[14.1136518,40.8275115],[14.1136524,40.8275239],[14.1136477,40.8275358],[14.1136383,40.827546],[14.1136252,40.8275534],[14.1136091,40.8275573],[14.1135922,40.8275571],[14.1135764,40.8275527],[14.1135633,40.8275447],[14.1135543,40.8275339],[14.1133289,40.8272506]]},"properties":{"site":"pozzuoli","name":"","highway":"footway"}},{"type":"Feature","geometry":{"type":"LineString","coordinates":[[14.1136252,40.8275534],[14.1136728,40.8276324],[14.1145421,40.8287646]]},"properties":{"site":"pozzuoli","name":"","highway":"footway"}},{"type":"Feature","geometry":{"type":"LineString","coordinates":[[14.1169233,40.8288861],[14.1167893,40.8289335],[14.1161606,40.8291551]]},"properties":{"site":"pozzuoli","name":"","highway":"service"}},{"type":"Feature","geometry":{"type":"LineString","coordinates":[[14.1158949,40.8287995],[14.1158099,40.8286665],[14.1149255,40.8289717],[14.1145421,40.8287646]]},"properties":{"site":"pozzuoli","name":"","highway":"service"}},{"type":"Feature","geometry":{"type":"LineString","coordinates":[[14.1353198,40.8205722],[14.1353875,40.8205165]]},"properties":{"site":"pozzuoli","name":"","highway":"steps"}},{"type":"Feature","geometry":{"type":"LineString","coordinates":[[14.1355512,40.8203819],[14.135492,40.8204305]]},"properties":{"site":"pozzuoli","name":"","highway":"steps"}},{"type":"Feature","geometry":{"type":"LineString","coordinates":[[14.1353875,40.8205165],[14.1354398,40.8204735],[14.135492,40.8204305]]},"properties":{"site":"pozzuoli","name":"","highway":"footway"}},{"type":"Feature","geometry":{"type":"LineString","coordinates":[[14.1354398,40.8204735],[14.1353572,40.8204144]]},"properties":{"site":"pozzuoli","name":"","highway":"footway"}},{"type":"Feature","geometry":{"type":"LineString","coordinates":[[14.132292,40.8219848],[14.1324031,40.8219803]]},"properties":{"site":"pozzuoli","name":"","highway":"steps"}},{"type":"Feature","geometry":{"type":"LineString","coordinates":[[14.1324031,40.8219803],[14.1324717,40.8219859]]},"properties":{"site":"pozzuoli","name":"","highway":"footway"}},{"type":"Feature","geometry":{"type":"LineString","coordinates":[[14.1321059,40.8219984],[14.132181,40.8219892]]},"properties":{"site":"pozzuoli","name":"","highway":"footway"}},{"type":"Feature","geometry":{"type":"LineString","coordinates":[[14.132181,40.8219892],[14.132292,40.8219848]]},"properties":{"site":"pozzuoli","name":"","highway":"steps"}},{"type":"Feature","geometry":{"type":"LineString","coordinates":[[14.1322582,40.8219126],[14.132292,40.8219848]]},"properties":{"site":"pozzuoli","name":"","highway":"footway"}},{"type":"Feature","geometry":{"type":"LineString","coordinates":[[14.1322582,40.8219126],[14.1321886,40.8219142],[14.1321881,40.8218965],[14.1322374,40.8218957]]},"properties":{"site":"pozzuoli","name":"","highway":"steps"}},{"type":"Feature","geometry":{"type":"LineString","coordinates":[[14.1322374,40.8218957],[14.1322588,40.8218953],[14.1321638,40.821747]]},"properties":{"site":"pozzuoli","name":"","highway":"footway"}},{"type":"Feature","geometry":{"type":"LineString","coordinates":[[14.1210284,40.8268346],[14.1210758,40.8268543],[14.1211583,40.8268885]]},"properties":{"site":"pozzuoli","name":"","highway":"footway"}},{"type":"Feature","geometry":{"type":"LineString","coordinates":[[14.1182561,40.8348654],[14.1182751,40.8349449],[14.1182202,40.835031],[14.1181795,40.8351156],[14.1181755,40.8351802],[14.1182364,40.8352279],[14.1182873,40.8352832],[14.1182974,40.8353294],[14.1182507,40.8354693],[14.1181653,40.8355139],[14.1180535,40.8355462],[14.1179925,40.8355647],[14.1179539,40.8356062],[14.1179173,40.8357323],[14.1178644,40.8359845],[14.1177861,40.8360492]]},"properties":{"site":"pozzuoli","name":"","highway":"service"}},{"type":"Feature","geometry":{"type":"LineString","coordinates":[[14.1306491,40.8315035],[14.1305906,40.8314567],[14.1303512,40.8312406],[14.1303304,40.8312116],[14.130321,40.8311756],[14.1303337,40.8311218],[14.1303968,40.8310782],[14.1304927,40.8310259],[14.1305208,40.8310239],[14.130547,40.8310305],[14.1307066,40.8311568],[14.1307381,40.8311893],[14.1307441,40.8312142],[14.1307347,40.8312395],[14.1307066,40.8312872],[14.130675,40.831338],[14.1306469,40.8313755],[14.1306234,40.8313801],[14.1305953,40.8313801],[14.1305805,40.8313704],[14.1303679,40.8311731],[14.1303525,40.831168],[14.130321,40.8311756]]},"properties":{"site":"pozzuoli","name":"","highway":"service"}},{"type":"Feature","geometry":{"type":"LineString","coordinates":[[14.1294804,40.8317866],[14.1295716,40.8316662],[14.1297027,40.8314709],[14.1297524,40.8314049],[14.1299884,40.8311675],[14.1301373,40.8309747],[14.130262,40.8308671]]},"properties":{"site":"pozzuoli","name":"","highway":"service"}},{"type":"Feature","geometry":{"type":"LineString","coordinates":[[14.136442,40.8219033],[14.1364107,40.8219338]]},"properties":{"site":"pozzuoli","name":"","highway":"service"}},{"type":"Feature","geometry":{"type":"LineString","coordinates":[[14.1364613,40.8218846],[14.136442,40.8219033]]},"properties":{"site":"pozzuoli","name":"","highway":"service"}}]}