{"type":"FeatureCollection","features":[{"type":"Feature","geometry":{"type":"LineString","coordinates":[[10.9902429,45.4359366],[10.9902107,45.4359434],[10.9898424,45.4359052],[10.989709,45.4358769],[10.9895805,45.4358857],[10.9895568,45.4358977]]},"properties":{"site":"verona","name":"","highway":"footway"}},{"type":"Feature","geometry":{"type":"LineString","coordinates":[[10.9910667,45.4385288],[10.9905831,45.4386421],[10.9897365,45.4388362],[10.9895086,45.4388995],[10.989136,45.4390202],[10.9887423,45.4391872]]},"properties":{"site":"verona","name":"Via Roma","highway":"pedestrian"}},{"type":"Feature","geometry":{"type":"LineString","coordinates":[[10.987177,45.441015],[10.9871733,45.4410386],[10.987141,45.4412523],[10.9871375,45.4412782]]},"properties":{"site":"verona","name":"Ponte Castelvecchio","highway":"pedestrian"}},{"type":"Feature","geometry":{"type":"LineString","coordinates":[[10.999562,45.4474833],[10.9997639,45.4476211]]},"properties":{"site":"verona","name":"Ponte Pietra","highway":"pedestrian"}},{"type":"Feature","geometry":{"type":"LineString","coordinates":[[10.9934715,45.439574],[10.9934593,45.4396405],[10.9934436,45.4397551],[10.993458,45.4398735]]},"properties":{"site":"verona","name":"Piazzetta Scalette Rubiani","highway":"pedestrian"}},{"type":"Feature","geometry":{"type":"LineString","coordinates":[[11.0021011,45.4442919],[11.0022487,45.444301]]},"properties":{"site":"verona","name":"","highway":"steps"}},{"type":"Feature","geometry":{"type":"LineString","coordinates":[[10.987177,45.441015],[10.9872025,45.4408498],[10.9872969,45.4402054],[10.9873437,45.4399103]]},"properties":{"site":"verona","name":"Ponte Castelvecchio","highway":"pedestrian"}},{"type":"Feature","geometry":{"type":"LineString","coordinates":[[10.9873641,45.4398095],[10.9874482,45.4396037],[10.9875346,45.4394494],[10.9875767,45.4394101],[10.9875982,45.4393924],[10.9876035,45.4393881],[10.9876154,45.4393783]]},"properties":{"site":"verona","name":"Ponte Castelvecchio","highway":"pedestrian"}},{"type":"Feature","geometry":{"type":"LineString","coordinates":[[11.0022826,45.4482971],[11.0023516,45.4482687],[11.0025375,45.4481354],[11.0025475,45.4481042]]},"properties":{"site":"verona","name":"","highway":"footway"}},{"type":"Feature","geometry":{"type":"LineString","coordinates":[[10.9934715,45.439574],[10.9936626,45.4396525],[10.9937675,45.4397407],[10.9948311,45.440635],[10.9950613,45.4408258],[10.9952158,45.4409063],[10.9954709,45.4410219],[10.9956935,45.4411331],[10.9961386,45.4413483],[10.9967445,45.4416756],[10.9969412,45.4417639],[10.9972344,45.4419352],[10.9976162,45.4421483],[10.9977804,45.4422714],[10.9978276,45.442303]]},"properties":{"site":"verona","name":"Via Giuseppe Mazzini","highway":"pedestrian"}},{"type":"Feature","geometry":{"type":"LineString","coordinates":[[10.9992045,45.4347868],[10.9991991,45.4347999],[10.9991816,45.4348241],[10.9989173,45.4349056],[10.9982945,45.4350824],[10.997669,45.4352625],[10.9974783,45.4353174],[10.9973507,45.4353539],[10.9970979,45.435436],[10.9970683,45.4353974],[10.9970059,45.4354156],[10.9969455,45.4354332],[10.996854,45.4354716],[10.9969588,45.4356192],[10.9969733,45.4356304]]},"properties":{"site":"verona","name":"","highway":"footway"}},{"type":"Feature","geometry":{"type":"LineString","coordinates":[[11.0068705,45.4456541],[11.0069389,45.4454758],[11.0070074,45.4452894],[11.0071601,45.4449782],[11.0073251,45.4447712],[11.0075595,45.4445262],[11.0077027,45.444408],[11.0080755,45.4442366]]},"properties":{"site":"verona","name":"Via Scala Santa","highway":"pedestrian"}},{"type":"Feature","geometry":{"type":"LineString","coordinates":[[10.9989441,45.4411826],[10.9986248,45.4415213],[10.9985549,45.4415896],[10.9982695,45.441873],[10.9981079,45.4420419],[10.9980101,45.4421401],[10.9978276,45.442303],[10.9976512,45.4424564]]},"properties":{"site":"verona","name":"Via Cappello","highway":"pedestrian"}},{"type":"Feature","geometry":{"type":"LineString","coordinates":[[10.9976512,45.4424564],[10.9982323,45.4426535],[10.9984536,45.4427334],[10.9986614,45.4428197]]},"properties":{"site":"verona","name":"Via Francesco Cairoli","highway":"pedestrian"}},{"type":"Feature","geometry":{"type":"LineString","coordinates":[[10.9956923,45.4430881],[10.9950567,45.4436972],[10.9950153,45.4437351]]},"properties":{"site":"verona","name":"Via Fama","highway":"pedestrian"}},{"type":"Feature","geometry":{"type":"LineString","coordinates":[[10.9930459,45.4416888],[10.9930583,45.4416761],[10.9931333,45.4415862],[10.9931422,45.4415728],[10.9931906,45.4415011],[10.9932343,45.4414075],[10.9932565,45.4413304],[10.9932674,45.4412732],[10.9932066,45.4409931],[10.9932209,45.4407771],[10.9932639,45.4405516],[10.9933814,45.4399849]]},"properties":{"site":"verona","name":"Via Guglielmo Oberdan","highway":"pedestrian"}},{"type":"Feature","geometry":{"type":"LineString","coordinates":[[10.9966553,45.4435405],[10.9968343,45.4436352],[10.9968555,45.443646]]},"properties":{"site":"verona","name":"Piazza delle Erbe","highway":"pedestrian"}},{"type":"Feature","geometry":{"type":"LineString","coordinates":[[10.996247,45.4438769],[10.9962625,45.4438865],[10.9961921,45.4439337],[10.9961451,45.4439791],[10.9961069,45.444016],[10.9960899,45.4440324],[10.9959966,45.4439958],[10.9960004,45.4439884],[10.9960032,45.4439815],[10.9959659,45.4439695],[10.9960656,45.4438775],[10.9962328,45.4438688],[10.996247,45.4438769]]},"properties":{"site":"verona","name":"Piazzetta Monte","highway":"pedestrian"}},{"type":"Feature","geometry":{"type":"LineString","coordinates":[[10.9965962,45.4435137],[10.9965071,45.4436255],[10.9963949,45.4437616],[10.9963297,45.4438241],[10.996293,45.4438521],[10.996247,45.4438769]]},"properties":{"site":"verona","name":"Vicolo Monte","highway":"pedestrian"}},{"type":"Feature","geometry":{"type":"LineString","coordinates":[[10.9960032,45.4439815],[10.9960004,45.4439884],[10.9959966,45.4439958],[10.99597,45.444002],[10.9958532,45.4441569],[10.9957594,45.4441117],[10.9957064,45.4440861],[10.9958276,45.4439409],[10.9958378,45.4439291],[10.9958577,45.4439287],[10.9959659,45.4439695],[10.9960032,45.4439815]]},"properties":{"site":"verona","name":"Piazzetta Monte","highway":"pedestrian"}},{"type":"Feature","geometry":{"type":"LineString","coordinates":[[10.9978365,45.443183],[10.9978625,45.4431635],[10.9978826,45.4431732],[10.9981213,45.4432877],[10.9981581,45.4433044],[10.998193,45.4433178],[10.9983057,45.4433752],[10.9984345,45.443441],[10.9985338,45.443492],[10.9985127,45.4435118],[10.9984852,45.4435395],[10.9984069,45.4436201],[10.9982718,45.4437577],[10.997914,45.4435859],[10.9978957,45.4435759],[10.9978723,45.4435716],[10.9975928,45.443424],[10.9976217,45.4433959],[10.9978365,45.443183]]},"properties":{"site":"verona","name":"Piazza dei Signori","highway":"pedestrian"}},{"type":"Feature","geometry":{"type":"LineString","coordinates":[[10.9978957,45.4435759],[10.9974721,45.4439779]]},"properties":{"site":"verona","name":"Via delle Fogge","highway":"pedestrian"}},{"type":"Feature","geometry":{"type":"LineString","coordinates":[[10.9975374,45.4430349],[10.9975151,45.4430239],[10.9974882,45.4430133],[10.9974521,45.4429992],[10.9971988,45.4428997],[10.9971431,45.4428729]]},"properties":{"site":"verona","name":"Piazza delle Erbe","highway":"pedestrian"}},{"type":"Feature","geometry":{"type":"LineString","coordinates":[[10.9895086,45.4388995],[10.9891208,45.4392933],[10.9888821,45.4395577]]},"properties":{"site":"verona","name":"Vicolo Morette","highway":"pedestrian"}},{"type":"Feature","geometry":{"type":"LineString","coordinates":[[10.9897044,45.4389731],[10.9892186,45.4394717],[10.9891387,45.4395626]]},"properties":{"site":"verona","name":"Vicolo Miracoli","highway":"service"}},{"type":"Feature","geometry":{"type":"LineString","coordinates":[[10.9967425,45.4469199],[10.9964956,45.4468073],[10.9963177,45.4467253],[10.9961324,45.4469235],[10.9962146,45.446962],[10.9963099,45.4470059],[10.9964434,45.4470846],[10.9965506,45.4471682],[10.9966095,45.4471122],[10.9966342,45.4470887],[10.996593,45.4470673],[10.9966205,45.4470412],[10.9966507,45.4470125],[10.9966919,45.4470338],[10.996728,45.4469995],[10.9967798,45.4469501],[10.9968313,45.4469768],[10.9968458,45.4469629],[10.9969039,45.4469929],[10.9968894,45.4470068],[10.9969147,45.4470199],[10.9969208,45.4470142],[10.9969363,45.4470222],[10.9969302,45.4470279],[10.9969581,45.4470424],[10.9969743,45.4470366],[10.996992,45.4470376],[10.9970062,45.447045],[10.9970128,45.4470565],[10.9970097,45.447069],[10.9970445,45.4470871],[10.9970505,45.4470813],[10.997066,45.4470893],[10.99706,45.4470951],[10.9970933,45.4471123],[10.9971082,45.4471066],[10.997126,45.4471073],[10.9971404,45.4471147],[10.9971468,45.4471264],[10.9971435,45.4471383],[10.9971742,45.4471541],[10.9971802,45.4471484],[10.9971956,45.4471564],[10.9971964,45.4471656],[10.9972633,45.447102],[10.9972818,45.4471093],[10.9972997,45.4470989],[10.9973276,45.4470994],[10.9972769,45.4470719],[10.9972052,45.4470521],[10.9971026,45.4470333],[10.9969959,45.4469971],[10.9968055,45.4469195],[10.9967425,45.4469199]]},"properties":{"site":"verona","name":"Piazza Duomo","highway":"pedestrian"}},{"type":"Feature","geometry":{"type":"LineString","coordinates":[[10.9990222,45.4437712],[10.998641,45.4435772]]},"properties":{"site":"verona","name":"Via Santa Maria Antica","highway":"pedestrian"}},{"type":"Feature","geometry":{"type":"LineString","coordinates":[[10.996137,45.4386458],[10.9960915,45.4386343],[10.9958712,45.4385915]]},"properties":{"site":"verona","name":"Via Leoncino","highway":"pedestrian"}},{"type":"Feature","geometry":{"type":"LineString","coordinates":[[11.0008754,45.4443952],[11.0007539,45.4444029]]},"properties":{"site":"verona","name":"","highway":"steps"}},{"type":"Feature","geometry":{"type":"LineString","coordinates":[[11.0005964,45.4449328],[11.0006211,45.4449318],[11.0007747,45.4449258]]},"properties":{"site":"verona","name":"Via Sottoriva","highway":"pedestrian"}},{"type":"Feature","geometry":{"type":"LineString","coordinates":[[11.0005149,45.4438488],[11.0007983,45.4438399]]},"properties":{"site":"verona","name":"Vicolo Regaste Orti","highway":"pedestrian"}},{"type":"Feature","geometry":{"type":"LineString","coordinates":[[11.0005964,45.4449328],[11.0004863,45.4449295],[11.000472,45.4449291],[11.0001932,45.4449016]]},"properties":{"site":"verona","name":"Vicoletto Gatto","highway":"service"}},{"type":"Feature","geometry":{"type":"LineString","coordinates":[[11.0007747,45.4449258],[11.0008618,45.4449223]]},"properties":{"site":"verona","name":"","highway":"steps"}},{"type":"Feature","geometry":{"type":"LineString","coordinates":[[11.0007983,45.4438399],[11.0008754,45.4438375]]},"properties":{"site":"verona","name":"","highway":"steps"}},{"type":"Feature","geometry":{"type":"LineString","coordinates":[[11.0007539,45.4444029],[11.0005403,45.4444211]]},"properties":{"site":"verona","name":"Via Sottoriva","highway":"pedestrian"}},{"type":"Feature","geometry":{"type":"LineString","coordinates":[[10.9968555,45.443646],[10.9970976,45.443785],[10.9972725,45.4438779],[10.9973988,45.443945]]},"properties":{"site":"verona","name":"Corso Sant'Anastasia","highway":"pedestrian"}},{"type":"Feature","geometry":{"type":"LineString","coordinates":[[10.9973988,45.443945],[10.9971178,45.4442824],[10.99695,45.4444954],[10.9968097,45.4446529]]},"properties":{"site":"verona","name":"Via Rosa","highway":"pedestrian"}},{"type":"Feature","geometry":{"type":"LineString","coordinates":[[10.9985549,45.4415896],[10.997702,45.4411382]]},"properties":{"site":"verona","name":"Via Stella","highway":"pedestrian"}},{"type":"Feature","geometry":{"type":"LineString","coordinates":[[10.9949921,45.4404932],[10.9949181,45.4405652],[10.9948696,45.4406041],[10.9948311,45.440635]]},"properties":{"site":"verona","name":"Via San Nicolò","highway":"pedestrian"}},{"type":"Feature","geometry":{"type":"LineString","coordinates":[[10.9987444,45.4430226],[10.9988068,45.4430539],[10.9989032,45.4431022],[10.998973,45.4431387],[10.9990431,45.4431725],[10.9991053,45.4432037],[10.9989348,45.4433709],[10.9988795,45.4433432],[10.9988592,45.443333],[10.9988107,45.4433805],[10.9987172,45.4433336],[10.9986886,45.4433617],[10.998574,45.4433041],[10.9984968,45.4432654],[10.998725,45.4430416],[10.9987444,45.4430226]]},"properties":{"site":"verona","name":"Cortile del Tribunale","highway":"pedestrian"}},{"type":"Feature","geometry":{"type":"LineString","coordinates":[[10.9981581,45.4433044],[10.9984804,45.4429865],[10.9985265,45.442941],[10.9986614,45.4428197]]},"properties":{"site":"verona","name":"Via Dante Alighieri","highway":"pedestrian"}},{"type":"Feature","geometry":{"type":"LineString","coordinates":[[10.9979569,45.442742],[10.9979692,45.4427462],[10.9981279,45.4428001],[10.9983245,45.442867],[10.9982768,45.4429119],[10.99809,45.4430911],[10.997989,45.44305],[10.9977953,45.4429714],[10.997789,45.4429688],[10.9978007,45.4429509],[10.9978302,45.4429088],[10.9978543,45.4428793],[10.9979569,45.442742]]},"properties":{"site":"verona","name":"Cortile del Mercato Vecchio","highway":"pedestrian"}},{"type":"Feature","geometry":{"type":"LineString","coordinates":[[10.9970976,45.443785],[10.9972378,45.4436634],[10.9975705,45.4433833]]},"properties":{"site":"verona","name":"Via Mazzanti","highway":"pedestrian"}},{"type":"Feature","geometry":{"type":"LineString","coordinates":[[11.0004984,45.4486954],[11.0007099,45.4487063],[11.0007154,45.4487987],[11.0007203,45.448876],[11.0005167,45.4488911],[11.0005077,45.4487992],[11.0004984,45.4486954]]},"properties":{"site":"verona","name":"Via Fontanelle Santo Stefano","highway":"pedestrian"}},{"type":"Feature","geometry":{"type":"LineString","coordinates":[[10.9966418,45.4425995],[10.9964877,45.4427665]]},"properties":{"site":"verona","name":"Scaletta San Marco","highway":"steps"}},{"type":"Feature","geometry":{"type":"LineString","coordinates":[[10.9962679,45.4426636],[10.9964877,45.4427665],[10.9965011,45.4427726],[10.9964043,45.442871],[10.99639,45.4428649],[10.9961774,45.4427596],[10.9961876,45.4427472],[10.9962574,45.4426583],[10.9962679,45.4426636]]},"properties":{"site":"verona","name":"Piazzetta Antonio Tirabosco","highway":"pedestrian"}},{"type":"Feature","geometry":{"type":"LineString","coordinates":[[10.99639,45.4428649],[10.9963004,45.4429508],[10.9962894,45.4429534],[10.9962727,45.4429545],[10.9962188,45.4429519],[10.996142,45.442969],[10.9960674,45.4429915],[10.9958475,45.4431737]]},"properties":{"site":"verona","name":"Vicolo San Marco in Foro","highway":"pedestrian"}},{"type":"Feature","geometry":{"type":"LineString","coordinates":[[10.9968694,45.4423243],[10.9968411,45.4423114],[10.9965878,45.4421966],[10.9965495,45.4421792]]},"properties":{"site":"verona","name":"Via Rita Rosani","highway":"pedestrian"}},{"type":"Feature","geometry":{"type":"LineString","coordinates":[[10.9958882,45.4422202],[10.9961783,45.4419844],[10.996271,45.4420306],[10.9967259,45.4416895],[10.9967445,45.4416756]]},"properties":{"site":"verona","name":"Via San Rocchetto","highway":"pedestrian"}},{"type":"Feature","geometry":{"type":"LineString","coordinates":[[10.9963888,45.442487],[10.9962679,45.4426636]]},"properties":{"site":"verona","name":"Scaletta Pellicciai","highway":"steps"}},{"type":"Feature","geometry":{"type":"LineString","coordinates":[[10.9961876,45.4427472],[10.9961355,45.4427283],[10.9958484,45.4426179],[10.9957714,45.4426184]]},"properties":{"site":"verona","name":"Vicolo Corticella San Marco","highway":"pedestrian"}},{"type":"Feature","geometry":{"type":"LineString","coordinates":[[10.9956805,45.4426493],[10.995642,45.4426622],[10.995612,45.4426628],[10.9955611,45.4426849],[10.9954594,45.4426438],[10.9954571,45.4426233],[10.9955072,45.4425601],[10.995632,45.4426179],[10.9956281,45.4426298],[10.9956805,45.4426493]]},"properties":{"site":"verona","name":"Vicolo Corticella San Marco","highway":"pedestrian"}},{"type":"Feature","geometry":{"type":"LineString","coordinates":[[10.9957714,45.4426184],[10.9956908,45.4426411]]},"properties":{"site":"verona","name":"Vicolo Corticella San Marco","highway":"pedestrian"}},{"type":"Feature","geometry":{"type":"LineString","coordinates":[[10.9956908,45.4426411],[10.9956805,45.4426493],[10.995642,45.4426622],[10.995612,45.4426628],[10.9955611,45.4426849],[10.995348,45.4429024]]},"properties":{"site":"verona","name":"Vicolo Corticella San Marco","highway":"pedestrian"}},{"type":"Feature","geometry":{"type":"LineString","coordinates":[[10.9993115,45.4448159],[10.9996787,45.4449966],[10.9995907,45.445091],[10.9995107,45.4451834],[10.9994445,45.4451515],[10.9994274,45.4451432],[10.9991405,45.4450047],[10.9992586,45.4448786],[10.9993115,45.4448159]]},"properties":{"site":"verona","name":"Piazza Sant'Anastasia","highway":"pedestrian"}},{"type":"Feature","geometry":{"type":"LineString","coordinates":[[10.9957051,45.448263],[10.9959647,45.4483735],[10.9966402,45.4486713],[10.9966774,45.4487215],[10.9966959,45.4487464],[10.9969856,45.4488482],[10.9971715,45.4489028],[10.9973871,45.4489383],[10.9976708,45.4489721],[10.9977291,45.4489764]]},"properties":{"site":"verona","name":"Lungadige San Giorgio","highway":"path"}},{"type":"Feature","geometry":{"type":"LineString","coordinates":[[10.9957422,45.448764],[10.9958044,45.4486812],[10.9958634,45.4485415],[10.9959517,45.4483951],[10.9959647,45.4483735]]},"properties":{"site":"verona","name":"Piazzetta San Giorgio","highway":"pedestrian"}},{"type":"Feature","geometry":{"type":"LineString","coordinates":[[10.994612,45.4445232],[10.9945129,45.4446269],[10.9943806,45.4447709],[10.9943541,45.4448042],[10.9943611,45.4448271]]},"properties":{"site":"verona","name":"Vicolo Castelrotto","highway":"pedestrian"}},{"type":"Feature","geometry":{"type":"LineString","coordinates":[[10.9951178,45.4427877],[10.9949168,45.4429719],[10.9947827,45.4430856],[10.9947373,45.4431117]]},"properties":{"site":"verona","name":"Corte San Giovanni in Foro","highway":"pedestrian"}},{"type":"Feature","geometry":{"type":"LineString","coordinates":[[10.9976395,45.4444825],[10.9976701,45.4444533],[10.9977121,45.4444125],[10.9977569,45.4443691],[10.9977677,45.4443591],[10.997781,45.4443459],[10.9977977,45.4443315],[10.9978213,45.4443454],[10.9978692,45.4443867],[10.9978452,45.4444057],[10.997928,45.4444598],[10.9979104,45.4444764],[10.9978968,45.4444932],[10.9978849,45.4445077],[10.9978153,45.4444735],[10.9977602,45.4445354],[10.9976876,45.4445028],[10.9976395,45.4444825]]},"properties":{"site":"verona","name":"Vicolo Santa Cecilia","highway":"pedestrian"}},{"type":"Feature","geometry":{"type":"LineString","coordinates":[[10.9978968,45.4444932],[10.9981743,45.4446127]]},"properties":{"site":"verona","name":"Vicolo Santa Cecilia","highway":"pedestrian"}},{"type":"Feature","geometry":{"type":"LineString","coordinates":[[10.9891675,45.439557],[10.9892019,45.4395709],[10.9892855,45.4396068],[10.9893238,45.4396234],[10.9892628,45.4396885],[10.9891546,45.4398264],[10.9890196,45.4397395],[10.9891568,45.4395702],[10.9891675,45.439557]]},"properties":{"site":"verona","name":"Piazza delle Pasque Veronesi","highway":"pedestrian"}},{"type":"Feature","geometry":{"type":"LineString","coordinates":[[10.9894578,45.4400483],[10.9897327,45.4397418],[10.9901225,45.439368]]},"properties":{"site":"verona","name":"Vicolo Cieco Pomodoro","highway":"service"}},{"type":"Feature","geometry":{"type":"LineString","coordinates":[[10.996228,45.4433585],[10.9962074,45.4433784]]},"properties":{"site":"verona","name":"","highway":"footway"}},{"type":"Feature","geometry":{"type":"LineString","coordinates":[[10.9958475,45.4431737],[10.9958186,45.4431981]]},"properties":{"site":"verona","name":"Corte Sgarzarie","highway":"pedestrian"}},{"type":"Feature","geometry":{"type":"LineString","coordinates":[[11.0029192,45.4395523],[11.0023713,45.4396973]]},"properties":{"site":"verona","name":"","highway":"footway"}},{"type":"Feature","geometry":{"type":"LineString","coordinates":[[10.9941071,45.4409505],[10.9940574,45.4409213],[10.9935018,45.4406217],[10.9932639,45.4405516]]},"properties":{"site":"verona","name":"Vicolo Rensi","highway":"pedestrian"}},{"type":"Feature","geometry":{"type":"LineString","coordinates":[[10.9932209,45.4407771],[10.9929432,45.4407107],[10.9928132,45.4408598],[10.9923619,45.4409776]]},"properties":{"site":"verona","name":"Vicolo Dietro Santi Apostoli","highway":"pedestrian"}},{"type":"Feature","geometry":{"type":"LineString","coordinates":[[10.9941897,45.4419171],[10.9939715,45.4418145],[10.9938958,45.441881],[10.9938062,45.4419151],[10.9937059,45.4420178],[10.9936632,45.4420615]]},"properties":{"site":"verona","name":"Vicolo San Matteo","highway":"service"}},{"type":"Feature","geometry":{"type":"LineString","coordinates":[[10.9919476,45.4343925],[10.9920369,45.4344074],[10.9920901,45.4344082],[10.9921527,45.4344215],[10.9921811,45.4344464],[10.9923868,45.4346952],[10.9923838,45.4347098],[10.9923667,45.4347247],[10.9913063,45.4350088],[10.9911533,45.4347137],[10.9911564,45.4346815],[10.9912004,45.4346258]]},"properties":{"site":"verona","name":"Via Aldo Ettore Kessler","highway":"service"}},{"type":"Feature","geometry":{"type":"LineString","coordinates":[[10.9925462,45.4347285],[10.9913349,45.4350597]]},"properties":{"site":"verona","name":"","highway":"service"}},{"type":"Feature","geometry":{"type":"LineString","coordinates":[[10.9978619,45.4419343],[10.9976542,45.4421247],[10.9976162,45.4421483]]},"properties":{"site":"verona","name":"Vicolo San Tomaso Apostolo","highway":"pedestrian"}},{"type":"Feature","geometry":{"type":"LineString","coordinates":[[10.9979317,45.4417977],[10.9977961,45.441725],[10.9977081,45.4416645],[10.9974785,45.4415685],[10.9973268,45.4417885]]},"properties":{"site":"verona","name":"Vicolo Samaritana","highway":"pedestrian"}},{"type":"Feature","geometry":{"type":"LineString","coordinates":[[10.9974785,45.4415685],[10.9976365,45.4414384]]},"properties":{"site":"verona","name":"Vicolo Samaritana","highway":"pedestrian"}},{"type":"Feature","geometry":{"type":"LineString","coordinates":[[10.9978619,45.4419343],[10.9974387,45.4417573],[10.9973517,45.4418057],[10.9973172,45.4418023]]},"properties":{"site":"verona","name":"Vicolo Samaritana","highway":"pedestrian"}},{"type":"Feature","geometry":{"type":"LineString","coordinates":[[10.9986432,45.4424101],[10.9985492,45.4423641],[10.9984485,45.4423159],[10.9982328,45.4422245],[10.9980101,45.4421401]]},"properties":{"site":"verona","name":"Vicolo Crocioni","highway":"pedestrian"}},{"type":"Feature","geometry":{"type":"LineString","coordinates":[[11.0116256,45.4426553],[11.0116323,45.4426802],[11.0113417,45.4428411],[11.0114298,45.4428452]]},"properties":{"site":"verona","name":"","highway":"steps"}},{"type":"Feature","geometry":{"type":"LineString","coordinates":[[10.9966984,45.4486958],[10.9967594,45.4487214],[10.9970542,45.4487825],[10.9972008,45.4487963]]},"properties":{"site":"verona","name":"","highway":"steps"}},{"type":"Feature","geometry":{"type":"LineString","coordinates":[[10.9966402,45.4486713],[10.9966174,45.4487297],[10.9965996,45.4487753],[10.9966185,45.4488733],[10.9966128,45.4489528],[10.9965991,45.4490082],[10.9965762,45.4490532],[10.9965441,45.449115],[10.9964928,45.4491404],[10.9964838,45.4492092],[10.9964725,45.4492895]]},"properties":{"site":"verona","name":"","highway":"footway"}},{"type":"Feature","geometry":{"type":"LineString","coordinates":[[11.0000266,45.4483231],[11.0000236,45.4483527],[10.999748,45.448528],[10.9997394,45.448558]]},"properties":{"site":"verona","name":"Lungadige San Giorgio","highway":"steps"}},{"type":"Feature","geometry":{"type":"LineString","coordinates":[[10.9914759,45.4358035],[10.9916898,45.4357703],[10.9918498,45.4357193],[10.9920565,45.4356534],[10.9921093,45.4356366],[10.9926186,45.4354526],[10.9928248,45.4353747],[10.9929454,45.4353351],[10.9930056,45.4353153]]},"properties":{"site":"verona","name":"Via Marcantonio Bentegodi","highway":"pedestrian"}},{"type":"Feature","geometry":{"type":"LineString","coordinates":[[10.9912078,45.4349923],[10.9911427,45.4350631],[10.9911186,45.4351202],[10.9911124,45.4351678],[10.9911227,45.43522],[10.9914759,45.4358035]]},"properties":{"site":"verona","name":"","highway":"pedestrian"}},{"type":"Feature","geometry":{"type":"LineString","coordinates":[[10.9916894,45.4377454],[10.9914835,45.4377943]]},"properties":{"site":"verona","name":"Interrato Torre Pentagona","highway":"steps"}},{"type":"Feature","geometry":{"type":"LineString","coordinates":[[10.9878042,45.4457755],[10.9880436,45.4457799],[10.9882328,45.4458189],[10.9884292,45.445866],[10.9885281,45.44569],[10.9885566,45.4456393]]},"properties":{"site":"verona","name":"","highway":"service"}},{"type":"Feature","geometry":{"type":"LineString","coordinates":[[10.9877882,45.4455136],[10.9877923,45.4455799],[10.9878042,45.4457755],[10.9878057,45.4457953]]},"properties":{"site":"verona","name":"","highway":"service"}},{"type":"Feature","geometry":{"type":"LineString","coordinates":[[10.9882381,45.4465501],[10.9883544,45.4463339],[10.9885871,45.4459087],[10.9884292,45.445866]]},"properties":{"site":"verona","name":"","highway":"footway"}},{"type":"Feature","geometry":{"type":"LineString","coordinates":[[10.9911517,45.4386157],[10.9911203,45.4386366],[10.9907928,45.4388725]]},"properties":{"site":"verona","name":"Vicolo Teatro Filarmonico","highway":"pedestrian"}},{"type":"Feature","geometry":{"type":"LineString","coordinates":[[10.992389,45.4389866],[10.9923058,45.4390414],[10.992224,45.4390953],[10.9921747,45.4391304],[10.9919484,45.4392914],[10.9919354,45.439333]]},"properties":{"site":"verona","name":"Vicoletto Listone","highway":"pedestrian"}},{"type":"Feature","geometry":{"type":"LineString","coordinates":[[11.0017634,45.4372189],[11.0017747,45.4372696]]},"properties":{"site":"verona","name":"","highway":"steps"}},{"type":"Feature","geometry":{"type":"LineString","coordinates":[[10.9935036,45.4305668],[10.9934346,45.4305842],[10.9930924,45.430644],[10.992945,45.4306509],[10.99285,45.4307015],[10.9927188,45.4307337],[10.9926428,45.4307416],[10.9924591,45.4307428]]},"properties":{"site":"verona","name":"","highway":"footway"}},{"type":"Feature","geometry":{"type":"LineString","coordinates":[[10.9875901,45.4316257],[10.9875235,45.4316515],[10.9873498,45.4316395],[10.9865344,45.4314891],[10.986331,45.431474],[10.9859772,45.4315078],[10.9858117,45.4311434],[10.985162,45.4311307],[10.9850515,45.4311772],[10.984628,45.4314972],[10.9849411,45.4318453],[10.9846928,45.4320939],[10.9844251,45.432278],[10.9843723,45.4324429]]},"properties":{"site":"verona","name":"","highway":"path"}},{"type":"Feature","geometry":{"type":"LineString","coordinates":[[11.0008368,45.4347411],[11.0007614,45.4346129],[11.0007001,45.4345112],[10.9982709,45.4305247]]},"properties":{"site":"verona","name":"","highway":"footway"}},{"type":"Feature","geometry":{"type":"LineString","coordinates":[[11.0106789,45.4414545],[11.0105124,45.4411161]]},"properties":{"site":"verona","name":"","highway":"steps"}},{"type":"Feature","geometry":{"type":"LineString","coordinates":[[11.0105124,45.4411161],[11.0103617,45.4407509],[11.0103063,45.4405415],[11.0102932,45.4404919]]},"properties":{"site":"verona","name":"Scalone Sedici Ottobre","highway":"service"}},{"type":"Feature","geometry":{"type":"LineString","coordinates":[[11.0029961,45.4363401],[11.0031995,45.4363181],[11.003209,45.4363601]]},"properties":{"site":"verona","name":"","highway":"footway"}},{"type":"Feature","geometry":{"type":"LineString","coordinates":[[11.00305,45.4360682],[11.0031898,45.4360707],[11.0032201,45.4360931],[11.0033806,45.4361474],[11.0034019,45.436171],[11.0034597,45.436297],[11.0035997,45.4363582]]},"properties":{"site":"verona","name":"","highway":"footway"}},{"type":"Feature","geometry":{"type":"LineString","coordinates":[[11.0031995,45.4363181],[11.0033051,45.436307],[11.0033812,45.4363347]]},"properties":{"site":"verona","name":"","highway":"footway"}},{"type":"Feature","geometry":{"type":"LineString","coordinates":[[11.0038075,45.4360241],[11.0038796,45.4359003],[11.0039446,45.4358588],[11.0040707,45.435817]]},"properties":{"site":"verona","name":"","highway":"footway"}},{"type":"Feature","geometry":{"type":"LineString","coordinates":[[11.0031898,45.4360707],[11.0033114,45.4360302],[11.0034019,45.4359678],[11.0034772,45.4358386],[11.003626,45.4358023],[11.0039096,45.4358121],[11.0040707,45.435817],[11.0041813,45.4358087],[11.0042729,45.4358153]]},"properties":{"site":"verona","name":"","highway":"footway"}},{"type":"Feature","geometry":{"type":"LineString","coordinates":[[11.0024204,45.4367834],[11.0023133,45.4365157],[11.0022527,45.4362784],[11.0023757,45.4362009],[11.0024521,45.4361898],[11.0024962,45.4361078],[11.0025786,45.4360936],[11.0028549,45.4360476],[11.0029012,45.436021],[11.00305,45.4360682],[11.0029961,45.4363401],[11.0030137,45.4364677]]},"properties":{"site":"verona","name":"","highway":"footway"}},{"type":"Feature","geometry":{"type":"LineString","coordinates":[[10.9868067,45.4410389],[10.9869537,45.4410256]]},"properties":{"site":"verona","name":"","highway":"steps"}},{"type":"Feature","geometry":{"type":"LineString","coordinates":[[10.9867463,45.4410544],[10.9868067,45.4410389]]},"properties":{"site":"verona","name":"","highway":"footway"}},{"type":"Feature","geometry":{"type":"LineString","coordinates":[[10.9869537,45.4410256],[10.9871733,45.4410386]]},"properties":{"site":"verona","name":"","highway":"footway"}},{"type":"Feature","geometry":{"type":"LineString","coordinates":[[10.9855003,45.4422217],[10.9858534,45.4420243],[10.9862819,45.4417842],[10.9868231,45.4414846],[10.9869079,45.4414347],[10.9869901,45.4413898],[10.9870763,45.4413737]]},"properties":{"site":"verona","name":"","highway":"footway"}},{"type":"Feature","geometry":{"type":"LineString","coordinates":[[10.9867463,45.4410544],[10.9867843,45.4410626],[10.9868197,45.4410845],[10.9869726,45.4412159],[10.986998,45.4412471]]},"properties":{"site":"verona","name":"","highway":"footway"}},{"type":"Feature","geometry":{"type":"LineString","coordinates":[[10.9827035,45.4446193],[10.9827187,45.4443055],[10.98276,45.4441196],[10.9829482,45.4437096],[10.9832108,45.4433441],[10.9834799,45.4430004],[10.983677,45.4427499],[10.9839154,45.442466],[10.9841119,45.4422477],[10.9842834,45.4420926],[10.9846029,45.4418328],[10.9849418,45.4416144],[10.9853902,45.4413322],[10.9856382,45.4412193],[10.9856802,45.4412047],[10.985897,45.4411294],[10.9868625,45.4409346]]},"properties":{"site":"verona","name":"Strada dell'alzaia Tolo Da Re","highway":"footway"}},{"type":"Feature","geometry":{"type":"LineString","coordinates":[[10.9849418,45.4416144],[10.9850135,45.441676]]},"properties":{"site":"verona","name":"","highway":"steps"}},{"type":"Feature","geometry":{"type":"LineString","coordinates":[[11.0071879,45.4345947],[11.0070074,45.4342653]]},"properties":{"site":"verona","name":"Viale Caduti Senza Croce","highway":"service"}},{"type":"Feature","geometry":{"type":"LineString","coordinates":[[11.0042319,45.4372962],[11.0042056,45.4372594],[11.0041806,45.4372244],[11.0041483,45.4367284]]},"properties":{"site":"verona","name":"Viale Università","highway":"service"}},{"type":"Feature","geometry":{"type":"LineString","coordinates":[[10.9975705,45.4433833],[10.9975138,45.443338]]},"properties":{"site":"verona","name":"Volto Barbaro","highway":"pedestrian"}},{"type":"Feature","geometry":{"type":"LineString","coordinates":[[11.0039613,45.4444079],[11.0040582,45.4441353],[11.0041092,45.4439895],[11.0041439,45.4438636],[11.0041615,45.4437411],[11.0041749,45.4436145],[11.0041822,45.4434903],[11.0041843,45.4433895],[11.0041863,45.4432668],[11.0041843,45.4431421],[11.004143,45.4429055],[11.0041232,45.4428283],[11.0040893,45.4428336],[11.0040649,45.4428374],[11.0040595,45.4428382],[11.0040099,45.4426881],[11.0040153,45.4426871],[11.004022,45.4426858],[11.0040079,45.4426354],[11.0039871,45.4426326],[11.0040145,45.4424972],[11.0039864,45.4424228],[11.0039618,45.4423618],[11.0039254,45.4422901],[11.0038486,45.442164],[11.0038032,45.4420981],[11.0037888,45.4420896],[11.0037724,45.4420833],[11.0037643,45.4420825],[11.0037511,45.4420812],[11.003729,45.4420835],[11.0037351,45.4420916],[11.0037382,45.4420983],[11.0038013,45.4422031],[11.0038218,45.4422471],[11.0038348,45.4423041],[11.0038428,45.4424037],[11.003844,45.442457],[11.0038421,45.4424945],[11.0038411,45.4425156],[11.003855,45.4426753],[11.0038405,45.4428919],[11.0038322,45.4429552],[11.003775,45.442963],[11.0037693,45.4430812],[11.0039313,45.4430818],[11.0039303,45.4432358],[11.0038732,45.4432376],[11.0038748,45.443326],[11.0037693,45.4433287],[11.0037804,45.4436791],[11.0036885,45.4438911],[11.0036759,45.4439201],[11.0036638,45.4439482],[11.0036331,45.4440189],[11.0034746,45.4441757],[11.0033839,45.4442673],[11.0032603,45.4443922],[11.0031789,45.4444743],[11.0031741,45.4444792],[11.0032978,45.4445446],[11.0033152,45.4445463],[11.0033277,45.4445409],[11.0034595,45.4444062],[11.0035391,45.4443301],[11.0035453,45.4443331],[11.0035725,45.4443466],[11.0036033,45.4443617],[11.0035747,45.4443916],[11.0033896,45.4445748],[11.0033861,45.4445835],[11.0033917,45.4445935],[11.0034804,45.4446384],[11.0036595,45.4447292],[11.0037028,45.4447366],[11.003743,45.4447335],[11.0037816,45.444721],[11.0038125,45.4446947],[11.003838,45.4446456],[11.0038656,45.4445923],[11.0039613,45.4444079]]},"properties":{"site":"verona","name":"Piazza Isolo","highway":"pedestrian"}},{"type":"Feature","geometry":{"type":"LineString","coordinates":[[10.9928782,45.4392385],[10.9927939,45.4392945],[10.9927093,45.4393722],[10.9926584,45.4394426]]},"properties":{"site":"verona","name":"","highway":"footway"}},{"type":"Feature","geometry":{"type":"LineString","coordinates":[[10.9941237,45.4412356],[10.9939364,45.4411302]]},"properties":{"site":"verona","name":"Volto Corte Farina","highway":"pedestrian"}},{"type":"Feature","geometry":{"type":"LineString","coordinates":[[10.9903004,45.4374204],[10.9901452,45.4372334]]},"properties":{"site":"verona","name":"Vicolo Volto San Luca","highway":"footway"}},{"type":"Feature","geometry":{"type":"LineString","coordinates":[[10.9906513,45.4378624],[10.990636,45.4378271],[10.9903004,45.4374204]]},"properties":{"site":"verona","name":"","highway":"footway"}},{"type":"Feature","geometry":{"type":"LineString","coordinates":[[10.9972008,45.4487963],[10.9976058,45.448863],[10.9979797,45.4488811],[10.9983513,45.448853],[10.9985991,45.4488113],[10.9988311,45.4487538],[10.9993697,45.4485713],[10.9999067,45.4483437],[11.0000266,45.4483231]]},"properties":{"site":"verona","name":"","highway":"path"}},{"type":"Feature","geometry":{"type":"LineString","coordinates":[[10.9919755,45.4412548],[10.9922442,45.4409284],[10.9923619,45.4409776],[10.9921478,45.4412472],[10.9920875,45.4413117]]},"properties":{"site":"verona","name":"Piazza Santi Apostoli","highway":"service"}},{"type":"Feature","geometry":{"type":"LineString","coordinates":[[10.9926265,45.4391108],[10.9925685,45.4391838],[10.992506,45.4392625],[10.9924811,45.4392959],[10.9923487,45.4394838],[10.9922582,45.4396289]]},"properties":{"site":"verona","name":"Vicolo Listone","highway":"pedestrian"}},{"type":"Feature","geometry":{"type":"LineString","coordinates":[[10.9946654,45.4407167],[10.9945991,45.4407979],[10.9941337,45.4412264],[10.9941237,45.4412356],[10.9940807,45.4412734],[10.9936244,45.4416934],[10.993675,45.4417656],[10.9938958,45.441881]]},"properties":{"site":"verona","name":"Vicolo del Guasto","highway":"pedestrian"}},{"type":"Feature","geometry":{"type":"LineString","coordinates":[[10.9982323,45.4426535],[10.9981378,45.4427862],[10.9981279,45.4428001]]},"properties":{"site":"verona","name":"Ingresso Mercato vecchio","highway":"pedestrian"}},{"type":"Feature","geometry":{"type":"LineString","coordinates":[[10.9992586,45.4448786],[10.9988333,45.4446746],[10.9986653,45.4445924],[10.9985265,45.4445132],[10.9983655,45.4444144]]},"properties":{"site":"verona","name":"Corso Sant'Anastasia","highway":"pedestrian"}},{"type":"Feature","geometry":{"type":"LineString","coordinates":[[10.9993067,45.4419712],[10.9985549,45.4415896]]},"properties":{"site":"verona","name":"Via Stella","highway":"pedestrian"}},{"type":"Feature","geometry":{"type":"LineString","coordinates":[[10.9987366,45.4447608],[10.998688,45.4448049],[10.998388,45.4446695],[10.9985265,45.4445132]]},"properties":{"site":"verona","name":"Vicoletto Due Mori","highway":"pedestrian"}},{"type":"Feature","geometry":{"type":"LineString","coordinates":[[10.9988333,45.4446746],[10.9987366,45.4447608]]},"properties":{"site":"verona","name":"Volto Due Mori","highway":"pedestrian"}},{"type":"Feature","geometry":{"type":"LineString","coordinates":[[10.9995969,45.4405075],[10.9997828,45.4403148],[10.9996254,45.4402538]]},"properties":{"site":"verona","name":"Via Leoni","highway":"pedestrian"}},{"type":"Feature","geometry":{"type":"LineString","coordinates":[[10.9950969,45.4407944],[10.9948936,45.4406197],[10.9948696,45.4406041],[10.994847,45.4405893],[10.9948008,45.4405603],[10.9947563,45.4405304],[10.9946549,45.4404378],[10.9944892,45.4402941],[10.9944145,45.4402287],[10.9941508,45.4399996],[10.9941117,45.4399667],[10.994104,45.4399711],[10.9939332,45.4398284],[10.9937978,45.4397197],[10.9938665,45.439672],[10.9938713,45.4396616],[10.9934715,45.439574],[10.9935284,45.4396477],[10.9936563,45.4396931],[10.9937408,45.4397593],[10.9937724,45.439784],[10.9938747,45.43987],[10.9940115,45.4399799],[10.994186,45.4401163],[10.994294,45.4402131],[10.9945578,45.4404377],[10.9946383,45.4405064],[10.9948138,45.4406597],[10.9947357,45.440719],[10.9947269,45.4407338],[10.9947136,45.4407585],[10.9949057,45.440783],[10.9949893,45.4408214],[10.9950804,45.4408676],[10.9951723,45.4409142],[10.9951963,45.4409259],[10.9952266,45.4409406],[10.995298,45.440975],[10.9953024,45.4409707],[10.9953559,45.4409961],[10.9954395,45.441036],[10.9954562,45.4410452],[10.9954876,45.4410625],[10.9956951,45.4411663],[10.9957628,45.4411975],[10.9957674,45.4411995],[10.995818,45.4412228],[10.9959249,45.4412718],[10.9960775,45.4413458],[10.9961166,45.4413678],[10.9961402,45.4413879],[10.9965039,45.4415644],[10.9966993,45.441675],[10.9967259,45.4416895],[10.9969145,45.4417922],[10.9969475,45.4418102],[10.9970425,45.4418604],[10.9970894,45.4418934],[10.997091,45.4418945],[10.9970964,45.4418983],[10.9970993,45.4419003],[10.9971503,45.4419361],[10.9971545,45.4419392],[10.9971857,45.441962],[10.9971867,45.4419654],[10.9972022,45.4419704],[10.9972301,45.4419925],[10.9972894,45.4420225],[10.9972964,45.4420168],[10.9973121,45.4420253],[10.9973058,45.4420308],[10.9973164,45.4420362],[10.99732,45.4420334],[10.9973367,45.442042],[10.9973384,45.4420406],[10.9973551,45.4420493],[10.9973536,45.4420507],[10.9973613,45.4420547],[10.9973643,45.4420518],[10.997426,45.4420835],[10.997423,45.4420864],[10.9974301,45.4420901],[10.9974317,45.4420888],[10.997448,45.442097],[10.9974463,45.4420985],[10.9974643,45.4421077],[10.9974605,45.442111],[10.9974704,45.4421159],[10.9974741,45.4421125],[10.9974895,45.4421204],[10.9974859,45.4421235],[10.9975113,45.4421361],[10.9975127,45.4421348],[10.9975302,45.4421433],[10.9975286,45.4421446],[10.9975479,45.4421541],[10.9975528,45.4421837],[10.9975506,45.4422044],[10.9977239,45.4423221],[10.9977804,45.4422714],[10.9978212,45.4422329],[10.9976699,45.4421368],[10.9976542,45.4421247],[10.997633,45.4421093],[10.9975959,45.4420915],[10.9975921,45.442095],[10.9975866,45.4420922],[10.9975901,45.4420887],[10.9972792,45.4419395],[10.9972496,45.4419134],[10.9972142,45.4418821],[10.9971215,45.4418328],[10.9971072,45.441825],[10.9970951,45.4418183],[10.9970689,45.441804],[10.9970588,45.4417985],[10.9969826,45.4417568],[10.9969561,45.4417429],[10.9969406,45.4417347],[10.9967225,45.4416324],[10.9966059,45.4415743],[10.9965298,45.441536],[10.9965419,45.4415247],[10.9964294,45.4414659],[10.9961979,45.4413521],[10.9961575,45.4413303],[10.9961158,45.4413086],[10.996002,45.4412519],[10.9959613,45.4412315],[10.995808,45.4411572],[10.9958532,45.4411137],[10.995863,45.4411183],[10.9958845,45.4410933],[10.9958421,45.4410754],[10.9957862,45.4411465],[10.9956871,45.4411022],[10.995537,45.4410352],[10.995451,45.4409921],[10.9954291,45.4409814],[10.9952686,45.4409027],[10.9952358,45.4408872],[10.9952114,45.4408757],[10.9951316,45.4408322],[10.9950856,45.4408071],[10.9950969,45.4407944]]},"properties":{"site":"verona","name":"Via Giuseppe Mazzini","highway":"pedestrian"}},{"type":"Feature","geometry":{"type":"LineString","coordinates":[[11.0009859,45.4416702],[11.000845,45.4416718],[11.0007346,45.4416726]]},"properties":{"site":"verona","name":"","highway":"footway"}},{"type":"Feature","geometry":{"type":"LineString","coordinates":[[11.0027945,45.4478608],[11.0026964,45.4478189],[11.00266,45.4478725]]},"properties":{"site":"verona","name":"","highway":"steps"}},{"type":"Feature","geometry":{"type":"LineString","coordinates":[[11.0058678,45.4462632],[11.0059452,45.4463225],[11.0059907,45.4463601],[11.0060273,45.446405],[11.0060397,45.4464339],[11.00609,45.4465713],[11.0062224,45.4469553],[11.0063616,45.4474369],[11.0064482,45.4477974],[11.0057567,45.4478743],[11.0056667,45.4478843]]},"properties":{"site":"verona","name":"","highway":"service"}},{"type":"Feature","geometry":{"type":"LineString","coordinates":[[10.9940543,45.4494681],[10.9940271,45.4495008],[10.9940067,45.449526]]},"properties":{"site":"verona","name":"","highway":"footway"}},{"type":"Feature","geometry":{"type":"LineString","coordinates":[[10.9939169,45.4497038],[10.9940628,45.4496996],[10.994206,45.4497207]]},"properties":{"site":"verona","name":"","highway":"steps"}},{"type":"Feature","geometry":{"type":"LineString","coordinates":[[10.994206,45.4497207],[10.9941951,45.4497444],[10.9941677,45.4498077],[10.9941378,45.4498706],[10.9940048,45.4498417],[10.9939282,45.4498389],[10.9935281,45.4499151],[10.993251,45.4499786],[10.9929228,45.450062],[10.9927263,45.4501202],[10.9926165,45.4501577],[10.9923977,45.4502411],[10.9921932,45.4503125],[10.9921383,45.4503317],[10.9920715,45.450357],[10.9919909,45.4503814],[10.9917701,45.4504284]]},"properties":{"site":"verona","name":"","highway":"footway"}},{"type":"Feature","geometry":{"type":"LineString","coordinates":[[11.0081446,45.4341767],[11.0080588,45.434109],[11.007976,45.4340451],[11.0079573,45.43403]]},"properties":{"site":"verona","name":"","highway":"footway"}},{"type":"Feature","geometry":{"type":"LineString","coordinates":[[10.9852376,45.434629],[10.9852792,45.4347272]]},"properties":{"site":"verona","name":"","highway":"steps"}},{"type":"Feature","geometry":{"type":"LineString","coordinates":[[10.9851229,45.4343579],[10.9852376,45.434629]]},"properties":{"site":"verona","name":"","highway":"footway"}},{"type":"Feature","geometry":{"type":"LineString","coordinates":[[10.9852792,45.4347272],[10.9853829,45.4349726]]},"properties":{"site":"verona","name":"","highway":"footway"}},{"type":"Feature","geometry":{"type":"LineString","coordinates":[[10.9854479,45.4316582],[10.9856701,45.4320891]]},"properties":{"site":"verona","name":"","highway":"steps"}},{"type":"Feature","geometry":{"type":"LineString","coordinates":[[10.9859772,45.4315078],[10.9854479,45.4316582],[10.9849411,45.4318453]]},"properties":{"site":"verona","name":"","highway":"path"}},{"type":"Feature","geometry":{"type":"LineString","coordinates":[[10.9910827,45.4314239],[10.9910764,45.4314046],[10.9910665,45.4313742],[10.9910481,45.4313161]]},"properties":{"site":"verona","name":"","highway":"footway"}},{"type":"Feature","geometry":{"type":"LineString","coordinates":[[10.9906009,45.4311989],[10.9907117,45.4312368]]},"properties":{"site":"verona","name":"","highway":"footway"}},{"type":"Feature","geometry":{"type":"LineString","coordinates":[[10.9955242,45.4400212],[10.9955536,45.4400009],[10.9958101,45.4398162],[10.995881,45.4397613]]},"properties":{"site":"verona","name":"Piazza San Nicolò","highway":"pedestrian"}},{"type":"Feature","geometry":{"type":"LineString","coordinates":[[11.0079785,45.4311132],[11.0070919,45.4301632]]},"properties":{"site":"verona","name":"","highway":"service"}},{"type":"Feature","geometry":{"type":"LineString","coordinates":[[10.9868367,45.4294665],[10.9868247,45.4295123],[10.9856876,45.430008],[10.9856128,45.4300201],[10.9855334,45.4300243],[10.9854308,45.4300093],[10.9853293,45.429988]]},"properties":{"site":"verona","name":"","highway":"path"}},{"type":"Feature","geometry":{"type":"LineString","coordinates":[[11.0006092,45.4455284],[11.0006301,45.4455285],[11.0006526,45.4455286],[11.0007322,45.445529]]},"properties":{"site":"verona","name":"Piazzetta Brà Molinari","highway":"pedestrian"}},{"type":"Feature","geometry":{"type":"LineString","coordinates":[[10.9944878,45.4406318],[10.9944997,45.4406375],[10.9946654,45.4407167],[10.9947269,45.4407338],[10.9949026,45.4407663],[10.9950613,45.4408258]]},"properties":{"site":"verona","name":"Via Alberto Mario","highway":"pedestrian"}},{"type":"Feature","geometry":{"type":"LineString","coordinates":[[10.9986768,45.4474225],[10.9987411,45.4473456],[10.9987453,45.4473267],[10.9987581,45.447289],[10.9987856,45.4472537]]},"properties":{"site":"verona","name":"Piazza Broilo","highway":"service"}},{"type":"Feature","geometry":{"type":"LineString","coordinates":[[10.9994258,45.4473497],[10.9995177,45.4474519]]},"properties":{"site":"verona","name":"Ponte Pietra","highway":"pedestrian"}},{"type":"Feature","geometry":{"type":"LineString","coordinates":[[10.9857032,45.441387],[10.9857579,45.4413813],[10.9858081,45.4413856],[10.985872,45.4414035],[10.9862819,45.4417842]]},"properties":{"site":"verona","name":"","highway":"footway"}},{"type":"Feature","geometry":{"type":"LineString","coordinates":[[10.9863317,45.4414839],[10.9863377,45.4414951],[10.9863488,45.4415041],[10.9863637,45.44151],[10.9863805,45.4415119],[10.9863903,45.4415112],[10.9864061,45.4415066],[10.9864187,45.4414986],[10.9864267,45.441488],[10.986429,45.4414788],[10.9864267,45.4414669],[10.9864187,45.4414563],[10.9864061,45.4414483],[10.9863916,45.441444],[10.9863746,45.4414432],[10.9863582,45.4414466],[10.9863445,45.4414536],[10.986335,45.4414636],[10.9863309,45.4414752],[10.9863317,45.4414839]]},"properties":{"site":"verona","name":"","highway":"footway"}},{"type":"Feature","geometry":{"type":"LineString","coordinates":[[10.9826856,45.441874],[10.9826934,45.4418793],[10.9827124,45.4418908],[10.9829257,45.4417136],[10.9830788,45.441587],[10.9833232,45.441385],[10.9833381,45.4413727],[10.9835872,45.4411548],[10.9838179,45.4409531],[10.9839624,45.4408267],[10.9839842,45.4408076],[10.9841162,45.440699],[10.9841699,45.4406588],[10.9843359,45.4405346],[10.984343,45.4405293],[10.9844654,45.4404377],[10.9844873,45.440424],[10.9846645,45.4403136],[10.984949,45.4401639],[10.9852293,45.4400341],[10.9852501,45.4400245],[10.9855603,45.4399165],[10.9857731,45.4398662],[10.9857965,45.4398863],[10.9859821,45.4398629],[10.9860088,45.4398524]]},"properties":{"site":"verona","name":"Regaste","highway":"footway"}},{"type":"Feature","geometry":{"type":"LineString","coordinates":[[10.9971431,45.4428729],[10.9970848,45.4428371],[10.9966418,45.4425995],[10.9963888,45.442487],[10.9963347,45.4424611],[10.9961168,45.4423493],[10.9958882,45.4422202],[10.9957072,45.4421268],[10.9954765,45.4420163]]},"properties":{"site":"verona","name":"Via Pellicciai","highway":"pedestrian"}},{"type":"Feature","geometry":{"type":"LineString","coordinates":[[10.9945577,45.441567],[10.9945922,45.4415854],[10.9946017,45.4415905]]},"properties":{"site":"verona","name":"Galleria Pellicciai","highway":"pedestrian"}},{"type":"Feature","geometry":{"type":"LineString","coordinates":[[11.003461,45.4390246],[11.003448,45.4391578]]},"properties":{"site":"verona","name":"Corticella San Paolo","highway":"service"}},{"type":"Feature","geometry":{"type":"LineString","coordinates":[[10.999214,45.4394855],[10.9988803,45.439335]]},"properties":{"site":"verona","name":"Via Domenico Frangini","highway":"service"}},{"type":"Feature","geometry":{"type":"LineString","coordinates":[[10.9994049,45.4395742],[10.9993753,45.4395606]]},"properties":{"site":"verona","name":"Via Domenico Frangini","highway":"service"}},{"type":"Feature","geometry":{"type":"LineString","coordinates":[[10.9993753,45.4395606],[10.999214,45.4394855]]},"properties":{"site":"verona","name":"Via Domenico Frangini","highway":"service"}},{"type":"Feature","geometry":{"type":"LineString","coordinates":[[10.9998464,45.4401615],[11.0005224,45.4405538],[11.0006167,45.4404425]]},"properties":{"site":"verona","name":"Vicolo Leoni","highway":"service"}},{"type":"Feature","geometry":{"type":"LineString","coordinates":[[11.0040344,45.4400472],[11.004429,45.4399877],[11.0048874,45.4398959],[11.0050631,45.4398393]]},"properties":{"site":"verona","name":"Vicoletto Cieco Fondachetto","highway":"service"}},{"type":"Feature","geometry":{"type":"LineString","coordinates":[[11.0040316,45.4395263],[11.004485,45.4394867]]},"properties":{"site":"verona","name":"Vicolo Cieco San Vitale","highway":"service"}},{"type":"Feature","geometry":{"type":"LineString","coordinates":[[10.9997834,45.4429568],[10.9998393,45.4428988]]},"properties":{"site":"verona","name":"","highway":"steps"}},{"type":"Feature","geometry":{"type":"LineString","coordinates":[[10.9976512,45.4424564],[10.9971431,45.4428729]]},"properties":{"site":"verona","name":"Piazza delle Erbe","highway":"pedestrian"}},{"type":"Feature","geometry":{"type":"LineString","coordinates":[[11.0125492,45.4425912],[11.0125124,45.4424002],[11.0125133,45.4422644],[11.0123086,45.4422949],[11.0120847,45.4422932],[11.0119983,45.4422303],[11.0118966,45.4422179],[11.0115637,45.4422849],[11.0112565,45.4423715],[11.0108303,45.4425106],[11.0104825,45.4426828],[11.0101076,45.4428863],[11.010069,45.4429072],[11.0099649,45.4430054],[11.009797,45.44315],[11.0096681,45.44327],[11.0095603,45.4433111],[11.0092167,45.4435012],[11.0091391,45.4436451],[11.0090848,45.4437897],[11.0090893,45.4439502],[11.0091133,45.4441169],[11.009193,45.4443868],[11.0092302,45.4445493],[11.0092175,45.4445615],[11.0091254,45.4445407],[11.0089845,45.4444976],[11.0088353,45.4444458],[11.0087712,45.444442]]},"properties":{"site":"verona","name":"","highway":"track"}},{"type":"Feature","geometry":{"type":"LineString","coordinates":[[10.999582,45.4445311],[10.9993863,45.4444435],[10.999346,45.4444796]]},"properties":{"site":"verona","name":"Corticella Dietro Chiavica","highway":"service"}},{"type":"Feature","geometry":{"type":"LineString","coordinates":[[11.0106463,45.4404304],[11.01066,45.4404765],[11.0107468,45.4407511],[11.0108285,45.4409446]]},"properties":{"site":"verona","name":"Vicolo Cieco Fiumicello","highway":"service"}},{"type":"Feature","geometry":{"type":"LineString","coordinates":[[10.9967551,45.4465634],[10.9969866,45.4463287]]},"properties":{"site":"verona","name":"Vicolo Cieco San Giacomo","highway":"service"}},{"type":"Feature","geometry":{"type":"LineString","coordinates":[[10.9870053,45.4307688],[10.9870979,45.4307224],[10.9871176,45.4307068],[10.987208,45.430685]]},"properties":{"site":"verona","name":"","highway":"footway"}},{"type":"Feature","geometry":{"type":"LineString","coordinates":[[10.9876712,45.4410943],[10.9874832,45.4410468]]},"properties":{"site":"verona","name":"","highway":"steps"}},{"type":"Feature","geometry":{"type":"LineString","coordinates":[[10.9935942,45.4478014],[10.9937718,45.4476763],[10.9938572,45.4476385],[10.9939661,45.4476121],[10.994078,45.4476178],[10.9942144,45.4476492],[10.9942507,45.4476229],[10.9942741,45.4476059],[10.9943024,45.4475846]]},"properties":{"site":"verona","name":"","highway":"footway"}},{"type":"Feature","geometry":{"type":"LineString","coordinates":[[10.9874877,45.4412011],[10.9874564,45.4411522]]},"properties":{"site":"verona","name":"","highway":"steps"}},{"type":"Feature","geometry":{"type":"LineString","coordinates":[[10.9923576,45.4307669],[10.9924591,45.4307428]]},"properties":{"site":"verona","name":"","highway":"steps"}},{"type":"Feature","geometry":{"type":"LineString","coordinates":[[10.9919027,45.4310041],[10.9918896,45.4309795]]},"properties":{"site":"verona","name":"","highway":"steps"}},{"type":"Feature","geometry":{"type":"LineString","coordinates":[[10.9989911,45.4349962],[10.9989798,45.434983],[10.9989711,45.4349728]]},"properties":{"site":"verona","name":"","highway":"steps"}},{"type":"Feature","geometry":{"type":"LineString","coordinates":[[11.0023074,45.4405731],[11.0022707,45.4405749]]},"properties":{"site":"verona","name":"","highway":"steps"}},{"type":"Feature","geometry":{"type":"LineString","coordinates":[[11.0022334,45.4405755],[11.0022625,45.440575],[11.0022707,45.4405749]]},"properties":{"site":"verona","name":"","highway":"footway"}},{"type":"Feature","geometry":{"type":"LineString","coordinates":[[11.0028378,45.4404388],[11.0027664,45.4404585],[11.0026008,45.440504],[11.002407,45.4405563],[11.0023074,45.4405731]]},"properties":{"site":"verona","name":"Vicolo Cannone","highway":"service"}},{"type":"Feature","geometry":{"type":"LineString","coordinates":[[10.9880667,45.4302097],[10.9880424,45.4302785]]},"properties":{"site":"verona","name":"","highway":"steps"}},{"type":"Feature","geometry":{"type":"LineString","coordinates":[[10.9973655,45.4352609],[10.9974336,45.4352436],[10.9974626,45.4352916]]},"properties":{"site":"verona","name":"","highway":"steps"}},{"type":"Feature","geometry":{"type":"LineString","coordinates":[[10.9973358,45.4353289],[10.9973068,45.43528],[10.9973655,45.4352609],[10.997354,45.4352424]]},"properties":{"site":"verona","name":"","highway":"steps"}},{"type":"Feature","geometry":{"type":"LineString","coordinates":[[10.9969634,45.4356958],[10.9972558,45.4355939],[10.9973532,45.4355598],[10.9975188,45.4355072],[10.9977781,45.435442],[10.9984196,45.4352811],[10.9990251,45.4351126],[10.999054,45.4351052],[10.999185,45.4350669],[10.9993776,45.4350294]]},"properties":{"site":"verona","name":"Piazzale Maestri del Commercio","highway":"service"}},{"type":"Feature","geometry":{"type":"LineString","coordinates":[[10.9960158,45.4362104],[10.996133,45.4362646]]},"properties":{"site":"verona","name":"","highway":"steps"}},{"type":"Feature","geometry":{"type":"LineString","coordinates":[[10.9958779,45.4361237],[10.9960158,45.4362104]]},"properties":{"site":"verona","name":"","highway":"footway"}},{"type":"Feature","geometry":{"type":"LineString","coordinates":[[10.996133,45.4362646],[10.9961846,45.4362848],[10.9961989,45.4362974],[10.9962708,45.4363332]]},"properties":{"site":"verona","name":"","highway":"footway"}},{"type":"Feature","geometry":{"type":"LineString","coordinates":[[10.9951684,45.4369571],[10.9952927,45.4369067],[10.9955676,45.4367396],[10.9957292,45.4365945],[10.9957137,45.4365457],[10.996133,45.4362646]]},"properties":{"site":"verona","name":"","highway":"footway"}},{"type":"Feature","geometry":{"type":"LineString","coordinates":[[10.9916614,45.435617],[10.9915132,45.4355987],[10.9914317,45.4355526],[10.9914206,45.4355327],[10.9913288,45.4353841],[10.9912509,45.4352546]]},"properties":{"site":"verona","name":"","highway":"service"}},{"type":"Feature","geometry":{"type":"LineString","coordinates":[[11.004428,45.4327828],[11.0044382,45.4327806],[11.0044653,45.4327764],[11.0044966,45.4327727],[11.0044875,45.4327271],[11.0044389,45.4327344],[11.0044081,45.432739],[11.0043299,45.4327655],[11.0043629,45.4328048],[11.0043829,45.4327961],[11.0044114,45.4327864],[11.004428,45.4327828]]},"properties":{"site":"verona","name":"","highway":"steps"}},{"type":"Feature","geometry":{"type":"LineString","coordinates":[[11.0060734,45.4337138],[11.0059801,45.4335141],[11.0059316,45.4335256],[11.0059757,45.43362],[11.0060249,45.4337255],[11.0060734,45.4337138]]},"properties":{"site":"verona","name":"","highway":"steps"}},{"type":"Feature","geometry":{"type":"LineString","coordinates":[[11.0001453,45.4452065],[11.0001697,45.4452178],[11.0001922,45.4452281],[11.0002022,45.4452173],[11.0001553,45.4451957],[11.0001453,45.4452065]]},"properties":{"site":"verona","name":"","highway":"steps"}},{"type":"Feature","geometry":{"type":"LineString","coordinates":[[11.0044505,45.433147],[11.0044656,45.433181],[11.0046176,45.4331446],[11.0047449,45.4331142],[11.0047293,45.4330802],[11.0044505,45.433147]]},"properties":{"site":"verona","name":"","highway":"steps"}},{"type":"Feature","geometry":{"type":"LineString","coordinates":[[11.0025975,45.4478505],[11.0026899,45.4477411],[11.0026589,45.4477289],[11.0026074,45.4477876],[11.002583,45.4477775]]},"properties":{"site":"verona","name":"","highway":"steps"}},{"type":"Feature","geometry":{"type":"LineString","coordinates":[[11.0039212,45.4342201],[11.0039693,45.4342076],[11.0039267,45.4341163],[11.0038804,45.4340172],[11.0038321,45.4340298],[11.0039212,45.4342201]]},"properties":{"site":"verona","name":"","highway":"steps"}},{"type":"Feature","geometry":{"type":"LineString","coordinates":[[11.0034698,45.4342129],[11.0034138,45.4340959],[11.0033969,45.4340999],[11.0033829,45.4341033],[11.0034385,45.4342206],[11.0034995,45.4343491],[11.0035312,45.4343413],[11.0034698,45.4342129]]},"properties":{"site":"verona","name":"","highway":"steps"}},{"type":"Feature","geometry":{"type":"LineString","coordinates":[[11.0056885,45.4318474],[11.0056468,45.431752],[11.0056296,45.4317557],[11.0056138,45.4317592],[11.0055979,45.4317626],[11.0056201,45.4318134],[11.0056396,45.431858],[11.0056555,45.4318546],[11.0056714,45.4318511],[11.0056885,45.4318474]]},"properties":{"site":"verona","name":"","highway":"steps"}},{"type":"Feature","geometry":{"type":"LineString","coordinates":[[11.0051775,45.4346547],[11.0054389,45.4345919],[11.005433,45.4345789],[11.0054268,45.4345655],[11.0054156,45.434541],[11.0053074,45.4345667],[11.0051544,45.434603],[11.0051596,45.4346147],[11.0051655,45.4346279],[11.0051775,45.4346547]]},"properties":{"site":"verona","name":"","highway":"steps"}},{"type":"Feature","geometry":{"type":"LineString","coordinates":[[10.9991906,45.4426888],[10.9992115,45.4426709],[10.9992155,45.4426674],[10.9992211,45.4426699],[10.9992246,45.4426664],[10.9991454,45.4426266],[10.9991415,45.4426302],[10.9991469,45.4426328],[10.9991267,45.4426554],[10.9991906,45.4426888]]},"properties":{"site":"verona","name":"","highway":"steps"}},{"type":"Feature","geometry":{"type":"LineString","coordinates":[[10.9995177,45.4474519],[10.999562,45.4474833]]},"properties":{"site":"verona","name":"Ponte Pietra","highway":"pedestrian"}},{"type":"Feature","geometry":{"type":"LineString","coordinates":[[11.0008005,45.44577],[11.0007138,45.4457672]]},"properties":{"site":"verona","name":"","highway":"steps"}},{"type":"Feature","geometry":{"type":"LineString","coordinates":[[10.9997582,45.4489503],[10.9997441,45.4488995]]},"properties":{"site":"verona","name":"","highway":"steps"}},{"type":"Feature","geometry":{"type":"LineString","coordinates":[[10.9997441,45.4488995],[10.9997001,45.4487403]]},"properties":{"site":"verona","name":"","highway":"footway"}},{"type":"Feature","geometry":{"type":"LineString","coordinates":[[11.002056,45.438472],[11.002047,45.4384342]]},"properties":{"site":"verona","name":"","highway":"steps"}},{"type":"Feature","geometry":{"type":"LineString","coordinates":[[11.0021449,45.4483449],[11.0021163,45.4483845],[11.0020962,45.448456],[11.0020623,45.4485137],[11.0020023,45.4484938],[11.0019391,45.4484648],[11.0019106,45.4484063],[11.0018814,45.4483234],[11.0018508,45.4483349],[11.0018859,45.4484038],[11.001853,45.4484108],[11.0018144,45.448332],[11.0017296,45.4482771],[11.0016784,45.448244],[11.0015275,45.4483492],[11.0014128,45.4482793],[11.0012825,45.4483519],[11.0011166,45.4483678],[11.0010342,45.4483691],[11.0005391,45.4481976]]},"properties":{"site":"verona","name":"Scalone Castel San Pietro","highway":"steps"}},{"type":"Feature","geometry":{"type":"LineString","coordinates":[[11.00266,45.4478725],[11.0025975,45.4478505],[11.0021449,45.4483449]]},"properties":{"site":"verona","name":"","highway":"footway"}},{"type":"Feature","geometry":{"type":"LineString","coordinates":[[11.0004734,45.4491609],[11.0004718,45.4491515]]},"properties":{"site":"verona","name":"","highway":"steps"}},{"type":"Feature","geometry":{"type":"LineString","coordinates":[[10.9997001,45.4487403],[11.0000736,45.4485689],[11.0003516,45.4484251],[11.00038,45.4486039],[11.0004056,45.4487824],[11.0004431,45.4490184]]},"properties":{"site":"verona","name":"","highway":"footway"}},{"type":"Feature","geometry":{"type":"LineString","coordinates":[[11.0004718,45.4491515],[11.0004464,45.4490306]]},"properties":{"site":"verona","name":"Portichetti Fontanelle Santo Stefano","highway":"footway"}},{"type":"Feature","geometry":{"type":"LineString","coordinates":[[11.0009132,45.4477837],[11.000555,45.4481698],[11.0005391,45.4481976],[11.0004941,45.4482748],[11.0004876,45.4483108],[11.0004763,45.4484238],[11.000447,45.4486382],[11.0004492,45.4486566],[11.0004718,45.4488],[11.0004915,45.4489254]]},"properties":{"site":"verona","name":"","highway":"footway"}},{"type":"Feature","geometry":{"type":"LineString","coordinates":[[11.0005683,45.4495878],[11.0005626,45.4495685],[11.0005554,45.4495362]]},"properties":{"site":"verona","name":"","highway":"footway"}},{"type":"Feature","geometry":{"type":"LineString","coordinates":[[11.0003685,45.448605],[11.00038,45.4486039]]},"properties":{"site":"verona","name":"","highway":"footway"}},{"type":"Feature","geometry":{"type":"LineString","coordinates":[[11.0002296,45.4486195],[11.0003685,45.448605]]},"properties":{"site":"verona","name":"","highway":"steps"}},{"type":"Feature","geometry":{"type":"LineString","coordinates":[[11.0010132,45.4508311],[11.0009052,45.4508224],[11.0008888,45.4507259],[11.0008429,45.4504802],[11.0008643,45.450411],[11.000889,45.4503368],[11.0008854,45.4502623],[11.0008818,45.450227],[11.0008732,45.4501998],[11.0008158,45.4501038],[11.0007816,45.4500242],[11.0007049,45.4497816],[11.0006674,45.4496419],[11.0006145,45.4494666],[11.0005904,45.4494294],[11.0005441,45.4492609],[11.0005512,45.4491416]]},"properties":{"site":"verona","name":"","highway":"footway"}},{"type":"Feature","geometry":{"type":"LineString","coordinates":[[11.0004431,45.4490184],[11.0004464,45.4490306]]},"properties":{"site":"verona","name":"","highway":"steps"}},{"type":"Feature","geometry":{"type":"LineString","coordinates":[[11.0004431,45.4480844],[11.000543,45.4480629],[11.0005628,45.4480468],[11.0008505,45.4477762],[11.0010319,45.4476051]]},"properties":{"site":"verona","name":"","highway":"footway"}},{"type":"Feature","geometry":{"type":"LineString","coordinates":[[11.0000736,45.4485689],[11.0002296,45.4486195]]},"properties":{"site":"verona","name":"","highway":"footway"}},{"type":"Feature","geometry":{"type":"LineString","coordinates":[[11.0004763,45.4484238],[11.0004242,45.4484222],[11.0003516,45.4484251]]},"properties":{"site":"verona","name":"","highway":"footway"}},{"type":"Feature","geometry":{"type":"LineString","coordinates":[[11.0019151,45.4461907],[11.0018595,45.4463573],[11.0018011,45.446505],[11.0016851,45.4467623],[11.0016031,45.4469188],[11.0014103,45.4472467],[11.0010319,45.4476051]]},"properties":{"site":"verona","name":"","highway":"footway"}},{"type":"Feature","geometry":{"type":"LineString","coordinates":[[11.00071,45.450501],[11.0007388,45.4503859],[11.000768,45.4503003],[11.0007772,45.4502566],[11.0007741,45.450197],[11.0007577,45.4501324],[11.0007189,45.4500366],[11.0006905,45.4499428],[11.0006771,45.4499096],[11.0006551,45.449819],[11.0006351,45.4497415],[11.0006155,45.44967],[11.0006049,45.4496202],[11.0005932,45.4495776],[11.0005683,45.4495878],[11.0004849,45.449619],[11.000431,45.4496382],[11.0003266,45.449683],[11.0002682,45.4497069],[11.0002218,45.449728],[11.0000646,45.4498089],[11.0000563,45.4498039]]},"properties":{"site":"verona","name":"","highway":"footway"}},{"type":"Feature","geometry":{"type":"LineString","coordinates":[[11.0005554,45.4495362],[11.0005148,45.4493713],[11.0004895,45.4492639],[11.0004767,45.4491845],[11.0004747,45.44917],[11.0004734,45.4491609]]},"properties":{"site":"verona","name":"","highway":"footway"}},{"type":"Feature","geometry":{"type":"LineString","coordinates":[[11.0003177,45.4487905],[11.0003154,45.4487748],[11.0003082,45.4487579],[11.0002961,45.4487428],[11.0002773,45.4487321],[11.0002319,45.4487234],[11.0001735,45.4487243]]},"properties":{"site":"verona","name":"","highway":"footway"}},{"type":"Feature","geometry":{"type":"LineString","coordinates":[[11.0004056,45.4487824],[11.0003513,45.4487874]]},"properties":{"site":"verona","name":"","highway":"footway"}},{"type":"Feature","geometry":{"type":"LineString","coordinates":[[11.0021166,45.4438484],[11.0022322,45.4438195]]},"properties":{"site":"verona","name":"","highway":"steps"}},{"type":"Feature","geometry":{"type":"LineString","coordinates":[[11.0020325,45.4454532],[11.0019936,45.4454514]]},"properties":{"site":"verona","name":"","highway":"steps"}},{"type":"Feature","geometry":{"type":"LineString","coordinates":[[11.0011166,45.4483678],[11.0012598,45.448198]]},"properties":{"site":"verona","name":"","highway":"footway"}},{"type":"Feature","geometry":{"type":"LineString","coordinates":[[11.0012598,45.448198],[11.0013155,45.4481168],[11.0011319,45.4479285],[11.0011364,45.4478907]]},"properties":{"site":"verona","name":"Vicolo Botte","highway":"steps"}},{"type":"Feature","geometry":{"type":"LineString","coordinates":[[11.002003,45.4456831],[11.0020209,45.4456277],[11.0020325,45.4454532]]},"properties":{"site":"verona","name":"","highway":"steps"}},{"type":"Feature","geometry":{"type":"LineString","coordinates":[[10.9992148,45.448891],[10.9991887,45.4488559],[10.9991336,45.4487671]]},"properties":{"site":"verona","name":"","highway":"footway"}},{"type":"Feature","geometry":{"type":"LineString","coordinates":[[10.9897509,45.4379303],[10.9896906,45.438029],[10.9896642,45.4380971],[10.9896563,45.4381512],[10.989663,45.438197],[10.9897987,45.4382109]]},"properties":{"site":"verona","name":"Via dei Mutilati","highway":"service"}},{"type":"Feature","geometry":{"type":"LineString","coordinates":[[10.9894484,45.438296],[10.9892617,45.4383381]]},"properties":{"site":"verona","name":"","highway":"footway"}},{"type":"Feature","geometry":{"type":"LineString","coordinates":[[10.9895917,45.4382646],[10.9894484,45.438296]]},"properties":{"site":"verona","name":"","highway":"steps"}},{"type":"Feature","geometry":{"type":"LineString","coordinates":[[10.9897987,45.4382109],[10.9898878,45.4382148],[10.9899331,45.4382733]]},"properties":{"site":"verona","name":"","highway":"steps"}},{"type":"Feature","geometry":{"type":"LineString","coordinates":[[10.9899331,45.4382733],[10.9900419,45.4382664],[10.9901229,45.43824],[10.9901814,45.4381989],[10.9902337,45.4381623],[10.9902721,45.4381216],[10.990304,45.4380599]]},"properties":{"site":"verona","name":"Via dei Mutilati","highway":"service"}},{"type":"Feature","geometry":{"type":"LineString","coordinates":[[10.9939101,45.4421862],[10.9942964,45.4423786],[10.9943842,45.4424224],[10.9944471,45.4424536],[10.9948177,45.4426383],[10.9948639,45.4426613],[10.9951178,45.4427877],[10.995348,45.4429024],[10.9954983,45.4429773],[10.9956923,45.4430881],[10.9958475,45.4431737],[10.996228,45.4433585],[10.9965962,45.4435137]]},"properties":{"site":"verona","name":"Corso Porta Borsari","highway":"pedestrian"}},{"type":"Feature","geometry":{"type":"LineString","coordinates":[[10.9958186,45.4431981],[10.995764,45.4432569]]},"properties":{"site":"verona","name":"Corte Sgarzarie","highway":"pedestrian"}},{"type":"Feature","geometry":{"type":"LineString","coordinates":[[10.9962074,45.4433784],[10.9961483,45.4434372]]},"properties":{"site":"verona","name":"","highway":"footway"}},{"type":"Feature","geometry":{"type":"LineString","coordinates":[[11.0114067,45.438912],[11.0113303,45.4389059],[11.0107403,45.4388562],[11.0107739,45.438667]]},"properties":{"site":"verona","name":"","highway":"service"}},{"type":"Feature","geometry":{"type":"LineString","coordinates":[[11.0115667,45.4379825],[11.0115356,45.4381197],[11.0115192,45.438226],[11.0114067,45.438912],[11.0113715,45.4391109]]},"properties":{"site":"verona","name":"","highway":"service"}},{"type":"Feature","geometry":{"type":"LineString","coordinates":[[11.0098394,45.438473],[11.0097541,45.4389782]]},"properties":{"site":"verona","name":"","highway":"service"}},{"type":"Feature","geometry":{"type":"LineString","coordinates":[[10.9882122,45.4396834],[10.988164,45.4397304],[10.9879944,45.4396551],[10.9877246,45.4395354]]},"properties":{"site":"verona","name":"","highway":"footway"}},{"type":"Feature","geometry":{"type":"LineString","coordinates":[[11.0116428,45.4353796],[11.0113705,45.4355168],[11.011197,45.4355846],[11.0110756,45.4356142],[11.0109765,45.4356246],[11.0109146,45.4356176],[11.0108749,45.435602],[11.0108526,45.4355724],[11.0108353,45.4355324],[11.0108155,45.4352177],[11.0108006,45.4351795],[11.0107659,45.4351291],[11.0101365,45.4346388],[11.009252,45.4339624],[11.0092049,45.4339468],[11.0091554,45.433945],[11.0090785,45.4339589],[11.0082906,45.4343623],[11.0070294,45.4350352],[11.0069155,45.4350734],[11.0068139,45.4350978],[11.0067693,45.4350995],[11.0066429,45.4351047],[11.0065958,45.4351308],[11.0065165,45.4352473],[11.0064695,45.4353481],[11.0064224,45.4354681],[11.0063629,45.4355255],[11.006296,45.4355359],[11.0058847,45.435555],[11.0054239,45.435555],[11.0053768,45.4355446],[11.0053644,45.4355203],[11.0053545,45.4354741]]},"properties":{"site":"verona","name":"","highway":"path"}},{"type":"Feature","geometry":{"type":"LineString","coordinates":[[10.9984971,45.4356703],[10.9991042,45.4355031]]},"properties":{"site":"verona","name":"","highway":"service"}},{"type":"Feature","geometry":{"type":"LineString","coordinates":[[10.9991498,45.4352987],[10.9991235,45.4354099]]},"properties":{"site":"verona","name":"","highway":"steps"}},{"type":"Feature","geometry":{"type":"LineString","coordinates":[[10.9990171,45.4347497],[10.999158,45.4347101]]},"properties":{"site":"verona","name":"","highway":"steps"}},{"type":"Feature","geometry":{"type":"LineString","coordinates":[[10.9986746,45.4354078],[10.9986888,45.4354378],[10.9986401,45.435453],[10.9986394,45.4354839]]},"properties":{"site":"verona","name":"","highway":"steps"}},{"type":"Feature","geometry":{"type":"LineString","coordinates":[[10.9969634,45.4356958],[10.9968596,45.4357907],[10.9967694,45.4358809],[10.9965472,45.4360651],[10.9963059,45.4362992],[10.9962708,45.4363332],[10.9961213,45.4364782],[10.9959355,45.4366326],[10.995684,45.4368171],[10.9956402,45.4368402],[10.9954369,45.4369474],[10.9954684,45.4369748],[10.9955247,45.437024]]},"properties":{"site":"verona","name":"","highway":"service"}},{"type":"Feature","geometry":{"type":"LineString","coordinates":[[10.99087,45.4369709],[10.9909825,45.4369423],[10.9911078,45.4369096]]},"properties":{"site":"verona","name":"","highway":"path"}},{"type":"Feature","geometry":{"type":"LineString","coordinates":[[10.9910916,45.4367033],[10.9908413,45.4362304],[10.9907459,45.4360564],[10.9902222,45.4350363]]},"properties":{"site":"verona","name":"","highway":"footway"}},{"type":"Feature","geometry":{"type":"LineString","coordinates":[[10.9885608,45.4317334],[10.9885748,45.4316057],[10.9885846,45.4315151]]},"properties":{"site":"verona","name":"","highway":"footway"}},{"type":"Feature","geometry":{"type":"LineString","coordinates":[[10.988842,45.4331737],[10.9889088,45.4331549],[10.9891156,45.4330977],[10.9891795,45.4330795],[10.9892268,45.4330654]]},"properties":{"site":"verona","name":"","highway":"footway"}},{"type":"Feature","geometry":{"type":"LineString","coordinates":[[10.9895382,45.4356043],[10.9896719,45.4356521],[10.9898424,45.4359052],[10.9900536,45.4360107],[10.9902825,45.436421],[10.9903878,45.4364357],[10.9905508,45.436694],[10.9905979,45.436766]]},"properties":{"site":"verona","name":"","highway":"footway"}},{"type":"Feature","geometry":{"type":"LineString","coordinates":[[10.9915932,45.4384571],[10.9916022,45.4384781],[10.9918464,45.4386757],[10.9920841,45.4388748],[10.9923058,45.4390414],[10.9925685,45.4391838],[10.9927939,45.4392945],[10.9933979,45.4395282],[10.9934715,45.439574]]},"properties":{"site":"verona","name":"","highway":"footway"}},{"type":"Feature","geometry":{"type":"LineString","coordinates":[[10.9917294,45.4382709],[10.9917515,45.438264],[10.9920576,45.4381756],[10.9927326,45.4379757],[10.9928396,45.4379131]]},"properties":{"site":"verona","name":"","highway":"footway"}},{"type":"Feature","geometry":{"type":"LineString","coordinates":[[11.0003308,45.4433524],[11.0003375,45.4434168],[11.0003354,45.4434426]]},"properties":{"site":"verona","name":"Piazzetta Pescheria","highway":"footway"}},{"type":"Feature","geometry":{"type":"LineString","coordinates":[[11.0004128,45.4430776],[11.0003598,45.4430709],[11.000219,45.44304],[11.0001801,45.4430284],[11.0000434,45.442974],[11.000003,45.4429535],[10.9999241,45.4428979],[10.9998968,45.4429375],[10.9998378,45.4430093],[10.999936,45.4430746],[11.0000645,45.443161],[11.000086,45.4431776],[11.0001506,45.4432241],[11.0001105,45.4432601],[11.000167,45.443302],[11.0002556,45.4433707],[11.0002774,45.4433957],[11.0002954,45.4434274],[11.0003375,45.4434168],[11.0004577,45.4433867],[11.000432,45.4432733],[11.0004128,45.4430776]]},"properties":{"site":"verona","name":"Piazzetta Pescheria","highway":"pedestrian"}},{"type":"Feature","geometry":{"type":"LineString","coordinates":[[10.9975705,45.4433833],[10.9976217,45.4433959]]},"properties":{"site":"verona","name":"Via Mazzanti","highway":"steps"}},{"type":"Feature","geometry":{"type":"LineString","coordinates":[[10.9886091,45.4392504],[10.9885055,45.439433],[10.988499,45.4394445]]},"properties":{"site":"verona","name":"Via Roma","highway":"pedestrian"}},{"type":"Feature","geometry":{"type":"LineString","coordinates":[[11.0029682,45.4457167],[11.0029532,45.4456959]]},"properties":{"site":"verona","name":"Vicoletto San Faustino","highway":"steps"}},{"type":"Feature","geometry":{"type":"LineString","coordinates":[[11.0029532,45.4456959],[11.0028782,45.4455205]]},"properties":{"site":"verona","name":"Vicoletto San Faustino","highway":"footway"}},{"type":"Feature","geometry":{"type":"LineString","coordinates":[[11.0111193,45.4396502],[11.0110927,45.4398147]]},"properties":{"site":"verona","name":"Galleria Emabassy","highway":"pedestrian"}},{"type":"Feature","geometry":{"type":"LineString","coordinates":[[11.011183,45.4392853],[11.0111193,45.4396502]]},"properties":{"site":"verona","name":"Galleria Emabassy","highway":"pedestrian"}},{"type":"Feature","geometry":{"type":"LineString","coordinates":[[11.0112223,45.4390979],[11.011183,45.4392853]]},"properties":{"site":"verona","name":"Galleria Emabassy","highway":"pedestrian"}},{"type":"Feature","geometry":{"type":"LineString","coordinates":[[10.9929332,45.4384768],[10.9930444,45.4384097]]},"properties":{"site":"verona","name":"Piazza Bra","highway":"pedestrian"}},{"type":"Feature","geometry":{"type":"LineString","coordinates":[[10.993142,45.438349],[10.9933426,45.4382116]]},"properties":{"site":"verona","name":"Piazza Bra","highway":"pedestrian"}},{"type":"Feature","geometry":{"type":"LineString","coordinates":[[10.9926449,45.4386592],[10.9926125,45.4386234],[10.9925974,45.4385824],[10.9926009,45.4385401],[10.9926183,45.4385064],[10.9926476,45.4384771],[10.9926868,45.4384541],[10.9927331,45.4384391],[10.9927869,45.438433],[10.9928409,45.4384376],[10.992891,45.4384526],[10.9929332,45.4384768],[10.9929671,45.4385124],[10.9929835,45.4385537],[10.9929808,45.4385965],[10.9929636,45.438631],[10.992934,45.438661],[10.992894,45.4386844],[10.9928467,45.4386996],[10.9927921,45.4387054],[10.9927374,45.4387002],[10.992687,45.4386843],[10.9926449,45.4386592]]},"properties":{"site":"verona","name":"Piazza Bra","highway":"pedestrian"}},{"type":"Feature","geometry":{"type":"LineString","coordinates":[[10.9930337,45.4383962],[10.9930299,45.438381],[10.9930336,45.4383658],[10.9930443,45.4383523],[10.9930608,45.438342],[10.9930812,45.4383362],[10.9931031,45.4383355],[10.9931242,45.4383399],[10.993142,45.438349],[10.9931541,45.4383611],[10.99316,45.4383752],[10.9931593,45.43839],[10.9931519,45.4384038],[10.9931386,45.4384153],[10.9931208,45.4384231],[10.9931003,45.4384266],[10.9930794,45.4384254],[10.9930601,45.4384196],[10.9930444,45.4384097],[10.9930337,45.4383962]]},"properties":{"site":"verona","name":"Piazza Bra","highway":"pedestrian"}},{"type":"Feature","geometry":{"type":"LineString","coordinates":[[10.9926009,45.4385401],[10.9924576,45.4385154]]},"properties":{"site":"verona","name":"Piazza Bra","highway":"pedestrian"}},{"type":"Feature","geometry":{"type":"LineString","coordinates":[[10.9929808,45.4385965],[10.9931657,45.4386278],[10.9933555,45.4386237]]},"properties":{"site":"verona","name":"Piazza Bra","highway":"pedestrian"}},{"type":"Feature","geometry":{"type":"LineString","coordinates":[[10.9937959,45.4383129],[10.9934997,45.4381066],[10.9932315,45.4379158],[10.9931689,45.4378712]]},"properties":{"site":"verona","name":"Piazza Bra","highway":"pedestrian"}},{"type":"Feature","geometry":{"type":"LineString","coordinates":[[10.9939187,45.43965],[10.9934445,45.4394722],[10.9928782,45.4392385],[10.9927203,45.4391598],[10.9926265,45.4391108],[10.992389,45.4389866],[10.9919095,45.4385983],[10.9917146,45.4384286],[10.9916771,45.4383809]]},"properties":{"site":"verona","name":"Piazza Bra","highway":"pedestrian"}},{"type":"Feature","geometry":{"type":"LineString","coordinates":[[10.9928743,45.4388729],[10.9928557,45.4388658],[10.9928414,45.438855],[10.9928326,45.4388416],[10.9928305,45.4388269],[10.9928351,45.4388124],[10.9928461,45.4387998],[10.9928623,45.4387903],[10.9928819,45.4387849],[10.9929038,45.4387842],[10.9929247,45.4387887],[10.9929424,45.4387978],[10.9929548,45.4388104],[10.9929605,45.4388253],[10.9929589,45.4388406],[10.9929501,45.4388547],[10.9929353,45.4388659],[10.9929159,45.4388731],[10.9928951,45.4388754],[10.9928743,45.4388729]]},"properties":{"site":"verona","name":"Piazza Bra","highway":"pedestrian"}},{"type":"Feature","geometry":{"type":"LineString","coordinates":[[10.992369,45.4385478],[10.9923499,45.4385392],[10.9923361,45.4385266],[10.9923293,45.4385115],[10.9923302,45.4384956],[10.9923377,45.4384823],[10.9923507,45.4384712],[10.9923679,45.4384635],[10.9923877,45.4384599],[10.992408,45.4384608],[10.992427,45.438466],[10.9924428,45.4384751],[10.9924538,45.4384872],[10.9924589,45.4385011],[10.9924576,45.4385154],[10.9924489,45.4385301],[10.9924336,45.4385418],[10.9924135,45.4385491],[10.9923911,45.4385512],[10.992369,45.4385478]]},"properties":{"site":"verona","name":"Piazza Bra","highway":"pedestrian"}},{"type":"Feature","geometry":{"type":"LineString","coordinates":[[10.9937493,45.4369031],[10.9936726,45.4368838],[10.9935893,45.4368927],[10.9932614,45.4369001],[10.9930586,45.4368922],[10.9927951,45.4368793]]},"properties":{"site":"verona","name":"","highway":"pedestrian"}},{"type":"Feature","geometry":{"type":"LineString","coordinates":[[10.992825,45.4369301],[10.9928176,45.436917],[10.9927951,45.4368793],[10.9927387,45.4367499],[10.9927029,45.4366673],[10.9926527,45.4365515],[10.9926204,45.4364769]]},"properties":{"site":"verona","name":"","highway":"pedestrian"}},{"type":"Feature","geometry":{"type":"LineString","coordinates":[[10.9917115,45.4366239],[10.9919099,45.4365771]]},"properties":{"site":"verona","name":"Park Cittadella","highway":"service"}},{"type":"Feature","geometry":{"type":"LineString","coordinates":[[10.9934445,45.4394722],[10.9934715,45.439574]]},"properties":{"site":"verona","name":"Via Giuseppe Mazzini","highway":"pedestrian"}},{"type":"Feature","geometry":{"type":"LineString","coordinates":[[10.9873861,45.4410455],[10.9878114,45.4411487],[10.9880554,45.4412155],[10.9882452,45.4412941],[10.9885363,45.4414263],[10.9885776,45.4414479],[10.9891042,45.4417227],[10.9896427,45.4420492],[10.9898901,45.442244],[10.9905097,45.442866],[10.9907146,45.443112]]},"properties":{"site":"verona","name":"","highway":"footway"}},{"type":"Feature","geometry":{"type":"LineString","coordinates":[[10.9872496,45.4411982],[10.9872087,45.441255]]},"properties":{"site":"verona","name":"","highway":"steps"}},{"type":"Feature","geometry":{"type":"LineString","coordinates":[[10.9928467,45.4386996],[10.9928819,45.4387849]]},"properties":{"site":"verona","name":"Piazza Bra","highway":"pedestrian"}},{"type":"Feature","geometry":{"type":"LineString","coordinates":[[10.9874832,45.4410468],[10.9873866,45.4410281],[10.9873861,45.4410455]]},"properties":{"site":"verona","name":"","highway":"footway"}},{"type":"Feature","geometry":{"type":"LineString","coordinates":[[10.9874564,45.4411522],[10.9874263,45.4411065],[10.9873861,45.4410455]]},"properties":{"site":"verona","name":"","highway":"footway"}},{"type":"Feature","geometry":{"type":"LineString","coordinates":[[10.9923302,45.4384956],[10.992097,45.4384577],[10.9917146,45.4384286]]},"properties":{"site":"verona","name":"Piazza Bra","highway":"pedestrian"}},{"type":"Feature","geometry":{"type":"LineString","coordinates":[[10.9874263,45.4411065],[10.987326,45.4411361],[10.9872496,45.4411982]]},"properties":{"site":"verona","name":"","highway":"footway"}},{"type":"Feature","geometry":{"type":"LineString","coordinates":[[10.9869537,45.4410256],[10.9870431,45.441202]]},"properties":{"site":"verona","name":"","highway":"footway"}},{"type":"Feature","geometry":{"type":"LineString","coordinates":[[10.9870431,45.441202],[10.9870684,45.4412496]]},"properties":{"site":"verona","name":"","highway":"steps"}},{"type":"Feature","geometry":{"type":"LineString","coordinates":[[10.9928323,45.4363463],[10.9931212,45.4362717]]},"properties":{"site":"verona","name":"","highway":"service"}},{"type":"Feature","geometry":{"type":"LineString","coordinates":[[10.9927539,45.4368815],[10.9918324,45.4368507]]},"properties":{"site":"verona","name":"Piazza Cittadella","highway":"footway"}},{"type":"Feature","geometry":{"type":"LineString","coordinates":[[10.9931212,45.4362717],[10.99319,45.4362508],[10.9932253,45.4362283],[10.993234,45.4361991]]},"properties":{"site":"verona","name":"","highway":"service"}},{"type":"Feature","geometry":{"type":"LineString","coordinates":[[10.9927331,45.4384391],[10.9926423,45.4382001],[10.9921795,45.4383439],[10.992132,45.4384048],[10.9921066,45.4384344],[10.992097,45.4384577]]},"properties":{"site":"verona","name":"Piazza Bra","highway":"pedestrian"}},{"type":"Feature","geometry":{"type":"LineString","coordinates":[[10.9926449,45.4386592],[10.9925857,45.4387021],[10.9924892,45.4387012],[10.9923259,45.4387717]]},"properties":{"site":"verona","name":"Piazza Bra","highway":"pedestrian"}},{"type":"Feature","geometry":{"type":"LineString","coordinates":[[10.9929159,45.4388731],[10.9929524,45.4389503],[10.9929914,45.4389755],[10.9929852,45.4390194],[10.9930908,45.439115],[10.9932773,45.439223]]},"properties":{"site":"verona","name":"Piazza Bra","highway":"pedestrian"}},{"type":"Feature","geometry":{"type":"LineString","coordinates":[[10.9933426,45.4382116],[10.9934997,45.4381066]]},"properties":{"site":"verona","name":"Piazza Bra","highway":"pedestrian"}},{"type":"Feature","geometry":{"type":"LineString","coordinates":[[10.9944534,45.4381497],[10.994284,45.4382564],[10.9937959,45.4383129],[10.9935974,45.438422],[10.9933555,45.4386237],[10.9932594,45.4389001],[10.9930908,45.439115],[10.9928782,45.4392385]]},"properties":{"site":"verona","name":"Piazza Bra","highway":"pedestrian"}},{"type":"Feature","geometry":{"type":"LineString","coordinates":[[10.9921795,45.4383439],[10.9921519,45.4383058],[10.9921167,45.4382572],[10.9920576,45.4381756]]},"properties":{"site":"verona","name":"","highway":"footway"}},{"type":"Feature","geometry":{"type":"LineString","coordinates":[[10.9932594,45.4389001],[10.9932773,45.439223],[10.9933622,45.4393351],[10.9934445,45.4394722]]},"properties":{"site":"verona","name":"Piazza Bra","highway":"pedestrian"}},{"type":"Feature","geometry":{"type":"LineString","coordinates":[[10.9926423,45.4382001],[10.9930197,45.4380786],[10.9932209,45.4381247],[10.9933426,45.4382116],[10.9934328,45.4383242],[10.9934033,45.4384654],[10.9933555,45.4386237],[10.9932451,45.4388286],[10.9931485,45.4389528],[10.9929852,45.4390194],[10.992765,45.4390206],[10.9924706,45.4388826],[10.9923259,45.4387717],[10.992144,45.4386263],[10.9921044,45.4385638],[10.9920978,45.4385256],[10.992097,45.4384577]]},"properties":{"site":"verona","name":"Piazza Bra","highway":"pedestrian"}},{"type":"Feature","geometry":{"type":"LineString","coordinates":[[11.0018535,45.4357015],[11.0017188,45.4357518],[11.0017209,45.4357923],[11.0017223,45.4358205],[11.0016217,45.4358495],[11.0016336,45.4361256],[11.0016829,45.4363697],[11.0016924,45.4363996],[11.0018488,45.4368627]]},"properties":{"site":"verona","name":"","highway":"footway"}},{"type":"Feature","geometry":{"type":"LineString","coordinates":[[11.0040269,45.4352966],[11.002601,45.4351243],[11.0022856,45.4352348],[11.0019312,45.4354432],[11.0018358,45.4355701]]},"properties":{"site":"verona","name":"","highway":"footway"}},{"type":"Feature","geometry":{"type":"LineString","coordinates":[[11.0014438,45.4348315],[11.0014966,45.4348432],[11.0015886,45.4348625],[11.0020558,45.434925],[11.002188,45.4349373],[11.0026844,45.4349837]]},"properties":{"site":"verona","name":"","highway":"footway"}},{"type":"Feature","geometry":{"type":"LineString","coordinates":[[11.0030516,45.4344957],[11.0029631,45.434539],[11.0026844,45.4349837],[11.004052,45.435145]]},"properties":{"site":"verona","name":"","highway":"footway"}},{"type":"Feature","geometry":{"type":"LineString","coordinates":[[11.0013815,45.4347751],[11.001391,45.4347935],[11.0014095,45.4348128],[11.0014438,45.4348315],[11.0014718,45.4348067],[11.0023184,45.4345985],[11.0029937,45.4344325],[11.0030194,45.4344262],[11.0030516,45.4344957],[11.003116,45.4345767],[11.0031776,45.43462],[11.0032082,45.4346402],[11.0033144,45.4347104],[11.0035532,45.4348119],[11.0037221,45.4348891],[11.0038804,45.4349625],[11.0039582,45.4350227],[11.0040064,45.4350716],[11.004052,45.435145],[11.0040564,45.4351913]]},"properties":{"site":"verona","name":"","highway":"footway"}},{"type":"Feature","geometry":{"type":"LineString","coordinates":[[11.0070074,45.4342653],[11.0067477,45.433662]]},"properties":{"site":"verona","name":"Viale Caduti Senza Croce","highway":"service"}},{"type":"Feature","geometry":{"type":"LineString","coordinates":[[11.0029836,45.4341252],[11.0033037,45.434046],[11.0033858,45.4342336],[11.0034727,45.4344167],[11.0031599,45.4345016]]},"properties":{"site":"verona","name":"","highway":"service"}},{"type":"Feature","geometry":{"type":"LineString","coordinates":[[11.0028394,45.4324656],[11.0031598,45.43239]]},"properties":{"site":"verona","name":"","highway":"service"}},{"type":"Feature","geometry":{"type":"LineString","coordinates":[[11.0028853,45.4325615],[11.0032071,45.4324837],[11.0031598,45.43239],[11.0031025,45.4322767],[11.0027876,45.4323572]]},"properties":{"site":"verona","name":"","highway":"service"}},{"type":"Feature","geometry":{"type":"LineString","coordinates":[[11.0030472,45.4343119],[11.0033858,45.4342336]]},"properties":{"site":"verona","name":"","highway":"service"}},{"type":"Feature","geometry":{"type":"LineString","coordinates":[[11.007503,45.4343068],[11.0074046,45.4342128],[11.0074601,45.4341839]]},"properties":{"site":"verona","name":"","highway":"service"}},{"type":"Feature","geometry":{"type":"LineString","coordinates":[[10.9885964,45.4310198],[10.9887265,45.4310706],[10.9887487,45.4310664],[10.9888394,45.4310492],[10.9889288,45.4309701],[10.9889137,45.4308951],[10.9889888,45.4307746],[10.9891175,45.4306993],[10.9893053,45.4305977],[10.9896915,45.4304396],[10.990303,45.4302664],[10.9904908,45.4301798],[10.9906678,45.4301271],[10.9908985,45.4301008],[10.9911506,45.4301233],[10.9914725,45.4300895],[10.9918695,45.4300556]]},"properties":{"site":"verona","name":"","highway":"service"}},{"type":"Feature","geometry":{"type":"LineString","coordinates":[[10.9963059,45.4362992],[10.996375,45.4363378],[10.9964502,45.4363798]]},"properties":{"site":"verona","name":"","highway":"service"}},{"type":"Feature","geometry":{"type":"LineString","coordinates":[[10.9962834,45.4355318],[10.9965076,45.4356334]]},"properties":{"site":"verona","name":"","highway":"service"}},{"type":"Feature","geometry":{"type":"LineString","coordinates":[[10.99636,45.4357191],[10.9962047,45.4356576]]},"properties":{"site":"verona","name":"","highway":"service"}},{"type":"Feature","geometry":{"type":"LineString","coordinates":[[10.996748,45.4348823],[10.9969463,45.434847]]},"properties":{"site":"verona","name":"","highway":"footway"}},{"type":"Feature","geometry":{"type":"LineString","coordinates":[[10.9911882,45.4401375],[10.991061,45.4400842],[10.9910983,45.4400261],[10.9911672,45.4399376]]},"properties":{"site":"verona","name":"Vicoletto Cieco Disciplina","highway":"service"}},{"type":"Feature","geometry":{"type":"LineString","coordinates":[[10.9863309,45.4414752],[10.9861089,45.4414745],[10.9860093,45.4414516],[10.9859559,45.4414155],[10.9859097,45.4413284]]},"properties":{"site":"verona","name":"","highway":"footway"}},{"type":"Feature","geometry":{"type":"LineString","coordinates":[[10.9863637,45.44151],[10.9863477,45.4415927],[10.9862885,45.441695],[10.9862816,45.441739]]},"properties":{"site":"verona","name":"","highway":"footway"}},{"type":"Feature","geometry":{"type":"LineString","coordinates":[[10.995706,45.441772],[10.9956657,45.4417557],[10.9955428,45.4417061],[10.9953689,45.4416516],[10.995243,45.4416165],[10.9950447,45.4415232]]},"properties":{"site":"verona","name":"Vicolo Balena","highway":"footway"}},{"type":"Feature","geometry":{"type":"LineString","coordinates":[[10.9954709,45.4410219],[10.9954562,45.4410452],[10.9953683,45.4411852],[10.9952303,45.4414101]]},"properties":{"site":"verona","name":"Vicolo Giuseppe Mazzini","highway":"footway"}},{"type":"Feature","geometry":{"type":"LineString","coordinates":[[10.9862816,45.441739],[10.9862819,45.4417842]]},"properties":{"site":"verona","name":"","highway":"steps"}},{"type":"Feature","geometry":{"type":"LineString","coordinates":[[10.9858534,45.4420243],[10.9857949,45.4419713],[10.9856747,45.4420388],[10.985632,45.4420533],[10.9855713,45.4420591],[10.9855246,45.4420511],[10.9854775,45.442034],[10.9854445,45.4420043],[10.9853184,45.4419013],[10.9852962,45.4418658],[10.9852913,45.4418405],[10.9852943,45.4418187],[10.9853089,45.4417791],[10.9853493,45.4417476],[10.9856403,45.4415854],[10.9856969,45.441568],[10.9857534,45.4415651],[10.9858127,45.4415738],[10.9858526,45.4415841],[10.9860043,45.4417187],[10.986023,45.4417457],[10.98603,45.4417751],[10.9860259,45.4418119],[10.986001,45.4418467],[10.9859721,45.4418719],[10.9857949,45.4419713]]},"properties":{"site":"verona","name":"","highway":"footway"}},{"type":"Feature","geometry":{"type":"LineString","coordinates":[[10.9982695,45.441873],[10.9982974,45.4418865]]},"properties":{"site":"verona","name":"Via Cappello","highway":"pedestrian"}},{"type":"Feature","geometry":{"type":"LineString","coordinates":[[10.9967623,45.440211],[10.9964709,45.4405101]]},"properties":{"site":"verona","name":"","highway":"service"}},{"type":"Feature","geometry":{"type":"LineString","coordinates":[[10.9966603,45.4405087],[10.9968821,45.44028]]},"properties":{"site":"verona","name":"","highway":"service"}},{"type":"Feature","geometry":{"type":"LineString","coordinates":[[10.9967859,45.4405749],[10.9970016,45.4403488]]},"properties":{"site":"verona","name":"","highway":"service"}},{"type":"Feature","geometry":{"type":"LineString","coordinates":[[11.0122628,45.4418753],[11.0122518,45.4418199],[11.0125582,45.4415293],[11.0125654,45.4414827],[11.0125358,45.4414345],[11.0124614,45.4414147],[11.0122511,45.4414031],[11.0120718,45.4414031],[11.011691,45.4414421],[11.0116469,45.4414416],[11.0116086,45.4414213],[11.0115956,45.4413833],[11.0116166,45.4413488],[11.0118478,45.4412667],[11.0120032,45.4411891],[11.0121217,45.4411629],[11.0122793,45.4411485],[11.0125409,45.4411577],[11.0125712,45.4411496],[11.0126001,45.4411333],[11.0126074,45.4411105],[11.0125951,45.4410831],[11.0125633,45.4410649],[11.0124296,45.4410365],[11.0122778,45.4410157],[11.0121875,45.4410121],[11.0119685,45.4410213],[11.0117755,45.4410471],[11.0116794,45.4410694],[11.0115674,45.4411125],[11.0114092,45.4411485],[11.0112472,45.4411859],[11.0110045,45.4412753],[11.0107886,45.4413976]]},"properties":{"site":"verona","name":"","highway":"footway"}},{"type":"Feature","geometry":{"type":"LineString","coordinates":[[10.994981,45.4464623],[10.9950374,45.4464996]]},"properties":{"site":"verona","name":"","highway":"steps"}},{"type":"Feature","geometry":{"type":"LineString","coordinates":[[10.9878344,45.4301724],[10.9879186,45.4302306],[10.9879741,45.4302561],[10.9880424,45.4302785],[10.9881045,45.4302938],[10.9881722,45.4302985],[10.9882144,45.4302957],[10.9882272,45.4303446],[10.988244,45.4303931],[10.9882366,45.4304063],[10.9882258,45.4304199],[10.9882272,45.4304528],[10.9882386,45.4304684],[10.9882782,45.4304905]]},"properties":{"site":"verona","name":"","highway":"footway"}},{"type":"Feature","geometry":{"type":"LineString","coordinates":[[10.9858281,45.4336783],[10.9858555,45.4337082],[10.9859886,45.4338328],[10.986111,45.4339231],[10.9862983,45.4340281],[10.9872664,45.4344815],[10.987411,45.4345375],[10.9875042,45.4345575],[10.9876123,45.4345637],[10.9877408,45.4345629],[10.9878009,45.434551],[10.9879568,45.434491]]},"properties":{"site":"verona","name":"","highway":"footway"}},{"type":"Feature","geometry":{"type":"LineString","coordinates":[[10.9880215,45.4345469],[10.9877521,45.434623],[10.9877042,45.4348186],[10.9879874,45.4348896],[10.9882371,45.4349873],[10.9883245,45.4350215],[10.9885936,45.4351508],[10.9894201,45.4355475]]},"properties":{"site":"verona","name":"","highway":"footway"}},{"type":"Feature","geometry":{"type":"LineString","coordinates":[[10.985199,45.4332323],[10.9853237,45.4334102],[10.9853736,45.4334814]]},"properties":{"site":"verona","name":"","highway":"service"}},{"type":"Feature","geometry":{"type":"LineString","coordinates":[[10.9855629,45.4333887],[10.9858281,45.4336783]]},"properties":{"site":"verona","name":"","highway":"footway"}},{"type":"Feature","geometry":{"type":"LineString","coordinates":[[10.985463,45.4332808],[10.9854913,45.433311],[10.9855135,45.4333347],[10.9855629,45.4333887]]},"properties":{"site":"verona","name":"","highway":"footway"}},{"type":"Feature","geometry":{"type":"LineString","coordinates":[[10.9851053,45.4332329],[10.9851296,45.4332406],[10.985156,45.4332427],[10.9851821,45.433239],[10.985199,45.4332323],[10.9852052,45.4332299],[10.9852232,45.4332161],[10.9852344,45.4331992],[10.9852375,45.4331806],[10.9852324,45.4331623],[10.9852195,45.433146],[10.9851976,45.4331322],[10.9851703,45.4331244],[10.9851409,45.4331236],[10.9851129,45.4331298],[10.9850895,45.4331423],[10.9850736,45.4331597],[10.985067,45.4331799],[10.9850706,45.4332004]]},"properties":{"site":"verona","name":"","highway":"service"}},{"type":"Feature","geometry":{"type":"LineString","coordinates":[[10.9847204,45.4331736],[10.9851807,45.4329788],[10.985463,45.4332808]]},"properties":{"site":"verona","name":"","highway":"footway"}},{"type":"Feature","geometry":{"type":"LineString","coordinates":[[10.9873345,45.4347666],[10.9875442,45.4347961]]},"properties":{"site":"verona","name":"","highway":"footway"}},{"type":"Feature","geometry":{"type":"LineString","coordinates":[[10.9971004,45.4355181],[10.9977172,45.4353414],[10.99834,45.4351548],[10.9989711,45.4349728],[10.9992507,45.4348955],[10.9991991,45.4347999],[10.9991617,45.4347341],[10.9983611,45.4349779],[10.9974532,45.4352367],[10.9974826,45.4352857],[10.9974626,45.4352916],[10.9973358,45.4353289],[10.9973164,45.4353346],[10.9972828,45.4352805],[10.9969663,45.4353468],[10.9970059,45.4354156],[10.9970334,45.4354635],[10.9971004,45.4355181]]},"properties":{"site":"verona","name":"Via Giardini San Josemaria Escrivá de Balaguer","highway":"pedestrian"}},{"type":"Feature","geometry":{"type":"LineString","coordinates":[[10.9982945,45.4350824],[10.99834,45.4351548],[10.9983512,45.4351725],[10.9983793,45.435217],[10.9984196,45.4352811]]},"properties":{"site":"verona","name":"","highway":"footway"}},{"type":"Feature","geometry":{"type":"LineString","coordinates":[[10.997669,45.4352625],[10.9977172,45.4353414],[10.9977279,45.4353591],[10.9977542,45.4354025],[10.9977781,45.435442]]},"properties":{"site":"verona","name":"","highway":"footway"}},{"type":"Feature","geometry":{"type":"LineString","coordinates":[[11.0033037,45.434046],[11.0033295,45.433877],[11.0033494,45.4337156],[11.0033137,45.4335041],[11.0032304,45.4333314]]},"properties":{"site":"verona","name":"","highway":"footway"}},{"type":"Feature","geometry":{"type":"LineString","coordinates":[[10.9931561,45.4418961],[10.9932759,45.4418851],[10.9933076,45.4418995],[10.9933301,45.4419098],[10.9933497,45.4419187],[10.9933806,45.4419327]]},"properties":{"site":"verona","name":"Corso Porta Borsari","highway":"pedestrian"}},{"type":"Feature","geometry":{"type":"LineString","coordinates":[[10.9883639,45.43938],[10.988209,45.439306],[10.9881882,45.4393305],[10.9881419,45.439382],[10.9880713,45.4394633]]},"properties":{"site":"verona","name":"","highway":"footway"}},{"type":"Feature","geometry":{"type":"LineString","coordinates":[[10.9865375,45.442056],[10.9865523,45.4420242],[10.9865809,45.4420029],[10.9866192,45.4419912],[10.9866609,45.4419913],[10.9866998,45.4420033],[10.9867285,45.4420254],[10.9867419,45.4420536],[10.9867379,45.4420833],[10.9867171,45.4421093],[10.986683,45.4421272],[10.9866416,45.4421339],[10.9865998,45.4421282],[10.986565,45.4421111],[10.9865429,45.4420856],[10.9865375,45.442056]]},"properties":{"site":"verona","name":"","highway":"footway"}},{"type":"Feature","geometry":{"type":"LineString","coordinates":[[10.9864125,45.44206],[10.9865375,45.442056]]},"properties":{"site":"verona","name":"","highway":"footway"}},{"type":"Feature","geometry":{"type":"LineString","coordinates":[[10.9865523,45.4420242],[10.9863048,45.4418498]]},"properties":{"site":"verona","name":"","highway":"footway"}},{"type":"Feature","geometry":{"type":"LineString","coordinates":[[10.987022,45.4417358],[10.987066,45.4417385],[10.9872804,45.441755],[10.9873232,45.441758]]},"properties":{"site":"verona","name":"","highway":"footway"}},{"type":"Feature","geometry":{"type":"LineString","coordinates":[[10.9869586,45.4421667],[10.9869949,45.4421677],[10.9871901,45.4421798],[10.9872315,45.4421833]]},"properties":{"site":"verona","name":"","highway":"footway"}},{"type":"Feature","geometry":{"type":"LineString","coordinates":[[10.986922,45.4415606],[10.9868874,45.4416052],[10.9868833,45.4416104]]},"properties":{"site":"verona","name":"","highway":"footway"}},{"type":"Feature","geometry":{"type":"LineString","coordinates":[[10.9858527,45.4413383],[10.9859097,45.4413284],[10.9859821,45.4413205],[10.9866942,45.4413101],[10.9869918,45.4413197],[10.9870763,45.4413737],[10.9870429,45.4415981],[10.987022,45.4417358],[10.9869586,45.4421667],[10.9869381,45.4422055],[10.9868866,45.4422407],[10.9868092,45.4422664],[10.9867251,45.4422807],[10.9865808,45.4422861],[10.9856829,45.4423197],[10.9856123,45.4423121],[10.9855391,45.4422911],[10.9854661,45.4422419],[10.9855003,45.4422217]]},"properties":{"site":"verona","name":"","highway":"footway"}},{"type":"Feature","geometry":{"type":"LineString","coordinates":[[11.0116042,45.4439861],[11.0115938,45.4439278]]},"properties":{"site":"verona","name":"","highway":"steps"}},{"type":"Feature","geometry":{"type":"LineString","coordinates":[[10.9939294,45.4360488],[10.9939967,45.4360672],[10.9940416,45.4360932],[10.9941557,45.4362308],[10.9941572,45.4362324],[10.9941572,45.4362504]]},"properties":{"site":"verona","name":"","highway":"service"}},{"type":"Feature","geometry":{"type":"LineString","coordinates":[[10.9938812,45.4359534],[10.9939294,45.4360488],[10.9938138,45.4361202]]},"properties":{"site":"verona","name":"","highway":"service"}},{"type":"Feature","geometry":{"type":"LineString","coordinates":[[10.9984268,45.4304114],[10.9985415,45.4303788],[10.9989223,45.430284],[10.9990859,45.430248],[10.9999318,45.430049]]},"properties":{"site":"verona","name":"","highway":"service"}},{"type":"Feature","geometry":{"type":"LineString","coordinates":[[11.0077993,45.4461997],[11.007756,45.4460617],[11.0077318,45.445862],[11.0077129,45.4457089],[11.0076658,45.4454992],[11.0076589,45.4454255]]},"properties":{"site":"verona","name":"","highway":"steps"}},{"type":"Feature","geometry":{"type":"LineString","coordinates":[[10.9922442,45.4409284],[10.9922327,45.4408095],[10.9921819,45.4407596],[10.9920924,45.4407054],[10.9921819,45.4405927]]},"properties":{"site":"verona","name":"Piazzetta Santi Apostoli","highway":"service"}},{"type":"Feature","geometry":{"type":"LineString","coordinates":[[10.9935425,45.4415251],[10.9933452,45.4414404],[10.9932343,45.4414075]]},"properties":{"site":"verona","name":"","highway":"pedestrian"}},{"type":"Feature","geometry":{"type":"LineString","coordinates":[[10.9930252,45.4417044],[10.9931816,45.4418224],[10.9932238,45.4417895],[10.9932406,45.4417751],[10.9933412,45.4416944],[10.9931333,45.4415862],[10.9930583,45.4416761],[10.9930459,45.4416888],[10.9930252,45.4417044]]},"properties":{"site":"verona","name":"Largo Guido Gonella","highway":"pedestrian"}},{"type":"Feature","geometry":{"type":"LineString","coordinates":[[10.9954434,45.4420028],[10.9954765,45.4420163]]},"properties":{"site":"verona","name":"Galleria Pellicciai","highway":"pedestrian"}},{"type":"Feature","geometry":{"type":"LineString","coordinates":[[10.9951965,45.4418859],[10.9952641,45.4419179],[10.9954434,45.4420028]]},"properties":{"site":"verona","name":"Galleria Pellicciai","highway":"pedestrian"}},{"type":"Feature","geometry":{"type":"LineString","coordinates":[[10.995002,45.44179],[10.9951965,45.4418859]]},"properties":{"site":"verona","name":"Galleria Pellicciai","highway":"pedestrian"}},{"type":"Feature","geometry":{"type":"LineString","coordinates":[[10.9948443,45.4417114],[10.9948598,45.4417191],[10.995002,45.44179]]},"properties":{"site":"verona","name":"Galleria Pellicciai","highway":"pedestrian"}},{"type":"Feature","geometry":{"type":"LineString","coordinates":[[10.9946567,45.4416195],[10.9948443,45.4417114]]},"properties":{"site":"verona","name":"Galleria Pellicciai","highway":"pedestrian"}},{"type":"Feature","geometry":{"type":"LineString","coordinates":[[10.9946017,45.4415905],[10.9946567,45.4416195]]},"properties":{"site":"verona","name":"Galleria Pellicciai","highway":"pedestrian"}},{"type":"Feature","geometry":{"type":"LineString","coordinates":[[10.9949806,45.4460994],[10.9948711,45.4462043],[10.9947707,45.4461516],[10.9947154,45.446083],[10.9947513,45.4459842]]},"properties":{"site":"verona","name":"Piazzetta Santa Maria in Solaro","highway":"service"}},{"type":"Feature","geometry":{"type":"LineString","coordinates":[[10.9943842,45.4424224],[10.9945571,45.4422477],[10.9946492,45.4422861]]},"properties":{"site":"verona","name":"Vicoletto Cieco Padovano","highway":"pedestrian"}},{"type":"Feature","geometry":{"type":"LineString","coordinates":[[10.9944471,45.4424536],[10.9941944,45.4426909],[10.9941678,45.4426934],[10.994042,45.4426465],[10.9940245,45.44264]]},"properties":{"site":"verona","name":"Vicolo Cieco Monachine","highway":"pedestrian"}},{"type":"Feature","geometry":{"type":"LineString","coordinates":[[10.9942964,45.4423786],[10.9942554,45.4424182],[10.9941799,45.4424907]]},"properties":{"site":"verona","name":"","highway":"pedestrian"}},{"type":"Feature","geometry":{"type":"LineString","coordinates":[[10.9958695,45.4436101],[10.9957476,45.4437189]]},"properties":{"site":"verona","name":"Corticella Sgarzarie","highway":"pedestrian"}},{"type":"Feature","geometry":{"type":"LineString","coordinates":[[10.9954548,45.4437771],[10.9956897,45.4438939],[10.9957167,45.4438712],[10.9956385,45.443836],[10.9957432,45.4437236],[10.9956612,45.4436853],[10.9955711,45.4437896],[10.9954787,45.443749],[10.9954548,45.4437771]]},"properties":{"site":"verona","name":"Corticella Sgarzarie","highway":"pedestrian"}},{"type":"Feature","geometry":{"type":"LineString","coordinates":[[10.9956153,45.4438608],[10.9956093,45.4438669],[10.9955135,45.4439645],[10.9955007,45.4439774]]},"properties":{"site":"verona","name":"Corticella Sgarzarie","highway":"pedestrian"}},{"type":"Feature","geometry":{"type":"LineString","coordinates":[[10.9971178,45.4442824],[10.996794,45.4441699],[10.9967604,45.4441471],[10.9966181,45.4440123],[10.9965877,45.4440123],[10.9964197,45.4441562]]},"properties":{"site":"verona","name":"Vicolo Raggiri","highway":"pedestrian"}},{"type":"Feature","geometry":{"type":"LineString","coordinates":[[10.9972378,45.4436634],[10.9973764,45.4437356],[10.9973855,45.4437584],[10.9972725,45.4438779]]},"properties":{"site":"verona","name":"Vicoletto Mazzanti","highway":"pedestrian"}},{"type":"Feature","geometry":{"type":"LineString","coordinates":[[10.9975138,45.443338],[10.9973331,45.4432318]]},"properties":{"site":"verona","name":"Volto Barbaro","highway":"pedestrian"}},{"type":"Feature","geometry":{"type":"LineString","coordinates":[[10.9990814,45.4430327],[10.9990346,45.4430767]]},"properties":{"site":"verona","name":"","highway":"pedestrian"}},{"type":"Feature","geometry":{"type":"LineString","coordinates":[[10.9989182,45.4429493],[10.9988768,45.4429888]]},"properties":{"site":"verona","name":"","highway":"pedestrian"}},{"type":"Feature","geometry":{"type":"LineString","coordinates":[[10.998574,45.4433041],[10.9984345,45.443441]]},"properties":{"site":"verona","name":"Cortile del Tribunale","highway":"pedestrian"}},{"type":"Feature","geometry":{"type":"LineString","coordinates":[[10.998641,45.4435772],[10.9985127,45.4435118]]},"properties":{"site":"verona","name":"Via Santa Maria Antica","highway":"pedestrian"}},{"type":"Feature","geometry":{"type":"LineString","coordinates":[[10.998641,45.4435772],[10.9987602,45.4434713],[10.9987836,45.443431]]},"properties":{"site":"verona","name":"Via Santa Maria Antica","highway":"pedestrian"}},{"type":"Feature","geometry":{"type":"LineString","coordinates":[[10.9978826,45.4431732],[10.9979818,45.4430587],[10.997989,45.44305]]},"properties":{"site":"verona","name":"Ingresso Mercato vecchio","highway":"pedestrian"}},{"type":"Feature","geometry":{"type":"LineString","coordinates":[[10.9987836,45.443431],[10.9988795,45.4433432]]},"properties":{"site":"verona","name":"Via Santa Maria Antica","highway":"pedestrian"}},{"type":"Feature","geometry":{"type":"LineString","coordinates":[[10.998725,45.4430416],[10.9987043,45.4430314],[10.9986646,45.4430111],[10.998561,45.4429582]]},"properties":{"site":"verona","name":"","highway":"pedestrian"}},{"type":"Feature","geometry":{"type":"LineString","coordinates":[[10.998561,45.4429582],[10.9985265,45.442941]]},"properties":{"site":"verona","name":"","highway":"pedestrian"}},{"type":"Feature","geometry":{"type":"LineString","coordinates":[[10.9981019,45.4428501],[10.9982768,45.4429119]]},"properties":{"site":"verona","name":"","highway":"pedestrian"}},{"type":"Feature","geometry":{"type":"LineString","coordinates":[[10.9984481,45.4429736],[10.9984804,45.4429865]]},"properties":{"site":"verona","name":"","highway":"pedestrian"}},{"type":"Feature","geometry":{"type":"LineString","coordinates":[[10.9978302,45.4429088],[10.9976449,45.442846]]},"properties":{"site":"verona","name":"Volto Mercato Vecchio","highway":"pedestrian"}},{"type":"Feature","geometry":{"type":"LineString","coordinates":[[10.9979653,45.4430268],[10.997812,45.4429642]]},"properties":{"site":"verona","name":"Scala della Ragione","highway":"steps"}},{"type":"Feature","geometry":{"type":"LineString","coordinates":[[10.9986653,45.4445924],[10.998685,45.4445713],[10.998703,45.4445535],[10.9988512,45.4444083]]},"properties":{"site":"verona","name":"Corso Sant'Anastasia","highway":"pedestrian"}},{"type":"Feature","geometry":{"type":"LineString","coordinates":[[10.9982974,45.4418865],[10.9984438,45.4419599]]},"properties":{"site":"verona","name":"Via Cappello","highway":"pedestrian"}},{"type":"Feature","geometry":{"type":"LineString","coordinates":[[10.9984438,45.4419599],[10.9985576,45.4420212]]},"properties":{"site":"verona","name":"Via Cappello","highway":"pedestrian"}},{"type":"Feature","geometry":{"type":"LineString","coordinates":[[10.9950036,45.4444454],[10.9948792,45.4445128],[10.9947831,45.4445953]]},"properties":{"site":"verona","name":"","highway":"pedestrian"}},{"type":"Feature","geometry":{"type":"LineString","coordinates":[[10.99457,45.4445024],[10.9946398,45.4444195],[10.9947239,45.4444608],[10.9947526,45.4444396],[10.9948792,45.4445128],[10.9947831,45.4445953],[10.99457,45.4445024]]},"properties":{"site":"verona","name":"Corte San Mamaso","highway":"pedestrian"}},{"type":"Feature","geometry":{"type":"LineString","coordinates":[[10.9968459,45.4406877],[10.997702,45.4411382]]},"properties":{"site":"verona","name":"Via Stella","highway":"pedestrian"}},{"type":"Feature","geometry":{"type":"LineString","coordinates":[[10.9969144,45.4353461],[10.9969888,45.4353271]]},"properties":{"site":"verona","name":"","highway":"footway"}},{"type":"Feature","geometry":{"type":"LineString","coordinates":[[10.9969888,45.4353271],[10.997144,45.4352958]]},"properties":{"site":"verona","name":"","highway":"steps"}},{"type":"Feature","geometry":{"type":"LineString","coordinates":[[10.997144,45.4352958],[10.9972611,45.435266],[10.997354,45.4352424]]},"properties":{"site":"verona","name":"","highway":"footway"}},{"type":"Feature","geometry":{"type":"LineString","coordinates":[[10.9969516,45.4336939],[10.9969837,45.4336757],[10.9971419,45.4335859],[10.9971703,45.4335712],[10.9975091,45.4334748],[10.9975215,45.433495]]},"properties":{"site":"verona","name":"","highway":"footway"}},{"type":"Feature","geometry":{"type":"LineString","coordinates":[[11.0074611,45.4476858],[11.0076417,45.4476729]]},"properties":{"site":"verona","name":"","highway":"steps"}},{"type":"Feature","geometry":{"type":"LineString","coordinates":[[11.0016784,45.448244],[11.0017102,45.4482159]]},"properties":{"site":"verona","name":"Scalone Volto San Bartolomeo","highway":"steps"}},{"type":"Feature","geometry":{"type":"LineString","coordinates":[[11.0020207,45.4478803],[11.0020031,45.447874],[11.0018265,45.4479175],[11.0018244,45.4478677],[11.0017658,45.4478711],[11.0017658,45.4479466],[11.0017106,45.4479523],[11.001693,45.4477849],[11.0016685,45.4477849]]},"properties":{"site":"verona","name":"","highway":"steps"}},{"type":"Feature","geometry":{"type":"LineString","coordinates":[[10.9869879,45.4347525],[10.9869269,45.4348186],[10.9868311,45.4349227]]},"properties":{"site":"verona","name":"","highway":"footway"}},{"type":"Feature","geometry":{"type":"LineString","coordinates":[[10.9878344,45.4301724],[10.9879272,45.4301032]]},"properties":{"site":"verona","name":"","highway":"steps"}},{"type":"Feature","geometry":{"type":"LineString","coordinates":[[10.9887677,45.4307775],[10.9888156,45.4306903],[10.9888821,45.4305791],[10.9889274,45.4305354],[10.9891921,45.4304172],[10.9893449,45.4303605],[10.9899532,45.4302296],[10.9904776,45.430104],[10.9906411,45.4300634],[10.9909935,45.430009],[10.9912564,45.4299631],[10.9924306,45.4298557],[10.9927327,45.4298343],[10.9933523,45.429837],[10.9936469,45.4299082],[10.9938222,45.4299727],[10.9939217,45.430042],[10.9941289,45.430174],[10.9943768,45.4305214],[10.9943519,45.4305353]]},"properties":{"site":"verona","name":"","highway":"footway"}},{"type":"Feature","geometry":{"type":"LineString","coordinates":[[10.9878344,45.4301724],[10.9877864,45.4300981],[10.9877172,45.4299732],[10.9876887,45.4299111],[10.9875914,45.4297106],[10.9875612,45.4296502],[10.9875638,45.4296153],[10.9875719,45.4295531],[10.9875757,45.4295045]]},"properties":{"site":"verona","name":"","highway":"footway"}},{"type":"Feature","geometry":{"type":"LineString","coordinates":[[11.0089845,45.4444976],[11.0089589,45.4446528],[11.0089839,45.4447842],[11.0089139,45.4450927],[11.0088939,45.4454836],[11.0088864,45.4456782],[11.0090838,45.4459885],[11.0091638,45.4462339],[11.0093861,45.4467317],[11.0094811,45.4468579],[11.0096984,45.4468965],[11.0099808,45.4469946],[11.0101207,45.4471752],[11.0101681,45.4472856],[11.0100957,45.4474398],[11.0099982,45.4475695],[11.0098783,45.4477343],[11.0098608,45.4478553],[11.0099957,45.4481445],[11.0100532,45.4484652],[11.0101157,45.4487246],[11.0104829,45.4507824],[11.0105729,45.4509629],[11.0107453,45.451154],[11.0107578,45.4512504],[11.0107328,45.451331],[11.0106753,45.4513836],[11.0105854,45.4514432],[11.0102706,45.4516658],[11.0101157,45.451855],[11.0098733,45.4523143],[11.0097634,45.4526385],[11.0097809,45.4527104],[11.0098783,45.4527927],[11.0099658,45.452833],[11.0102789,45.452859],[11.0105403,45.4528406]]},"properties":{"site":"verona","name":"","highway":"track"}},{"type":"Feature","geometry":{"type":"LineString","coordinates":[[11.0102572,45.4539325],[11.0102034,45.4537949],[11.0102469,45.4537118],[11.0106577,45.4532711],[11.0106588,45.4531671],[11.0106045,45.4530762],[11.0102789,45.452859],[11.0101599,45.4527796],[11.0101917,45.4526681],[11.0102687,45.4523983],[11.0104402,45.4519966],[11.0105191,45.4518392],[11.0105157,45.4517898],[11.0105113,45.4517271],[11.0107047,45.4515305],[11.0108705,45.4513925],[11.0109143,45.4512496],[11.0108959,45.4510618],[11.010793,45.4509118],[11.0107293,45.4508003],[11.0106793,45.4505556],[11.0106408,45.4503575],[11.0106311,45.450205],[11.0105779,45.4499507],[11.0106166,45.4498745],[11.0105514,45.4496931],[11.0104765,45.449388],[11.0104016,45.4493117],[11.0104209,45.4491388],[11.0103532,45.448932],[11.0102977,45.4488117],[11.0102977,45.4487439],[11.0102687,45.4484506],[11.0102058,45.4482964],[11.010201,45.448071],[11.0101309,45.4479082],[11.0101599,45.4477438],[11.0102469,45.447654],[11.0102614,45.4474929],[11.010288,45.4474082],[11.0102614,45.4473472],[11.0102445,45.4471404],[11.0101213,45.4470302],[11.0101406,45.4468759],[11.0100512,45.4467946],[11.0099811,45.4467098],[11.0098773,45.446642],[11.0097081,45.446564],[11.0095462,45.4465657],[11.0094375,45.4464928],[11.0093626,45.4464301],[11.009336,45.4463572],[11.0093022,45.4462538],[11.009266,45.4461165],[11.0091717,45.4459419],[11.0091476,45.445825],[11.009092,45.4456639],[11.0090413,45.4455893],[11.0090292,45.4455131],[11.0090628,45.4454784],[11.0091162,45.4454256],[11.0091393,45.4453212],[11.0091959,45.4452012],[11.0092201,45.4450774],[11.0092048,45.4450144],[11.0091925,45.4449126],[11.0092176,45.4447977],[11.009092,45.4447469],[11.0090437,45.4446485],[11.0091341,45.4446159],[11.0091254,45.4445407]]},"properties":{"site":"verona","name":"","highway":"path"}},{"type":"Feature","geometry":{"type":"LineString","coordinates":[[11.0092175,45.4445615],[11.0093237,45.4445376],[11.0093287,45.4444547],[11.0093336,45.4441725],[11.0093461,45.4439902],[11.009536,45.4437447],[11.0096934,45.4435256],[11.0098506,45.4434752]]},"properties":{"site":"verona","name":"","highway":"track"}},{"type":"Feature","geometry":{"type":"LineString","coordinates":[[11.0097603,45.4436519],[11.0097776,45.443577]]},"properties":{"site":"verona","name":"","highway":"steps"}},{"type":"Feature","geometry":{"type":"LineString","coordinates":[[11.0017296,45.4482771],[11.0016911,45.4483044],[11.0016241,45.4483514],[11.0016858,45.44847],[11.0017582,45.4485433],[11.001906,45.4486514]]},"properties":{"site":"verona","name":"","highway":"footway"}},{"type":"Feature","geometry":{"type":"LineString","coordinates":[[11.0019564,45.4487394],[11.0018923,45.4487409],[11.0019325,45.4488237],[11.0020009,45.4488791],[11.002013,45.4489027],[11.0020424,45.4490261],[11.0020532,45.4490458],[11.0020671,45.4490615],[11.0023563,45.4492283],[11.0026004,45.4494259],[11.0026208,45.449436],[11.0026465,45.449445],[11.0026731,45.4494457],[11.0027048,45.4494415],[11.0027246,45.4494277],[11.0027394,45.4494124],[11.0027473,45.449393],[11.0027426,45.4493694],[11.0024843,45.4489977],[11.0024743,45.4489742],[11.0024797,45.4489573],[11.0024958,45.448946],[11.0025226,45.4489441],[11.0025486,45.4489561],[11.002882,45.4492452],[11.0029084,45.4492536],[11.0029341,45.4492508],[11.0029431,45.4492435],[11.0029519,45.4492363],[11.0029519,45.4492175],[11.0027131,45.4488519],[11.0027018,45.4488264],[11.0026969,45.4487966],[11.0026945,45.4487406]]},"properties":{"site":"verona","name":"","highway":"footway"}},{"type":"Feature","geometry":{"type":"LineString","coordinates":[[11.001906,45.4486514],[11.0019564,45.4487394]]},"properties":{"site":"verona","name":"","highway":"footway"}},{"type":"Feature","geometry":{"type":"LineString","coordinates":[[11.0016241,45.4483514],[11.0015704,45.4483909],[11.0015517,45.4484417],[11.0015517,45.4485038],[11.0015892,45.4485678],[11.0016616,45.4486167],[11.0017164,45.4486283],[11.0017805,45.4486438],[11.0018424,45.4486537],[11.001906,45.4486514]]},"properties":{"site":"verona","name":"","highway":"footway"}},{"type":"Feature","geometry":{"type":"LineString","coordinates":[[11.0046176,45.4331446],[11.0049643,45.4338594],[11.0053074,45.4345667]]},"properties":{"site":"verona","name":"","highway":"footway"}},{"type":"Feature","geometry":{"type":"LineString","coordinates":[[11.0047912,45.4313637],[11.0050721,45.4319408],[11.005397,45.4326026]]},"properties":{"site":"verona","name":"","highway":"footway"}},{"type":"Feature","geometry":{"type":"LineString","coordinates":[[11.0039267,45.4341163],[11.0049643,45.4338594],[11.0059757,45.43362]]},"properties":{"site":"verona","name":"","highway":"footway"}},{"type":"Feature","geometry":{"type":"LineString","coordinates":[[11.0062078,45.4323467],[11.005456,45.432531],[11.0054152,45.432566],[11.005397,45.4326026],[11.0053993,45.4326488],[11.0048434,45.4327889],[11.0046981,45.4327284],[11.0045529,45.4326934],[11.0044261,45.4327076],[11.004301,45.432765],[11.0042443,45.432824],[11.0042034,45.4329036],[11.0041853,45.4329418],[11.0037088,45.4330533],[11.0036498,45.4330198],[11.0036634,45.4328765],[11.0036634,45.4327029],[11.0036475,45.4325755],[11.0036044,45.4324338],[11.0036475,45.4324083],[11.0035876,45.4322886],[11.003525,45.4321679],[11.0034637,45.432179],[11.0033979,45.4320373],[11.0032731,45.4318988],[11.0030462,45.4317157],[11.0030121,45.4316233],[11.0035182,45.4315023],[11.0035635,45.4315851],[11.00385,45.4315389],[11.0047027,45.431316],[11.0047571,45.4313462],[11.0047912,45.4313637],[11.0048343,45.4313781],[11.0056433,45.4311927]]},"properties":{"site":"verona","name":"","highway":"footway"}},{"type":"Feature","geometry":{"type":"LineString","coordinates":[[11.00385,45.4315389],[11.0041615,45.4321541],[11.0044261,45.4327076],[11.0044389,45.4327344]]},"properties":{"site":"verona","name":"","highway":"footway"}},{"type":"Feature","geometry":{"type":"LineString","coordinates":[[11.0056433,45.4311927],[11.005953,45.4311217],[11.0061254,45.4314975],[11.0058304,45.4315707],[11.0057931,45.4314826],[11.0056433,45.4311927]]},"properties":{"site":"verona","name":"","highway":"footway"}},{"type":"Feature","geometry":{"type":"LineString","coordinates":[[11.0062078,45.4323467],[11.0060392,45.4320056],[11.0060078,45.4319421],[11.0063241,45.4318651],[11.0065241,45.4322697],[11.0062078,45.4323467]]},"properties":{"site":"verona","name":"","highway":"footway"}},{"type":"Feature","geometry":{"type":"LineString","coordinates":[[11.0034944,45.4323104],[11.0035876,45.4322886],[11.0041615,45.4321541],[11.0050721,45.4319408],[11.0055187,45.4318361],[11.0056201,45.4318134]]},"properties":{"site":"verona","name":"","highway":"footway"}},{"type":"Feature","geometry":{"type":"LineString","coordinates":[[11.0057931,45.4314826],[11.0055733,45.4315209],[11.0054433,45.4316931],[11.0055187,45.4318361],[11.0055941,45.4319791],[11.005846,45.4320534],[11.0060392,45.4320056]]},"properties":{"site":"verona","name":"","highway":"footway"}},{"type":"Feature","geometry":{"type":"LineString","coordinates":[[11.0018923,45.4487409],[11.0018424,45.4486537]]},"properties":{"site":"verona","name":"","highway":"footway"}},{"type":"Feature","geometry":{"type":"LineString","coordinates":[[11.0016616,45.4486167],[11.0015995,45.4486471],[11.0015705,45.4486195],[11.0015428,45.4485692],[11.00152,45.4485166],[11.0015517,45.4485038]]},"properties":{"site":"verona","name":"","highway":"footway"}},{"type":"Feature","geometry":{"type":"LineString","coordinates":[[11.0027945,45.4478608],[11.003073,45.4475966],[11.0034439,45.4477866],[11.0032911,45.4479476],[11.0033898,45.4480103]]},"properties":{"site":"verona","name":"Piazzale Castel San Pietro","highway":"service"}},{"type":"Feature","geometry":{"type":"LineString","coordinates":[[10.9903367,45.4411492],[10.9903512,45.441135]]},"properties":{"site":"verona","name":"","highway":"steps"}},{"type":"Feature","geometry":{"type":"LineString","coordinates":[[10.9909771,45.4414489],[10.9909991,45.4414267]]},"properties":{"site":"verona","name":"","highway":"steps"}},{"type":"Feature","geometry":{"type":"LineString","coordinates":[[10.987705,45.4392783],[10.9877792,45.4393079],[10.9880713,45.4394633]]},"properties":{"site":"verona","name":"","highway":"footway"}},{"type":"Feature","geometry":{"type":"LineString","coordinates":[[10.9924756,45.4397636],[10.9924579,45.4397952]]},"properties":{"site":"verona","name":"Galleria Rivoli","highway":"footway"}},{"type":"Feature","geometry":{"type":"LineString","coordinates":[[10.9926584,45.4394426],[10.9925566,45.4396157],[10.9925115,45.4396935],[10.9924756,45.4397636]]},"properties":{"site":"verona","name":"Galleria Rivoli","highway":"footway"}},{"type":"Feature","geometry":{"type":"LineString","coordinates":[[11.0008754,45.4438863],[11.0008754,45.4443952],[11.0008618,45.4449223]]},"properties":{"site":"verona","name":"Lungadige Tullio Donatelli","highway":"pedestrian"}},{"type":"Feature","geometry":{"type":"LineString","coordinates":[[11.0017102,45.4482159],[11.0017406,45.4481881]]},"properties":{"site":"verona","name":"Scalone Volto San Bartolomeo","highway":"steps"}},{"type":"Feature","geometry":{"type":"LineString","coordinates":[[11.0017406,45.4481881],[11.0018374,45.4481187],[11.0016629,45.4480349],[11.0016804,45.448021],[11.0016241,45.4480154],[11.0015798,45.4480582],[11.0015436,45.4480417]]},"properties":{"site":"verona","name":"Scalone Volto San Bartolomeo","highway":"steps"}},{"type":"Feature","geometry":{"type":"LineString","coordinates":[[11.0015436,45.4480417],[11.0013518,45.4482327]]},"properties":{"site":"verona","name":"Scalone Volto San Bartolomeo","highway":"footway"}},{"type":"Feature","geometry":{"type":"LineString","coordinates":[[11.0013518,45.4482327],[11.0012598,45.448198]]},"properties":{"site":"verona","name":"Scalone Volto San Bartolomeo","highway":"steps"}},{"type":"Feature","geometry":{"type":"LineString","coordinates":[[11.000423,45.4486549],[11.0004492,45.4486566],[11.000735,45.4486715]]},"properties":{"site":"verona","name":"","highway":"service"}},{"type":"Feature","geometry":{"type":"LineString","coordinates":[[10.9996541,45.4494803],[10.9994985,45.4494854],[10.9993503,45.4495083],[10.99926,45.4495397]]},"properties":{"site":"verona","name":"Via Cigno","highway":"pedestrian"}},{"type":"Feature","geometry":{"type":"LineString","coordinates":[[10.9966066,45.4503828],[10.9966361,45.4502452],[10.996623,45.4501961],[10.9966002,45.4501573],[10.9965188,45.4501241],[10.9962567,45.4500487],[10.9960157,45.4499871],[10.9952503,45.4497597],[10.9950728,45.4496546],[10.995011,45.4496444],[10.9949328,45.4496375],[10.9948188,45.4496112],[10.9947358,45.4495619],[10.9946918,45.4495358],[10.9946071,45.4494136],[10.9946071,45.4493428],[10.9946299,45.4492628],[10.9946609,45.4492114],[10.9947341,45.4491634],[10.9948221,45.4491326],[10.9949667,45.4491087],[10.9949834,45.4491059]]},"properties":{"site":"verona","name":"","highway":"footway"}},{"type":"Feature","geometry":{"type":"LineString","coordinates":[[11.0007322,45.445529],[11.0007138,45.4457672],[11.0006845,45.4458948],[11.0006357,45.4460263],[11.000571,45.4461801],[11.0004973,45.4463521],[11.0004075,45.4465716],[11.0003958,45.4466]]},"properties":{"site":"verona","name":"Piazzetta Brà Molinari","highway":"pedestrian"}},{"type":"Feature","geometry":{"type":"LineString","coordinates":[[11.0024452,45.4467086],[11.0024716,45.446731],[11.002619,45.4468562]]},"properties":{"site":"verona","name":"","highway":"service"}},{"type":"Feature","geometry":{"type":"LineString","coordinates":[[11.0033407,45.4373743],[11.0033382,45.4373551],[11.0033346,45.4373272]]},"properties":{"site":"verona","name":"","highway":"footway"}},{"type":"Feature","geometry":{"type":"LineString","coordinates":[[11.0033346,45.4373272],[11.0031744,45.4368691]]},"properties":{"site":"verona","name":"","highway":"footway"}},{"type":"Feature","geometry":{"type":"LineString","coordinates":[[11.0008592,45.4347807],[11.0008396,45.434788]]},"properties":{"site":"verona","name":"","highway":"footway"}},{"type":"Feature","geometry":{"type":"LineString","coordinates":[[10.9895458,45.4421903],[10.9895126,45.4423475],[10.9895086,45.4423694],[10.9894948,45.4423835],[10.989513,45.4427368],[10.9895461,45.4433783],[10.9897131,45.4434005],[10.9897573,45.4434063],[10.9898472,45.4435139],[10.9898171,45.4435266]]},"properties":{"site":"verona","name":"","highway":"footway"}},{"type":"Feature","geometry":{"type":"LineString","coordinates":[[10.9898171,45.4435266],[10.9896891,45.4435798]]},"properties":{"site":"verona","name":"","highway":"footway"}},{"type":"Feature","geometry":{"type":"LineString","coordinates":[[10.9896891,45.4435798],[10.9888874,45.4439132],[10.9888219,45.4439404],[10.9887285,45.4439789],[10.9880676,45.4442514],[10.9876849,45.4444091],[10.9873231,45.4444172],[10.9872816,45.4444181],[10.9872562,45.4440906],[10.9871977,45.4440936]]},"properties":{"site":"verona","name":"","highway":"footway"}},{"type":"Feature","geometry":{"type":"LineString","coordinates":[[10.9941799,45.4424907],[10.9941321,45.4425398]]},"properties":{"site":"verona","name":"","highway":"pedestrian"}},{"type":"Feature","geometry":{"type":"LineString","coordinates":[[10.9941321,45.4425398],[10.9940593,45.4426221]]},"properties":{"site":"verona","name":"","highway":"pedestrian"}},{"type":"Feature","geometry":{"type":"LineString","coordinates":[[10.9940593,45.4426221],[10.994042,45.4426465]]},"properties":{"site":"verona","name":"","highway":"pedestrian"}},{"type":"Feature","geometry":{"type":"LineString","coordinates":[[10.9947373,45.4431117],[10.9946833,45.4431424],[10.994398,45.4434105],[10.9943842,45.4434243]]},"properties":{"site":"verona","name":"","highway":"footway"}},{"type":"Feature","geometry":{"type":"LineString","coordinates":[[10.9950323,45.4433244],[10.9950905,45.4433426],[10.9951181,45.4433512],[10.9954983,45.4429773]]},"properties":{"site":"verona","name":"Vicolo San Giovanni in Foro","highway":"pedestrian"}},{"type":"Feature","geometry":{"type":"LineString","coordinates":[[10.9896906,45.438029],[10.9899436,45.4379241]]},"properties":{"site":"verona","name":"","highway":"steps"}},{"type":"Feature","geometry":{"type":"LineString","coordinates":[[10.9901452,45.4372334],[10.9901289,45.4372106]]},"properties":{"site":"verona","name":"Volto San Luca","highway":"footway"}},{"type":"Feature","geometry":{"type":"LineString","coordinates":[[10.9907605,45.4379997],[10.9907467,45.4379722],[10.9906819,45.4378429]]},"properties":{"site":"verona","name":"","highway":"service"}},{"type":"Feature","geometry":{"type":"LineString","coordinates":[[10.997354,45.4352424],[10.997424,45.4352231],[10.9977039,45.4351457],[10.9982961,45.4349575],[10.9990171,45.4347497]]},"properties":{"site":"verona","name":"","highway":"service"}},{"type":"Feature","geometry":{"type":"LineString","coordinates":[[10.997675,45.4475263],[10.9977253,45.4474716],[10.9979009,45.4472807],[10.9982141,45.4469415],[10.9978473,45.4467717]]},"properties":{"site":"verona","name":"","highway":"service"}},{"type":"Feature","geometry":{"type":"LineString","coordinates":[[10.9908442,45.4309082],[10.9908669,45.4309588],[10.9908917,45.4309601],[10.990914,45.4309647],[10.99094,45.4309809],[10.990953,45.4309988],[10.9909592,45.4310174],[10.990953,45.4310321],[10.99094,45.4310499],[10.9909271,45.4310588],[10.9908971,45.4310598],[10.9908706,45.4310511],[10.990848,45.4310388],[10.9908378,45.4310198],[10.9908367,45.4309996],[10.990844,45.4309746],[10.9908669,45.4309588]]},"properties":{"site":"verona","name":"","highway":"footway"}},{"type":"Feature","geometry":{"type":"LineString","coordinates":[[10.9900688,45.4311042],[10.9908442,45.4309082],[10.9915985,45.430739],[10.9916861,45.4308387]]},"properties":{"site":"verona","name":"","highway":"footway"}},{"type":"Feature","geometry":{"type":"LineString","coordinates":[[10.9891441,45.43123],[10.9891993,45.4311862],[10.9893225,45.4310676],[10.9895423,45.4310292],[10.9897161,45.4310406],[10.9898783,45.4310652],[10.989978,45.4310968]]},"properties":{"site":"verona","name":"","highway":"footway"}},{"type":"Feature","geometry":{"type":"LineString","coordinates":[[10.9895885,45.4359265],[10.9895232,45.4359648],[10.9894644,45.436002]]},"properties":{"site":"verona","name":"","highway":"footway"}},{"type":"Feature","geometry":{"type":"LineString","coordinates":[[11.0001843,45.4425412],[11.0001341,45.4425903]]},"properties":{"site":"verona","name":"","highway":"steps"}},{"type":"Feature","geometry":{"type":"LineString","coordinates":[[10.999381,45.4427449],[10.999842,45.4423139],[10.9998603,45.4422968],[10.9998766,45.4422815]]},"properties":{"site":"verona","name":"","highway":"service"}},{"type":"Feature","geometry":{"type":"LineString","coordinates":[[11.0002945,45.442579],[11.0002504,45.4425532],[11.000216,45.4425261]]},"properties":{"site":"verona","name":"","highway":"footway"}},{"type":"Feature","geometry":{"type":"LineString","coordinates":[[10.9938421,45.4395007],[10.9940244,45.4393245]]},"properties":{"site":"verona","name":"","highway":"footway"}},{"type":"Feature","geometry":{"type":"LineString","coordinates":[[11.0067808,45.4497296],[11.0068601,45.4496847]]},"properties":{"site":"verona","name":"","highway":"steps"}},{"type":"Feature","geometry":{"type":"LineString","coordinates":[[11.0121819,45.4291387],[11.0121027,45.4292349],[11.0120642,45.4292818],[11.0097325,45.4298926],[11.0094946,45.4300009],[11.0092829,45.4302302],[11.008781,45.4311034],[11.0086563,45.4313317]]},"properties":{"site":"verona","name":"","highway":"track"}},{"type":"Feature","geometry":{"type":"LineString","coordinates":[[11.0040893,45.4428336],[11.004032,45.4426226],[11.0040962,45.4425208]]},"properties":{"site":"verona","name":"","highway":"service"}},{"type":"Feature","geometry":{"type":"LineString","coordinates":[[10.9879272,45.4301032],[10.9880845,45.4300014],[10.9884703,45.4298768],[10.9885934,45.4298564],[10.988743,45.4298564]]},"properties":{"site":"verona","name":"","highway":"footway"}},{"type":"Feature","geometry":{"type":"LineString","coordinates":[[10.9935942,45.4478014],[10.9937947,45.4481048],[10.9938334,45.4481806],[10.9939336,45.4483218],[10.994015,45.4484453],[10.9942296,45.4485644],[10.9943502,45.4486286],[10.9945048,45.4487075],[10.9945903,45.4487432],[10.9948324,45.4488324]]},"properties":{"site":"verona","name":"","highway":"footway"}},{"type":"Feature","geometry":{"type":"LineString","coordinates":[[10.9998393,45.4428988],[10.9998474,45.4429037],[10.999872,45.4429195]]},"properties":{"site":"verona","name":"","highway":"footway"}},{"type":"Feature","geometry":{"type":"LineString","coordinates":[[10.9942144,45.4476492],[10.9941837,45.447677]]},"properties":{"site":"verona","name":"","highway":"steps"}},{"type":"Feature","geometry":{"type":"LineString","coordinates":[[10.9948324,45.4488324],[10.9949001,45.4488823]]},"properties":{"site":"verona","name":"","highway":"steps"}},{"type":"Feature","geometry":{"type":"LineString","coordinates":[[10.9977461,45.4491917],[10.9977922,45.4491826],[10.9978344,45.4491743]]},"properties":{"site":"verona","name":"","highway":"steps"}},{"type":"Feature","geometry":{"type":"LineString","coordinates":[[10.9968878,45.4491665],[10.9969187,45.4490063],[10.9969856,45.4488482]]},"properties":{"site":"verona","name":"","highway":"footway"}},{"type":"Feature","geometry":{"type":"LineString","coordinates":[[10.9978344,45.4491743],[10.997843,45.4491954],[10.9978553,45.4492257]]},"properties":{"site":"verona","name":"","highway":"footway"}},{"type":"Feature","geometry":{"type":"LineString","coordinates":[[10.9941837,45.447677],[10.9940414,45.4478305],[10.9939315,45.4479804],[10.9938334,45.4481806]]},"properties":{"site":"verona","name":"","highway":"footway"}},{"type":"Feature","geometry":{"type":"LineString","coordinates":[[10.9984955,45.4490923],[10.9984902,45.4490725],[10.998468,45.4490067],[10.9984435,45.4489374]]},"properties":{"site":"verona","name":"","highway":"footway"}},{"type":"Feature","geometry":{"type":"LineString","coordinates":[[10.9977922,45.4491826],[10.9977751,45.449125],[10.9977605,45.4490756]]},"properties":{"site":"verona","name":"","highway":"footway"}},{"type":"Feature","geometry":{"type":"LineString","coordinates":[[10.9949001,45.4488823],[10.9948805,45.4490156],[10.9949989,45.4490314]]},"properties":{"site":"verona","name":"","highway":"footway"}},{"type":"Feature","geometry":{"type":"LineString","coordinates":[[10.994015,45.4484453],[10.9940526,45.4485909],[10.9941231,45.4487635],[10.9941735,45.4488755],[10.9942006,45.4489679]]},"properties":{"site":"verona","name":"","highway":"footway"}},{"type":"Feature","geometry":{"type":"LineString","coordinates":[[10.9964928,45.4491404],[10.9968878,45.4491665],[10.9970951,45.44916],[10.9972617,45.4491387],[10.9972897,45.4491352],[10.9977605,45.4490756]]},"properties":{"site":"verona","name":"","highway":"footway"}},{"type":"Feature","geometry":{"type":"LineString","coordinates":[[10.9966128,45.4489528],[10.9967153,45.4489844],[10.9968458,45.4490044],[10.9969187,45.4490063],[10.9970333,45.4490092],[10.9972246,45.4490266],[10.9972617,45.4491387]]},"properties":{"site":"verona","name":"","highway":"footway"}},{"type":"Feature","geometry":{"type":"LineString","coordinates":[[10.9945982,45.4464419],[10.9946459,45.446471],[10.9946615,45.44647],[10.994676,45.4464629],[10.9947068,45.4464351]]},"properties":{"site":"verona","name":"","highway":"footway"}},{"type":"Feature","geometry":{"type":"LineString","coordinates":[[10.9936104,45.4472641],[10.993088,45.4474138],[10.9929663,45.4474979]]},"properties":{"site":"verona","name":"","highway":"footway"}},{"type":"Feature","geometry":{"type":"LineString","coordinates":[[10.9947324,45.4464149],[10.9949932,45.4462177]]},"properties":{"site":"verona","name":"","highway":"footway"}},{"type":"Feature","geometry":{"type":"LineString","coordinates":[[10.9947068,45.4464351],[10.9947324,45.4464149]]},"properties":{"site":"verona","name":"","highway":"footway"}},{"type":"Feature","geometry":{"type":"LineString","coordinates":[[10.9949932,45.4462177],[10.9950735,45.4461474]]},"properties":{"site":"verona","name":"","highway":"footway"}},{"type":"Feature","geometry":{"type":"LineString","coordinates":[[10.9930837,45.4476231],[10.9930252,45.4476513],[10.9929781,45.4476737]]},"properties":{"site":"verona","name":"","highway":"footway"}},{"type":"Feature","geometry":{"type":"LineString","coordinates":[[10.9882782,45.4304905],[10.9883211,45.4305611],[10.9883613,45.4306288],[10.9883794,45.430643],[10.9885822,45.4307267],[10.9886758,45.4307568],[10.9887677,45.4307775],[10.9887341,45.4309484],[10.9887265,45.4310706],[10.9887247,45.4311001],[10.9887166,45.4312189],[10.988732,45.4314054]]},"properties":{"site":"verona","name":"","highway":"footway"}},{"type":"Feature","geometry":{"type":"LineString","coordinates":[[10.9872921,45.4304172],[10.987301,45.4303869],[10.9873136,45.4303461]]},"properties":{"site":"verona","name":"","highway":"footway"}},{"type":"Feature","geometry":{"type":"LineString","coordinates":[[11.0010322,45.4344465],[11.0011625,45.4345452]]},"properties":{"site":"verona","name":"","highway":"steps"}},{"type":"Feature","geometry":{"type":"LineString","coordinates":[[11.0008962,45.4347004],[11.000784,45.4345708]]},"properties":{"site":"verona","name":"","highway":"steps"}},{"type":"Feature","geometry":{"type":"LineString","coordinates":[[10.997863,45.4321334],[10.9978168,45.4320679]]},"properties":{"site":"verona","name":"","highway":"steps"}},{"type":"Feature","geometry":{"type":"LineString","coordinates":[[10.9965571,45.4306367],[10.9965138,45.4306154],[10.9959432,45.4308159],[10.9956486,45.4304068],[10.9956211,45.4304155]]},"properties":{"site":"verona","name":"","highway":"footway"}},{"type":"Feature","geometry":{"type":"LineString","coordinates":[[11.0008368,45.4347411],[11.0008457,45.434735],[11.0008962,45.4347004]]},"properties":{"site":"verona","name":"","highway":"footway"}},{"type":"Feature","geometry":{"type":"LineString","coordinates":[[11.0012403,45.4345652],[11.0011625,45.4345452]]},"properties":{"site":"verona","name":"","highway":"footway"}},{"type":"Feature","geometry":{"type":"LineString","coordinates":[[10.9955832,45.4303965],[10.9955905,45.4304084],[10.9956397,45.4303931],[10.9956486,45.4304068]]},"properties":{"site":"verona","name":"","highway":"steps"}},{"type":"Feature","geometry":{"type":"LineString","coordinates":[[11.000784,45.4345708],[11.0008104,45.4345576],[11.0010108,45.4344572],[11.0010322,45.4344465]]},"properties":{"site":"verona","name":"","highway":"footway"}},{"type":"Feature","geometry":{"type":"LineString","coordinates":[[10.9985731,45.4304276],[10.9984578,45.430466],[10.998295,45.4305171],[10.9982709,45.4305247]]},"properties":{"site":"verona","name":"","highway":"footway"}},{"type":"Feature","geometry":{"type":"LineString","coordinates":[[10.9955656,45.4303664],[10.9955832,45.4303965]]},"properties":{"site":"verona","name":"","highway":"footway"}},{"type":"Feature","geometry":{"type":"LineString","coordinates":[[10.991034,45.4312714],[10.9910117,45.4312326]]},"properties":{"site":"verona","name":"","highway":"footway"}},{"type":"Feature","geometry":{"type":"LineString","coordinates":[[10.9935036,45.4305668],[10.9938287,45.430478],[10.9938854,45.4304472],[10.9938715,45.4303998],[10.9938322,45.4303673],[10.9937673,45.4303527],[10.9937164,45.4303527],[10.9935566,45.4304323],[10.9934316,45.4304502],[10.9933274,45.4304811],[10.9931444,45.4304925],[10.993024,45.4305055],[10.9928851,45.4305331],[10.9926767,45.4305802],[10.9924597,45.4306294]]},"properties":{"site":"verona","name":"","highway":"footway"}},{"type":"Feature","geometry":{"type":"LineString","coordinates":[[10.9923576,45.4307669],[10.9922793,45.4307855],[10.9922542,45.4308205],[10.9922044,45.4308455],[10.9920472,45.4308791],[10.9919299,45.4308751],[10.9918872,45.4308393],[10.9916861,45.4308387],[10.9916429,45.4308439],[10.9915969,45.4308558],[10.9913258,45.430983],[10.9912618,45.4310294],[10.9911888,45.4310513],[10.990954,45.4311077],[10.9906009,45.4311989],[10.99056,45.4311832],[10.9904267,45.431149],[10.99026,45.4311216],[10.9900688,45.4311042],[10.989978,45.4310968],[10.9899319,45.4311296],[10.9898939,45.4311345],[10.9897721,45.4311502],[10.9895447,45.4312155],[10.9893578,45.4312324],[10.9891441,45.43123]]},"properties":{"site":"verona","name":"","highway":"footway"}},{"type":"Feature","geometry":{"type":"LineString","coordinates":[[10.9919299,45.4308751],[10.9919201,45.4308968],[10.9918824,45.4309359],[10.9918791,45.43096],[10.9918896,45.4309795]]},"properties":{"site":"verona","name":"","highway":"footway"}},{"type":"Feature","geometry":{"type":"LineString","coordinates":[[11.0006167,45.4404425],[11.0002332,45.4402097],[11.0001171,45.4401118],[11.0000847,45.4400845],[11.0000202,45.4400302]]},"properties":{"site":"verona","name":"Vicoletto Leoni","highway":"service"}},{"type":"Feature","geometry":{"type":"LineString","coordinates":[[11.0004941,45.4482748],[11.0004229,45.4482403],[11.0003235,45.4481927]]},"properties":{"site":"verona","name":"","highway":"footway"}},{"type":"Feature","geometry":{"type":"LineString","coordinates":[[10.9874678,45.4484436],[10.9875773,45.4484316],[10.9881158,45.4483713],[10.9882513,45.4483561],[10.9881835,45.448058],[10.9881677,45.4479886],[10.9881147,45.4477559],[10.9880161,45.447767],[10.98797,45.447772],[10.9876064,45.4478136],[10.9874662,45.4478286],[10.9873386,45.4478429],[10.9874039,45.4481454],[10.9874632,45.4484202],[10.9874678,45.4484436]]},"properties":{"site":"verona","name":"","highway":"footway"}},{"type":"Feature","geometry":{"type":"LineString","coordinates":[[10.9874662,45.4478286],[10.9876871,45.4480188]]},"properties":{"site":"verona","name":"","highway":"footway"}},{"type":"Feature","geometry":{"type":"LineString","coordinates":[[10.9878377,45.4479918],[10.9880161,45.447767]]},"properties":{"site":"verona","name":"","highway":"footway"}},{"type":"Feature","geometry":{"type":"LineString","coordinates":[[10.9878918,45.4481936],[10.9881158,45.4483713]]},"properties":{"site":"verona","name":"","highway":"footway"}},{"type":"Feature","geometry":{"type":"LineString","coordinates":[[10.9877922,45.4482149],[10.9878273,45.448213],[10.9878611,45.4482058],[10.9878918,45.4481936],[10.9879215,45.4481742],[10.9879433,45.4481503],[10.987956,45.4481232],[10.9879587,45.4480948],[10.9879559,45.4480843],[10.9879512,45.4480668],[10.987934,45.4480411],[10.9879082,45.4480191],[10.9878754,45.4480023],[10.9878377,45.4479918],[10.9877976,45.4479882],[10.9877575,45.4479918],[10.9877199,45.4480021],[10.9876871,45.4480188],[10.9876622,45.4480395],[10.9876451,45.4480639],[10.9876367,45.4480904],[10.9876375,45.4481175],[10.9876474,45.4481437],[10.987666,45.4481675],[10.9876921,45.4481876],[10.9877243,45.4482027],[10.9877573,45.4482114],[10.9877922,45.4482149]]},"properties":{"site":"verona","name":"","highway":"footway"}},{"type":"Feature","geometry":{"type":"LineString","coordinates":[[10.98793,45.44758],[10.9879533,45.4476918],[10.98797,45.447772]]},"properties":{"site":"verona","name":"","highway":"footway"}},{"type":"Feature","geometry":{"type":"LineString","coordinates":[[10.9881677,45.4479886],[10.9882665,45.447977],[10.9883521,45.4479681]]},"properties":{"site":"verona","name":"","highway":"footway"}},{"type":"Feature","geometry":{"type":"LineString","coordinates":[[10.9875773,45.4484316],[10.9875943,45.448519],[10.9876097,45.4485788]]},"properties":{"site":"verona","name":"","highway":"footway"}},{"type":"Feature","geometry":{"type":"LineString","coordinates":[[10.9873386,45.4478429],[10.9872429,45.4478432],[10.9871283,45.4478522]]},"properties":{"site":"verona","name":"","highway":"footway"}},{"type":"Feature","geometry":{"type":"LineString","coordinates":[[10.9872798,45.4486124],[10.98727,45.4485627],[10.9872582,45.4485053]]},"properties":{"site":"verona","name":"","highway":"footway"}},{"type":"Feature","geometry":{"type":"LineString","coordinates":[[10.9878503,45.4475733],[10.987799,45.4475782],[10.9876606,45.4475925],[10.9875981,45.4475983]]},"properties":{"site":"verona","name":"","highway":"footway"}},{"type":"Feature","geometry":{"type":"LineString","coordinates":[[11.0004431,45.4480844],[11.0005328,45.4481327]]},"properties":{"site":"verona","name":"Ponte Pietra","highway":"pedestrian"}},{"type":"Feature","geometry":{"type":"LineString","coordinates":[[11.0008612,45.4489739],[11.000795,45.4489094],[11.0007465,45.4489073],[11.0004915,45.4489254],[11.0004727,45.4489267]]},"properties":{"site":"verona","name":"Vicolo Cieco Zini","highway":"service"}},{"type":"Feature","geometry":{"type":"LineString","coordinates":[[10.986058,45.4398324],[10.9860682,45.4398211]]},"properties":{"site":"verona","name":"","highway":"footway"}},{"type":"Feature","geometry":{"type":"LineString","coordinates":[[10.9860088,45.4398524],[10.986058,45.4398324]]},"properties":{"site":"verona","name":"","highway":"steps"}},{"type":"Feature","geometry":{"type":"LineString","coordinates":[[10.9857731,45.4398662],[10.9859886,45.4398448],[10.9859861,45.4398318]]},"properties":{"site":"verona","name":"","highway":"footway"}},{"type":"Feature","geometry":{"type":"LineString","coordinates":[[10.9983655,45.4444144],[10.9977992,45.4441436],[10.9974721,45.4439779],[10.9973988,45.443945]]},"properties":{"site":"verona","name":"Corso Sant'Anastasia","highway":"pedestrian"}},{"type":"Feature","geometry":{"type":"LineString","coordinates":[[10.996402,45.4431685],[10.9960674,45.4429915]]},"properties":{"site":"verona","name":"Vicoletto Cieco Pozzo San Marco","highway":"pedestrian"}},{"type":"Feature","geometry":{"type":"LineString","coordinates":[[10.9938766,45.4496858],[10.9939169,45.4497038]]},"properties":{"site":"verona","name":"","highway":"footway"}},{"type":"Feature","geometry":{"type":"LineString","coordinates":[[10.9937264,45.4495679],[10.9937053,45.4495677],[10.9936851,45.4495636],[10.9936672,45.4495558],[10.993653,45.4495449],[10.9936435,45.4495317],[10.9936395,45.4495171],[10.9936412,45.4495024],[10.9936484,45.4494885],[10.9936608,45.4494766],[10.9936773,45.4494674],[10.9936967,45.4494616],[10.9937176,45.4494598],[10.9937384,45.449462],[10.9937577,45.449468],[10.9937739,45.4494775],[10.9937858,45.4494896],[10.9937926,45.4495036],[10.9937938,45.4495184],[10.9937893,45.4495328],[10.9937794,45.4495458],[10.9937649,45.4495565],[10.9937468,45.4495641],[10.9937264,45.4495679]]},"properties":{"site":"verona","name":"","highway":"footway"}},{"type":"Feature","geometry":{"type":"LineString","coordinates":[[10.9936608,45.4494766],[10.9936076,45.4494199],[10.993581,45.4493915]]},"properties":{"site":"verona","name":"","highway":"footway"}},{"type":"Feature","geometry":{"type":"LineString","coordinates":[[11.0041628,45.4366143],[11.0041038,45.4365298]]},"properties":{"site":"verona","name":"","highway":"footway"}},{"type":"Feature","geometry":{"type":"LineString","coordinates":[[11.0044314,45.436597],[11.0043891,45.4365995],[11.0041628,45.4366143]]},"properties":{"site":"verona","name":"","highway":"footway"}},{"type":"Feature","geometry":{"type":"LineString","coordinates":[[10.9971431,45.4428729],[10.9970964,45.4429235],[10.9969976,45.4430714],[10.9968193,45.4433421],[10.9966553,45.4435405]]},"properties":{"site":"verona","name":"Piazza delle Erbe","highway":"pedestrian"}},{"type":"Feature","geometry":{"type":"LineString","coordinates":[[10.999599,45.4450947],[10.9995907,45.445091],[10.9995276,45.445062]]},"properties":{"site":"verona","name":"","highway":"steps"}},{"type":"Feature","geometry":{"type":"LineString","coordinates":[[10.9993667,45.4452342],[10.9994445,45.4451515],[10.9995276,45.445062],[10.9992862,45.4448914],[10.9992586,45.4448786]]},"properties":{"site":"verona","name":"","highway":"service"}},{"type":"Feature","geometry":{"type":"LineString","coordinates":[[10.9894888,45.4314583],[10.9895157,45.4315008],[10.9896889,45.431774]]},"properties":{"site":"verona","name":"","highway":"service"}},{"type":"Feature","geometry":{"type":"LineString","coordinates":[[10.9977992,45.4441436],[10.9976676,45.4442859],[10.997781,45.4443459]]},"properties":{"site":"verona","name":"Vicolo Santa Cecilia","highway":"pedestrian"}},{"type":"Feature","geometry":{"type":"LineString","coordinates":[[11.0089656,45.4407217],[11.0090355,45.4408693]]},"properties":{"site":"verona","name":"Largo San Nazaro","highway":"service"}},{"type":"Feature","geometry":{"type":"LineString","coordinates":[[11.0069991,45.4422424],[11.0070574,45.442264],[11.0071426,45.4423018],[11.0071812,45.4423646],[11.0072102,45.4424118]]},"properties":{"site":"verona","name":"","highway":"footway"}},{"type":"Feature","geometry":{"type":"LineString","coordinates":[[10.9950907,45.4331575],[10.9950558,45.4331064],[10.9949646,45.4329728],[10.9947749,45.4330368],[10.99459,45.4327623],[10.9945464,45.4326972]]},"properties":{"site":"verona","name":"","highway":"service"}},{"type":"Feature","geometry":{"type":"LineString","coordinates":[[10.994654,45.4327408],[10.99459,45.4327623],[10.9943888,45.4328326],[10.9943234,45.4328541],[10.9940706,45.4328422],[10.993934,45.4328863],[10.9929938,45.4315425],[10.9931193,45.431495],[10.9930344,45.4313793],[10.9929064,45.4314216]]},"properties":{"site":"verona","name":"","highway":"footway"}},{"type":"Feature","geometry":{"type":"LineString","coordinates":[[10.994918,45.43285],[10.9947634,45.4329036],[10.9947282,45.4328512],[10.9946923,45.4327977],[10.9946568,45.4327449],[10.994654,45.4327408],[10.9946194,45.4326894],[10.9947659,45.4326376]]},"properties":{"site":"verona","name":"","highway":"service"}},{"type":"Feature","geometry":{"type":"LineString","coordinates":[[10.9943234,45.4328541],[10.9942029,45.4329492],[10.9940354,45.4330043]]},"properties":{"site":"verona","name":"","highway":"footway"}},{"type":"Feature","geometry":{"type":"LineString","coordinates":[[10.9947282,45.4328512],[10.9948801,45.4327973]]},"properties":{"site":"verona","name":"","highway":"service"}},{"type":"Feature","geometry":{"type":"LineString","coordinates":[[10.9946923,45.4327977],[10.9948434,45.4327444]]},"properties":{"site":"verona","name":"","highway":"service"}},{"type":"Feature","geometry":{"type":"LineString","coordinates":[[10.9946568,45.4327449],[10.9948046,45.4326928]]},"properties":{"site":"verona","name":"","highway":"service"}},{"type":"Feature","geometry":{"type":"LineString","coordinates":[[10.9945464,45.4326972],[10.9945174,45.4326701],[10.9944651,45.4326646],[10.9942832,45.4327263],[10.9938631,45.4321278],[10.9938561,45.4320933],[10.9938859,45.4320675],[10.994085,45.432001]]},"properties":{"site":"verona","name":"","highway":"service"}},{"type":"Feature","geometry":{"type":"LineString","coordinates":[[10.994085,45.432001],[10.9944494,45.4325306],[10.9945208,45.4326343],[10.9945332,45.4326524],[10.9945464,45.4326972]]},"properties":{"site":"verona","name":"","highway":"service"}},{"type":"Feature","geometry":{"type":"LineString","coordinates":[[10.9944494,45.4325306],[10.9944968,45.4325479],[10.9946187,45.4325023]]},"properties":{"site":"verona","name":"","highway":"service"}},{"type":"Feature","geometry":{"type":"LineString","coordinates":[[10.994085,45.432001],[10.9942069,45.4319566],[10.9945728,45.4324845],[10.9946187,45.4325023],[10.9947613,45.4324534],[10.9947771,45.432429],[10.994511,45.4320399],[10.9946916,45.4319755]]},"properties":{"site":"verona","name":"","highway":"service"}},{"type":"Feature","geometry":{"type":"LineString","coordinates":[[10.9946916,45.4319755],[10.9948722,45.4319121],[10.9951208,45.4322756],[10.9950787,45.4322903],[10.9950448,45.4323022],[10.9950955,45.4323767],[10.9949894,45.4324112],[10.9946916,45.4319755]]},"properties":{"site":"verona","name":"","highway":"service"}},{"type":"Feature","geometry":{"type":"LineString","coordinates":[[10.9950787,45.4322903],[10.9951714,45.4324254],[10.9952364,45.4324393],[10.9954114,45.4326998],[10.9952251,45.4327632],[10.9950985,45.4325759],[10.9950303,45.4324749],[10.9951714,45.4324254]]},"properties":{"site":"verona","name":"","highway":"service"}},{"type":"Feature","geometry":{"type":"LineString","coordinates":[[10.9952251,45.4327632],[10.9950529,45.4328217],[10.9949272,45.4326344],[10.9950985,45.4325759]]},"properties":{"site":"verona","name":"","highway":"service"}},{"type":"Feature","geometry":{"type":"LineString","coordinates":[[10.9949272,45.4326344],[10.9948312,45.4324908],[10.994786,45.4324898],[10.9946308,45.4325383],[10.9945531,45.4325879],[10.9945208,45.4326343]]},"properties":{"site":"verona","name":"","highway":"service"}},{"type":"Feature","geometry":{"type":"LineString","coordinates":[[10.9940297,45.4328014],[10.9935408,45.4321011],[10.9934327,45.4319463],[10.9931414,45.4315291],[10.9931414,45.4314703],[10.993165,45.4314131],[10.9932144,45.4313965],[10.9933159,45.4314195],[10.9933673,45.4314669],[10.9936435,45.4318754],[10.9934327,45.4319463]]},"properties":{"site":"verona","name":"","highway":"service"}},{"type":"Feature","geometry":{"type":"LineString","coordinates":[[10.9935408,45.4321011],[10.9942164,45.4318618]]},"properties":{"site":"verona","name":"","highway":"service"}},{"type":"Feature","geometry":{"type":"LineString","coordinates":[[10.993601,45.4309323],[10.9936486,45.431029],[10.9936604,45.4310473],[10.993754,45.4311917],[10.993326,45.4313348],[10.9933159,45.4314195]]},"properties":{"site":"verona","name":"","highway":"service"}},{"type":"Feature","geometry":{"type":"LineString","coordinates":[[10.9936486,45.431029],[10.9935234,45.4309539],[10.9934418,45.4309508],[10.9924698,45.4312761]]},"properties":{"site":"verona","name":"","highway":"service"}},{"type":"Feature","geometry":{"type":"LineString","coordinates":[[10.9936604,45.4310473],[10.9941156,45.4308936],[10.9942185,45.4310442]]},"properties":{"site":"verona","name":"","highway":"service"}},{"type":"Feature","geometry":{"type":"LineString","coordinates":[[11.0105375,45.4416836],[11.0105416,45.4416934],[11.010533,45.4417093],[11.0103338,45.4417626],[11.0103557,45.4417984],[11.0103986,45.4418687],[11.0104138,45.4418935]]},"properties":{"site":"verona","name":"","highway":"footway"}},{"type":"Feature","geometry":{"type":"LineString","coordinates":[[11.0108674,45.4415481],[11.0108596,45.4415333],[11.0107886,45.4413976],[11.0107789,45.4413793],[11.0106797,45.4414323],[11.0106894,45.4414497],[11.0106789,45.4414545],[11.010547,45.4415155],[11.0105936,45.4416016],[11.0105999,45.4416132],[11.0108674,45.4415481]]},"properties":{"site":"verona","name":"","highway":"pedestrian"}},{"type":"Feature","geometry":{"type":"LineString","coordinates":[[11.0104319,45.4420051],[11.0104977,45.4419886],[11.0106247,45.4419553],[11.0109156,45.4418825],[11.0112039,45.4418103],[11.0113928,45.441763],[11.0112838,45.4415571],[11.0111393,45.4415912],[11.0110886,45.4415783],[11.0110303,45.4415912],[11.0109472,45.4415503],[11.0109278,45.4415148],[11.0108596,45.4415333]]},"properties":{"site":"verona","name":"","highway":"path"}},{"type":"Feature","geometry":{"type":"LineString","coordinates":[[11.0106247,45.4419553],[11.0106721,45.4420438]]},"properties":{"site":"verona","name":"","highway":"path"}},{"type":"Feature","geometry":{"type":"LineString","coordinates":[[11.0109056,45.4418616],[11.0109156,45.4418825],[11.0109578,45.4419694]]},"properties":{"site":"verona","name":"","highway":"path"}},{"type":"Feature","geometry":{"type":"LineString","coordinates":[[11.0112039,45.4418103],[11.0112431,45.4418916]]},"properties":{"site":"verona","name":"","highway":"path"}},{"type":"Feature","geometry":{"type":"LineString","coordinates":[[11.0107425,45.4418621],[11.0107606,45.4418985],[11.0109056,45.4418616],[11.0110486,45.4418251],[11.0110305,45.4417877]]},"properties":{"site":"verona","name":"","highway":"path"}},{"type":"Feature","geometry":{"type":"LineString","coordinates":[[11.0105549,45.4421978],[11.0103875,45.4422398],[11.0102783,45.4422671]]},"properties":{"site":"verona","name":"","highway":"service"}},{"type":"Feature","geometry":{"type":"LineString","coordinates":[[11.0103025,45.442316],[11.0102783,45.4422671],[11.010269,45.4422482],[11.0102287,45.4422595]]},"properties":{"site":"verona","name":"","highway":"service"}},{"type":"Feature","geometry":{"type":"LineString","coordinates":[[11.0104339,45.4423273],[11.0103875,45.4422398],[11.0103293,45.4421315]]},"properties":{"site":"verona","name":"","highway":"service"}},{"type":"Feature","geometry":{"type":"LineString","coordinates":[[11.0035725,45.4443466],[11.0033568,45.4445587],[11.0033454,45.4445634],[11.0032979,45.4445831]]},"properties":{"site":"verona","name":"","highway":"service"}},{"type":"Feature","geometry":{"type":"LineString","coordinates":[[11.0040893,45.4428336],[11.0040851,45.442856],[11.0039326,45.4437587],[11.0036286,45.4442885],[11.0035725,45.4443466]]},"properties":{"site":"verona","name":"","highway":"service"}},{"type":"Feature","geometry":{"type":"LineString","coordinates":[[10.9928593,45.4350687],[10.9928372,45.4350761],[10.9927685,45.4350991],[10.9928564,45.4352196],[10.992766,45.4352443],[10.9925317,45.4352902],[10.992475,45.4353017],[10.9923426,45.4353284]]},"properties":{"site":"verona","name":"","highway":"footway"}},{"type":"Feature","geometry":{"type":"LineString","coordinates":[[10.9918787,45.4355478],[10.9918345,45.4354702],[10.9918691,45.4354596]]},"properties":{"site":"verona","name":"","highway":"steps"}},{"type":"Feature","geometry":{"type":"LineString","coordinates":[[10.991917,45.4356147],[10.9920565,45.4356534]]},"properties":{"site":"verona","name":"","highway":"steps"}},{"type":"Feature","geometry":{"type":"LineString","coordinates":[[10.9915378,45.4355006],[10.9914206,45.4355327]]},"properties":{"site":"verona","name":"","highway":"service"}},{"type":"Feature","geometry":{"type":"LineString","coordinates":[[10.9913309,45.4352611],[10.9913567,45.4353046],[10.991463,45.435503]]},"properties":{"site":"verona","name":"","highway":"service"}},{"type":"Feature","geometry":{"type":"LineString","coordinates":[[11.0022783,45.4410236],[11.0022281,45.4410244]]},"properties":{"site":"verona","name":"","highway":"footway"}},{"type":"Feature","geometry":{"type":"LineString","coordinates":[[11.0023049,45.4410583],[11.0022783,45.4410236]]},"properties":{"site":"verona","name":"","highway":"steps"}},{"type":"Feature","geometry":{"type":"LineString","coordinates":[[10.9977953,45.4429714],[10.9977898,45.442979],[10.9979818,45.4430587],[10.9980999,45.4431071],[10.9982978,45.4429186],[10.9983574,45.4428629],[10.9981378,45.4427862],[10.9979798,45.4427329],[10.9979692,45.4427462]]},"properties":{"site":"verona","name":"","highway":"pedestrian"}},{"type":"Feature","geometry":{"type":"LineString","coordinates":[[10.9987162,45.4430186],[10.9987043,45.4430314],[10.9984956,45.4432504]]},"properties":{"site":"verona","name":"Cortile del Tribunale","highway":"pedestrian"}},{"type":"Feature","geometry":{"type":"LineString","coordinates":[[11.0008826,45.439674],[11.0008721,45.4396712],[11.0008443,45.4396638],[11.0006541,45.4396135],[11.0007543,45.4395454],[11.0007816,45.4395416],[11.0008192,45.4395438],[11.0008434,45.4395539],[11.0008577,45.4395724],[11.0008671,45.4396139],[11.0008721,45.4396712]]},"properties":{"site":"verona","name":"","highway":"footway"}},{"type":"Feature","geometry":{"type":"LineString","coordinates":[[10.9909271,45.4310588],[10.990954,45.4311077]]},"properties":{"site":"verona","name":"","highway":"footway"}},{"type":"Feature","geometry":{"type":"LineString","coordinates":[[10.9912644,45.4310887],[10.9912618,45.4310294]]},"properties":{"site":"verona","name":"","highway":"footway"}},{"type":"Feature","geometry":{"type":"LineString","coordinates":[[10.9910117,45.4312326],[10.9909682,45.4311369]]},"properties":{"site":"verona","name":"","highway":"steps"}},{"type":"Feature","geometry":{"type":"LineString","coordinates":[[10.9909682,45.4311369],[10.990954,45.4311077]]},"properties":{"site":"verona","name":"","highway":"footway"}},{"type":"Feature","geometry":{"type":"LineString","coordinates":[[10.9910817,45.4312458],[10.9912644,45.4310887]]},"properties":{"site":"verona","name":"","highway":"steps"}},{"type":"Feature","geometry":{"type":"LineString","coordinates":[[10.9909831,45.43127],[10.9907117,45.4312368]]},"properties":{"site":"verona","name":"","highway":"steps"}},{"type":"Feature","geometry":{"type":"LineString","coordinates":[[10.9922793,45.4307855],[10.9921926,45.4306992]]},"properties":{"site":"verona","name":"","highway":"footway"}},{"type":"Feature","geometry":{"type":"LineString","coordinates":[[10.9909831,45.43127],[10.991034,45.4312714],[10.9910817,45.4312458]]},"properties":{"site":"verona","name":"","highway":"footway"}},{"type":"Feature","geometry":{"type":"LineString","coordinates":[[10.9937164,45.4303527],[10.9935277,45.430324],[10.9925116,45.4305411],[10.9924597,45.4306294]]},"properties":{"site":"verona","name":"","highway":"footway"}},{"type":"Feature","geometry":{"type":"LineString","coordinates":[[10.9901863,45.4380201],[10.9901568,45.4380665],[10.9901545,45.4381084],[10.9901533,45.438129],[10.9901603,45.4381706],[10.9901814,45.4381989]]},"properties":{"site":"verona","name":"","highway":"steps"}},{"type":"Feature","geometry":{"type":"LineString","coordinates":[[11.0105936,45.4416016],[11.0105362,45.4416154]]},"properties":{"site":"verona","name":"","highway":"steps"}},{"type":"Feature","geometry":{"type":"LineString","coordinates":[[11.0105274,45.44166],[11.0105375,45.4416836]]},"properties":{"site":"verona","name":"","highway":"steps"}},{"type":"Feature","geometry":{"type":"LineString","coordinates":[[11.0107117,45.4414781],[11.0106789,45.4414545]]},"properties":{"site":"verona","name":"","highway":"footway"}},{"type":"Feature","geometry":{"type":"LineString","coordinates":[[11.0105362,45.4416154],[11.0105378,45.4416406],[11.0105274,45.44166]]},"properties":{"site":"verona","name":"","highway":"footway"}},{"type":"Feature","geometry":{"type":"LineString","coordinates":[[11.0107886,45.4413976],[11.0107117,45.4414781],[11.0105936,45.4416016]]},"properties":{"site":"verona","name":"","highway":"footway"}},{"type":"Feature","geometry":{"type":"LineString","coordinates":[[11.0103103,45.4418145],[11.0103557,45.4417984],[11.0104157,45.4417772],[11.0104496,45.4418493],[11.0103986,45.4418687],[11.0103553,45.4418851]]},"properties":{"site":"verona","name":"","highway":"service"}},{"type":"Feature","geometry":{"type":"LineString","coordinates":[[11.0059585,45.4421301],[11.0059461,45.4421486],[11.0058921,45.4422346],[11.0058244,45.4423555]]},"properties":{"site":"verona","name":"Via Bogon","highway":"service"}},{"type":"Feature","geometry":{"type":"LineString","coordinates":[[10.9913349,45.4350597],[10.9913008,45.4350676],[10.9912819,45.4350774],[10.9912686,45.4350936],[10.9912524,45.4351192],[10.9912574,45.4351452]]},"properties":{"site":"verona","name":"","highway":"service"}},{"type":"Feature","geometry":{"type":"LineString","coordinates":[[11.0026369,45.4320419],[11.002404,45.4320922],[11.0023399,45.4321061],[11.002303,45.4321141],[11.0022614,45.4321164]]},"properties":{"site":"verona","name":"","highway":"service"}},{"type":"Feature","geometry":{"type":"LineString","coordinates":[[11.0007325,45.4320309],[11.0007456,45.4320556],[11.0004999,45.4321171]]},"properties":{"site":"verona","name":"","highway":"service"}},{"type":"Feature","geometry":{"type":"LineString","coordinates":[[11.0019587,45.4318039],[11.0020619,45.4318891],[11.0021524,45.4320656],[11.002196,45.4320997],[11.0022614,45.4321164]]},"properties":{"site":"verona","name":"","highway":"service"}},{"type":"Feature","geometry":{"type":"LineString","coordinates":[[11.0019587,45.4318039],[11.0017673,45.4314097],[11.0007553,45.4316656],[11.0009132,45.4319871],[11.0007325,45.4320309],[11.0003536,45.4321226],[11.0004336,45.4322772]]},"properties":{"site":"verona","name":"","highway":"service"}},{"type":"Feature","geometry":{"type":"LineString","coordinates":[[11.0022614,45.4321164],[11.0021763,45.4321212],[11.0020988,45.4320925],[11.0019587,45.4318039]]},"properties":{"site":"verona","name":"","highway":"service"}},{"type":"Feature","geometry":{"type":"LineString","coordinates":[[11.002303,45.4321141],[11.0024377,45.4323352],[11.0024338,45.4323681],[11.0024143,45.4323844],[11.0023742,45.4323855],[11.0023374,45.4323605],[11.0022268,45.4321845],[11.0022343,45.4321477],[11.0022614,45.4321164]]},"properties":{"site":"verona","name":"","highway":"service"}},{"type":"Feature","geometry":{"type":"LineString","coordinates":[[11.0024143,45.4323844],[11.0026837,45.4328477]]},"properties":{"site":"verona","name":"","highway":"service"}},{"type":"Feature","geometry":{"type":"LineString","coordinates":[[11.0022614,45.4321164],[11.0020774,45.4322208],[11.0005814,45.4325952]]},"properties":{"site":"verona","name":"","highway":"service"}},{"type":"Feature","geometry":{"type":"LineString","coordinates":[[11.002303,45.4321141],[11.0022788,45.4320823],[11.0022359,45.4320519],[11.0021371,45.4318503],[11.0022247,45.4318307],[11.0023124,45.4320061],[11.0023017,45.4320268],[11.0023399,45.4321061]]},"properties":{"site":"verona","name":"","highway":"service"}},{"type":"Feature","geometry":{"type":"LineString","coordinates":[[11.000071,45.4332332],[11.0001675,45.4332048],[11.0005281,45.433104],[11.0006169,45.4330809]]},"properties":{"site":"verona","name":"","highway":"service"}},{"type":"Feature","geometry":{"type":"LineString","coordinates":[[11.000767,45.4330366],[11.0009847,45.4329763],[11.0018576,45.4327595],[11.0017804,45.4325993],[11.0009007,45.4328208],[11.0009847,45.4329763]]},"properties":{"site":"verona","name":"","highway":"service"}},{"type":"Feature","geometry":{"type":"LineString","coordinates":[[11.0006169,45.4330809],[11.0006608,45.4330668],[11.000767,45.4330366]]},"properties":{"site":"verona","name":"","highway":"service"}},{"type":"Feature","geometry":{"type":"LineString","coordinates":[[11.0005281,45.433104],[11.0006635,45.4333412],[11.0004741,45.4333922],[11.0003862,45.4332425]]},"properties":{"site":"verona","name":"","highway":"service"}},{"type":"Feature","geometry":{"type":"LineString","coordinates":[[11.0006635,45.4333412],[11.0008732,45.4332869],[11.000789,45.4331391]]},"properties":{"site":"verona","name":"","highway":"service"}},{"type":"Feature","geometry":{"type":"LineString","coordinates":[[11.0025015,45.431629],[11.0023444,45.4316241],[11.0021947,45.4316567],[11.0021,45.4316774],[11.0019357,45.431325],[11.0018868,45.4312921],[11.0017754,45.4312811],[11.0015212,45.4313277],[11.0014312,45.4313854],[11.0006217,45.4315775],[11.000524,45.43162],[11.0004594,45.4316694],[11.0004594,45.4317119],[11.0005377,45.4318752]]},"properties":{"site":"verona","name":"","highway":"service"}},{"type":"Feature","geometry":{"type":"LineString","coordinates":[[10.9993888,45.4315506],[10.9995276,45.431837],[10.9996206,45.4320289]]},"properties":{"site":"verona","name":"","highway":"service"}},{"type":"Feature","geometry":{"type":"LineString","coordinates":[[11.0015212,45.4313277],[11.0014488,45.4313277],[11.0004868,45.431539],[11.0004301,45.4315432],[11.0003851,45.4315171],[11.0003206,45.4313703],[11.0002874,45.4313456],[11.0002209,45.4313415],[10.9993888,45.4315506],[10.9992196,45.4315931]]},"properties":{"site":"verona","name":"","highway":"service"}},{"type":"Feature","geometry":{"type":"LineString","coordinates":[[10.9992651,45.4319016],[10.999364,45.4318772],[10.9993843,45.4318722],[10.9994029,45.4318676],[10.9995276,45.431837]]},"properties":{"site":"verona","name":"","highway":"service"}},{"type":"Feature","geometry":{"type":"LineString","coordinates":[[10.9997768,45.4297262],[10.9999318,45.430049],[11.0001332,45.4304686]]},"properties":{"site":"verona","name":"","highway":"service"}},{"type":"Feature","geometry":{"type":"LineString","coordinates":[[11.0028312,45.4298138],[11.000255,45.4304391],[11.0001332,45.4304686],[10.9993155,45.4306671],[10.9992502,45.430683],[10.9991652,45.4307036]]},"properties":{"site":"verona","name":"","highway":"service"}},{"type":"Feature","geometry":{"type":"LineString","coordinates":[[10.9990859,45.430248],[10.9989175,45.4299327],[10.9988057,45.4299487],[10.9987548,45.4300004],[10.9989223,45.430284]]},"properties":{"site":"verona","name":"","highway":"service"}},{"type":"Feature","geometry":{"type":"LineString","coordinates":[[10.9993155,45.4306671],[10.9992242,45.4304861],[10.999169,45.4303767],[10.9990166,45.4304159],[10.9990722,45.4305235],[10.9991652,45.4307036]]},"properties":{"site":"verona","name":"","highway":"service"}},{"type":"Feature","geometry":{"type":"LineString","coordinates":[[10.9990722,45.4305235],[10.9992242,45.4304861]]},"properties":{"site":"verona","name":"","highway":"service"}},{"type":"Feature","geometry":{"type":"LineString","coordinates":[[10.9992502,45.430683],[10.9993534,45.430898],[10.9995468,45.4313011]]},"properties":{"site":"verona","name":"","highway":"service"}},{"type":"Feature","geometry":{"type":"LineString","coordinates":[[11.0032406,45.4302414],[11.0034297,45.4306897],[11.0006641,45.4313268],[11.0003549,45.4306558],[11.000255,45.4304391]]},"properties":{"site":"verona","name":"","highway":"service"}},{"type":"Feature","geometry":{"type":"LineString","coordinates":[[10.9993534,45.430898],[11.0003549,45.4306558]]},"properties":{"site":"verona","name":"","highway":"service"}},{"type":"Feature","geometry":{"type":"LineString","coordinates":[[10.9972756,45.4494083],[10.9972821,45.4494346],[10.997296,45.4495213],[10.9972881,45.4496053],[10.9972793,45.44965]]},"properties":{"site":"verona","name":"Vicolo Verza","highway":"service"}},{"type":"Feature","geometry":{"type":"LineString","coordinates":[[11.0092176,45.4447977],[11.0093237,45.4445376]]},"properties":{"site":"verona","name":"","highway":"path"}},{"type":"Feature","geometry":{"type":"LineString","coordinates":[[10.9913567,45.4353046],[10.9913976,45.435308],[10.9914256,45.4353017]]},"properties":{"site":"verona","name":"","highway":"service"}},{"type":"Feature","geometry":{"type":"LineString","coordinates":[[10.9972639,45.4493685],[10.9972756,45.4494083]]},"properties":{"site":"verona","name":"","highway":"steps"}},{"type":"Feature","geometry":{"type":"LineString","coordinates":[[10.9972478,45.4493143],[10.9972639,45.4493685]]},"properties":{"site":"verona","name":"","highway":"service"}},{"type":"Feature","geometry":{"type":"LineString","coordinates":[[10.9906878,45.4367556],[10.9907439,45.436863],[10.9907856,45.4369445],[10.9908071,45.4369855]]},"properties":{"site":"verona","name":"","highway":"path"}},{"type":"Feature","geometry":{"type":"LineString","coordinates":[[10.9882246,45.4322209],[10.9887551,45.4331976],[10.9894051,45.4343942],[10.9898161,45.4351509],[10.9898859,45.4352794]]},"properties":{"site":"verona","name":"","highway":"footway"}},{"type":"Feature","geometry":{"type":"LineString","coordinates":[[11.0079779,45.443742],[11.0077115,45.4436258]]},"properties":{"site":"verona","name":"","highway":"steps"}},{"type":"Feature","geometry":{"type":"LineString","coordinates":[[11.0076723,45.4436056],[11.0076,45.4435716]]},"properties":{"site":"verona","name":"","highway":"steps"}},{"type":"Feature","geometry":{"type":"LineString","coordinates":[[11.0077115,45.4436258],[11.0076723,45.4436056]]},"properties":{"site":"verona","name":"","highway":"footway"}},{"type":"Feature","geometry":{"type":"LineString","coordinates":[[11.0067201,45.4439942],[11.0068602,45.4438347]]},"properties":{"site":"verona","name":"","highway":"steps"}},{"type":"Feature","geometry":{"type":"LineString","coordinates":[[11.0076,45.4435716],[11.0071362,45.4433581],[11.0069927,45.4432917],[11.0068103,45.4432074]]},"properties":{"site":"verona","name":"","highway":"path"}},{"type":"Feature","geometry":{"type":"LineString","coordinates":[[11.0009295,45.4348855],[11.0008931,45.4348313],[11.0008635,45.4347872],[11.0008592,45.4347807]]},"properties":{"site":"verona","name":"","highway":"footway"}},{"type":"Feature","geometry":{"type":"LineString","coordinates":[[11.0045656,45.4477068],[11.0045941,45.4476986],[11.004661,45.4476776],[11.0046403,45.4476375],[11.0045927,45.447653],[11.0045814,45.4476567],[11.0045681,45.447661],[11.0045743,45.4476707],[11.004548,45.4476795],[11.0045526,45.4476866],[11.0045656,45.4477068]]},"properties":{"site":"verona","name":"","highway":"footway"}},{"type":"Feature","geometry":{"type":"LineString","coordinates":[[11.0041547,45.4466523],[11.0041871,45.4466633],[11.0042458,45.4466841],[11.0043303,45.4466785],[11.0044711,45.4466841],[11.0045609,45.4467302],[11.0047085,45.446941],[11.0047586,45.4470274],[11.0047888,45.4470636],[11.0046034,45.4471597],[11.0043965,45.4472645],[11.0042798,45.4473092]]},"properties":{"site":"verona","name":"","highway":"footway"}},{"type":"Feature","geometry":{"type":"LineString","coordinates":[[11.0043817,45.4475974],[11.0044333,45.4476703],[11.004375,45.4476896],[11.0043649,45.447693],[11.0043556,45.4476961],[11.0042844,45.4477192],[11.0042748,45.4476921],[11.0041923,45.4477213],[11.0041527,45.447685],[11.004199,45.4476663],[11.0042074,45.447663],[11.0042165,45.4476597],[11.0042566,45.4476425],[11.0042604,45.4476473],[11.0043817,45.4475974]]},"properties":{"site":"verona","name":"","highway":"footway"}},{"type":"Feature","geometry":{"type":"LineString","coordinates":[[11.0044267,45.4469611],[11.0044473,45.4469559],[11.0044692,45.4469566],[11.004489,45.4469631],[11.0045038,45.4469745],[11.0045112,45.446989],[11.0045102,45.4470043],[11.0045009,45.4470182],[11.0044847,45.4470286],[11.0044641,45.4470338],[11.0044422,45.4470331],[11.0044223,45.4470265],[11.0044076,45.4470152],[11.0044001,45.4470007],[11.0044011,45.4469854],[11.0044105,45.4469714],[11.0044267,45.4469611]]},"properties":{"site":"verona","name":"","highway":"footway"}},{"type":"Feature","geometry":{"type":"LineString","coordinates":[[11.0042798,45.4473092],[11.0043021,45.4473396]]},"properties":{"site":"verona","name":"","highway":"steps"}},{"type":"Feature","geometry":{"type":"LineString","coordinates":[[11.0043546,45.4476783],[11.0043649,45.447693]]},"properties":{"site":"verona","name":"","highway":"steps"}},{"type":"Feature","geometry":{"type":"LineString","coordinates":[[11.0041923,45.4476455],[11.0042074,45.447663]]},"properties":{"site":"verona","name":"","highway":"steps"}},{"type":"Feature","geometry":{"type":"LineString","coordinates":[[11.0045566,45.4476184],[11.0045814,45.4476567]]},"properties":{"site":"verona","name":"","highway":"steps"}},{"type":"Feature","geometry":{"type":"LineString","coordinates":[[11.0045941,45.4476986],[11.004633,45.4477645]]},"properties":{"site":"verona","name":"","highway":"steps"}},{"type":"Feature","geometry":{"type":"LineString","coordinates":[[11.0046445,45.4472017],[11.0046034,45.4471597],[11.0044847,45.4470286]]},"properties":{"site":"verona","name":"","highway":"footway"}},{"type":"Feature","geometry":{"type":"LineString","coordinates":[[11.0044267,45.4469611],[11.0043641,45.4469022],[11.0042434,45.4468335],[11.0041557,45.4468035]]},"properties":{"site":"verona","name":"","highway":"footway"}},{"type":"Feature","geometry":{"type":"LineString","coordinates":[[11.0046168,45.4473711],[11.0045546,45.4473792],[11.0045126,45.4473929],[11.0043608,45.4474465],[11.0043078,45.4473726]]},"properties":{"site":"verona","name":"","highway":"service"}},{"type":"Feature","geometry":{"type":"LineString","coordinates":[[11.0039033,45.447253],[11.0040186,45.4472304],[11.0041098,45.4472361],[11.0042171,45.4472615],[11.00426,45.4472869],[11.0042798,45.4473092]]},"properties":{"site":"verona","name":"","highway":"footway"}},{"type":"Feature","geometry":{"type":"LineString","coordinates":[[11.0041635,45.4463258],[11.0041921,45.4464064],[11.0042082,45.4464939],[11.0042069,45.4465532],[11.0041613,45.4466417],[11.0041547,45.4466523],[11.004044,45.4467867],[11.003902,45.4469031],[11.003643,45.4469924]]},"properties":{"site":"verona","name":"Vicolo Cieco Borgo Tascherio","highway":"service"}},{"type":"Feature","geometry":{"type":"LineString","coordinates":[[11.004565,45.4474935],[11.0046182,45.4475955],[11.0045684,45.447614],[11.0045566,45.4476184],[11.0045438,45.4476229],[11.0044781,45.4475197],[11.0044945,45.4475148],[11.004565,45.4474935]]},"properties":{"site":"verona","name":"","highway":"footway"}},{"type":"Feature","geometry":{"type":"LineString","coordinates":[[11.0042458,45.4466841],[11.0041771,45.4467775],[11.0041557,45.4468035],[11.004106,45.4468641],[11.0040201,45.4469318],[11.0039611,45.4469864],[11.0039115,45.4470513],[11.0038042,45.4471021]]},"properties":{"site":"verona","name":"","highway":"footway"}},{"type":"Feature","geometry":{"type":"LineString","coordinates":[[11.0037566,45.4470527],[11.0038042,45.4471021],[11.0038626,45.4471797],[11.0039033,45.447253],[11.0039779,45.4473491],[11.0039967,45.4474046],[11.0039752,45.4474338],[11.003992,45.4474643],[11.0041923,45.4476455]]},"properties":{"site":"verona","name":"","highway":"footway"}},{"type":"Feature","geometry":{"type":"LineString","coordinates":[[10.9882144,45.4302957],[10.9888541,45.4301699],[10.9893795,45.430062],[10.9902782,45.429887],[10.9907368,45.4298055],[10.9909776,45.42979],[10.9913708,45.4297621],[10.9921153,45.4297063],[10.9930693,45.4296098],[10.993454,45.429542],[10.99356,45.429511],[10.9935799,45.4294986],[10.9936947,45.4294412],[10.9937698,45.4293885],[10.9938052,45.4293581],[10.9938295,45.4293373],[10.9939223,45.4292412],[10.993962,45.4291374],[10.9939841,45.429049],[10.9939974,45.4289358],[10.9940144,45.428714],[10.9940057,45.428577],[10.9939956,45.4284193],[10.9939447,45.4282472],[10.9939312,45.4282214],[10.9939204,45.4282007],[10.9937428,45.4279743]]},"properties":{"site":"verona","name":"","highway":"footway"}},{"type":"Feature","geometry":{"type":"LineString","coordinates":[[10.9907421,45.4317572],[10.9907327,45.4317402],[10.9906074,45.431514],[10.9910827,45.4314239]]},"properties":{"site":"verona","name":"","highway":"footway"}},{"type":"Feature","geometry":{"type":"LineString","coordinates":[[10.9910481,45.4313161],[10.9910441,45.4313033],[10.991034,45.4312714]]},"properties":{"site":"verona","name":"","highway":"footway"}},{"type":"Feature","geometry":{"type":"LineString","coordinates":[[10.9907421,45.4317572],[10.9906615,45.4317851],[10.9905719,45.4318161]]},"properties":{"site":"verona","name":"","highway":"footway"}},{"type":"Feature","geometry":{"type":"LineString","coordinates":[[10.9909517,45.4321542],[10.9923764,45.4317526],[10.9920824,45.431284],[10.9920584,45.4312458],[10.9910827,45.4314239]]},"properties":{"site":"verona","name":"","highway":"footway"}},{"type":"Feature","geometry":{"type":"LineString","coordinates":[[10.9907327,45.4317402],[10.9909391,45.4316855],[10.9909174,45.431643]]},"properties":{"site":"verona","name":"","highway":"footway"}},{"type":"Feature","geometry":{"type":"LineString","coordinates":[[10.9907721,45.4318144],[10.9909625,45.4317661],[10.9910427,45.4319055],[10.991018,45.4319133],[10.9910501,45.431967]]},"properties":{"site":"verona","name":"","highway":"footway"}},{"type":"Feature","geometry":{"type":"LineString","coordinates":[[10.9906768,45.4318096],[10.9907586,45.4317886],[10.9907678,45.4317862],[10.9912189,45.4316538],[10.9912722,45.431751],[10.9918392,45.4315999],[10.9918774,45.4316652],[10.9919649,45.431815]]},"properties":{"site":"verona","name":"","highway":"service"}},{"type":"Feature","geometry":{"type":"LineString","coordinates":[[10.9918774,45.4316652],[10.9920726,45.4316139]]},"properties":{"site":"verona","name":"","highway":"service"}},{"type":"Feature","geometry":{"type":"LineString","coordinates":[[10.9912722,45.431751],[10.9913368,45.4318692]]},"properties":{"site":"verona","name":"","highway":"service"}},{"type":"Feature","geometry":{"type":"LineString","coordinates":[[10.9945089,45.4307089],[10.994478,45.4306651],[10.9944666,45.4306454],[10.9944458,45.4306364],[10.994415,45.4306374]]},"properties":{"site":"verona","name":"","highway":"path"}},{"type":"Feature","geometry":{"type":"LineString","coordinates":[[10.9946899,45.4306477],[10.994698,45.4306176],[10.9947141,45.4306031],[10.9947576,45.4305861],[10.9948482,45.4305631],[10.9952787,45.4304501],[10.9955656,45.4303664],[10.9957419,45.4303193]]},"properties":{"site":"verona","name":"","highway":"path"}},{"type":"Feature","geometry":{"type":"LineString","coordinates":[[10.9941521,45.4396366],[10.9941568,45.4396029]]},"properties":{"site":"verona","name":"","highway":"steps"}},{"type":"Feature","geometry":{"type":"LineString","coordinates":[[10.9948387,45.4394889],[10.9947982,45.4394553]]},"properties":{"site":"verona","name":"","highway":"steps"}},{"type":"Feature","geometry":{"type":"LineString","coordinates":[[11.0068849,45.4455027],[11.0065672,45.4455418]]},"properties":{"site":"verona","name":"Vicolo Scala Santa","highway":"steps"}},{"type":"Feature","geometry":{"type":"LineString","coordinates":[[11.0069113,45.4424578],[11.0069963,45.4425268],[11.0069791,45.4425978],[11.0067825,45.4428099]]},"properties":{"site":"verona","name":"Piazza Enrico Bernardi","highway":"service"}},{"type":"Feature","geometry":{"type":"LineString","coordinates":[[11.0069848,45.4420663],[11.0068541,45.4420135],[11.006545,45.4418886]]},"properties":{"site":"verona","name":"Volto Muro Padri","highway":"service"}},{"type":"Feature","geometry":{"type":"LineString","coordinates":[[11.0070936,45.4421103],[11.0069848,45.4420663]]},"properties":{"site":"verona","name":"Volto Muro Padri","highway":"service"}},{"type":"Feature","geometry":{"type":"LineString","coordinates":[[11.0071607,45.4421376],[11.0071106,45.4421172],[11.0070936,45.4421103]]},"properties":{"site":"verona","name":"Volto Muro Padri","highway":"service"}},{"type":"Feature","geometry":{"type":"LineString","coordinates":[[10.9989121,45.4425396],[10.9986432,45.4424101]]},"properties":{"site":"verona","name":"Piazzetta Navona","highway":"pedestrian"}},{"type":"Feature","geometry":{"type":"LineString","coordinates":[[10.9997724,45.4439753],[10.9998478,45.4438712],[10.9996775,45.4437988]]},"properties":{"site":"verona","name":"Vicoletto Ponte Nuovo","highway":"footway"}},{"type":"Feature","geometry":{"type":"LineString","coordinates":[[10.9969063,45.4428998],[10.9970221,45.4429478],[10.9970571,45.4429081],[10.997071,45.4428923],[10.9970764,45.4428749],[10.9970697,45.4428599],[10.9970446,45.4428418],[10.9968683,45.4427478],[10.9968289,45.4427779],[10.9967466,45.4428318],[10.9967639,45.4428399],[10.996793,45.4428535],[10.9969063,45.4428998]]},"properties":{"site":"verona","name":"Piazzetta Quattordici Novembre","highway":"footway"}},{"type":"Feature","geometry":{"type":"LineString","coordinates":[[10.9919086,45.4393094],[10.9919354,45.439333],[10.9919273,45.4393691],[10.9918001,45.4395607],[10.9917848,45.4395837]]},"properties":{"site":"verona","name":"Via Dietro Listone","highway":"pedestrian"}},{"type":"Feature","geometry":{"type":"LineString","coordinates":[[10.9940816,45.4397077],[10.9940094,45.4396821],[10.9939187,45.43965]]},"properties":{"site":"verona","name":"Via Dietro Anfiteatro","highway":"pedestrian"}},{"type":"Feature","geometry":{"type":"LineString","coordinates":[[10.9996926,45.4401714],[10.9996331,45.4402399],[10.9996254,45.4402538],[10.9995062,45.4404711],[10.999568,45.4404959]]},"properties":{"site":"verona","name":"Via Leoni","highway":"pedestrian"}},{"type":"Feature","geometry":{"type":"LineString","coordinates":[[10.9993583,45.4407278],[10.999896,45.440996]]},"properties":{"site":"verona","name":"Vicoletto Cieco Racchetta","highway":"footway"}},{"type":"Feature","geometry":{"type":"LineString","coordinates":[[10.9999186,45.4407094],[10.9998319,45.440802],[10.9994522,45.4406229]]},"properties":{"site":"verona","name":"Vicolo Amanti","highway":"footway"}},{"type":"Feature","geometry":{"type":"LineString","coordinates":[[10.9978619,45.4419343],[10.997911,45.441859],[10.9979317,45.4417977]]},"properties":{"site":"verona","name":"Vicolo San Tomaso Apostolo","highway":"pedestrian"}},{"type":"Feature","geometry":{"type":"LineString","coordinates":[[10.9981079,45.4420419],[10.9978619,45.4419343]]},"properties":{"site":"verona","name":"Vicolo Regina d'Ungheria","highway":"pedestrian"}},{"type":"Feature","geometry":{"type":"LineString","coordinates":[[10.9856876,45.430008],[10.9857935,45.4300409],[10.9859246,45.4300724]]},"properties":{"site":"verona","name":"","highway":"footway"}},{"type":"Feature","geometry":{"type":"LineString","coordinates":[[10.987208,45.430685],[10.9872435,45.4305592]]},"properties":{"site":"verona","name":"","highway":"footway"}},{"type":"Feature","geometry":{"type":"LineString","coordinates":[[10.9873136,45.4303461],[10.9873622,45.430331],[10.9873887,45.4302962],[10.9875032,45.430264],[10.9877077,45.4302093],[10.9877462,45.4301998],[10.987763,45.4301957],[10.9878344,45.4301724]]},"properties":{"site":"verona","name":"","highway":"footway"}},{"type":"Feature","geometry":{"type":"LineString","coordinates":[[10.992132,45.4384048],[10.9921442,45.4384086],[10.9921683,45.4384161]]},"properties":{"site":"verona","name":"","highway":"footway"}},{"type":"Feature","geometry":{"type":"LineString","coordinates":[[10.9921683,45.4384161],[10.9920781,45.4384592],[10.9920886,45.4384283]]},"properties":{"site":"verona","name":"","highway":"footway"}},{"type":"Feature","geometry":{"type":"LineString","coordinates":[[10.9921318,45.4383739],[10.9921026,45.4384065],[10.9920886,45.4384283]]},"properties":{"site":"verona","name":"","highway":"steps"}},{"type":"Feature","geometry":{"type":"LineString","coordinates":[[10.9869642,45.4423606],[10.9869756,45.4423034]]},"properties":{"site":"verona","name":"","highway":"footway"}},{"type":"Feature","geometry":{"type":"LineString","coordinates":[[10.9880863,45.4422466],[10.9881138,45.4422979],[10.9882077,45.4423478]]},"properties":{"site":"verona","name":"","highway":"service"}},{"type":"Feature","geometry":{"type":"LineString","coordinates":[[10.9879576,45.4423224],[10.9880038,45.4422825],[10.988016,45.442272],[10.9880863,45.4422466]]},"properties":{"site":"verona","name":"","highway":"service"}},{"type":"Feature","geometry":{"type":"LineString","coordinates":[[11.0026863,45.4425212],[11.0027499,45.4424885],[11.0034524,45.4421202],[11.0037357,45.4420284]]},"properties":{"site":"verona","name":"","highway":"footway"}},{"type":"Feature","geometry":{"type":"LineString","coordinates":[[11.0026361,45.4427115],[11.0024459,45.4427955]]},"properties":{"site":"verona","name":"","highway":"footway"}},{"type":"Feature","geometry":{"type":"LineString","coordinates":[[11.0022575,45.4427282],[11.0023882,45.4427277],[11.0023896,45.4427402]]},"properties":{"site":"verona","name":"","highway":"footway"}},{"type":"Feature","geometry":{"type":"LineString","coordinates":[[11.0022575,45.4427282],[11.0022558,45.442815],[11.0023896,45.4427402]]},"properties":{"site":"verona","name":"","highway":"footway"}},{"type":"Feature","geometry":{"type":"LineString","coordinates":[[11.0022618,45.4426115],[11.0023751,45.4426158],[11.0024536,45.442612],[11.0025112,45.4425969],[11.0023322,45.442429]]},"properties":{"site":"verona","name":"","highway":"footway"}},{"type":"Feature","geometry":{"type":"LineString","coordinates":[[11.002887,45.434135],[11.0028291,45.4341489],[11.0021719,45.4343067],[11.0012833,45.4345202],[11.0012403,45.4345652]]},"properties":{"site":"verona","name":"","highway":"footway"}},{"type":"Feature","geometry":{"type":"LineString","coordinates":[[11.0037351,45.4420916],[11.0036896,45.4420959],[11.0036358,45.4421155],[11.0034876,45.4421918],[11.0033126,45.4423052],[11.0030826,45.4424402],[11.0027754,45.442624]]},"properties":{"site":"verona","name":"","highway":"footway"}},{"type":"Feature","geometry":{"type":"LineString","coordinates":[[11.0038486,45.442164],[11.0039075,45.4421477],[11.0039792,45.4421274],[11.0039572,45.4420836],[11.0039395,45.4420436],[11.0039385,45.4420274],[11.0039436,45.4420246],[11.0039516,45.4420201],[11.0041152,45.4419867],[11.0042688,45.4419627],[11.0045909,45.4419138],[11.0046235,45.4419006],[11.0046778,45.4418945],[11.0051478,45.4418879],[11.0052504,45.4418968],[11.0053269,45.4419067],[11.0054174,45.4419316],[11.0056829,45.4420412],[11.0059461,45.4421486],[11.0059907,45.4421659],[11.0063153,45.4422915],[11.0066485,45.4423941],[11.0068143,45.4424509],[11.0068301,45.4424309],[11.0069991,45.4422424],[11.0071106,45.4421172],[11.0071737,45.4420465],[11.007277,45.4419374],[11.007381,45.4418272],[11.0075452,45.4416532],[11.0076197,45.4415761]]},"properties":{"site":"verona","name":"","highway":"footway"}},{"type":"Feature","geometry":{"type":"LineString","coordinates":[[11.0007075,45.442542],[11.0005876,45.4425235],[11.0004902,45.4425021],[11.0001873,45.4423842],[11.0001598,45.4423631],[11.0000707,45.4423281],[10.999536,45.4420571]]},"properties":{"site":"verona","name":"","highway":"footway"}},{"type":"Feature","geometry":{"type":"LineString","coordinates":[[10.9994703,45.4421121],[10.9994766,45.4421069],[10.9995051,45.4420837],[10.999536,45.4420571],[10.9994564,45.442017]]},"properties":{"site":"verona","name":"","highway":"footway"}},{"type":"Feature","geometry":{"type":"LineString","coordinates":[[11.000216,45.4425261],[10.999842,45.4423139],[10.9996218,45.4421939],[10.9994703,45.4421121],[10.9994025,45.4420946],[10.999363,45.4420751],[10.9993147,45.4420387],[10.9992839,45.4420128],[10.9992879,45.4419926],[10.9993067,45.4419712]]},"properties":{"site":"verona","name":"","highway":"footway"}},{"type":"Feature","geometry":{"type":"LineString","coordinates":[[11.0002945,45.442579],[11.0004339,45.4426472],[11.0004858,45.4426651],[11.0005787,45.4426874],[11.0006424,45.4426994],[11.0007024,45.4427063]]},"properties":{"site":"verona","name":"","highway":"footway"}},{"type":"Feature","geometry":{"type":"LineString","coordinates":[[11.000939,45.4425416],[11.0008555,45.4425418],[11.0007075,45.442542]]},"properties":{"site":"verona","name":"","highway":"footway"}},{"type":"Feature","geometry":{"type":"LineString","coordinates":[[11.000778,45.4427129],[11.0008471,45.4427139],[11.0009277,45.4427152]]},"properties":{"site":"verona","name":"","highway":"footway"}},{"type":"Feature","geometry":{"type":"LineString","coordinates":[[10.9994058,45.4420312],[10.9993067,45.4419712]]},"properties":{"site":"verona","name":"Piazza Francesco Viviani","highway":"pedestrian"}},{"type":"Feature","geometry":{"type":"LineString","coordinates":[[10.9963837,45.4315253],[10.9955154,45.4318372],[10.9955145,45.4318359]]},"properties":{"site":"verona","name":"","highway":"footway"}},{"type":"Feature","geometry":{"type":"LineString","coordinates":[[10.9882573,45.4317742],[10.988174,45.4317959],[10.9880917,45.4318173]]},"properties":{"site":"verona","name":"","highway":"footway"}},{"type":"Feature","geometry":{"type":"LineString","coordinates":[[10.9880159,45.4318366],[10.9881776,45.4321343]]},"properties":{"site":"verona","name":"","highway":"footway"}},{"type":"Feature","geometry":{"type":"LineString","coordinates":[[10.9916771,45.4383809],[10.9916092,45.4383975]]},"properties":{"site":"verona","name":"Via Roma","highway":"pedestrian"}},{"type":"Feature","geometry":{"type":"LineString","coordinates":[[10.9930599,45.441898],[10.993132,45.4419307],[10.9932252,45.4419781]]},"properties":{"site":"verona","name":"","highway":"footway"}},{"type":"Feature","geometry":{"type":"LineString","coordinates":[[10.9931382,45.4420862],[10.9932078,45.441997],[10.9932252,45.4419781],[10.993265,45.4419347],[10.9932764,45.4419319],[10.9933076,45.4418995]]},"properties":{"site":"verona","name":"","highway":"footway"}},{"type":"Feature","geometry":{"type":"LineString","coordinates":[[10.9901814,45.4381989],[10.9902266,45.4382012],[10.9913097,45.4379296]]},"properties":{"site":"verona","name":"","highway":"footway"}},{"type":"Feature","geometry":{"type":"LineString","coordinates":[[10.9907019,45.4379794],[10.9907467,45.4379722],[10.9912668,45.4378477]]},"properties":{"site":"verona","name":"","highway":"footway"}},{"type":"Feature","geometry":{"type":"LineString","coordinates":[[10.9921841,45.44275],[10.992236,45.4427317],[10.9922769,45.4427161]]},"properties":{"site":"verona","name":"","highway":"footway"}},{"type":"Feature","geometry":{"type":"LineString","coordinates":[[10.9945982,45.4464419],[10.9944494,45.4463516],[10.9940772,45.4458661],[10.9938915,45.4455274],[10.9938453,45.4454479],[10.9938017,45.4453722],[10.9936649,45.4451204],[10.9936512,45.4450943],[10.9933625,45.4445541],[10.9932144,45.4443204],[10.9929815,45.4439165],[10.992684,45.4433982],[10.9925772,45.4432057],[10.9924176,45.442937],[10.9923137,45.4427785],[10.9922769,45.4427161],[10.9922754,45.4427065],[10.9922815,45.4426754],[10.9923023,45.4426618],[10.9923606,45.4426411],[10.9923988,45.4426321],[10.992423,45.4426378],[10.9924625,45.4426477],[10.9924937,45.4426102],[10.9925121,45.4425907],[10.9925504,45.442538],[10.9928394,45.442331],[10.9929683,45.4422407],[10.993034,45.4421835],[10.9930843,45.4421369],[10.9931382,45.4420862]]},"properties":{"site":"verona","name":"","highway":"footway"}},{"type":"Feature","geometry":{"type":"LineString","coordinates":[[10.9945683,45.4465554],[10.9944426,45.4466644],[10.9943384,45.4467481],[10.9941358,45.4469087],[10.9939387,45.4470631],[10.9938549,45.4471294],[10.99381,45.4471656]]},"properties":{"site":"verona","name":"","highway":"footway"}},{"type":"Feature","geometry":{"type":"LineString","coordinates":[[10.99381,45.4471656],[10.9937988,45.4471721],[10.9937831,45.4471811],[10.9937563,45.4471812],[10.9937076,45.4471571]]},"properties":{"site":"verona","name":"","highway":"footway"}},{"type":"Feature","geometry":{"type":"LineString","coordinates":[[10.9921161,45.4427262],[10.992121,45.4427241],[10.9921361,45.4427184],[10.9921455,45.442718],[10.9921584,45.4427233],[10.9921841,45.44275],[10.992322,45.4429209],[10.9923292,45.4429338],[10.9923265,45.4429409],[10.9923188,45.4429468],[10.9923108,45.4429498],[10.9923024,45.4429541],[10.9923017,45.4429597],[10.9923574,45.4430576],[10.9925659,45.4434339],[10.9927688,45.443779],[10.9928613,45.4439435],[10.9928972,45.4440084],[10.9930504,45.4442822],[10.9930891,45.4443525],[10.9932123,45.4445696],[10.9932738,45.4446778],[10.9933736,45.4448559],[10.9935236,45.4451283],[10.9936352,45.445329],[10.9936949,45.445431],[10.9937502,45.4455284],[10.9938294,45.445663],[10.993881,45.4457549],[10.9939266,45.4458356],[10.9940672,45.44608],[10.9941504,45.4461609],[10.994261,45.4462708],[10.9943899,45.4463983],[10.9944211,45.4464251],[10.994514,45.4464973],[10.9945559,45.4465312],[10.994569,45.4465406],[10.9945733,45.4465462],[10.9945727,45.4465509],[10.9945683,45.4465554]]},"properties":{"site":"verona","name":"","highway":"footway"}},{"type":"Feature","geometry":{"type":"LineString","coordinates":[[11.0035302,45.4505494],[11.0035982,45.4502825],[11.0037609,45.4498808]]},"properties":{"site":"verona","name":"","highway":"path"}},{"type":"Feature","geometry":{"type":"LineString","coordinates":[[11.0011364,45.4478907],[11.001173,45.4478663],[11.0012056,45.4478694],[11.0012567,45.4478794],[11.0015347,45.4479251]]},"properties":{"site":"verona","name":"","highway":"footway"}},{"type":"Feature","geometry":{"type":"LineString","coordinates":[[11.0015347,45.4479251],[11.0016188,45.4479289],[11.0016185,45.4479121]]},"properties":{"site":"verona","name":"","highway":"steps"}},{"type":"Feature","geometry":{"type":"LineString","coordinates":[[11.0020663,45.4391994],[11.0020848,45.4391969],[11.0020892,45.4392139],[11.0021498,45.4394863],[11.0021743,45.4396708],[11.002153,45.4412683]]},"properties":{"site":"verona","name":"","highway":"footway"}},{"type":"Feature","geometry":{"type":"LineString","coordinates":[[11.0021089,45.4426093],[11.002116,45.4424104],[11.0021279,45.4420761],[11.0021471,45.4414951],[11.002153,45.4412683]]},"properties":{"site":"verona","name":"","highway":"footway"}},{"type":"Feature","geometry":{"type":"LineString","coordinates":[[11.0020926,45.4433198],[11.002099,45.4430154],[11.0021036,45.4427289]]},"properties":{"site":"verona","name":"","highway":"footway"}},{"type":"Feature","geometry":{"type":"LineString","coordinates":[[11.0019151,45.4461907],[11.002003,45.4456831],[11.0020633,45.4456643],[11.0020847,45.4452334],[11.0020385,45.4452046],[11.0020493,45.4448024],[11.0020541,45.4447077],[11.0020886,45.4434403],[11.0020926,45.4433198]]},"properties":{"site":"verona","name":"","highway":"footway"}},{"type":"Feature","geometry":{"type":"LineString","coordinates":[[10.9909991,45.4414267],[10.9910224,45.4413976]]},"properties":{"site":"verona","name":"","highway":"footway"}},{"type":"Feature","geometry":{"type":"LineString","coordinates":[[10.9903512,45.441135],[10.9903673,45.441116]]},"properties":{"site":"verona","name":"","highway":"footway"}},{"type":"Feature","geometry":{"type":"LineString","coordinates":[[10.9927987,45.4367396],[10.992761,45.4367466],[10.9927387,45.4367499]]},"properties":{"site":"verona","name":"","highway":"pedestrian"}},{"type":"Feature","geometry":{"type":"LineString","coordinates":[[11.0043721,45.4445316],[11.0043447,45.4445245],[11.0040803,45.4444557],[11.0041303,45.4443116],[11.0041352,45.4442941],[11.0041488,45.4442455],[11.0041635,45.4441931],[11.0042809,45.4442133],[11.0042953,45.4442006],[11.004344,45.4442249],[11.0043853,45.4442456],[11.0043209,45.4442903],[11.0043254,45.4442999],[11.004327,45.4443153],[11.0043072,45.4443178],[11.0043031,45.4443184],[11.0043041,45.4443225],[11.0042983,45.4443235],[11.0043491,45.4445129],[11.0043746,45.4445109],[11.0043763,45.4445228],[11.0043721,45.4445316]]},"properties":{"site":"verona","name":"Piazzetta Santa Maria in Organo","highway":"pedestrian"}},{"type":"Feature","geometry":{"type":"LineString","coordinates":[[11.0024753,45.4329924],[11.0026265,45.4330369],[11.0026829,45.4330806],[11.0027227,45.4331101],[11.0028678,45.4332175],[11.0029671,45.433356],[11.0029959,45.433427],[11.0029989,45.4334949],[11.0029742,45.4335479],[11.0029323,45.4335888]]},"properties":{"site":"verona","name":"","highway":"service"}},{"type":"Feature","geometry":{"type":"LineString","coordinates":[[11.0026829,45.4330806],[11.0026937,45.4331283],[11.0027114,45.4332069],[11.0028286,45.4334491],[11.0028558,45.4335054],[11.0028729,45.4336217],[11.0028614,45.4337226],[11.0028054,45.4338213],[11.0028026,45.4339083],[11.0028209,45.4339806],[11.0028623,45.4340108],[11.0028779,45.4340221],[11.0029261,45.4340435],[11.0029692,45.4340485]]},"properties":{"site":"verona","name":"","highway":"service"}},{"type":"Feature","geometry":{"type":"LineString","coordinates":[[11.0008396,45.434788],[10.999737,45.4350627]]},"properties":{"site":"verona","name":"","highway":"footway"}},{"type":"Feature","geometry":{"type":"LineString","coordinates":[[11.0069165,45.4433783],[11.0069499,45.4433403],[11.0069927,45.4432917],[11.0070604,45.443215]]},"properties":{"site":"verona","name":"","highway":"path"}},{"type":"Feature","geometry":{"type":"LineString","coordinates":[[11.0070954,45.4438308],[11.007208,45.4437125]]},"properties":{"site":"verona","name":"","highway":"path"}},{"type":"Feature","geometry":{"type":"LineString","coordinates":[[11.00677,45.4432579],[11.0069499,45.4433403],[11.0070953,45.4434011],[11.0073768,45.4435298],[11.0072592,45.443657]]},"properties":{"site":"verona","name":"","highway":"path"}},{"type":"Feature","geometry":{"type":"LineString","coordinates":[[11.0077115,45.4436258],[11.0076463,45.4438013],[11.0076356,45.4438695],[11.0075786,45.443949],[11.0075591,45.4440417],[11.0075471,45.4440581],[11.0075203,45.4440779],[11.0074841,45.4440817],[11.0074579,45.4440845],[11.0073915,45.4440868],[11.0073526,45.4440972],[11.0073037,45.4441273],[11.0072903,45.4441508],[11.0072856,45.4441748],[11.0072869,45.4441908],[11.0072943,45.4442134],[11.0072956,45.4442219],[11.007295,45.4442341],[11.0072856,45.4442383],[11.0072681,45.4442336],[11.0072291,45.4442168]]},"properties":{"site":"verona","name":"","highway":"path"}},{"type":"Feature","geometry":{"type":"LineString","coordinates":[[11.0072749,45.4437059],[11.0072831,45.443693],[11.0072829,45.443679],[11.0072745,45.4436662],[11.0072592,45.443657],[11.0072418,45.4436533],[11.0072237,45.4436544],[11.0072075,45.4436603],[11.0071957,45.44367],[11.0071902,45.4436811],[11.0071906,45.4436928],[11.0071968,45.4437038],[11.007208,45.4437125],[11.0072212,45.4437175],[11.0072359,45.4437194],[11.0072507,45.4437179],[11.0072642,45.4437133],[11.0072749,45.4437059]]},"properties":{"site":"verona","name":"","highway":"path"}},{"type":"Feature","geometry":{"type":"LineString","coordinates":[[11.0066242,45.4434108],[11.0068193,45.4434992],[11.0069536,45.4435602],[11.0071957,45.44367]]},"properties":{"site":"verona","name":"","highway":"path"}},{"type":"Feature","geometry":{"type":"LineString","coordinates":[[11.0075987,45.4432687],[11.0073291,45.4431471],[11.0071783,45.4430791],[11.0070515,45.4430222],[11.0070167,45.4430156],[11.0069851,45.4430245],[11.006911,45.4431021],[11.0068103,45.4432074],[11.00677,45.4432579],[11.0067117,45.4433187],[11.0066242,45.4434108],[11.0065548,45.4434903],[11.0064957,45.4435581],[11.006493,45.4435787],[11.0065111,45.4435924],[11.0066835,45.4436665],[11.0068054,45.443719],[11.0069696,45.4437823],[11.0070954,45.4438308],[11.0073466,45.4439307]]},"properties":{"site":"verona","name":"","highway":"path"}},{"type":"Feature","geometry":{"type":"LineString","coordinates":[[11.0073291,45.4431471],[11.0072363,45.4432485],[11.0071362,45.4433581],[11.0070953,45.4434011],[11.0070354,45.4434683],[11.0069536,45.4435602],[11.0068809,45.443638],[11.0068054,45.443719]]},"properties":{"site":"verona","name":"","highway":"path"}},{"type":"Feature","geometry":{"type":"LineString","coordinates":[[10.9872435,45.4305592],[10.9872674,45.4304863],[10.9872921,45.4304172]]},"properties":{"site":"verona","name":"","highway":"footway"}},{"type":"Feature","geometry":{"type":"LineString","coordinates":[[10.9958594,45.4491591],[10.9958723,45.4490626],[10.9957105,45.4490509],[10.9956633,45.4490475],[10.9956524,45.4490467],[10.9956928,45.4488256],[10.9957054,45.4488098],[10.9957422,45.448764]]},"properties":{"site":"verona","name":"","highway":"service"}},{"type":"Feature","geometry":{"type":"LineString","coordinates":[[10.9937727,45.4497001],[10.9937453,45.44962],[10.9937318,45.4495829],[10.9937264,45.4495679]]},"properties":{"site":"verona","name":"","highway":"footway"}},{"type":"Feature","geometry":{"type":"LineString","coordinates":[[10.9938209,45.4497439],[10.9939845,45.4497293],[10.9940757,45.4497288],[10.9941951,45.4497444],[10.994246,45.4497547],[10.9944727,45.4498173],[10.9954181,45.4501023],[10.9954382,45.4500957],[10.9954356,45.450083],[10.9943379,45.4496931],[10.9942138,45.4496644],[10.9940965,45.4496564],[10.9939844,45.4496707],[10.9938766,45.4496858],[10.9937727,45.4497001],[10.9934226,45.449774],[10.9926943,45.4499763],[10.9920249,45.4502202],[10.9920192,45.4502282],[10.99202,45.4502376],[10.9920317,45.4502431],[10.9920502,45.4502402],[10.9920721,45.4502333],[10.9921205,45.4502144],[10.992512,45.4500614],[10.9927735,45.4499786],[10.9934822,45.4498069],[10.9938209,45.4497439]]},"properties":{"site":"verona","name":"","highway":"footway"}},{"type":"Feature","geometry":{"type":"LineString","coordinates":[[10.9949989,45.4490314],[10.9949889,45.4490794],[10.9949834,45.4491059]]},"properties":{"site":"verona","name":"","highway":"footway"}},{"type":"Feature","geometry":{"type":"LineString","coordinates":[[10.9935942,45.4478014],[10.993552,45.4479346],[10.9934869,45.4482268],[10.993556,45.4485147],[10.9936646,45.4488247],[10.9936833,45.4488922]]},"properties":{"site":"verona","name":"","highway":"path"}},{"type":"Feature","geometry":{"type":"LineString","coordinates":[[10.9935942,45.4478014],[10.9936646,45.4475696],[10.993735,45.4474411],[10.9937703,45.4474076],[10.9938101,45.4473955],[10.9938543,45.4473598]]},"properties":{"site":"verona","name":"","highway":"path"}},{"type":"Feature","geometry":{"type":"LineString","coordinates":[[10.993324,45.4477234],[10.9932573,45.4476791],[10.9931778,45.4476295]]},"properties":{"site":"verona","name":"","highway":"footway"}},{"type":"Feature","geometry":{"type":"LineString","coordinates":[[10.9931646,45.4479033],[10.9932021,45.4478879],[10.9932563,45.4478656]]},"properties":{"site":"verona","name":"","highway":"footway"}},{"type":"Feature","geometry":{"type":"LineString","coordinates":[[10.9936104,45.4472641],[10.9935855,45.4473249],[10.9931778,45.4476295],[10.9931454,45.4476503],[10.9931136,45.4476498],[10.9930837,45.4476231],[10.9929663,45.4474979],[10.99264,45.4471488],[10.9924439,45.4468889],[10.9923229,45.4466734],[10.9920654,45.4461898],[10.9917265,45.4455338],[10.9917076,45.4454973],[10.9916855,45.4453152],[10.9917177,45.4451757],[10.9917266,45.4451387],[10.9919361,45.4450716],[10.9920191,45.4450452],[10.9923115,45.445541],[10.9925381,45.4459306],[10.9928415,45.4464135],[10.9931423,45.4467632],[10.9934977,45.4471062],[10.993599,45.4472123],[10.9936121,45.4472337],[10.9936104,45.4472641]]},"properties":{"site":"verona","name":"","highway":"footway"}},{"type":"Feature","geometry":{"type":"LineString","coordinates":[[10.9877385,45.4317288],[10.987724,45.4316942],[10.9877025,45.4316422]]},"properties":{"site":"verona","name":"","highway":"path"}},{"type":"Feature","geometry":{"type":"LineString","coordinates":[[10.9857564,45.4304131],[10.9858478,45.4304099],[10.9859305,45.4304182],[10.9861956,45.4304458],[10.9865369,45.4305253],[10.9866879,45.4305761],[10.9868566,45.4306524]]},"properties":{"site":"verona","name":"","highway":"path"}},{"type":"Feature","geometry":{"type":"LineString","coordinates":[[10.9857363,45.4303277],[10.9857467,45.4303692],[10.9857564,45.4304131]]},"properties":{"site":"verona","name":"","highway":"path"}},{"type":"Feature","geometry":{"type":"LineString","coordinates":[[10.9854455,45.4303057],[10.9855403,45.4302906],[10.9857363,45.4303277]]},"properties":{"site":"verona","name":"","highway":"path"}},{"type":"Feature","geometry":{"type":"LineString","coordinates":[[10.9853655,45.4303204],[10.9854032,45.4303134],[10.9854455,45.4303057]]},"properties":{"site":"verona","name":"","highway":"path"}},{"type":"Feature","geometry":{"type":"LineString","coordinates":[[10.9851689,45.4302593],[10.9851859,45.4302724],[10.9852157,45.4302752],[10.9852607,45.4302711],[10.9852891,45.430283],[10.9853178,45.430315],[10.9853441,45.4303219],[10.9853655,45.4303204]]},"properties":{"site":"verona","name":"","highway":"path"}},{"type":"Feature","geometry":{"type":"LineString","coordinates":[[10.9849588,45.4301851],[10.9850625,45.4302089]]},"properties":{"site":"verona","name":"","highway":"path"}},{"type":"Feature","geometry":{"type":"LineString","coordinates":[[10.9853293,45.429988],[10.9852507,45.4300298],[10.9851831,45.4300684],[10.9851063,45.4301122],[10.9849588,45.4301851]]},"properties":{"site":"verona","name":"","highway":"path"}},{"type":"Feature","geometry":{"type":"LineString","coordinates":[[10.9975769,45.4430545],[10.9975374,45.4430349]]},"properties":{"site":"verona","name":"Via della Costa","highway":"pedestrian"}},{"type":"Feature","geometry":{"type":"LineString","coordinates":[[10.9981581,45.4433044],[10.9981327,45.4433234],[10.9978622,45.4431952],[10.9978365,45.443183],[10.9975769,45.4430545]]},"properties":{"site":"verona","name":"Via della Costa","highway":"pedestrian"}},{"type":"Feature","geometry":{"type":"LineString","coordinates":[[10.9992455,45.4489311],[10.9992148,45.448891]]},"properties":{"site":"verona","name":"","highway":"steps"}},{"type":"Feature","geometry":{"type":"LineString","coordinates":[[10.9977605,45.4490756],[10.9977577,45.4490326],[10.9977291,45.4489764]]},"properties":{"site":"verona","name":"Lungadige San Giorgio","highway":"path"}},{"type":"Feature","geometry":{"type":"LineString","coordinates":[[10.994861,45.4481193],[10.9953405,45.4482368],[10.9957051,45.448263]]},"properties":{"site":"verona","name":"Lungadige San Giorgio","highway":"path"}},{"type":"Feature","geometry":{"type":"LineString","coordinates":[[10.9937671,45.447277],[10.9938054,45.4473183],[10.9938543,45.4473598],[10.9942741,45.4476059],[10.9949162,45.4480054],[10.994926,45.4480273],[10.9949166,45.4480457],[10.994861,45.4481193]]},"properties":{"site":"verona","name":"Lungadige San Giorgio","highway":"path"}},{"type":"Feature","geometry":{"type":"LineString","coordinates":[[10.9977291,45.4489764],[10.9980065,45.4489794],[10.9983404,45.4489485],[10.9984435,45.4489374],[10.9987347,45.4488792],[10.9989542,45.4488245],[10.9991336,45.4487671],[10.9994032,45.4486798],[10.9997394,45.448558],[10.9999477,45.4484507],[11.0001502,45.4483334],[11.0003235,45.4481927],[11.0004431,45.4480844]]},"properties":{"site":"verona","name":"Lungadige San Giorgio","highway":"path"}},{"type":"Feature","geometry":{"type":"LineString","coordinates":[[11.0026945,45.4487406],[11.002798,45.4487379]]},"properties":{"site":"verona","name":"","highway":"steps"}},{"type":"Feature","geometry":{"type":"LineString","coordinates":[[11.002798,45.4487379],[11.0028669,45.4488117],[11.0029339,45.4488884],[11.0030733,45.4489327],[11.0032235,45.4490273],[11.0032751,45.4490899],[11.0033745,45.4491143],[11.0034962,45.4492175],[11.0035555,45.4493304]]},"properties":{"site":"verona","name":"","highway":"footway"}},{"type":"Feature","geometry":{"type":"LineString","coordinates":[[11.0035555,45.4493304],[11.0035963,45.4494077],[11.0036676,45.4494714],[11.0036252,45.4495454],[11.0035736,45.4495303],[11.0035212,45.44944],[11.0034488,45.4494051],[11.0034458,45.4494747],[11.0033919,45.4495267],[11.0033294,45.4495581]]},"properties":{"site":"verona","name":"","highway":"steps"}},{"type":"Feature","geometry":{"type":"LineString","coordinates":[[11.0036252,45.4495454],[11.0035673,45.4496058],[11.0035646,45.4496473]]},"properties":{"site":"verona","name":"","highway":"footway"}},{"type":"Feature","geometry":{"type":"LineString","coordinates":[[11.0029431,45.4492435],[11.0032598,45.4495014],[11.0032661,45.4495066]]},"properties":{"site":"verona","name":"","highway":"footway"}},{"type":"Feature","geometry":{"type":"LineString","coordinates":[[11.0032598,45.4495014],[11.0033088,45.4494748]]},"properties":{"site":"verona","name":"","highway":"steps"}},{"type":"Feature","geometry":{"type":"LineString","coordinates":[[11.0033294,45.4495581],[11.0033399,45.4495667],[11.0033989,45.4497221]]},"properties":{"site":"verona","name":"","highway":"footway"}},{"type":"Feature","geometry":{"type":"LineString","coordinates":[[11.0032661,45.4495066],[11.0033294,45.4495581]]},"properties":{"site":"verona","name":"","highway":"steps"}},{"type":"Feature","geometry":{"type":"LineString","coordinates":[[11.0033088,45.4494748],[11.0033425,45.4494559],[11.003388,45.4494919]]},"properties":{"site":"verona","name":"","highway":"footway"}},{"type":"Feature","geometry":{"type":"LineString","coordinates":[[11.0034488,45.4494051],[11.0032387,45.4492374],[11.0030134,45.4490605],[11.002843,45.4489008]]},"properties":{"site":"verona","name":"","highway":"footway"}},{"type":"Feature","geometry":{"type":"LineString","coordinates":[[11.0027473,45.449393],[11.0028314,45.4494029],[11.0033077,45.4497952],[11.0034661,45.4499071],[11.0036083,45.4499452]]},"properties":{"site":"verona","name":"","highway":"footway"}},{"type":"Feature","geometry":{"type":"LineString","coordinates":[[10.9947358,45.4495619],[10.9946132,45.4495645],[10.9945847,45.4495884]]},"properties":{"site":"verona","name":"","highway":"footway"}},{"type":"Feature","geometry":{"type":"LineString","coordinates":[[10.9945847,45.4495884],[10.9946144,45.4496016]]},"properties":{"site":"verona","name":"","highway":"steps"}},{"type":"Feature","geometry":{"type":"LineString","coordinates":[[10.9946144,45.4496016],[10.9945793,45.4496428]]},"properties":{"site":"verona","name":"","highway":"footway"}},{"type":"Feature","geometry":{"type":"LineString","coordinates":[[10.995498,45.4370403],[10.995566,45.4371018]]},"properties":{"site":"verona","name":"","highway":"footway"}},{"type":"Feature","geometry":{"type":"LineString","coordinates":[[10.9952213,45.43726],[10.995204,45.4371788],[10.995195,45.4371247]]},"properties":{"site":"verona","name":"","highway":"footway"}},{"type":"Feature","geometry":{"type":"LineString","coordinates":[[10.9970319,45.4435037],[10.9970978,45.4434442],[10.9973126,45.4432511],[10.9973331,45.4432318],[10.9973519,45.443216],[10.9974992,45.4430774],[10.9975374,45.4430349],[10.9975516,45.4430192],[10.9975317,45.4430098],[10.9976403,45.4428529],[10.9976449,45.442846],[10.9976516,45.442835],[10.9977582,45.4426825],[10.997808,45.4426058],[10.9977205,45.4425797],[10.9975716,45.4428241],[10.9975394,45.442877],[10.9974744,45.4429725],[10.9974521,45.4429992],[10.9974435,45.4430107],[10.9972551,45.4432087],[10.9969239,45.4435329],[10.9968943,45.4435508],[10.9968682,45.4435606],[10.9968306,45.4435658],[10.996919,45.4436063],[10.9969595,45.4435687],[10.9970319,45.4435037]]},"properties":{"site":"verona","name":"Piazza delle Erbe","highway":"pedestrian"}},{"type":"Feature","geometry":{"type":"LineString","coordinates":[[10.9966023,45.4434931],[10.9966144,45.4434983],[10.9966305,45.4434983],[10.9966633,45.4434705],[10.9967317,45.4433948],[10.9967733,45.4433336],[10.9968618,45.4431831],[10.9969363,45.443057],[10.9970221,45.4429478],[10.9969063,45.4428998],[10.9968636,45.4429849],[10.996838,45.4430404],[10.996815,45.4430941],[10.9967943,45.443159],[10.9967597,45.4432351],[10.9967204,45.443321],[10.9967231,45.4433223],[10.9967025,45.4433702],[10.9966793,45.4434051],[10.9966216,45.4434711],[10.9966023,45.4434931]]},"properties":{"site":"verona","name":"","highway":"footway"}},{"type":"Feature","geometry":{"type":"LineString","coordinates":[[11.0009361,45.4427037],[11.0009373,45.4426472],[11.0009384,45.4425978]]},"properties":{"site":"verona","name":"","highway":"footway"}},{"type":"Feature","geometry":{"type":"LineString","coordinates":[[10.9981327,45.4433234],[10.998413,45.4434623],[10.9985127,45.4435118]]},"properties":{"site":"verona","name":"Piazza dei Signori","highway":"pedestrian"}},{"type":"Feature","geometry":{"type":"LineString","coordinates":[[10.9981327,45.4433234],[10.9980429,45.4434216],[10.9980476,45.4434365],[10.9980342,45.4434498],[10.9980147,45.4434498],[10.9979289,45.4435407],[10.9978957,45.4435759]]},"properties":{"site":"verona","name":"Piazza dei Signori","highway":"pedestrian"}},{"type":"Feature","geometry":{"type":"LineString","coordinates":[[10.997989,45.44305],[10.9979976,45.4430398],[10.9979653,45.4430268]]},"properties":{"site":"verona","name":"","highway":"pedestrian"}},{"type":"Feature","geometry":{"type":"LineString","coordinates":[[10.9978826,45.4431732],[10.9978622,45.4431952]]},"properties":{"site":"verona","name":"Ingresso Mercato vecchio","highway":"pedestrian"}},{"type":"Feature","geometry":{"type":"LineString","coordinates":[[10.9976449,45.442846],[10.9975716,45.4428241]]},"properties":{"site":"verona","name":"Piazza delle Erbe","highway":"pedestrian"}},{"type":"Feature","geometry":{"type":"LineString","coordinates":[[10.9980359,45.4429769],[10.9981019,45.4428501],[10.9981279,45.4428001]]},"properties":{"site":"verona","name":"","highway":"pedestrian"}},{"type":"Feature","geometry":{"type":"LineString","coordinates":[[10.9980359,45.4429769],[10.9979976,45.4430398]]},"properties":{"site":"verona","name":"","highway":"pedestrian"}},{"type":"Feature","geometry":{"type":"LineString","coordinates":[[10.9938543,45.4473598],[10.9938886,45.4473322],[10.9939354,45.4472946],[10.993884,45.4472619],[10.9939089,45.447241],[10.9939133,45.4472373],[10.9939198,45.4472318]]},"properties":{"site":"verona","name":"","highway":"footway"}},{"type":"Feature","geometry":{"type":"LineString","coordinates":[[10.9958712,45.4385915],[10.9954345,45.4385067],[10.9950919,45.4384312]]},"properties":{"site":"verona","name":"Via Leoncino","highway":"pedestrian"}},{"type":"Feature","geometry":{"type":"LineString","coordinates":[[10.995764,45.4432569],[10.9956841,45.4433428],[10.9957041,45.4433722],[10.9956162,45.4434741]]},"properties":{"site":"verona","name":"Corte Sgarzarie","highway":"pedestrian"}},{"type":"Feature","geometry":{"type":"LineString","coordinates":[[10.9961483,45.4434372],[10.9960517,45.4435307],[10.9959629,45.4436199],[10.995891,45.4435896],[10.9956162,45.4434741]]},"properties":{"site":"verona","name":"Corte Sgarzarie","highway":"pedestrian"}},{"type":"Feature","geometry":{"type":"LineString","coordinates":[[10.9960517,45.4435307],[10.9957041,45.4433722]]},"properties":{"site":"verona","name":"Corte Sgarzarie","highway":"pedestrian"}},{"type":"Feature","geometry":{"type":"LineString","coordinates":[[10.997781,45.4443459],[10.9978204,45.4443668],[10.9978275,45.4443855],[10.9978098,45.4444053],[10.9977956,45.4444227],[10.9978204,45.4444488],[10.9978968,45.4444932]]},"properties":{"site":"verona","name":"Vicolo Santa Cecilia","highway":"pedestrian"}},{"type":"Feature","geometry":{"type":"LineString","coordinates":[[10.9933622,45.4393351],[10.9934774,45.439312]]},"properties":{"site":"verona","name":"Piazza Bra","highway":"pedestrian"}},{"type":"Feature","geometry":{"type":"LineString","coordinates":[[10.9934774,45.439312],[10.9935907,45.439289]]},"properties":{"site":"verona","name":"","highway":"steps"}},{"type":"Feature","geometry":{"type":"LineString","coordinates":[[10.9935907,45.439289],[10.9936491,45.4393797],[10.9937255,45.4394484],[10.993802,45.4394983],[10.9938325,45.4395107],[10.9938851,45.4395322],[10.9939736,45.4395566],[10.9940782,45.4395773],[10.9941958,45.4395862]]},"properties":{"site":"verona","name":"Via Dietro Anfiteatro","highway":"pedestrian"}},{"type":"Feature","geometry":{"type":"LineString","coordinates":[[10.9935907,45.439289],[10.9935447,45.4392099],[10.9935205,45.4391098],[10.9935134,45.4390125],[10.9935292,45.4389256],[10.9935576,45.4388474],[10.9936062,45.4387724],[10.9936513,45.4387065]]},"properties":{"site":"verona","name":"Piazza Bra","highway":"pedestrian"}},{"type":"Feature","geometry":{"type":"LineString","coordinates":[[10.9936513,45.4387065],[10.9934789,45.4386258]]},"properties":{"site":"verona","name":"Piazza Bra","highway":"pedestrian"}},{"type":"Feature","geometry":{"type":"LineString","coordinates":[[10.9934789,45.4386258],[10.9933555,45.4386237]]},"properties":{"site":"verona","name":"Piazza Bra","highway":"pedestrian"}},{"type":"Feature","geometry":{"type":"LineString","coordinates":[[10.9938325,45.4395107],[10.9938421,45.4395007]]},"properties":{"site":"verona","name":"","highway":"footway"}},{"type":"Feature","geometry":{"type":"LineString","coordinates":[[10.995618,45.4367923],[10.995625,45.4368074],[10.9956402,45.4368402]]},"properties":{"site":"verona","name":"","highway":"footway"}},{"type":"Feature","geometry":{"type":"LineString","coordinates":[[10.9956012,45.4367704],[10.995618,45.4367923]]},"properties":{"site":"verona","name":"","highway":"steps"}},{"type":"Feature","geometry":{"type":"LineString","coordinates":[[10.9955676,45.4367396],[10.9956012,45.4367704]]},"properties":{"site":"verona","name":"","highway":"footway"}},{"type":"Feature","geometry":{"type":"LineString","coordinates":[[10.9876004,45.4315669],[10.9875901,45.4316257]]},"properties":{"site":"verona","name":"","highway":"path"}},{"type":"Feature","geometry":{"type":"LineString","coordinates":[[10.9877025,45.4316422],[10.9876557,45.4316086],[10.9876004,45.4315669]]},"properties":{"site":"verona","name":"","highway":"path"}},{"type":"Feature","geometry":{"type":"LineString","coordinates":[[10.9908071,45.4369855],[10.99087,45.4369709]]},"properties":{"site":"verona","name":"","highway":"path"}},{"type":"Feature","geometry":{"type":"LineString","coordinates":[[10.9911078,45.4369096],[10.9911801,45.4368903]]},"properties":{"site":"verona","name":"","highway":"path"}},{"type":"Feature","geometry":{"type":"LineString","coordinates":[[10.9858888,45.4412797],[10.9858765,45.4412496]]},"properties":{"site":"verona","name":"","highway":"footway"}},{"type":"Feature","geometry":{"type":"LineString","coordinates":[[10.9869918,45.4413197],[10.9868415,45.441387],[10.9867109,45.4414195],[10.9865735,45.4414412],[10.9864267,45.4414669]]},"properties":{"site":"verona","name":"","highway":"footway"}},{"type":"Feature","geometry":{"type":"LineString","coordinates":[[10.988034,45.443012],[10.9880129,45.4426731]]},"properties":{"site":"verona","name":"","highway":"service"}},{"type":"Feature","geometry":{"type":"LineString","coordinates":[[10.9880129,45.4426731],[10.9880059,45.4425605]]},"properties":{"site":"verona","name":"","highway":"service"}},{"type":"Feature","geometry":{"type":"LineString","coordinates":[[10.9868231,45.4414846],[10.986922,45.4415606],[10.9870429,45.4415981]]},"properties":{"site":"verona","name":"","highway":"footway"}},{"type":"Feature","geometry":{"type":"LineString","coordinates":[[10.9850001,45.4417784],[10.9855003,45.4422217]]},"properties":{"site":"verona","name":"","highway":"footway"}},{"type":"Feature","geometry":{"type":"LineString","coordinates":[[11.0115356,45.4381197],[11.0108837,45.4380576],[11.0108363,45.4380455],[11.0108605,45.4379086],[11.0115667,45.4379825]]},"properties":{"site":"verona","name":"","highway":"service"}},{"type":"Feature","geometry":{"type":"LineString","coordinates":[[11.0115667,45.4379825],[11.0122815,45.4380534],[11.0123408,45.438059]]},"properties":{"site":"verona","name":"","highway":"service"}},{"type":"Feature","geometry":{"type":"LineString","coordinates":[[10.9877243,45.4482027],[10.9875773,45.4484316]]},"properties":{"site":"verona","name":"","highway":"footway"}},{"type":"Feature","geometry":{"type":"LineString","coordinates":[[11.0018151,45.4469422],[11.0018371,45.4469742],[11.001864,45.4470083]]},"properties":{"site":"verona","name":"","highway":"footway"}},{"type":"Feature","geometry":{"type":"LineString","coordinates":[[10.9945018,45.4395522],[10.9945792,45.4395343],[10.9946974,45.4394845],[10.9947759,45.4394369],[10.9947982,45.4394553]]},"properties":{"site":"verona","name":"Via Dietro Anfiteatro","highway":"pedestrian"}},{"type":"Feature","geometry":{"type":"LineString","coordinates":[[10.9941958,45.4395862],[10.9942469,45.4395885],[10.9943309,45.4395821],[10.9944396,45.4395668],[10.9945018,45.4395522]]},"properties":{"site":"verona","name":"Via Dietro Anfiteatro","highway":"pedestrian"}},{"type":"Feature","geometry":{"type":"LineString","coordinates":[[11.0041483,45.4367284],[11.0041628,45.4366143]]},"properties":{"site":"verona","name":"Viale Università","highway":"footway"}},{"type":"Feature","geometry":{"type":"LineString","coordinates":[[11.0042614,45.4359871],[11.0043524,45.4359825]]},"properties":{"site":"verona","name":"","highway":"service"}},{"type":"Feature","geometry":{"type":"LineString","coordinates":[[11.0043547,45.4360192],[11.0042057,45.4360241]]},"properties":{"site":"verona","name":"","highway":"service"}},{"type":"Feature","geometry":{"type":"LineString","coordinates":[[11.0041217,45.4360111],[11.0041662,45.435992],[11.0042614,45.4359871]]},"properties":{"site":"verona","name":"","highway":"service"}},{"type":"Feature","geometry":{"type":"LineString","coordinates":[[11.0042057,45.4360241],[11.0041682,45.4360254],[11.0041217,45.4360111]]},"properties":{"site":"verona","name":"","highway":"service"}},{"type":"Feature","geometry":{"type":"LineString","coordinates":[[11.0041217,45.4360111],[11.0040929,45.4360049],[11.0040788,45.435988],[11.0040694,45.4359579],[11.0040587,45.435925],[11.0040372,45.4359066],[11.004003,45.4358934],[11.0039561,45.4358995],[11.0039313,45.4359193],[11.0039185,45.4359381],[11.0039192,45.4359555],[11.0039292,45.435972],[11.00395,45.4359866],[11.0039681,45.4359946],[11.003993,45.4359988],[11.0040278,45.435996]]},"properties":{"site":"verona","name":"","highway":"service"}},{"type":"Feature","geometry":{"type":"LineString","coordinates":[[11.0063502,45.4386377],[11.0063709,45.4384937]]},"properties":{"site":"verona","name":"","highway":"service"}},{"type":"Feature","geometry":{"type":"LineString","coordinates":[[11.0063414,45.4386984],[11.0063502,45.4386377]]},"properties":{"site":"verona","name":"","highway":"service"}},{"type":"Feature","geometry":{"type":"LineString","coordinates":[[11.0023516,45.4482687],[11.0026506,45.4484689],[11.0029215,45.4485883]]},"properties":{"site":"verona","name":"","highway":"footway"}},{"type":"Feature","geometry":{"type":"LineString","coordinates":[[11.0040506,45.4422037],[11.0040101,45.4422093],[11.0039792,45.4421274]]},"properties":{"site":"verona","name":"","highway":"path"}},{"type":"Feature","geometry":{"type":"LineString","coordinates":[[11.0042292,45.4421767],[11.0040506,45.4422037]]},"properties":{"site":"verona","name":"","highway":"path"}},{"type":"Feature","geometry":{"type":"LineString","coordinates":[[10.9891877,45.4457099],[10.9895237,45.4450801],[10.9895488,45.4450334],[10.9908054,45.4453783],[10.9903374,45.4461446],[10.9891545,45.4457772],[10.9891877,45.4457099]]},"properties":{"site":"verona","name":"","highway":"footway"}},{"type":"Feature","geometry":{"type":"LineString","coordinates":[[10.9891199,45.4458637],[10.9894264,45.4459578],[10.9895086,45.4459701],[10.9902941,45.4462126],[10.9897912,45.4470305],[10.9897285,45.4470108],[10.9886834,45.4466836]]},"properties":{"site":"verona","name":"","highway":"footway"}},{"type":"Feature","geometry":{"type":"LineString","coordinates":[[10.9891877,45.4457099],[10.9890938,45.4456838],[10.9890001,45.4456584]]},"properties":{"site":"verona","name":"","highway":"footway"}},{"type":"Feature","geometry":{"type":"LineString","coordinates":[[10.9891136,45.4458618],[10.9891366,45.4458146],[10.9891545,45.4457772]]},"properties":{"site":"verona","name":"","highway":"footway"}},{"type":"Feature","geometry":{"type":"LineString","coordinates":[[11.0008926,45.4393334],[11.0009134,45.439331],[11.0020119,45.439206]]},"properties":{"site":"verona","name":"","highway":"footway"}},{"type":"Feature","geometry":{"type":"LineString","coordinates":[[11.0008692,45.4392321],[11.0008832,45.4392304],[11.0019891,45.4391021]]},"properties":{"site":"verona","name":"","highway":"footway"}},{"type":"Feature","geometry":{"type":"LineString","coordinates":[[11.0008832,45.4392304],[11.0008981,45.4392767],[11.0009134,45.439331]]},"properties":{"site":"verona","name":"","highway":"footway"}},{"type":"Feature","geometry":{"type":"LineString","coordinates":[[11.0008692,45.4392321],[11.0008197,45.4390689]]},"properties":{"site":"verona","name":"","highway":"footway"}},{"type":"Feature","geometry":{"type":"LineString","coordinates":[[11.002049,45.439096],[11.0020577,45.4390546],[11.001922,45.4384505],[11.0017569,45.4377086],[11.0016634,45.4372812],[11.0016098,45.4370441],[11.0014934,45.4365393],[11.0014028,45.4360191],[11.0013571,45.4358009]]},"properties":{"site":"verona","name":"","highway":"footway"}},{"type":"Feature","geometry":{"type":"LineString","coordinates":[[11.0016634,45.4372812],[11.0017021,45.4372778],[11.0017593,45.4372728]]},"properties":{"site":"verona","name":"","highway":"footway"}},{"type":"Feature","geometry":{"type":"LineString","coordinates":[[11.0018027,45.437266],[11.0018684,45.4372581],[11.0019555,45.4372472]]},"properties":{"site":"verona","name":"","highway":"footway"}},{"type":"Feature","geometry":{"type":"LineString","coordinates":[[11.002047,45.4384342],[11.0020663,45.4384316],[11.0020982,45.4385752],[11.0021846,45.4389672],[11.0021815,45.4389743],[11.0021669,45.4389764],[11.0021604,45.4389716]]},"properties":{"site":"verona","name":"","highway":"footway"}},{"type":"Feature","geometry":{"type":"LineString","coordinates":[[11.002047,45.4384342],[11.0020379,45.4383959]]},"properties":{"site":"verona","name":"","highway":"steps"}},{"type":"Feature","geometry":{"type":"LineString","coordinates":[[11.001922,45.4384505],[11.0019818,45.4384425],[11.0020274,45.438437]]},"properties":{"site":"verona","name":"","highway":"footway"}},{"type":"Feature","geometry":{"type":"LineString","coordinates":[[11.0020663,45.4384316],[11.0021101,45.4384268],[11.0021475,45.4384218]]},"properties":{"site":"verona","name":"","highway":"footway"}},{"type":"Feature","geometry":{"type":"LineString","coordinates":[[11.0017747,45.4372696],[11.001786,45.4373203]]},"properties":{"site":"verona","name":"","highway":"steps"}},{"type":"Feature","geometry":{"type":"LineString","coordinates":[[11.0020663,45.4384316],[11.0019165,45.4377587],[11.0018027,45.437266],[11.0017747,45.4372696]]},"properties":{"site":"verona","name":"","highway":"footway"}},{"type":"Feature","geometry":{"type":"LineString","coordinates":[[11.0019165,45.4377587],[11.0019713,45.4377539],[11.0020316,45.4377487]]},"properties":{"site":"verona","name":"","highway":"footway"}},{"type":"Feature","geometry":{"type":"LineString","coordinates":[[11.0021604,45.4389716],[11.00212,45.4387845],[11.002056,45.438472],[11.0020358,45.4384746],[11.0020274,45.438437],[11.0020188,45.4383982],[11.0020379,45.4383959],[11.001786,45.4373203],[11.0017703,45.4373218],[11.0017593,45.4372728],[11.0017476,45.4372206],[11.0017634,45.4372189],[11.0015913,45.4364345]]},"properties":{"site":"verona","name":"","highway":"footway"}},{"type":"Feature","geometry":{"type":"LineString","coordinates":[[11.0015913,45.4364345],[11.0015988,45.4364306],[11.0016121,45.4364328],[11.0018027,45.437266]]},"properties":{"site":"verona","name":"","highway":"footway"}},{"type":"Feature","geometry":{"type":"LineString","coordinates":[[11.0018488,45.4368627],[11.0019293,45.4371216],[11.0019555,45.4372472]]},"properties":{"site":"verona","name":"","highway":"footway"}},{"type":"Feature","geometry":{"type":"LineString","coordinates":[[11.0018488,45.4368627],[11.0018896,45.4368577],[11.0022097,45.4368129],[11.0024204,45.4367834],[11.0024791,45.4368451],[11.0028683,45.4367848],[11.003118,45.4367461],[11.0031391,45.4367401],[11.0031793,45.4367172],[11.0037036,45.4366372],[11.004057,45.4365435],[11.0041038,45.4365298],[11.0041742,45.4365092],[11.0041188,45.4360567],[11.0043559,45.4360397]]},"properties":{"site":"verona","name":"","highway":"footway"}},{"type":"Feature","geometry":{"type":"LineString","coordinates":[[11.0020119,45.439206],[11.0019992,45.4391484],[11.0019891,45.4391021]]},"properties":{"site":"verona","name":"","highway":"footway"}},{"type":"Feature","geometry":{"type":"LineString","coordinates":[[10.9858765,45.4412496],[10.9859697,45.4412203],[10.9867463,45.4410544]]},"properties":{"site":"verona","name":"","highway":"footway"}},{"type":"Feature","geometry":{"type":"LineString","coordinates":[[10.9873861,45.4410455],[10.9871733,45.4410386]]},"properties":{"site":"verona","name":"","highway":"footway"}},{"type":"Feature","geometry":{"type":"LineString","coordinates":[[11.0020119,45.439206],[11.0020663,45.4391994]]},"properties":{"site":"verona","name":"","highway":"footway"}},{"type":"Feature","geometry":{"type":"LineString","coordinates":[[11.0019891,45.4391021],[11.002049,45.439096]]},"properties":{"site":"verona","name":"","highway":"footway"}},{"type":"Feature","geometry":{"type":"LineString","coordinates":[[10.9982709,45.4305247],[10.9978982,45.4299159],[10.9979,45.4298799]]},"properties":{"site":"verona","name":"","highway":"footway"}},{"type":"Feature","geometry":{"type":"LineString","coordinates":[[10.9948598,45.4417191],[10.9950286,45.4415727],[10.9950447,45.4415232]]},"properties":{"site":"verona","name":"","highway":"footway"}},{"type":"Feature","geometry":{"type":"LineString","coordinates":[[10.9831138,45.4449228],[10.9830515,45.4449078],[10.9829878,45.444915],[10.9829358,45.4449402],[10.9829096,45.4449873],[10.982915,45.4451331],[10.9829398,45.445302],[10.9829874,45.4454695],[10.9830156,45.4455137],[10.9830632,45.4455518],[10.98311,45.4455681],[10.9846904,45.4461181],[10.9847329,45.4461329],[10.9849886,45.4457252],[10.9850112,45.4456892],[10.9849012,45.4456483],[10.9831138,45.4449228]]},"properties":{"site":"verona","name":"","highway":"footway"}},{"type":"Feature","geometry":{"type":"LineString","coordinates":[[10.9873437,45.4399103],[10.9873641,45.4398095]]},"properties":{"site":"verona","name":"Ponte Castelvecchio","highway":"pedestrian"}},{"type":"Feature","geometry":{"type":"LineString","coordinates":[[11.0028054,45.4338213],[11.0020241,45.4340108],[11.0020076,45.4340065],[11.0019139,45.4339819],[11.0018448,45.4338233],[11.0018767,45.4337653],[11.0018896,45.433742],[11.0019657,45.4337233],[11.0027322,45.4335348],[11.0028014,45.4335466],[11.0028729,45.4336217]]},"properties":{"site":"verona","name":"","highway":"service"}},{"type":"Feature","geometry":{"type":"LineString","coordinates":[[11.0018448,45.4338233],[11.0018232,45.4337792],[11.0017252,45.4335794],[11.0017476,45.4335034],[11.0018056,45.4334391],[11.0025753,45.4332543],[11.0026743,45.4332766],[11.0028014,45.4335466]]},"properties":{"site":"verona","name":"","highway":"service"}},{"type":"Feature","geometry":{"type":"LineString","coordinates":[[11.0017256,45.4338818],[11.0016531,45.433741],[11.0015877,45.4336139],[11.0014786,45.433379],[11.0014839,45.4333325],[11.0015108,45.4333154],[11.0015262,45.4333056],[11.0015721,45.433288],[11.0016734,45.4332588],[11.0020439,45.4331639],[11.0023649,45.4330211]]},"properties":{"site":"verona","name":"","highway":"service"}},{"type":"Feature","geometry":{"type":"LineString","coordinates":[[11.0017838,45.4339825],[11.0016834,45.4339107],[11.0015948,45.4337421],[11.0015877,45.4336139]]},"properties":{"site":"verona","name":"","highway":"service"}},{"type":"Feature","geometry":{"type":"LineString","coordinates":[[11.0013101,45.4346298],[11.0022261,45.4344148],[11.0029148,45.4342505],[11.002887,45.434135]]},"properties":{"site":"verona","name":"","highway":"footway"}},{"type":"Feature","geometry":{"type":"LineString","coordinates":[[11.0029808,45.434404],[11.0029473,45.4343363],[11.002928,45.4342961]]},"properties":{"site":"verona","name":"","highway":"footway"}},{"type":"Feature","geometry":{"type":"LineString","coordinates":[[10.9897785,45.4388913],[10.9897044,45.4389731]]},"properties":{"site":"verona","name":"Vicolo Miracoli","highway":"pedestrian"}},{"type":"Feature","geometry":{"type":"LineString","coordinates":[[10.9988238,45.4341491],[10.9989368,45.434116],[10.999073,45.4340732]]},"properties":{"site":"verona","name":"","highway":"footway"}},{"type":"Feature","geometry":{"type":"LineString","coordinates":[[10.9985494,45.433757],[10.9985636,45.4337521],[10.9986937,45.433714],[10.9988169,45.4336771],[10.9988975,45.4336526]]},"properties":{"site":"verona","name":"","highway":"footway"}},{"type":"Feature","geometry":{"type":"LineString","coordinates":[[10.9982,45.4331588],[10.9983216,45.433123],[10.998444,45.4330816],[10.9985128,45.4330604]]},"properties":{"site":"verona","name":"","highway":"footway"}},{"type":"Feature","geometry":{"type":"LineString","coordinates":[[10.9978577,45.432604],[10.9979897,45.4325628],[10.9980971,45.4325293],[10.998145,45.4325144]]},"properties":{"site":"verona","name":"","highway":"footway"}},{"type":"Feature","geometry":{"type":"LineString","coordinates":[[10.9992489,45.4343668],[10.999073,45.4340732],[10.9988169,45.4336771],[10.998444,45.4330816],[10.9980971,45.4325293]]},"properties":{"site":"verona","name":"","highway":"footway"}},{"type":"Feature","geometry":{"type":"LineString","coordinates":[[10.9992045,45.4347868],[10.9992754,45.4347655],[10.9993764,45.4347351]]},"properties":{"site":"verona","name":"","highway":"footway"}},{"type":"Feature","geometry":{"type":"LineString","coordinates":[[10.9976921,45.4323547],[10.9977289,45.4324242],[10.9977608,45.4324832]]},"properties":{"site":"verona","name":"","highway":"footway"}},{"type":"Feature","geometry":{"type":"LineString","coordinates":[[10.9963174,45.4338373],[10.996387,45.4338216],[10.9968946,45.433707],[10.9969516,45.4336939]]},"properties":{"site":"verona","name":"Via Luigi da Porto","highway":"footway"}},{"type":"Feature","geometry":{"type":"LineString","coordinates":[[11.0008592,45.4347807],[11.0008368,45.4347411]]},"properties":{"site":"verona","name":"","highway":"footway"}},{"type":"Feature","geometry":{"type":"LineString","coordinates":[[11.0008463,45.4502359],[11.0008818,45.450227],[11.0009856,45.4502057],[11.0011198,45.4501832],[11.0012104,45.450156],[11.0012399,45.4501174],[11.0012989,45.4500591],[11.0019131,45.4499584]]},"properties":{"site":"verona","name":"","highway":"service"}},{"type":"Feature","geometry":{"type":"LineString","coordinates":[[10.9842615,45.432654],[10.9843045,45.4326348],[10.9847443,45.432437],[10.9851661,45.4322652],[10.9855181,45.4321278],[10.9856701,45.4320891],[10.9859017,45.4320384],[10.9860022,45.4320127],[10.986414,45.4319076],[10.9873983,45.4316987],[10.9874661,45.431686],[10.9875901,45.4316257]]},"properties":{"site":"verona","name":"","highway":"footway"}},{"type":"Feature","geometry":{"type":"LineString","coordinates":[[10.9860022,45.4320127],[10.9860193,45.4320534],[10.986033,45.4320858],[10.9860452,45.4321147]]},"properties":{"site":"verona","name":"","highway":"footway"}},{"type":"Feature","geometry":{"type":"LineString","coordinates":[[10.9855797,45.4322421],[10.985781,45.4321706],[10.9860452,45.4321147],[10.9864964,45.4320191],[10.9877469,45.4317498],[10.9878538,45.4317303],[10.9878913,45.4317298],[10.9879199,45.4317382],[10.9879575,45.4317609],[10.9880159,45.4318366]]},"properties":{"site":"verona","name":"","highway":"footway"}},{"type":"Feature","geometry":{"type":"LineString","coordinates":[[10.987051,45.4493934],[10.9871532,45.4494263],[10.9876256,45.4495783],[10.9877172,45.4495992],[10.9878097,45.449603],[10.9880454,45.4495804],[10.9879341,45.4490232],[10.9878327,45.4485894],[10.9878248,45.4485556],[10.9876097,45.4485788],[10.9875651,45.4485851],[10.9875264,45.4486643],[10.9870733,45.4493591],[10.987051,45.4493934]]},"properties":{"site":"verona","name":"","highway":"footway"}},{"type":"Feature","geometry":{"type":"LineString","coordinates":[[10.9875651,45.4485851],[10.98742,45.4486031],[10.98729,45.4486197]]},"properties":{"site":"verona","name":"","highway":"footway"}},{"type":"Feature","geometry":{"type":"LineString","coordinates":[[11.0027048,45.4494415],[11.0030611,45.4499226],[11.0030718,45.4499626]]},"properties":{"site":"verona","name":"","highway":"footway"}},{"type":"Feature","geometry":{"type":"LineString","coordinates":[[11.0020325,45.4454532],[11.0020431,45.4452741],[11.0020385,45.4452046]]},"properties":{"site":"verona","name":"","highway":"steps"}},{"type":"Feature","geometry":{"type":"LineString","coordinates":[[10.9994817,45.4353824],[10.9994455,45.4352673]]},"properties":{"site":"verona","name":"","highway":"service"}},{"type":"Feature","geometry":{"type":"LineString","coordinates":[[10.9994455,45.4352673],[10.9994326,45.4352432],[10.9994113,45.4351958]]},"properties":{"site":"verona","name":"","highway":"service"}},{"type":"Feature","geometry":{"type":"LineString","coordinates":[[10.9995132,45.4354711],[10.9994817,45.4353824]]},"properties":{"site":"verona","name":"","highway":"service"}},{"type":"Feature","geometry":{"type":"LineString","coordinates":[[10.9880713,45.4394633],[10.9883191,45.4395793],[10.988443,45.4396372]]},"properties":{"site":"verona","name":"","highway":"footway"}},{"type":"Feature","geometry":{"type":"LineString","coordinates":[[10.9809959,45.4410993],[10.9811808,45.4407562],[10.9812639,45.44061],[10.9813807,45.4404048],[10.981409,45.440355],[10.9814935,45.4401918],[10.9816852,45.439822],[10.9817249,45.4397454],[10.981873,45.4394597],[10.9821873,45.438924],[10.9822654,45.4387869],[10.9824326,45.4385402],[10.9825026,45.4385664],[10.9830695,45.4387781],[10.9831829,45.4388205],[10.9835138,45.4389306],[10.9837626,45.4389986],[10.983884,45.439007],[10.9845496,45.4391104],[10.9846833,45.4391312],[10.985321,45.439279],[10.9856218,45.439349],[10.9856663,45.4393594],[10.9855634,45.4396001],[10.985549,45.4396273],[10.9855268,45.4396693],[10.9854705,45.4397704],[10.9848445,45.4400739],[10.984574,45.4402035],[10.98424,45.4404364],[10.9838518,45.4407361],[10.9835306,45.4410495],[10.9829465,45.440818],[10.9826468,45.4407267],[10.9826193,45.4407676],[10.9829767,45.4408984],[10.9834716,45.4411064],[10.9832536,45.4413059],[10.9832401,45.4413164],[10.9828768,45.441598],[10.9826649,45.4417401],[10.9820751,45.4415792],[10.9820555,45.4415705],[10.9820342,45.4415611],[10.9818829,45.4414923],[10.9816413,45.4413546],[10.9813171,45.4411854],[10.9809959,45.4410993]]},"properties":{"site":"verona","name":"","highway":"footway"}},{"type":"Feature","geometry":{"type":"LineString","coordinates":[[10.9864093,45.4394825],[10.9864475,45.439448],[10.9864936,45.4394063]]},"properties":{"site":"verona","name":"","highway":"footway"}},{"type":"Feature","geometry":{"type":"LineString","coordinates":[[10.9856663,45.4393594],[10.9857166,45.4393658],[10.9857702,45.4393745]]},"properties":{"site":"verona","name":"","highway":"footway"}},{"type":"Feature","geometry":{"type":"LineString","coordinates":[[10.9868101,45.438981],[10.9868884,45.4389179],[10.9869381,45.4388779]]},"properties":{"site":"verona","name":"","highway":"footway"}},{"type":"Feature","geometry":{"type":"LineString","coordinates":[[10.9852824,45.4379641],[10.9853721,45.4378891],[10.9854351,45.4378373]]},"properties":{"site":"verona","name":"","highway":"footway"}},{"type":"Feature","geometry":{"type":"LineString","coordinates":[[10.9860184,45.4383917],[10.9860758,45.4383507],[10.9861306,45.4383115]]},"properties":{"site":"verona","name":"","highway":"footway"}},{"type":"Feature","geometry":{"type":"LineString","coordinates":[[10.9862701,45.4385455],[10.9860184,45.4383917],[10.9859402,45.438344],[10.9852824,45.4379641],[10.9850469,45.4378517],[10.98481,45.4377407]]},"properties":{"site":"verona","name":"","highway":"footway"}},{"type":"Feature","geometry":{"type":"LineString","coordinates":[[10.982514,45.4384636],[10.9825631,45.438481],[10.9831355,45.4386844],[10.9836463,45.4388659],[10.983886,45.4389176],[10.984574,45.439039],[10.9853252,45.4392119],[10.9856521,45.4392821],[10.985684,45.4392889],[10.9857136,45.4392952],[10.985804,45.4393081],[10.9864936,45.4394063]]},"properties":{"site":"verona","name":"","highway":"footway"}},{"type":"Feature","geometry":{"type":"LineString","coordinates":[[10.9946899,45.4306477],[10.9946384,45.4306679],[10.9945779,45.4306875],[10.9945089,45.4307089]]},"properties":{"site":"verona","name":"","highway":"path"}},{"type":"Feature","geometry":{"type":"LineString","coordinates":[[10.9876154,45.4393783],[10.9876767,45.4393136]]},"properties":{"site":"verona","name":"Ponte Castelvecchio","highway":"pedestrian"}},{"type":"Feature","geometry":{"type":"LineString","coordinates":[[10.9877001,45.4392844],[10.987705,45.4392783],[10.9877502,45.4392228]]},"properties":{"site":"verona","name":"Ponte Castelvecchio","highway":"pedestrian"}},{"type":"Feature","geometry":{"type":"LineString","coordinates":[[10.9868646,45.4390244],[10.986967,45.439085],[10.987051,45.4391348]]},"properties":{"site":"verona","name":"","highway":"footway"}},{"type":"Feature","geometry":{"type":"LineString","coordinates":[[10.9864884,45.4395693],[10.986443,45.4395377],[10.9863879,45.4394994]]},"properties":{"site":"verona","name":"","highway":"footway"}},{"type":"Feature","geometry":{"type":"LineString","coordinates":[[10.9827109,45.4418078],[10.9827675,45.4417815],[10.9830015,45.4416239],[10.983322,45.4413586],[10.983966,45.4407985],[10.9841783,45.4406086],[10.9842263,45.4405732],[10.9842803,45.4405333],[10.9845813,45.4403362],[10.9847362,45.4402487],[10.9849126,45.4401551],[10.9851895,45.440029],[10.9855007,45.4399175],[10.9856924,45.4398638],[10.9858333,45.4398458],[10.9859861,45.4398318],[10.9860495,45.4398205],[10.9860682,45.4398211],[10.9861595,45.4397939],[10.9864884,45.4395693],[10.987051,45.4391348],[10.987118,45.4391063],[10.9871873,45.4391042],[10.9872444,45.4391097],[10.987705,45.4392783]]},"properties":{"site":"verona","name":"","highway":"footway"}},{"type":"Feature","geometry":{"type":"LineString","coordinates":[[10.988275,45.4396223],[10.9882122,45.4396834]]},"properties":{"site":"verona","name":"","highway":"footway"}},{"type":"Feature","geometry":{"type":"LineString","coordinates":[[10.9883085,45.4395896],[10.988275,45.4396223]]},"properties":{"site":"verona","name":"","highway":"footway"}},{"type":"Feature","geometry":{"type":"LineString","coordinates":[[10.9883191,45.4395793],[10.9883085,45.4395896]]},"properties":{"site":"verona","name":"","highway":"footway"}},{"type":"Feature","geometry":{"type":"LineString","coordinates":[[10.9876767,45.4393136],[10.9877001,45.4392844]]},"properties":{"site":"verona","name":"Ponte Castelvecchio","highway":"pedestrian"}},{"type":"Feature","geometry":{"type":"LineString","coordinates":[[10.9942844,45.4347154],[10.9943043,45.4346472],[10.99378,45.4336604],[10.9937724,45.4336446],[10.9937408,45.433579]]},"properties":{"site":"verona","name":"","highway":"path"}},{"type":"Feature","geometry":{"type":"LineString","coordinates":[[11.002258,45.4468708],[11.0023223,45.4469137],[11.0025119,45.4470347],[11.0026058,45.4469354],[11.002754,45.446882],[11.0025414,45.4466816],[11.0024716,45.446731],[11.002353,45.446815],[11.0023403,45.4468225],[11.002258,45.4468708]]},"properties":{"site":"verona","name":"Piazza Martiri della Libertà","highway":"pedestrian"}},{"type":"Feature","geometry":{"type":"LineString","coordinates":[[11.000317,45.4383244],[11.0004312,45.4382952],[11.0005599,45.4386]]},"properties":{"site":"verona","name":"","highway":"service"}},{"type":"Feature","geometry":{"type":"LineString","coordinates":[[10.9850849,45.4417338],[10.9850683,45.44172],[10.9850481,45.4417032],[10.9850135,45.441676]]},"properties":{"site":"verona","name":"","highway":"footway"}},{"type":"Feature","geometry":{"type":"LineString","coordinates":[[10.9842534,45.4423875],[10.9845502,45.4421076],[10.9847356,45.4419638],[10.9850001,45.4417784],[10.9850849,45.4417338],[10.9856368,45.4414193],[10.9857032,45.441387],[10.9858527,45.4413383]]},"properties":{"site":"verona","name":"","highway":"footway"}},{"type":"Feature","geometry":{"type":"LineString","coordinates":[[10.986998,45.4412471],[10.9869944,45.4412755],[10.9869931,45.4412976],[10.9869918,45.4413197]]},"properties":{"site":"verona","name":"","highway":"footway"}},{"type":"Feature","geometry":{"type":"LineString","coordinates":[[10.9872087,45.441255],[10.987141,45.4412523],[10.9870684,45.4412496],[10.986998,45.4412471],[10.9867325,45.4412391],[10.9858765,45.4412496],[10.9858145,45.4412584],[10.9856556,45.4413125],[10.9854611,45.4414037],[10.985331,45.4414752],[10.9850135,45.441676]]},"properties":{"site":"verona","name":"","highway":"footway"}},{"type":"Feature","geometry":{"type":"LineString","coordinates":[[10.9906558,45.4431384],[10.9907146,45.443112]]},"properties":{"site":"verona","name":"","highway":"footway"}},{"type":"Feature","geometry":{"type":"LineString","coordinates":[[10.9890546,45.4427531],[10.9893963,45.442741],[10.9894351,45.4427396],[10.989513,45.4427368],[10.9895335,45.4427361]]},"properties":{"site":"verona","name":"","highway":"service"}},{"type":"Feature","geometry":{"type":"LineString","coordinates":[[10.9870763,45.4413737],[10.9871233,45.4413761],[10.9873634,45.4413938],[10.987401,45.4413971]]},"properties":{"site":"verona","name":"","highway":"footway"}},{"type":"Feature","geometry":{"type":"LineString","coordinates":[[10.9880038,45.4422825],[10.9879727,45.4422633],[10.9872327,45.4422435],[10.9872213,45.4422308],[10.9872315,45.4421833],[10.9873232,45.441758],[10.987401,45.4413971]]},"properties":{"site":"verona","name":"","highway":"footway"}},{"type":"Feature","geometry":{"type":"LineString","coordinates":[[10.9870279,45.4444238],[10.9870846,45.4444225],[10.9872147,45.4444196],[10.9872816,45.4444181]]},"properties":{"site":"verona","name":"","highway":"footway"}},{"type":"Feature","geometry":{"type":"LineString","coordinates":[[10.9845443,45.4441109],[10.9846202,45.444117],[10.9846457,45.4444806],[10.9846578,45.4444952],[10.9846812,45.4445051],[10.9850676,45.4444924],[10.9866346,45.4444411],[10.9866393,45.4444947],[10.9867197,45.4445004],[10.9869893,45.4444935],[10.9870329,45.4444924],[10.9870279,45.4444238],[10.9870014,45.4440544],[10.9870847,45.4440512]]},"properties":{"site":"verona","name":"","highway":"footway"}},{"type":"Feature","geometry":{"type":"LineString","coordinates":[[10.9896601,45.4422092],[10.9895791,45.4421958],[10.9895458,45.4421903]]},"properties":{"site":"verona","name":"","highway":"footway"}},{"type":"Feature","geometry":{"type":"LineString","coordinates":[[10.9897131,45.4434005],[10.9897388,45.4433316],[10.9897656,45.4432599]]},"properties":{"site":"verona","name":"","highway":"footway"}},{"type":"Feature","geometry":{"type":"LineString","coordinates":[[10.9895647,45.443234],[10.9897656,45.4432599],[10.9900852,45.4433012],[10.9905258,45.443121],[10.9903018,45.4428693],[10.9896601,45.4422092]]},"properties":{"site":"verona","name":"","highway":"footway"}},{"type":"Feature","geometry":{"type":"LineString","coordinates":[[10.9905258,45.443121],[10.9905719,45.4431762]]},"properties":{"site":"verona","name":"","highway":"footway"}},{"type":"Feature","geometry":{"type":"LineString","coordinates":[[10.9939198,45.4472318],[10.9946945,45.4466187]]},"properties":{"site":"verona","name":"","highway":"footway"}},{"type":"Feature","geometry":{"type":"LineString","coordinates":[[10.9895944,45.4449431],[10.9895698,45.4449917],[10.9895488,45.4450334]]},"properties":{"site":"verona","name":"","highway":"footway"}},{"type":"Feature","geometry":{"type":"LineString","coordinates":[[10.9894006,45.444897],[10.9893781,45.4449398],[10.989347,45.4449991]]},"properties":{"site":"verona","name":"","highway":"footway"}},{"type":"Feature","geometry":{"type":"LineString","coordinates":[[10.9880005,45.4444947],[10.9879095,45.444541],[10.9878456,45.4445818]]},"properties":{"site":"verona","name":"","highway":"footway"}},{"type":"Feature","geometry":{"type":"LineString","coordinates":[[10.9888124,45.4440809],[10.9887722,45.444032],[10.9887285,45.4439789]]},"properties":{"site":"verona","name":"","highway":"footway"}},{"type":"Feature","geometry":{"type":"LineString","coordinates":[[10.9881556,45.4443574],[10.9881104,45.4443029],[10.9880676,45.4442514]]},"properties":{"site":"verona","name":"","highway":"footway"}},{"type":"Feature","geometry":{"type":"LineString","coordinates":[[10.9897657,45.444215],[10.9897458,45.4442493],[10.9897211,45.444292]]},"properties":{"site":"verona","name":"","highway":"footway"}},{"type":"Feature","geometry":{"type":"LineString","coordinates":[[10.9897211,45.444292],[10.988919,45.4440881],[10.988842,45.4440685],[10.9888124,45.4440809],[10.9881556,45.4443574],[10.9879924,45.444426],[10.9880005,45.4444947],[10.9894006,45.444897],[10.9897211,45.444292]]},"properties":{"site":"verona","name":"","highway":"footway"}},{"type":"Feature","geometry":{"type":"LineString","coordinates":[[10.9917177,45.4451757],[10.9916608,45.4451699],[10.9916031,45.4451645]]},"properties":{"site":"verona","name":"","highway":"footway"}},{"type":"Feature","geometry":{"type":"LineString","coordinates":[[10.9919361,45.4450716],[10.9919194,45.4450454],[10.991893,45.4450039]]},"properties":{"site":"verona","name":"","highway":"footway"}},{"type":"Feature","geometry":{"type":"LineString","coordinates":[[10.9918847,45.4446166],[10.991849,45.4446267],[10.9917985,45.4446416],[10.991775,45.4446485]]},"properties":{"site":"verona","name":"","highway":"footway"}},{"type":"Feature","geometry":{"type":"LineString","coordinates":[[10.9909146,45.4433457],[10.9908596,45.4433685],[10.9908052,45.4433911],[10.9907627,45.4434088]]},"properties":{"site":"verona","name":"","highway":"footway"}},{"type":"Feature","geometry":{"type":"LineString","coordinates":[[10.9907146,45.443112],[10.9907454,45.4431478],[10.9907779,45.4431342],[10.9907923,45.4431283]]},"properties":{"site":"verona","name":"","highway":"footway"}},{"type":"Feature","geometry":{"type":"LineString","coordinates":[[10.9907779,45.4431342],[10.9908236,45.4431876],[10.9908684,45.44324]]},"properties":{"site":"verona","name":"","highway":"footway"}},{"type":"Feature","geometry":{"type":"LineString","coordinates":[[10.9908839,45.4432336],[10.9908684,45.44324],[10.9908383,45.4432532],[10.9909146,45.4433457],[10.9910307,45.4434865],[10.9910797,45.4435021],[10.991419,45.4439396],[10.9916811,45.444299],[10.9918847,45.4446166],[10.9929331,45.446369],[10.9930457,45.4465158],[10.9932241,45.4467124],[10.9934494,45.4469251],[10.9937076,45.4471571]]},"properties":{"site":"verona","name":"","highway":"footway"}},{"type":"Feature","geometry":{"type":"LineString","coordinates":[[10.9917135,45.4446632],[10.9918334,45.4449271],[10.991893,45.4450039]]},"properties":{"site":"verona","name":"","highway":"footway"}},{"type":"Feature","geometry":{"type":"LineString","coordinates":[[10.9916462,45.4446792],[10.9917135,45.4446632],[10.991775,45.4446485]]},"properties":{"site":"verona","name":"","highway":"footway"}},{"type":"Feature","geometry":{"type":"LineString","coordinates":[[10.9914632,45.4446467],[10.9914814,45.4446965],[10.991502,45.4447528]]},"properties":{"site":"verona","name":"","highway":"footway"}},{"type":"Feature","geometry":{"type":"LineString","coordinates":[[10.9899511,45.4442642],[10.9899327,45.4442972],[10.9899069,45.4443437]]},"properties":{"site":"verona","name":"","highway":"footway"}},{"type":"Feature","geometry":{"type":"LineString","coordinates":[[10.9899069,45.4443437],[10.991502,45.4447528],[10.9915578,45.4447671],[10.9916389,45.4449887],[10.9916031,45.4451645],[10.991549,45.44543],[10.9913278,45.445406],[10.9895944,45.4449431],[10.9899069,45.4443437]]},"properties":{"site":"verona","name":"","highway":"footway"}},{"type":"Feature","geometry":{"type":"LineString","coordinates":[[10.9914569,45.4444688],[10.9915237,45.4444589],[10.9915697,45.4444521]]},"properties":{"site":"verona","name":"","highway":"footway"}},{"type":"Feature","geometry":{"type":"LineString","coordinates":[[10.9915423,45.4443696],[10.991594,45.4443578],[10.991775,45.4446485],[10.9919795,45.444977],[10.991893,45.4450039],[10.9917844,45.4450376],[10.9917375,45.4449577],[10.9916462,45.4446792],[10.9915697,45.4444521],[10.9915423,45.4443696]]},"properties":{"site":"verona","name":"","highway":"footway"}},{"type":"Feature","geometry":{"type":"LineString","coordinates":[[10.9900168,45.4437446],[10.9901081,45.4437689],[10.9902054,45.4437947]]},"properties":{"site":"verona","name":"","highway":"footway"}},{"type":"Feature","geometry":{"type":"LineString","coordinates":[[10.989795,45.4441601],[10.989889,45.4441855],[10.9899804,45.4442102]]},"properties":{"site":"verona","name":"","highway":"footway"}},{"type":"Feature","geometry":{"type":"LineString","coordinates":[[10.9899511,45.4442642],[10.9899804,45.4442102],[10.9902054,45.4437947],[10.9903226,45.4435783],[10.9907558,45.4434],[10.9907627,45.4434088],[10.9913532,45.4441616],[10.9914569,45.4444688],[10.9915135,45.4446363],[10.9914632,45.4446467],[10.9899511,45.4442642]]},"properties":{"site":"verona","name":"","highway":"footway"}},{"type":"Feature","geometry":{"type":"LineString","coordinates":[[10.9898472,45.4435139],[10.9898903,45.4435661],[10.9899425,45.4436306]]},"properties":{"site":"verona","name":"","highway":"footway"}},{"type":"Feature","geometry":{"type":"LineString","coordinates":[[10.9891453,45.4440826],[10.9891607,45.4440585],[10.9897657,45.444215],[10.989795,45.4441601],[10.9900168,45.4437446],[10.9900302,45.4437194],[10.9899549,45.4436257],[10.9899425,45.4436306]]},"properties":{"site":"verona","name":"","highway":"footway"}},{"type":"Feature","geometry":{"type":"LineString","coordinates":[[10.9923229,45.4466734],[10.9922762,45.4466869],[10.9922168,45.4467052]]},"properties":{"site":"verona","name":"","highway":"footway"}},{"type":"Feature","geometry":{"type":"LineString","coordinates":[[10.9920654,45.4461898],[10.9919667,45.4462149],[10.9919152,45.4462284]]},"properties":{"site":"verona","name":"","highway":"footway"}},{"type":"Feature","geometry":{"type":"LineString","coordinates":[[10.9917265,45.4455338],[10.9916656,45.4455493],[10.9915591,45.4455758]]},"properties":{"site":"verona","name":"","highway":"footway"}},{"type":"Feature","geometry":{"type":"LineString","coordinates":[[10.993088,45.4474138],[10.9934977,45.4471062]]},"properties":{"site":"verona","name":"","highway":"footway"}},{"type":"Feature","geometry":{"type":"LineString","coordinates":[[10.9873414,45.444551],[10.9873339,45.4444964],[10.9873231,45.4444172]]},"properties":{"site":"verona","name":"","highway":"footway"}},{"type":"Feature","geometry":{"type":"LineString","coordinates":[[10.9872896,45.4445867],[10.9872401,45.4445883],[10.9870943,45.4445929],[10.9870359,45.4445947]]},"properties":{"site":"verona","name":"","highway":"footway"}},{"type":"Feature","geometry":{"type":"LineString","coordinates":[[10.987359,45.4454582],[10.9873145,45.4454614],[10.9871798,45.4454711],[10.9871197,45.4454754]]},"properties":{"site":"verona","name":"","highway":"footway"}},{"type":"Feature","geometry":{"type":"LineString","coordinates":[[10.9873997,45.4454674],[10.9874099,45.4455268],[10.9874201,45.4455891]]},"properties":{"site":"verona","name":"","highway":"footway"}},{"type":"Feature","geometry":{"type":"LineString","coordinates":[[10.9878456,45.4445818],[10.987684,45.444538],[10.9873414,45.444551],[10.9872877,45.4445531],[10.9872896,45.4445867],[10.9873246,45.4452122],[10.987359,45.4454582],[10.9873604,45.4454681],[10.9873997,45.4454674],[10.9879006,45.4454578],[10.9878456,45.4445818]]},"properties":{"site":"verona","name":"","highway":"footway"}},{"type":"Feature","geometry":{"type":"LineString","coordinates":[[10.9889735,45.4457052],[10.9889462,45.4457559],[10.9889218,45.4458012]]},"properties":{"site":"verona","name":"","highway":"footway"}},{"type":"Feature","geometry":{"type":"LineString","coordinates":[[10.9889735,45.4457052],[10.9890001,45.4456584],[10.9893316,45.4450283],[10.989347,45.4449991],[10.9880266,45.4446321],[10.9879915,45.4446509],[10.9880581,45.4454648],[10.9883083,45.4455001],[10.9889735,45.4457052]]},"properties":{"site":"verona","name":"","highway":"footway"}},{"type":"Feature","geometry":{"type":"LineString","coordinates":[[10.9893316,45.4450283],[10.9894303,45.4450545],[10.9895237,45.4450801]]},"properties":{"site":"verona","name":"","highway":"footway"}},{"type":"Feature","geometry":{"type":"LineString","coordinates":[[10.9918854,45.4462638],[10.9919265,45.4463088],[10.9919779,45.4463648]]},"properties":{"site":"verona","name":"","highway":"footway"}},{"type":"Feature","geometry":{"type":"LineString","coordinates":[[10.9919152,45.4462284],[10.9915591,45.4455758],[10.9915427,45.4455464],[10.9909315,45.4454004],[10.9904597,45.4461813],[10.9916074,45.4465468],[10.9917965,45.4463695],[10.9918854,45.4462638],[10.9919152,45.4462284]]},"properties":{"site":"verona","name":"","highway":"footway"}},{"type":"Feature","geometry":{"type":"LineString","coordinates":[[10.9887423,45.4391872],[10.9886091,45.4392504]]},"properties":{"site":"verona","name":"Via Roma","highway":"pedestrian"}},{"type":"Feature","geometry":{"type":"LineString","coordinates":[[10.9883639,45.43938],[10.9883775,45.4393728],[10.9886091,45.4392504]]},"properties":{"site":"verona","name":"Via Roma","highway":"pedestrian"}},{"type":"Feature","geometry":{"type":"LineString","coordinates":[[10.9871321,45.4456834],[10.9872294,45.4461129]]},"properties":{"site":"verona","name":"","highway":"footway"}},{"type":"Feature","geometry":{"type":"LineString","coordinates":[[10.9870545,45.4455942],[10.9870489,45.4455429],[10.9870437,45.4454957]]},"properties":{"site":"verona","name":"","highway":"footway"}},{"type":"Feature","geometry":{"type":"LineString","coordinates":[[10.9872294,45.4461129],[10.9872496,45.4462048],[10.9872562,45.4462349],[10.9872296,45.4462267],[10.9858341,45.4457944],[10.9856904,45.4457499],[10.9856871,45.4456506],[10.9870545,45.4455942],[10.9871113,45.4455918],[10.9871321,45.4456834]]},"properties":{"site":"verona","name":"","highway":"footway"}},{"type":"Feature","geometry":{"type":"LineString","coordinates":[[10.9851949,45.4456168],[10.9852804,45.4455121],[10.9852972,45.4454933],[10.9853303,45.4454961],[10.9853313,45.4455123],[10.9853404,45.4456598],[10.9851949,45.4456168]]},"properties":{"site":"verona","name":"","highway":"footway"}},{"type":"Feature","geometry":{"type":"LineString","coordinates":[[10.9849816,45.4446473],[10.9850111,45.4445943],[10.9850275,45.4445646],[10.9850676,45.4444924]]},"properties":{"site":"verona","name":"","highway":"footway"}},{"type":"Feature","geometry":{"type":"LineString","coordinates":[[10.9853313,45.4455123],[10.9853931,45.4455089],[10.9854577,45.4455052]]},"properties":{"site":"verona","name":"","highway":"footway"}},{"type":"Feature","geometry":{"type":"LineString","coordinates":[[10.9851623,45.4454649],[10.9852296,45.4454927],[10.9852804,45.4455121]]},"properties":{"site":"verona","name":"","highway":"footway"}},{"type":"Feature","geometry":{"type":"LineString","coordinates":[[10.9852394,45.4449215],[10.9853083,45.4449175],[10.9853753,45.4449137]]},"properties":{"site":"verona","name":"","highway":"footway"}},{"type":"Feature","geometry":{"type":"LineString","coordinates":[[10.9849347,45.4446335],[10.9849816,45.4446473],[10.9851868,45.4447074],[10.985215,45.4447445],[10.9852394,45.4449215],[10.9852921,45.4453039],[10.9851623,45.4454649],[10.9850876,45.4455575],[10.9849874,45.445518],[10.983491,45.4449285],[10.9835001,45.4449059],[10.9835872,45.4447039],[10.9838256,45.4446759],[10.9840516,45.4446538],[10.984279,45.4446485],[10.9849347,45.4446335]]},"properties":{"site":"verona","name":"","highway":"footway"}},{"type":"Feature","geometry":{"type":"LineString","coordinates":[[10.9853692,45.4448702],[10.9854215,45.4448278],[10.9854913,45.4448057],[10.9855516,45.4448165],[10.9870349,45.445282],[10.9870812,45.4452978],[10.9871197,45.4454754],[10.987116,45.4454926],[10.9870437,45.4454957],[10.9857769,45.4455504],[10.9856391,45.445561],[10.9855409,45.4455587],[10.9854611,45.4455293],[10.9854577,45.4455052],[10.9853753,45.4449137],[10.9853692,45.4448702]]},"properties":{"site":"verona","name":"","highway":"footway"}},{"type":"Feature","geometry":{"type":"LineString","coordinates":[[10.9855429,45.4447196],[10.9855215,45.4447554],[10.9854913,45.4448057]]},"properties":{"site":"verona","name":"","highway":"footway"}},{"type":"Feature","geometry":{"type":"LineString","coordinates":[[10.9866416,45.4445813],[10.9866403,45.4445316],[10.9866393,45.4444947]]},"properties":{"site":"verona","name":"","highway":"footway"}},{"type":"Feature","geometry":{"type":"LineString","coordinates":[[10.9869983,45.444571],[10.9869936,45.4445303],[10.9869893,45.4444935]]},"properties":{"site":"verona","name":"","highway":"footway"}},{"type":"Feature","geometry":{"type":"LineString","coordinates":[[10.9870233,45.4451855],[10.9870284,45.4452283],[10.9870349,45.445282]]},"properties":{"site":"verona","name":"","highway":"footway"}},{"type":"Feature","geometry":{"type":"LineString","coordinates":[[10.9870758,45.4451854],[10.9870359,45.4445947],[10.9870342,45.44457],[10.9869983,45.444571],[10.9866416,45.4445813],[10.985551,45.4446126],[10.9855114,45.4446255],[10.9854903,45.4446512],[10.9854849,45.4446782],[10.9854923,45.4446984],[10.9855429,45.4447196],[10.9870233,45.4451855],[10.9870533,45.445195],[10.9870758,45.4451854]]},"properties":{"site":"verona","name":"","highway":"footway"}},{"type":"Feature","geometry":{"type":"LineString","coordinates":[[10.9875481,45.4462752],[10.9874977,45.4462633],[10.9873432,45.4462269],[10.9872496,45.4462048]]},"properties":{"site":"verona","name":"","highway":"footway"}},{"type":"Feature","geometry":{"type":"LineString","coordinates":[[10.9875626,45.4463398],[10.9875481,45.4462752],[10.9873946,45.4455897],[10.9874201,45.4455891],[10.9877923,45.4455799],[10.9879757,45.4455754],[10.988327,45.4456332],[10.9885281,45.44569],[10.9889218,45.4458012],[10.9884983,45.4465786],[10.9884739,45.4466235],[10.9882381,45.4465501],[10.9877819,45.4464081],[10.9875626,45.4463398]]},"properties":{"site":"verona","name":"","highway":"footway"}},{"type":"Feature","geometry":{"type":"LineString","coordinates":[[10.9900967,45.4473072],[10.9901098,45.4473502],[10.9901299,45.4474161]]},"properties":{"site":"verona","name":"","highway":"footway"}},{"type":"Feature","geometry":{"type":"LineString","coordinates":[[10.9898358,45.447189],[10.9900602,45.4472519],[10.9901447,45.4472756],[10.9901369,45.4473014],[10.9900967,45.4473072],[10.9897372,45.4473583],[10.9898358,45.447189]]},"properties":{"site":"verona","name":"","highway":"footway"}},{"type":"Feature","geometry":{"type":"LineString","coordinates":[[10.9911212,45.4471227],[10.9911651,45.4470661],[10.9911943,45.4470283]]},"properties":{"site":"verona","name":"","highway":"footway"}},{"type":"Feature","geometry":{"type":"LineString","coordinates":[[10.9904155,45.4462531],[10.9915621,45.4466207],[10.9911943,45.4470283],[10.9901439,45.4466917],[10.9904155,45.4462531]]},"properties":{"site":"verona","name":"","highway":"footway"}},{"type":"Feature","geometry":{"type":"LineString","coordinates":[[10.9901291,45.4471378],[10.9900946,45.4471932],[10.9900602,45.4472519]]},"properties":{"site":"verona","name":"","highway":"footway"}},{"type":"Feature","geometry":{"type":"LineString","coordinates":[[10.9900966,45.4467661],[10.99012,45.4467293],[10.9901439,45.4466917]]},"properties":{"site":"verona","name":"","highway":"footway"}},{"type":"Feature","geometry":{"type":"LineString","coordinates":[[10.9908943,45.4473675],[10.9909556,45.4473917],[10.9910136,45.4474146]]},"properties":{"site":"verona","name":"","highway":"footway"}},{"type":"Feature","geometry":{"type":"LineString","coordinates":[[10.9900966,45.4467661],[10.9907813,45.4469815],[10.9911212,45.4471227],[10.9908943,45.4473675],[10.9908852,45.4473772],[10.9901291,45.4471378],[10.9899099,45.4470683],[10.9900966,45.4467661]]},"properties":{"site":"verona","name":"","highway":"footway"}},{"type":"Feature","geometry":{"type":"LineString","coordinates":[[10.9884983,45.4465786],[10.9886011,45.4466055],[10.9887095,45.4466338]]},"properties":{"site":"verona","name":"","highway":"footway"}},{"type":"Feature","geometry":{"type":"LineString","coordinates":[[10.9886834,45.4466836],[10.9886453,45.4467467],[10.9886124,45.4468016]]},"properties":{"site":"verona","name":"","highway":"footway"}},{"type":"Feature","geometry":{"type":"LineString","coordinates":[[10.9897912,45.4470305],[10.9898466,45.4470479],[10.9899099,45.4470683]]},"properties":{"site":"verona","name":"","highway":"footway"}},{"type":"Feature","geometry":{"type":"LineString","coordinates":[[10.9897285,45.4470108],[10.9896946,45.4470676],[10.9896641,45.4471187]]},"properties":{"site":"verona","name":"","highway":"footway"}},{"type":"Feature","geometry":{"type":"LineString","coordinates":[[10.9879559,45.4480843],[10.9881835,45.448058]]},"properties":{"site":"verona","name":"","highway":"footway"}},{"type":"Feature","geometry":{"type":"LineString","coordinates":[[10.9876375,45.4481175],[10.9874039,45.4481454]]},"properties":{"site":"verona","name":"","highway":"footway"}},{"type":"Feature","geometry":{"type":"LineString","coordinates":[[10.9885068,45.4483615],[10.9885198,45.4484199],[10.9885334,45.4484807]]},"properties":{"site":"verona","name":"","highway":"footway"}},{"type":"Feature","geometry":{"type":"LineString","coordinates":[[10.9895671,45.4474994],[10.9895467,45.4474331],[10.989531,45.4473862]]},"properties":{"site":"verona","name":"","highway":"footway"}},{"type":"Feature","geometry":{"type":"LineString","coordinates":[[10.9904279,45.447372],[10.990792,45.447484],[10.9901764,45.4481802],[10.9885068,45.4483615],[10.9884437,45.4483684],[10.9883521,45.4479681],[10.9882881,45.4476886],[10.9884002,45.447672],[10.9895671,45.4474994],[10.9901299,45.4474161],[10.9904279,45.447372]]},"properties":{"site":"verona","name":"","highway":"footway"}},{"type":"Feature","geometry":{"type":"LineString","coordinates":[[10.9908973,45.4475216],[10.9908549,45.4475065],[10.990792,45.447484]]},"properties":{"site":"verona","name":"","highway":"footway"}},{"type":"Feature","geometry":{"type":"LineString","coordinates":[[10.9921152,45.4479495],[10.9921269,45.4480014],[10.9921406,45.4480628]]},"properties":{"site":"verona","name":"","highway":"footway"}},{"type":"Feature","geometry":{"type":"LineString","coordinates":[[10.9903816,45.4481543],[10.9903954,45.4482131],[10.9904068,45.4482618]]},"properties":{"site":"verona","name":"","highway":"footway"}},{"type":"Feature","geometry":{"type":"LineString","coordinates":[[10.9901764,45.4481802],[10.990286,45.448164],[10.9903816,45.4481543]]},"properties":{"site":"verona","name":"","highway":"footway"}},{"type":"Feature","geometry":{"type":"LineString","coordinates":[[10.9909976,45.4475532],[10.9910378,45.4474885],[10.9910724,45.4474328]]},"properties":{"site":"verona","name":"","highway":"footway"}},{"type":"Feature","geometry":{"type":"LineString","coordinates":[[10.9908973,45.4475216],[10.9909976,45.4475532],[10.9921673,45.4479215],[10.9921458,45.4479459],[10.9921152,45.4479495],[10.9903816,45.4481543],[10.9904061,45.4481016],[10.9908973,45.4475216]]},"properties":{"site":"verona","name":"","highway":"footway"}},{"type":"Feature","geometry":{"type":"LineString","coordinates":[[10.9922973,45.4478117],[10.9922292,45.4478692],[10.9921673,45.4479215]]},"properties":{"site":"verona","name":"","highway":"footway"}},{"type":"Feature","geometry":{"type":"LineString","coordinates":[[10.9929998,45.4477025],[10.9929163,45.4478227],[10.992525,45.4478822],[10.9922973,45.4478117],[10.9910724,45.4474328],[10.9910136,45.4474146],[10.9916811,45.4466494],[10.9918944,45.4464196],[10.9919779,45.4463648],[10.9920171,45.4463888],[10.9922168,45.4467052],[10.9923872,45.4469754],[10.9926179,45.4472497],[10.9927886,45.44744],[10.9928937,45.4475617],[10.9929781,45.4476737],[10.9929998,45.4477025]]},"properties":{"site":"verona","name":"","highway":"footway"}},{"type":"Feature","geometry":{"type":"LineString","coordinates":[[10.9856945,45.4459277],[10.9855985,45.445922],[10.985506,45.4459164]]},"properties":{"site":"verona","name":"","highway":"footway"}},{"type":"Feature","geometry":{"type":"LineString","coordinates":[[10.9857498,45.445925],[10.9857933,45.4458577],[10.9858341,45.4457944]]},"properties":{"site":"verona","name":"","highway":"footway"}},{"type":"Feature","geometry":{"type":"LineString","coordinates":[[10.9871894,45.4463673],[10.9872094,45.4462973],[10.9872296,45.4462267]]},"properties":{"site":"verona","name":"","highway":"footway"}},{"type":"Feature","geometry":{"type":"LineString","coordinates":[[10.9873252,45.446409],[10.9871894,45.4463673],[10.9857498,45.445925],[10.9857327,45.4459197],[10.9856945,45.4459277],[10.985667,45.445996],[10.9857689,45.4464015],[10.986139,45.4466899],[10.9873049,45.4465442],[10.9873568,45.4465377],[10.9873508,45.4465135],[10.9873252,45.446409]]},"properties":{"site":"verona","name":"","highway":"footway"}},{"type":"Feature","geometry":{"type":"LineString","coordinates":[[10.987627,45.4465111],[10.9875541,45.4465042],[10.9874946,45.4464986],[10.9874085,45.4465072],[10.9873508,45.4465135]]},"properties":{"site":"verona","name":"","highway":"footway"}},{"type":"Feature","geometry":{"type":"LineString","coordinates":[[10.9877135,45.4465181],[10.9877465,45.446465],[10.9877819,45.4464081]]},"properties":{"site":"verona","name":"","highway":"footway"}},{"type":"Feature","geometry":{"type":"LineString","coordinates":[[10.9884739,45.4466235],[10.9884443,45.4466844],[10.9884149,45.4467449]]},"properties":{"site":"verona","name":"","highway":"footway"}},{"type":"Feature","geometry":{"type":"LineString","coordinates":[[10.9878503,45.4475733],[10.9876129,45.4465285],[10.987627,45.4465111],[10.9877135,45.4465181],[10.9884149,45.4467449]]},"properties":{"site":"verona","name":"","highway":"footway"}},{"type":"Feature","geometry":{"type":"LineString","coordinates":[[10.988264,45.447453],[10.9881978,45.447435],[10.9881309,45.4474179],[10.9880719,45.4474026]]},"properties":{"site":"verona","name":"","highway":"footway"}},{"type":"Feature","geometry":{"type":"LineString","coordinates":[[10.9884149,45.4467449],[10.9880719,45.4474026],[10.9879739,45.4475755],[10.98793,45.44758],[10.9878792,45.4475847],[10.9878503,45.4475733]]},"properties":{"site":"verona","name":"","highway":"footway"}},{"type":"Feature","geometry":{"type":"LineString","coordinates":[[10.9883713,45.4475446],[10.9883368,45.4475484],[10.988251,45.4474812],[10.988264,45.447453],[10.9886124,45.4468016]]},"properties":{"site":"verona","name":"","highway":"footway"}},{"type":"Feature","geometry":{"type":"LineString","coordinates":[[10.9886124,45.4468016],[10.9896641,45.4471187],[10.9896869,45.4471401],[10.989699,45.4471636],[10.9896936,45.4471984],[10.9895904,45.4473781],[10.989531,45.4473862],[10.9883713,45.4475446]]},"properties":{"site":"verona","name":"","highway":"footway"}},{"type":"Feature","geometry":{"type":"LineString","coordinates":[[10.9884002,45.447672],[10.9883868,45.4476116],[10.9883713,45.4475446]]},"properties":{"site":"verona","name":"","highway":"footway"}},{"type":"Feature","geometry":{"type":"LineString","coordinates":[[10.9856888,45.4467617],[10.9857,45.4468009],[10.9857097,45.4468356]]},"properties":{"site":"verona","name":"","highway":"footway"}},{"type":"Feature","geometry":{"type":"LineString","coordinates":[[10.9847154,45.446887],[10.984691,45.4465819],[10.9846772,45.4464462],[10.9851037,45.4457607],[10.985496,45.4458863],[10.985506,45.4459164],[10.9857387,45.4467552],[10.9856888,45.4467617],[10.9847664,45.4468804],[10.9847154,45.446887]]},"properties":{"site":"verona","name":"","highway":"footway"}},{"type":"Feature","geometry":{"type":"LineString","coordinates":[[10.9849886,45.4457252],[10.9850469,45.4457431],[10.9851037,45.4457607]]},"properties":{"site":"verona","name":"","highway":"footway"}},{"type":"Feature","geometry":{"type":"LineString","coordinates":[[10.9858625,45.4474614],[10.9858544,45.4474257],[10.9858488,45.4474009]]},"properties":{"site":"verona","name":"","highway":"footway"}},{"type":"Feature","geometry":{"type":"LineString","coordinates":[[10.9859351,45.4478366],[10.9859485,45.4478957],[10.9859615,45.447954]]},"properties":{"site":"verona","name":"","highway":"footway"}},{"type":"Feature","geometry":{"type":"LineString","coordinates":[[10.9848207,45.4479527],[10.984817,45.4479132],[10.9847848,45.447574],[10.9848317,45.4475691],[10.9858625,45.4474614],[10.9859147,45.447456],[10.9859991,45.4478206],[10.9860012,45.4478297],[10.9859351,45.4478366],[10.984895,45.447945],[10.9848207,45.4479527]]},"properties":{"site":"verona","name":"","highway":"footway"}},{"type":"Feature","geometry":{"type":"LineString","coordinates":[[10.9857602,45.4468286],[10.9857798,45.4469116],[10.9858943,45.4473962],[10.9858488,45.4474009],[10.9848208,45.4475067],[10.9847724,45.4475117],[10.9847333,45.4470412],[10.9847275,45.4469712],[10.9847868,45.446963],[10.9857097,45.4468356],[10.9857602,45.4468286]]},"properties":{"site":"verona","name":"","highway":"footway"}},{"type":"Feature","geometry":{"type":"LineString","coordinates":[[10.9873242,45.4466237],[10.9873147,45.4465842],[10.9873049,45.4465442]]},"properties":{"site":"verona","name":"","highway":"footway"}},{"type":"Feature","geometry":{"type":"LineString","coordinates":[[10.9858936,45.4468975],[10.9858402,45.4469041],[10.9857798,45.4469116]]},"properties":{"site":"verona","name":"","highway":"footway"}},{"type":"Feature","geometry":{"type":"LineString","coordinates":[[10.9862464,45.4478101],[10.9862578,45.4478647],[10.9862703,45.4479243]]},"properties":{"site":"verona","name":"","highway":"footway"}},{"type":"Feature","geometry":{"type":"LineString","coordinates":[[10.9861201,45.4478063],[10.986058,45.4478137],[10.9859991,45.4478206]]},"properties":{"site":"verona","name":"","highway":"footway"}},{"type":"Feature","geometry":{"type":"LineString","coordinates":[[10.9875677,45.4476695],[10.9875852,45.4477345],[10.9876064,45.4478136]]},"properties":{"site":"verona","name":"","highway":"footway"}},{"type":"Feature","geometry":{"type":"LineString","coordinates":[[10.9875677,45.4476695],[10.986983,45.4477317],[10.9862464,45.4478101],[10.9861243,45.4478231],[10.9861201,45.4478063],[10.9858936,45.4468975],[10.9858728,45.4468141],[10.9873242,45.4466237],[10.9873755,45.4466169],[10.9875981,45.4475983],[10.987611,45.447664],[10.9875677,45.4476695]]},"properties":{"site":"verona","name":"","highway":"footway"}},{"type":"Feature","geometry":{"type":"LineString","coordinates":[[10.9860281,45.4479478],[10.9860866,45.4479425],[10.9861477,45.447937]]},"properties":{"site":"verona","name":"","highway":"footway"}},{"type":"Feature","geometry":{"type":"LineString","coordinates":[[10.9861649,45.4485985],[10.9862239,45.4485922],[10.9862848,45.4485857]]},"properties":{"site":"verona","name":"","highway":"footway"}},{"type":"Feature","geometry":{"type":"LineString","coordinates":[[10.9861035,45.4484131],[10.9860989,45.448391],[10.9860926,45.4483606]]},"properties":{"site":"verona","name":"","highway":"footway"}},{"type":"Feature","geometry":{"type":"LineString","coordinates":[[10.9860281,45.4479478],[10.9859615,45.447954],[10.984916,45.4480618],[10.9848315,45.4480706],[10.9849039,45.4484921],[10.9860926,45.4483606],[10.9861135,45.4483583],[10.9860281,45.4479478]]},"properties":{"site":"verona","name":"","highway":"footway"}},{"type":"Feature","geometry":{"type":"LineString","coordinates":[[10.9861712,45.4486304],[10.9861649,45.4485985],[10.986128,45.4484102],[10.9861035,45.4484131],[10.9849136,45.4485516],[10.9849595,45.4487819],[10.9849902,45.4487781],[10.9861712,45.4486304]]},"properties":{"site":"verona","name":"","highway":"footway"}},{"type":"Feature","geometry":{"type":"LineString","coordinates":[[10.9872462,45.4484432],[10.987381,45.4484278],[10.9874632,45.4484202]]},"properties":{"site":"verona","name":"","highway":"footway"}},{"type":"Feature","geometry":{"type":"LineString","coordinates":[[10.9872582,45.4485053],[10.9872462,45.4484432],[10.9871283,45.4478522],[10.9871241,45.4478358],[10.9870065,45.447848],[10.9862703,45.4479243],[10.9861477,45.447937],[10.9862848,45.4485857],[10.9862926,45.4486224],[10.986322,45.4486188],[10.9872582,45.4485053]]},"properties":{"site":"verona","name":"","highway":"footway"}},{"type":"Feature","geometry":{"type":"LineString","coordinates":[[10.9870065,45.447848],[10.9869944,45.4477921],[10.986983,45.4477317]]},"properties":{"site":"verona","name":"","highway":"footway"}},{"type":"Feature","geometry":{"type":"LineString","coordinates":[[10.986322,45.4486188],[10.9863343,45.4486708],[10.9863465,45.448722]]},"properties":{"site":"verona","name":"","highway":"footway"}},{"type":"Feature","geometry":{"type":"LineString","coordinates":[[10.9849902,45.4487781],[10.9850008,45.4488261],[10.9850138,45.4488849]]},"properties":{"site":"verona","name":"","highway":"footway"}},{"type":"Feature","geometry":{"type":"LineString","coordinates":[[10.9868235,45.4494089],[10.9868462,45.4493732],[10.9868675,45.4493395]]},"properties":{"site":"verona","name":"","highway":"footway"}},{"type":"Feature","geometry":{"type":"LineString","coordinates":[[10.9872798,45.4486124],[10.9863465,45.448722],[10.9863145,45.4487257],[10.9863231,45.4487609],[10.9863731,45.4489656],[10.9864124,45.4492001],[10.9868675,45.4493395],[10.9869018,45.44935],[10.9869267,45.449312],[10.9873098,45.4487282],[10.98729,45.4486197],[10.9872798,45.4486124]]},"properties":{"site":"verona","name":"","highway":"footway"}},{"type":"Feature","geometry":{"type":"LineString","coordinates":[[10.9856769,45.4503466],[10.9860865,45.450478],[10.986167,45.4505038],[10.9861812,45.4504815],[10.9865648,45.4498788],[10.986857,45.4494197],[10.9868235,45.4494089],[10.9863752,45.4492654],[10.9856769,45.4503466]]},"properties":{"site":"verona","name":"","highway":"footway"}},{"type":"Feature","geometry":{"type":"LineString","coordinates":[[10.9861949,45.4487751],[10.9862596,45.4487679],[10.9863231,45.4487609]]},"properties":{"site":"verona","name":"","highway":"footway"}},{"type":"Feature","geometry":{"type":"LineString","coordinates":[[10.9850046,45.448886],[10.9849812,45.4491716],[10.9849638,45.4496371],[10.9850176,45.4496371],[10.9849888,45.450121],[10.9855367,45.4502952],[10.9858693,45.449777],[10.9859149,45.4497908],[10.9862845,45.449207],[10.9861949,45.4487751],[10.98619,45.4487522],[10.9850138,45.4488849],[10.9850046,45.448886]]},"properties":{"site":"verona","name":"","highway":"footway"}},{"type":"Feature","geometry":{"type":"LineString","coordinates":[[10.9878327,45.4485894],[10.9879,45.448582],[10.9879616,45.4485749]]},"properties":{"site":"verona","name":"","highway":"footway"}},{"type":"Feature","geometry":{"type":"LineString","coordinates":[[10.9880581,45.4496467],[10.9880529,45.4496194],[10.9880454,45.4495804]]},"properties":{"site":"verona","name":"","highway":"footway"}},{"type":"Feature","geometry":{"type":"LineString","coordinates":[[10.9869267,45.449312],[10.9870103,45.4493389],[10.9870733,45.4493591]]},"properties":{"site":"verona","name":"","highway":"footway"}},{"type":"Feature","geometry":{"type":"LineString","coordinates":[[10.9871031,45.4495002],[10.9871268,45.4494653],[10.9871532,45.4494263]]},"properties":{"site":"verona","name":"","highway":"footway"}},{"type":"Feature","geometry":{"type":"LineString","coordinates":[[10.9865648,45.4498788],[10.9866378,45.4499023],[10.9867349,45.4499335]]},"properties":{"site":"verona","name":"","highway":"footway"}},{"type":"Feature","geometry":{"type":"LineString","coordinates":[[10.986709,45.4499753],[10.9867349,45.4499335],[10.9867734,45.4498714]]},"properties":{"site":"verona","name":"","highway":"footway"}},{"type":"Feature","geometry":{"type":"LineString","coordinates":[[10.9866607,45.4500515],[10.9866843,45.4500142],[10.986709,45.4499753]]},"properties":{"site":"verona","name":"","highway":"footway"}},{"type":"Feature","geometry":{"type":"LineString","coordinates":[[10.9872481,45.4501508],[10.9873199,45.4500445],[10.9867734,45.4498714],[10.9870285,45.4494757],[10.9871031,45.4495002],[10.9875747,45.4496547],[10.9877178,45.4496838],[10.9880581,45.4496467],[10.9881239,45.4499462],[10.9881353,45.4500995],[10.9881281,45.4501504],[10.9881192,45.4502143],[10.9880327,45.4503187],[10.9878174,45.4503286],[10.9874272,45.4502072]]},"properties":{"site":"verona","name":"","highway":"footway"}},{"type":"Feature","geometry":{"type":"LineString","coordinates":[[10.9913512,45.4490547],[10.9913932,45.4490208],[10.9914357,45.4489865]]},"properties":{"site":"verona","name":"","highway":"footway"}},{"type":"Feature","geometry":{"type":"LineString","coordinates":[[10.9901677,45.4483909],[10.9901458,45.4484131],[10.9901084,45.4484511]]},"properties":{"site":"verona","name":"","highway":"footway"}},{"type":"Feature","geometry":{"type":"LineString","coordinates":[[10.9902569,45.448279],[10.9901661,45.4482884],[10.989946,45.4483124],[10.9898445,45.4483241]]},"properties":{"site":"verona","name":"","highway":"footway"}},{"type":"Feature","geometry":{"type":"LineString","coordinates":[[10.9925368,45.4481413],[10.9926111,45.448176],[10.9926457,45.4481949],[10.9926887,45.4482159]]},"properties":{"site":"verona","name":"","highway":"footway"}},{"type":"Feature","geometry":{"type":"LineString","coordinates":[[10.9902569,45.448279],[10.9901771,45.4483481],[10.9901677,45.4483909],[10.9914357,45.4489865],[10.9925368,45.4481413],[10.9926246,45.4480739],[10.992577,45.4480127],[10.9921406,45.4480628],[10.9904068,45.4482618],[10.9902569,45.448279]]},"properties":{"site":"verona","name":"","highway":"footway"}},{"type":"Feature","geometry":{"type":"LineString","coordinates":[[10.9900638,45.4499528],[10.9901122,45.4499229],[10.9901615,45.4498923]]},"properties":{"site":"verona","name":"","highway":"footway"}},{"type":"Feature","geometry":{"type":"LineString","coordinates":[[10.9893731,45.4492636],[10.990096,45.448445],[10.9901084,45.4484511],[10.9913512,45.4490547],[10.9913302,45.4490704],[10.990245,45.449877],[10.9901918,45.4499165],[10.9901615,45.4498923],[10.9893731,45.4492636]]},"properties":{"site":"verona","name":"","highway":"footway"}},{"type":"Feature","geometry":{"type":"LineString","coordinates":[[10.9883867,45.4503752],[10.9885597,45.451109],[10.9886053,45.4511264],[10.9901053,45.4499861],[10.9900638,45.4499528],[10.9893007,45.4493398],[10.9883867,45.4503752]]},"properties":{"site":"verona","name":"","highway":"footway"}},{"type":"Feature","geometry":{"type":"LineString","coordinates":[[10.9891998,45.449264],[10.9892347,45.4492211],[10.9892676,45.4491806]]},"properties":{"site":"verona","name":"","highway":"footway"}},{"type":"Feature","geometry":{"type":"LineString","coordinates":[[10.9883055,45.4485341],[10.9884041,45.4485253],[10.9885206,45.448515]]},"properties":{"site":"verona","name":"","highway":"footway"}},{"type":"Feature","geometry":{"type":"LineString","coordinates":[[10.9885094,45.4484836],[10.9885206,45.448515],[10.9885503,45.4485989],[10.9892676,45.4491806],[10.9892812,45.4491916],[10.9899873,45.4483966],[10.9898445,45.4483241],[10.9885334,45.4484807],[10.9885094,45.4484836]]},"properties":{"site":"verona","name":"","highway":"footway"}},{"type":"Feature","geometry":{"type":"LineString","coordinates":[[10.9879562,45.4485467],[10.9882881,45.4485142],[10.9883055,45.4485341],[10.9883425,45.4485763],[10.988441,45.4486619],[10.9891998,45.449264],[10.9892182,45.4492786],[10.9884055,45.4501917],[10.9883244,45.4501804],[10.9883177,45.4501428],[10.9881661,45.4494701],[10.9879616,45.4485749],[10.9879562,45.4485467]]},"properties":{"site":"verona","name":"","highway":"footway"}},{"type":"Feature","geometry":{"type":"LineString","coordinates":[[10.9923473,45.449897],[10.992386,45.4498796],[10.9924295,45.4498601]]},"properties":{"site":"verona","name":"","highway":"footway"}},{"type":"Feature","geometry":{"type":"LineString","coordinates":[[10.9915856,45.4490641],[10.9915425,45.4490955],[10.9914994,45.4491269]]},"properties":{"site":"verona","name":"","highway":"footway"}},{"type":"Feature","geometry":{"type":"LineString","coordinates":[[10.9935392,45.4490589],[10.9935462,45.4490861],[10.9935537,45.4491156]]},"properties":{"site":"verona","name":"","highway":"footway"}},{"type":"Feature","geometry":{"type":"LineString","coordinates":[[10.9920311,45.4492873],[10.9919722,45.4492464],[10.9915856,45.4490641],[10.9926887,45.4482159],[10.9930632,45.447928],[10.9931646,45.4479033],[10.9932932,45.4481727],[10.9935392,45.4490589]]},"properties":{"site":"verona","name":"","highway":"footway"}},{"type":"Feature","geometry":{"type":"LineString","coordinates":[[10.9920503,45.449272],[10.9919923,45.4493859],[10.9924295,45.4498601],[10.9934058,45.4494343],[10.9935079,45.4493471],[10.9935198,45.449337],[10.9935493,45.4492815],[10.9935714,45.4492116],[10.9935537,45.4491156]]},"properties":{"site":"verona","name":"","highway":"footway"}},{"type":"Feature","geometry":{"type":"LineString","coordinates":[[10.9909533,45.4495418],[10.99098,45.4495219],[10.9910019,45.4495056]]},"properties":{"site":"verona","name":"","highway":"footway"}},{"type":"Feature","geometry":{"type":"LineString","coordinates":[[10.9913302,45.4490704],[10.9914015,45.449106],[10.9914265,45.4491186],[10.9914731,45.4491419]]},"properties":{"site":"verona","name":"","highway":"footway"}},{"type":"Feature","geometry":{"type":"LineString","coordinates":[[10.9918525,45.4501214],[10.9917157,45.4499883],[10.9910019,45.4495056],[10.9914731,45.4491419],[10.9914994,45.4491269],[10.9917697,45.449265],[10.9923473,45.449897],[10.9918525,45.4501214]]},"properties":{"site":"verona","name":"","highway":"footway"}},{"type":"Feature","geometry":{"type":"LineString","coordinates":[[10.988777,45.4515815],[10.9892886,45.4512972],[10.9895635,45.4511368],[10.9901875,45.4508592],[10.9905183,45.4507126],[10.9918092,45.4501407],[10.9915822,45.4499574],[10.9912835,45.4497561],[10.9909533,45.4495418],[10.9903814,45.4499773],[10.9902931,45.4500445],[10.9887663,45.4511984],[10.9886167,45.4513122],[10.9886053,45.4513404],[10.988661,45.4515766],[10.9886877,45.4515975],[10.9887086,45.4516137]]},"properties":{"site":"verona","name":"","highway":"footway"}},{"type":"Feature","geometry":{"type":"LineString","coordinates":[[10.9935039,45.4348683],[10.9934822,45.4348293]]},"properties":{"site":"verona","name":"","highway":"service"}},{"type":"Feature","geometry":{"type":"LineString","coordinates":[[10.9935226,45.4349003],[10.9935039,45.4348683]]},"properties":{"site":"verona","name":"","highway":"service"}},{"type":"Feature","geometry":{"type":"LineString","coordinates":[[10.9934822,45.4348293],[10.9934132,45.4347168],[10.9934185,45.4346321],[10.9935325,45.4345521],[10.9936291,45.4345135],[10.9935312,45.4343244]]},"properties":{"site":"verona","name":"","highway":"service"}},{"type":"Feature","geometry":{"type":"LineString","coordinates":[[10.9958526,45.4342143],[10.9958899,45.4342081]]},"properties":{"site":"verona","name":"","highway":"service"}},{"type":"Feature","geometry":{"type":"LineString","coordinates":[[10.9962751,45.4341409],[10.9963987,45.4341235]]},"properties":{"site":"verona","name":"","highway":"service"}},{"type":"Feature","geometry":{"type":"LineString","coordinates":[[10.9958899,45.4342081],[10.9960679,45.4341809],[10.9962751,45.4341409]]},"properties":{"site":"verona","name":"","highway":"service"}},{"type":"Feature","geometry":{"type":"LineString","coordinates":[[10.9958526,45.4342143],[10.9959103,45.434378],[10.9956408,45.4344213],[10.9955831,45.4342604],[10.9958526,45.4342143]]},"properties":{"site":"verona","name":"","highway":"service"}},{"type":"Feature","geometry":{"type":"LineString","coordinates":[[10.9978019,45.4325414],[10.9976109,45.4325962]]},"properties":{"site":"verona","name":"","highway":"service"}},{"type":"Feature","geometry":{"type":"LineString","coordinates":[[10.9972383,45.4327031],[10.9971977,45.432713]]},"properties":{"site":"verona","name":"","highway":"service"}},{"type":"Feature","geometry":{"type":"LineString","coordinates":[[10.9979531,45.4325035],[10.9978193,45.4325375],[10.9978019,45.4325414]]},"properties":{"site":"verona","name":"","highway":"service"}},{"type":"Feature","geometry":{"type":"LineString","coordinates":[[10.9961319,45.432751],[10.9961691,45.4327602],[10.9962174,45.4327579],[10.9962576,45.4327475],[10.9966694,45.4326393],[10.9970985,45.4325278],[10.9976101,45.4323809],[10.9976921,45.4323547],[10.9977027,45.432348],[10.997694,45.432325],[10.9976101,45.4321838]]},"properties":{"site":"verona","name":"","highway":"footway"}},{"type":"Feature","geometry":{"type":"LineString","coordinates":[[10.9962099,45.4329099],[10.9961704,45.4328334],[10.9961319,45.432751]]},"properties":{"site":"verona","name":"","highway":"footway"}},{"type":"Feature","geometry":{"type":"LineString","coordinates":[[10.9961319,45.432751],[10.9960971,45.4327169],[10.9960591,45.432656]]},"properties":{"site":"verona","name":"","highway":"footway"}},{"type":"Feature","geometry":{"type":"LineString","coordinates":[[10.990098,45.4381121],[10.9901545,45.4381084]]},"properties":{"site":"verona","name":"","highway":"steps"}},{"type":"Feature","geometry":{"type":"LineString","coordinates":[[10.9932741,45.4369224],[10.9933181,45.4369995]]},"properties":{"site":"verona","name":"","highway":"steps"}},{"type":"Feature","geometry":{"type":"LineString","coordinates":[[11.0068541,45.4420135],[11.0068792,45.4419855],[11.0069087,45.4419526]]},"properties":{"site":"verona","name":"","highway":"service"}},{"type":"Feature","geometry":{"type":"LineString","coordinates":[[11.0071641,45.4441888],[11.0071903,45.4441626],[11.0072044,45.4441421],[11.0072158,45.4441205],[11.0072232,45.4441052],[11.0072242,45.4440781],[11.0072442,45.4440248],[11.0073189,45.4439743],[11.0073466,45.4439307]]},"properties":{"site":"verona","name":"","highway":"path"}},{"type":"Feature","geometry":{"type":"LineString","coordinates":[[11.0071934,45.4442015],[11.0071641,45.4441888],[11.006738,45.4440107],[11.0069696,45.4437823]]},"properties":{"site":"verona","name":"","highway":"path"}},{"type":"Feature","geometry":{"type":"LineString","coordinates":[[11.0071934,45.4442015],[11.0072291,45.4442168]]},"properties":{"site":"verona","name":"","highway":"steps"}},{"type":"Feature","geometry":{"type":"LineString","coordinates":[[11.0071337,45.4432024],[11.0072363,45.4432485]]},"properties":{"site":"verona","name":"","highway":"path"}},{"type":"Feature","geometry":{"type":"LineString","coordinates":[[11.0068569,45.4433858],[11.0067117,45.4433187]]},"properties":{"site":"verona","name":"","highway":"path"}},{"type":"Feature","geometry":{"type":"LineString","coordinates":[[11.0070354,45.4434683],[11.0069301,45.4434197]]},"properties":{"site":"verona","name":"","highway":"path"}},{"type":"Feature","geometry":{"type":"LineString","coordinates":[[11.0068523,45.4434167],[11.0068485,45.4434062],[11.0068501,45.4433955],[11.0068569,45.4433858],[11.006869,45.4433778],[11.0068845,45.4433737],[11.0069011,45.4433738],[11.0069165,45.4433783],[11.0069283,45.4433864],[11.0069351,45.443397],[11.0069357,45.4434087],[11.0069301,45.4434197],[11.0069195,45.4434282],[11.0069052,45.4434334],[11.0068892,45.4434347],[11.0068736,45.4434319],[11.006861,45.4434256],[11.0068523,45.4434167]]},"properties":{"site":"verona","name":"","highway":"path"}},{"type":"Feature","geometry":{"type":"LineString","coordinates":[[11.0067671,45.443564],[11.0068193,45.4434992],[11.0068736,45.4434319]]},"properties":{"site":"verona","name":"","highway":"path"}},{"type":"Feature","geometry":{"type":"LineString","coordinates":[[11.0066835,45.4436665],[11.0067394,45.4435976]]},"properties":{"site":"verona","name":"","highway":"path"}},{"type":"Feature","geometry":{"type":"LineString","coordinates":[[11.0067654,45.4435856],[11.0068809,45.443638]]},"properties":{"site":"verona","name":"","highway":"path"}},{"type":"Feature","geometry":{"type":"LineString","coordinates":[[11.0065548,45.4434903],[11.0067186,45.4435644]]},"properties":{"site":"verona","name":"","highway":"path"}},{"type":"Feature","geometry":{"type":"LineString","coordinates":[[11.0067114,45.4435762],[11.0067121,45.4435827],[11.0067159,45.4435886],[11.0067222,45.4435934],[11.0067303,45.4435965],[11.0067394,45.4435976],[11.0067475,45.4435967],[11.0067549,45.4435943],[11.0067611,45.4435905],[11.0067654,45.4435856],[11.0067676,45.4435795],[11.0067669,45.4435731],[11.0067671,45.443564],[11.0067564,45.4435619],[11.0067471,45.4435587],[11.0067368,45.4435581],[11.0067269,45.4435601],[11.0067186,45.4435644],[11.0067136,45.4435699],[11.0067114,45.4435762]]},"properties":{"site":"verona","name":"","highway":"path"}},{"type":"Feature","geometry":{"type":"LineString","coordinates":[[11.0072749,45.4437059],[11.0076356,45.4438695]]},"properties":{"site":"verona","name":"","highway":"path"}},{"type":"Feature","geometry":{"type":"LineString","coordinates":[[11.007045,45.4431625],[11.006911,45.4431021]]},"properties":{"site":"verona","name":"","highway":"path"}},{"type":"Feature","geometry":{"type":"LineString","coordinates":[[11.0071143,45.4431515],[11.0071783,45.4430791]]},"properties":{"site":"verona","name":"","highway":"path"}},{"type":"Feature","geometry":{"type":"LineString","coordinates":[[11.0070557,45.4431546],[11.0070692,45.4431492],[11.0070843,45.4431468],[11.0070998,45.4431476],[11.0071143,45.4431515],[11.0071273,45.4431588],[11.0071364,45.4431686],[11.0071407,45.4431799],[11.0071397,45.4431915],[11.0071337,45.4432024],[11.007123,45.4432114],[11.0071088,45.4432177],[11.0070925,45.4432205],[11.0070758,45.4432196],[11.0070604,45.443215],[11.0070476,45.4432072],[11.007039,45.4431968],[11.0070356,45.4431851],[11.0070377,45.4431733],[11.007045,45.4431625],[11.0070557,45.4431546]]},"properties":{"site":"verona","name":"","highway":"path"}},{"type":"Feature","geometry":{"type":"LineString","coordinates":[[11.0040851,45.442856],[11.0040649,45.4428374]]},"properties":{"site":"verona","name":"","highway":"path"}},{"type":"Feature","geometry":{"type":"LineString","coordinates":[[11.0040649,45.4428374],[11.0040153,45.4426871]]},"properties":{"site":"verona","name":"","highway":"steps"}},{"type":"Feature","geometry":{"type":"LineString","coordinates":[[11.0035453,45.4443331],[11.0036286,45.4442885]]},"properties":{"site":"verona","name":"","highway":"path"}},{"type":"Feature","geometry":{"type":"LineString","coordinates":[[11.0035453,45.4443331],[11.0033329,45.4445438]]},"properties":{"site":"verona","name":"","highway":"steps"}},{"type":"Feature","geometry":{"type":"LineString","coordinates":[[11.0031484,45.4444582],[11.0031789,45.4444743],[11.0033152,45.4445463],[11.0033329,45.4445438]]},"properties":{"site":"verona","name":"","highway":"path"}},{"type":"Feature","geometry":{"type":"LineString","coordinates":[[10.9936632,45.4420615],[10.9939101,45.4421862]]},"properties":{"site":"verona","name":"Corso Porta Borsari","highway":"pedestrian"}},{"type":"Feature","geometry":{"type":"LineString","coordinates":[[10.9941678,45.4426934],[10.9941146,45.4427539],[10.9941265,45.4427653],[10.9940103,45.4428903]]},"properties":{"site":"verona","name":"Vicolo Cieco Monachine","highway":"pedestrian"}},{"type":"Feature","geometry":{"type":"LineString","coordinates":[[10.9997902,45.4436202],[10.9998288,45.4435674],[10.9998991,45.4434515]]},"properties":{"site":"verona","name":"Vicolo Ponte Nuovo","highway":"pedestrian"}},{"type":"Feature","geometry":{"type":"LineString","coordinates":[[10.9906738,45.4387845],[10.9906238,45.4386933],[10.9905831,45.4386421]]},"properties":{"site":"verona","name":"Via Teatro Filarmonico","highway":"pedestrian"}},{"type":"Feature","geometry":{"type":"LineString","coordinates":[[10.9916092,45.4383975],[10.9915578,45.4384131]]},"properties":{"site":"verona","name":"Via Roma","highway":"pedestrian"}},{"type":"Feature","geometry":{"type":"LineString","coordinates":[[10.9888821,45.4395577],[10.9887657,45.4397028]]},"properties":{"site":"verona","name":"Vicolo Morette","highway":"service"}},{"type":"Feature","geometry":{"type":"LineString","coordinates":[[10.9963127,45.4420529],[10.996271,45.4420306]]},"properties":{"site":"verona","name":"Via Mondo d'Oro","highway":"pedestrian"}},{"type":"Feature","geometry":{"type":"LineString","coordinates":[[10.9897801,45.4394944],[10.9899778,45.4393134],[10.9901429,45.4391287],[10.9901642,45.4391049]]},"properties":{"site":"verona","name":"Vicolo Brusco","highway":"pedestrian"}},{"type":"Feature","geometry":{"type":"LineString","coordinates":[[11.0000106,45.440608],[10.999986,45.440552],[10.9999805,45.4405334],[10.9998582,45.4403779],[10.9997828,45.4403148]]},"properties":{"site":"verona","name":"Via Amanti","highway":"pedestrian"}},{"type":"Feature","geometry":{"type":"LineString","coordinates":[[10.9988423,45.442911],[10.9990815,45.4426699]]},"properties":{"site":"verona","name":"","highway":"service"}},{"type":"Feature","geometry":{"type":"LineString","coordinates":[[10.9989948,45.4429877],[10.9992431,45.4427507]]},"properties":{"site":"verona","name":"","highway":"service"}},{"type":"Feature","geometry":{"type":"LineString","coordinates":[[10.9993485,45.4427805],[10.9992604,45.442735],[10.9991887,45.442698],[10.9991659,45.4427077],[10.9991447,45.4427077],[10.9991044,45.4426893],[10.9991002,45.4426767],[10.9991076,45.4426567],[10.9990977,45.4426518],[10.9989015,45.4425539]]},"properties":{"site":"verona","name":"","highway":"footway"}},{"type":"Feature","geometry":{"type":"LineString","coordinates":[[10.9992431,45.4427507],[10.9992604,45.442735]]},"properties":{"site":"verona","name":"","highway":"footway"}},{"type":"Feature","geometry":{"type":"LineString","coordinates":[[10.9990815,45.4426699],[10.9990977,45.4426518]]},"properties":{"site":"verona","name":"","highway":"footway"}},{"type":"Feature","geometry":{"type":"LineString","coordinates":[[10.9976162,45.4421483],[10.9975528,45.4421837],[10.9974538,45.4422811]]},"properties":{"site":"verona","name":"Vicolo Corte Spagnola","highway":"pedestrian"}},{"type":"Feature","geometry":{"type":"LineString","coordinates":[[10.9973268,45.4417885],[10.9973172,45.4418023],[10.9972496,45.4419134],[10.9972344,45.4419352]]},"properties":{"site":"verona","name":"Vicolo Samaritana","highway":"pedestrian"}},{"type":"Feature","geometry":{"type":"LineString","coordinates":[[10.9918046,45.4367975],[10.9919521,45.4367678],[10.9920151,45.436755]]},"properties":{"site":"verona","name":"","highway":"service"}},{"type":"Feature","geometry":{"type":"LineString","coordinates":[[10.9922775,45.4368465],[10.9924949,45.4368507],[10.9923709,45.436593],[10.9921807,45.4366384]]},"properties":{"site":"verona","name":"","highway":"service"}},{"type":"Feature","geometry":{"type":"LineString","coordinates":[[10.992033,45.4367918],[10.991964,45.4368028],[10.9918225,45.4368294]]},"properties":{"site":"verona","name":"","highway":"service"}},{"type":"Feature","geometry":{"type":"LineString","coordinates":[[10.9921807,45.4366384],[10.9922775,45.4368465]]},"properties":{"site":"verona","name":"","highway":"service"}},{"type":"Feature","geometry":{"type":"LineString","coordinates":[[10.9922775,45.4368465],[10.9920574,45.4368422],[10.992033,45.4367918],[10.9920151,45.436755],[10.9919815,45.4366858],[10.9921807,45.4366384]]},"properties":{"site":"verona","name":"","highway":"service"}},{"type":"Feature","geometry":{"type":"LineString","coordinates":[[10.9925641,45.4362756],[10.9925723,45.4362428],[10.9925828,45.4362012]]},"properties":{"site":"verona","name":"","highway":"footway"}},{"type":"Feature","geometry":{"type":"LineString","coordinates":[[10.9925416,45.4363164],[10.9925641,45.4362756]]},"properties":{"site":"verona","name":"","highway":"footway"}},{"type":"Feature","geometry":{"type":"LineString","coordinates":[[10.992601,45.4364321],[10.9925686,45.436369],[10.992545,45.436323],[10.9925416,45.4363164]]},"properties":{"site":"verona","name":"","highway":"footway"}},{"type":"Feature","geometry":{"type":"LineString","coordinates":[[10.9922812,45.4418753],[10.9922194,45.4418421]]},"properties":{"site":"verona","name":"","highway":"steps"}},{"type":"Feature","geometry":{"type":"LineString","coordinates":[[10.9929524,45.4389503],[10.9929398,45.4389873],[10.9929852,45.4390194]]},"properties":{"site":"verona","name":"Piazza Bra","highway":"pedestrian"}},{"type":"Feature","geometry":{"type":"LineString","coordinates":[[10.9921044,45.4385638],[10.9920821,45.4385586]]},"properties":{"site":"verona","name":"","highway":"footway"}},{"type":"Feature","geometry":{"type":"LineString","coordinates":[[10.9920734,45.4384923],[10.9920781,45.4384592]]},"properties":{"site":"verona","name":"","highway":"footway"}},{"type":"Feature","geometry":{"type":"LineString","coordinates":[[10.9920821,45.4385586],[10.9920721,45.4385248],[10.9920734,45.4384923]]},"properties":{"site":"verona","name":"","highway":"steps"}},{"type":"Feature","geometry":{"type":"LineString","coordinates":[[10.9925857,45.4387021],[10.9925804,45.4387685],[10.9924706,45.4388826],[10.992389,45.4389866]]},"properties":{"site":"verona","name":"Piazza Bra","highway":"pedestrian"}},{"type":"Feature","geometry":{"type":"LineString","coordinates":[[10.9921318,45.4383739],[10.9921795,45.4383439]]},"properties":{"site":"verona","name":"","highway":"footway"}},{"type":"Feature","geometry":{"type":"LineString","coordinates":[[11.0021089,45.4426093],[11.0020784,45.4426134]]},"properties":{"site":"verona","name":"","highway":"footway"}},{"type":"Feature","geometry":{"type":"LineString","coordinates":[[11.0023896,45.4427402],[11.0024187,45.4427688],[11.0024459,45.4427955]]},"properties":{"site":"verona","name":"","highway":"footway"}},{"type":"Feature","geometry":{"type":"LineString","coordinates":[[11.0020747,45.4427197],[11.0021036,45.4427289]]},"properties":{"site":"verona","name":"","highway":"footway"}},{"type":"Feature","geometry":{"type":"LineString","coordinates":[[10.9998393,45.4428988],[10.9998796,45.4428547]]},"properties":{"site":"verona","name":"","highway":"steps"}},{"type":"Feature","geometry":{"type":"LineString","coordinates":[[10.9879982,45.4424366],[10.988226,45.442428],[10.988228,45.4424586],[10.9883208,45.4424553],[10.9883758,45.4424533],[10.9883735,45.4424219],[10.9894603,45.4423808],[10.9894661,45.4424713],[10.9893788,45.4424738],[10.9893875,45.4426195]]},"properties":{"site":"verona","name":"","highway":"footway"}},{"type":"Feature","geometry":{"type":"LineString","coordinates":[[10.9880059,45.4425605],[10.9879982,45.4424366],[10.9879958,45.4423981]]},"properties":{"site":"verona","name":"","highway":"service"}},{"type":"Feature","geometry":{"type":"LineString","coordinates":[[10.9892617,45.4383381],[10.9891808,45.4383563]]},"properties":{"site":"verona","name":"","highway":"footway"}},{"type":"Feature","geometry":{"type":"LineString","coordinates":[[10.989663,45.438197],[10.9895917,45.4382646]]},"properties":{"site":"verona","name":"","highway":"footway"}},{"type":"Feature","geometry":{"type":"LineString","coordinates":[[10.9880863,45.4422466],[10.988081,45.4421111],[10.9880589,45.4420772]]},"properties":{"site":"verona","name":"","highway":"service"}},{"type":"Feature","geometry":{"type":"LineString","coordinates":[[10.9866014,45.4300024],[10.9866694,45.4299924],[10.9867393,45.4298551]]},"properties":{"site":"verona","name":"","highway":"service"}},{"type":"Feature","geometry":{"type":"LineString","coordinates":[[10.9864835,45.4300198],[10.9866014,45.4300024]]},"properties":{"site":"verona","name":"","highway":"service"}},{"type":"Feature","geometry":{"type":"LineString","coordinates":[[10.9864786,45.4301576],[10.9865025,45.4301618],[10.9865524,45.4302743]]},"properties":{"site":"verona","name":"","highway":"service"}},{"type":"Feature","geometry":{"type":"LineString","coordinates":[[10.9863858,45.4301414],[10.9864786,45.4301576]]},"properties":{"site":"verona","name":"","highway":"service"}},{"type":"Feature","geometry":{"type":"LineString","coordinates":[[10.987148,45.4300801],[10.9871274,45.4300667],[10.9873514,45.4299389]]},"properties":{"site":"verona","name":"","highway":"service"}},{"type":"Feature","geometry":{"type":"LineString","coordinates":[[10.9872283,45.4301321],[10.987148,45.4300801]]},"properties":{"site":"verona","name":"","highway":"service"}},{"type":"Feature","geometry":{"type":"LineString","coordinates":[[10.9870454,45.4302691],[10.9870791,45.4302912],[10.9870864,45.4303778]]},"properties":{"site":"verona","name":"","highway":"service"}},{"type":"Feature","geometry":{"type":"LineString","coordinates":[[10.9869642,45.430216],[10.9870454,45.4302691]]},"properties":{"site":"verona","name":"","highway":"service"}},{"type":"Feature","geometry":{"type":"LineString","coordinates":[[10.9874545,45.4301596],[10.9872669,45.4301571],[10.9872283,45.4301321]]},"properties":{"site":"verona","name":"","highway":"service"}},{"type":"Feature","geometry":{"type":"LineString","coordinates":[[10.9867855,45.4303195],[10.986941,45.4302008],[10.9869642,45.430216]]},"properties":{"site":"verona","name":"","highway":"service"}},{"type":"Feature","geometry":{"type":"LineString","coordinates":[[10.9862272,45.4299562],[10.9863603,45.430038],[10.9864835,45.4300198]]},"properties":{"site":"verona","name":"","highway":"service"}},{"type":"Feature","geometry":{"type":"LineString","coordinates":[[10.9860528,45.4301801],[10.9862121,45.430111],[10.9863858,45.4301414]]},"properties":{"site":"verona","name":"","highway":"service"}},{"type":"Feature","geometry":{"type":"LineString","coordinates":[[10.9908071,45.4369855],[10.9908189,45.4370073],[10.9910191,45.4373763],[10.9912668,45.4378477],[10.9912834,45.4378793],[10.9913097,45.4379296],[10.9913976,45.4381207]]},"properties":{"site":"verona","name":"","highway":"footway"}},{"type":"Feature","geometry":{"type":"LineString","coordinates":[[10.9913976,45.4381207],[10.9914048,45.4381363]]},"properties":{"site":"verona","name":"","highway":"footway"}},{"type":"Feature","geometry":{"type":"LineString","coordinates":[[10.9917515,45.438264],[10.9916484,45.4380734]]},"properties":{"site":"verona","name":"","highway":"footway"}},{"type":"Feature","geometry":{"type":"LineString","coordinates":[[10.9916484,45.4380734],[10.9916398,45.4380581]]},"properties":{"site":"verona","name":"","highway":"footway"}},{"type":"Feature","geometry":{"type":"LineString","coordinates":[[10.9868566,45.4306524],[10.9870053,45.4307688],[10.9871515,45.4309232],[10.9873895,45.4311953],[10.9875025,45.4313367],[10.9876004,45.4315669]]},"properties":{"site":"verona","name":"","highway":"path"}},{"type":"Feature","geometry":{"type":"LineString","coordinates":[[10.9973507,45.4353539],[10.9973358,45.4353289]]},"properties":{"site":"verona","name":"","highway":"footway"}},{"type":"Feature","geometry":{"type":"LineString","coordinates":[[10.9974626,45.4352916],[10.9974783,45.4353174]]},"properties":{"site":"verona","name":"","highway":"footway"}},{"type":"Feature","geometry":{"type":"LineString","coordinates":[[10.9989711,45.4349728],[10.9989173,45.4349056]]},"properties":{"site":"verona","name":"","highway":"footway"}},{"type":"Feature","geometry":{"type":"LineString","coordinates":[[10.9908396,45.4415968],[10.9909771,45.4414489]]},"properties":{"site":"verona","name":"","highway":"footway"}},{"type":"Feature","geometry":{"type":"LineString","coordinates":[[10.992056,45.4425992],[10.9921119,45.4425745],[10.9921358,45.4425639]]},"properties":{"site":"verona","name":"","highway":"footway"}},{"type":"Feature","geometry":{"type":"LineString","coordinates":[[10.9923913,45.4424402],[10.9924401,45.4424052],[10.9924865,45.442372]]},"properties":{"site":"verona","name":"","highway":"footway"}},{"type":"Feature","geometry":{"type":"LineString","coordinates":[[10.9925504,45.442538],[10.9924637,45.4424841],[10.9923913,45.4424402]]},"properties":{"site":"verona","name":"","highway":"footway"}},{"type":"Feature","geometry":{"type":"LineString","coordinates":[[10.9924865,45.442372],[10.9930491,45.441915],[10.9930599,45.441898],[10.9929088,45.4417922],[10.992594,45.4416236],[10.9920868,45.441367],[10.9917774,45.4412186],[10.9915745,45.4411177],[10.9914382,45.4410463],[10.9910669,45.4408519],[10.9906912,45.4406543],[10.9901684,45.4404214],[10.9891601,45.4399737],[10.988443,45.4396372]]},"properties":{"site":"verona","name":"","highway":"footway"}},{"type":"Feature","geometry":{"type":"LineString","coordinates":[[10.9921358,45.4425639],[10.9923249,45.4424887],[10.9923913,45.4424402]]},"properties":{"site":"verona","name":"","highway":"footway"}},{"type":"Feature","geometry":{"type":"LineString","coordinates":[[10.9920275,45.4426205],[10.9920302,45.4426192],[10.992056,45.4425992],[10.9918582,45.4423854],[10.9908396,45.4415968],[10.9903112,45.4411878],[10.9903367,45.4411492]]},"properties":{"site":"verona","name":"","highway":"footway"}},{"type":"Feature","geometry":{"type":"LineString","coordinates":[[10.9920302,45.4426192],[10.9920764,45.4426705],[10.992121,45.4427241]]},"properties":{"site":"verona","name":"","highway":"footway"}},{"type":"Feature","geometry":{"type":"LineString","coordinates":[[10.9921161,45.4427262],[10.9908839,45.4432336]]},"properties":{"site":"verona","name":"","highway":"footway"}},{"type":"Feature","geometry":{"type":"LineString","coordinates":[[10.9907923,45.4431283],[10.9920275,45.4426205]]},"properties":{"site":"verona","name":"","highway":"footway"}},{"type":"Feature","geometry":{"type":"LineString","coordinates":[[11.0140668,45.4384406],[11.0139333,45.4380505],[11.0138374,45.4379531],[11.0138374,45.437885],[11.0137786,45.4377889],[11.0137645,45.4377166],[11.0137517,45.4377003],[11.0137401,45.4376893],[11.0137151,45.4376805],[11.013001,45.437611],[11.0129128,45.4374722],[11.0128605,45.4374616],[11.0126186,45.4374373],[11.0106609,45.4372418]]},"properties":{"site":"verona","name":"","highway":"path"}},{"type":"Feature","geometry":{"type":"LineString","coordinates":[[11.0134288,45.4375183],[11.0133587,45.4375188],[11.0132944,45.4374951],[11.0132188,45.4374499],[11.0131885,45.4374196],[11.0131383,45.4372529],[11.0130668,45.4371362],[11.0129402,45.4370634],[11.0108783,45.4361436],[11.0108494,45.4361307],[11.010515,45.4360191],[11.0102692,45.435945],[11.0099326,45.4358623],[11.0096661,45.4357967],[11.0092321,45.4357455],[11.0090989,45.4357354],[11.0085172,45.435691],[11.0079325,45.4356811],[11.0065063,45.4357212],[11.0055019,45.4357494]]},"properties":{"site":"verona","name":"","highway":"path"}},{"type":"Feature","geometry":{"type":"LineString","coordinates":[[11.0108783,45.4361436],[11.0109788,45.436014],[11.0111146,45.4360633],[11.0112763,45.4360848],[11.0112911,45.4360656],[11.0112865,45.4359762]]},"properties":{"site":"verona","name":"","highway":"path"}},{"type":"Feature","geometry":{"type":"LineString","coordinates":[[11.0112865,45.4359762],[11.0132722,45.4369374]]},"properties":{"site":"verona","name":"","highway":"path"}},{"type":"Feature","geometry":{"type":"LineString","coordinates":[[11.0034727,45.4344167],[11.0035652,45.434478],[11.0036645,45.4345175],[11.003761,45.4345759],[11.0038469,45.4346399],[11.00393,45.4347396],[11.0039971,45.4348676],[11.0040587,45.43499],[11.0040833,45.4350416],[11.0040996,45.4350759]]},"properties":{"site":"verona","name":"","highway":"footway"}},{"type":"Feature","geometry":{"type":"LineString","coordinates":[[11.0017252,45.4335794],[11.0016871,45.4335433],[11.00162,45.4334082],[11.0016107,45.4333894],[11.0016107,45.4333503],[11.0016368,45.4332906],[11.0016734,45.4332588]]},"properties":{"site":"verona","name":"","highway":"service"}},{"type":"Feature","geometry":{"type":"LineString","coordinates":[[10.9997534,45.4427486],[10.999781,45.4427508],[10.9998083,45.4427469],[10.9998326,45.4427374],[10.9998516,45.4427232],[10.9998621,45.4427076],[10.9998636,45.4427055],[10.9998673,45.4426862],[10.9998625,45.4426669],[10.9998534,45.4426452],[10.9998548,45.442613],[10.999855,45.4426088],[10.9998508,45.4425712],[10.9998779,45.4425345],[10.9999267,45.4425127],[10.9999938,45.4425084],[11.0000517,45.4425184],[11.0000669,45.4425402],[11.0000675,45.4425726],[11.0000642,45.4425904],[11.0000741,45.4426006]]},"properties":{"site":"verona","name":"","highway":"footway"}},{"type":"Feature","geometry":{"type":"LineString","coordinates":[[10.9993485,45.4427805],[10.9993579,45.4427867],[10.9994295,45.4428302],[10.9995761,45.4429036],[10.9995809,45.4428968],[10.9996072,45.442859],[10.9995944,45.4428089],[10.9995925,45.4427826],[10.9995823,45.4427383],[10.999574,45.4427054],[10.9995893,45.4426735],[10.9996109,45.442651],[10.9996525,45.4426435],[10.9996912,45.4426378],[10.9997298,45.4426346]]},"properties":{"site":"verona","name":"","highway":"footway"}},{"type":"Feature","geometry":{"type":"LineString","coordinates":[[10.9995925,45.4427826],[10.9996074,45.4427808],[10.9996543,45.4427728],[10.9997009,45.4427634],[10.9997251,45.4427587],[10.9997534,45.4427486]]},"properties":{"site":"verona","name":"","highway":"footway"}},{"type":"Feature","geometry":{"type":"LineString","coordinates":[[10.9998796,45.4428547],[10.9998572,45.4428281],[10.9998435,45.4427938],[10.9998382,45.4427571],[10.9998326,45.4427374]]},"properties":{"site":"verona","name":"","highway":"footway"}},{"type":"Feature","geometry":{"type":"LineString","coordinates":[[10.9998621,45.4427076],[10.999909,45.4426774],[10.9999512,45.4426431],[10.9999935,45.442621],[11.0000351,45.4426064],[11.0000711,45.4426016],[11.0000741,45.4426006],[11.0001341,45.4425903]]},"properties":{"site":"verona","name":"","highway":"footway"}},{"type":"Feature","geometry":{"type":"LineString","coordinates":[[10.9998548,45.442613],[10.9998306,45.4426198],[10.9997911,45.4426294],[10.9997298,45.4426346],[10.9996942,45.4426622],[10.9996869,45.4426832],[10.9996901,45.4427048],[10.9997035,45.4427243],[10.9997254,45.4427395],[10.9997534,45.4427486]]},"properties":{"site":"verona","name":"","highway":"footway"}},{"type":"Feature","geometry":{"type":"LineString","coordinates":[[10.9919099,45.4365771],[10.9928323,45.4363463]]},"properties":{"site":"verona","name":"Park Cittadella","highway":"service"}},{"type":"Feature","geometry":{"type":"LineString","coordinates":[[10.9859097,45.4413284],[10.9859013,45.4413089],[10.9858888,45.4412797]]},"properties":{"site":"verona","name":"","highway":"footway"}},{"type":"Feature","geometry":{"type":"LineString","coordinates":[[10.996106,45.4469657],[10.9960865,45.447011]]},"properties":{"site":"verona","name":"","highway":"service"}},{"type":"Feature","geometry":{"type":"LineString","coordinates":[[10.9961324,45.4469235],[10.996106,45.4469657]]},"properties":{"site":"verona","name":"","highway":"service"}},{"type":"Feature","geometry":{"type":"LineString","coordinates":[[10.9960865,45.447011],[10.9960699,45.4471288],[10.9960189,45.4472092],[10.9959472,45.447285]]},"properties":{"site":"verona","name":"","highway":"service"}},{"type":"Feature","geometry":{"type":"LineString","coordinates":[[11.0083862,45.4416861],[11.0083982,45.4416694],[11.0084429,45.441607],[11.0084926,45.4415816],[11.0085569,45.4415712],[11.0088734,45.4416776]]},"properties":{"site":"verona","name":"","highway":"service"}},{"type":"Feature","geometry":{"type":"LineString","coordinates":[[11.0085283,45.4408732],[11.0085489,45.4409737],[11.0085703,45.4411666],[11.0084563,45.4413539],[11.0084067,45.441416],[11.0084121,45.4414461],[11.008447,45.4414649],[11.0085261,45.4414687]]},"properties":{"site":"verona","name":"","highway":"service"}},{"type":"Feature","geometry":{"type":"LineString","coordinates":[[11.0087697,45.4408461],[11.0087709,45.441118]]},"properties":{"site":"verona","name":"","highway":"service"}},{"type":"Feature","geometry":{"type":"LineString","coordinates":[[11.0087697,45.440818],[11.0087697,45.4408461]]},"properties":{"site":"verona","name":"","highway":"service"}},{"type":"Feature","geometry":{"type":"LineString","coordinates":[[11.0087697,45.4407635],[11.0087697,45.440818]]},"properties":{"site":"verona","name":"","highway":"service"}},{"type":"Feature","geometry":{"type":"LineString","coordinates":[[11.0019704,45.448268],[11.0019533,45.4482602],[11.0019158,45.4482978],[11.0018326,45.4482545]]},"properties":{"site":"verona","name":"","highway":"steps"}},{"type":"Feature","geometry":{"type":"LineString","coordinates":[[11.0024985,45.44769],[11.0024066,45.4478038],[11.0022303,45.4479718],[11.0019704,45.448268],[11.0019426,45.4482997]]},"properties":{"site":"verona","name":"","highway":"footway"}},{"type":"Feature","geometry":{"type":"LineString","coordinates":[[11.0025434,45.4477615],[11.0025018,45.4477465],[11.0025528,45.4476867],[11.0025193,45.4476688],[11.0024985,45.44769]]},"properties":{"site":"verona","name":"","highway":"steps"}},{"type":"Feature","geometry":{"type":"LineString","coordinates":[[11.002583,45.4477775],[11.0025434,45.4477615],[11.0024965,45.4478104],[11.0019909,45.4483204]]},"properties":{"site":"verona","name":"","highway":"footway"}},{"type":"Feature","geometry":{"type":"LineString","coordinates":[[11.0016685,45.4477849],[11.0016381,45.4477849],[11.0016185,45.4479121]]},"properties":{"site":"verona","name":"","highway":"steps"}},{"type":"Feature","geometry":{"type":"LineString","coordinates":[[11.0016692,45.4477453],[11.0016685,45.4477849]]},"properties":{"site":"verona","name":"","highway":"footway"}},{"type":"Feature","geometry":{"type":"LineString","coordinates":[[11.001479,45.4477276],[11.001573,45.4477432],[11.0016692,45.4477453],[11.001799,45.4477294],[11.0019559,45.447671],[11.0020695,45.4475838]]},"properties":{"site":"verona","name":"","highway":"footway"}},{"type":"Feature","geometry":{"type":"LineString","coordinates":[[11.0020218,45.4474709],[11.0020237,45.44744]]},"properties":{"site":"verona","name":"","highway":"steps"}},{"type":"Feature","geometry":{"type":"LineString","coordinates":[[11.0019985,45.4474703],[11.0019978,45.4474821],[11.0020211,45.4474828],[11.0020218,45.4474709]]},"properties":{"site":"verona","name":"","highway":"footway"}},{"type":"Feature","geometry":{"type":"LineString","coordinates":[[11.0020003,45.4474393],[11.0019985,45.4474703]]},"properties":{"site":"verona","name":"","highway":"steps"}},{"type":"Feature","geometry":{"type":"LineString","coordinates":[[11.0020022,45.4474076],[11.0020013,45.4474235],[11.0020003,45.4474393]]},"properties":{"site":"verona","name":"","highway":"footway"}},{"type":"Feature","geometry":{"type":"LineString","coordinates":[[11.0020022,45.4474076],[11.0020046,45.4473671]]},"properties":{"site":"verona","name":"","highway":"steps"}},{"type":"Feature","geometry":{"type":"LineString","coordinates":[[11.002028,45.4473678],[11.0020256,45.4474083]]},"properties":{"site":"verona","name":"","highway":"steps"}},{"type":"Feature","geometry":{"type":"LineString","coordinates":[[11.0020237,45.44744],[11.0020246,45.4474241],[11.0020256,45.4474083]]},"properties":{"site":"verona","name":"","highway":"footway"}},{"type":"Feature","geometry":{"type":"LineString","coordinates":[[11.002028,45.4473678],[11.0020288,45.4473539],[11.0020054,45.4473533],[11.0020046,45.4473671]]},"properties":{"site":"verona","name":"","highway":"footway"}},{"type":"Feature","geometry":{"type":"LineString","coordinates":[[11.0020329,45.4474236],[11.0020246,45.4474241]]},"properties":{"site":"verona","name":"","highway":"footway"}},{"type":"Feature","geometry":{"type":"LineString","coordinates":[[11.0021031,45.4470256],[11.0018251,45.4472821],[11.0015871,45.447497],[11.0012567,45.4478794]]},"properties":{"site":"verona","name":"","highway":"footway"}},{"type":"Feature","geometry":{"type":"LineString","coordinates":[[11.0025055,45.4469481],[11.0023403,45.4468225],[11.0023138,45.4468023]]},"properties":{"site":"verona","name":"","highway":"service"}},{"type":"Feature","geometry":{"type":"LineString","coordinates":[[11.001864,45.4470083],[11.0018007,45.4470846]]},"properties":{"site":"verona","name":"","highway":"steps"}},{"type":"Feature","geometry":{"type":"LineString","coordinates":[[11.0069541,45.4496456],[11.0068601,45.4496847]]},"properties":{"site":"verona","name":"","highway":"footway"}},{"type":"Feature","geometry":{"type":"LineString","coordinates":[[10.9966144,45.4434983],[10.9965962,45.4435137]]},"properties":{"site":"verona","name":"","highway":"footway"}},{"type":"Feature","geometry":{"type":"LineString","coordinates":[[10.9970571,45.4429081],[10.9970964,45.4429235],[10.9971608,45.4429488]]},"properties":{"site":"verona","name":"","highway":"footway"}},{"type":"Feature","geometry":{"type":"LineString","coordinates":[[10.9958727,45.432807],[10.9959891,45.4327823],[10.9961319,45.432751]]},"properties":{"site":"verona","name":"","highway":"footway"}},{"type":"Feature","geometry":{"type":"LineString","coordinates":[[10.9937753,45.4334393],[10.9937025,45.4334642],[10.9935983,45.4335]]},"properties":{"site":"verona","name":"","highway":"footway"}},{"type":"Feature","geometry":{"type":"LineString","coordinates":[[10.9921384,45.434175],[10.9920565,45.4342096],[10.9919306,45.434263]]},"properties":{"site":"verona","name":"","highway":"footway"}},{"type":"Feature","geometry":{"type":"LineString","coordinates":[[10.9914068,45.4331289],[10.9913477,45.4331462],[10.9912654,45.4331661]]},"properties":{"site":"verona","name":"","highway":"footway"}},{"type":"Feature","geometry":{"type":"LineString","coordinates":[[10.9914022,45.4331165],[10.9929391,45.432517],[10.9935808,45.4333993],[10.9935983,45.4335],[10.9935795,45.43356],[10.9934138,45.4336769],[10.99332,45.4337324],[10.9928539,45.4339202],[10.9921847,45.4342256],[10.9921384,45.434175],[10.9915846,45.4335701],[10.9915417,45.4334962],[10.9914068,45.4331289],[10.9914022,45.4331165]]},"properties":{"site":"verona","name":"","highway":"footway"}},{"type":"Feature","geometry":{"type":"LineString","coordinates":[[10.990984,45.4322341],[10.9909304,45.4322484],[10.990849,45.4322699]]},"properties":{"site":"verona","name":"","highway":"footway"}},{"type":"Feature","geometry":{"type":"LineString","coordinates":[[10.9929934,45.4323678],[10.9929329,45.432393],[10.9928643,45.4324216]]},"properties":{"site":"verona","name":"","highway":"footway"}},{"type":"Feature","geometry":{"type":"LineString","coordinates":[[10.9928794,45.4324422],[10.9928643,45.4324216],[10.992412,45.4318041],[10.9909751,45.4322163],[10.990984,45.4322341],[10.9913814,45.4330257],[10.9928794,45.4324422]]},"properties":{"site":"verona","name":"","highway":"footway"}},{"type":"Feature","geometry":{"type":"LineString","coordinates":[[10.9920824,45.431284],[10.9921585,45.4312732],[10.9922219,45.4312642]]},"properties":{"site":"verona","name":"","highway":"footway"}},{"type":"Feature","geometry":{"type":"LineString","coordinates":[[10.994415,45.4306374],[10.9935664,45.4308732],[10.9921988,45.4312319],[10.9922219,45.4312642],[10.9925267,45.4317396],[10.9929934,45.4323678],[10.9937753,45.4334393],[10.9938899,45.4334571],[10.9950558,45.4331064],[10.9958607,45.4328577],[10.9958727,45.432807],[10.9958808,45.432773],[10.9958446,45.4326285],[10.9945089,45.4307089]]},"properties":{"site":"verona","name":"","highway":"footway"}},{"type":"Feature","geometry":{"type":"LineString","coordinates":[[10.9933976,45.4419405],[10.993444,45.4419617],[10.9936156,45.4420398],[10.9936632,45.4420615]]},"properties":{"site":"verona","name":"Corso Porta Borsari","highway":"pedestrian"}},{"type":"Feature","geometry":{"type":"LineString","coordinates":[[10.9933806,45.4419327],[10.9933976,45.4419405]]},"properties":{"site":"verona","name":"Corso Porta Borsari","highway":"pedestrian"}},{"type":"Feature","geometry":{"type":"LineString","coordinates":[[10.9990161,45.4350292],[10.9989902,45.4350367],[10.9983793,45.435217],[10.9977542,45.4354025],[10.9971958,45.4355615],[10.9971024,45.4355631],[10.9970131,45.435609],[10.9969733,45.4356304],[10.996938,45.4356493],[10.9967691,45.4357782],[10.9964802,45.4360272],[10.9962963,45.4361908],[10.9961989,45.4362974],[10.996005,45.4365198],[10.9958497,45.4366377],[10.9956653,45.4367912],[10.995625,45.4368074],[10.9953749,45.436934],[10.9952823,45.4369786]]},"properties":{"site":"verona","name":"","highway":"footway"}},{"type":"Feature","geometry":{"type":"LineString","coordinates":[[10.9968977,45.4358512],[10.9968632,45.435904],[10.996375,45.4363378],[10.9962903,45.4364131],[10.9959081,45.4367409],[10.9957202,45.4368532],[10.9954684,45.4369748],[10.9954405,45.4369883]]},"properties":{"site":"verona","name":"","highway":"footway"}},{"type":"Feature","geometry":{"type":"LineString","coordinates":[[10.9958359,45.4323066],[10.9958498,45.4323253],[10.9958667,45.432348]]},"properties":{"site":"verona","name":"","highway":"footway"}},{"type":"Feature","geometry":{"type":"LineString","coordinates":[[10.9955154,45.4318372],[10.995533,45.4318622],[10.9955463,45.4318812]]},"properties":{"site":"verona","name":"","highway":"footway"}},{"type":"Feature","geometry":{"type":"LineString","coordinates":[[10.9950289,45.4311544],[10.9950473,45.4311814],[10.9950655,45.4312083]]},"properties":{"site":"verona","name":"","highway":"footway"}},{"type":"Feature","geometry":{"type":"LineString","coordinates":[[10.9963754,45.4315143],[10.9964002,45.4315051],[10.9964348,45.4314923]]},"properties":{"site":"verona","name":"","highway":"footway"}},{"type":"Feature","geometry":{"type":"LineString","coordinates":[[10.9970707,45.431837],[10.9970288,45.4318323],[10.9958359,45.4323066]]},"properties":{"site":"verona","name":"","highway":"footway"}},{"type":"Feature","geometry":{"type":"LineString","coordinates":[[10.9965571,45.4306367],[10.99654,45.4306658],[10.9959868,45.4308691],[10.9964348,45.4314923],[10.9964434,45.4315043],[10.9967485,45.4313975],[10.996787,45.4314132]]},"properties":{"site":"verona","name":"","highway":"footway"}},{"type":"Feature","geometry":{"type":"LineString","coordinates":[[10.9956211,45.4304155],[10.9955871,45.4304267],[10.9958801,45.4308408],[10.9950289,45.4311544],[10.9946899,45.4306477]]},"properties":{"site":"verona","name":"","highway":"footway"}},{"type":"Feature","geometry":{"type":"LineString","coordinates":[[10.9960499,45.4329814],[10.9961857,45.4329405]]},"properties":{"site":"verona","name":"","highway":"footway"}},{"type":"Feature","geometry":{"type":"LineString","coordinates":[[10.9962282,45.4331551],[10.9961857,45.4329405],[10.9961812,45.4329179],[10.9962099,45.4329099],[10.9969235,45.4327108],[10.9973037,45.4333986],[10.9963864,45.4336157],[10.9962282,45.4331551]]},"properties":{"site":"verona","name":"","highway":"footway"}},{"type":"Feature","geometry":{"type":"LineString","coordinates":[[10.9885608,45.4317334],[10.9895157,45.4315008],[10.9903783,45.4315387],[10.9905719,45.4318161],[10.9906787,45.431965],[10.990849,45.4322699],[10.9910837,45.4327537],[10.9912654,45.4331661],[10.9913586,45.4334044],[10.9915444,45.433707],[10.9916449,45.4338454],[10.9916221,45.4338646],[10.9919306,45.434263],[10.9919246,45.434331],[10.991777,45.4343959],[10.9901496,45.434899],[10.9892268,45.4330654],[10.9887284,45.4320797],[10.9885608,45.4317334]]},"properties":{"site":"verona","name":"","highway":"footway"}},{"type":"Feature","geometry":{"type":"LineString","coordinates":[[10.9989911,45.4349962],[10.9990161,45.4350292]]},"properties":{"site":"verona","name":"","highway":"footway"}},{"type":"Feature","geometry":{"type":"LineString","coordinates":[[10.9994801,45.4348841],[10.9994061,45.4349119],[10.9993455,45.4349347],[10.9992975,45.4349525]]},"properties":{"site":"verona","name":"","highway":"footway"}},{"type":"Feature","geometry":{"type":"LineString","coordinates":[[10.9977608,45.4324832],[10.9977892,45.4324855]]},"properties":{"site":"verona","name":"","highway":"footway"}},{"type":"Feature","geometry":{"type":"LineString","coordinates":[[10.9993764,45.4347351],[10.999456,45.434851],[10.999467,45.4348665],[10.9994801,45.4348841],[10.9995919,45.4350008],[10.999626,45.4350302],[10.9996646,45.4350529],[10.9997012,45.4350649],[10.999737,45.4350627]]},"properties":{"site":"verona","name":"","highway":"footway"}},{"type":"Feature","geometry":{"type":"LineString","coordinates":[[10.996387,45.4338216],[10.9964203,45.4339508],[10.9964548,45.4340583],[10.9964843,45.4341446],[10.9966407,45.4345806],[10.9966486,45.4346025]]},"properties":{"site":"verona","name":"","highway":"footway"}},{"type":"Feature","geometry":{"type":"LineString","coordinates":[[10.9971315,45.4346904],[10.9974687,45.4345799],[10.9968946,45.433707]]},"properties":{"site":"verona","name":"","highway":"footway"}},{"type":"Feature","geometry":{"type":"LineString","coordinates":[[10.9972611,45.435266],[10.9971455,45.4349314],[10.997122,45.4349125],[10.9970858,45.4349064],[10.9969698,45.4349248],[10.9969463,45.434847],[10.9969228,45.4347648],[10.9969437,45.4347615],[10.997012,45.4347507],[10.9970429,45.4347342],[10.997059,45.4347088],[10.9970563,45.4346867],[10.9970026,45.4345323],[10.9966486,45.4346025],[10.996748,45.4348823],[10.9969144,45.4353461],[10.9969455,45.4354332]]},"properties":{"site":"verona","name":"","highway":"footway"}},{"type":"Feature","geometry":{"type":"LineString","coordinates":[[10.9986557,45.4339154],[10.9975384,45.4342491],[10.997808,45.4346999],[10.9972668,45.4348617],[10.99735,45.4350918],[10.997424,45.4352231]]},"properties":{"site":"verona","name":"","highway":"footway"}},{"type":"Feature","geometry":{"type":"LineString","coordinates":[[10.9985721,45.433781],[10.9972829,45.4341616],[10.9969837,45.4336757]]},"properties":{"site":"verona","name":"","highway":"footway"}},{"type":"Feature","geometry":{"type":"LineString","coordinates":[[11.000724,45.4390756],[11.0006437,45.4390879]]},"properties":{"site":"verona","name":"","highway":"footway"}},{"type":"Feature","geometry":{"type":"LineString","coordinates":[[11.0005443,45.4390967],[11.0002432,45.4389392],[11.0001176,45.4390616]]},"properties":{"site":"verona","name":"","highway":"path"}},{"type":"Feature","geometry":{"type":"LineString","coordinates":[[11.0079551,45.4439975],[11.0079333,45.4440158],[11.0079259,45.4440422],[11.0079534,45.4440605],[11.0079823,45.4440534],[11.0080969,45.443997],[11.008249,45.4438851],[11.0083356,45.4437943],[11.0084582,45.4436901],[11.0085289,45.4436172],[11.008627,45.4435267],[11.0087026,45.4434909],[11.0087771,45.4435039]]},"properties":{"site":"verona","name":"","highway":"path"}},{"type":"Feature","geometry":{"type":"LineString","coordinates":[[11.0078786,45.4439721],[11.0078877,45.4439745],[11.0078908,45.44397],[11.0079203,45.4439781],[11.0079144,45.4439903],[11.0079237,45.4439926]]},"properties":{"site":"verona","name":"","highway":"steps"}},{"type":"Feature","geometry":{"type":"LineString","coordinates":[[11.0077791,45.4441311],[11.0077067,45.4442082],[11.0076436,45.4442303],[11.0074807,45.4442143]]},"properties":{"site":"verona","name":"","highway":"path"}},{"type":"Feature","geometry":{"type":"LineString","coordinates":[[11.0079237,45.4439926],[11.0079551,45.4439975],[11.0080071,45.4439603],[11.0081043,45.4438295],[11.0082217,45.4437105],[11.0083169,45.4436037],[11.0083142,45.4435646],[11.0082693,45.4435279],[11.0082854,45.4434729],[11.0084144,45.4433278],[11.0084389,45.4433002]]},"properties":{"site":"verona","name":"","highway":"path"}},{"type":"Feature","geometry":{"type":"LineString","coordinates":[[11.0075203,45.4440779],[11.0075156,45.4441513],[11.0074807,45.4442143],[11.0073786,45.4442413],[11.0073568,45.444266]]},"properties":{"site":"verona","name":"","highway":"path"}},{"type":"Feature","geometry":{"type":"LineString","coordinates":[[11.0077275,45.4439979],[11.007651,45.4440534],[11.0075591,45.4440417]]},"properties":{"site":"verona","name":"","highway":"path"}},{"type":"Feature","geometry":{"type":"LineString","coordinates":[[11.0079779,45.443742],[11.0079112,45.4438262],[11.0078669,45.4438935],[11.0077275,45.4439979],[11.0077288,45.4441005],[11.0077791,45.4441311],[11.0078572,45.4439671],[11.0078786,45.4439721]]},"properties":{"site":"verona","name":"","highway":"path"}},{"type":"Feature","geometry":{"type":"LineString","coordinates":[[11.0063864,45.4430359],[11.0064798,45.4430838]]},"properties":{"site":"verona","name":"","highway":"path"}},{"type":"Feature","geometry":{"type":"LineString","coordinates":[[11.006346,45.4430151],[11.0063864,45.4430359]]},"properties":{"site":"verona","name":"","highway":"path"}},{"type":"Feature","geometry":{"type":"LineString","coordinates":[[11.0064798,45.4430838],[11.0068103,45.4432074]]},"properties":{"site":"verona","name":"","highway":"path"}},{"type":"Feature","geometry":{"type":"LineString","coordinates":[[10.9868333,45.4416914],[10.9866609,45.4419913]]},"properties":{"site":"verona","name":"","highway":"footway"}},{"type":"Feature","geometry":{"type":"LineString","coordinates":[[10.9868833,45.4416104],[10.9868333,45.4416914]]},"properties":{"site":"verona","name":"","highway":"footway"}},{"type":"Feature","geometry":{"type":"LineString","coordinates":[[11.0088101,45.4335515],[11.0088365,45.4335761],[11.0088591,45.4336137]]},"properties":{"site":"verona","name":"","highway":"steps"}},{"type":"Feature","geometry":{"type":"LineString","coordinates":[[11.007976,45.4340451],[11.008013,45.4340216],[11.0080651,45.4339937],[11.0081779,45.4339317],[11.0084102,45.4337995],[11.008549,45.4337256],[11.0086545,45.433678],[11.0087825,45.4336277],[11.0088591,45.4336137],[11.0089045,45.4336043],[11.0090603,45.4335809],[11.0091677,45.4335723],[11.0092571,45.4335772],[11.009382,45.4335936],[11.0095081,45.4336231],[11.0095991,45.4336543],[11.0096523,45.4336809],[11.009755,45.433728],[11.0098624,45.4337935],[11.0099616,45.4338636],[11.0100486,45.4339336],[11.010163,45.4340262],[11.0102687,45.4341028],[11.0103638,45.4341761],[11.0104619,45.434254],[11.0105185,45.434297],[11.0105646,45.4343322]]},"properties":{"site":"verona","name":"","highway":"footway"}},{"type":"Feature","geometry":{"type":"LineString","coordinates":[[11.0069691,45.4347173],[11.0068856,45.4346025],[11.0067971,45.434415],[11.0067193,45.4344336],[11.0066405,45.4345534],[11.0065343,45.4347],[11.0064299,45.4348763],[11.0063792,45.4350002],[11.0063553,45.4350586]]},"properties":{"site":"verona","name":"","highway":"footway"}},{"type":"Feature","geometry":{"type":"LineString","coordinates":[[11.002243,45.4344492],[11.0022687,45.4345018],[11.0022936,45.4345502]]},"properties":{"site":"verona","name":"","highway":"footway"}},{"type":"Feature","geometry":{"type":"LineString","coordinates":[[11.0007107,45.4345063],[11.0007001,45.4345112]]},"properties":{"site":"verona","name":"","highway":"footway"}},{"type":"Feature","geometry":{"type":"LineString","coordinates":[[11.000769,45.4342047],[11.0009644,45.43442],[11.0010674,45.4344151],[11.0012403,45.4345652]]},"properties":{"site":"verona","name":"","highway":"footway"}},{"type":"Feature","geometry":{"type":"LineString","coordinates":[[11.002116,45.4424104],[11.0021875,45.4424104]]},"properties":{"site":"verona","name":"","highway":"footway"}},{"type":"Feature","geometry":{"type":"LineString","coordinates":[[11.0093237,45.4445376],[11.0093479,45.4446816],[11.0094162,45.4449007],[11.0095137,45.4450661],[11.0098775,45.4454668]]},"properties":{"site":"verona","name":"","highway":"service"}},{"type":"Feature","geometry":{"type":"LineString","coordinates":[[11.0117645,45.4468039],[11.0116671,45.4467675],[11.0115276,45.4467497],[11.0114686,45.4467844],[11.0114107,45.4468077],[11.0113388,45.4468054],[11.0112498,45.4467731],[11.0110971,45.4467027],[11.010911,45.4466638],[11.0106954,45.44665],[11.0105869,45.4466197],[11.0099559,45.4461597],[11.0099189,45.4461009],[11.0097476,45.4459833]]},"properties":{"site":"verona","name":"","highway":"service"}},{"type":"Feature","geometry":{"type":"LineString","coordinates":[[11.0115276,45.4467497],[11.0105513,45.445996]]},"properties":{"site":"verona","name":"","highway":"track"}},{"type":"Feature","geometry":{"type":"LineString","coordinates":[[11.0093287,45.4444547],[11.0094457,45.44453],[11.0095672,45.4445649],[11.0097627,45.444621],[11.0099816,45.444761],[11.0103528,45.4451087],[11.0107047,45.4454113],[11.0107047,45.4454806],[11.0106597,45.4455227],[11.0105696,45.4455212],[11.0104236,45.4454249],[11.0097222,45.4447825],[11.0095672,45.4445649]]},"properties":{"site":"verona","name":"","highway":"service"}},{"type":"Feature","geometry":{"type":"LineString","coordinates":[[11.0098775,45.4454668],[11.0099709,45.4455388],[11.0100246,45.4455404],[11.0100739,45.4455629],[11.0100954,45.4456043],[11.0102197,45.4457163],[11.0105513,45.445996]]},"properties":{"site":"verona","name":"","highway":"footway"}},{"type":"Feature","geometry":{"type":"LineString","coordinates":[[11.0082148,45.4431772],[11.0082649,45.4431701]]},"properties":{"site":"verona","name":"","highway":"footway"}},{"type":"Feature","geometry":{"type":"LineString","coordinates":[[11.0082649,45.4431701],[11.0083732,45.4431517]]},"properties":{"site":"verona","name":"","highway":"steps"}},{"type":"Feature","geometry":{"type":"LineString","coordinates":[[10.9893963,45.442741],[10.9893938,45.4427091],[10.9893875,45.4426195],[10.9893953,45.4426192]]},"properties":{"site":"verona","name":"","highway":"footway"}},{"type":"Feature","geometry":{"type":"LineString","coordinates":[[10.9882772,45.4427105],[10.9882639,45.4424727],[10.9893229,45.4424435],[10.9893362,45.4426814],[10.9882772,45.4427105]]},"properties":{"site":"verona","name":"","highway":"service"}},{"type":"Feature","geometry":{"type":"LineString","coordinates":[[10.9888289,45.4427565],[10.9885844,45.4427629]]},"properties":{"site":"verona","name":"","highway":"service"}},{"type":"Feature","geometry":{"type":"LineString","coordinates":[[10.9885844,45.4427629],[10.9882821,45.4427706]]},"properties":{"site":"verona","name":"","highway":"service"}},{"type":"Feature","geometry":{"type":"LineString","coordinates":[[10.9890546,45.4427531],[10.9888289,45.4427565]]},"properties":{"site":"verona","name":"","highway":"service"}},{"type":"Feature","geometry":{"type":"LineString","coordinates":[[10.9882821,45.4427706],[10.9882791,45.4427342],[10.9882772,45.4427105]]},"properties":{"site":"verona","name":"","highway":"service"}},{"type":"Feature","geometry":{"type":"LineString","coordinates":[[10.9888289,45.4427565],[10.9888245,45.4426592]]},"properties":{"site":"verona","name":"","highway":"service"}},{"type":"Feature","geometry":{"type":"LineString","coordinates":[[10.9854309,45.4323076],[10.9844175,45.4327591]]},"properties":{"site":"verona","name":"","highway":"footway"}},{"type":"Feature","geometry":{"type":"LineString","coordinates":[[10.9855797,45.4322421],[10.9855175,45.4322676],[10.9854309,45.4323076]]},"properties":{"site":"verona","name":"","highway":"footway"}},{"type":"Feature","geometry":{"type":"LineString","coordinates":[[11.002928,45.4342961],[11.0029148,45.4342505]]},"properties":{"site":"verona","name":"","highway":"footway"}},{"type":"Feature","geometry":{"type":"LineString","coordinates":[[11.0029937,45.4344325],[11.0029808,45.434404]]},"properties":{"site":"verona","name":"","highway":"footway"}},{"type":"Feature","geometry":{"type":"LineString","coordinates":[[11.0022936,45.4345502],[11.0023184,45.4345985]]},"properties":{"site":"verona","name":"","highway":"footway"}},{"type":"Feature","geometry":{"type":"LineString","coordinates":[[11.0021465,45.4342488],[11.0021719,45.4343067],[11.0022261,45.4344148],[11.002243,45.4344492]]},"properties":{"site":"verona","name":"","highway":"footway"}},{"type":"Feature","geometry":{"type":"LineString","coordinates":[[11.0012403,45.4345652],[11.0012733,45.4346296],[11.0013101,45.4346298],[11.0013327,45.4346771]]},"properties":{"site":"verona","name":"","highway":"footway"}},{"type":"Feature","geometry":{"type":"LineString","coordinates":[[11.0013327,45.4346771],[11.0013554,45.4347245],[11.0013815,45.4347751]]},"properties":{"site":"verona","name":"","highway":"footway"}},{"type":"Feature","geometry":{"type":"LineString","coordinates":[[11.0020938,45.4341293],[11.0020985,45.43414]]},"properties":{"site":"verona","name":"","highway":"footway"}},{"type":"Feature","geometry":{"type":"LineString","coordinates":[[11.0020985,45.43414],[11.002111,45.4341682],[11.0021465,45.4342488]]},"properties":{"site":"verona","name":"","highway":"footway"}},{"type":"Feature","geometry":{"type":"LineString","coordinates":[[10.9983968,45.4420059],[10.9984626,45.4420384],[10.9985811,45.4420967],[10.9986423,45.442031],[10.9984615,45.441941],[10.9984438,45.4419599],[10.9984321,45.4419706],[10.9983968,45.4420059]]},"properties":{"site":"verona","name":"","highway":"pedestrian"}},{"type":"Feature","geometry":{"type":"LineString","coordinates":[[10.9978715,45.4428853],[10.9978543,45.4428793]]},"properties":{"site":"verona","name":"Scala della Ragione","highway":"steps"}},{"type":"Feature","geometry":{"type":"LineString","coordinates":[[10.997812,45.4429642],[10.9978715,45.4428853]]},"properties":{"site":"verona","name":"Scala della Ragione","highway":"steps"}},{"type":"Feature","geometry":{"type":"LineString","coordinates":[[11.001145,45.4345557],[11.0010108,45.4344572]]},"properties":{"site":"verona","name":"","highway":"steps"}},{"type":"Feature","geometry":{"type":"LineString","coordinates":[[11.0008104,45.4345576],[11.0009207,45.4346831]]},"properties":{"site":"verona","name":"","highway":"steps"}},{"type":"Feature","geometry":{"type":"LineString","coordinates":[[11.0008962,45.4347004],[11.0009207,45.4346831]]},"properties":{"site":"verona","name":"","highway":"footway"}},{"type":"Feature","geometry":{"type":"LineString","coordinates":[[11.0011625,45.4345452],[11.001145,45.4345557]]},"properties":{"site":"verona","name":"","highway":"footway"}},{"type":"Feature","geometry":{"type":"LineString","coordinates":[[10.9899319,45.4311296],[10.9899259,45.4312477]]},"properties":{"site":"verona","name":"","highway":"footway"}},{"type":"Feature","geometry":{"type":"LineString","coordinates":[[10.9956579,45.4301752],[10.9954487,45.4302339],[10.9952668,45.4302748],[10.9951067,45.4302875],[10.9949029,45.4302901],[10.9947428,45.4302467],[10.9946627,45.4302211],[10.9944917,45.4301241],[10.9943534,45.4300143],[10.9943198,45.429901]]},"properties":{"site":"verona","name":"","highway":"footway"}},{"type":"Feature","geometry":{"type":"LineString","coordinates":[[11.0020938,45.4341293],[11.0019409,45.4340714],[11.0019268,45.4340638],[11.0018962,45.4340498],[11.001767,45.4337938],[11.001554,45.4333718],[11.0015513,45.4333497],[11.0015601,45.433329],[11.0015866,45.4333104]]},"properties":{"site":"verona","name":"","highway":"footway"}},{"type":"Feature","geometry":{"type":"LineString","coordinates":[[11.0019268,45.4340638],[11.0019393,45.4340558],[11.0020076,45.4340065],[11.0020385,45.4339842],[11.0027493,45.4338087]]},"properties":{"site":"verona","name":"","highway":"footway"}},{"type":"Feature","geometry":{"type":"LineString","coordinates":[[11.0026273,45.4338915],[11.0019393,45.4340558]]},"properties":{"site":"verona","name":"","highway":"footway"}},{"type":"Feature","geometry":{"type":"LineString","coordinates":[[11.0026565,45.4335667],[11.0019735,45.4337403],[11.0018767,45.4337653],[11.0018232,45.4337792],[11.001767,45.4337938]]},"properties":{"site":"verona","name":"","highway":"footway"}},{"type":"Feature","geometry":{"type":"LineString","coordinates":[[11.0019735,45.4337403],[11.0019657,45.4337233],[11.0019477,45.4336837],[11.0026815,45.433503],[11.0026917,45.4334493]]},"properties":{"site":"verona","name":"","highway":"footway"}},{"type":"Feature","geometry":{"type":"LineString","coordinates":[[11.0025108,45.4332848],[11.0019514,45.4334179],[11.0018658,45.4335487]]},"properties":{"site":"verona","name":"","highway":"footway"}},{"type":"Feature","geometry":{"type":"LineString","coordinates":[[11.0015513,45.4333497],[11.0016107,45.4333503],[11.0016604,45.4333508]]},"properties":{"site":"verona","name":"","highway":"footway"}},{"type":"Feature","geometry":{"type":"LineString","coordinates":[[11.0003177,45.4487905],[11.0003164,45.4488188],[11.000313,45.4488413],[11.0002985,45.4488615],[11.0002798,45.4488763],[11.0002499,45.4488834]]},"properties":{"site":"verona","name":"","highway":"footway"}},{"type":"Feature","geometry":{"type":"LineString","coordinates":[[11.0003513,45.4487874],[11.0003177,45.4487905]]},"properties":{"site":"verona","name":"","highway":"steps"}},{"type":"Feature","geometry":{"type":"LineString","coordinates":[[11.0067064,45.4522436],[11.0070473,45.4524496],[11.0071509,45.452482],[11.0073025,45.4524943],[11.0075916,45.4524811],[11.0078819,45.452439],[11.0087777,45.4523486],[11.0092015,45.4522659],[11.0097273,45.4520778],[11.0098385,45.4519758],[11.00993,45.4518324],[11.0099675,45.4517116],[11.0100086,45.4515533],[11.0101355,45.4513627],[11.0102114,45.4512104],[11.0102422,45.4510568],[11.0102028,45.4506945],[11.0101635,45.450472],[11.0101386,45.4502681],[11.0101028,45.4499256],[11.0099762,45.4492062],[11.0098613,45.4485086],[11.0098128,45.4482384],[11.0097614,45.4480388],[11.0094893,45.4473847],[11.0093141,45.4469967],[11.0092582,45.4468719],[11.0091739,45.4466655],[11.0089157,45.4460736],[11.0088101,45.4458704],[11.0087586,45.4457959],[11.0087085,45.4457363],[11.0086641,45.4456683],[11.008673,45.4456206],[11.0086796,45.4455428],[11.0086867,45.4454205]]},"properties":{"site":"verona","name":"","highway":"track"}},{"type":"Feature","geometry":{"type":"LineString","coordinates":[[11.0083975,45.4444497],[11.0083427,45.4445589],[11.0083148,45.4446163],[11.0082673,45.4446437],[11.007945,45.4445787]]},"properties":{"site":"verona","name":"","highway":"service"}},{"type":"Feature","geometry":{"type":"LineString","coordinates":[[11.0073037,45.4442815],[11.0074312,45.4441538],[11.0074841,45.4440817]]},"properties":{"site":"verona","name":"","highway":"path"}},{"type":"Feature","geometry":{"type":"LineString","coordinates":[[11.0073743,45.4442909],[11.0073899,45.4443006],[11.0073816,45.4443193],[11.0073531,45.4443287],[11.0073232,45.4443246],[11.0073044,45.4443108],[11.0072947,45.4442971],[11.0073037,45.4442815]]},"properties":{"site":"verona","name":"","highway":"steps"}},{"type":"Feature","geometry":{"type":"LineString","coordinates":[[11.0087026,45.4434909],[11.0086582,45.4434308],[11.0085396,45.4433727],[11.0084144,45.4433278]]},"properties":{"site":"verona","name":"","highway":"path"}},{"type":"Feature","geometry":{"type":"LineString","coordinates":[[11.0085289,45.4436172],[11.0083993,45.4436165],[11.0083169,45.4436037]]},"properties":{"site":"verona","name":"","highway":"path"}},{"type":"Feature","geometry":{"type":"LineString","coordinates":[[11.0036489,45.4439173],[11.0036759,45.4439201],[11.0037359,45.4439261]]},"properties":{"site":"verona","name":"","highway":"steps"}},{"type":"Feature","geometry":{"type":"LineString","coordinates":[[10.988499,45.4394445],[10.9884266,45.4395214]]},"properties":{"site":"verona","name":"Via Roma","highway":"pedestrian"}},{"type":"Feature","geometry":{"type":"LineString","coordinates":[[10.988443,45.4396372],[10.9885159,45.4395645],[10.9885872,45.4394845],[10.988499,45.4394445]]},"properties":{"site":"verona","name":"","highway":"footway"}},{"type":"Feature","geometry":{"type":"LineString","coordinates":[[10.988499,45.4394445],[10.9883639,45.43938]]},"properties":{"site":"verona","name":"","highway":"footway"}},{"type":"Feature","geometry":{"type":"LineString","coordinates":[[10.9882844,45.4394521],[10.9883409,45.4394008],[10.9883639,45.43938]]},"properties":{"site":"verona","name":"Via Roma","highway":"pedestrian"}},{"type":"Feature","geometry":{"type":"LineString","coordinates":[[10.9956524,45.4490467],[10.9953797,45.4490274],[10.9954088,45.4488566]]},"properties":{"site":"verona","name":"","highway":"service"}},{"type":"Feature","geometry":{"type":"LineString","coordinates":[[11.000913,45.448758],[11.0026517,45.4486944]]},"properties":{"site":"verona","name":"","highway":"steps"}},{"type":"Feature","geometry":{"type":"LineString","coordinates":[[11.0027216,45.440083],[11.0031158,45.4399552]]},"properties":{"site":"verona","name":"","highway":"footway"}},{"type":"Feature","geometry":{"type":"LineString","coordinates":[[11.002629,45.4401128],[11.0027216,45.440083]]},"properties":{"site":"verona","name":"","highway":"steps"}},{"type":"Feature","geometry":{"type":"LineString","coordinates":[[10.9914382,45.4410463],[10.9914107,45.4410748],[10.9913609,45.4411264],[10.9913131,45.441177],[10.9910747,45.4410662],[10.9909904,45.4411556],[10.9910257,45.441172]]},"properties":{"site":"verona","name":"","highway":"footway"}},{"type":"Feature","geometry":{"type":"LineString","coordinates":[[10.988164,45.4397304],[10.988331,45.4397852],[10.9881765,45.440017]]},"properties":{"site":"verona","name":"","highway":"footway"}},{"type":"Feature","geometry":{"type":"LineString","coordinates":[[11.0078673,45.4447786],[11.0080086,45.4448197],[11.0080941,45.4448382],[11.0081754,45.4448493]]},"properties":{"site":"verona","name":"","highway":"service"}},{"type":"Feature","geometry":{"type":"LineString","coordinates":[[11.0078856,45.4452048],[11.0076072,45.4450748]]},"properties":{"site":"verona","name":"","highway":"service"}},{"type":"Feature","geometry":{"type":"LineString","coordinates":[[11.0082673,45.4446437],[11.0081754,45.4448493],[11.0081257,45.4449604],[11.0080353,45.4450616],[11.0078856,45.4452048],[11.0080889,45.4453131]]},"properties":{"site":"verona","name":"","highway":"service"}},{"type":"Feature","geometry":{"type":"LineString","coordinates":[[11.0008306,45.4455318],[11.0008005,45.44577],[11.0007862,45.4458596],[11.0007459,45.4460608],[11.0006027,45.4463715],[11.0004528,45.4466183],[11.0003958,45.4466]]},"properties":{"site":"verona","name":"","highway":"footway"}},{"type":"Feature","geometry":{"type":"LineString","coordinates":[[11.0008306,45.4455318],[11.0007322,45.445529]]},"properties":{"site":"verona","name":"","highway":"steps"}},{"type":"Feature","geometry":{"type":"LineString","coordinates":[[11.0002407,45.4462586],[11.0000802,45.4461933],[10.9998329,45.4460932],[10.9995434,45.4459758]]},"properties":{"site":"verona","name":"","highway":"footway"}},{"type":"Feature","geometry":{"type":"LineString","coordinates":[[11.0000802,45.4461933],[11.0000211,45.4462841]]},"properties":{"site":"verona","name":"","highway":"footway"}},{"type":"Feature","geometry":{"type":"LineString","coordinates":[[10.9926204,45.4364769],[10.992601,45.4364321]]},"properties":{"site":"verona","name":"","highway":"footway"}},{"type":"Feature","geometry":{"type":"LineString","coordinates":[[10.9927951,45.4368793],[10.9927539,45.4368815]]},"properties":{"site":"verona","name":"Piazza Cittadella","highway":"pedestrian"}},{"type":"Feature","geometry":{"type":"LineString","coordinates":[[10.9932614,45.4369001],[10.9932741,45.4369224]]},"properties":{"site":"verona","name":"","highway":"pedestrian"}},{"type":"Feature","geometry":{"type":"LineString","coordinates":[[10.9938409,45.436926],[10.9937493,45.4369031]]},"properties":{"site":"verona","name":"","highway":"footway"}},{"type":"Feature","geometry":{"type":"LineString","coordinates":[[10.9932614,45.4369001],[10.9931542,45.4366857],[10.9932125,45.4366713],[10.9931833,45.4366129],[10.9931579,45.4365621]]},"properties":{"site":"verona","name":"","highway":"pedestrian"}},{"type":"Feature","geometry":{"type":"LineString","coordinates":[[10.9931579,45.4365621],[10.9930874,45.4365784],[10.9927029,45.4366673]]},"properties":{"site":"verona","name":"","highway":"pedestrian"}},{"type":"Feature","geometry":{"type":"LineString","coordinates":[[10.9932848,45.4363125],[10.9932638,45.4362661],[10.993234,45.4361991]]},"properties":{"site":"verona","name":"","highway":"footway"}},{"type":"Feature","geometry":{"type":"LineString","coordinates":[[10.9932848,45.4363125],[10.9933168,45.4363825],[10.9933991,45.4365628],[10.9934277,45.4365558],[10.9935145,45.4365344]]},"properties":{"site":"verona","name":"","highway":"pedestrian"}},{"type":"Feature","geometry":{"type":"LineString","coordinates":[[10.9933991,45.4365628],[10.9931833,45.4366129]]},"properties":{"site":"verona","name":"","highway":"pedestrian"}},{"type":"Feature","geometry":{"type":"LineString","coordinates":[[10.9936726,45.4368838],[10.9936271,45.436836],[10.9936178,45.4368118],[10.993547,45.4367877],[10.9934277,45.4365558]]},"properties":{"site":"verona","name":"","highway":"pedestrian"}},{"type":"Feature","geometry":{"type":"LineString","coordinates":[[10.9926527,45.4365515],[10.9930256,45.4364566],[10.9931566,45.4364233],[10.9933168,45.4363825]]},"properties":{"site":"verona","name":"","highway":"pedestrian"}},{"type":"Feature","geometry":{"type":"LineString","coordinates":[[10.9935145,45.4365344],[10.9936244,45.4365063],[10.9936763,45.4364929]]},"properties":{"site":"verona","name":"","highway":"footway"}},{"type":"Feature","geometry":{"type":"LineString","coordinates":[[10.9930874,45.4365784],[10.9930256,45.4364566]]},"properties":{"site":"verona","name":"","highway":"pedestrian"}},{"type":"Feature","geometry":{"type":"LineString","coordinates":[[10.9931579,45.4365621],[10.9932203,45.4365483],[10.9931566,45.4364233]]},"properties":{"site":"verona","name":"","highway":"pedestrian"}},{"type":"Feature","geometry":{"type":"LineString","coordinates":[[10.9920639,45.4363911],[10.9921017,45.4364431],[10.9924718,45.4363419],[10.992545,45.436323],[10.9927006,45.4362842],[10.9932144,45.4361589],[10.9933444,45.4361262],[10.9931755,45.4357805],[10.9930766,45.4355795],[10.9929454,45.4353351]]},"properties":{"site":"verona","name":"","highway":"footway"}},{"type":"Feature","geometry":{"type":"LineString","coordinates":[[10.9910916,45.4367033],[10.9917581,45.4365352],[10.9920115,45.4364649],[10.9919805,45.4364131]]},"properties":{"site":"verona","name":"","highway":"footway"}},{"type":"Feature","geometry":{"type":"LineString","coordinates":[[10.9919805,45.4364131],[10.9920427,45.4363967],[10.9920639,45.4363911]]},"properties":{"site":"verona","name":"","highway":"footway"}},{"type":"Feature","geometry":{"type":"LineString","coordinates":[[10.993234,45.4361991],[10.9932144,45.4361589]]},"properties":{"site":"verona","name":"","highway":"footway"}},{"type":"Feature","geometry":{"type":"LineString","coordinates":[[11.0021036,45.4427289],[11.0021472,45.4427286],[11.002184,45.4427283],[11.0022446,45.4427282],[11.0022575,45.4427282]]},"properties":{"site":"verona","name":"","highway":"footway"}},{"type":"Feature","geometry":{"type":"LineString","coordinates":[[11.0040269,45.4352966],[11.0041131,45.4353159],[11.004116,45.4353911],[11.0041113,45.4354022],[11.0040485,45.4354263]]},"properties":{"site":"verona","name":"","highway":"footway"}},{"type":"Feature","geometry":{"type":"LineString","coordinates":[[11.0040564,45.4351913],[11.0040415,45.4352442],[11.0040269,45.4352966]]},"properties":{"site":"verona","name":"","highway":"footway"}},{"type":"Feature","geometry":{"type":"LineString","coordinates":[[11.0014438,45.4348315],[11.001421,45.4349071],[11.0013959,45.4349903]]},"properties":{"site":"verona","name":"","highway":"footway"}},{"type":"Feature","geometry":{"type":"LineString","coordinates":[[11.0013959,45.4349903],[11.0013322,45.4350021],[11.0012134,45.4350241],[11.0011922,45.435028],[11.0010171,45.4350605]]},"properties":{"site":"verona","name":"","highway":"footway"}},{"type":"Feature","geometry":{"type":"LineString","coordinates":[[10.9912047,45.4351793],[10.9911943,45.4351512],[10.9911925,45.4351161],[10.9912006,45.4350929],[10.9912212,45.4350581],[10.9912352,45.4350421],[10.9912583,45.4350264],[10.9913063,45.4350088]]},"properties":{"site":"verona","name":"","highway":"service"}},{"type":"Feature","geometry":{"type":"LineString","coordinates":[[10.9912094,45.4351868],[10.9912047,45.4351793]]},"properties":{"site":"verona","name":"","highway":"service"}},{"type":"Feature","geometry":{"type":"LineString","coordinates":[[10.9912509,45.4352546],[10.9912094,45.4351868]]},"properties":{"site":"verona","name":"","highway":"service"}},{"type":"Feature","geometry":{"type":"LineString","coordinates":[[10.9912574,45.4351452],[10.9912867,45.4351926]]},"properties":{"site":"verona","name":"","highway":"service"}},{"type":"Feature","geometry":{"type":"LineString","coordinates":[[10.9912867,45.4351926],[10.9913019,45.4352162],[10.9913309,45.4352611]]},"properties":{"site":"verona","name":"","highway":"service"}},{"type":"Feature","geometry":{"type":"LineString","coordinates":[[10.9912078,45.4349923],[10.9910695,45.4347313],[10.9907253,45.4348154],[10.9902095,45.4350099]]},"properties":{"site":"verona","name":"","highway":"footway"}},{"type":"Feature","geometry":{"type":"LineString","coordinates":[[10.9913349,45.4350597],[10.9913063,45.4350088]]},"properties":{"site":"verona","name":"","highway":"service"}},{"type":"Feature","geometry":{"type":"LineString","coordinates":[[10.9911533,45.4347137],[10.9911155,45.434688],[10.9910514,45.4346732]]},"properties":{"site":"verona","name":"","highway":"service"}},{"type":"Feature","geometry":{"type":"LineString","coordinates":[[11.0079573,45.43403],[11.0079288,45.4340068],[11.0078867,45.4339725]]},"properties":{"site":"verona","name":"","highway":"footway"}},{"type":"Feature","geometry":{"type":"LineString","coordinates":[[11.0075184,45.434154],[11.0076408,45.434091],[11.0077179,45.4341489]]},"properties":{"site":"verona","name":"","highway":"service"}},{"type":"Feature","geometry":{"type":"LineString","coordinates":[[11.0074601,45.4341839],[11.0075184,45.434154]]},"properties":{"site":"verona","name":"","highway":"service"}},{"type":"Feature","geometry":{"type":"LineString","coordinates":[[11.0102462,45.4338797],[11.0103923,45.4340212]]},"properties":{"site":"verona","name":"","highway":"service"}},{"type":"Feature","geometry":{"type":"LineString","coordinates":[[11.0100503,45.4338135],[11.0102207,45.433862],[11.0102462,45.4338797]]},"properties":{"site":"verona","name":"","highway":"service"}},{"type":"Feature","geometry":{"type":"LineString","coordinates":[[11.0103923,45.4340212],[11.0104755,45.4341012],[11.0104618,45.4341834]]},"properties":{"site":"verona","name":"","highway":"service"}},{"type":"Feature","geometry":{"type":"LineString","coordinates":[[10.9868625,45.4409346],[10.9860248,45.4411643],[10.9859051,45.44121],[10.9858765,45.4412496]]},"properties":{"site":"verona","name":"Strada dell'alzaia Tolo Da Re","highway":"footway"}},{"type":"Feature","geometry":{"type":"LineString","coordinates":[[10.9876035,45.4393881],[10.9876304,45.4394067],[10.9879944,45.4396551]]},"properties":{"site":"verona","name":"","highway":"footway"}},{"type":"Feature","geometry":{"type":"LineString","coordinates":[[10.9854661,45.4422419],[10.9854061,45.4422374],[10.9851526,45.4423038]]},"properties":{"site":"verona","name":"","highway":"footway"}},{"type":"Feature","geometry":{"type":"LineString","coordinates":[[10.9951908,45.4370204],[10.9952522,45.4370729]]},"properties":{"site":"verona","name":"","highway":"footway"}},{"type":"Feature","geometry":{"type":"LineString","coordinates":[[10.9951908,45.4370204],[10.9947325,45.4372555],[10.9943372,45.4373188],[10.9941226,45.4373557]]},"properties":{"site":"verona","name":"","highway":"footway"}},{"type":"Feature","geometry":{"type":"LineString","coordinates":[[10.9940577,45.4373677],[10.9939594,45.4373978],[10.9935086,45.4375357],[10.9928396,45.4379131]]},"properties":{"site":"verona","name":"","highway":"footway"}},{"type":"Feature","geometry":{"type":"LineString","coordinates":[[10.9940577,45.4373677],[10.9940935,45.4373614],[10.9941226,45.4373557]]},"properties":{"site":"verona","name":"","highway":"footway"}},{"type":"Feature","geometry":{"type":"LineString","coordinates":[[10.9945343,45.4376188],[10.9945156,45.4376271],[10.9944948,45.4376217],[10.9944275,45.4375575],[10.9944046,45.4375357],[10.9943957,45.4375092],[10.9947072,45.4374156],[10.9947325,45.4374301],[10.9945343,45.4376188]]},"properties":{"site":"verona","name":"","highway":"footway"}},{"type":"Feature","geometry":{"type":"LineString","coordinates":[[10.9943372,45.4373188],[10.9943653,45.4374104],[10.9943957,45.4375092]]},"properties":{"site":"verona","name":"","highway":"footway"}},{"type":"Feature","geometry":{"type":"LineString","coordinates":[[10.9933752,45.4378318],[10.9935584,45.4376623],[10.9938606,45.4375544],[10.9939679,45.4375249],[10.9940261,45.4375177],[10.9940698,45.4375123],[10.9941896,45.4375318],[10.9942942,45.4375839],[10.9943269,45.437614],[10.9943631,45.4376472],[10.9944131,45.4377275],[10.9944203,45.4378517],[10.9943836,45.4380857],[10.9943644,45.4381125]]},"properties":{"site":"verona","name":"","highway":"footway"}},{"type":"Feature","geometry":{"type":"LineString","coordinates":[[10.9944275,45.4375575],[10.9943712,45.4375891],[10.9943269,45.437614]]},"properties":{"site":"verona","name":"","highway":"footway"}},{"type":"Feature","geometry":{"type":"LineString","coordinates":[[10.993581,45.4493915],[10.9935497,45.4493652],[10.9935079,45.4493471]]},"properties":{"site":"verona","name":"","highway":"footway"}},{"type":"Feature","geometry":{"type":"LineString","coordinates":[[10.9939701,45.4495682],[10.9939761,45.4496111],[10.9939844,45.4496707]]},"properties":{"site":"verona","name":"","highway":"footway"}},{"type":"Feature","geometry":{"type":"LineString","coordinates":[[10.9940067,45.449526],[10.9939701,45.4495682]]},"properties":{"site":"verona","name":"","highway":"footway"}},{"type":"Feature","geometry":{"type":"LineString","coordinates":[[10.9989655,45.4430388],[10.9989032,45.4431022]]},"properties":{"site":"verona","name":"","highway":"pedestrian"}},{"type":"Feature","geometry":{"type":"LineString","coordinates":[[10.9988768,45.4429888],[10.9988068,45.4430539]]},"properties":{"site":"verona","name":"","highway":"pedestrian"}},{"type":"Feature","geometry":{"type":"LineString","coordinates":[[10.9991038,45.4431146],[10.9990431,45.4431725]]},"properties":{"site":"verona","name":"","highway":"pedestrian"}},{"type":"Feature","geometry":{"type":"LineString","coordinates":[[10.9990346,45.4430767],[10.998973,45.4431387]]},"properties":{"site":"verona","name":"","highway":"pedestrian"}},{"type":"Feature","geometry":{"type":"LineString","coordinates":[[10.9990117,45.4429961],[10.9989655,45.4430388]]},"properties":{"site":"verona","name":"","highway":"pedestrian"}},{"type":"Feature","geometry":{"type":"LineString","coordinates":[[10.9991509,45.443067],[10.9991038,45.4431146]]},"properties":{"site":"verona","name":"","highway":"pedestrian"}},{"type":"Feature","geometry":{"type":"LineString","coordinates":[[10.9979289,45.4435407],[10.9976217,45.4433959]]},"properties":{"site":"verona","name":"","highway":"pedestrian"}},{"type":"Feature","geometry":{"type":"LineString","coordinates":[[10.9960482,45.4439863],[10.9960838,45.4439535],[10.9961271,45.4439087],[10.996247,45.4438769]]},"properties":{"site":"verona","name":"Piazzetta Monte","highway":"pedestrian"}},{"type":"Feature","geometry":{"type":"LineString","coordinates":[[10.9965962,45.4435137],[10.9966553,45.4435405]]},"properties":{"site":"verona","name":"Corso Porta Borsari","highway":"pedestrian"}},{"type":"Feature","geometry":{"type":"LineString","coordinates":[[10.9911998,45.438232],[10.9910905,45.4382613],[10.9909366,45.4383024],[10.9908194,45.4383338]]},"properties":{"site":"verona","name":"","highway":"footway"}},{"type":"Feature","geometry":{"type":"LineString","coordinates":[[10.990988,45.4384033],[10.9909366,45.4383024],[10.990882,45.4381952]]},"properties":{"site":"verona","name":"","highway":"footway"}},{"type":"Feature","geometry":{"type":"LineString","coordinates":[[10.9911296,45.4383331],[10.9910905,45.4382613],[10.9910458,45.4381793]]},"properties":{"site":"verona","name":"","highway":"footway"}},{"type":"Feature","geometry":{"type":"LineString","coordinates":[[10.9852528,45.4400609],[10.9852293,45.4400341]]},"properties":{"site":"verona","name":"","highway":"footway"}},{"type":"Feature","geometry":{"type":"LineString","coordinates":[[10.9855775,45.4399456],[10.9855603,45.4399165]]},"properties":{"site":"verona","name":"","highway":"footway"}},{"type":"Feature","geometry":{"type":"LineString","coordinates":[[10.9827124,45.4418908],[10.9827577,45.4419142],[10.9829615,45.4417325],[10.9831135,45.4416069],[10.9833566,45.441406],[10.9833727,45.4413927],[10.9836227,45.4411741],[10.9838525,45.440973],[10.9839973,45.4408464],[10.9840187,45.4408276],[10.9841496,45.44072],[10.9842026,45.4406803],[10.984366,45.4405581],[10.9843757,45.4405508],[10.9844967,45.4404603],[10.9845182,45.4404468],[10.9846929,45.440338],[10.9849748,45.4401896],[10.9852528,45.4400609],[10.9852725,45.4400518],[10.9855775,45.4399456],[10.9857592,45.4399027],[10.9857965,45.4398863]]},"properties":{"site":"verona","name":"Regaste","highway":"footway"}},{"type":"Feature","geometry":{"type":"LineString","coordinates":[[10.9847533,45.4332684],[10.9850344,45.4332628]]},"properties":{"site":"verona","name":"","highway":"service"}},{"type":"Feature","geometry":{"type":"LineString","coordinates":[[10.9850344,45.4332628],[10.9850855,45.4332406],[10.9851053,45.4332329]]},"properties":{"site":"verona","name":"","highway":"service"}},{"type":"Feature","geometry":{"type":"LineString","coordinates":[[10.9898687,45.4351361],[10.9898161,45.4351509]]},"properties":{"site":"verona","name":"","highway":"footway"}},{"type":"Feature","geometry":{"type":"LineString","coordinates":[[10.9902222,45.4350363],[10.9902095,45.4350099]]},"properties":{"site":"verona","name":"","highway":"footway"}},{"type":"Feature","geometry":{"type":"LineString","coordinates":[[10.9887551,45.4331976],[10.9888248,45.4331777],[10.988842,45.4331737]]},"properties":{"site":"verona","name":"","highway":"footway"}},{"type":"Feature","geometry":{"type":"LineString","coordinates":[[10.9885208,45.4317526],[10.9884549,45.4317659],[10.9883792,45.4317799]]},"properties":{"site":"verona","name":"","highway":"footway"}},{"type":"Feature","geometry":{"type":"LineString","coordinates":[[10.9883792,45.4317799],[10.9882573,45.4317742]]},"properties":{"site":"verona","name":"","highway":"footway"}},{"type":"Feature","geometry":{"type":"LineString","coordinates":[[10.9885846,45.4315151],[10.9885931,45.4314327]]},"properties":{"site":"verona","name":"","highway":"footway"}},{"type":"Feature","geometry":{"type":"LineString","coordinates":[[11.000939,45.4425416],[11.0009859,45.4416702],[11.0010093,45.4410905],[11.0010271,45.4404826],[11.0010222,45.4399939],[11.0010169,45.4398406],[11.0009858,45.439667]]},"properties":{"site":"verona","name":"","highway":"footway"}},{"type":"Feature","geometry":{"type":"LineString","coordinates":[[11.0008926,45.4393334],[11.0009858,45.439667]]},"properties":{"site":"verona","name":"","highway":"footway"}},{"type":"Feature","geometry":{"type":"LineString","coordinates":[[11.0009858,45.439667],[11.0009307,45.4396709],[11.0008826,45.439674]]},"properties":{"site":"verona","name":"","highway":"footway"}},{"type":"Feature","geometry":{"type":"LineString","coordinates":[[11.0037377,45.4449691],[11.0036821,45.4449339],[11.0036083,45.4448873]]},"properties":{"site":"verona","name":"","highway":"footway"}},{"type":"Feature","geometry":{"type":"LineString","coordinates":[[11.0016031,45.4469188],[11.0016691,45.4469369],[11.001728,45.4469531]]},"properties":{"site":"verona","name":"","highway":"footway"}},{"type":"Feature","geometry":{"type":"LineString","coordinates":[[11.001728,45.4469531],[11.0018151,45.4469422]]},"properties":{"site":"verona","name":"","highway":"footway"}},{"type":"Feature","geometry":{"type":"LineString","coordinates":[[11.0025475,45.4481042],[11.0027945,45.4478608]]},"properties":{"site":"verona","name":"Piazzale Castel San Pietro","highway":"service"}},{"type":"Feature","geometry":{"type":"LineString","coordinates":[[11.0020892,45.4392139],[11.0021823,45.439201],[11.002263,45.4391899]]},"properties":{"site":"verona","name":"","highway":"footway"}},{"type":"Feature","geometry":{"type":"LineString","coordinates":[[10.9985342,45.4511092],[10.9980151,45.4509053],[10.9969751,45.450512],[10.9968843,45.4504776],[10.9968524,45.4504596],[10.9968436,45.4504292],[10.9968443,45.4503947],[10.9969162,45.4500071],[10.9970013,45.4496437]]},"properties":{"site":"verona","name":"","highway":"footway"}},{"type":"Feature","geometry":{"type":"LineString","coordinates":[[10.9968645,45.4496292],[10.9969278,45.4496366],[10.9970013,45.4496437]]},"properties":{"site":"verona","name":"","highway":"footway"}},{"type":"Feature","geometry":{"type":"LineString","coordinates":[[10.9955102,45.447158],[10.9955079,45.4471997]]},"properties":{"site":"verona","name":"","highway":"footway"}},{"type":"Feature","geometry":{"type":"LineString","coordinates":[[10.9955079,45.4471997],[10.9955267,45.4472105]]},"properties":{"site":"verona","name":"","highway":"steps"}},{"type":"Feature","geometry":{"type":"LineString","coordinates":[[10.9946945,45.4466187],[10.9947758,45.4466702],[10.9955215,45.4472165],[10.9955267,45.4472105]]},"properties":{"site":"verona","name":"","highway":"footway"}},{"type":"Feature","geometry":{"type":"LineString","coordinates":[[10.9907153,45.4380103],[10.9907019,45.4379794],[10.9906513,45.4378624]]},"properties":{"site":"verona","name":"","highway":"footway"}},{"type":"Feature","geometry":{"type":"LineString","coordinates":[[10.9898067,45.43787],[10.9897509,45.4379303],[10.9896158,45.4379639]]},"properties":{"site":"verona","name":"Via dei Mutilati","highway":"service"}},{"type":"Feature","geometry":{"type":"LineString","coordinates":[[10.9897897,45.4376336],[10.9897344,45.4376411],[10.9895079,45.4377362]]},"properties":{"site":"verona","name":"","highway":"service"}},{"type":"Feature","geometry":{"type":"LineString","coordinates":[[10.9884643,45.4377186],[10.9884496,45.4377257],[10.9884579,45.4377324],[10.988551,45.437808],[10.988564,45.4378023],[10.9886113,45.4377816],[10.9886119,45.4377624],[10.9889106,45.4376467],[10.9888911,45.4376239],[10.9888865,45.4376182],[10.9888827,45.4376197],[10.9888697,45.4376067],[10.9888685,45.437605],[10.9888592,45.4375925],[10.9888624,45.4375915],[10.9888488,45.4375688],[10.9888306,45.4375483],[10.9888268,45.4375499],[10.9888168,45.4375364],[10.9888089,45.4375231],[10.9888127,45.4375216],[10.9888068,45.4375145],[10.9887611,45.4375427],[10.9887665,45.4375487],[10.9887142,45.4375801],[10.9886582,45.4376095],[10.9886406,45.4376249],[10.9885983,45.4376484],[10.9885679,45.4376603],[10.9884643,45.4377186]]},"properties":{"site":"verona","name":"Piazza degli Arditi","highway":"pedestrian"}},{"type":"Feature","geometry":{"type":"LineString","coordinates":[[10.9884452,45.4377379],[10.9884579,45.4377324],[10.9884744,45.4377253],[10.988564,45.4378023],[10.9885782,45.4378147],[10.9886155,45.4378472],[10.9886527,45.4378797],[10.9892902,45.4376009]]},"properties":{"site":"verona","name":"","highway":"footway"}},{"type":"Feature","geometry":{"type":"LineString","coordinates":[[10.9885867,45.4378584],[10.9886155,45.4378472],[10.9889184,45.4377293]]},"properties":{"site":"verona","name":"","highway":"service"}},{"type":"Feature","geometry":{"type":"LineString","coordinates":[[10.9889184,45.4377293],[10.9888753,45.4377365],[10.9888616,45.4377312],[10.9888446,45.4377112]]},"properties":{"site":"verona","name":"","highway":"service"}},{"type":"Feature","geometry":{"type":"LineString","coordinates":[[10.9892643,45.4375856],[10.9890896,45.4376572]]},"properties":{"site":"verona","name":"","highway":"service"}},{"type":"Feature","geometry":{"type":"LineString","coordinates":[[10.9890896,45.4376572],[10.9891101,45.4376404],[10.9891087,45.4376274],[10.9890983,45.4376128]]},"properties":{"site":"verona","name":"","highway":"service"}},{"type":"Feature","geometry":{"type":"LineString","coordinates":[[10.9865889,45.4367412],[10.986618,45.4367174],[10.9866815,45.4366656],[10.9867778,45.4365963],[10.9868549,45.4365409]]},"properties":{"site":"verona","name":"Vicolo Ghiacciaia","highway":"pedestrian"}},{"type":"Feature","geometry":{"type":"LineString","coordinates":[[10.9874529,45.437314],[10.9876291,45.437182],[10.9876925,45.4371352]]},"properties":{"site":"verona","name":"Via Teatro Ristori","highway":"pedestrian"}},{"type":"Feature","geometry":{"type":"LineString","coordinates":[[11.0114514,45.4435252],[11.0105563,45.4436251],[11.0104396,45.4436273],[11.0102971,45.4436142],[11.010059,45.443546]]},"properties":{"site":"verona","name":"","highway":"footway"}},{"type":"Feature","geometry":{"type":"LineString","coordinates":[[11.0100974,45.4434998],[11.010059,45.443546]]},"properties":{"site":"verona","name":"","highway":"footway"}},{"type":"Feature","geometry":{"type":"LineString","coordinates":[[11.0115938,45.4439278],[11.0116464,45.4439018]]},"properties":{"site":"verona","name":"","highway":"footway"}},{"type":"Feature","geometry":{"type":"LineString","coordinates":[[11.0115938,45.4439278],[11.0114898,45.4435204],[11.0114514,45.4435252]]},"properties":{"site":"verona","name":"","highway":"footway"}},{"type":"Feature","geometry":{"type":"LineString","coordinates":[[11.0046132,45.4462851],[11.0046083,45.4462511],[11.0046061,45.4462334],[11.0047299,45.4462284],[11.0049041,45.4462563]]},"properties":{"site":"verona","name":"","highway":"footway"}},{"type":"Feature","geometry":{"type":"LineString","coordinates":[[11.0046061,45.4462334],[11.004599,45.446185]]},"properties":{"site":"verona","name":"","highway":"steps"}},{"type":"Feature","geometry":{"type":"LineString","coordinates":[[11.0047299,45.4462284],[11.004599,45.446185],[11.0045909,45.4460233],[11.0047279,45.4459863],[11.0047759,45.4460411]]},"properties":{"site":"verona","name":"","highway":"footway"}},{"type":"Feature","geometry":{"type":"LineString","coordinates":[[11.0049361,45.4463099],[11.0049041,45.4462563],[11.0047759,45.4460411],[11.005421,45.4458518],[11.0055813,45.4461207],[11.0049361,45.4463099]]},"properties":{"site":"verona","name":"","highway":"footway"}},{"type":"Feature","geometry":{"type":"LineString","coordinates":[[10.9936813,45.4420055],[10.9936587,45.4419937],[10.993496,45.4419089],[10.9934012,45.4418594],[10.9932576,45.4417845]]},"properties":{"site":"verona","name":"","highway":"footway"}},{"type":"Feature","geometry":{"type":"LineString","coordinates":[[10.9937059,45.4420178],[10.9936813,45.4420055]]},"properties":{"site":"verona","name":"","highway":"footway"}},{"type":"Feature","geometry":{"type":"LineString","coordinates":[[10.9932576,45.4417845],[10.9932406,45.4417751],[10.9930583,45.4416761]]},"properties":{"site":"verona","name":"","highway":"footway"}},{"type":"Feature","geometry":{"type":"LineString","coordinates":[[10.9936465,45.4420059],[10.9936156,45.4420398]]},"properties":{"site":"verona","name":"","highway":"footway"}},{"type":"Feature","geometry":{"type":"LineString","coordinates":[[10.993444,45.4419617],[10.9934835,45.4419207]]},"properties":{"site":"verona","name":"","highway":"footway"}},{"type":"Feature","geometry":{"type":"LineString","coordinates":[[10.9933497,45.4419187],[10.9933895,45.4418733]]},"properties":{"site":"verona","name":"","highway":"footway"}},{"type":"Feature","geometry":{"type":"LineString","coordinates":[[10.9933895,45.4418733],[10.9934012,45.4418594]]},"properties":{"site":"verona","name":"","highway":"footway"}},{"type":"Feature","geometry":{"type":"LineString","coordinates":[[10.9934835,45.4419207],[10.993496,45.4419089]]},"properties":{"site":"verona","name":"","highway":"footway"}},{"type":"Feature","geometry":{"type":"LineString","coordinates":[[10.9936587,45.4419937],[10.9936465,45.4420059]]},"properties":{"site":"verona","name":"","highway":"footway"}},{"type":"Feature","geometry":{"type":"LineString","coordinates":[[10.9877385,45.4317288],[10.9877469,45.4317498]]},"properties":{"site":"verona","name":"","highway":"footway"}},{"type":"Feature","geometry":{"type":"LineString","coordinates":[[10.9882371,45.4349873],[10.9881752,45.4350671],[10.9880875,45.4351704]]},"properties":{"site":"verona","name":"","highway":"footway"}},{"type":"Feature","geometry":{"type":"LineString","coordinates":[[10.9908189,45.4370073],[10.9906592,45.4370503]]},"properties":{"site":"verona","name":"","highway":"footway"}},{"type":"Feature","geometry":{"type":"LineString","coordinates":[[10.9906592,45.4370503],[10.9906213,45.4370112],[10.9906019,45.4369911]]},"properties":{"site":"verona","name":"","highway":"footway"}},{"type":"Feature","geometry":{"type":"LineString","coordinates":[[10.9906019,45.4369911],[10.9903267,45.4367423],[10.9900007,45.4364599]]},"properties":{"site":"verona","name":"","highway":"footway"}},{"type":"Feature","geometry":{"type":"LineString","coordinates":[[10.9900007,45.4364599],[10.9899446,45.4364132],[10.9899148,45.4363885]]},"properties":{"site":"verona","name":"","highway":"footway"}},{"type":"Feature","geometry":{"type":"LineString","coordinates":[[10.9899148,45.4363885],[10.9894644,45.436002],[10.989444,45.4359844]]},"properties":{"site":"verona","name":"","highway":"footway"}},{"type":"Feature","geometry":{"type":"LineString","coordinates":[[10.989444,45.4359844],[10.9894138,45.43596],[10.9893716,45.4359258]]},"properties":{"site":"verona","name":"","highway":"footway"}},{"type":"Feature","geometry":{"type":"LineString","coordinates":[[10.9893716,45.4359258],[10.9891255,45.4357634],[10.9889486,45.4356509]]},"properties":{"site":"verona","name":"","highway":"footway"}},{"type":"Feature","geometry":{"type":"LineString","coordinates":[[10.9889486,45.4356509],[10.9889104,45.4356257],[10.9888909,45.4356129]]},"properties":{"site":"verona","name":"","highway":"footway"}},{"type":"Feature","geometry":{"type":"LineString","coordinates":[[10.9888909,45.4356129],[10.9884847,45.4353756],[10.9880875,45.4351704],[10.9879753,45.4351268]]},"properties":{"site":"verona","name":"","highway":"footway"}},{"type":"Feature","geometry":{"type":"LineString","coordinates":[[10.9879753,45.4351268],[10.9879139,45.4351056],[10.9878411,45.4350806]]},"properties":{"site":"verona","name":"","highway":"footway"}},{"type":"Feature","geometry":{"type":"LineString","coordinates":[[10.9878411,45.4350806],[10.9874577,45.4349903],[10.9870414,45.4349375]]},"properties":{"site":"verona","name":"","highway":"footway"}},{"type":"Feature","geometry":{"type":"LineString","coordinates":[[10.9870414,45.4349375],[10.9869682,45.4349313],[10.9868826,45.434924]]},"properties":{"site":"verona","name":"","highway":"footway"}},{"type":"Feature","geometry":{"type":"LineString","coordinates":[[10.9871554,45.4347414],[10.9871356,45.4347612],[10.9869879,45.4347525]]},"properties":{"site":"verona","name":"","highway":"footway"}},{"type":"Feature","geometry":{"type":"LineString","coordinates":[[10.9871912,45.4345826],[10.9872262,45.4345993],[10.9871554,45.4347414]]},"properties":{"site":"verona","name":"","highway":"footway"}},{"type":"Feature","geometry":{"type":"LineString","coordinates":[[10.9872664,45.4344815],[10.9872313,45.4345286],[10.9871912,45.4345826]]},"properties":{"site":"verona","name":"","highway":"footway"}},{"type":"Feature","geometry":{"type":"LineString","coordinates":[[10.9895382,45.4356043],[10.9894784,45.4356723],[10.989457,45.4357526],[10.9894635,45.4358043],[10.9895568,45.4358977],[10.9895885,45.4359265],[10.9905105,45.4367303],[10.9905979,45.436766],[10.9906878,45.4367556]]},"properties":{"site":"verona","name":"","highway":"footway"}},{"type":"Feature","geometry":{"type":"LineString","coordinates":[[10.9894201,45.4355475],[10.9894756,45.4355741],[10.9895382,45.4356043]]},"properties":{"site":"verona","name":"","highway":"footway"}},{"type":"Feature","geometry":{"type":"LineString","coordinates":[[10.9871554,45.4347414],[10.9872544,45.4347553],[10.9873345,45.4347666]]},"properties":{"site":"verona","name":"","highway":"footway"}},{"type":"Feature","geometry":{"type":"LineString","coordinates":[[10.9875442,45.4347961],[10.9876303,45.4348082],[10.9877042,45.4348186]]},"properties":{"site":"verona","name":"","highway":"footway"}},{"type":"Feature","geometry":{"type":"LineString","coordinates":[[10.9868826,45.434924],[10.9868311,45.4349227],[10.9864179,45.4349121],[10.98622,45.4349327],[10.9859592,45.4349733],[10.9852811,45.4350787],[10.9851968,45.4350951],[10.985072,45.43515],[10.9850689,45.4351614],[10.985073,45.4351749],[10.9850953,45.435192]]},"properties":{"site":"verona","name":"","highway":"footway"}},{"type":"Feature","geometry":{"type":"LineString","coordinates":[[10.9869879,45.4347525],[10.9868077,45.434744],[10.9865285,45.4347482],[10.9862494,45.4347696],[10.9859127,45.4348214],[10.9856059,45.4348686],[10.985205,45.4349534],[10.9851473,45.4349681],[10.9850568,45.4349911],[10.9849994,45.4349878],[10.9847239,45.4348775],[10.984698,45.4348348]]},"properties":{"site":"verona","name":"","highway":"footway"}},{"type":"Feature","geometry":{"type":"LineString","coordinates":[[10.9850953,45.435192],[10.9850553,45.4352217],[10.9850101,45.4352554]]},"properties":{"site":"verona","name":"","highway":"footway"}},{"type":"Feature","geometry":{"type":"LineString","coordinates":[[10.9851968,45.4350951],[10.9851667,45.435018],[10.9851473,45.4349681]]},"properties":{"site":"verona","name":"","highway":"footway"}},{"type":"Feature","geometry":{"type":"LineString","coordinates":[[10.9859127,45.4348214],[10.985931,45.4348812],[10.9859592,45.4349733]]},"properties":{"site":"verona","name":"","highway":"footway"}},{"type":"Feature","geometry":{"type":"LineString","coordinates":[[10.9958695,45.4436101],[10.995891,45.4435896]]},"properties":{"site":"verona","name":"","highway":"pedestrian"}},{"type":"Feature","geometry":{"type":"LineString","coordinates":[[10.9961876,45.4427472],[10.9962059,45.442756],[10.9964036,45.4428504]]},"properties":{"site":"verona","name":"Piazzetta Antonio Tirabosco","highway":"pedestrian"}},{"type":"Feature","geometry":{"type":"LineString","coordinates":[[10.99639,45.4428649],[10.9964036,45.4428504],[10.9964877,45.4427665]]},"properties":{"site":"verona","name":"Piazzetta Antonio Tirabosco","highway":"pedestrian"}},{"type":"Feature","geometry":{"type":"LineString","coordinates":[[10.9962059,45.442756],[10.9962679,45.4426636]]},"properties":{"site":"verona","name":"Piazzetta Antonio Tirabosco","highway":"pedestrian"}},{"type":"Feature","geometry":{"type":"LineString","coordinates":[[10.996246,45.4408225],[10.9964977,45.4405843]]},"properties":{"site":"verona","name":"","highway":"pedestrian"}},{"type":"Feature","geometry":{"type":"LineString","coordinates":[[10.996235,45.4408331],[10.996246,45.4408225]]},"properties":{"site":"verona","name":"","highway":"pedestrian"}},{"type":"Feature","geometry":{"type":"LineString","coordinates":[[10.9964977,45.4405843],[10.9965398,45.4405427]]},"properties":{"site":"verona","name":"","highway":"pedestrian"}},{"type":"Feature","geometry":{"type":"LineString","coordinates":[[11.0025015,45.431629],[11.0024201,45.4315564],[11.0024034,45.4315193],[11.0023915,45.4314947],[11.0023547,45.4314187],[11.0022142,45.431449],[11.0021265,45.4312508],[11.0026496,45.4311287],[11.0027804,45.4314099],[11.0023915,45.4314947]]},"properties":{"site":"verona","name":"","highway":"service"}},{"type":"Feature","geometry":{"type":"LineString","coordinates":[[10.9923426,45.4353284],[10.992296,45.4353378],[10.9921667,45.4353692]]},"properties":{"site":"verona","name":"","highway":"footway"}},{"type":"Feature","geometry":{"type":"LineString","coordinates":[[10.9929024,45.4350543],[10.9928593,45.4350687]]},"properties":{"site":"verona","name":"","highway":"footway"}},{"type":"Feature","geometry":{"type":"LineString","coordinates":[[11.0037361,45.4312991],[11.0037121,45.4312489],[11.0036703,45.4311652],[11.0030566,45.4313178]]},"properties":{"site":"verona","name":"","highway":"service"}},{"type":"Feature","geometry":{"type":"LineString","coordinates":[[11.0009277,45.4427152],[11.0009191,45.4434274],[11.0009111,45.4438361],[11.0008754,45.4438375]]},"properties":{"site":"verona","name":"","highway":"footway"}},{"type":"Feature","geometry":{"type":"LineString","coordinates":[[10.9938886,45.4473322],[10.9943024,45.4475846],[10.9949284,45.4479664],[10.9953405,45.4482368]]},"properties":{"site":"verona","name":"","highway":"footway"}},{"type":"Feature","geometry":{"type":"LineString","coordinates":[[10.9938984,45.4472281],[10.9939133,45.4472373],[10.9939917,45.4472858],[10.9939178,45.4473372],[10.9941876,45.4474913],[10.995274,45.448184],[10.9953493,45.4482241],[10.9954096,45.4481683],[10.9953343,45.4481282],[10.9953833,45.448088],[10.9954229,45.448108],[10.9955914,45.4480859],[10.9956178,45.4480966],[10.9955619,45.4481578],[10.9959943,45.4483522],[10.9965506,45.4486],[10.996715,45.4486755],[10.9966984,45.4486958],[10.9966774,45.4487215],[10.9966582,45.448745],[10.9966174,45.4487297],[10.9965069,45.4486884],[10.9964874,45.4486719],[10.9960099,45.4484445],[10.9959984,45.4484377],[10.9960146,45.4484192],[10.9959517,45.4483951],[10.9958915,45.4483782],[10.9956845,45.4482757],[10.9956591,45.4483248],[10.9948349,45.4481233],[10.9949009,45.4480478],[10.9949009,45.4480336],[10.9948948,45.4480172],[10.9948806,45.4480051],[10.9947831,45.4479438],[10.9943122,45.4476574],[10.9942507,45.4476229],[10.9942338,45.4476134],[10.9938693,45.4474088],[10.9938476,45.4473987],[10.9938232,45.4473995],[10.9937867,45.4474123],[10.9937703,45.4474076],[10.9937382,45.4473985],[10.9937735,45.4473489],[10.9938054,45.4473183],[10.9938944,45.4472319],[10.9938984,45.4472281]]},"properties":{"site":"verona","name":"","highway":"pedestrian"}},{"type":"Feature","geometry":{"type":"LineString","coordinates":[[10.9958915,45.4483782],[10.9959517,45.4483951],[10.9960146,45.4484192],[10.9959984,45.4484377],[10.9960099,45.4484445],[10.9959262,45.4485445],[10.9958919,45.44854],[10.9958766,45.4485549],[10.9958493,45.4486425],[10.9958225,45.44867],[10.9957864,45.4487189],[10.9957678,45.448769],[10.9957422,45.448764],[10.9957338,45.4487624],[10.9958783,45.4484159],[10.9958915,45.4483782]]},"properties":{"site":"verona","name":"","highway":"pedestrian"}},{"type":"Feature","geometry":{"type":"LineString","coordinates":[[10.9966402,45.4486713],[10.9966984,45.4486958]]},"properties":{"site":"verona","name":"","highway":"footway"}},{"type":"Feature","geometry":{"type":"LineString","coordinates":[[11.0085184,45.4484931],[11.0084392,45.4485215],[11.0083986,45.4485386],[11.0083763,45.4485643],[11.0083621,45.448597],[11.0083398,45.4487167],[11.0083296,45.4491382],[11.0083052,45.4495669],[11.0082629,45.4495847],[11.0080867,45.4496426],[11.0072603,45.4498393],[11.0071651,45.4498596]]},"properties":{"site":"verona","name":"","highway":"track"}},{"type":"Feature","geometry":{"type":"LineString","coordinates":[[11.0085288,45.4446867],[11.0085124,45.4447034],[11.008383,45.4448708],[11.0083551,45.4449201],[11.0083116,45.4451831],[11.0082849,45.4456361],[11.0082995,45.4456674],[11.0083417,45.4457402],[11.0085035,45.4459554],[11.0087321,45.4462989],[11.0088214,45.4469281]]},"properties":{"site":"verona","name":"","highway":"service"}},{"type":"Feature","geometry":{"type":"LineString","coordinates":[[11.0088214,45.4469281],[11.008918,45.4473829],[11.0090708,45.4478819],[11.0090972,45.4483181],[11.0092658,45.4486766],[11.009329,45.4491756],[11.0093659,45.4495601],[11.0095345,45.4498447],[11.0098032,45.4502771]]},"properties":{"site":"verona","name":"","highway":"track"}},{"type":"Feature","geometry":{"type":"LineString","coordinates":[[11.0068107,45.4460645],[11.0068769,45.4460599],[11.0069432,45.4460552],[11.007,45.4463565],[11.0070488,45.4465309],[11.0070823,45.4465523],[11.0071614,45.4465523],[11.0072223,45.4465309],[11.0072579,45.4464982],[11.0072447,45.4464177],[11.0070939,45.4458904],[11.0070422,45.4457141],[11.0071217,45.4452735],[11.0071752,45.4452164],[11.0072325,45.4452138],[11.0073415,45.4452359],[11.0073766,45.4452735],[11.0075269,45.4455948],[11.0076149,45.4458282],[11.0077028,45.4461034],[11.0077221,45.4461591],[11.0077993,45.4461997],[11.0079366,45.4466017]]},"properties":{"site":"verona","name":"","highway":"service"}},{"type":"Feature","geometry":{"type":"LineString","coordinates":[[10.9990166,45.4304159],[10.9989905,45.4303991],[10.9989223,45.430284]]},"properties":{"site":"verona","name":"","highway":"service"}},{"type":"Feature","geometry":{"type":"LineString","coordinates":[[11.0023184,45.4345985],[11.002188,45.4349373]]},"properties":{"site":"verona","name":"","highway":"footway"}},{"type":"Feature","geometry":{"type":"LineString","coordinates":[[11.0015394,45.4354086],[11.0015618,45.4353904],[11.0016852,45.4351037],[11.0016619,45.4350655],[11.0015394,45.4350165],[11.0014098,45.4350353],[11.0013959,45.4349903]]},"properties":{"site":"verona","name":"","highway":"footway"}},{"type":"Feature","geometry":{"type":"LineString","coordinates":[[11.0019555,45.4372472],[11.0020111,45.43752],[11.0020837,45.4375085],[11.0023106,45.4374725],[11.0024444,45.4374566],[11.0028134,45.4374126],[11.003075,45.4373823],[11.0031007,45.4373793],[11.0033382,45.4373551],[11.0040533,45.4372833],[11.0041127,45.4372729],[11.0041346,45.4372616],[11.0041503,45.4372405],[11.0041463,45.4371769],[11.0041391,45.4371239],[11.0041066,45.4367301],[11.0041483,45.4367284]]},"properties":{"site":"verona","name":"","highway":"footway"}},{"type":"Feature","geometry":{"type":"LineString","coordinates":[[11.0020837,45.4375085],[11.0020968,45.4375457],[11.0021128,45.4375909]]},"properties":{"site":"verona","name":"","highway":"footway"}},{"type":"Feature","geometry":{"type":"LineString","coordinates":[[11.0021128,45.4375909],[11.002127,45.4376798],[11.0021291,45.4377397],[11.0021277,45.4378543],[11.002085,45.4379893],[11.0020918,45.4380502],[11.0021236,45.4383188],[11.0021475,45.4384218],[11.0021824,45.4385388],[11.0022022,45.4386003],[11.0023134,45.438925],[11.0023436,45.4390941],[11.002373,45.4390923]]},"properties":{"site":"verona","name":"","highway":"footway"}},{"type":"Feature","geometry":{"type":"LineString","coordinates":[[11.0020316,45.4377487],[11.0021291,45.4377397]]},"properties":{"site":"verona","name":"","highway":"footway"}},{"type":"Feature","geometry":{"type":"LineString","coordinates":[[11.0020108,45.4341924],[11.002111,45.4341682]]},"properties":{"site":"verona","name":"","highway":"footway"}},{"type":"Feature","geometry":{"type":"LineString","coordinates":[[11.0017034,45.4335034],[11.0016495,45.4333902],[11.0016604,45.4333508],[11.0017004,45.4332966],[11.0017168,45.4332793],[11.0024865,45.4330901],[11.0025302,45.4330894],[11.0025579,45.4330926],[11.0025898,45.4331027],[11.0026339,45.4331247],[11.0026594,45.4331498]]},"properties":{"site":"verona","name":"","highway":"footway"}},{"type":"Feature","geometry":{"type":"LineString","coordinates":[[11.0026594,45.4331498],[11.0026937,45.4331283],[11.0027227,45.4331101],[11.0027681,45.4330815]]},"properties":{"site":"verona","name":"","highway":"footway"}},{"type":"Feature","geometry":{"type":"LineString","coordinates":[[11.0027681,45.4330815],[11.0027817,45.433073],[11.0027264,45.4330039],[11.0028142,45.4329697],[11.0029322,45.4329395],[11.0029353,45.4329387],[11.0029603,45.4329319],[11.0029741,45.432933],[11.0029906,45.4329413],[11.0031544,45.4332642],[11.0031693,45.4333106],[11.0031754,45.4333575],[11.0031616,45.4334443],[11.0030039,45.4337283],[11.0029325,45.4339211],[11.0029002,45.4339031],[11.0028875,45.4339391]]},"properties":{"site":"verona","name":"","highway":"footway"}},{"type":"Feature","geometry":{"type":"LineString","coordinates":[[11.0028514,45.4340418],[11.0028291,45.4341489]]},"properties":{"site":"verona","name":"","highway":"footway"}},{"type":"Feature","geometry":{"type":"LineString","coordinates":[[11.0028875,45.4339391],[11.0028623,45.4340108],[11.0028514,45.4340418]]},"properties":{"site":"verona","name":"","highway":"footway"}},{"type":"Feature","geometry":{"type":"LineString","coordinates":[[11.0029322,45.4329395],[11.0029027,45.4328822],[11.0028908,45.4328592]]},"properties":{"site":"verona","name":"","highway":"footway"}},{"type":"Feature","geometry":{"type":"LineString","coordinates":[[11.0016217,45.4358495],[11.001618,45.4358163],[11.0016194,45.4357934],[11.001633,45.4357714]]},"properties":{"site":"verona","name":"","highway":"footway"}},{"type":"Feature","geometry":{"type":"LineString","coordinates":[[11.0067743,45.432842],[11.0067924,45.4329458],[11.0068081,45.4329693],[11.0068559,45.4330404],[11.0069672,45.4331209],[11.0070394,45.4331459],[11.0071106,45.4331706],[11.0072694,45.4331837],[11.0073864,45.4331649],[11.0074253,45.4331586],[11.0075602,45.4330984],[11.0076585,45.4330099],[11.0077088,45.4329033],[11.0077054,45.4327911],[11.0076882,45.4327595],[11.0076485,45.4326863],[11.0075448,45.4326008],[11.0074575,45.4325645],[11.0074167,45.4325475],[11.0072712,45.432525],[11.007123,45.4325355],[11.0070874,45.4325467],[11.0069869,45.4325781],[11.0068767,45.4326485],[11.0068203,45.4327185],[11.0068033,45.4327395],[11.0067743,45.432842]]},"properties":{"site":"verona","name":"","highway":"footway"}},{"type":"Feature","geometry":{"type":"LineString","coordinates":[[11.0062078,45.4323467],[11.0062835,45.4325032],[11.0063062,45.4325502],[11.0065398,45.4330332],[11.0067746,45.4335213],[11.0067011,45.4335396]]},"properties":{"site":"verona","name":"","highway":"footway"}},{"type":"Feature","geometry":{"type":"LineString","coordinates":[[11.0068203,45.4327185],[11.0063062,45.4325502]]},"properties":{"site":"verona","name":"","highway":"footway"}},{"type":"Feature","geometry":{"type":"LineString","coordinates":[[11.0065398,45.4330332],[11.0068081,45.4329693],[11.0072418,45.4328659],[11.0076882,45.4327595],[11.0079335,45.4326976]]},"properties":{"site":"verona","name":"","highway":"footway"}},{"type":"Feature","geometry":{"type":"LineString","coordinates":[[11.0074575,45.4325645],[11.0076908,45.4321768]]},"properties":{"site":"verona","name":"","highway":"footway"}},{"type":"Feature","geometry":{"type":"LineString","coordinates":[[11.0076908,45.4321768],[11.0069874,45.43234],[11.0062835,45.4325032]]},"properties":{"site":"verona","name":"","highway":"footway"}},{"type":"Feature","geometry":{"type":"LineString","coordinates":[[11.0076585,45.4330099],[11.0081572,45.4331776]]},"properties":{"site":"verona","name":"","highway":"footway"}},{"type":"Feature","geometry":{"type":"LineString","coordinates":[[11.0074993,45.4333983],[11.0073864,45.4331649],[11.0072418,45.4328659],[11.0070874,45.4325467],[11.0069874,45.43234]]},"properties":{"site":"verona","name":"","highway":"footway"}},{"type":"Feature","geometry":{"type":"LineString","coordinates":[[11.0070394,45.4331459],[11.0067746,45.4335213],[11.0067996,45.4335731],[11.0074993,45.4333983],[11.0081809,45.4332281],[11.0081572,45.4331776],[11.0079335,45.4326976],[11.0076908,45.4321768]]},"properties":{"site":"verona","name":"","highway":"footway"}},{"type":"Feature","geometry":{"type":"LineString","coordinates":[[10.9905719,45.4431762],[10.9906043,45.4431616],[10.9906558,45.4431384]]},"properties":{"site":"verona","name":"","highway":"footway"}},{"type":"Feature","geometry":{"type":"LineString","coordinates":[[10.9996482,45.4393319],[11.0002017,45.4396484],[11.0002398,45.4396687],[11.0002992,45.4396752],[11.0003515,45.4396695],[11.0003871,45.4396632],[11.0004202,45.4396542],[11.000434,45.4396818],[11.0003658,45.439733],[11.0003473,45.4397469],[11.0003146,45.4397441],[10.9998286,45.4401111],[10.9998086,45.4401208],[10.9997863,45.4401224],[10.9997614,45.4401199],[10.9997483,45.4401166],[10.9997304,45.4401113]]},"properties":{"site":"verona","name":"","highway":"footway"}},{"type":"Feature","geometry":{"type":"LineString","coordinates":[[11.0002398,45.4396687],[11.0002499,45.4395949],[11.0002523,45.4395417]]},"properties":{"site":"verona","name":"","highway":"footway"}},{"type":"Feature","geometry":{"type":"LineString","coordinates":[[10.9996926,45.4401714],[10.9997228,45.4401417],[10.9997483,45.4401166]]},"properties":{"site":"verona","name":"","highway":"footway"}},{"type":"Feature","geometry":{"type":"LineString","coordinates":[[11.000645,45.4390459],[11.0006437,45.4390879],[11.0006369,45.4391253],[11.000614,45.4391795],[11.0005827,45.4392589],[11.0005379,45.4393339],[11.0004771,45.4394158],[11.0004175,45.439482],[11.0003709,45.4395259],[11.000345,45.4395387],[11.000312,45.4395441],[11.0002523,45.4395417],[11.0001969,45.4395329],[11.0000984,45.4395023],[10.9998212,45.4393587],[10.9997028,45.4392881],[10.9996391,45.4391991],[10.99956,45.4391305],[10.9995394,45.4391126],[10.9993235,45.4389656],[10.9992397,45.4389251],[10.9983878,45.4384934]]},"properties":{"site":"verona","name":"","highway":"footway"}},{"type":"Feature","geometry":{"type":"LineString","coordinates":[[10.9978523,45.438222],[10.9977935,45.4381919],[10.9974376,45.4380093],[10.9973456,45.4379927],[10.997102,45.4378657],[10.9970654,45.4378417],[10.9970578,45.4378235],[10.9970631,45.4378007],[10.9970737,45.4377895],[10.9971875,45.437684]]},"properties":{"site":"verona","name":"","highway":"footway"}},{"type":"Feature","geometry":{"type":"LineString","coordinates":[[10.9978848,45.4382394],[10.9978671,45.43823],[10.9978523,45.438222]]},"properties":{"site":"verona","name":"","highway":"footway"}},{"type":"Feature","geometry":{"type":"LineString","coordinates":[[10.9977935,45.4381919],[10.9977564,45.4382271],[10.9976986,45.4382818]]},"properties":{"site":"verona","name":"","highway":"footway"}},{"type":"Feature","geometry":{"type":"LineString","coordinates":[[10.9983376,45.4384681],[10.9978848,45.4382394]]},"properties":{"site":"verona","name":"","highway":"footway"}},{"type":"Feature","geometry":{"type":"LineString","coordinates":[[10.9983878,45.4384934],[10.9983633,45.438481],[10.9983376,45.4384681]]},"properties":{"site":"verona","name":"","highway":"footway"}},{"type":"Feature","geometry":{"type":"LineString","coordinates":[[10.99956,45.4391305],[10.9995225,45.4391494],[10.9994728,45.4391744]]},"properties":{"site":"verona","name":"","highway":"footway"}},{"type":"Feature","geometry":{"type":"LineString","coordinates":[[11.0002056,45.4382663],[11.0005193,45.4388752],[11.0006314,45.4390161],[11.000645,45.4390459]]},"properties":{"site":"verona","name":"","highway":"footway"}},{"type":"Feature","geometry":{"type":"LineString","coordinates":[[11.0006541,45.4396135],[11.0004679,45.4397863],[11.0001171,45.4401118]]},"properties":{"site":"verona","name":"","highway":"footway"}},{"type":"Feature","geometry":{"type":"LineString","coordinates":[[11.0003658,45.439733],[11.0003942,45.4397479],[11.0004679,45.4397863]]},"properties":{"site":"verona","name":"","highway":"footway"}},{"type":"Feature","geometry":{"type":"LineString","coordinates":[[10.9954693,45.4370143],[10.995498,45.4370403]]},"properties":{"site":"verona","name":"","highway":"footway"}},{"type":"Feature","geometry":{"type":"LineString","coordinates":[[10.9952823,45.4369786],[10.9953384,45.4370368],[10.9954405,45.4369883],[10.9954693,45.4370143]]},"properties":{"site":"verona","name":"","highway":"footway"}},{"type":"Feature","geometry":{"type":"LineString","coordinates":[[10.9952823,45.4369786],[10.9952273,45.4370037],[10.9951908,45.4370204]]},"properties":{"site":"verona","name":"","highway":"footway"}},{"type":"Feature","geometry":{"type":"LineString","coordinates":[[10.995195,45.4371247],[10.99527,45.4370882],[10.9952522,45.4370729]]},"properties":{"site":"verona","name":"","highway":"footway"}},{"type":"Feature","geometry":{"type":"LineString","coordinates":[[11.0086867,45.4454205],[11.0087031,45.4451402],[11.0087102,45.44472]]},"properties":{"site":"verona","name":"","highway":"track"}},{"type":"Feature","geometry":{"type":"LineString","coordinates":[[10.994254,45.4391087],[10.9941594,45.4390592],[10.9940643,45.4390093],[10.9941369,45.4389411],[10.9942108,45.4388717]]},"properties":{"site":"verona","name":"","highway":"footway"}},{"type":"Feature","geometry":{"type":"LineString","coordinates":[[10.9941783,45.4388546],[10.9942108,45.4388717],[10.9943059,45.4389215],[10.9944005,45.4389711],[10.9945027,45.4390246],[10.9945955,45.4390733],[10.9946303,45.4390915]]},"properties":{"site":"verona","name":"","highway":"footway"}},{"type":"Feature","geometry":{"type":"LineString","coordinates":[[10.9941114,45.4389278],[10.9941369,45.4389411],[10.994232,45.438991],[10.9943266,45.4390405],[10.9944288,45.4390941],[10.9945216,45.4391427],[10.9945512,45.4391583]]},"properties":{"site":"verona","name":"","highway":"footway"}},{"type":"Feature","geometry":{"type":"LineString","coordinates":[[10.9943059,45.4389215],[10.994232,45.438991],[10.9941594,45.4390592],[10.994089,45.4391253],[10.9940186,45.4391915],[10.9941132,45.439241],[10.9942154,45.4392946],[10.9942858,45.4392284],[10.9943562,45.4391623],[10.9944288,45.4390941],[10.9945027,45.4390246]]},"properties":{"site":"verona","name":"","highway":"footway"}},{"type":"Feature","geometry":{"type":"LineString","coordinates":[[10.994357,45.4392657],[10.9942858,45.4392284],[10.9941836,45.4391749],[10.994089,45.4391253],[10.9940128,45.4390854]]},"properties":{"site":"verona","name":"","highway":"footway"}},{"type":"Feature","geometry":{"type":"LineString","coordinates":[[10.9955713,45.4371367],[10.9955873,45.437149],[10.9956079,45.4371606],[10.995819,45.4372143],[10.9958328,45.4371857],[10.9963133,45.437305],[10.9966564,45.4373901],[10.9970456,45.4369225]]},"properties":{"site":"verona","name":"","highway":"footway"}},{"type":"Feature","geometry":{"type":"LineString","coordinates":[[10.9963133,45.437305],[10.9962849,45.4373549],[10.9962569,45.4374042]]},"properties":{"site":"verona","name":"","highway":"footway"}},{"type":"Feature","geometry":{"type":"LineString","coordinates":[[10.9970456,45.4369225],[10.9967494,45.4367909]]},"properties":{"site":"verona","name":"","highway":"footway"}},{"type":"Feature","geometry":{"type":"LineString","coordinates":[[10.9967494,45.4367909],[10.996742,45.436765]]},"properties":{"site":"verona","name":"","highway":"footway"}},{"type":"Feature","geometry":{"type":"LineString","coordinates":[[10.9952213,45.43726],[10.9948897,45.4374629],[10.9945838,45.4377327],[10.9948,45.4378523]]},"properties":{"site":"verona","name":"","highway":"footway"}},{"type":"Feature","geometry":{"type":"LineString","coordinates":[[10.9948,45.4378523],[10.9948004,45.4378728]]},"properties":{"site":"verona","name":"","highway":"footway"}},{"type":"Feature","geometry":{"type":"LineString","coordinates":[[10.9918498,45.4357193],[10.991917,45.4356147]]},"properties":{"site":"verona","name":"","highway":"steps"}},{"type":"Feature","geometry":{"type":"LineString","coordinates":[[10.991917,45.4356147],[10.9918787,45.4355478]]},"properties":{"site":"verona","name":"","highway":"steps"}},{"type":"Feature","geometry":{"type":"LineString","coordinates":[[10.9921766,45.4350645],[10.9918266,45.4351584],[10.9917872,45.4351784],[10.9917774,45.4352186],[10.9918078,45.4352512],[10.991848,45.4352757],[10.9919061,45.4352976],[10.991966,45.4353008],[10.992,45.4352926],[10.9920438,45.4352682],[10.9920492,45.4352412],[10.9920528,45.4352061],[10.992076,45.435149],[10.9921145,45.4351113],[10.9921766,45.4350645]]},"properties":{"site":"verona","name":"","highway":"service"}},{"type":"Feature","geometry":{"type":"LineString","coordinates":[[10.9927051,45.4349184],[10.9922771,45.4350374],[10.9921766,45.4350645]]},"properties":{"site":"verona","name":"","highway":"service"}},{"type":"Feature","geometry":{"type":"LineString","coordinates":[[10.992475,45.4353017],[10.9922771,45.4350374]]},"properties":{"site":"verona","name":"","highway":"footway"}},{"type":"Feature","geometry":{"type":"LineString","coordinates":[[11.0020747,45.4427197],[11.0020765,45.4426783],[11.0020784,45.4426134]]},"properties":{"site":"verona","name":"","highway":"footway"}},{"type":"Feature","geometry":{"type":"LineString","coordinates":[[11.0021089,45.4426093],[11.0021888,45.4426111],[11.0022618,45.4426115]]},"properties":{"site":"verona","name":"","highway":"footway"}},{"type":"Feature","geometry":{"type":"LineString","coordinates":[[10.994449,45.4392109],[10.994357,45.4392657]]},"properties":{"site":"verona","name":"","highway":"footway"}},{"type":"Feature","geometry":{"type":"LineString","coordinates":[[10.9940128,45.4390854],[10.9940314,45.4390357],[10.9940643,45.4390093]]},"properties":{"site":"verona","name":"","highway":"footway"}},{"type":"Feature","geometry":{"type":"LineString","coordinates":[[10.9945955,45.4390733],[10.9945216,45.4391427],[10.994449,45.4392109],[10.9943562,45.4391623],[10.994254,45.4391087]]},"properties":{"site":"verona","name":"","highway":"footway"}},{"type":"Feature","geometry":{"type":"LineString","coordinates":[[10.9940244,45.4393245],[10.9941132,45.439241],[10.9941836,45.4391749],[10.994254,45.4391087],[10.9943266,45.4390405],[10.9944005,45.4389711]]},"properties":{"site":"verona","name":"","highway":"footway"}},{"type":"Feature","geometry":{"type":"LineString","coordinates":[[11.0007346,45.4416726],[11.0006607,45.4416718]]},"properties":{"site":"verona","name":"","highway":"steps"}},{"type":"Feature","geometry":{"type":"LineString","coordinates":[[11.0007075,45.442542],[11.0007336,45.4426052],[11.0007636,45.4426781],[11.000778,45.4427129]]},"properties":{"site":"verona","name":"","highway":"footway"}},{"type":"Feature","geometry":{"type":"LineString","coordinates":[[11.0009384,45.4425978],[11.000939,45.4425416]]},"properties":{"site":"verona","name":"","highway":"footway"}},{"type":"Feature","geometry":{"type":"LineString","coordinates":[[11.0007024,45.4427063],[11.000778,45.4427129]]},"properties":{"site":"verona","name":"","highway":"footway"}},{"type":"Feature","geometry":{"type":"LineString","coordinates":[[11.0009277,45.4427152],[11.0009361,45.4427037]]},"properties":{"site":"verona","name":"","highway":"footway"}},{"type":"Feature","geometry":{"type":"LineString","coordinates":[[11.0007075,45.442542],[11.0007346,45.4416726],[11.0008248,45.4402734],[11.0008721,45.4396712]]},"properties":{"site":"verona","name":"","highway":"footway"}},{"type":"Feature","geometry":{"type":"LineString","coordinates":[[11.0025112,45.4425969],[11.0026164,45.4425525],[11.0026863,45.4425212]]},"properties":{"site":"verona","name":"","highway":"footway"}},{"type":"Feature","geometry":{"type":"LineString","coordinates":[[11.0026863,45.4425212],[11.0027409,45.442585],[11.0027754,45.442624]]},"properties":{"site":"verona","name":"","highway":"footway"}},{"type":"Feature","geometry":{"type":"LineString","coordinates":[[11.0027185,45.4426609],[11.0026922,45.4426771],[11.0026361,45.4427115]]},"properties":{"site":"verona","name":"","highway":"footway"}},{"type":"Feature","geometry":{"type":"LineString","coordinates":[[11.0027754,45.442624],[11.0027472,45.4426435],[11.0027185,45.4426609]]},"properties":{"site":"verona","name":"","highway":"footway"}},{"type":"Feature","geometry":{"type":"LineString","coordinates":[[11.0037643,45.4420825],[11.003752,45.4420596],[11.0037357,45.4420284]]},"properties":{"site":"verona","name":"","highway":"footway"}},{"type":"Feature","geometry":{"type":"LineString","coordinates":[[11.0037357,45.4420284],[11.0037131,45.4419921],[11.0035484,45.4417264],[11.003206,45.4411745],[11.0027664,45.4404585],[11.0024734,45.4399812],[11.0024373,45.4399294],[11.0024075,45.4398926],[11.0023942,45.439881],[11.0023706,45.4398751],[11.0023488,45.4398742],[11.0023306,45.439881],[11.0023043,45.4398995],[11.0022794,45.4401055],[11.0022625,45.440575]]},"properties":{"site":"verona","name":"","highway":"footway"}},{"type":"Feature","geometry":{"type":"LineString","coordinates":[[11.0037131,45.4419921],[11.0037841,45.4419699],[11.0038562,45.4419474]]},"properties":{"site":"verona","name":"","highway":"footway"}},{"type":"Feature","geometry":{"type":"LineString","coordinates":[[11.0039436,45.4420246],[11.0039291,45.4419993],[11.0039117,45.4419689]]},"properties":{"site":"verona","name":"","highway":"footway"}},{"type":"Feature","geometry":{"type":"LineString","coordinates":[[11.0039117,45.4419689],[11.0038744,45.4419804],[11.0038562,45.4419474]]},"properties":{"site":"verona","name":"","highway":"footway"}},{"type":"Feature","geometry":{"type":"LineString","coordinates":[[11.0023322,45.442429],[11.0022665,45.4424727],[11.0022618,45.4426115]]},"properties":{"site":"verona","name":"","highway":"footway"}},{"type":"Feature","geometry":{"type":"LineString","coordinates":[[11.0020784,45.4426134],[11.0009384,45.4425978]]},"properties":{"site":"verona","name":"","highway":"footway"}},{"type":"Feature","geometry":{"type":"LineString","coordinates":[[11.0009361,45.4427037],[11.0020747,45.4427197]]},"properties":{"site":"verona","name":"","highway":"footway"}},{"type":"Feature","geometry":{"type":"LineString","coordinates":[[10.9915578,45.4384131],[10.9910667,45.4385288]]},"properties":{"site":"verona","name":"Via Roma","highway":"pedestrian"}},{"type":"Feature","geometry":{"type":"LineString","coordinates":[[10.9860606,45.4388696],[10.986021,45.4388438],[10.9862701,45.4385455]]},"properties":{"site":"verona","name":"","highway":"footway"}},{"type":"Feature","geometry":{"type":"LineString","coordinates":[[10.98636,45.4386222],[10.9862658,45.4387186],[10.9860529,45.4389635],[10.9859658,45.438926]]},"properties":{"site":"verona","name":"","highway":"footway"}},{"type":"Feature","geometry":{"type":"LineString","coordinates":[[10.9864936,45.4394063],[10.9865296,45.4394114],[10.9868646,45.4390244]]},"properties":{"site":"verona","name":"","highway":"footway"}},{"type":"Feature","geometry":{"type":"LineString","coordinates":[[10.9868646,45.4390244],[10.9868101,45.438981],[10.98636,45.4386222]]},"properties":{"site":"verona","name":"","highway":"footway"}},{"type":"Feature","geometry":{"type":"LineString","coordinates":[[10.9862701,45.4385455],[10.986319,45.4385881],[10.98636,45.4386222]]},"properties":{"site":"verona","name":"","highway":"footway"}},{"type":"Feature","geometry":{"type":"LineString","coordinates":[[10.985804,45.4393081],[10.9857702,45.4393745]]},"properties":{"site":"verona","name":"","highway":"footway"}},{"type":"Feature","geometry":{"type":"LineString","coordinates":[[10.9857702,45.4393745],[10.9864093,45.4394825],[10.9863879,45.4394994],[10.9860951,45.4397311],[10.9859633,45.4397634],[10.9855506,45.4397754],[10.9855161,45.4397713]]},"properties":{"site":"verona","name":"","highway":"footway"}},{"type":"Feature","geometry":{"type":"LineString","coordinates":[[10.9856521,45.4392821],[10.9856218,45.439349]]},"properties":{"site":"verona","name":"","highway":"footway"}},{"type":"Feature","geometry":{"type":"LineString","coordinates":[[10.9863478,45.4384537],[10.9863028,45.4385069],[10.9862701,45.4385455]]},"properties":{"site":"verona","name":"","highway":"footway"}},{"type":"Feature","geometry":{"type":"LineString","coordinates":[[10.9864549,45.4385283],[10.9864049,45.4385777],[10.98636,45.4386222]]},"properties":{"site":"verona","name":"","highway":"footway"}},{"type":"Feature","geometry":{"type":"LineString","coordinates":[[11.0023891,45.4391518],[11.002263,45.4391899]]},"properties":{"site":"verona","name":"","highway":"footway"}},{"type":"Feature","geometry":{"type":"LineString","coordinates":[[11.004271,45.4372672],[11.0042056,45.4372594],[11.0041503,45.4372405]]},"properties":{"site":"verona","name":"","highway":"footway"}},{"type":"Feature","geometry":{"type":"LineString","coordinates":[[11.0008197,45.4390689],[11.000724,45.4390756]]},"properties":{"site":"verona","name":"","highway":"footway"}},{"type":"Feature","geometry":{"type":"LineString","coordinates":[[11.0006437,45.4390879],[11.0005443,45.4390967]]},"properties":{"site":"verona","name":"","highway":"path"}},{"type":"Feature","geometry":{"type":"LineString","coordinates":[[11.002373,45.4390923],[11.0023796,45.439114],[11.0023891,45.4391518]]},"properties":{"site":"verona","name":"","highway":"footway"}},{"type":"Feature","geometry":{"type":"LineString","coordinates":[[11.0041244,45.4373056],[11.0041127,45.4372729]]},"properties":{"site":"verona","name":"","highway":"footway"}},{"type":"Feature","geometry":{"type":"LineString","coordinates":[[10.9877521,45.434623],[10.9877489,45.4345832],[10.9877408,45.4345629]]},"properties":{"site":"verona","name":"","highway":"footway"}},{"type":"Feature","geometry":{"type":"LineString","coordinates":[[10.9891441,45.43123],[10.988819,45.4314303],[10.9887814,45.4314613]]},"properties":{"site":"verona","name":"","highway":"footway"}},{"type":"Feature","geometry":{"type":"LineString","coordinates":[[10.9924597,45.4306294],[10.9923826,45.4306469],[10.9921926,45.4306992]]},"properties":{"site":"verona","name":"","highway":"footway"}},{"type":"Feature","geometry":{"type":"LineString","coordinates":[[10.9921926,45.4306992],[10.9919727,45.4307606],[10.9919264,45.4307964],[10.9918872,45.4308393]]},"properties":{"site":"verona","name":"","highway":"footway"}},{"type":"Feature","geometry":{"type":"LineString","coordinates":[[10.9940932,45.4306127],[10.9940841,45.4305993],[10.9935036,45.4305668]]},"properties":{"site":"verona","name":"","highway":"footway"}},{"type":"Feature","geometry":{"type":"LineString","coordinates":[[10.9958359,45.4323066],[10.9955463,45.4318812]]},"properties":{"site":"verona","name":"","highway":"footway"}},{"type":"Feature","geometry":{"type":"LineString","coordinates":[[10.9955463,45.4318812],[10.9967857,45.431437],[10.996787,45.4314132]]},"properties":{"site":"verona","name":"","highway":"footway"}},{"type":"Feature","geometry":{"type":"LineString","coordinates":[[10.9955145,45.4318359],[10.9950655,45.4312083]]},"properties":{"site":"verona","name":"","highway":"footway"}},{"type":"Feature","geometry":{"type":"LineString","coordinates":[[10.9950655,45.4312083],[10.9959103,45.4308935]]},"properties":{"site":"verona","name":"","highway":"footway"}},{"type":"Feature","geometry":{"type":"LineString","coordinates":[[10.9959103,45.4308935],[10.9963754,45.4315143],[10.9963837,45.4315253]]},"properties":{"site":"verona","name":"","highway":"footway"}},{"type":"Feature","geometry":{"type":"LineString","coordinates":[[10.9958667,45.432348],[10.9970596,45.4318596],[10.9970707,45.431837]]},"properties":{"site":"verona","name":"","highway":"footway"}},{"type":"Feature","geometry":{"type":"LineString","coordinates":[[10.9960591,45.432656],[10.9958667,45.432348]]},"properties":{"site":"verona","name":"","highway":"footway"}},{"type":"Feature","geometry":{"type":"LineString","coordinates":[[10.9974264,45.4326491],[10.9972383,45.4327031]]},"properties":{"site":"verona","name":"","highway":"service"}},{"type":"Feature","geometry":{"type":"LineString","coordinates":[[10.9976109,45.4325962],[10.9974264,45.4326491]]},"properties":{"site":"verona","name":"","highway":"service"}},{"type":"Feature","geometry":{"type":"LineString","coordinates":[[10.9907421,45.4317572],[10.9907586,45.4317886],[10.9907721,45.4318144],[10.9909517,45.4321542]]},"properties":{"site":"verona","name":"","highway":"footway"}},{"type":"Feature","geometry":{"type":"LineString","coordinates":[[11.0002808,45.4382511],[11.0002427,45.4382588],[11.0002056,45.4382663]]},"properties":{"site":"verona","name":"","highway":"footway"}},{"type":"Feature","geometry":{"type":"LineString","coordinates":[[10.9929088,45.4417922],[10.9929685,45.4417472],[10.9930252,45.4417044],[10.9930459,45.4416888]]},"properties":{"site":"verona","name":"","highway":"footway"}},{"type":"Feature","geometry":{"type":"LineString","coordinates":[[11.0018358,45.4355701],[11.0017425,45.4355757],[11.001711,45.4355685],[11.0016829,45.4355479],[11.0016735,45.4354971]]},"properties":{"site":"verona","name":"","highway":"footway"}},{"type":"Feature","geometry":{"type":"LineString","coordinates":[[11.0016735,45.4354971],[11.0015394,45.4354086]]},"properties":{"site":"verona","name":"","highway":"footway"}},{"type":"Feature","geometry":{"type":"LineString","coordinates":[[11.0018358,45.4355701],[11.0018433,45.4356254],[11.0018535,45.4357015]]},"properties":{"site":"verona","name":"","highway":"footway"}},{"type":"Feature","geometry":{"type":"LineString","coordinates":[[11.0029148,45.4342505],[11.0030179,45.434226],[11.003092,45.4342084]]},"properties":{"site":"verona","name":"","highway":"footway"}},{"type":"Feature","geometry":{"type":"LineString","coordinates":[[11.0032082,45.4346402],[11.0032564,45.434602],[11.0032848,45.4345795]]},"properties":{"site":"verona","name":"","highway":"footway"}},{"type":"Feature","geometry":{"type":"LineString","coordinates":[[11.0040485,45.4354263],[11.0040486,45.4354572],[11.0040488,45.4355081]]},"properties":{"site":"verona","name":"","highway":"footway"}},{"type":"Feature","geometry":{"type":"LineString","coordinates":[[10.9935331,45.4308166],[10.9935664,45.4308732],[10.993601,45.4309323]]},"properties":{"site":"verona","name":"","highway":"service"}},{"type":"Feature","geometry":{"type":"LineString","coordinates":[[11.0034385,45.4342206],[11.0034698,45.4342129],[11.0035083,45.4342034]]},"properties":{"site":"verona","name":"","highway":"steps"}},{"type":"Feature","geometry":{"type":"LineString","coordinates":[[11.0033858,45.4342336],[11.0034385,45.4342206]]},"properties":{"site":"verona","name":"","highway":"footway"}},{"type":"Feature","geometry":{"type":"LineString","coordinates":[[10.991484,45.4376689],[10.9914823,45.4376644]]},"properties":{"site":"verona","name":"","highway":"footway"}},{"type":"Feature","geometry":{"type":"LineString","coordinates":[[10.9914261,45.4376839],[10.991484,45.4376689]]},"properties":{"site":"verona","name":"","highway":"footway"}},{"type":"Feature","geometry":{"type":"LineString","coordinates":[[10.9886834,45.4466836],[10.9887095,45.4466338],[10.9891136,45.4458618],[10.9891199,45.4458637]]},"properties":{"site":"verona","name":"","highway":"footway"}},{"type":"Feature","geometry":{"type":"LineString","coordinates":[[10.9870883,45.4440974],[10.9870847,45.4440512],[10.9870828,45.4440269]]},"properties":{"site":"verona","name":"","highway":"footway"}},{"type":"Feature","geometry":{"type":"LineString","coordinates":[[10.988079,45.4436467],[10.988034,45.443012]]},"properties":{"site":"verona","name":"","highway":"service"}},{"type":"Feature","geometry":{"type":"LineString","coordinates":[[10.990245,45.449877],[10.9903159,45.4499291],[10.9903398,45.4499467],[10.9903814,45.4499773]]},"properties":{"site":"verona","name":"","highway":"footway"}},{"type":"Feature","geometry":{"type":"LineString","coordinates":[[10.9940543,45.4494681],[10.9940667,45.4494564],[10.9940919,45.4494328],[10.9941568,45.4493979],[10.9943081,45.4493894]]},"properties":{"site":"verona","name":"","highway":"footway"}},{"type":"Feature","geometry":{"type":"LineString","coordinates":[[10.9943223,45.4493374],[10.9943081,45.4493894],[10.9943142,45.4494371],[10.9943192,45.4495033],[10.9943101,45.4495168],[10.9942928,45.4495289],[10.9942695,45.4495311],[10.9942431,45.4495261],[10.9940667,45.4494564],[10.9940411,45.4494463],[10.9940137,45.4494292],[10.9940005,45.4494029],[10.9939914,45.4493787],[10.9939965,45.4493616],[10.9940147,45.4493345],[10.9943233,45.4492028],[10.9943548,45.4491943],[10.994373,45.4492014],[10.9943811,45.4492121],[10.9943832,45.4492299],[10.9943548,45.4492647],[10.9943223,45.4493374]]},"properties":{"site":"verona","name":"","highway":"footway"}},{"type":"Feature","geometry":{"type":"LineString","coordinates":[[10.9949667,45.4491087],[10.9948546,45.4490997],[10.9947786,45.4491034],[10.9946627,45.449123],[10.9945386,45.4491652],[10.9945032,45.4491979],[10.9944618,45.4492502],[10.9944227,45.4493737],[10.9944144,45.449418],[10.9944265,45.4495162],[10.9944603,45.4495584],[10.9945243,45.4496207],[10.9945793,45.4496428],[10.9946718,45.4496845],[10.9966066,45.4503828],[10.9966723,45.450405],[10.9966881,45.450406],[10.9966994,45.4503834],[10.9967034,45.4503641],[10.9967272,45.4502503],[10.9968054,45.4499062],[10.9968039,45.4498455],[10.9968645,45.4496292],[10.9968852,45.4495552]]},"properties":{"site":"verona","name":"","highway":"footway"}},{"type":"Feature","geometry":{"type":"LineString","coordinates":[[10.9968852,45.4495552],[10.9968957,45.4494787],[10.9968807,45.449428],[10.9968513,45.4493731],[10.9968047,45.4493219],[10.9967535,45.4493098],[10.9964725,45.4492895],[10.9959327,45.4492385],[10.9958951,45.4492269],[10.9957708,45.4492159],[10.9956987,45.4492095]]},"properties":{"site":"verona","name":"","highway":"footway"}},{"type":"Feature","geometry":{"type":"LineString","coordinates":[[10.9957708,45.4492159],[10.9957801,45.4491527],[10.9957868,45.4491076]]},"properties":{"site":"verona","name":"","highway":"footway"}},{"type":"Feature","geometry":{"type":"LineString","coordinates":[[10.9980359,45.4429769],[10.9978405,45.4429121]]},"properties":{"site":"verona","name":"","highway":"pedestrian"}},{"type":"Feature","geometry":{"type":"LineString","coordinates":[[10.9982768,45.4429119],[10.9982978,45.4429186],[10.9984481,45.4429736]]},"properties":{"site":"verona","name":"","highway":"pedestrian"}},{"type":"Feature","geometry":{"type":"LineString","coordinates":[[11.0004953,45.4489204],[11.0007487,45.4488995],[11.0007359,45.4487983],[11.0007218,45.4486866],[11.0004801,45.4486727],[11.0004844,45.4487997],[11.000486,45.448806],[11.0004953,45.4489204]]},"properties":{"site":"verona","name":"","highway":"pedestrian"}},{"type":"Feature","geometry":{"type":"LineString","coordinates":[[11.0004718,45.4488],[11.0004844,45.4487997],[11.0005077,45.4487992],[11.0007154,45.4487987],[11.0007359,45.4487983],[11.0007573,45.4487978]]},"properties":{"site":"verona","name":"","highway":"footway"}},{"type":"Feature","geometry":{"type":"LineString","coordinates":[[10.9948262,45.4465123],[10.9949309,45.4464293],[10.994981,45.4464623]]},"properties":{"site":"verona","name":"","highway":"footway"}},{"type":"Feature","geometry":{"type":"LineString","coordinates":[[10.9947068,45.4464351],[10.9947618,45.4464706],[10.9948262,45.4465123]]},"properties":{"site":"verona","name":"","highway":"footway"}},{"type":"Feature","geometry":{"type":"LineString","coordinates":[[10.994514,45.4464973],[10.9945556,45.4464705],[10.9945982,45.4464419]]},"properties":{"site":"verona","name":"","highway":"footway"}},{"type":"Feature","geometry":{"type":"LineString","coordinates":[[10.9947239,45.4465954],[10.9948262,45.4465123]]},"properties":{"site":"verona","name":"","highway":"footway"}},{"type":"Feature","geometry":{"type":"LineString","coordinates":[[10.9946945,45.4466187],[10.9947239,45.4465954]]},"properties":{"site":"verona","name":"","highway":"footway"}},{"type":"Feature","geometry":{"type":"LineString","coordinates":[[10.9881776,45.4321343],[10.9881945,45.4321656],[10.9882246,45.4322209]]},"properties":{"site":"verona","name":"","highway":"footway"}},{"type":"Feature","geometry":{"type":"LineString","coordinates":[[10.9880917,45.4318173],[10.9880159,45.4318366]]},"properties":{"site":"verona","name":"","highway":"footway"}},{"type":"Feature","geometry":{"type":"LineString","coordinates":[[10.9885608,45.4317334],[10.9885208,45.4317526]]},"properties":{"site":"verona","name":"","highway":"footway"}},{"type":"Feature","geometry":{"type":"LineString","coordinates":[[10.9899525,45.435402],[10.9902429,45.4359366],[10.9906878,45.4367556]]},"properties":{"site":"verona","name":"","highway":"footway"}},{"type":"Feature","geometry":{"type":"LineString","coordinates":[[10.9898859,45.4352794],[10.9899209,45.4353439],[10.9899525,45.435402]]},"properties":{"site":"verona","name":"","highway":"footway"}},{"type":"Feature","geometry":{"type":"LineString","coordinates":[[10.9916398,45.4380581],[10.9914835,45.4377943],[10.9914261,45.4376839],[10.991279,45.437401],[10.9913291,45.4373816],[10.9913488,45.4373151],[10.9913576,45.4372739],[10.9911801,45.4368903],[10.9911391,45.4367964]]},"properties":{"site":"verona","name":"","highway":"footway"}},{"type":"Feature","geometry":{"type":"LineString","coordinates":[[10.9928396,45.4379131],[10.992926,45.4379955],[10.9929818,45.4380471],[10.9930197,45.4380786]]},"properties":{"site":"verona","name":"","highway":"footway"}},{"type":"Feature","geometry":{"type":"LineString","coordinates":[[10.9914048,45.4381363],[10.991505,45.4383471]]},"properties":{"site":"verona","name":"","highway":"footway"}},{"type":"Feature","geometry":{"type":"LineString","coordinates":[[10.991505,45.4383471],[10.9915578,45.4384131],[10.9915932,45.4384571]]},"properties":{"site":"verona","name":"","highway":"footway"}},{"type":"Feature","geometry":{"type":"LineString","coordinates":[[10.991505,45.4383471],[10.9915467,45.4383319],[10.9916159,45.4383077],[10.9917294,45.4382709]]},"properties":{"site":"verona","name":"","highway":"footway"}},{"type":"Feature","geometry":{"type":"LineString","coordinates":[[10.9940261,45.4375177],[10.9940035,45.437477],[10.9939594,45.4373978]]},"properties":{"site":"verona","name":"","highway":"footway"}},{"type":"Feature","geometry":{"type":"LineString","coordinates":[[10.9940577,45.4373677],[10.9939972,45.4372013],[10.9939843,45.437167],[10.9939319,45.4370275],[10.9938756,45.4369372],[10.9938409,45.436926]]},"properties":{"site":"verona","name":"","highway":"footway"}},{"type":"Feature","geometry":{"type":"LineString","coordinates":[[10.9938287,45.4369557],[10.9939171,45.4371493]]},"properties":{"site":"verona","name":"","highway":"footway"}},{"type":"Feature","geometry":{"type":"LineString","coordinates":[[10.9939171,45.4371493],[10.9939345,45.4371813]]},"properties":{"site":"verona","name":"","highway":"footway"}},{"type":"Feature","geometry":{"type":"LineString","coordinates":[[10.9938409,45.436926],[10.9938287,45.4369557]]},"properties":{"site":"verona","name":"","highway":"footway"}},{"type":"Feature","geometry":{"type":"LineString","coordinates":[[10.9939319,45.4370275],[10.9940001,45.4369992],[10.9940562,45.4369759]]},"properties":{"site":"verona","name":"","highway":"footway"}},{"type":"Feature","geometry":{"type":"LineString","coordinates":[[10.9998329,45.4460932],[10.9999,45.4462416],[11.0000211,45.4462841],[11.0001027,45.4463127],[11.0001246,45.4463146],[11.0001629,45.4463041],[11.0002245,45.4462714],[11.0002407,45.4462586],[11.0002766,45.4462301],[11.0003478,45.4461196],[11.0004697,45.4458641],[11.0005778,45.4455518],[11.0006092,45.4455284]]},"properties":{"site":"verona","name":"","highway":"footway"}},{"type":"Feature","geometry":{"type":"LineString","coordinates":[[10.9999725,45.4465403],[11.000005,45.4465087],[11.000028,45.4464863],[11.0000617,45.4464645],[11.0001028,45.4464428],[11.0001686,45.4464272],[11.0002537,45.446428],[11.0003368,45.4464588],[11.0003794,45.4464866],[11.0003967,45.446525],[11.0004075,45.4465716]]},"properties":{"site":"verona","name":"Piazzetta Brà Molinari","highway":"pedestrian"}},{"type":"Feature","geometry":{"type":"LineString","coordinates":[[11.0002537,45.446428],[11.00035,45.4464438],[11.0004098,45.4464268],[11.0004576,45.4463912],[11.0004973,45.4463521]]},"properties":{"site":"verona","name":"Piazzetta Brà Molinari","highway":"pedestrian"}},{"type":"Feature","geometry":{"type":"LineString","coordinates":[[11.0001246,45.4463146],[11.0001399,45.4463566],[11.000159,45.4464035]]},"properties":{"site":"verona","name":"","highway":"footway"}},{"type":"Feature","geometry":{"type":"LineString","coordinates":[[11.0003478,45.4461196],[11.0003853,45.4461294],[11.0004311,45.4461416]]},"properties":{"site":"verona","name":"","highway":"footway"}},{"type":"Feature","geometry":{"type":"LineString","coordinates":[[11.0004311,45.4461416],[11.000571,45.4461801]]},"properties":{"site":"verona","name":"Piazzetta Brà Molinari","highway":"pedestrian"}},{"type":"Feature","geometry":{"type":"LineString","coordinates":[[11.000159,45.4464035],[11.0001686,45.4464272]]},"properties":{"site":"verona","name":"Piazzetta Brà Molinari","highway":"pedestrian"}},{"type":"Feature","geometry":{"type":"LineString","coordinates":[[11.0003958,45.4466],[11.000028,45.4464863]]},"properties":{"site":"verona","name":"Piazzetta Brà Molinari","highway":"pedestrian"}},{"type":"Feature","geometry":{"type":"LineString","coordinates":[[10.9997834,45.4429568],[10.9997565,45.4429465],[10.9997264,45.4429238],[10.9997031,45.4428847]]},"properties":{"site":"verona","name":"","highway":"footway"}},{"type":"Feature","geometry":{"type":"LineString","coordinates":[[11.000216,45.4425261],[11.0002006,45.4425303],[11.0001957,45.4425315],[11.0001843,45.4425412]]},"properties":{"site":"verona","name":"","highway":"footway"}},{"type":"Feature","geometry":{"type":"LineString","coordinates":[[11.0001957,45.4425315],[11.0001812,45.4425237]]},"properties":{"site":"verona","name":"","highway":"footway"}},{"type":"Feature","geometry":{"type":"LineString","coordinates":[[11.0001812,45.4425237],[11.0001323,45.4424977]]},"properties":{"site":"verona","name":"","highway":"steps"}},{"type":"Feature","geometry":{"type":"LineString","coordinates":[[11.0001323,45.4424977],[11.0001225,45.442494],[11.0000927,45.4424922],[11.0000684,45.4425013],[11.0000517,45.4425184]]},"properties":{"site":"verona","name":"","highway":"footway"}},{"type":"Feature","geometry":{"type":"LineString","coordinates":[[10.9998435,45.4427938],[10.9998143,45.4428267],[10.9997437,45.4428661],[10.9997031,45.4428847],[10.999628,45.4428985],[10.9995809,45.4428968]]},"properties":{"site":"verona","name":"","highway":"footway"}},{"type":"Feature","geometry":{"type":"LineString","coordinates":[[10.9992481,45.4431186],[10.9992853,45.4430853],[10.9994126,45.4429647]]},"properties":{"site":"verona","name":"","highway":"footway"}},{"type":"Feature","geometry":{"type":"LineString","coordinates":[[10.9994295,45.4428302],[10.9993369,45.442927],[10.9994126,45.4429647],[10.9994865,45.4429997],[10.9995761,45.4429036]]},"properties":{"site":"verona","name":"","highway":"footway"}},{"type":"Feature","geometry":{"type":"LineString","coordinates":[[10.9990814,45.4430327],[10.9993485,45.4427805],[10.999381,45.4427449]]},"properties":{"site":"verona","name":"","highway":"footway"}},{"type":"Feature","geometry":{"type":"LineString","coordinates":[[10.9883204,45.4424471],[10.9883208,45.4424553]]},"properties":{"site":"verona","name":"","highway":"footway"}},{"type":"Feature","geometry":{"type":"LineString","coordinates":[[11.0006467,45.44541],[11.0006339,45.4450604],[11.0006211,45.4449318]]},"properties":{"site":"verona","name":"","highway":"footway"}},{"type":"Feature","geometry":{"type":"LineString","coordinates":[[11.0006527,45.4455002],[11.0006467,45.44541]]},"properties":{"site":"verona","name":"","highway":"footway"}},{"type":"Feature","geometry":{"type":"LineString","coordinates":[[11.0006526,45.4455286],[11.0006527,45.4455002]]},"properties":{"site":"verona","name":"","highway":"footway"}},{"type":"Feature","geometry":{"type":"LineString","coordinates":[[11.0004854,45.4449191],[11.0004219,45.4444516]]},"properties":{"site":"verona","name":"","highway":"footway"}},{"type":"Feature","geometry":{"type":"LineString","coordinates":[[11.0004555,45.4436259],[11.0004472,45.4434326]]},"properties":{"site":"verona","name":"","highway":"footway"}},{"type":"Feature","geometry":{"type":"LineString","coordinates":[[11.0004171,45.4444137],[11.0004569,45.4437543],[11.0004555,45.4436259]]},"properties":{"site":"verona","name":"","highway":"footway"}},{"type":"Feature","geometry":{"type":"LineString","coordinates":[[11.0004219,45.4444516],[11.0004193,45.4444312],[11.0004171,45.4444137]]},"properties":{"site":"verona","name":"","highway":"footway"}},{"type":"Feature","geometry":{"type":"LineString","coordinates":[[11.000502,45.4451292],[11.0004863,45.4449295],[11.0004854,45.4449191]]},"properties":{"site":"verona","name":"","highway":"footway"}},{"type":"Feature","geometry":{"type":"LineString","coordinates":[[11.0005043,45.4452185],[11.0005027,45.4451897]]},"properties":{"site":"verona","name":"","highway":"footway"}},{"type":"Feature","geometry":{"type":"LineString","coordinates":[[11.0005027,45.4451897],[11.000502,45.4451292]]},"properties":{"site":"verona","name":"","highway":"footway"}},{"type":"Feature","geometry":{"type":"LineString","coordinates":[[10.9989013,45.4475408],[10.9986768,45.4474225]]},"properties":{"site":"verona","name":"","highway":"service"}},{"type":"Feature","geometry":{"type":"LineString","coordinates":[[10.9987803,45.4475902],[10.9986009,45.4474988]]},"properties":{"site":"verona","name":"","highway":"service"}},{"type":"Feature","geometry":{"type":"LineString","coordinates":[[10.9891453,45.4440826],[10.9890961,45.4440701],[10.988972,45.4440386],[10.988955,45.4440342],[10.9889813,45.4440232],[10.9891793,45.4439401],[10.9897844,45.4436948]]},"properties":{"site":"verona","name":"","highway":"footway"}},{"type":"Feature","geometry":{"type":"LineString","coordinates":[[10.9897844,45.4436948],[10.9899138,45.4436422]]},"properties":{"site":"verona","name":"","highway":"footway"}},{"type":"Feature","geometry":{"type":"LineString","coordinates":[[10.9899138,45.4436422],[10.9899425,45.4436306]]},"properties":{"site":"verona","name":"","highway":"footway"}},{"type":"Feature","geometry":{"type":"LineString","coordinates":[[10.9891793,45.4439401],[10.9890961,45.4440701]]},"properties":{"site":"verona","name":"","highway":"footway"}},{"type":"Feature","geometry":{"type":"LineString","coordinates":[[10.9889813,45.4440232],[10.9889324,45.4439659],[10.9888874,45.4439132]]},"properties":{"site":"verona","name":"","highway":"footway"}},{"type":"Feature","geometry":{"type":"LineString","coordinates":[[10.988919,45.4440881],[10.9889607,45.4440491],[10.988972,45.4440386]]},"properties":{"site":"verona","name":"","highway":"footway"}},{"type":"Feature","geometry":{"type":"LineString","coordinates":[[10.9984345,45.443441],[10.998413,45.4434623]]},"properties":{"site":"verona","name":"Piazza dei Signori","highway":"pedestrian"}},{"type":"Feature","geometry":{"type":"LineString","coordinates":[[10.998574,45.4433041],[10.9987887,45.4430733],[10.9988068,45.4430539]]},"properties":{"site":"verona","name":"","highway":"pedestrian"}},{"type":"Feature","geometry":{"type":"LineString","coordinates":[[10.998725,45.4430416],[10.9987887,45.4430733],[10.998885,45.4431212],[10.9989559,45.4431565],[10.9990247,45.4431907],[10.9990431,45.4431725]]},"properties":{"site":"verona","name":"","highway":"pedestrian"}},{"type":"Feature","geometry":{"type":"LineString","coordinates":[[10.9989032,45.4431022],[10.998885,45.4431212]]},"properties":{"site":"verona","name":"","highway":"pedestrian"}},{"type":"Feature","geometry":{"type":"LineString","coordinates":[[10.998973,45.4431387],[10.9989559,45.4431565]]},"properties":{"site":"verona","name":"","highway":"pedestrian"}},{"type":"Feature","geometry":{"type":"LineString","coordinates":[[10.9990247,45.4431907],[10.998574,45.4433041]]},"properties":{"site":"verona","name":"","highway":"pedestrian"}},{"type":"Feature","geometry":{"type":"LineString","coordinates":[[10.9988795,45.4433432],[10.9990247,45.4431907]]},"properties":{"site":"verona","name":"","highway":"pedestrian"}},{"type":"Feature","geometry":{"type":"LineString","coordinates":[[10.9979692,45.4427462],[10.9978741,45.4428688]]},"properties":{"site":"verona","name":"","highway":"pedestrian"}},{"type":"Feature","geometry":{"type":"LineString","coordinates":[[10.9978405,45.4429121],[10.9978302,45.4429088]]},"properties":{"site":"verona","name":"Volto Mercato Vecchio","highway":"pedestrian"}},{"type":"Feature","geometry":{"type":"LineString","coordinates":[[10.9978741,45.4428688],[10.9978405,45.4429121],[10.9977953,45.4429714]]},"properties":{"site":"verona","name":"","highway":"pedestrian"}},{"type":"Feature","geometry":{"type":"LineString","coordinates":[[10.9922582,45.4396289],[10.9922042,45.4397156]]},"properties":{"site":"verona","name":"Vicolo Listone","highway":"pedestrian"}},{"type":"Feature","geometry":{"type":"LineString","coordinates":[[10.9997639,45.4476211],[11.0004431,45.4480844]]},"properties":{"site":"verona","name":"Ponte Pietra","highway":"pedestrian"}},{"type":"Feature","geometry":{"type":"LineString","coordinates":[[10.9937724,45.4336446],[10.9958484,45.4329936],[10.9959109,45.4330009],[10.9959483,45.4330361],[10.9962097,45.4337257],[10.9965097,45.4345752],[10.9965884,45.4348706],[10.9965403,45.4350648]]},"properties":{"site":"verona","name":"","highway":"footway"}},{"type":"Feature","geometry":{"type":"LineString","coordinates":[[10.9929993,45.4341957],[10.9928846,45.434021]]},"properties":{"site":"verona","name":"","highway":"path"}},{"type":"Feature","geometry":{"type":"LineString","coordinates":[[11.00522,45.4364159],[11.0058889,45.4363558],[11.006401,45.4364182],[11.007082,45.4365012],[11.0077521,45.436489],[11.0083132,45.4364788],[11.0087421,45.436471],[11.0099112,45.4367593]]},"properties":{"site":"verona","name":"","highway":"footway"}},{"type":"Feature","geometry":{"type":"LineString","coordinates":[[11.006401,45.4364182],[11.0063839,45.4364795],[11.0063762,45.4365071]]},"properties":{"site":"verona","name":"","highway":"footway"}},{"type":"Feature","geometry":{"type":"LineString","coordinates":[[11.0077545,45.4365744],[11.0077538,45.4365473],[11.0077521,45.436489]]},"properties":{"site":"verona","name":"","highway":"footway"}},{"type":"Feature","geometry":{"type":"LineString","coordinates":[[11.0043976,45.4367723],[11.0044761,45.4367693],[11.0046489,45.4367647]]},"properties":{"site":"verona","name":"","highway":"service"}},{"type":"Feature","geometry":{"type":"LineString","coordinates":[[11.0081574,45.4373717],[11.0084356,45.437369],[11.0084334,45.4372538],[11.0081534,45.4372564]]},"properties":{"site":"verona","name":"","highway":"service"}},{"type":"Feature","geometry":{"type":"LineString","coordinates":[[11.0057956,45.4360592],[11.0057881,45.4359135],[11.0055191,45.4359203],[11.0055265,45.436066],[11.0057956,45.4360592]]},"properties":{"site":"verona","name":"","highway":"pedestrian"}},{"type":"Feature","geometry":{"type":"LineString","coordinates":[[11.006401,45.4364182],[11.0064018,45.4363949],[11.0063989,45.436303]]},"properties":{"site":"verona","name":"","highway":"footway"}},{"type":"Feature","geometry":{"type":"LineString","coordinates":[[11.0065272,45.4360238],[11.0065063,45.4357212]]},"properties":{"site":"verona","name":"","highway":"footway"}},{"type":"Feature","geometry":{"type":"LineString","coordinates":[[11.0077513,45.4364666],[11.0075068,45.4359789]]},"properties":{"site":"verona","name":"","highway":"footway"}},{"type":"Feature","geometry":{"type":"LineString","coordinates":[[11.0075626,45.4359769],[11.0075068,45.4359789],[11.0074353,45.4359815],[11.0074138,45.4359328],[11.0075279,45.4359061],[11.0075626,45.4359769]]},"properties":{"site":"verona","name":"","highway":"pedestrian"}},{"type":"Feature","geometry":{"type":"LineString","coordinates":[[11.0089324,45.4363131],[11.0089374,45.4360319],[11.0087869,45.4360306],[11.0086654,45.4360295],[11.0086633,45.4361475],[11.0086604,45.4363107],[11.0089324,45.4363131]]},"properties":{"site":"verona","name":"","highway":"pedestrian"}},{"type":"Feature","geometry":{"type":"LineString","coordinates":[[11.0083132,45.4364788],[11.0083378,45.4364555],[11.0086633,45.4361475]]},"properties":{"site":"verona","name":"","highway":"footway"}},{"type":"Feature","geometry":{"type":"LineString","coordinates":[[11.009923,45.4366871],[11.0099326,45.4358623]]},"properties":{"site":"verona","name":"","highway":"footway"}},{"type":"Feature","geometry":{"type":"LineString","coordinates":[[11.0087869,45.4360306],[11.0090989,45.4357354]]},"properties":{"site":"verona","name":"","highway":"footway"}},{"type":"Feature","geometry":{"type":"LineString","coordinates":[[11.0070405,45.4371774],[11.0070371,45.4371339],[11.0070331,45.4370837]]},"properties":{"site":"verona","name":"","highway":"footway"}},{"type":"Feature","geometry":{"type":"LineString","coordinates":[[11.0080938,45.4370282],[11.0070331,45.4370837],[11.0061338,45.4371275]]},"properties":{"site":"verona","name":"","highway":"footway"}},{"type":"Feature","geometry":{"type":"LineString","coordinates":[[11.0061338,45.4371275],[11.0061378,45.4371756],[11.006141,45.437215]]},"properties":{"site":"verona","name":"","highway":"footway"}},{"type":"Feature","geometry":{"type":"LineString","coordinates":[[10.9887797,45.4416405],[10.9887682,45.4416509],[10.9885162,45.4415151],[10.988311,45.4414044],[10.9880101,45.4412762],[10.9880134,45.4412646]]},"properties":{"site":"verona","name":"","highway":"footway"}},{"type":"Feature","geometry":{"type":"LineString","coordinates":[[10.9885162,45.4415151],[10.9885248,45.4415056],[10.9885496,45.4414786],[10.9885776,45.4414479]]},"properties":{"site":"verona","name":"","highway":"footway"}},{"type":"Feature","geometry":{"type":"LineString","coordinates":[[10.987401,45.4413971],[10.9874231,45.4412959]]},"properties":{"site":"verona","name":"","highway":"footway"}},{"type":"Feature","geometry":{"type":"LineString","coordinates":[[10.9856876,45.430008],[10.9867508,45.429809],[10.9868333,45.4297833],[10.9868864,45.4297527],[10.9869441,45.4297006],[10.9869807,45.429641],[10.986983,45.4296079],[10.9869712,45.429555],[10.9869323,45.4294689]]},"properties":{"site":"verona","name":"","highway":"footway"}},{"type":"Feature","geometry":{"type":"LineString","coordinates":[[10.9934248,45.4477893],[10.993324,45.4477234]]},"properties":{"site":"verona","name":"","highway":"footway"}},{"type":"Feature","geometry":{"type":"LineString","coordinates":[[10.9936298,45.4471964],[10.993599,45.4472123]]},"properties":{"site":"verona","name":"","highway":"footway"}},{"type":"Feature","geometry":{"type":"LineString","coordinates":[[10.9959229,45.4396248],[10.9959486,45.4396405]]},"properties":{"site":"verona","name":"","highway":"steps"}},{"type":"Feature","geometry":{"type":"LineString","coordinates":[[10.9959486,45.4396405],[10.9959948,45.4396686],[10.9960378,45.4396949]]},"properties":{"site":"verona","name":"","highway":"footway"}},{"type":"Feature","geometry":{"type":"LineString","coordinates":[[10.9868575,45.4327537],[10.986829,45.4327225],[10.9867947,45.4326849],[10.9866401,45.4325154],[10.9864373,45.4320778]]},"properties":{"site":"verona","name":"","highway":"service"}},{"type":"Feature","geometry":{"type":"LineString","coordinates":[[11.0022984,45.4448269],[11.0022895,45.444899],[11.0022818,45.4449599],[11.0023437,45.4451359],[11.0023498,45.4452654],[11.0023546,45.4453696],[11.0023128,45.4455522],[11.0022753,45.4457052],[11.0022678,45.4457359],[11.0022214,45.4458826],[11.0021641,45.4459217],[11.0021486,45.4459521],[11.0021687,45.4459739],[11.0022146,45.4459868],[11.0023239,45.4460174]]},"properties":{"site":"verona","name":"","highway":"footway"}},{"type":"Feature","geometry":{"type":"LineString","coordinates":[[11.0022214,45.4458826],[11.0022508,45.4459108],[11.0022477,45.4459576],[11.0022146,45.4459868]]},"properties":{"site":"verona","name":"","highway":"footway"}},{"type":"Feature","geometry":{"type":"LineString","coordinates":[[11.0028782,45.4455205],[11.0027942,45.4454737],[11.002757,45.4454538],[11.0025916,45.4453653],[11.0023498,45.4452654]]},"properties":{"site":"verona","name":"","highway":"footway"}},{"type":"Feature","geometry":{"type":"LineString","coordinates":[[11.002757,45.4454538],[11.0024115,45.4457657],[11.0022508,45.4459108]]},"properties":{"site":"verona","name":"","highway":"footway"}},{"type":"Feature","geometry":{"type":"LineString","coordinates":[[11.0022753,45.4457052],[11.0024115,45.4457657]]},"properties":{"site":"verona","name":"","highway":"footway"}}]}